2026-06-11 11:28:02,663 INFO src.data.catalog: Loading existing catalog from /root/autodl-tmp/em_eqf/data/CB_HAB1a/catalogs/fc3ad6ee.
2026-06-11 11:28:02,698 INFO src.data.preparation_modules.tpp: Number of training events: 5495
2026-06-11 11:28:02,699 INFO src.data.preparation_modules.tpp: Number of validation events: 734
2026-06-11 11:28:02,699 INFO src.data.preparation_modules.tpp: Number of test events: 472
2026-06-11 11:28:02,699 INFO src.cli.workflows: No resume path provided. Training will start from scratch.
2026-06-11 11:28:03,086 INFO src.train.config_setup: No checkpoint restore requested; initializing model from scratch.
2026-06-11 11:28:03,086 INFO src.train.config_setup: Freeze skipped (fresh_init): freeze_parts is empty.
2026-06-11 11:28:03,087 INFO src.train.trainer: Epoch 1
2026-06-11 11:28:03,702 INFO src.train.trainer: New best validation loss: -2.4081, saved to checkpoints/etas_20260611-112802/best_model_1.pth
2026-06-11 11:28:03,704 INFO src.train.trainer: Last model at epoch 1 saved to checkpoints/etas_20260611-112802/last_model_1.pth
2026-06-11 11:28:03,705 INFO src.train.trainer: Epoch 2
2026-06-11 11:28:03,772 INFO src.train.trainer: New best validation loss: -2.4093, saved to checkpoints/etas_20260611-112802/best_model_1.pth
2026-06-11 11:28:03,775 INFO src.train.trainer: Last model at epoch 2 saved to checkpoints/etas_20260611-112802/last_model_1.pth
2026-06-11 11:28:03,775 INFO src.train.trainer: Epoch 3
2026-06-11 11:28:03,846 INFO src.train.trainer: New best validation loss: -2.4110, saved to checkpoints/etas_20260611-112802/best_model_1.pth
2026-06-11 11:28:03,849 INFO src.train.trainer: Last model at epoch 3 saved to checkpoints/etas_20260611-112802/last_model_1.pth
2026-06-11 11:28:03,849 INFO src.train.trainer: Epoch 4
2026-06-11 11:28:03,920 INFO src.train.trainer: New best validation loss: -2.4133, saved to checkpoints/etas_20260611-112802/best_model_1.pth
2026-06-11 11:28:03,923 INFO src.train.trainer: Last model at epoch 4 saved to checkpoints/etas_20260611-112802/last_model_1.pth
2026-06-11 11:28:03,923 INFO src.train.trainer: Epoch 5
2026-06-11 11:28:03,989 INFO src.train.trainer: New best validation loss: -2.4162, saved to checkpoints/etas_20260611-112802/best_model_1.pth
2026-06-11 11:28:03,991 INFO src.train.trainer: Last model at epoch 5 saved to checkpoints/etas_20260611-112802/last_model_1.pth
2026-06-11 11:28:03,992 INFO src.train.trainer: Epoch 6
2026-06-11 11:28:04,057 INFO src.train.trainer: New best validation loss: -2.4197, saved to checkpoints/etas_20260611-112802/best_model_1.pth
2026-06-11 11:28:04,060 INFO src.train.trainer: Last model at epoch 6 saved to checkpoints/etas_20260611-112802/last_model_1.pth
2026-06-11 11:28:04,060 INFO src.train.trainer: Epoch 7
2026-06-11 11:28:04,125 INFO src.train.trainer: New best validation loss: -2.4237, saved to checkpoints/etas_20260611-112802/best_model_1.pth
2026-06-11 11:28:04,127 INFO src.train.trainer: Last model at epoch 7 saved to checkpoints/etas_20260611-112802/last_model_1.pth
2026-06-11 11:28:04,128 INFO src.train.trainer: Epoch 8
2026-06-11 11:28:04,194 INFO src.train.trainer: New best validation loss: -2.4282, saved to checkpoints/etas_20260611-112802/best_model_1.pth
2026-06-11 11:28:04,197 INFO src.train.trainer: Last model at epoch 8 saved to checkpoints/etas_20260611-112802/last_model_1.pth
2026-06-11 11:28:04,197 INFO src.train.trainer: Epoch 9
2026-06-11 11:28:04,265 INFO src.train.trainer: New best validation loss: -2.4333, saved to checkpoints/etas_20260611-112802/best_model_1.pth
2026-06-11 11:28:04,268 INFO src.train.trainer: Last model at epoch 9 saved to checkpoints/etas_20260611-112802/last_model_1.pth
2026-06-11 11:28:04,268 INFO src.train.trainer: Epoch 10
2026-06-11 11:28:04,340 INFO src.train.trainer: New best validation loss: -2.4388, saved to checkpoints/etas_20260611-112802/best_model_1.pth
2026-06-11 11:28:04,342 INFO src.train.trainer: Last model at epoch 10 saved to checkpoints/etas_20260611-112802/last_model_1.pth
2026-06-11 11:28:04,342 INFO src.train.trainer: Epoch 11
2026-06-11 11:28:04,417 INFO src.train.trainer: New best validation loss: -2.4449, saved to checkpoints/etas_20260611-112802/best_model_1.pth
2026-06-11 11:28:04,419 INFO src.train.trainer: Last model at epoch 11 saved to checkpoints/etas_20260611-112802/last_model_1.pth
2026-06-11 11:28:04,420 INFO src.train.trainer: Epoch 12
2026-06-11 11:28:04,495 INFO src.train.trainer: New best validation loss: -2.4515, saved to checkpoints/etas_20260611-112802/best_model_1.pth
2026-06-11 11:28:04,498 INFO src.train.trainer: Last model at epoch 12 saved to checkpoints/etas_20260611-112802/last_model_1.pth
2026-06-11 11:28:04,498 INFO src.train.trainer: Epoch 13
2026-06-11 11:28:04,574 INFO src.train.trainer: New best validation loss: -2.4585, saved to checkpoints/etas_20260611-112802/best_model_1.pth
2026-06-11 11:28:04,577 INFO src.train.trainer: Last model at epoch 13 saved to checkpoints/etas_20260611-112802/last_model_1.pth
2026-06-11 11:28:04,577 INFO src.train.trainer: Epoch 14
2026-06-11 11:28:04,654 INFO src.train.trainer: New best validation loss: -2.4659, saved to checkpoints/etas_20260611-112802/best_model_1.pth
2026-06-11 11:28:04,657 INFO src.train.trainer: Last model at epoch 14 saved to checkpoints/etas_20260611-112802/last_model_1.pth
2026-06-11 11:28:04,657 INFO src.train.trainer: Epoch 15
2026-06-11 11:28:04,735 INFO src.train.trainer: New best validation loss: -2.4738, saved to checkpoints/etas_20260611-112802/best_model_1.pth
2026-06-11 11:28:04,738 INFO src.train.trainer: Last model at epoch 15 saved to checkpoints/etas_20260611-112802/last_model_1.pth
2026-06-11 11:28:04,738 INFO src.train.trainer: Epoch 16
2026-06-11 11:28:04,816 INFO src.train.trainer: New best validation loss: -2.4821, saved to checkpoints/etas_20260611-112802/best_model_1.pth
2026-06-11 11:28:04,819 INFO src.train.trainer: Last model at epoch 16 saved to checkpoints/etas_20260611-112802/last_model_1.pth
2026-06-11 11:28:04,819 INFO src.train.trainer: Epoch 17
2026-06-11 11:28:04,900 INFO src.train.trainer: New best validation loss: -2.4908, saved to checkpoints/etas_20260611-112802/best_model_1.pth
2026-06-11 11:28:04,903 INFO src.train.trainer: Last model at epoch 17 saved to checkpoints/etas_20260611-112802/last_model_1.pth
2026-06-11 11:28:04,904 INFO src.train.trainer: Epoch 18
2026-06-11 11:28:04,984 INFO src.train.trainer: New best validation loss: -2.4998, saved to checkpoints/etas_20260611-112802/best_model_1.pth
2026-06-11 11:28:04,987 INFO src.train.trainer: Last model at epoch 18 saved to checkpoints/etas_20260611-112802/last_model_1.pth
2026-06-11 11:28:04,987 INFO src.train.trainer: Epoch 19
2026-06-11 11:28:05,076 INFO src.train.trainer: New best validation loss: -2.5091, saved to checkpoints/etas_20260611-112802/best_model_1.pth
2026-06-11 11:28:05,079 INFO src.train.trainer: Last model at epoch 19 saved to checkpoints/etas_20260611-112802/last_model_1.pth
2026-06-11 11:28:05,079 INFO src.train.trainer: Epoch 20
2026-06-11 11:28:05,165 INFO src.train.trainer: New best validation loss: -2.5188, saved to checkpoints/etas_20260611-112802/best_model_1.pth
2026-06-11 11:28:05,168 INFO src.train.trainer: Last model at epoch 20 saved to checkpoints/etas_20260611-112802/last_model_1.pth
2026-06-11 11:28:05,168 INFO src.train.trainer: Epoch 21
2026-06-11 11:28:05,249 INFO src.train.trainer: New best validation loss: -2.5288, saved to checkpoints/etas_20260611-112802/best_model_1.pth
2026-06-11 11:28:05,252 INFO src.train.trainer: Last model at epoch 21 saved to checkpoints/etas_20260611-112802/last_model_1.pth
2026-06-11 11:28:05,252 INFO src.train.trainer: Epoch 22
2026-06-11 11:28:05,332 INFO src.train.trainer: New best validation loss: -2.5390, saved to checkpoints/etas_20260611-112802/best_model_1.pth
2026-06-11 11:28:05,335 INFO src.train.trainer: Last model at epoch 22 saved to checkpoints/etas_20260611-112802/last_model_1.pth
2026-06-11 11:28:05,336 INFO src.train.trainer: Epoch 23
2026-06-11 11:28:05,417 INFO src.train.trainer: New best validation loss: -2.5495, saved to checkpoints/etas_20260611-112802/best_model_1.pth
2026-06-11 11:28:05,420 INFO src.train.trainer: Last model at epoch 23 saved to checkpoints/etas_20260611-112802/last_model_1.pth
2026-06-11 11:28:05,421 INFO src.train.trainer: Epoch 24
2026-06-11 11:28:05,503 INFO src.train.trainer: New best validation loss: -2.5602, saved to checkpoints/etas_20260611-112802/best_model_1.pth
2026-06-11 11:28:05,506 INFO src.train.trainer: Last model at epoch 24 saved to checkpoints/etas_20260611-112802/last_model_1.pth
2026-06-11 11:28:05,506 INFO src.train.trainer: Epoch 25
2026-06-11 11:28:05,589 INFO src.train.trainer: New best validation loss: -2.5711, saved to checkpoints/etas_20260611-112802/best_model_1.pth
2026-06-11 11:28:05,593 INFO src.train.trainer: Last model at epoch 25 saved to checkpoints/etas_20260611-112802/last_model_1.pth
2026-06-11 11:28:05,593 INFO src.train.trainer: Epoch 26
2026-06-11 11:28:05,674 INFO src.train.trainer: New best validation loss: -2.5821, saved to checkpoints/etas_20260611-112802/best_model_1.pth
2026-06-11 11:28:05,677 INFO src.train.trainer: Last model at epoch 26 saved to checkpoints/etas_20260611-112802/last_model_1.pth
2026-06-11 11:28:05,678 INFO src.train.trainer: Epoch 27
2026-06-11 11:28:05,762 INFO src.train.trainer: New best validation loss: -2.5934, saved to checkpoints/etas_20260611-112802/best_model_1.pth
2026-06-11 11:28:05,765 INFO src.train.trainer: Last model at epoch 27 saved to checkpoints/etas_20260611-112802/last_model_1.pth
2026-06-11 11:28:05,765 INFO src.train.trainer: Epoch 28
2026-06-11 11:28:05,847 INFO src.train.trainer: New best validation loss: -2.6048, saved to checkpoints/etas_20260611-112802/best_model_1.pth
2026-06-11 11:28:05,851 INFO src.train.trainer: Last model at epoch 28 saved to checkpoints/etas_20260611-112802/last_model_1.pth
2026-06-11 11:28:05,851 INFO src.train.trainer: Epoch 29
2026-06-11 11:28:05,936 INFO src.train.trainer: New best validation loss: -2.6163, saved to checkpoints/etas_20260611-112802/best_model_1.pth
2026-06-11 11:28:05,940 INFO src.train.trainer: Last model at epoch 29 saved to checkpoints/etas_20260611-112802/last_model_1.pth
2026-06-11 11:28:05,940 INFO src.train.trainer: Epoch 30
2026-06-11 11:28:06,024 INFO src.train.trainer: New best validation loss: -2.6279, saved to checkpoints/etas_20260611-112802/best_model_1.pth
2026-06-11 11:28:06,028 INFO src.train.trainer: Last model at epoch 30 saved to checkpoints/etas_20260611-112802/last_model_1.pth
2026-06-11 11:28:06,028 INFO src.train.trainer: Epoch 31
2026-06-11 11:28:06,111 INFO src.train.trainer: New best validation loss: -2.6396, saved to checkpoints/etas_20260611-112802/best_model_1.pth
2026-06-11 11:28:06,114 INFO src.train.trainer: Last model at epoch 31 saved to checkpoints/etas_20260611-112802/last_model_1.pth
2026-06-11 11:28:06,114 INFO src.train.trainer: Epoch 32
2026-06-11 11:28:06,196 INFO src.train.trainer: New best validation loss: -2.6514, saved to checkpoints/etas_20260611-112802/best_model_1.pth
2026-06-11 11:28:06,199 INFO src.train.trainer: Last model at epoch 32 saved to checkpoints/etas_20260611-112802/last_model_1.pth
2026-06-11 11:28:06,199 INFO src.train.trainer: Epoch 33
2026-06-11 11:28:06,282 INFO src.train.trainer: New best validation loss: -2.6633, saved to checkpoints/etas_20260611-112802/best_model_1.pth
2026-06-11 11:28:06,285 INFO src.train.trainer: Last model at epoch 33 saved to checkpoints/etas_20260611-112802/last_model_1.pth
2026-06-11 11:28:06,285 INFO src.train.trainer: Epoch 34
2026-06-11 11:28:06,367 INFO src.train.trainer: New best validation loss: -2.6752, saved to checkpoints/etas_20260611-112802/best_model_1.pth
2026-06-11 11:28:06,371 INFO src.train.trainer: Last model at epoch 34 saved to checkpoints/etas_20260611-112802/last_model_1.pth
2026-06-11 11:28:06,371 INFO src.train.trainer: Epoch 35
2026-06-11 11:28:06,454 INFO src.train.trainer: New best validation loss: -2.6872, saved to checkpoints/etas_20260611-112802/best_model_1.pth
2026-06-11 11:28:06,457 INFO src.train.trainer: Last model at epoch 35 saved to checkpoints/etas_20260611-112802/last_model_1.pth
2026-06-11 11:28:06,458 INFO src.train.trainer: Epoch 36
2026-06-11 11:28:06,540 INFO src.train.trainer: New best validation loss: -2.6992, saved to checkpoints/etas_20260611-112802/best_model_1.pth
2026-06-11 11:28:06,544 INFO src.train.trainer: Last model at epoch 36 saved to checkpoints/etas_20260611-112802/last_model_1.pth
2026-06-11 11:28:06,544 INFO src.train.trainer: Epoch 37
2026-06-11 11:28:06,626 INFO src.train.trainer: New best validation loss: -2.7112, saved to checkpoints/etas_20260611-112802/best_model_1.pth
2026-06-11 11:28:06,629 INFO src.train.trainer: Last model at epoch 37 saved to checkpoints/etas_20260611-112802/last_model_1.pth
2026-06-11 11:28:06,630 INFO src.train.trainer: Epoch 38
2026-06-11 11:28:06,712 INFO src.train.trainer: New best validation loss: -2.7233, saved to checkpoints/etas_20260611-112802/best_model_1.pth
2026-06-11 11:28:06,715 INFO src.train.trainer: Last model at epoch 38 saved to checkpoints/etas_20260611-112802/last_model_1.pth
2026-06-11 11:28:06,715 INFO src.train.trainer: Epoch 39
2026-06-11 11:28:06,798 INFO src.train.trainer: New best validation loss: -2.7353, saved to checkpoints/etas_20260611-112802/best_model_1.pth
2026-06-11 11:28:06,802 INFO src.train.trainer: Last model at epoch 39 saved to checkpoints/etas_20260611-112802/last_model_1.pth
2026-06-11 11:28:06,802 INFO src.train.trainer: Epoch 40
2026-06-11 11:28:06,884 INFO src.train.trainer: New best validation loss: -2.7474, saved to checkpoints/etas_20260611-112802/best_model_1.pth
2026-06-11 11:28:06,888 INFO src.train.trainer: Last model at epoch 40 saved to checkpoints/etas_20260611-112802/last_model_1.pth
2026-06-11 11:28:06,888 INFO src.train.trainer: Epoch 41
2026-06-11 11:28:06,973 INFO src.train.trainer: New best validation loss: -2.7594, saved to checkpoints/etas_20260611-112802/best_model_1.pth
2026-06-11 11:28:06,977 INFO src.train.trainer: Last model at epoch 41 saved to checkpoints/etas_20260611-112802/last_model_1.pth
2026-06-11 11:28:06,977 INFO src.train.trainer: Epoch 42
2026-06-11 11:28:07,061 INFO src.train.trainer: New best validation loss: -2.7715, saved to checkpoints/etas_20260611-112802/best_model_1.pth
2026-06-11 11:28:07,064 INFO src.train.trainer: Last model at epoch 42 saved to checkpoints/etas_20260611-112802/last_model_1.pth
2026-06-11 11:28:07,064 INFO src.train.trainer: Epoch 43
2026-06-11 11:28:07,148 INFO src.train.trainer: New best validation loss: -2.7836, saved to checkpoints/etas_20260611-112802/best_model_1.pth
2026-06-11 11:28:07,152 INFO src.train.trainer: Last model at epoch 43 saved to checkpoints/etas_20260611-112802/last_model_1.pth
2026-06-11 11:28:07,152 INFO src.train.trainer: Epoch 44
2026-06-11 11:28:07,235 INFO src.train.trainer: New best validation loss: -2.7956, saved to checkpoints/etas_20260611-112802/best_model_1.pth
2026-06-11 11:28:07,238 INFO src.train.trainer: Last model at epoch 44 saved to checkpoints/etas_20260611-112802/last_model_1.pth
2026-06-11 11:28:07,239 INFO src.train.trainer: Epoch 45
2026-06-11 11:28:07,322 INFO src.train.trainer: New best validation loss: -2.8077, saved to checkpoints/etas_20260611-112802/best_model_1.pth
2026-06-11 11:28:07,325 INFO src.train.trainer: Last model at epoch 45 saved to checkpoints/etas_20260611-112802/last_model_1.pth
2026-06-11 11:28:07,325 INFO src.train.trainer: Epoch 46
2026-06-11 11:28:07,407 INFO src.train.trainer: New best validation loss: -2.8197, saved to checkpoints/etas_20260611-112802/best_model_1.pth
2026-06-11 11:28:07,410 INFO src.train.trainer: Last model at epoch 46 saved to checkpoints/etas_20260611-112802/last_model_1.pth
2026-06-11 11:28:07,410 INFO src.train.trainer: Epoch 47
2026-06-11 11:28:07,492 INFO src.train.trainer: New best validation loss: -2.8317, saved to checkpoints/etas_20260611-112802/best_model_1.pth
2026-06-11 11:28:07,495 INFO src.train.trainer: Last model at epoch 47 saved to checkpoints/etas_20260611-112802/last_model_1.pth
2026-06-11 11:28:07,495 INFO src.train.trainer: Epoch 48
2026-06-11 11:28:07,577 INFO src.train.trainer: New best validation loss: -2.8438, saved to checkpoints/etas_20260611-112802/best_model_1.pth
2026-06-11 11:28:07,580 INFO src.train.trainer: Last model at epoch 48 saved to checkpoints/etas_20260611-112802/last_model_1.pth
2026-06-11 11:28:07,580 INFO src.train.trainer: Epoch 49
2026-06-11 11:28:07,663 INFO src.train.trainer: New best validation loss: -2.8558, saved to checkpoints/etas_20260611-112802/best_model_1.pth
2026-06-11 11:28:07,666 INFO src.train.trainer: Last model at epoch 49 saved to checkpoints/etas_20260611-112802/last_model_1.pth
2026-06-11 11:28:07,666 INFO src.train.trainer: Epoch 50
2026-06-11 11:28:07,748 INFO src.train.trainer: New best validation loss: -2.8678, saved to checkpoints/etas_20260611-112802/best_model_1.pth
2026-06-11 11:28:07,751 INFO src.train.trainer: Last model at epoch 50 saved to checkpoints/etas_20260611-112802/last_model_1.pth
2026-06-11 11:28:07,751 INFO src.train.trainer: Epoch 51
2026-06-11 11:28:07,834 INFO src.train.trainer: New best validation loss: -2.8797, saved to checkpoints/etas_20260611-112802/best_model_1.pth
2026-06-11 11:28:07,837 INFO src.train.trainer: Last model at epoch 51 saved to checkpoints/etas_20260611-112802/last_model_1.pth
2026-06-11 11:28:07,837 INFO src.train.trainer: Epoch 52
2026-06-11 11:28:07,919 INFO src.train.trainer: New best validation loss: -2.8917, saved to checkpoints/etas_20260611-112802/best_model_1.pth
2026-06-11 11:28:07,922 INFO src.train.trainer: Last model at epoch 52 saved to checkpoints/etas_20260611-112802/last_model_1.pth
2026-06-11 11:28:07,923 INFO src.train.trainer: Epoch 53
2026-06-11 11:28:08,005 INFO src.train.trainer: New best validation loss: -2.9037, saved to checkpoints/etas_20260611-112802/best_model_1.pth
2026-06-11 11:28:08,008 INFO src.train.trainer: Last model at epoch 53 saved to checkpoints/etas_20260611-112802/last_model_1.pth
2026-06-11 11:28:08,008 INFO src.train.trainer: Epoch 54
2026-06-11 11:28:08,091 INFO src.train.trainer: New best validation loss: -2.9157, saved to checkpoints/etas_20260611-112802/best_model_1.pth
2026-06-11 11:28:08,094 INFO src.train.trainer: Last model at epoch 54 saved to checkpoints/etas_20260611-112802/last_model_1.pth
2026-06-11 11:28:08,094 INFO src.train.trainer: Epoch 55
2026-06-11 11:28:08,179 INFO src.train.trainer: New best validation loss: -2.9277, saved to checkpoints/etas_20260611-112802/best_model_1.pth
2026-06-11 11:28:08,182 INFO src.train.trainer: Last model at epoch 55 saved to checkpoints/etas_20260611-112802/last_model_1.pth
2026-06-11 11:28:08,183 INFO src.train.trainer: Epoch 56
2026-06-11 11:28:08,265 INFO src.train.trainer: New best validation loss: -2.9397, saved to checkpoints/etas_20260611-112802/best_model_1.pth
2026-06-11 11:28:08,268 INFO src.train.trainer: Last model at epoch 56 saved to checkpoints/etas_20260611-112802/last_model_1.pth
2026-06-11 11:28:08,268 INFO src.train.trainer: Epoch 57
2026-06-11 11:28:08,355 INFO src.train.trainer: New best validation loss: -2.9517, saved to checkpoints/etas_20260611-112802/best_model_1.pth
2026-06-11 11:28:08,358 INFO src.train.trainer: Last model at epoch 57 saved to checkpoints/etas_20260611-112802/last_model_1.pth
2026-06-11 11:28:08,358 INFO src.train.trainer: Epoch 58
2026-06-11 11:28:08,443 INFO src.train.trainer: New best validation loss: -2.9637, saved to checkpoints/etas_20260611-112802/best_model_1.pth
2026-06-11 11:28:08,446 INFO src.train.trainer: Last model at epoch 58 saved to checkpoints/etas_20260611-112802/last_model_1.pth
2026-06-11 11:28:08,446 INFO src.train.trainer: Epoch 59
2026-06-11 11:28:08,528 INFO src.train.trainer: New best validation loss: -2.9757, saved to checkpoints/etas_20260611-112802/best_model_1.pth
2026-06-11 11:28:08,531 INFO src.train.trainer: Last model at epoch 59 saved to checkpoints/etas_20260611-112802/last_model_1.pth
2026-06-11 11:28:08,531 INFO src.train.trainer: Epoch 60
2026-06-11 11:28:08,612 INFO src.train.trainer: New best validation loss: -2.9877, saved to checkpoints/etas_20260611-112802/best_model_1.pth
2026-06-11 11:28:08,616 INFO src.train.trainer: Last model at epoch 60 saved to checkpoints/etas_20260611-112802/last_model_1.pth
2026-06-11 11:28:08,616 INFO src.train.trainer: Epoch 61
2026-06-11 11:28:08,697 INFO src.train.trainer: New best validation loss: -2.9998, saved to checkpoints/etas_20260611-112802/best_model_1.pth
2026-06-11 11:28:08,701 INFO src.train.trainer: Last model at epoch 61 saved to checkpoints/etas_20260611-112802/last_model_1.pth
2026-06-11 11:28:08,701 INFO src.train.trainer: Epoch 62
2026-06-11 11:28:08,783 INFO src.train.trainer: New best validation loss: -3.0118, saved to checkpoints/etas_20260611-112802/best_model_1.pth
2026-06-11 11:28:08,786 INFO src.train.trainer: Last model at epoch 62 saved to checkpoints/etas_20260611-112802/last_model_1.pth
2026-06-11 11:28:08,786 INFO src.train.trainer: Epoch 63
2026-06-11 11:28:08,867 INFO src.train.trainer: New best validation loss: -3.0239, saved to checkpoints/etas_20260611-112802/best_model_1.pth
2026-06-11 11:28:08,870 INFO src.train.trainer: Last model at epoch 63 saved to checkpoints/etas_20260611-112802/last_model_1.pth
2026-06-11 11:28:08,871 INFO src.train.trainer: Epoch 64
2026-06-11 11:28:08,953 INFO src.train.trainer: New best validation loss: -3.0361, saved to checkpoints/etas_20260611-112802/best_model_1.pth
2026-06-11 11:28:08,956 INFO src.train.trainer: Last model at epoch 64 saved to checkpoints/etas_20260611-112802/last_model_1.pth
2026-06-11 11:28:08,956 INFO src.train.trainer: Epoch 65
2026-06-11 11:28:09,040 INFO src.train.trainer: New best validation loss: -3.0482, saved to checkpoints/etas_20260611-112802/best_model_1.pth
2026-06-11 11:28:09,044 INFO src.train.trainer: Last model at epoch 65 saved to checkpoints/etas_20260611-112802/last_model_1.pth
2026-06-11 11:28:09,044 INFO src.train.trainer: Epoch 66
2026-06-11 11:28:09,132 INFO src.train.trainer: New best validation loss: -3.0604, saved to checkpoints/etas_20260611-112802/best_model_1.pth
2026-06-11 11:28:09,135 INFO src.train.trainer: Last model at epoch 66 saved to checkpoints/etas_20260611-112802/last_model_1.pth
2026-06-11 11:28:09,135 INFO src.train.trainer: Epoch 67
2026-06-11 11:28:09,219 INFO src.train.trainer: New best validation loss: -3.0726, saved to checkpoints/etas_20260611-112802/best_model_1.pth
2026-06-11 11:28:09,222 INFO src.train.trainer: Last model at epoch 67 saved to checkpoints/etas_20260611-112802/last_model_1.pth
2026-06-11 11:28:09,222 INFO src.train.trainer: Epoch 68
2026-06-11 11:28:09,305 INFO src.train.trainer: New best validation loss: -3.0849, saved to checkpoints/etas_20260611-112802/best_model_1.pth
2026-06-11 11:28:09,308 INFO src.train.trainer: Last model at epoch 68 saved to checkpoints/etas_20260611-112802/last_model_1.pth
2026-06-11 11:28:09,308 INFO src.train.trainer: Epoch 69
2026-06-11 11:28:09,392 INFO src.train.trainer: New best validation loss: -3.0972, saved to checkpoints/etas_20260611-112802/best_model_1.pth
2026-06-11 11:28:09,395 INFO src.train.trainer: Last model at epoch 69 saved to checkpoints/etas_20260611-112802/last_model_1.pth
2026-06-11 11:28:09,395 INFO src.train.trainer: Epoch 70
2026-06-11 11:28:09,479 INFO src.train.trainer: New best validation loss: -3.1095, saved to checkpoints/etas_20260611-112802/best_model_1.pth
2026-06-11 11:28:09,482 INFO src.train.trainer: Last model at epoch 70 saved to checkpoints/etas_20260611-112802/last_model_1.pth
2026-06-11 11:28:09,482 INFO src.train.trainer: Epoch 71
2026-06-11 11:28:09,565 INFO src.train.trainer: New best validation loss: -3.1219, saved to checkpoints/etas_20260611-112802/best_model_1.pth
2026-06-11 11:28:09,568 INFO src.train.trainer: Last model at epoch 71 saved to checkpoints/etas_20260611-112802/last_model_1.pth
2026-06-11 11:28:09,568 INFO src.train.trainer: Epoch 72
2026-06-11 11:28:09,651 INFO src.train.trainer: New best validation loss: -3.1344, saved to checkpoints/etas_20260611-112802/best_model_1.pth
2026-06-11 11:28:09,654 INFO src.train.trainer: Last model at epoch 72 saved to checkpoints/etas_20260611-112802/last_model_1.pth
2026-06-11 11:28:09,654 INFO src.train.trainer: Epoch 73
2026-06-11 11:28:09,739 INFO src.train.trainer: New best validation loss: -3.1469, saved to checkpoints/etas_20260611-112802/best_model_1.pth
2026-06-11 11:28:09,742 INFO src.train.trainer: Last model at epoch 73 saved to checkpoints/etas_20260611-112802/last_model_1.pth
2026-06-11 11:28:09,742 INFO src.train.trainer: Epoch 74
2026-06-11 11:28:09,825 INFO src.train.trainer: New best validation loss: -3.1595, saved to checkpoints/etas_20260611-112802/best_model_1.pth
2026-06-11 11:28:09,828 INFO src.train.trainer: Last model at epoch 74 saved to checkpoints/etas_20260611-112802/last_model_1.pth
2026-06-11 11:28:09,828 INFO src.train.trainer: Epoch 75
2026-06-11 11:28:09,910 INFO src.train.trainer: New best validation loss: -3.1722, saved to checkpoints/etas_20260611-112802/best_model_1.pth
2026-06-11 11:28:09,913 INFO src.train.trainer: Last model at epoch 75 saved to checkpoints/etas_20260611-112802/last_model_1.pth
2026-06-11 11:28:09,913 INFO src.train.trainer: Epoch 76
2026-06-11 11:28:09,995 INFO src.train.trainer: New best validation loss: -3.1849, saved to checkpoints/etas_20260611-112802/best_model_1.pth
2026-06-11 11:28:09,997 INFO src.train.trainer: Last model at epoch 76 saved to checkpoints/etas_20260611-112802/last_model_1.pth
2026-06-11 11:28:09,998 INFO src.train.trainer: Epoch 77
2026-06-11 11:28:10,080 INFO src.train.trainer: New best validation loss: -3.1977, saved to checkpoints/etas_20260611-112802/best_model_1.pth
2026-06-11 11:28:10,083 INFO src.train.trainer: Last model at epoch 77 saved to checkpoints/etas_20260611-112802/last_model_1.pth
2026-06-11 11:28:10,083 INFO src.train.trainer: Epoch 78
2026-06-11 11:28:10,166 INFO src.train.trainer: New best validation loss: -3.2106, saved to checkpoints/etas_20260611-112802/best_model_1.pth
2026-06-11 11:28:10,169 INFO src.train.trainer: Last model at epoch 78 saved to checkpoints/etas_20260611-112802/last_model_1.pth
2026-06-11 11:28:10,169 INFO src.train.trainer: Epoch 79
2026-06-11 11:28:10,251 INFO src.train.trainer: New best validation loss: -3.2235, saved to checkpoints/etas_20260611-112802/best_model_1.pth
2026-06-11 11:28:10,254 INFO src.train.trainer: Last model at epoch 79 saved to checkpoints/etas_20260611-112802/last_model_1.pth
2026-06-11 11:28:10,254 INFO src.train.trainer: Epoch 80
2026-06-11 11:28:10,336 INFO src.train.trainer: New best validation loss: -3.2366, saved to checkpoints/etas_20260611-112802/best_model_1.pth
2026-06-11 11:28:10,339 INFO src.train.trainer: Last model at epoch 80 saved to checkpoints/etas_20260611-112802/last_model_1.pth
2026-06-11 11:28:10,339 INFO src.train.trainer: Epoch 81
2026-06-11 11:28:10,421 INFO src.train.trainer: New best validation loss: -3.2497, saved to checkpoints/etas_20260611-112802/best_model_1.pth
2026-06-11 11:28:10,424 INFO src.train.trainer: Last model at epoch 81 saved to checkpoints/etas_20260611-112802/last_model_1.pth
2026-06-11 11:28:10,424 INFO src.train.trainer: Epoch 82
2026-06-11 11:28:10,504 INFO src.train.trainer: New best validation loss: -3.2630, saved to checkpoints/etas_20260611-112802/best_model_1.pth
2026-06-11 11:28:10,507 INFO src.train.trainer: Last model at epoch 82 saved to checkpoints/etas_20260611-112802/last_model_1.pth
2026-06-11 11:28:10,507 INFO src.train.trainer: Epoch 83
2026-06-11 11:28:10,588 INFO src.train.trainer: New best validation loss: -3.2763, saved to checkpoints/etas_20260611-112802/best_model_1.pth
2026-06-11 11:28:10,592 INFO src.train.trainer: Last model at epoch 83 saved to checkpoints/etas_20260611-112802/last_model_1.pth
2026-06-11 11:28:10,592 INFO src.train.trainer: Epoch 84
2026-06-11 11:28:10,674 INFO src.train.trainer: New best validation loss: -3.2898, saved to checkpoints/etas_20260611-112802/best_model_1.pth
2026-06-11 11:28:10,677 INFO src.train.trainer: Last model at epoch 84 saved to checkpoints/etas_20260611-112802/last_model_1.pth
2026-06-11 11:28:10,677 INFO src.train.trainer: Epoch 85
2026-06-11 11:28:10,757 INFO src.train.trainer: New best validation loss: -3.3033, saved to checkpoints/etas_20260611-112802/best_model_1.pth
2026-06-11 11:28:10,760 INFO src.train.trainer: Last model at epoch 85 saved to checkpoints/etas_20260611-112802/last_model_1.pth
2026-06-11 11:28:10,761 INFO src.train.trainer: Epoch 86
2026-06-11 11:28:10,842 INFO src.train.trainer: New best validation loss: -3.3170, saved to checkpoints/etas_20260611-112802/best_model_1.pth
2026-06-11 11:28:10,845 INFO src.train.trainer: Last model at epoch 86 saved to checkpoints/etas_20260611-112802/last_model_1.pth
2026-06-11 11:28:10,846 INFO src.train.trainer: Epoch 87
2026-06-11 11:28:10,927 INFO src.train.trainer: New best validation loss: -3.3308, saved to checkpoints/etas_20260611-112802/best_model_1.pth
2026-06-11 11:28:10,930 INFO src.train.trainer: Last model at epoch 87 saved to checkpoints/etas_20260611-112802/last_model_1.pth
2026-06-11 11:28:10,930 INFO src.train.trainer: Epoch 88
2026-06-11 11:28:11,011 INFO src.train.trainer: New best validation loss: -3.3447, saved to checkpoints/etas_20260611-112802/best_model_1.pth
2026-06-11 11:28:11,014 INFO src.train.trainer: Last model at epoch 88 saved to checkpoints/etas_20260611-112802/last_model_1.pth
2026-06-11 11:28:11,014 INFO src.train.trainer: Epoch 89
2026-06-11 11:28:11,096 INFO src.train.trainer: New best validation loss: -3.3587, saved to checkpoints/etas_20260611-112802/best_model_1.pth
2026-06-11 11:28:11,099 INFO src.train.trainer: Last model at epoch 89 saved to checkpoints/etas_20260611-112802/last_model_1.pth
2026-06-11 11:28:11,099 INFO src.train.trainer: Epoch 90
2026-06-11 11:28:11,180 INFO src.train.trainer: New best validation loss: -3.3729, saved to checkpoints/etas_20260611-112802/best_model_1.pth
2026-06-11 11:28:11,183 INFO src.train.trainer: Last model at epoch 90 saved to checkpoints/etas_20260611-112802/last_model_1.pth
2026-06-11 11:28:11,183 INFO src.train.trainer: Epoch 91
2026-06-11 11:28:11,264 INFO src.train.trainer: New best validation loss: -3.3872, saved to checkpoints/etas_20260611-112802/best_model_1.pth
2026-06-11 11:28:11,267 INFO src.train.trainer: Last model at epoch 91 saved to checkpoints/etas_20260611-112802/last_model_1.pth
2026-06-11 11:28:11,267 INFO src.train.trainer: Epoch 92
2026-06-11 11:28:11,349 INFO src.train.trainer: New best validation loss: -3.4017, saved to checkpoints/etas_20260611-112802/best_model_1.pth
2026-06-11 11:28:11,352 INFO src.train.trainer: Last model at epoch 92 saved to checkpoints/etas_20260611-112802/last_model_1.pth
2026-06-11 11:28:11,352 INFO src.train.trainer: Epoch 93
2026-06-11 11:28:11,434 INFO src.train.trainer: New best validation loss: -3.4163, saved to checkpoints/etas_20260611-112802/best_model_1.pth
2026-06-11 11:28:11,437 INFO src.train.trainer: Last model at epoch 93 saved to checkpoints/etas_20260611-112802/last_model_1.pth
2026-06-11 11:28:11,437 INFO src.train.trainer: Epoch 94
2026-06-11 11:28:11,518 INFO src.train.trainer: New best validation loss: -3.4310, saved to checkpoints/etas_20260611-112802/best_model_1.pth
2026-06-11 11:28:11,521 INFO src.train.trainer: Last model at epoch 94 saved to checkpoints/etas_20260611-112802/last_model_1.pth
2026-06-11 11:28:11,521 INFO src.train.trainer: Epoch 95
2026-06-11 11:28:11,602 INFO src.train.trainer: New best validation loss: -3.4459, saved to checkpoints/etas_20260611-112802/best_model_1.pth
2026-06-11 11:28:11,605 INFO src.train.trainer: Last model at epoch 95 saved to checkpoints/etas_20260611-112802/last_model_1.pth
2026-06-11 11:28:11,605 INFO src.train.trainer: Epoch 96
2026-06-11 11:28:11,685 INFO src.train.trainer: New best validation loss: -3.4610, saved to checkpoints/etas_20260611-112802/best_model_1.pth
2026-06-11 11:28:11,689 INFO src.train.trainer: Last model at epoch 96 saved to checkpoints/etas_20260611-112802/last_model_1.pth
2026-06-11 11:28:11,689 INFO src.train.trainer: Epoch 97
2026-06-11 11:28:11,770 INFO src.train.trainer: New best validation loss: -3.4763, saved to checkpoints/etas_20260611-112802/best_model_1.pth
2026-06-11 11:28:11,773 INFO src.train.trainer: Last model at epoch 97 saved to checkpoints/etas_20260611-112802/last_model_1.pth
2026-06-11 11:28:11,773 INFO src.train.trainer: Epoch 98
2026-06-11 11:28:11,854 INFO src.train.trainer: New best validation loss: -3.4917, saved to checkpoints/etas_20260611-112802/best_model_1.pth
2026-06-11 11:28:11,857 INFO src.train.trainer: Last model at epoch 98 saved to checkpoints/etas_20260611-112802/last_model_1.pth
2026-06-11 11:28:11,857 INFO src.train.trainer: Epoch 99
2026-06-11 11:28:11,939 INFO src.train.trainer: New best validation loss: -3.5074, saved to checkpoints/etas_20260611-112802/best_model_1.pth
2026-06-11 11:28:11,942 INFO src.train.trainer: Last model at epoch 99 saved to checkpoints/etas_20260611-112802/last_model_1.pth
2026-06-11 11:28:11,943 INFO src.train.trainer: Epoch 100
2026-06-11 11:28:12,027 INFO src.train.trainer: New best validation loss: -3.5232, saved to checkpoints/etas_20260611-112802/best_model_1.pth
2026-06-11 11:28:12,030 INFO src.train.trainer: Last model at epoch 100 saved to checkpoints/etas_20260611-112802/last_model_1.pth
2026-06-11 11:28:12,030 INFO src.train.trainer: Epoch 101
2026-06-11 11:28:12,111 INFO src.train.trainer: New best validation loss: -3.5392, saved to checkpoints/etas_20260611-112802/best_model_1.pth
2026-06-11 11:28:12,114 INFO src.train.trainer: Last model at epoch 101 saved to checkpoints/etas_20260611-112802/last_model_1.pth
2026-06-11 11:28:12,114 INFO src.train.trainer: Epoch 102
2026-06-11 11:28:12,195 INFO src.train.trainer: New best validation loss: -3.5553, saved to checkpoints/etas_20260611-112802/best_model_1.pth
2026-06-11 11:28:12,198 INFO src.train.trainer: Last model at epoch 102 saved to checkpoints/etas_20260611-112802/last_model_1.pth
2026-06-11 11:28:12,198 INFO src.train.trainer: Epoch 103
2026-06-11 11:28:12,279 INFO src.train.trainer: New best validation loss: -3.5714, saved to checkpoints/etas_20260611-112802/best_model_1.pth
2026-06-11 11:28:12,282 INFO src.train.trainer: Last model at epoch 103 saved to checkpoints/etas_20260611-112802/last_model_1.pth
2026-06-11 11:28:12,282 INFO src.train.trainer: Epoch 104
2026-06-11 11:28:12,363 INFO src.train.trainer: New best validation loss: -3.5876, saved to checkpoints/etas_20260611-112802/best_model_1.pth
2026-06-11 11:28:12,366 INFO src.train.trainer: Last model at epoch 104 saved to checkpoints/etas_20260611-112802/last_model_1.pth
2026-06-11 11:28:12,366 INFO src.train.trainer: Epoch 105
2026-06-11 11:28:12,448 INFO src.train.trainer: New best validation loss: -3.6039, saved to checkpoints/etas_20260611-112802/best_model_1.pth
2026-06-11 11:28:12,451 INFO src.train.trainer: Last model at epoch 105 saved to checkpoints/etas_20260611-112802/last_model_1.pth
2026-06-11 11:28:12,451 INFO src.train.trainer: Epoch 106
2026-06-11 11:28:12,533 INFO src.train.trainer: New best validation loss: -3.6202, saved to checkpoints/etas_20260611-112802/best_model_1.pth
2026-06-11 11:28:12,536 INFO src.train.trainer: Last model at epoch 106 saved to checkpoints/etas_20260611-112802/last_model_1.pth
2026-06-11 11:28:12,536 INFO src.train.trainer: Epoch 107
2026-06-11 11:28:12,619 INFO src.train.trainer: New best validation loss: -3.6367, saved to checkpoints/etas_20260611-112802/best_model_1.pth
2026-06-11 11:28:12,622 INFO src.train.trainer: Last model at epoch 107 saved to checkpoints/etas_20260611-112802/last_model_1.pth
2026-06-11 11:28:12,622 INFO src.train.trainer: Epoch 108
2026-06-11 11:28:12,706 INFO src.train.trainer: New best validation loss: -3.6532, saved to checkpoints/etas_20260611-112802/best_model_1.pth
2026-06-11 11:28:12,710 INFO src.train.trainer: Last model at epoch 108 saved to checkpoints/etas_20260611-112802/last_model_1.pth
2026-06-11 11:28:12,710 INFO src.train.trainer: Epoch 109
2026-06-11 11:28:12,791 INFO src.train.trainer: New best validation loss: -3.6698, saved to checkpoints/etas_20260611-112802/best_model_1.pth
2026-06-11 11:28:12,794 INFO src.train.trainer: Last model at epoch 109 saved to checkpoints/etas_20260611-112802/last_model_1.pth
2026-06-11 11:28:12,795 INFO src.train.trainer: Epoch 110
2026-06-11 11:28:12,877 INFO src.train.trainer: New best validation loss: -3.6865, saved to checkpoints/etas_20260611-112802/best_model_1.pth
2026-06-11 11:28:12,880 INFO src.train.trainer: Last model at epoch 110 saved to checkpoints/etas_20260611-112802/last_model_1.pth
2026-06-11 11:28:12,880 INFO src.train.trainer: Epoch 111
2026-06-11 11:28:12,962 INFO src.train.trainer: New best validation loss: -3.7034, saved to checkpoints/etas_20260611-112802/best_model_1.pth
2026-06-11 11:28:12,966 INFO src.train.trainer: Last model at epoch 111 saved to checkpoints/etas_20260611-112802/last_model_1.pth
2026-06-11 11:28:12,966 INFO src.train.trainer: Epoch 112
2026-06-11 11:28:13,049 INFO src.train.trainer: New best validation loss: -3.7204, saved to checkpoints/etas_20260611-112802/best_model_1.pth
2026-06-11 11:28:13,052 INFO src.train.trainer: Last model at epoch 112 saved to checkpoints/etas_20260611-112802/last_model_1.pth
2026-06-11 11:28:13,052 INFO src.train.trainer: Epoch 113
2026-06-11 11:28:13,136 INFO src.train.trainer: New best validation loss: -3.7375, saved to checkpoints/etas_20260611-112802/best_model_1.pth
2026-06-11 11:28:13,139 INFO src.train.trainer: Last model at epoch 113 saved to checkpoints/etas_20260611-112802/last_model_1.pth
2026-06-11 11:28:13,139 INFO src.train.trainer: Epoch 114
2026-06-11 11:28:13,224 INFO src.train.trainer: New best validation loss: -3.7548, saved to checkpoints/etas_20260611-112802/best_model_1.pth
2026-06-11 11:28:13,227 INFO src.train.trainer: Last model at epoch 114 saved to checkpoints/etas_20260611-112802/last_model_1.pth
2026-06-11 11:28:13,227 INFO src.train.trainer: Epoch 115
2026-06-11 11:28:13,309 INFO src.train.trainer: New best validation loss: -3.7723, saved to checkpoints/etas_20260611-112802/best_model_1.pth
2026-06-11 11:28:13,313 INFO src.train.trainer: Last model at epoch 115 saved to checkpoints/etas_20260611-112802/last_model_1.pth
2026-06-11 11:28:13,313 INFO src.train.trainer: Epoch 116
2026-06-11 11:28:13,395 INFO src.train.trainer: New best validation loss: -3.7899, saved to checkpoints/etas_20260611-112802/best_model_1.pth
2026-06-11 11:28:13,399 INFO src.train.trainer: Last model at epoch 116 saved to checkpoints/etas_20260611-112802/last_model_1.pth
2026-06-11 11:28:13,399 INFO src.train.trainer: Epoch 117
2026-06-11 11:28:13,483 INFO src.train.trainer: New best validation loss: -3.8078, saved to checkpoints/etas_20260611-112802/best_model_1.pth
2026-06-11 11:28:13,486 INFO src.train.trainer: Last model at epoch 117 saved to checkpoints/etas_20260611-112802/last_model_1.pth
2026-06-11 11:28:13,486 INFO src.train.trainer: Epoch 118
2026-06-11 11:28:13,571 INFO src.train.trainer: New best validation loss: -3.8258, saved to checkpoints/etas_20260611-112802/best_model_1.pth
2026-06-11 11:28:13,574 INFO src.train.trainer: Last model at epoch 118 saved to checkpoints/etas_20260611-112802/last_model_1.pth
2026-06-11 11:28:13,574 INFO src.train.trainer: Epoch 119
2026-06-11 11:28:13,656 INFO src.train.trainer: New best validation loss: -3.8441, saved to checkpoints/etas_20260611-112802/best_model_1.pth
2026-06-11 11:28:13,660 INFO src.train.trainer: Last model at epoch 119 saved to checkpoints/etas_20260611-112802/last_model_1.pth
2026-06-11 11:28:13,660 INFO src.train.trainer: Epoch 120
2026-06-11 11:28:13,742 INFO src.train.trainer: New best validation loss: -3.8626, saved to checkpoints/etas_20260611-112802/best_model_1.pth
2026-06-11 11:28:13,745 INFO src.train.trainer: Last model at epoch 120 saved to checkpoints/etas_20260611-112802/last_model_1.pth
2026-06-11 11:28:13,745 INFO src.train.trainer: Epoch 121
2026-06-11 11:28:13,828 INFO src.train.trainer: New best validation loss: -3.8815, saved to checkpoints/etas_20260611-112802/best_model_1.pth
2026-06-11 11:28:13,831 INFO src.train.trainer: Last model at epoch 121 saved to checkpoints/etas_20260611-112802/last_model_1.pth
2026-06-11 11:28:13,831 INFO src.train.trainer: Epoch 122
2026-06-11 11:28:13,914 INFO src.train.trainer: New best validation loss: -3.9006, saved to checkpoints/etas_20260611-112802/best_model_1.pth
2026-06-11 11:28:13,917 INFO src.train.trainer: Last model at epoch 122 saved to checkpoints/etas_20260611-112802/last_model_1.pth
2026-06-11 11:28:13,918 INFO src.train.trainer: Epoch 123
2026-06-11 11:28:13,999 INFO src.train.trainer: New best validation loss: -3.9201, saved to checkpoints/etas_20260611-112802/best_model_1.pth
2026-06-11 11:28:14,003 INFO src.train.trainer: Last model at epoch 123 saved to checkpoints/etas_20260611-112802/last_model_1.pth
2026-06-11 11:28:14,003 INFO src.train.trainer: Epoch 124
2026-06-11 11:28:14,085 INFO src.train.trainer: New best validation loss: -3.9398, saved to checkpoints/etas_20260611-112802/best_model_1.pth
2026-06-11 11:28:14,088 INFO src.train.trainer: Last model at epoch 124 saved to checkpoints/etas_20260611-112802/last_model_1.pth
2026-06-11 11:28:14,088 INFO src.train.trainer: Epoch 125
2026-06-11 11:28:14,172 INFO src.train.trainer: New best validation loss: -3.9600, saved to checkpoints/etas_20260611-112802/best_model_1.pth
2026-06-11 11:28:14,175 INFO src.train.trainer: Last model at epoch 125 saved to checkpoints/etas_20260611-112802/last_model_1.pth
2026-06-11 11:28:14,175 INFO src.train.trainer: Epoch 126
2026-06-11 11:28:14,258 INFO src.train.trainer: New best validation loss: -3.9805, saved to checkpoints/etas_20260611-112802/best_model_1.pth
2026-06-11 11:28:14,261 INFO src.train.trainer: Last model at epoch 126 saved to checkpoints/etas_20260611-112802/last_model_1.pth
2026-06-11 11:28:14,261 INFO src.train.trainer: Epoch 127
2026-06-11 11:28:14,345 INFO src.train.trainer: New best validation loss: -4.0014, saved to checkpoints/etas_20260611-112802/best_model_1.pth
2026-06-11 11:28:14,348 INFO src.train.trainer: Last model at epoch 127 saved to checkpoints/etas_20260611-112802/last_model_1.pth
2026-06-11 11:28:14,348 INFO src.train.trainer: Epoch 128
2026-06-11 11:28:14,429 INFO src.train.trainer: New best validation loss: -4.0227, saved to checkpoints/etas_20260611-112802/best_model_1.pth
2026-06-11 11:28:14,433 INFO src.train.trainer: Last model at epoch 128 saved to checkpoints/etas_20260611-112802/last_model_1.pth
2026-06-11 11:28:14,433 INFO src.train.trainer: Epoch 129
2026-06-11 11:28:14,515 INFO src.train.trainer: New best validation loss: -4.0445, saved to checkpoints/etas_20260611-112802/best_model_1.pth
2026-06-11 11:28:14,519 INFO src.train.trainer: Last model at epoch 129 saved to checkpoints/etas_20260611-112802/last_model_1.pth
2026-06-11 11:28:14,519 INFO src.train.trainer: Epoch 130
2026-06-11 11:28:14,600 INFO src.train.trainer: New best validation loss: -4.0666, saved to checkpoints/etas_20260611-112802/best_model_1.pth
2026-06-11 11:28:14,603 INFO src.train.trainer: Last model at epoch 130 saved to checkpoints/etas_20260611-112802/last_model_1.pth
2026-06-11 11:28:14,603 INFO src.train.trainer: Epoch 131
2026-06-11 11:28:14,684 INFO src.train.trainer: New best validation loss: -4.0892, saved to checkpoints/etas_20260611-112802/best_model_1.pth
2026-06-11 11:28:14,687 INFO src.train.trainer: Last model at epoch 131 saved to checkpoints/etas_20260611-112802/last_model_1.pth
2026-06-11 11:28:14,687 INFO src.train.trainer: Epoch 132
2026-06-11 11:28:14,769 INFO src.train.trainer: New best validation loss: -4.1121, saved to checkpoints/etas_20260611-112802/best_model_1.pth
2026-06-11 11:28:14,772 INFO src.train.trainer: Last model at epoch 132 saved to checkpoints/etas_20260611-112802/last_model_1.pth
2026-06-11 11:28:14,772 INFO src.train.trainer: Epoch 133
2026-06-11 11:28:14,854 INFO src.train.trainer: New best validation loss: -4.1355, saved to checkpoints/etas_20260611-112802/best_model_1.pth
2026-06-11 11:28:14,858 INFO src.train.trainer: Last model at epoch 133 saved to checkpoints/etas_20260611-112802/last_model_1.pth
2026-06-11 11:28:14,858 INFO src.train.trainer: Epoch 134
2026-06-11 11:28:14,941 INFO src.train.trainer: New best validation loss: -4.1592, saved to checkpoints/etas_20260611-112802/best_model_1.pth
2026-06-11 11:28:14,944 INFO src.train.trainer: Last model at epoch 134 saved to checkpoints/etas_20260611-112802/last_model_1.pth
2026-06-11 11:28:14,944 INFO src.train.trainer: Epoch 135
2026-06-11 11:28:15,026 INFO src.train.trainer: New best validation loss: -4.1832, saved to checkpoints/etas_20260611-112802/best_model_1.pth
2026-06-11 11:28:15,030 INFO src.train.trainer: Last model at epoch 135 saved to checkpoints/etas_20260611-112802/last_model_1.pth
2026-06-11 11:28:15,030 INFO src.train.trainer: Epoch 136
2026-06-11 11:28:15,113 INFO src.train.trainer: New best validation loss: -4.2076, saved to checkpoints/etas_20260611-112802/best_model_1.pth
2026-06-11 11:28:15,116 INFO src.train.trainer: Last model at epoch 136 saved to checkpoints/etas_20260611-112802/last_model_1.pth
2026-06-11 11:28:15,116 INFO src.train.trainer: Epoch 137
2026-06-11 11:28:15,200 INFO src.train.trainer: New best validation loss: -4.2322, saved to checkpoints/etas_20260611-112802/best_model_1.pth
2026-06-11 11:28:15,203 INFO src.train.trainer: Last model at epoch 137 saved to checkpoints/etas_20260611-112802/last_model_1.pth
2026-06-11 11:28:15,203 INFO src.train.trainer: Epoch 138
2026-06-11 11:28:15,286 INFO src.train.trainer: New best validation loss: -4.2570, saved to checkpoints/etas_20260611-112802/best_model_1.pth
2026-06-11 11:28:15,289 INFO src.train.trainer: Last model at epoch 138 saved to checkpoints/etas_20260611-112802/last_model_1.pth
2026-06-11 11:28:15,289 INFO src.train.trainer: Epoch 139
2026-06-11 11:28:15,372 INFO src.train.trainer: New best validation loss: -4.2820, saved to checkpoints/etas_20260611-112802/best_model_1.pth
2026-06-11 11:28:15,375 INFO src.train.trainer: Last model at epoch 139 saved to checkpoints/etas_20260611-112802/last_model_1.pth
2026-06-11 11:28:15,375 INFO src.train.trainer: Epoch 140
2026-06-11 11:28:15,462 INFO src.train.trainer: New best validation loss: -4.3070, saved to checkpoints/etas_20260611-112802/best_model_1.pth
2026-06-11 11:28:15,465 INFO src.train.trainer: Last model at epoch 140 saved to checkpoints/etas_20260611-112802/last_model_1.pth
2026-06-11 11:28:15,465 INFO src.train.trainer: Epoch 141
2026-06-11 11:28:15,546 INFO src.train.trainer: New best validation loss: -4.3321, saved to checkpoints/etas_20260611-112802/best_model_1.pth
2026-06-11 11:28:15,549 INFO src.train.trainer: Last model at epoch 141 saved to checkpoints/etas_20260611-112802/last_model_1.pth
2026-06-11 11:28:15,550 INFO src.train.trainer: Epoch 142
2026-06-11 11:28:15,632 INFO src.train.trainer: New best validation loss: -4.3571, saved to checkpoints/etas_20260611-112802/best_model_1.pth
2026-06-11 11:28:15,635 INFO src.train.trainer: Last model at epoch 142 saved to checkpoints/etas_20260611-112802/last_model_1.pth
2026-06-11 11:28:15,635 INFO src.train.trainer: Epoch 143
2026-06-11 11:28:15,719 INFO src.train.trainer: New best validation loss: -4.3820, saved to checkpoints/etas_20260611-112802/best_model_1.pth
2026-06-11 11:28:15,723 INFO src.train.trainer: Last model at epoch 143 saved to checkpoints/etas_20260611-112802/last_model_1.pth
2026-06-11 11:28:15,723 INFO src.train.trainer: Epoch 144
2026-06-11 11:28:15,807 INFO src.train.trainer: New best validation loss: -4.4067, saved to checkpoints/etas_20260611-112802/best_model_1.pth
2026-06-11 11:28:15,810 INFO src.train.trainer: Last model at epoch 144 saved to checkpoints/etas_20260611-112802/last_model_1.pth
2026-06-11 11:28:15,810 INFO src.train.trainer: Epoch 145
2026-06-11 11:28:15,892 INFO src.train.trainer: New best validation loss: -4.4311, saved to checkpoints/etas_20260611-112802/best_model_1.pth
2026-06-11 11:28:15,895 INFO src.train.trainer: Last model at epoch 145 saved to checkpoints/etas_20260611-112802/last_model_1.pth
2026-06-11 11:28:15,895 INFO src.train.trainer: Epoch 146
2026-06-11 11:28:15,978 INFO src.train.trainer: New best validation loss: -4.4551, saved to checkpoints/etas_20260611-112802/best_model_1.pth
2026-06-11 11:28:15,982 INFO src.train.trainer: Last model at epoch 146 saved to checkpoints/etas_20260611-112802/last_model_1.pth
2026-06-11 11:28:15,982 INFO src.train.trainer: Epoch 147
2026-06-11 11:28:16,066 INFO src.train.trainer: New best validation loss: -4.4786, saved to checkpoints/etas_20260611-112802/best_model_1.pth
2026-06-11 11:28:16,069 INFO src.train.trainer: Last model at epoch 147 saved to checkpoints/etas_20260611-112802/last_model_1.pth
2026-06-11 11:28:16,069 INFO src.train.trainer: Epoch 148
2026-06-11 11:28:16,153 INFO src.train.trainer: New best validation loss: -4.5016, saved to checkpoints/etas_20260611-112802/best_model_1.pth
2026-06-11 11:28:16,156 INFO src.train.trainer: Last model at epoch 148 saved to checkpoints/etas_20260611-112802/last_model_1.pth
2026-06-11 11:28:16,156 INFO src.train.trainer: Epoch 149
2026-06-11 11:28:16,239 INFO src.train.trainer: New best validation loss: -4.5240, saved to checkpoints/etas_20260611-112802/best_model_1.pth
2026-06-11 11:28:16,243 INFO src.train.trainer: Last model at epoch 149 saved to checkpoints/etas_20260611-112802/last_model_1.pth
2026-06-11 11:28:16,243 INFO src.train.trainer: Epoch 150
2026-06-11 11:28:16,325 INFO src.train.trainer: New best validation loss: -4.5458, saved to checkpoints/etas_20260611-112802/best_model_1.pth
2026-06-11 11:28:16,328 INFO src.train.trainer: Last model at epoch 150 saved to checkpoints/etas_20260611-112802/last_model_1.pth
2026-06-11 11:28:16,328 INFO src.train.trainer: Epoch 151
2026-06-11 11:28:16,410 INFO src.train.trainer: New best validation loss: -4.5670, saved to checkpoints/etas_20260611-112802/best_model_1.pth
2026-06-11 11:28:16,413 INFO src.train.trainer: Last model at epoch 151 saved to checkpoints/etas_20260611-112802/last_model_1.pth
2026-06-11 11:28:16,413 INFO src.train.trainer: Epoch 152
2026-06-11 11:28:16,495 INFO src.train.trainer: New best validation loss: -4.5875, saved to checkpoints/etas_20260611-112802/best_model_1.pth
2026-06-11 11:28:16,499 INFO src.train.trainer: Last model at epoch 152 saved to checkpoints/etas_20260611-112802/last_model_1.pth
2026-06-11 11:28:16,499 INFO src.train.trainer: Epoch 153
2026-06-11 11:28:16,581 INFO src.train.trainer: New best validation loss: -4.6072, saved to checkpoints/etas_20260611-112802/best_model_1.pth
2026-06-11 11:28:16,584 INFO src.train.trainer: Last model at epoch 153 saved to checkpoints/etas_20260611-112802/last_model_1.pth
2026-06-11 11:28:16,584 INFO src.train.trainer: Epoch 154
2026-06-11 11:28:16,667 INFO src.train.trainer: New best validation loss: -4.6262, saved to checkpoints/etas_20260611-112802/best_model_1.pth
2026-06-11 11:28:16,670 INFO src.train.trainer: Last model at epoch 154 saved to checkpoints/etas_20260611-112802/last_model_1.pth
2026-06-11 11:28:16,670 INFO src.train.trainer: Epoch 155
2026-06-11 11:28:16,753 INFO src.train.trainer: New best validation loss: -4.6442, saved to checkpoints/etas_20260611-112802/best_model_1.pth
2026-06-11 11:28:16,756 INFO src.train.trainer: Last model at epoch 155 saved to checkpoints/etas_20260611-112802/last_model_1.pth
2026-06-11 11:28:16,756 INFO src.train.trainer: Epoch 156
2026-06-11 11:28:16,839 INFO src.train.trainer: New best validation loss: -4.6613, saved to checkpoints/etas_20260611-112802/best_model_1.pth
2026-06-11 11:28:16,842 INFO src.train.trainer: Last model at epoch 156 saved to checkpoints/etas_20260611-112802/last_model_1.pth
2026-06-11 11:28:16,842 INFO src.train.trainer: Epoch 157
2026-06-11 11:28:16,925 INFO src.train.trainer: New best validation loss: -4.6773, saved to checkpoints/etas_20260611-112802/best_model_1.pth
2026-06-11 11:28:16,928 INFO src.train.trainer: Last model at epoch 157 saved to checkpoints/etas_20260611-112802/last_model_1.pth
2026-06-11 11:28:16,929 INFO src.train.trainer: Epoch 158
2026-06-11 11:28:17,013 INFO src.train.trainer: New best validation loss: -4.6922, saved to checkpoints/etas_20260611-112802/best_model_1.pth
2026-06-11 11:28:17,016 INFO src.train.trainer: Last model at epoch 158 saved to checkpoints/etas_20260611-112802/last_model_1.pth
2026-06-11 11:28:17,016 INFO src.train.trainer: Epoch 159
2026-06-11 11:28:17,101 INFO src.train.trainer: New best validation loss: -4.7060, saved to checkpoints/etas_20260611-112802/best_model_1.pth
2026-06-11 11:28:17,104 INFO src.train.trainer: Last model at epoch 159 saved to checkpoints/etas_20260611-112802/last_model_1.pth
2026-06-11 11:28:17,104 INFO src.train.trainer: Epoch 160
2026-06-11 11:28:17,187 INFO src.train.trainer: New best validation loss: -4.7187, saved to checkpoints/etas_20260611-112802/best_model_1.pth
2026-06-11 11:28:17,190 INFO src.train.trainer: Last model at epoch 160 saved to checkpoints/etas_20260611-112802/last_model_1.pth
2026-06-11 11:28:17,190 INFO src.train.trainer: Epoch 161
2026-06-11 11:28:17,273 INFO src.train.trainer: New best validation loss: -4.7305, saved to checkpoints/etas_20260611-112802/best_model_1.pth
2026-06-11 11:28:17,277 INFO src.train.trainer: Last model at epoch 161 saved to checkpoints/etas_20260611-112802/last_model_1.pth
2026-06-11 11:28:17,277 INFO src.train.trainer: Epoch 162
2026-06-11 11:28:17,374 INFO src.train.trainer: New best validation loss: -4.7415, saved to checkpoints/etas_20260611-112802/best_model_1.pth
2026-06-11 11:28:17,378 INFO src.train.trainer: Last model at epoch 162 saved to checkpoints/etas_20260611-112802/last_model_1.pth
2026-06-11 11:28:17,378 INFO src.train.trainer: Epoch 163
2026-06-11 11:28:17,476 INFO src.train.trainer: New best validation loss: -4.7517, saved to checkpoints/etas_20260611-112802/best_model_1.pth
2026-06-11 11:28:17,480 INFO src.train.trainer: Last model at epoch 163 saved to checkpoints/etas_20260611-112802/last_model_1.pth
2026-06-11 11:28:17,480 INFO src.train.trainer: Epoch 164
2026-06-11 11:28:17,575 INFO src.train.trainer: New best validation loss: -4.7611, saved to checkpoints/etas_20260611-112802/best_model_1.pth
2026-06-11 11:28:17,577 INFO src.train.trainer: Last model at epoch 164 saved to checkpoints/etas_20260611-112802/last_model_1.pth
2026-06-11 11:28:17,578 INFO src.train.trainer: Epoch 165
2026-06-11 11:28:17,658 INFO src.train.trainer: New best validation loss: -4.7697, saved to checkpoints/etas_20260611-112802/best_model_1.pth
2026-06-11 11:28:17,660 INFO src.train.trainer: Last model at epoch 165 saved to checkpoints/etas_20260611-112802/last_model_1.pth
2026-06-11 11:28:17,661 INFO src.train.trainer: Epoch 166
2026-06-11 11:28:17,741 INFO src.train.trainer: New best validation loss: -4.7773, saved to checkpoints/etas_20260611-112802/best_model_1.pth
2026-06-11 11:28:17,744 INFO src.train.trainer: Last model at epoch 166 saved to checkpoints/etas_20260611-112802/last_model_1.pth
2026-06-11 11:28:17,744 INFO src.train.trainer: Epoch 167
2026-06-11 11:28:17,825 INFO src.train.trainer: New best validation loss: -4.7843, saved to checkpoints/etas_20260611-112802/best_model_1.pth
2026-06-11 11:28:17,828 INFO src.train.trainer: Last model at epoch 167 saved to checkpoints/etas_20260611-112802/last_model_1.pth
2026-06-11 11:28:17,828 INFO src.train.trainer: Epoch 168
2026-06-11 11:28:17,909 INFO src.train.trainer: New best validation loss: -4.7908, saved to checkpoints/etas_20260611-112802/best_model_1.pth
2026-06-11 11:28:17,913 INFO src.train.trainer: Last model at epoch 168 saved to checkpoints/etas_20260611-112802/last_model_1.pth
2026-06-11 11:28:17,913 INFO src.train.trainer: Epoch 169
2026-06-11 11:28:17,995 INFO src.train.trainer: New best validation loss: -4.7970, saved to checkpoints/etas_20260611-112802/best_model_1.pth
2026-06-11 11:28:17,998 INFO src.train.trainer: Last model at epoch 169 saved to checkpoints/etas_20260611-112802/last_model_1.pth
2026-06-11 11:28:17,998 INFO src.train.trainer: Epoch 170
2026-06-11 11:28:18,080 INFO src.train.trainer: New best validation loss: -4.8027, saved to checkpoints/etas_20260611-112802/best_model_1.pth
2026-06-11 11:28:18,083 INFO src.train.trainer: Last model at epoch 170 saved to checkpoints/etas_20260611-112802/last_model_1.pth
2026-06-11 11:28:18,083 INFO src.train.trainer: Epoch 171
2026-06-11 11:28:18,166 INFO src.train.trainer: New best validation loss: -4.8078, saved to checkpoints/etas_20260611-112802/best_model_1.pth
2026-06-11 11:28:18,169 INFO src.train.trainer: Last model at epoch 171 saved to checkpoints/etas_20260611-112802/last_model_1.pth
2026-06-11 11:28:18,169 INFO src.train.trainer: Epoch 172
2026-06-11 11:28:18,252 INFO src.train.trainer: New best validation loss: -4.8125, saved to checkpoints/etas_20260611-112802/best_model_1.pth
2026-06-11 11:28:18,255 INFO src.train.trainer: Last model at epoch 172 saved to checkpoints/etas_20260611-112802/last_model_1.pth
2026-06-11 11:28:18,255 INFO src.train.trainer: Epoch 173
2026-06-11 11:28:18,340 INFO src.train.trainer: New best validation loss: -4.8170, saved to checkpoints/etas_20260611-112802/best_model_1.pth
2026-06-11 11:28:18,343 INFO src.train.trainer: Last model at epoch 173 saved to checkpoints/etas_20260611-112802/last_model_1.pth
2026-06-11 11:28:18,343 INFO src.train.trainer: Epoch 174
2026-06-11 11:28:18,428 INFO src.train.trainer: New best validation loss: -4.8214, saved to checkpoints/etas_20260611-112802/best_model_1.pth
2026-06-11 11:28:18,431 INFO src.train.trainer: Last model at epoch 174 saved to checkpoints/etas_20260611-112802/last_model_1.pth
2026-06-11 11:28:18,431 INFO src.train.trainer: Epoch 175
2026-06-11 11:28:18,515 INFO src.train.trainer: New best validation loss: -4.8253, saved to checkpoints/etas_20260611-112802/best_model_1.pth
2026-06-11 11:28:18,519 INFO src.train.trainer: Last model at epoch 175 saved to checkpoints/etas_20260611-112802/last_model_1.pth
2026-06-11 11:28:18,519 INFO src.train.trainer: Epoch 176
2026-06-11 11:28:18,601 INFO src.train.trainer: New best validation loss: -4.8289, saved to checkpoints/etas_20260611-112802/best_model_1.pth
2026-06-11 11:28:18,605 INFO src.train.trainer: Last model at epoch 176 saved to checkpoints/etas_20260611-112802/last_model_1.pth
2026-06-11 11:28:18,605 INFO src.train.trainer: Epoch 177
2026-06-11 11:28:18,687 INFO src.train.trainer: New best validation loss: -4.8324, saved to checkpoints/etas_20260611-112802/best_model_1.pth
2026-06-11 11:28:18,690 INFO src.train.trainer: Last model at epoch 177 saved to checkpoints/etas_20260611-112802/last_model_1.pth
2026-06-11 11:28:18,690 INFO src.train.trainer: Epoch 178
2026-06-11 11:28:18,780 INFO src.train.trainer: New best validation loss: -4.8359, saved to checkpoints/etas_20260611-112802/best_model_1.pth
2026-06-11 11:28:18,783 INFO src.train.trainer: Last model at epoch 178 saved to checkpoints/etas_20260611-112802/last_model_1.pth
2026-06-11 11:28:18,783 INFO src.train.trainer: Epoch 179
2026-06-11 11:28:18,869 INFO src.train.trainer: New best validation loss: -4.8390, saved to checkpoints/etas_20260611-112802/best_model_1.pth
2026-06-11 11:28:18,872 INFO src.train.trainer: Last model at epoch 179 saved to checkpoints/etas_20260611-112802/last_model_1.pth
2026-06-11 11:28:18,873 INFO src.train.trainer: Epoch 180
2026-06-11 11:28:18,955 INFO src.train.trainer: New best validation loss: -4.8419, saved to checkpoints/etas_20260611-112802/best_model_1.pth
2026-06-11 11:28:18,958 INFO src.train.trainer: Last model at epoch 180 saved to checkpoints/etas_20260611-112802/last_model_1.pth
2026-06-11 11:28:18,959 INFO src.train.trainer: Epoch 181
2026-06-11 11:28:19,042 INFO src.train.trainer: New best validation loss: -4.8449, saved to checkpoints/etas_20260611-112802/best_model_1.pth
2026-06-11 11:28:19,045 INFO src.train.trainer: Last model at epoch 181 saved to checkpoints/etas_20260611-112802/last_model_1.pth
2026-06-11 11:28:19,045 INFO src.train.trainer: Epoch 182
2026-06-11 11:28:19,130 INFO src.train.trainer: New best validation loss: -4.8477, saved to checkpoints/etas_20260611-112802/best_model_1.pth
2026-06-11 11:28:19,133 INFO src.train.trainer: Last model at epoch 182 saved to checkpoints/etas_20260611-112802/last_model_1.pth
2026-06-11 11:28:19,133 INFO src.train.trainer: Epoch 183
2026-06-11 11:28:19,217 INFO src.train.trainer: New best validation loss: -4.8502, saved to checkpoints/etas_20260611-112802/best_model_1.pth
2026-06-11 11:28:19,220 INFO src.train.trainer: Last model at epoch 183 saved to checkpoints/etas_20260611-112802/last_model_1.pth
2026-06-11 11:28:19,220 INFO src.train.trainer: Epoch 184
2026-06-11 11:28:19,304 INFO src.train.trainer: New best validation loss: -4.8528, saved to checkpoints/etas_20260611-112802/best_model_1.pth
2026-06-11 11:28:19,307 INFO src.train.trainer: Last model at epoch 184 saved to checkpoints/etas_20260611-112802/last_model_1.pth
2026-06-11 11:28:19,307 INFO src.train.trainer: Epoch 185
2026-06-11 11:28:19,390 INFO src.train.trainer: New best validation loss: -4.8553, saved to checkpoints/etas_20260611-112802/best_model_1.pth
2026-06-11 11:28:19,393 INFO src.train.trainer: Last model at epoch 185 saved to checkpoints/etas_20260611-112802/last_model_1.pth
2026-06-11 11:28:19,393 INFO src.train.trainer: Epoch 186
2026-06-11 11:28:19,478 INFO src.train.trainer: New best validation loss: -4.8576, saved to checkpoints/etas_20260611-112802/best_model_1.pth
2026-06-11 11:28:19,481 INFO src.train.trainer: Last model at epoch 186 saved to checkpoints/etas_20260611-112802/last_model_1.pth
2026-06-11 11:28:19,481 INFO src.train.trainer: Epoch 187
2026-06-11 11:28:19,565 INFO src.train.trainer: New best validation loss: -4.8599, saved to checkpoints/etas_20260611-112802/best_model_1.pth
2026-06-11 11:28:19,568 INFO src.train.trainer: Last model at epoch 187 saved to checkpoints/etas_20260611-112802/last_model_1.pth
2026-06-11 11:28:19,568 INFO src.train.trainer: Epoch 188
2026-06-11 11:28:19,651 INFO src.train.trainer: New best validation loss: -4.8621, saved to checkpoints/etas_20260611-112802/best_model_1.pth
2026-06-11 11:28:19,654 INFO src.train.trainer: Last model at epoch 188 saved to checkpoints/etas_20260611-112802/last_model_1.pth
2026-06-11 11:28:19,655 INFO src.train.trainer: Epoch 189
2026-06-11 11:28:19,739 INFO src.train.trainer: New best validation loss: -4.8642, saved to checkpoints/etas_20260611-112802/best_model_1.pth
2026-06-11 11:28:19,742 INFO src.train.trainer: Last model at epoch 189 saved to checkpoints/etas_20260611-112802/last_model_1.pth
2026-06-11 11:28:19,742 INFO src.train.trainer: Epoch 190
2026-06-11 11:28:19,825 INFO src.train.trainer: New best validation loss: -4.8663, saved to checkpoints/etas_20260611-112802/best_model_1.pth
2026-06-11 11:28:19,829 INFO src.train.trainer: Last model at epoch 190 saved to checkpoints/etas_20260611-112802/last_model_1.pth
2026-06-11 11:28:19,829 INFO src.train.trainer: Epoch 191
2026-06-11 11:28:19,913 INFO src.train.trainer: New best validation loss: -4.8682, saved to checkpoints/etas_20260611-112802/best_model_1.pth
2026-06-11 11:28:19,916 INFO src.train.trainer: Last model at epoch 191 saved to checkpoints/etas_20260611-112802/last_model_1.pth
2026-06-11 11:28:19,917 INFO src.train.trainer: Epoch 192
2026-06-11 11:28:20,002 INFO src.train.trainer: New best validation loss: -4.8702, saved to checkpoints/etas_20260611-112802/best_model_1.pth
2026-06-11 11:28:20,006 INFO src.train.trainer: Last model at epoch 192 saved to checkpoints/etas_20260611-112802/last_model_1.pth
2026-06-11 11:28:20,006 INFO src.train.trainer: Epoch 193
2026-06-11 11:28:20,091 INFO src.train.trainer: New best validation loss: -4.8721, saved to checkpoints/etas_20260611-112802/best_model_1.pth
2026-06-11 11:28:20,094 INFO src.train.trainer: Last model at epoch 193 saved to checkpoints/etas_20260611-112802/last_model_1.pth
2026-06-11 11:28:20,094 INFO src.train.trainer: Epoch 194
2026-06-11 11:28:20,181 INFO src.train.trainer: New best validation loss: -4.8739, saved to checkpoints/etas_20260611-112802/best_model_1.pth
2026-06-11 11:28:20,184 INFO src.train.trainer: Last model at epoch 194 saved to checkpoints/etas_20260611-112802/last_model_1.pth
2026-06-11 11:28:20,184 INFO src.train.trainer: Epoch 195
2026-06-11 11:28:20,271 INFO src.train.trainer: New best validation loss: -4.8757, saved to checkpoints/etas_20260611-112802/best_model_1.pth
2026-06-11 11:28:20,274 INFO src.train.trainer: Last model at epoch 195 saved to checkpoints/etas_20260611-112802/last_model_1.pth
2026-06-11 11:28:20,275 INFO src.train.trainer: Epoch 196
2026-06-11 11:28:20,359 INFO src.train.trainer: New best validation loss: -4.8774, saved to checkpoints/etas_20260611-112802/best_model_1.pth
2026-06-11 11:28:20,362 INFO src.train.trainer: Last model at epoch 196 saved to checkpoints/etas_20260611-112802/last_model_1.pth
2026-06-11 11:28:20,362 INFO src.train.trainer: Epoch 197
2026-06-11 11:28:20,445 INFO src.train.trainer: New best validation loss: -4.8793, saved to checkpoints/etas_20260611-112802/best_model_1.pth
2026-06-11 11:28:20,448 INFO src.train.trainer: Last model at epoch 197 saved to checkpoints/etas_20260611-112802/last_model_1.pth
2026-06-11 11:28:20,449 INFO src.train.trainer: Epoch 198
2026-06-11 11:28:20,531 INFO src.train.trainer: New best validation loss: -4.8807, saved to checkpoints/etas_20260611-112802/best_model_1.pth
2026-06-11 11:28:20,534 INFO src.train.trainer: Last model at epoch 198 saved to checkpoints/etas_20260611-112802/last_model_1.pth
2026-06-11 11:28:20,535 INFO src.train.trainer: Epoch 199
2026-06-11 11:28:20,618 INFO src.train.trainer: New best validation loss: -4.8827, saved to checkpoints/etas_20260611-112802/best_model_1.pth
2026-06-11 11:28:20,621 INFO src.train.trainer: Last model at epoch 199 saved to checkpoints/etas_20260611-112802/last_model_1.pth
2026-06-11 11:28:20,621 INFO src.train.trainer: Epoch 200
2026-06-11 11:28:20,705 INFO src.train.trainer: New best validation loss: -4.8837, saved to checkpoints/etas_20260611-112802/best_model_1.pth
2026-06-11 11:28:20,708 INFO src.train.trainer: Last model at epoch 200 saved to checkpoints/etas_20260611-112802/last_model_1.pth
2026-06-11 11:28:20,708 INFO src.train.trainer: Epoch 201
2026-06-11 11:28:20,791 INFO src.train.trainer: New best validation loss: -4.8861, saved to checkpoints/etas_20260611-112802/best_model_1.pth
2026-06-11 11:28:20,794 INFO src.train.trainer: Last model at epoch 201 saved to checkpoints/etas_20260611-112802/last_model_1.pth
2026-06-11 11:28:20,794 INFO src.train.trainer: Epoch 202
2026-06-11 11:28:20,877 INFO src.train.trainer: New best validation loss: -4.8867, saved to checkpoints/etas_20260611-112802/best_model_1.pth
2026-06-11 11:28:20,880 INFO src.train.trainer: Last model at epoch 202 saved to checkpoints/etas_20260611-112802/last_model_1.pth
2026-06-11 11:28:20,880 INFO src.train.trainer: Epoch 203
2026-06-11 11:28:20,963 INFO src.train.trainer: New best validation loss: -4.8888, saved to checkpoints/etas_20260611-112802/best_model_1.pth
2026-06-11 11:28:20,966 INFO src.train.trainer: Last model at epoch 203 saved to checkpoints/etas_20260611-112802/last_model_1.pth
2026-06-11 11:28:20,966 INFO src.train.trainer: Epoch 204
2026-06-11 11:28:21,050 INFO src.train.trainer: New best validation loss: -4.8904, saved to checkpoints/etas_20260611-112802/best_model_1.pth
2026-06-11 11:28:21,053 INFO src.train.trainer: Last model at epoch 204 saved to checkpoints/etas_20260611-112802/last_model_1.pth
2026-06-11 11:28:21,053 INFO src.train.trainer: Epoch 205
2026-06-11 11:28:21,137 INFO src.train.trainer: New best validation loss: -4.8913, saved to checkpoints/etas_20260611-112802/best_model_1.pth
2026-06-11 11:28:21,140 INFO src.train.trainer: Last model at epoch 205 saved to checkpoints/etas_20260611-112802/last_model_1.pth
2026-06-11 11:28:21,140 INFO src.train.trainer: Epoch 206
2026-06-11 11:28:21,223 INFO src.train.trainer: New best validation loss: -4.8931, saved to checkpoints/etas_20260611-112802/best_model_1.pth
2026-06-11 11:28:21,226 INFO src.train.trainer: Last model at epoch 206 saved to checkpoints/etas_20260611-112802/last_model_1.pth
2026-06-11 11:28:21,226 INFO src.train.trainer: Epoch 207
2026-06-11 11:28:21,309 INFO src.train.trainer: New best validation loss: -4.8947, saved to checkpoints/etas_20260611-112802/best_model_1.pth
2026-06-11 11:28:21,312 INFO src.train.trainer: Last model at epoch 207 saved to checkpoints/etas_20260611-112802/last_model_1.pth
2026-06-11 11:28:21,312 INFO src.train.trainer: Epoch 208
2026-06-11 11:28:21,395 INFO src.train.trainer: New best validation loss: -4.8956, saved to checkpoints/etas_20260611-112802/best_model_1.pth
2026-06-11 11:28:21,398 INFO src.train.trainer: Last model at epoch 208 saved to checkpoints/etas_20260611-112802/last_model_1.pth
2026-06-11 11:28:21,399 INFO src.train.trainer: Epoch 209
2026-06-11 11:28:21,482 INFO src.train.trainer: New best validation loss: -4.8972, saved to checkpoints/etas_20260611-112802/best_model_1.pth
2026-06-11 11:28:21,485 INFO src.train.trainer: Last model at epoch 209 saved to checkpoints/etas_20260611-112802/last_model_1.pth
2026-06-11 11:28:21,485 INFO src.train.trainer: Epoch 210
2026-06-11 11:28:21,570 INFO src.train.trainer: New best validation loss: -4.8987, saved to checkpoints/etas_20260611-112802/best_model_1.pth
2026-06-11 11:28:21,574 INFO src.train.trainer: Last model at epoch 210 saved to checkpoints/etas_20260611-112802/last_model_1.pth
2026-06-11 11:28:21,574 INFO src.train.trainer: Epoch 211
2026-06-11 11:28:21,659 INFO src.train.trainer: New best validation loss: -4.8997, saved to checkpoints/etas_20260611-112802/best_model_1.pth
2026-06-11 11:28:21,662 INFO src.train.trainer: Last model at epoch 211 saved to checkpoints/etas_20260611-112802/last_model_1.pth
2026-06-11 11:28:21,663 INFO src.train.trainer: Epoch 212
2026-06-11 11:28:21,751 INFO src.train.trainer: New best validation loss: -4.9010, saved to checkpoints/etas_20260611-112802/best_model_1.pth
2026-06-11 11:28:21,754 INFO src.train.trainer: Last model at epoch 212 saved to checkpoints/etas_20260611-112802/last_model_1.pth
2026-06-11 11:28:21,754 INFO src.train.trainer: Epoch 213
2026-06-11 11:28:21,837 INFO src.train.trainer: New best validation loss: -4.9026, saved to checkpoints/etas_20260611-112802/best_model_1.pth
2026-06-11 11:28:21,840 INFO src.train.trainer: Last model at epoch 213 saved to checkpoints/etas_20260611-112802/last_model_1.pth
2026-06-11 11:28:21,841 INFO src.train.trainer: Epoch 214
2026-06-11 11:28:21,923 INFO src.train.trainer: New best validation loss: -4.9036, saved to checkpoints/etas_20260611-112802/best_model_1.pth
2026-06-11 11:28:21,927 INFO src.train.trainer: Last model at epoch 214 saved to checkpoints/etas_20260611-112802/last_model_1.pth
2026-06-11 11:28:21,927 INFO src.train.trainer: Epoch 215
2026-06-11 11:28:22,010 INFO src.train.trainer: New best validation loss: -4.9048, saved to checkpoints/etas_20260611-112802/best_model_1.pth
2026-06-11 11:28:22,013 INFO src.train.trainer: Last model at epoch 215 saved to checkpoints/etas_20260611-112802/last_model_1.pth
2026-06-11 11:28:22,013 INFO src.train.trainer: Epoch 216
2026-06-11 11:28:22,097 INFO src.train.trainer: New best validation loss: -4.9062, saved to checkpoints/etas_20260611-112802/best_model_1.pth
2026-06-11 11:28:22,100 INFO src.train.trainer: Last model at epoch 216 saved to checkpoints/etas_20260611-112802/last_model_1.pth
2026-06-11 11:28:22,100 INFO src.train.trainer: Epoch 217
2026-06-11 11:28:22,184 INFO src.train.trainer: New best validation loss: -4.9073, saved to checkpoints/etas_20260611-112802/best_model_1.pth
2026-06-11 11:28:22,187 INFO src.train.trainer: Last model at epoch 217 saved to checkpoints/etas_20260611-112802/last_model_1.pth
2026-06-11 11:28:22,188 INFO src.train.trainer: Epoch 218
2026-06-11 11:28:22,271 INFO src.train.trainer: New best validation loss: -4.9084, saved to checkpoints/etas_20260611-112802/best_model_1.pth
2026-06-11 11:28:22,274 INFO src.train.trainer: Last model at epoch 218 saved to checkpoints/etas_20260611-112802/last_model_1.pth
2026-06-11 11:28:22,274 INFO src.train.trainer: Epoch 219
2026-06-11 11:28:22,356 INFO src.train.trainer: New best validation loss: -4.9098, saved to checkpoints/etas_20260611-112802/best_model_1.pth
2026-06-11 11:28:22,360 INFO src.train.trainer: Last model at epoch 219 saved to checkpoints/etas_20260611-112802/last_model_1.pth
2026-06-11 11:28:22,360 INFO src.train.trainer: Epoch 220
2026-06-11 11:28:22,443 INFO src.train.trainer: New best validation loss: -4.9108, saved to checkpoints/etas_20260611-112802/best_model_1.pth
2026-06-11 11:28:22,446 INFO src.train.trainer: Last model at epoch 220 saved to checkpoints/etas_20260611-112802/last_model_1.pth
2026-06-11 11:28:22,446 INFO src.train.trainer: Epoch 221
2026-06-11 11:28:22,528 INFO src.train.trainer: New best validation loss: -4.9119, saved to checkpoints/etas_20260611-112802/best_model_1.pth
2026-06-11 11:28:22,532 INFO src.train.trainer: Last model at epoch 221 saved to checkpoints/etas_20260611-112802/last_model_1.pth
2026-06-11 11:28:22,532 INFO src.train.trainer: Epoch 222
2026-06-11 11:28:22,614 INFO src.train.trainer: New best validation loss: -4.9131, saved to checkpoints/etas_20260611-112802/best_model_1.pth
2026-06-11 11:28:22,617 INFO src.train.trainer: Last model at epoch 222 saved to checkpoints/etas_20260611-112802/last_model_1.pth
2026-06-11 11:28:22,617 INFO src.train.trainer: Epoch 223
2026-06-11 11:28:22,698 INFO src.train.trainer: New best validation loss: -4.9142, saved to checkpoints/etas_20260611-112802/best_model_1.pth
2026-06-11 11:28:22,702 INFO src.train.trainer: Last model at epoch 223 saved to checkpoints/etas_20260611-112802/last_model_1.pth
2026-06-11 11:28:22,702 INFO src.train.trainer: Epoch 224
2026-06-11 11:28:22,784 INFO src.train.trainer: New best validation loss: -4.9152, saved to checkpoints/etas_20260611-112802/best_model_1.pth
2026-06-11 11:28:22,788 INFO src.train.trainer: Last model at epoch 224 saved to checkpoints/etas_20260611-112802/last_model_1.pth
2026-06-11 11:28:22,788 INFO src.train.trainer: Epoch 225
2026-06-11 11:28:22,870 INFO src.train.trainer: New best validation loss: -4.9164, saved to checkpoints/etas_20260611-112802/best_model_1.pth
2026-06-11 11:28:22,873 INFO src.train.trainer: Last model at epoch 225 saved to checkpoints/etas_20260611-112802/last_model_1.pth
2026-06-11 11:28:22,873 INFO src.train.trainer: Epoch 226
2026-06-11 11:28:22,956 INFO src.train.trainer: New best validation loss: -4.9174, saved to checkpoints/etas_20260611-112802/best_model_1.pth
2026-06-11 11:28:22,959 INFO src.train.trainer: Last model at epoch 226 saved to checkpoints/etas_20260611-112802/last_model_1.pth
2026-06-11 11:28:22,959 INFO src.train.trainer: Epoch 227
2026-06-11 11:28:23,042 INFO src.train.trainer: New best validation loss: -4.9184, saved to checkpoints/etas_20260611-112802/best_model_1.pth
2026-06-11 11:28:23,046 INFO src.train.trainer: Last model at epoch 227 saved to checkpoints/etas_20260611-112802/last_model_1.pth
2026-06-11 11:28:23,046 INFO src.train.trainer: Epoch 228
2026-06-11 11:28:23,132 INFO src.train.trainer: New best validation loss: -4.9195, saved to checkpoints/etas_20260611-112802/best_model_1.pth
2026-06-11 11:28:23,135 INFO src.train.trainer: Last model at epoch 228 saved to checkpoints/etas_20260611-112802/last_model_1.pth
2026-06-11 11:28:23,135 INFO src.train.trainer: Epoch 229
2026-06-11 11:28:23,220 INFO src.train.trainer: New best validation loss: -4.9205, saved to checkpoints/etas_20260611-112802/best_model_1.pth
2026-06-11 11:28:23,223 INFO src.train.trainer: Last model at epoch 229 saved to checkpoints/etas_20260611-112802/last_model_1.pth
2026-06-11 11:28:23,223 INFO src.train.trainer: Epoch 230
2026-06-11 11:28:23,306 INFO src.train.trainer: New best validation loss: -4.9215, saved to checkpoints/etas_20260611-112802/best_model_1.pth
2026-06-11 11:28:23,309 INFO src.train.trainer: Last model at epoch 230 saved to checkpoints/etas_20260611-112802/last_model_1.pth
2026-06-11 11:28:23,309 INFO src.train.trainer: Epoch 231
2026-06-11 11:28:23,392 INFO src.train.trainer: New best validation loss: -4.9225, saved to checkpoints/etas_20260611-112802/best_model_1.pth
2026-06-11 11:28:23,395 INFO src.train.trainer: Last model at epoch 231 saved to checkpoints/etas_20260611-112802/last_model_1.pth
2026-06-11 11:28:23,395 INFO src.train.trainer: Epoch 232
2026-06-11 11:28:23,477 INFO src.train.trainer: New best validation loss: -4.9235, saved to checkpoints/etas_20260611-112802/best_model_1.pth
2026-06-11 11:28:23,481 INFO src.train.trainer: Last model at epoch 232 saved to checkpoints/etas_20260611-112802/last_model_1.pth
2026-06-11 11:28:23,481 INFO src.train.trainer: Epoch 233
2026-06-11 11:28:23,565 INFO src.train.trainer: New best validation loss: -4.9245, saved to checkpoints/etas_20260611-112802/best_model_1.pth
2026-06-11 11:28:23,568 INFO src.train.trainer: Last model at epoch 233 saved to checkpoints/etas_20260611-112802/last_model_1.pth
2026-06-11 11:28:23,569 INFO src.train.trainer: Epoch 234
2026-06-11 11:28:23,652 INFO src.train.trainer: New best validation loss: -4.9254, saved to checkpoints/etas_20260611-112802/best_model_1.pth
2026-06-11 11:28:23,655 INFO src.train.trainer: Last model at epoch 234 saved to checkpoints/etas_20260611-112802/last_model_1.pth
2026-06-11 11:28:23,655 INFO src.train.trainer: Epoch 235
2026-06-11 11:28:23,739 INFO src.train.trainer: New best validation loss: -4.9263, saved to checkpoints/etas_20260611-112802/best_model_1.pth
2026-06-11 11:28:23,742 INFO src.train.trainer: Last model at epoch 235 saved to checkpoints/etas_20260611-112802/last_model_1.pth
2026-06-11 11:28:23,743 INFO src.train.trainer: Epoch 236
2026-06-11 11:28:23,825 INFO src.train.trainer: New best validation loss: -4.9273, saved to checkpoints/etas_20260611-112802/best_model_1.pth
2026-06-11 11:28:23,829 INFO src.train.trainer: Last model at epoch 236 saved to checkpoints/etas_20260611-112802/last_model_1.pth
2026-06-11 11:28:23,829 INFO src.train.trainer: Epoch 237
2026-06-11 11:28:23,911 INFO src.train.trainer: New best validation loss: -4.9282, saved to checkpoints/etas_20260611-112802/best_model_1.pth
2026-06-11 11:28:23,915 INFO src.train.trainer: Last model at epoch 237 saved to checkpoints/etas_20260611-112802/last_model_1.pth
2026-06-11 11:28:23,915 INFO src.train.trainer: Epoch 238
2026-06-11 11:28:23,996 INFO src.train.trainer: New best validation loss: -4.9291, saved to checkpoints/etas_20260611-112802/best_model_1.pth
2026-06-11 11:28:24,000 INFO src.train.trainer: Last model at epoch 238 saved to checkpoints/etas_20260611-112802/last_model_1.pth
2026-06-11 11:28:24,000 INFO src.train.trainer: Epoch 239
2026-06-11 11:28:24,083 INFO src.train.trainer: New best validation loss: -4.9301, saved to checkpoints/etas_20260611-112802/best_model_1.pth
2026-06-11 11:28:24,086 INFO src.train.trainer: Last model at epoch 239 saved to checkpoints/etas_20260611-112802/last_model_1.pth
2026-06-11 11:28:24,086 INFO src.train.trainer: Epoch 240
2026-06-11 11:28:24,170 INFO src.train.trainer: New best validation loss: -4.9309, saved to checkpoints/etas_20260611-112802/best_model_1.pth
2026-06-11 11:28:24,173 INFO src.train.trainer: Last model at epoch 240 saved to checkpoints/etas_20260611-112802/last_model_1.pth
2026-06-11 11:28:24,174 INFO src.train.trainer: Epoch 241
2026-06-11 11:28:24,257 INFO src.train.trainer: New best validation loss: -4.9318, saved to checkpoints/etas_20260611-112802/best_model_1.pth
2026-06-11 11:28:24,260 INFO src.train.trainer: Last model at epoch 241 saved to checkpoints/etas_20260611-112802/last_model_1.pth
2026-06-11 11:28:24,260 INFO src.train.trainer: Epoch 242
2026-06-11 11:28:24,342 INFO src.train.trainer: New best validation loss: -4.9327, saved to checkpoints/etas_20260611-112802/best_model_1.pth
2026-06-11 11:28:24,345 INFO src.train.trainer: Last model at epoch 242 saved to checkpoints/etas_20260611-112802/last_model_1.pth
2026-06-11 11:28:24,346 INFO src.train.trainer: Epoch 243
2026-06-11 11:28:24,432 INFO src.train.trainer: New best validation loss: -4.9335, saved to checkpoints/etas_20260611-112802/best_model_1.pth
2026-06-11 11:28:24,435 INFO src.train.trainer: Last model at epoch 243 saved to checkpoints/etas_20260611-112802/last_model_1.pth
2026-06-11 11:28:24,436 INFO src.train.trainer: Epoch 244
2026-06-11 11:28:24,520 INFO src.train.trainer: New best validation loss: -4.9344, saved to checkpoints/etas_20260611-112802/best_model_1.pth
2026-06-11 11:28:24,523 INFO src.train.trainer: Last model at epoch 244 saved to checkpoints/etas_20260611-112802/last_model_1.pth
2026-06-11 11:28:24,523 INFO src.train.trainer: Epoch 245
2026-06-11 11:28:24,604 INFO src.train.trainer: New best validation loss: -4.9352, saved to checkpoints/etas_20260611-112802/best_model_1.pth
2026-06-11 11:28:24,607 INFO src.train.trainer: Last model at epoch 245 saved to checkpoints/etas_20260611-112802/last_model_1.pth
2026-06-11 11:28:24,607 INFO src.train.trainer: Epoch 246
2026-06-11 11:28:24,688 INFO src.train.trainer: New best validation loss: -4.9360, saved to checkpoints/etas_20260611-112802/best_model_1.pth
2026-06-11 11:28:24,691 INFO src.train.trainer: Last model at epoch 246 saved to checkpoints/etas_20260611-112802/last_model_1.pth
2026-06-11 11:28:24,691 INFO src.train.trainer: Epoch 247
2026-06-11 11:28:24,772 INFO src.train.trainer: New best validation loss: -4.9368, saved to checkpoints/etas_20260611-112802/best_model_1.pth
2026-06-11 11:28:24,775 INFO src.train.trainer: Last model at epoch 247 saved to checkpoints/etas_20260611-112802/last_model_1.pth
2026-06-11 11:28:24,775 INFO src.train.trainer: Epoch 248
2026-06-11 11:28:24,856 INFO src.train.trainer: New best validation loss: -4.9377, saved to checkpoints/etas_20260611-112802/best_model_1.pth
2026-06-11 11:28:24,859 INFO src.train.trainer: Last model at epoch 248 saved to checkpoints/etas_20260611-112802/last_model_1.pth
2026-06-11 11:28:24,860 INFO src.train.trainer: Epoch 249
2026-06-11 11:28:24,942 INFO src.train.trainer: New best validation loss: -4.9384, saved to checkpoints/etas_20260611-112802/best_model_1.pth
2026-06-11 11:28:24,945 INFO src.train.trainer: Last model at epoch 249 saved to checkpoints/etas_20260611-112802/last_model_1.pth
2026-06-11 11:28:24,945 INFO src.train.trainer: Epoch 250
2026-06-11 11:28:25,027 INFO src.train.trainer: New best validation loss: -4.9392, saved to checkpoints/etas_20260611-112802/best_model_1.pth
2026-06-11 11:28:25,030 INFO src.train.trainer: Last model at epoch 250 saved to checkpoints/etas_20260611-112802/last_model_1.pth
2026-06-11 11:28:25,030 INFO src.train.trainer: Epoch 251
2026-06-11 11:28:25,112 INFO src.train.trainer: New best validation loss: -4.9400, saved to checkpoints/etas_20260611-112802/best_model_1.pth
2026-06-11 11:28:25,116 INFO src.train.trainer: Last model at epoch 251 saved to checkpoints/etas_20260611-112802/last_model_1.pth
2026-06-11 11:28:25,116 INFO src.train.trainer: Epoch 252
2026-06-11 11:28:25,197 INFO src.train.trainer: New best validation loss: -4.9408, saved to checkpoints/etas_20260611-112802/best_model_1.pth
2026-06-11 11:28:25,200 INFO src.train.trainer: Last model at epoch 252 saved to checkpoints/etas_20260611-112802/last_model_1.pth
2026-06-11 11:28:25,200 INFO src.train.trainer: Epoch 253
2026-06-11 11:28:25,282 INFO src.train.trainer: New best validation loss: -4.9415, saved to checkpoints/etas_20260611-112802/best_model_1.pth
2026-06-11 11:28:25,285 INFO src.train.trainer: Last model at epoch 253 saved to checkpoints/etas_20260611-112802/last_model_1.pth
2026-06-11 11:28:25,285 INFO src.train.trainer: Epoch 254
2026-06-11 11:28:25,368 INFO src.train.trainer: New best validation loss: -4.9423, saved to checkpoints/etas_20260611-112802/best_model_1.pth
2026-06-11 11:28:25,371 INFO src.train.trainer: Last model at epoch 254 saved to checkpoints/etas_20260611-112802/last_model_1.pth
2026-06-11 11:28:25,371 INFO src.train.trainer: Epoch 255
2026-06-11 11:28:25,454 INFO src.train.trainer: New best validation loss: -4.9430, saved to checkpoints/etas_20260611-112802/best_model_1.pth
2026-06-11 11:28:25,457 INFO src.train.trainer: Last model at epoch 255 saved to checkpoints/etas_20260611-112802/last_model_1.pth
2026-06-11 11:28:25,458 INFO src.train.trainer: Epoch 256
2026-06-11 11:28:25,543 INFO src.train.trainer: New best validation loss: -4.9438, saved to checkpoints/etas_20260611-112802/best_model_1.pth
2026-06-11 11:28:25,547 INFO src.train.trainer: Last model at epoch 256 saved to checkpoints/etas_20260611-112802/last_model_1.pth
2026-06-11 11:28:25,547 INFO src.train.trainer: Epoch 257
2026-06-11 11:28:25,630 INFO src.train.trainer: New best validation loss: -4.9445, saved to checkpoints/etas_20260611-112802/best_model_1.pth
2026-06-11 11:28:25,633 INFO src.train.trainer: Last model at epoch 257 saved to checkpoints/etas_20260611-112802/last_model_1.pth
2026-06-11 11:28:25,633 INFO src.train.trainer: Epoch 258
2026-06-11 11:28:25,716 INFO src.train.trainer: New best validation loss: -4.9452, saved to checkpoints/etas_20260611-112802/best_model_1.pth
2026-06-11 11:28:25,719 INFO src.train.trainer: Last model at epoch 258 saved to checkpoints/etas_20260611-112802/last_model_1.pth
2026-06-11 11:28:25,719 INFO src.train.trainer: Epoch 259
2026-06-11 11:28:25,802 INFO src.train.trainer: New best validation loss: -4.9459, saved to checkpoints/etas_20260611-112802/best_model_1.pth
2026-06-11 11:28:25,805 INFO src.train.trainer: Last model at epoch 259 saved to checkpoints/etas_20260611-112802/last_model_1.pth
2026-06-11 11:28:25,805 INFO src.train.trainer: Epoch 260
2026-06-11 11:28:25,888 INFO src.train.trainer: New best validation loss: -4.9466, saved to checkpoints/etas_20260611-112802/best_model_1.pth
2026-06-11 11:28:25,891 INFO src.train.trainer: Last model at epoch 260 saved to checkpoints/etas_20260611-112802/last_model_1.pth
2026-06-11 11:28:25,891 INFO src.train.trainer: Epoch 261
2026-06-11 11:28:25,973 INFO src.train.trainer: New best validation loss: -4.9473, saved to checkpoints/etas_20260611-112802/best_model_1.pth
2026-06-11 11:28:25,976 INFO src.train.trainer: Last model at epoch 261 saved to checkpoints/etas_20260611-112802/last_model_1.pth
2026-06-11 11:28:25,976 INFO src.train.trainer: Epoch 262
2026-06-11 11:28:26,060 INFO src.train.trainer: New best validation loss: -4.9480, saved to checkpoints/etas_20260611-112802/best_model_1.pth
2026-06-11 11:28:26,063 INFO src.train.trainer: Last model at epoch 262 saved to checkpoints/etas_20260611-112802/last_model_1.pth
2026-06-11 11:28:26,063 INFO src.train.trainer: Epoch 263
2026-06-11 11:28:26,147 INFO src.train.trainer: New best validation loss: -4.9487, saved to checkpoints/etas_20260611-112802/best_model_1.pth
2026-06-11 11:28:26,150 INFO src.train.trainer: Last model at epoch 263 saved to checkpoints/etas_20260611-112802/last_model_1.pth
2026-06-11 11:28:26,151 INFO src.train.trainer: Epoch 264
2026-06-11 11:28:26,236 INFO src.train.trainer: New best validation loss: -4.9493, saved to checkpoints/etas_20260611-112802/best_model_1.pth
2026-06-11 11:28:26,239 INFO src.train.trainer: Last model at epoch 264 saved to checkpoints/etas_20260611-112802/last_model_1.pth
2026-06-11 11:28:26,239 INFO src.train.trainer: Epoch 265
2026-06-11 11:28:26,323 INFO src.train.trainer: New best validation loss: -4.9500, saved to checkpoints/etas_20260611-112802/best_model_1.pth
2026-06-11 11:28:26,326 INFO src.train.trainer: Last model at epoch 265 saved to checkpoints/etas_20260611-112802/last_model_1.pth
2026-06-11 11:28:26,326 INFO src.train.trainer: Epoch 266
2026-06-11 11:28:26,410 INFO src.train.trainer: New best validation loss: -4.9506, saved to checkpoints/etas_20260611-112802/best_model_1.pth
2026-06-11 11:28:26,413 INFO src.train.trainer: Last model at epoch 266 saved to checkpoints/etas_20260611-112802/last_model_1.pth
2026-06-11 11:28:26,414 INFO src.train.trainer: Epoch 267
2026-06-11 11:28:26,501 INFO src.train.trainer: New best validation loss: -4.9512, saved to checkpoints/etas_20260611-112802/best_model_1.pth
2026-06-11 11:28:26,504 INFO src.train.trainer: Last model at epoch 267 saved to checkpoints/etas_20260611-112802/last_model_1.pth
2026-06-11 11:28:26,505 INFO src.train.trainer: Epoch 268
2026-06-11 11:28:26,590 INFO src.train.trainer: New best validation loss: -4.9519, saved to checkpoints/etas_20260611-112802/best_model_1.pth
2026-06-11 11:28:26,593 INFO src.train.trainer: Last model at epoch 268 saved to checkpoints/etas_20260611-112802/last_model_1.pth
2026-06-11 11:28:26,593 INFO src.train.trainer: Epoch 269
2026-06-11 11:28:26,676 INFO src.train.trainer: New best validation loss: -4.9525, saved to checkpoints/etas_20260611-112802/best_model_1.pth
2026-06-11 11:28:26,679 INFO src.train.trainer: Last model at epoch 269 saved to checkpoints/etas_20260611-112802/last_model_1.pth
2026-06-11 11:28:26,679 INFO src.train.trainer: Epoch 270
2026-06-11 11:28:26,762 INFO src.train.trainer: New best validation loss: -4.9531, saved to checkpoints/etas_20260611-112802/best_model_1.pth
2026-06-11 11:28:26,765 INFO src.train.trainer: Last model at epoch 270 saved to checkpoints/etas_20260611-112802/last_model_1.pth
2026-06-11 11:28:26,766 INFO src.train.trainer: Epoch 271
2026-06-11 11:28:26,849 INFO src.train.trainer: New best validation loss: -4.9538, saved to checkpoints/etas_20260611-112802/best_model_1.pth
2026-06-11 11:28:26,852 INFO src.train.trainer: Last model at epoch 271 saved to checkpoints/etas_20260611-112802/last_model_1.pth
2026-06-11 11:28:26,853 INFO src.train.trainer: Epoch 272
2026-06-11 11:28:26,936 INFO src.train.trainer: New best validation loss: -4.9544, saved to checkpoints/etas_20260611-112802/best_model_1.pth
2026-06-11 11:28:26,940 INFO src.train.trainer: Last model at epoch 272 saved to checkpoints/etas_20260611-112802/last_model_1.pth
2026-06-11 11:28:26,940 INFO src.train.trainer: Epoch 273
2026-06-11 11:28:27,025 INFO src.train.trainer: New best validation loss: -4.9550, saved to checkpoints/etas_20260611-112802/best_model_1.pth
2026-06-11 11:28:27,028 INFO src.train.trainer: Last model at epoch 273 saved to checkpoints/etas_20260611-112802/last_model_1.pth
2026-06-11 11:28:27,029 INFO src.train.trainer: Epoch 274
2026-06-11 11:28:27,116 INFO src.train.trainer: New best validation loss: -4.9556, saved to checkpoints/etas_20260611-112802/best_model_1.pth
2026-06-11 11:28:27,120 INFO src.train.trainer: Last model at epoch 274 saved to checkpoints/etas_20260611-112802/last_model_1.pth
2026-06-11 11:28:27,120 INFO src.train.trainer: Epoch 275
2026-06-11 11:28:27,204 INFO src.train.trainer: New best validation loss: -4.9561, saved to checkpoints/etas_20260611-112802/best_model_1.pth
2026-06-11 11:28:27,207 INFO src.train.trainer: Last model at epoch 275 saved to checkpoints/etas_20260611-112802/last_model_1.pth
2026-06-11 11:28:27,207 INFO src.train.trainer: Epoch 276
2026-06-11 11:28:27,290 INFO src.train.trainer: New best validation loss: -4.9567, saved to checkpoints/etas_20260611-112802/best_model_1.pth
2026-06-11 11:28:27,293 INFO src.train.trainer: Last model at epoch 276 saved to checkpoints/etas_20260611-112802/last_model_1.pth
2026-06-11 11:28:27,293 INFO src.train.trainer: Epoch 277
2026-06-11 11:28:27,376 INFO src.train.trainer: New best validation loss: -4.9573, saved to checkpoints/etas_20260611-112802/best_model_1.pth
2026-06-11 11:28:27,379 INFO src.train.trainer: Last model at epoch 277 saved to checkpoints/etas_20260611-112802/last_model_1.pth
2026-06-11 11:28:27,379 INFO src.train.trainer: Epoch 278
2026-06-11 11:28:27,461 INFO src.train.trainer: New best validation loss: -4.9579, saved to checkpoints/etas_20260611-112802/best_model_1.pth
2026-06-11 11:28:27,465 INFO src.train.trainer: Last model at epoch 278 saved to checkpoints/etas_20260611-112802/last_model_1.pth
2026-06-11 11:28:27,465 INFO src.train.trainer: Epoch 279
2026-06-11 11:28:27,548 INFO src.train.trainer: New best validation loss: -4.9585, saved to checkpoints/etas_20260611-112802/best_model_1.pth
2026-06-11 11:28:27,552 INFO src.train.trainer: Last model at epoch 279 saved to checkpoints/etas_20260611-112802/last_model_1.pth
2026-06-11 11:28:27,552 INFO src.train.trainer: Epoch 280
2026-06-11 11:28:27,635 INFO src.train.trainer: New best validation loss: -4.9590, saved to checkpoints/etas_20260611-112802/best_model_1.pth
2026-06-11 11:28:27,638 INFO src.train.trainer: Last model at epoch 280 saved to checkpoints/etas_20260611-112802/last_model_1.pth
2026-06-11 11:28:27,638 INFO src.train.trainer: Epoch 281
2026-06-11 11:28:27,721 INFO src.train.trainer: New best validation loss: -4.9596, saved to checkpoints/etas_20260611-112802/best_model_1.pth
2026-06-11 11:28:27,725 INFO src.train.trainer: Last model at epoch 281 saved to checkpoints/etas_20260611-112802/last_model_1.pth
2026-06-11 11:28:27,725 INFO src.train.trainer: Epoch 282
2026-06-11 11:28:27,810 INFO src.train.trainer: New best validation loss: -4.9601, saved to checkpoints/etas_20260611-112802/best_model_1.pth
2026-06-11 11:28:27,813 INFO src.train.trainer: Last model at epoch 282 saved to checkpoints/etas_20260611-112802/last_model_1.pth
2026-06-11 11:28:27,813 INFO src.train.trainer: Epoch 283
2026-06-11 11:28:27,898 INFO src.train.trainer: New best validation loss: -4.9606, saved to checkpoints/etas_20260611-112802/best_model_1.pth
2026-06-11 11:28:27,902 INFO src.train.trainer: Last model at epoch 283 saved to checkpoints/etas_20260611-112802/last_model_1.pth
2026-06-11 11:28:27,902 INFO src.train.trainer: Epoch 284
2026-06-11 11:28:27,988 INFO src.train.trainer: New best validation loss: -4.9612, saved to checkpoints/etas_20260611-112802/best_model_1.pth
2026-06-11 11:28:27,991 INFO src.train.trainer: Last model at epoch 284 saved to checkpoints/etas_20260611-112802/last_model_1.pth
2026-06-11 11:28:27,991 INFO src.train.trainer: Epoch 285
2026-06-11 11:28:28,075 INFO src.train.trainer: New best validation loss: -4.9617, saved to checkpoints/etas_20260611-112802/best_model_1.pth
2026-06-11 11:28:28,078 INFO src.train.trainer: Last model at epoch 285 saved to checkpoints/etas_20260611-112802/last_model_1.pth
2026-06-11 11:28:28,079 INFO src.train.trainer: Epoch 286
2026-06-11 11:28:28,163 INFO src.train.trainer: New best validation loss: -4.9622, saved to checkpoints/etas_20260611-112802/best_model_1.pth
2026-06-11 11:28:28,166 INFO src.train.trainer: Last model at epoch 286 saved to checkpoints/etas_20260611-112802/last_model_1.pth
2026-06-11 11:28:28,166 INFO src.train.trainer: Epoch 287
2026-06-11 11:28:28,249 INFO src.train.trainer: New best validation loss: -4.9627, saved to checkpoints/etas_20260611-112802/best_model_1.pth
2026-06-11 11:28:28,253 INFO src.train.trainer: Last model at epoch 287 saved to checkpoints/etas_20260611-112802/last_model_1.pth
2026-06-11 11:28:28,253 INFO src.train.trainer: Epoch 288
2026-06-11 11:28:28,335 INFO src.train.trainer: New best validation loss: -4.9632, saved to checkpoints/etas_20260611-112802/best_model_1.pth
2026-06-11 11:28:28,338 INFO src.train.trainer: Last model at epoch 288 saved to checkpoints/etas_20260611-112802/last_model_1.pth
2026-06-11 11:28:28,339 INFO src.train.trainer: Epoch 289
2026-06-11 11:28:28,422 INFO src.train.trainer: New best validation loss: -4.9638, saved to checkpoints/etas_20260611-112802/best_model_1.pth
2026-06-11 11:28:28,425 INFO src.train.trainer: Last model at epoch 289 saved to checkpoints/etas_20260611-112802/last_model_1.pth
2026-06-11 11:28:28,426 INFO src.train.trainer: Epoch 290
2026-06-11 11:28:28,510 INFO src.train.trainer: New best validation loss: -4.9642, saved to checkpoints/etas_20260611-112802/best_model_1.pth
2026-06-11 11:28:28,513 INFO src.train.trainer: Last model at epoch 290 saved to checkpoints/etas_20260611-112802/last_model_1.pth
2026-06-11 11:28:28,513 INFO src.train.trainer: Epoch 291
2026-06-11 11:28:28,596 INFO src.train.trainer: New best validation loss: -4.9647, saved to checkpoints/etas_20260611-112802/best_model_1.pth
2026-06-11 11:28:28,600 INFO src.train.trainer: Last model at epoch 291 saved to checkpoints/etas_20260611-112802/last_model_1.pth
2026-06-11 11:28:28,600 INFO src.train.trainer: Epoch 292
2026-06-11 11:28:28,684 INFO src.train.trainer: New best validation loss: -4.9652, saved to checkpoints/etas_20260611-112802/best_model_1.pth
2026-06-11 11:28:28,687 INFO src.train.trainer: Last model at epoch 292 saved to checkpoints/etas_20260611-112802/last_model_1.pth
2026-06-11 11:28:28,688 INFO src.train.trainer: Epoch 293
2026-06-11 11:28:28,773 INFO src.train.trainer: New best validation loss: -4.9657, saved to checkpoints/etas_20260611-112802/best_model_1.pth
2026-06-11 11:28:28,776 INFO src.train.trainer: Last model at epoch 293 saved to checkpoints/etas_20260611-112802/last_model_1.pth
2026-06-11 11:28:28,776 INFO src.train.trainer: Epoch 294
2026-06-11 11:28:28,859 INFO src.train.trainer: New best validation loss: -4.9662, saved to checkpoints/etas_20260611-112802/best_model_1.pth
2026-06-11 11:28:28,863 INFO src.train.trainer: Last model at epoch 294 saved to checkpoints/etas_20260611-112802/last_model_1.pth
2026-06-11 11:28:28,863 INFO src.train.trainer: Epoch 295
2026-06-11 11:28:28,947 INFO src.train.trainer: New best validation loss: -4.9667, saved to checkpoints/etas_20260611-112802/best_model_1.pth
2026-06-11 11:28:28,950 INFO src.train.trainer: Last model at epoch 295 saved to checkpoints/etas_20260611-112802/last_model_1.pth
2026-06-11 11:28:28,950 INFO src.train.trainer: Epoch 296
2026-06-11 11:28:29,033 INFO src.train.trainer: New best validation loss: -4.9672, saved to checkpoints/etas_20260611-112802/best_model_1.pth
2026-06-11 11:28:29,037 INFO src.train.trainer: Last model at epoch 296 saved to checkpoints/etas_20260611-112802/last_model_1.pth
2026-06-11 11:28:29,037 INFO src.train.trainer: Epoch 297
2026-06-11 11:28:29,122 INFO src.train.trainer: New best validation loss: -4.9676, saved to checkpoints/etas_20260611-112802/best_model_1.pth
2026-06-11 11:28:29,126 INFO src.train.trainer: Last model at epoch 297 saved to checkpoints/etas_20260611-112802/last_model_1.pth
2026-06-11 11:28:29,126 INFO src.train.trainer: Epoch 298
2026-06-11 11:28:29,210 INFO src.train.trainer: New best validation loss: -4.9681, saved to checkpoints/etas_20260611-112802/best_model_1.pth
2026-06-11 11:28:29,213 INFO src.train.trainer: Last model at epoch 298 saved to checkpoints/etas_20260611-112802/last_model_1.pth
2026-06-11 11:28:29,213 INFO src.train.trainer: Epoch 299
2026-06-11 11:28:29,297 INFO src.train.trainer: New best validation loss: -4.9685, saved to checkpoints/etas_20260611-112802/best_model_1.pth
2026-06-11 11:28:29,300 INFO src.train.trainer: Last model at epoch 299 saved to checkpoints/etas_20260611-112802/last_model_1.pth
2026-06-11 11:28:29,301 INFO src.train.trainer: Epoch 300
2026-06-11 11:28:29,384 INFO src.train.trainer: New best validation loss: -4.9690, saved to checkpoints/etas_20260611-112802/best_model_1.pth
2026-06-11 11:28:29,388 INFO src.train.trainer: Last model at epoch 300 saved to checkpoints/etas_20260611-112802/last_model_1.pth
2026-06-11 11:28:29,388 INFO src.train.trainer: Epoch 301
2026-06-11 11:28:29,472 INFO src.train.trainer: New best validation loss: -4.9693, saved to checkpoints/etas_20260611-112802/best_model_1.pth
2026-06-11 11:28:29,475 INFO src.train.trainer: Last model at epoch 301 saved to checkpoints/etas_20260611-112802/last_model_1.pth
2026-06-11 11:28:29,475 INFO src.train.trainer: Epoch 302
2026-06-11 11:28:29,558 INFO src.train.trainer: New best validation loss: -4.9697, saved to checkpoints/etas_20260611-112802/best_model_1.pth
2026-06-11 11:28:29,562 INFO src.train.trainer: Last model at epoch 302 saved to checkpoints/etas_20260611-112802/last_model_1.pth
2026-06-11 11:28:29,562 INFO src.train.trainer: Epoch 303
2026-06-11 11:28:29,647 INFO src.train.trainer: New best validation loss: -4.9700, saved to checkpoints/etas_20260611-112802/best_model_1.pth
2026-06-11 11:28:29,650 INFO src.train.trainer: Last model at epoch 303 saved to checkpoints/etas_20260611-112802/last_model_1.pth
2026-06-11 11:28:29,651 INFO src.train.trainer: Epoch 304
2026-06-11 11:28:29,735 INFO src.train.trainer: New best validation loss: -4.9704, saved to checkpoints/etas_20260611-112802/best_model_1.pth
2026-06-11 11:28:29,738 INFO src.train.trainer: Last model at epoch 304 saved to checkpoints/etas_20260611-112802/last_model_1.pth
2026-06-11 11:28:29,739 INFO src.train.trainer: Epoch 305
2026-06-11 11:28:29,822 INFO src.train.trainer: New best validation loss: -4.9707, saved to checkpoints/etas_20260611-112802/best_model_1.pth
2026-06-11 11:28:29,825 INFO src.train.trainer: Last model at epoch 305 saved to checkpoints/etas_20260611-112802/last_model_1.pth
2026-06-11 11:28:29,825 INFO src.train.trainer: Epoch 306
2026-06-11 11:28:29,910 INFO src.train.trainer: New best validation loss: -4.9711, saved to checkpoints/etas_20260611-112802/best_model_1.pth
2026-06-11 11:28:29,913 INFO src.train.trainer: Last model at epoch 306 saved to checkpoints/etas_20260611-112802/last_model_1.pth
2026-06-11 11:28:29,914 INFO src.train.trainer: Epoch 307
2026-06-11 11:28:29,997 INFO src.train.trainer: New best validation loss: -4.9714, saved to checkpoints/etas_20260611-112802/best_model_1.pth
2026-06-11 11:28:30,001 INFO src.train.trainer: Last model at epoch 307 saved to checkpoints/etas_20260611-112802/last_model_1.pth
2026-06-11 11:28:30,001 INFO src.train.trainer: Epoch 308
2026-06-11 11:28:30,086 INFO src.train.trainer: New best validation loss: -4.9718, saved to checkpoints/etas_20260611-112802/best_model_1.pth
2026-06-11 11:28:30,089 INFO src.train.trainer: Last model at epoch 308 saved to checkpoints/etas_20260611-112802/last_model_1.pth
2026-06-11 11:28:30,089 INFO src.train.trainer: Epoch 309
2026-06-11 11:28:30,173 INFO src.train.trainer: New best validation loss: -4.9721, saved to checkpoints/etas_20260611-112802/best_model_1.pth
2026-06-11 11:28:30,176 INFO src.train.trainer: Last model at epoch 309 saved to checkpoints/etas_20260611-112802/last_model_1.pth
2026-06-11 11:28:30,176 INFO src.train.trainer: Epoch 310
2026-06-11 11:28:30,259 INFO src.train.trainer: New best validation loss: -4.9725, saved to checkpoints/etas_20260611-112802/best_model_1.pth
2026-06-11 11:28:30,262 INFO src.train.trainer: Last model at epoch 310 saved to checkpoints/etas_20260611-112802/last_model_1.pth
2026-06-11 11:28:30,263 INFO src.train.trainer: Epoch 311
2026-06-11 11:28:30,345 INFO src.train.trainer: New best validation loss: -4.9728, saved to checkpoints/etas_20260611-112802/best_model_1.pth
2026-06-11 11:28:30,348 INFO src.train.trainer: Last model at epoch 311 saved to checkpoints/etas_20260611-112802/last_model_1.pth
2026-06-11 11:28:30,349 INFO src.train.trainer: Epoch 312
2026-06-11 11:28:30,433 INFO src.train.trainer: New best validation loss: -4.9731, saved to checkpoints/etas_20260611-112802/best_model_1.pth
2026-06-11 11:28:30,436 INFO src.train.trainer: Last model at epoch 312 saved to checkpoints/etas_20260611-112802/last_model_1.pth
2026-06-11 11:28:30,436 INFO src.train.trainer: Epoch 313
2026-06-11 11:28:30,520 INFO src.train.trainer: New best validation loss: -4.9735, saved to checkpoints/etas_20260611-112802/best_model_1.pth
2026-06-11 11:28:30,523 INFO src.train.trainer: Last model at epoch 313 saved to checkpoints/etas_20260611-112802/last_model_1.pth
2026-06-11 11:28:30,524 INFO src.train.trainer: Epoch 314
2026-06-11 11:28:30,609 INFO src.train.trainer: New best validation loss: -4.9738, saved to checkpoints/etas_20260611-112802/best_model_1.pth
2026-06-11 11:28:30,612 INFO src.train.trainer: Last model at epoch 314 saved to checkpoints/etas_20260611-112802/last_model_1.pth
2026-06-11 11:28:30,612 INFO src.train.trainer: Epoch 315
2026-06-11 11:28:30,695 INFO src.train.trainer: New best validation loss: -4.9741, saved to checkpoints/etas_20260611-112802/best_model_1.pth
2026-06-11 11:28:30,699 INFO src.train.trainer: Last model at epoch 315 saved to checkpoints/etas_20260611-112802/last_model_1.pth
2026-06-11 11:28:30,699 INFO src.train.trainer: Epoch 316
2026-06-11 11:28:30,782 INFO src.train.trainer: New best validation loss: -4.9744, saved to checkpoints/etas_20260611-112802/best_model_1.pth
2026-06-11 11:28:30,785 INFO src.train.trainer: Last model at epoch 316 saved to checkpoints/etas_20260611-112802/last_model_1.pth
2026-06-11 11:28:30,786 INFO src.train.trainer: Epoch 317
2026-06-11 11:28:30,870 INFO src.train.trainer: New best validation loss: -4.9748, saved to checkpoints/etas_20260611-112802/best_model_1.pth
2026-06-11 11:28:30,873 INFO src.train.trainer: Last model at epoch 317 saved to checkpoints/etas_20260611-112802/last_model_1.pth
2026-06-11 11:28:30,873 INFO src.train.trainer: Epoch 318
2026-06-11 11:28:30,957 INFO src.train.trainer: New best validation loss: -4.9751, saved to checkpoints/etas_20260611-112802/best_model_1.pth
2026-06-11 11:28:30,960 INFO src.train.trainer: Last model at epoch 318 saved to checkpoints/etas_20260611-112802/last_model_1.pth
2026-06-11 11:28:30,960 INFO src.train.trainer: Epoch 319
2026-06-11 11:28:31,044 INFO src.train.trainer: New best validation loss: -4.9754, saved to checkpoints/etas_20260611-112802/best_model_1.pth
2026-06-11 11:28:31,047 INFO src.train.trainer: Last model at epoch 319 saved to checkpoints/etas_20260611-112802/last_model_1.pth
2026-06-11 11:28:31,047 INFO src.train.trainer: Epoch 320
2026-06-11 11:28:31,131 INFO src.train.trainer: New best validation loss: -4.9757, saved to checkpoints/etas_20260611-112802/best_model_1.pth
2026-06-11 11:28:31,134 INFO src.train.trainer: Last model at epoch 320 saved to checkpoints/etas_20260611-112802/last_model_1.pth
2026-06-11 11:28:31,134 INFO src.train.trainer: Epoch 321
2026-06-11 11:28:31,217 INFO src.train.trainer: New best validation loss: -4.9760, saved to checkpoints/etas_20260611-112802/best_model_1.pth
2026-06-11 11:28:31,221 INFO src.train.trainer: Last model at epoch 321 saved to checkpoints/etas_20260611-112802/last_model_1.pth
2026-06-11 11:28:31,221 INFO src.train.trainer: Epoch 322
2026-06-11 11:28:31,305 INFO src.train.trainer: New best validation loss: -4.9764, saved to checkpoints/etas_20260611-112802/best_model_1.pth
2026-06-11 11:28:31,309 INFO src.train.trainer: Last model at epoch 322 saved to checkpoints/etas_20260611-112802/last_model_1.pth
2026-06-11 11:28:31,309 INFO src.train.trainer: Epoch 323
2026-06-11 11:28:31,393 INFO src.train.trainer: New best validation loss: -4.9767, saved to checkpoints/etas_20260611-112802/best_model_1.pth
2026-06-11 11:28:31,396 INFO src.train.trainer: Last model at epoch 323 saved to checkpoints/etas_20260611-112802/last_model_1.pth
2026-06-11 11:28:31,396 INFO src.train.trainer: Epoch 324
2026-06-11 11:28:31,480 INFO src.train.trainer: New best validation loss: -4.9770, saved to checkpoints/etas_20260611-112802/best_model_1.pth
2026-06-11 11:28:31,483 INFO src.train.trainer: Last model at epoch 324 saved to checkpoints/etas_20260611-112802/last_model_1.pth
2026-06-11 11:28:31,483 INFO src.train.trainer: Epoch 325
2026-06-11 11:28:31,566 INFO src.train.trainer: New best validation loss: -4.9773, saved to checkpoints/etas_20260611-112802/best_model_1.pth
2026-06-11 11:28:31,570 INFO src.train.trainer: Last model at epoch 325 saved to checkpoints/etas_20260611-112802/last_model_1.pth
2026-06-11 11:28:31,570 INFO src.train.trainer: Epoch 326
2026-06-11 11:28:31,653 INFO src.train.trainer: New best validation loss: -4.9776, saved to checkpoints/etas_20260611-112802/best_model_1.pth
2026-06-11 11:28:31,657 INFO src.train.trainer: Last model at epoch 326 saved to checkpoints/etas_20260611-112802/last_model_1.pth
2026-06-11 11:28:31,657 INFO src.train.trainer: Epoch 327
2026-06-11 11:28:31,741 INFO src.train.trainer: New best validation loss: -4.9779, saved to checkpoints/etas_20260611-112802/best_model_1.pth
2026-06-11 11:28:31,744 INFO src.train.trainer: Last model at epoch 327 saved to checkpoints/etas_20260611-112802/last_model_1.pth
2026-06-11 11:28:31,744 INFO src.train.trainer: Epoch 328
2026-06-11 11:28:31,827 INFO src.train.trainer: New best validation loss: -4.9782, saved to checkpoints/etas_20260611-112802/best_model_1.pth
2026-06-11 11:28:31,830 INFO src.train.trainer: Last model at epoch 328 saved to checkpoints/etas_20260611-112802/last_model_1.pth
2026-06-11 11:28:31,831 INFO src.train.trainer: Epoch 329
2026-06-11 11:28:31,914 INFO src.train.trainer: New best validation loss: -4.9785, saved to checkpoints/etas_20260611-112802/best_model_1.pth
2026-06-11 11:28:31,918 INFO src.train.trainer: Last model at epoch 329 saved to checkpoints/etas_20260611-112802/last_model_1.pth
2026-06-11 11:28:31,918 INFO src.train.trainer: Epoch 330
2026-06-11 11:28:32,002 INFO src.train.trainer: New best validation loss: -4.9788, saved to checkpoints/etas_20260611-112802/best_model_1.pth
2026-06-11 11:28:32,005 INFO src.train.trainer: Last model at epoch 330 saved to checkpoints/etas_20260611-112802/last_model_1.pth
2026-06-11 11:28:32,005 INFO src.train.trainer: Epoch 331
2026-06-11 11:28:32,089 INFO src.train.trainer: New best validation loss: -4.9791, saved to checkpoints/etas_20260611-112802/best_model_1.pth
2026-06-11 11:28:32,092 INFO src.train.trainer: Last model at epoch 331 saved to checkpoints/etas_20260611-112802/last_model_1.pth
2026-06-11 11:28:32,092 INFO src.train.trainer: Epoch 332
2026-06-11 11:28:32,176 INFO src.train.trainer: New best validation loss: -4.9795, saved to checkpoints/etas_20260611-112802/best_model_1.pth
2026-06-11 11:28:32,179 INFO src.train.trainer: Last model at epoch 332 saved to checkpoints/etas_20260611-112802/last_model_1.pth
2026-06-11 11:28:32,179 INFO src.train.trainer: Epoch 333
2026-06-11 11:28:32,264 INFO src.train.trainer: New best validation loss: -4.9797, saved to checkpoints/etas_20260611-112802/best_model_1.pth
2026-06-11 11:28:32,268 INFO src.train.trainer: Last model at epoch 333 saved to checkpoints/etas_20260611-112802/last_model_1.pth
2026-06-11 11:28:32,268 INFO src.train.trainer: Epoch 334
2026-06-11 11:28:32,352 INFO src.train.trainer: New best validation loss: -4.9801, saved to checkpoints/etas_20260611-112802/best_model_1.pth
2026-06-11 11:28:32,355 INFO src.train.trainer: Last model at epoch 334 saved to checkpoints/etas_20260611-112802/last_model_1.pth
2026-06-11 11:28:32,355 INFO src.train.trainer: Epoch 335
2026-06-11 11:28:32,438 INFO src.train.trainer: New best validation loss: -4.9803, saved to checkpoints/etas_20260611-112802/best_model_1.pth
2026-06-11 11:28:32,441 INFO src.train.trainer: Last model at epoch 335 saved to checkpoints/etas_20260611-112802/last_model_1.pth
2026-06-11 11:28:32,441 INFO src.train.trainer: Epoch 336
2026-06-11 11:28:32,525 INFO src.train.trainer: New best validation loss: -4.9807, saved to checkpoints/etas_20260611-112802/best_model_1.pth
2026-06-11 11:28:32,528 INFO src.train.trainer: Last model at epoch 336 saved to checkpoints/etas_20260611-112802/last_model_1.pth
2026-06-11 11:28:32,528 INFO src.train.trainer: Epoch 337
2026-06-11 11:28:32,612 INFO src.train.trainer: New best validation loss: -4.9809, saved to checkpoints/etas_20260611-112802/best_model_1.pth
2026-06-11 11:28:32,615 INFO src.train.trainer: Last model at epoch 337 saved to checkpoints/etas_20260611-112802/last_model_1.pth
2026-06-11 11:28:32,615 INFO src.train.trainer: Epoch 338
2026-06-11 11:28:32,698 INFO src.train.trainer: New best validation loss: -4.9812, saved to checkpoints/etas_20260611-112802/best_model_1.pth
2026-06-11 11:28:32,701 INFO src.train.trainer: Last model at epoch 338 saved to checkpoints/etas_20260611-112802/last_model_1.pth
2026-06-11 11:28:32,701 INFO src.train.trainer: Epoch 339
2026-06-11 11:28:32,785 INFO src.train.trainer: New best validation loss: -4.9815, saved to checkpoints/etas_20260611-112802/best_model_1.pth
2026-06-11 11:28:32,788 INFO src.train.trainer: Last model at epoch 339 saved to checkpoints/etas_20260611-112802/last_model_1.pth
2026-06-11 11:28:32,789 INFO src.train.trainer: Epoch 340
2026-06-11 11:28:32,872 INFO src.train.trainer: New best validation loss: -4.9818, saved to checkpoints/etas_20260611-112802/best_model_1.pth
2026-06-11 11:28:32,875 INFO src.train.trainer: Last model at epoch 340 saved to checkpoints/etas_20260611-112802/last_model_1.pth
2026-06-11 11:28:32,876 INFO src.train.trainer: Epoch 341
2026-06-11 11:28:32,960 INFO src.train.trainer: New best validation loss: -4.9821, saved to checkpoints/etas_20260611-112802/best_model_1.pth
2026-06-11 11:28:32,963 INFO src.train.trainer: Last model at epoch 341 saved to checkpoints/etas_20260611-112802/last_model_1.pth
2026-06-11 11:28:32,963 INFO src.train.trainer: Epoch 342
2026-06-11 11:28:33,047 INFO src.train.trainer: New best validation loss: -4.9824, saved to checkpoints/etas_20260611-112802/best_model_1.pth
2026-06-11 11:28:33,051 INFO src.train.trainer: Last model at epoch 342 saved to checkpoints/etas_20260611-112802/last_model_1.pth
2026-06-11 11:28:33,051 INFO src.train.trainer: Epoch 343
2026-06-11 11:28:33,135 INFO src.train.trainer: New best validation loss: -4.9827, saved to checkpoints/etas_20260611-112802/best_model_1.pth
2026-06-11 11:28:33,139 INFO src.train.trainer: Last model at epoch 343 saved to checkpoints/etas_20260611-112802/last_model_1.pth
2026-06-11 11:28:33,139 INFO src.train.trainer: Epoch 344
2026-06-11 11:28:33,227 INFO src.train.trainer: New best validation loss: -4.9830, saved to checkpoints/etas_20260611-112802/best_model_1.pth
2026-06-11 11:28:33,230 INFO src.train.trainer: Last model at epoch 344 saved to checkpoints/etas_20260611-112802/last_model_1.pth
2026-06-11 11:28:33,230 INFO src.train.trainer: Epoch 345
2026-06-11 11:28:33,315 INFO src.train.trainer: New best validation loss: -4.9833, saved to checkpoints/etas_20260611-112802/best_model_1.pth
2026-06-11 11:28:33,318 INFO src.train.trainer: Last model at epoch 345 saved to checkpoints/etas_20260611-112802/last_model_1.pth
2026-06-11 11:28:33,318 INFO src.train.trainer: Epoch 346
2026-06-11 11:28:33,403 INFO src.train.trainer: New best validation loss: -4.9836, saved to checkpoints/etas_20260611-112802/best_model_1.pth
2026-06-11 11:28:33,406 INFO src.train.trainer: Last model at epoch 346 saved to checkpoints/etas_20260611-112802/last_model_1.pth
2026-06-11 11:28:33,406 INFO src.train.trainer: Epoch 347
2026-06-11 11:28:33,491 INFO src.train.trainer: New best validation loss: -4.9839, saved to checkpoints/etas_20260611-112802/best_model_1.pth
2026-06-11 11:28:33,494 INFO src.train.trainer: Last model at epoch 347 saved to checkpoints/etas_20260611-112802/last_model_1.pth
2026-06-11 11:28:33,494 INFO src.train.trainer: Epoch 348
2026-06-11 11:28:33,577 INFO src.train.trainer: New best validation loss: -4.9841, saved to checkpoints/etas_20260611-112802/best_model_1.pth
2026-06-11 11:28:33,581 INFO src.train.trainer: Last model at epoch 348 saved to checkpoints/etas_20260611-112802/last_model_1.pth
2026-06-11 11:28:33,581 INFO src.train.trainer: Epoch 349
2026-06-11 11:28:33,664 INFO src.train.trainer: New best validation loss: -4.9845, saved to checkpoints/etas_20260611-112802/best_model_1.pth
2026-06-11 11:28:33,667 INFO src.train.trainer: Last model at epoch 349 saved to checkpoints/etas_20260611-112802/last_model_1.pth
2026-06-11 11:28:33,667 INFO src.train.trainer: Epoch 350
2026-06-11 11:28:33,752 INFO src.train.trainer: New best validation loss: -4.9847, saved to checkpoints/etas_20260611-112802/best_model_1.pth
2026-06-11 11:28:33,755 INFO src.train.trainer: Last model at epoch 350 saved to checkpoints/etas_20260611-112802/last_model_1.pth
2026-06-11 11:28:33,755 INFO src.train.trainer: Epoch 351
2026-06-11 11:28:33,839 INFO src.train.trainer: New best validation loss: -4.9851, saved to checkpoints/etas_20260611-112802/best_model_1.pth
2026-06-11 11:28:33,843 INFO src.train.trainer: Last model at epoch 351 saved to checkpoints/etas_20260611-112802/last_model_1.pth
2026-06-11 11:28:33,843 INFO src.train.trainer: Epoch 352
2026-06-11 11:28:33,926 INFO src.train.trainer: New best validation loss: -4.9852, saved to checkpoints/etas_20260611-112802/best_model_1.pth
2026-06-11 11:28:33,929 INFO src.train.trainer: Last model at epoch 352 saved to checkpoints/etas_20260611-112802/last_model_1.pth
2026-06-11 11:28:33,929 INFO src.train.trainer: Epoch 353
2026-06-11 11:28:34,012 INFO src.train.trainer: New best validation loss: -4.9857, saved to checkpoints/etas_20260611-112802/best_model_1.pth
2026-06-11 11:28:34,016 INFO src.train.trainer: Last model at epoch 353 saved to checkpoints/etas_20260611-112802/last_model_1.pth
2026-06-11 11:28:34,016 INFO src.train.trainer: Epoch 354
2026-06-11 11:28:34,100 INFO src.train.trainer: New best validation loss: -4.9859, saved to checkpoints/etas_20260611-112802/best_model_1.pth
2026-06-11 11:28:34,103 INFO src.train.trainer: Last model at epoch 354 saved to checkpoints/etas_20260611-112802/last_model_1.pth
2026-06-11 11:28:34,104 INFO src.train.trainer: Epoch 355
2026-06-11 11:28:34,188 INFO src.train.trainer: New best validation loss: -4.9861, saved to checkpoints/etas_20260611-112802/best_model_1.pth
2026-06-11 11:28:34,191 INFO src.train.trainer: Last model at epoch 355 saved to checkpoints/etas_20260611-112802/last_model_1.pth
2026-06-11 11:28:34,191 INFO src.train.trainer: Epoch 356
2026-06-11 11:28:34,275 INFO src.train.trainer: New best validation loss: -4.9865, saved to checkpoints/etas_20260611-112802/best_model_1.pth
2026-06-11 11:28:34,278 INFO src.train.trainer: Last model at epoch 356 saved to checkpoints/etas_20260611-112802/last_model_1.pth
2026-06-11 11:28:34,278 INFO src.train.trainer: Epoch 357
2026-06-11 11:28:34,361 INFO src.train.trainer: New best validation loss: -4.9867, saved to checkpoints/etas_20260611-112802/best_model_1.pth
2026-06-11 11:28:34,364 INFO src.train.trainer: Last model at epoch 357 saved to checkpoints/etas_20260611-112802/last_model_1.pth
2026-06-11 11:28:34,365 INFO src.train.trainer: Epoch 358
2026-06-11 11:28:34,448 INFO src.train.trainer: New best validation loss: -4.9871, saved to checkpoints/etas_20260611-112802/best_model_1.pth
2026-06-11 11:28:34,451 INFO src.train.trainer: Last model at epoch 358 saved to checkpoints/etas_20260611-112802/last_model_1.pth
2026-06-11 11:28:34,451 INFO src.train.trainer: Epoch 359
2026-06-11 11:28:34,534 INFO src.train.trainer: New best validation loss: -4.9874, saved to checkpoints/etas_20260611-112802/best_model_1.pth
2026-06-11 11:28:34,538 INFO src.train.trainer: Last model at epoch 359 saved to checkpoints/etas_20260611-112802/last_model_1.pth
2026-06-11 11:28:34,538 INFO src.train.trainer: Epoch 360
2026-06-11 11:28:34,622 INFO src.train.trainer: New best validation loss: -4.9876, saved to checkpoints/etas_20260611-112802/best_model_1.pth
2026-06-11 11:28:34,625 INFO src.train.trainer: Last model at epoch 360 saved to checkpoints/etas_20260611-112802/last_model_1.pth
2026-06-11 11:28:34,626 INFO src.train.trainer: Epoch 361
2026-06-11 11:28:34,710 INFO src.train.trainer: New best validation loss: -4.9879, saved to checkpoints/etas_20260611-112802/best_model_1.pth
2026-06-11 11:28:34,713 INFO src.train.trainer: Last model at epoch 361 saved to checkpoints/etas_20260611-112802/last_model_1.pth
2026-06-11 11:28:34,713 INFO src.train.trainer: Epoch 362
2026-06-11 11:28:34,797 INFO src.train.trainer: New best validation loss: -4.9882, saved to checkpoints/etas_20260611-112802/best_model_1.pth
2026-06-11 11:28:34,800 INFO src.train.trainer: Last model at epoch 362 saved to checkpoints/etas_20260611-112802/last_model_1.pth
2026-06-11 11:28:34,800 INFO src.train.trainer: Epoch 363
2026-06-11 11:28:34,884 INFO src.train.trainer: New best validation loss: -4.9884, saved to checkpoints/etas_20260611-112802/best_model_1.pth
2026-06-11 11:28:34,887 INFO src.train.trainer: Last model at epoch 363 saved to checkpoints/etas_20260611-112802/last_model_1.pth
2026-06-11 11:28:34,887 INFO src.train.trainer: Epoch 364
2026-06-11 11:28:34,971 INFO src.train.trainer: New best validation loss: -4.9888, saved to checkpoints/etas_20260611-112802/best_model_1.pth
2026-06-11 11:28:34,975 INFO src.train.trainer: Last model at epoch 364 saved to checkpoints/etas_20260611-112802/last_model_1.pth
2026-06-11 11:28:34,975 INFO src.train.trainer: Epoch 365
2026-06-11 11:28:35,060 INFO src.train.trainer: New best validation loss: -4.9891, saved to checkpoints/etas_20260611-112802/best_model_1.pth
2026-06-11 11:28:35,063 INFO src.train.trainer: Last model at epoch 365 saved to checkpoints/etas_20260611-112802/last_model_1.pth
2026-06-11 11:28:35,063 INFO src.train.trainer: Epoch 366
2026-06-11 11:28:35,147 INFO src.train.trainer: New best validation loss: -4.9893, saved to checkpoints/etas_20260611-112802/best_model_1.pth
2026-06-11 11:28:35,151 INFO src.train.trainer: Last model at epoch 366 saved to checkpoints/etas_20260611-112802/last_model_1.pth
2026-06-11 11:28:35,151 INFO src.train.trainer: Epoch 367
2026-06-11 11:28:35,234 INFO src.train.trainer: New best validation loss: -4.9897, saved to checkpoints/etas_20260611-112802/best_model_1.pth
2026-06-11 11:28:35,237 INFO src.train.trainer: Last model at epoch 367 saved to checkpoints/etas_20260611-112802/last_model_1.pth
2026-06-11 11:28:35,238 INFO src.train.trainer: Epoch 368
2026-06-11 11:28:35,321 INFO src.train.trainer: New best validation loss: -4.9899, saved to checkpoints/etas_20260611-112802/best_model_1.pth
2026-06-11 11:28:35,324 INFO src.train.trainer: Last model at epoch 368 saved to checkpoints/etas_20260611-112802/last_model_1.pth
2026-06-11 11:28:35,324 INFO src.train.trainer: Epoch 369
2026-06-11 11:28:35,408 INFO src.train.trainer: New best validation loss: -4.9902, saved to checkpoints/etas_20260611-112802/best_model_1.pth
2026-06-11 11:28:35,411 INFO src.train.trainer: Last model at epoch 369 saved to checkpoints/etas_20260611-112802/last_model_1.pth
2026-06-11 11:28:35,411 INFO src.train.trainer: Epoch 370
2026-06-11 11:28:35,495 INFO src.train.trainer: New best validation loss: -4.9905, saved to checkpoints/etas_20260611-112802/best_model_1.pth
2026-06-11 11:28:35,499 INFO src.train.trainer: Last model at epoch 370 saved to checkpoints/etas_20260611-112802/last_model_1.pth
2026-06-11 11:28:35,499 INFO src.train.trainer: Epoch 371
2026-06-11 11:28:35,584 INFO src.train.trainer: New best validation loss: -4.9908, saved to checkpoints/etas_20260611-112802/best_model_1.pth
2026-06-11 11:28:35,587 INFO src.train.trainer: Last model at epoch 371 saved to checkpoints/etas_20260611-112802/last_model_1.pth
2026-06-11 11:28:35,588 INFO src.train.trainer: Epoch 372
2026-06-11 11:28:35,672 INFO src.train.trainer: New best validation loss: -4.9910, saved to checkpoints/etas_20260611-112802/best_model_1.pth
2026-06-11 11:28:35,675 INFO src.train.trainer: Last model at epoch 372 saved to checkpoints/etas_20260611-112802/last_model_1.pth
2026-06-11 11:28:35,676 INFO src.train.trainer: Epoch 373
2026-06-11 11:28:35,759 INFO src.train.trainer: New best validation loss: -4.9914, saved to checkpoints/etas_20260611-112802/best_model_1.pth
2026-06-11 11:28:35,763 INFO src.train.trainer: Last model at epoch 373 saved to checkpoints/etas_20260611-112802/last_model_1.pth
2026-06-11 11:28:35,763 INFO src.train.trainer: Epoch 374
2026-06-11 11:28:35,845 INFO src.train.trainer: New best validation loss: -4.9916, saved to checkpoints/etas_20260611-112802/best_model_1.pth
2026-06-11 11:28:35,848 INFO src.train.trainer: Last model at epoch 374 saved to checkpoints/etas_20260611-112802/last_model_1.pth
2026-06-11 11:28:35,849 INFO src.train.trainer: Epoch 375
2026-06-11 11:28:35,932 INFO src.train.trainer: New best validation loss: -4.9919, saved to checkpoints/etas_20260611-112802/best_model_1.pth
2026-06-11 11:28:35,936 INFO src.train.trainer: Last model at epoch 375 saved to checkpoints/etas_20260611-112802/last_model_1.pth
2026-06-11 11:28:35,936 INFO src.train.trainer: Epoch 376
2026-06-11 11:28:36,021 INFO src.train.trainer: New best validation loss: -4.9922, saved to checkpoints/etas_20260611-112802/best_model_1.pth
2026-06-11 11:28:36,024 INFO src.train.trainer: Last model at epoch 376 saved to checkpoints/etas_20260611-112802/last_model_1.pth
2026-06-11 11:28:36,025 INFO src.train.trainer: Epoch 377
2026-06-11 11:28:36,109 INFO src.train.trainer: New best validation loss: -4.9925, saved to checkpoints/etas_20260611-112802/best_model_1.pth
2026-06-11 11:28:36,113 INFO src.train.trainer: Last model at epoch 377 saved to checkpoints/etas_20260611-112802/last_model_1.pth
2026-06-11 11:28:36,113 INFO src.train.trainer: Epoch 378
2026-06-11 11:28:36,197 INFO src.train.trainer: New best validation loss: -4.9928, saved to checkpoints/etas_20260611-112802/best_model_1.pth
2026-06-11 11:28:36,201 INFO src.train.trainer: Last model at epoch 378 saved to checkpoints/etas_20260611-112802/last_model_1.pth
2026-06-11 11:28:36,201 INFO src.train.trainer: Epoch 379
2026-06-11 11:28:36,285 INFO src.train.trainer: New best validation loss: -4.9931, saved to checkpoints/etas_20260611-112802/best_model_1.pth
2026-06-11 11:28:36,289 INFO src.train.trainer: Last model at epoch 379 saved to checkpoints/etas_20260611-112802/last_model_1.pth
2026-06-11 11:28:36,289 INFO src.train.trainer: Epoch 380
2026-06-11 11:28:36,373 INFO src.train.trainer: New best validation loss: -4.9934, saved to checkpoints/etas_20260611-112802/best_model_1.pth
2026-06-11 11:28:36,377 INFO src.train.trainer: Last model at epoch 380 saved to checkpoints/etas_20260611-112802/last_model_1.pth
2026-06-11 11:28:36,377 INFO src.train.trainer: Epoch 381
2026-06-11 11:28:36,461 INFO src.train.trainer: New best validation loss: -4.9936, saved to checkpoints/etas_20260611-112802/best_model_1.pth
2026-06-11 11:28:36,464 INFO src.train.trainer: Last model at epoch 381 saved to checkpoints/etas_20260611-112802/last_model_1.pth
2026-06-11 11:28:36,464 INFO src.train.trainer: Epoch 382
2026-06-11 11:28:36,547 INFO src.train.trainer: New best validation loss: -4.9940, saved to checkpoints/etas_20260611-112802/best_model_1.pth
2026-06-11 11:28:36,550 INFO src.train.trainer: Last model at epoch 382 saved to checkpoints/etas_20260611-112802/last_model_1.pth
2026-06-11 11:28:36,550 INFO src.train.trainer: Epoch 383
2026-06-11 11:28:36,634 INFO src.train.trainer: New best validation loss: -4.9942, saved to checkpoints/etas_20260611-112802/best_model_1.pth
2026-06-11 11:28:36,638 INFO src.train.trainer: Last model at epoch 383 saved to checkpoints/etas_20260611-112802/last_model_1.pth
2026-06-11 11:28:36,638 INFO src.train.trainer: Epoch 384
2026-06-11 11:28:36,721 INFO src.train.trainer: New best validation loss: -4.9945, saved to checkpoints/etas_20260611-112802/best_model_1.pth
2026-06-11 11:28:36,724 INFO src.train.trainer: Last model at epoch 384 saved to checkpoints/etas_20260611-112802/last_model_1.pth
2026-06-11 11:28:36,724 INFO src.train.trainer: Epoch 385
2026-06-11 11:28:36,808 INFO src.train.trainer: New best validation loss: -4.9948, saved to checkpoints/etas_20260611-112802/best_model_1.pth
2026-06-11 11:28:36,812 INFO src.train.trainer: Last model at epoch 385 saved to checkpoints/etas_20260611-112802/last_model_1.pth
2026-06-11 11:28:36,812 INFO src.train.trainer: Epoch 386
2026-06-11 11:28:36,896 INFO src.train.trainer: New best validation loss: -4.9951, saved to checkpoints/etas_20260611-112802/best_model_1.pth
2026-06-11 11:28:36,899 INFO src.train.trainer: Last model at epoch 386 saved to checkpoints/etas_20260611-112802/last_model_1.pth
2026-06-11 11:28:36,899 INFO src.train.trainer: Epoch 387
2026-06-11 11:28:36,982 INFO src.train.trainer: New best validation loss: -4.9954, saved to checkpoints/etas_20260611-112802/best_model_1.pth
2026-06-11 11:28:36,986 INFO src.train.trainer: Last model at epoch 387 saved to checkpoints/etas_20260611-112802/last_model_1.pth
2026-06-11 11:28:36,986 INFO src.train.trainer: Epoch 388
2026-06-11 11:28:37,070 INFO src.train.trainer: New best validation loss: -4.9957, saved to checkpoints/etas_20260611-112802/best_model_1.pth
2026-06-11 11:28:37,073 INFO src.train.trainer: Last model at epoch 388 saved to checkpoints/etas_20260611-112802/last_model_1.pth
2026-06-11 11:28:37,073 INFO src.train.trainer: Epoch 389
2026-06-11 11:28:37,156 INFO src.train.trainer: New best validation loss: -4.9960, saved to checkpoints/etas_20260611-112802/best_model_1.pth
2026-06-11 11:28:37,159 INFO src.train.trainer: Last model at epoch 389 saved to checkpoints/etas_20260611-112802/last_model_1.pth
2026-06-11 11:28:37,160 INFO src.train.trainer: Epoch 390
2026-06-11 11:28:37,242 INFO src.train.trainer: New best validation loss: -4.9963, saved to checkpoints/etas_20260611-112802/best_model_1.pth
2026-06-11 11:28:37,245 INFO src.train.trainer: Last model at epoch 390 saved to checkpoints/etas_20260611-112802/last_model_1.pth
2026-06-11 11:28:37,245 INFO src.train.trainer: Epoch 391
2026-06-11 11:28:37,329 INFO src.train.trainer: New best validation loss: -4.9966, saved to checkpoints/etas_20260611-112802/best_model_1.pth
2026-06-11 11:28:37,332 INFO src.train.trainer: Last model at epoch 391 saved to checkpoints/etas_20260611-112802/last_model_1.pth
2026-06-11 11:28:37,332 INFO src.train.trainer: Epoch 392
2026-06-11 11:28:37,416 INFO src.train.trainer: New best validation loss: -4.9969, saved to checkpoints/etas_20260611-112802/best_model_1.pth
2026-06-11 11:28:37,419 INFO src.train.trainer: Last model at epoch 392 saved to checkpoints/etas_20260611-112802/last_model_1.pth
2026-06-11 11:28:37,419 INFO src.train.trainer: Epoch 393
2026-06-11 11:28:37,502 INFO src.train.trainer: New best validation loss: -4.9972, saved to checkpoints/etas_20260611-112802/best_model_1.pth
2026-06-11 11:28:37,505 INFO src.train.trainer: Last model at epoch 393 saved to checkpoints/etas_20260611-112802/last_model_1.pth
2026-06-11 11:28:37,505 INFO src.train.trainer: Epoch 394
2026-06-11 11:28:37,588 INFO src.train.trainer: New best validation loss: -4.9975, saved to checkpoints/etas_20260611-112802/best_model_1.pth
2026-06-11 11:28:37,592 INFO src.train.trainer: Last model at epoch 394 saved to checkpoints/etas_20260611-112802/last_model_1.pth
2026-06-11 11:28:37,592 INFO src.train.trainer: Epoch 395
2026-06-11 11:28:37,676 INFO src.train.trainer: New best validation loss: -4.9978, saved to checkpoints/etas_20260611-112802/best_model_1.pth
2026-06-11 11:28:37,679 INFO src.train.trainer: Last model at epoch 395 saved to checkpoints/etas_20260611-112802/last_model_1.pth
2026-06-11 11:28:37,679 INFO src.train.trainer: Epoch 396
2026-06-11 11:28:37,763 INFO src.train.trainer: New best validation loss: -4.9981, saved to checkpoints/etas_20260611-112802/best_model_1.pth
2026-06-11 11:28:37,766 INFO src.train.trainer: Last model at epoch 396 saved to checkpoints/etas_20260611-112802/last_model_1.pth
2026-06-11 11:28:37,766 INFO src.train.trainer: Epoch 397
2026-06-11 11:28:37,850 INFO src.train.trainer: New best validation loss: -4.9984, saved to checkpoints/etas_20260611-112802/best_model_1.pth
2026-06-11 11:28:37,853 INFO src.train.trainer: Last model at epoch 397 saved to checkpoints/etas_20260611-112802/last_model_1.pth
2026-06-11 11:28:37,853 INFO src.train.trainer: Epoch 398
2026-06-11 11:28:37,937 INFO src.train.trainer: New best validation loss: -4.9987, saved to checkpoints/etas_20260611-112802/best_model_1.pth
2026-06-11 11:28:37,940 INFO src.train.trainer: Last model at epoch 398 saved to checkpoints/etas_20260611-112802/last_model_1.pth
2026-06-11 11:28:37,940 INFO src.train.trainer: Epoch 399
2026-06-11 11:28:38,024 INFO src.train.trainer: New best validation loss: -4.9990, saved to checkpoints/etas_20260611-112802/best_model_1.pth
2026-06-11 11:28:38,028 INFO src.train.trainer: Last model at epoch 399 saved to checkpoints/etas_20260611-112802/last_model_1.pth
2026-06-11 11:28:38,028 INFO src.train.trainer: Epoch 400
2026-06-11 11:28:38,113 INFO src.train.trainer: New best validation loss: -4.9993, saved to checkpoints/etas_20260611-112802/best_model_1.pth
2026-06-11 11:28:38,116 INFO src.train.trainer: Last model at epoch 400 saved to checkpoints/etas_20260611-112802/last_model_1.pth
2026-06-11 11:28:38,116 INFO src.train.trainer: Epoch 401
2026-06-11 11:28:38,201 INFO src.train.trainer: New best validation loss: -4.9996, saved to checkpoints/etas_20260611-112802/best_model_1.pth
2026-06-11 11:28:38,204 INFO src.train.trainer: Last model at epoch 401 saved to checkpoints/etas_20260611-112802/last_model_1.pth
2026-06-11 11:28:38,204 INFO src.train.trainer: Epoch 402
2026-06-11 11:28:38,287 INFO src.train.trainer: New best validation loss: -4.9999, saved to checkpoints/etas_20260611-112802/best_model_1.pth
2026-06-11 11:28:38,290 INFO src.train.trainer: Last model at epoch 402 saved to checkpoints/etas_20260611-112802/last_model_1.pth
2026-06-11 11:28:38,291 INFO src.train.trainer: Epoch 403
2026-06-11 11:28:38,374 INFO src.train.trainer: New best validation loss: -5.0002, saved to checkpoints/etas_20260611-112802/best_model_1.pth
2026-06-11 11:28:38,378 INFO src.train.trainer: Last model at epoch 403 saved to checkpoints/etas_20260611-112802/last_model_1.pth
2026-06-11 11:28:38,378 INFO src.train.trainer: Epoch 404
2026-06-11 11:28:38,462 INFO src.train.trainer: New best validation loss: -5.0005, saved to checkpoints/etas_20260611-112802/best_model_1.pth
2026-06-11 11:28:38,465 INFO src.train.trainer: Last model at epoch 404 saved to checkpoints/etas_20260611-112802/last_model_1.pth
2026-06-11 11:28:38,465 INFO src.train.trainer: Epoch 405
2026-06-11 11:28:38,549 INFO src.train.trainer: New best validation loss: -5.0008, saved to checkpoints/etas_20260611-112802/best_model_1.pth
2026-06-11 11:28:38,553 INFO src.train.trainer: Last model at epoch 405 saved to checkpoints/etas_20260611-112802/last_model_1.pth
2026-06-11 11:28:38,553 INFO src.train.trainer: Epoch 406
2026-06-11 11:28:38,638 INFO src.train.trainer: New best validation loss: -5.0011, saved to checkpoints/etas_20260611-112802/best_model_1.pth
2026-06-11 11:28:38,641 INFO src.train.trainer: Last model at epoch 406 saved to checkpoints/etas_20260611-112802/last_model_1.pth
2026-06-11 11:28:38,641 INFO src.train.trainer: Epoch 407
2026-06-11 11:28:38,726 INFO src.train.trainer: New best validation loss: -5.0014, saved to checkpoints/etas_20260611-112802/best_model_1.pth
2026-06-11 11:28:38,730 INFO src.train.trainer: Last model at epoch 407 saved to checkpoints/etas_20260611-112802/last_model_1.pth
2026-06-11 11:28:38,730 INFO src.train.trainer: Epoch 408
2026-06-11 11:28:38,815 INFO src.train.trainer: New best validation loss: -5.0017, saved to checkpoints/etas_20260611-112802/best_model_1.pth
2026-06-11 11:28:38,818 INFO src.train.trainer: Last model at epoch 408 saved to checkpoints/etas_20260611-112802/last_model_1.pth
2026-06-11 11:28:38,819 INFO src.train.trainer: Epoch 409
2026-06-11 11:28:38,904 INFO src.train.trainer: New best validation loss: -5.0020, saved to checkpoints/etas_20260611-112802/best_model_1.pth
2026-06-11 11:28:38,907 INFO src.train.trainer: Last model at epoch 409 saved to checkpoints/etas_20260611-112802/last_model_1.pth
2026-06-11 11:28:38,907 INFO src.train.trainer: Epoch 410
2026-06-11 11:28:38,992 INFO src.train.trainer: New best validation loss: -5.0023, saved to checkpoints/etas_20260611-112802/best_model_1.pth
2026-06-11 11:28:38,995 INFO src.train.trainer: Last model at epoch 410 saved to checkpoints/etas_20260611-112802/last_model_1.pth
2026-06-11 11:28:38,995 INFO src.train.trainer: Epoch 411
2026-06-11 11:28:39,080 INFO src.train.trainer: New best validation loss: -5.0026, saved to checkpoints/etas_20260611-112802/best_model_1.pth
2026-06-11 11:28:39,083 INFO src.train.trainer: Last model at epoch 411 saved to checkpoints/etas_20260611-112802/last_model_1.pth
2026-06-11 11:28:39,084 INFO src.train.trainer: Epoch 412
2026-06-11 11:28:39,168 INFO src.train.trainer: New best validation loss: -5.0030, saved to checkpoints/etas_20260611-112802/best_model_1.pth
2026-06-11 11:28:39,171 INFO src.train.trainer: Last model at epoch 412 saved to checkpoints/etas_20260611-112802/last_model_1.pth
2026-06-11 11:28:39,171 INFO src.train.trainer: Epoch 413
2026-06-11 11:28:39,255 INFO src.train.trainer: New best validation loss: -5.0033, saved to checkpoints/etas_20260611-112802/best_model_1.pth
2026-06-11 11:28:39,259 INFO src.train.trainer: Last model at epoch 413 saved to checkpoints/etas_20260611-112802/last_model_1.pth
2026-06-11 11:28:39,259 INFO src.train.trainer: Epoch 414
2026-06-11 11:28:39,344 INFO src.train.trainer: New best validation loss: -5.0036, saved to checkpoints/etas_20260611-112802/best_model_1.pth
2026-06-11 11:28:39,348 INFO src.train.trainer: Last model at epoch 414 saved to checkpoints/etas_20260611-112802/last_model_1.pth
2026-06-11 11:28:39,348 INFO src.train.trainer: Epoch 415
2026-06-11 11:28:39,432 INFO src.train.trainer: New best validation loss: -5.0039, saved to checkpoints/etas_20260611-112802/best_model_1.pth
2026-06-11 11:28:39,436 INFO src.train.trainer: Last model at epoch 415 saved to checkpoints/etas_20260611-112802/last_model_1.pth
2026-06-11 11:28:39,436 INFO src.train.trainer: Epoch 416
2026-06-11 11:28:39,520 INFO src.train.trainer: New best validation loss: -5.0042, saved to checkpoints/etas_20260611-112802/best_model_1.pth
2026-06-11 11:28:39,523 INFO src.train.trainer: Last model at epoch 416 saved to checkpoints/etas_20260611-112802/last_model_1.pth
2026-06-11 11:28:39,523 INFO src.train.trainer: Epoch 417
2026-06-11 11:28:39,608 INFO src.train.trainer: New best validation loss: -5.0045, saved to checkpoints/etas_20260611-112802/best_model_1.pth
2026-06-11 11:28:39,611 INFO src.train.trainer: Last model at epoch 417 saved to checkpoints/etas_20260611-112802/last_model_1.pth
2026-06-11 11:28:39,612 INFO src.train.trainer: Epoch 418
2026-06-11 11:28:39,697 INFO src.train.trainer: New best validation loss: -5.0048, saved to checkpoints/etas_20260611-112802/best_model_1.pth
2026-06-11 11:28:39,700 INFO src.train.trainer: Last model at epoch 418 saved to checkpoints/etas_20260611-112802/last_model_1.pth
2026-06-11 11:28:39,700 INFO src.train.trainer: Epoch 419
2026-06-11 11:28:39,784 INFO src.train.trainer: New best validation loss: -5.0052, saved to checkpoints/etas_20260611-112802/best_model_1.pth
2026-06-11 11:28:39,787 INFO src.train.trainer: Last model at epoch 419 saved to checkpoints/etas_20260611-112802/last_model_1.pth
2026-06-11 11:28:39,788 INFO src.train.trainer: Epoch 420
2026-06-11 11:28:39,871 INFO src.train.trainer: New best validation loss: -5.0055, saved to checkpoints/etas_20260611-112802/best_model_1.pth
2026-06-11 11:28:39,874 INFO src.train.trainer: Last model at epoch 420 saved to checkpoints/etas_20260611-112802/last_model_1.pth
2026-06-11 11:28:39,875 INFO src.train.trainer: Epoch 421
2026-06-11 11:28:39,958 INFO src.train.trainer: New best validation loss: -5.0058, saved to checkpoints/etas_20260611-112802/best_model_1.pth
2026-06-11 11:28:39,961 INFO src.train.trainer: Last model at epoch 421 saved to checkpoints/etas_20260611-112802/last_model_1.pth
2026-06-11 11:28:39,961 INFO src.train.trainer: Epoch 422
2026-06-11 11:28:40,046 INFO src.train.trainer: New best validation loss: -5.0061, saved to checkpoints/etas_20260611-112802/best_model_1.pth
2026-06-11 11:28:40,049 INFO src.train.trainer: Last model at epoch 422 saved to checkpoints/etas_20260611-112802/last_model_1.pth
2026-06-11 11:28:40,049 INFO src.train.trainer: Epoch 423
2026-06-11 11:28:40,134 INFO src.train.trainer: New best validation loss: -5.0064, saved to checkpoints/etas_20260611-112802/best_model_1.pth
2026-06-11 11:28:40,137 INFO src.train.trainer: Last model at epoch 423 saved to checkpoints/etas_20260611-112802/last_model_1.pth
2026-06-11 11:28:40,138 INFO src.train.trainer: Epoch 424
2026-06-11 11:28:40,223 INFO src.train.trainer: New best validation loss: -5.0067, saved to checkpoints/etas_20260611-112802/best_model_1.pth
2026-06-11 11:28:40,226 INFO src.train.trainer: Last model at epoch 424 saved to checkpoints/etas_20260611-112802/last_model_1.pth
2026-06-11 11:28:40,226 INFO src.train.trainer: Epoch 425
2026-06-11 11:28:40,310 INFO src.train.trainer: New best validation loss: -5.0071, saved to checkpoints/etas_20260611-112802/best_model_1.pth
2026-06-11 11:28:40,314 INFO src.train.trainer: Last model at epoch 425 saved to checkpoints/etas_20260611-112802/last_model_1.pth
2026-06-11 11:28:40,314 INFO src.train.trainer: Epoch 426
2026-06-11 11:28:40,398 INFO src.train.trainer: New best validation loss: -5.0074, saved to checkpoints/etas_20260611-112802/best_model_1.pth
2026-06-11 11:28:40,402 INFO src.train.trainer: Last model at epoch 426 saved to checkpoints/etas_20260611-112802/last_model_1.pth
2026-06-11 11:28:40,402 INFO src.train.trainer: Epoch 427
2026-06-11 11:28:40,487 INFO src.train.trainer: New best validation loss: -5.0077, saved to checkpoints/etas_20260611-112802/best_model_1.pth
2026-06-11 11:28:40,491 INFO src.train.trainer: Last model at epoch 427 saved to checkpoints/etas_20260611-112802/last_model_1.pth
2026-06-11 11:28:40,491 INFO src.train.trainer: Epoch 428
2026-06-11 11:28:40,576 INFO src.train.trainer: New best validation loss: -5.0080, saved to checkpoints/etas_20260611-112802/best_model_1.pth
2026-06-11 11:28:40,580 INFO src.train.trainer: Last model at epoch 428 saved to checkpoints/etas_20260611-112802/last_model_1.pth
2026-06-11 11:28:40,580 INFO src.train.trainer: Epoch 429
2026-06-11 11:28:40,664 INFO src.train.trainer: New best validation loss: -5.0084, saved to checkpoints/etas_20260611-112802/best_model_1.pth
2026-06-11 11:28:40,667 INFO src.train.trainer: Last model at epoch 429 saved to checkpoints/etas_20260611-112802/last_model_1.pth
2026-06-11 11:28:40,667 INFO src.train.trainer: Epoch 430
2026-06-11 11:28:40,756 INFO src.train.trainer: New best validation loss: -5.0087, saved to checkpoints/etas_20260611-112802/best_model_1.pth
2026-06-11 11:28:40,759 INFO src.train.trainer: Last model at epoch 430 saved to checkpoints/etas_20260611-112802/last_model_1.pth
2026-06-11 11:28:40,760 INFO src.train.trainer: Epoch 431
2026-06-11 11:28:40,849 INFO src.train.trainer: New best validation loss: -5.0090, saved to checkpoints/etas_20260611-112802/best_model_1.pth
2026-06-11 11:28:40,852 INFO src.train.trainer: Last model at epoch 431 saved to checkpoints/etas_20260611-112802/last_model_1.pth
2026-06-11 11:28:40,852 INFO src.train.trainer: Epoch 432
2026-06-11 11:28:40,938 INFO src.train.trainer: New best validation loss: -5.0093, saved to checkpoints/etas_20260611-112802/best_model_1.pth
2026-06-11 11:28:40,941 INFO src.train.trainer: Last model at epoch 432 saved to checkpoints/etas_20260611-112802/last_model_1.pth
2026-06-11 11:28:40,941 INFO src.train.trainer: Epoch 433
2026-06-11 11:28:41,025 INFO src.train.trainer: New best validation loss: -5.0097, saved to checkpoints/etas_20260611-112802/best_model_1.pth
2026-06-11 11:28:41,028 INFO src.train.trainer: Last model at epoch 433 saved to checkpoints/etas_20260611-112802/last_model_1.pth
2026-06-11 11:28:41,029 INFO src.train.trainer: Epoch 434
2026-06-11 11:28:41,112 INFO src.train.trainer: New best validation loss: -5.0100, saved to checkpoints/etas_20260611-112802/best_model_1.pth
2026-06-11 11:28:41,115 INFO src.train.trainer: Last model at epoch 434 saved to checkpoints/etas_20260611-112802/last_model_1.pth
2026-06-11 11:28:41,116 INFO src.train.trainer: Epoch 435
2026-06-11 11:28:41,199 INFO src.train.trainer: New best validation loss: -5.0103, saved to checkpoints/etas_20260611-112802/best_model_1.pth
2026-06-11 11:28:41,202 INFO src.train.trainer: Last model at epoch 435 saved to checkpoints/etas_20260611-112802/last_model_1.pth
2026-06-11 11:28:41,202 INFO src.train.trainer: Epoch 436
2026-06-11 11:28:41,286 INFO src.train.trainer: New best validation loss: -5.0106, saved to checkpoints/etas_20260611-112802/best_model_1.pth
2026-06-11 11:28:41,289 INFO src.train.trainer: Last model at epoch 436 saved to checkpoints/etas_20260611-112802/last_model_1.pth
2026-06-11 11:28:41,289 INFO src.train.trainer: Epoch 437
2026-06-11 11:28:41,373 INFO src.train.trainer: New best validation loss: -5.0110, saved to checkpoints/etas_20260611-112802/best_model_1.pth
2026-06-11 11:28:41,376 INFO src.train.trainer: Last model at epoch 437 saved to checkpoints/etas_20260611-112802/last_model_1.pth
2026-06-11 11:28:41,376 INFO src.train.trainer: Epoch 438
2026-06-11 11:28:41,462 INFO src.train.trainer: New best validation loss: -5.0113, saved to checkpoints/etas_20260611-112802/best_model_1.pth
2026-06-11 11:28:41,465 INFO src.train.trainer: Last model at epoch 438 saved to checkpoints/etas_20260611-112802/last_model_1.pth
2026-06-11 11:28:41,466 INFO src.train.trainer: Epoch 439
2026-06-11 11:28:41,554 INFO src.train.trainer: New best validation loss: -5.0116, saved to checkpoints/etas_20260611-112802/best_model_1.pth
2026-06-11 11:28:41,557 INFO src.train.trainer: Last model at epoch 439 saved to checkpoints/etas_20260611-112802/last_model_1.pth
2026-06-11 11:28:41,557 INFO src.train.trainer: Epoch 440
2026-06-11 11:28:41,642 INFO src.train.trainer: New best validation loss: -5.0120, saved to checkpoints/etas_20260611-112802/best_model_1.pth
2026-06-11 11:28:41,645 INFO src.train.trainer: Last model at epoch 440 saved to checkpoints/etas_20260611-112802/last_model_1.pth
2026-06-11 11:28:41,645 INFO src.train.trainer: Epoch 441
2026-06-11 11:28:41,728 INFO src.train.trainer: New best validation loss: -5.0123, saved to checkpoints/etas_20260611-112802/best_model_1.pth
2026-06-11 11:28:41,732 INFO src.train.trainer: Last model at epoch 441 saved to checkpoints/etas_20260611-112802/last_model_1.pth
2026-06-11 11:28:41,732 INFO src.train.trainer: Epoch 442
2026-06-11 11:28:41,817 INFO src.train.trainer: New best validation loss: -5.0126, saved to checkpoints/etas_20260611-112802/best_model_1.pth
2026-06-11 11:28:41,820 INFO src.train.trainer: Last model at epoch 442 saved to checkpoints/etas_20260611-112802/last_model_1.pth
2026-06-11 11:28:41,821 INFO src.train.trainer: Epoch 443
2026-06-11 11:28:41,906 INFO src.train.trainer: New best validation loss: -5.0130, saved to checkpoints/etas_20260611-112802/best_model_1.pth
2026-06-11 11:28:41,909 INFO src.train.trainer: Last model at epoch 443 saved to checkpoints/etas_20260611-112802/last_model_1.pth
2026-06-11 11:28:41,909 INFO src.train.trainer: Epoch 444
2026-06-11 11:28:41,995 INFO src.train.trainer: New best validation loss: -5.0133, saved to checkpoints/etas_20260611-112802/best_model_1.pth
2026-06-11 11:28:41,998 INFO src.train.trainer: Last model at epoch 444 saved to checkpoints/etas_20260611-112802/last_model_1.pth
2026-06-11 11:28:41,998 INFO src.train.trainer: Epoch 445
2026-06-11 11:28:42,083 INFO src.train.trainer: New best validation loss: -5.0137, saved to checkpoints/etas_20260611-112802/best_model_1.pth
2026-06-11 11:28:42,086 INFO src.train.trainer: Last model at epoch 445 saved to checkpoints/etas_20260611-112802/last_model_1.pth
2026-06-11 11:28:42,087 INFO src.train.trainer: Epoch 446
2026-06-11 11:28:42,171 INFO src.train.trainer: New best validation loss: -5.0140, saved to checkpoints/etas_20260611-112802/best_model_1.pth
2026-06-11 11:28:42,174 INFO src.train.trainer: Last model at epoch 446 saved to checkpoints/etas_20260611-112802/last_model_1.pth
2026-06-11 11:28:42,174 INFO src.train.trainer: Epoch 447
2026-06-11 11:28:42,258 INFO src.train.trainer: New best validation loss: -5.0143, saved to checkpoints/etas_20260611-112802/best_model_1.pth
2026-06-11 11:28:42,261 INFO src.train.trainer: Last model at epoch 447 saved to checkpoints/etas_20260611-112802/last_model_1.pth
2026-06-11 11:28:42,261 INFO src.train.trainer: Epoch 448
2026-06-11 11:28:42,345 INFO src.train.trainer: New best validation loss: -5.0146, saved to checkpoints/etas_20260611-112802/best_model_1.pth
2026-06-11 11:28:42,349 INFO src.train.trainer: Last model at epoch 448 saved to checkpoints/etas_20260611-112802/last_model_1.pth
2026-06-11 11:28:42,349 INFO src.train.trainer: Epoch 449
2026-06-11 11:28:42,432 INFO src.train.trainer: New best validation loss: -5.0150, saved to checkpoints/etas_20260611-112802/best_model_1.pth
2026-06-11 11:28:42,436 INFO src.train.trainer: Last model at epoch 449 saved to checkpoints/etas_20260611-112802/last_model_1.pth
2026-06-11 11:28:42,436 INFO src.train.trainer: Epoch 450
2026-06-11 11:28:42,520 INFO src.train.trainer: New best validation loss: -5.0152, saved to checkpoints/etas_20260611-112802/best_model_1.pth
2026-06-11 11:28:42,524 INFO src.train.trainer: Last model at epoch 450 saved to checkpoints/etas_20260611-112802/last_model_1.pth
2026-06-11 11:28:42,524 INFO src.train.trainer: Epoch 451
2026-06-11 11:28:42,610 INFO src.train.trainer: New best validation loss: -5.0158, saved to checkpoints/etas_20260611-112802/best_model_1.pth
2026-06-11 11:28:42,614 INFO src.train.trainer: Last model at epoch 451 saved to checkpoints/etas_20260611-112802/last_model_1.pth
2026-06-11 11:28:42,614 INFO src.train.trainer: Epoch 452
2026-06-11 11:28:42,698 INFO src.train.trainer: New best validation loss: -5.0159, saved to checkpoints/etas_20260611-112802/best_model_1.pth
2026-06-11 11:28:42,702 INFO src.train.trainer: Last model at epoch 452 saved to checkpoints/etas_20260611-112802/last_model_1.pth
2026-06-11 11:28:42,702 INFO src.train.trainer: Epoch 453
2026-06-11 11:28:42,785 INFO src.train.trainer: New best validation loss: -5.0164, saved to checkpoints/etas_20260611-112802/best_model_1.pth
2026-06-11 11:28:42,788 INFO src.train.trainer: Last model at epoch 453 saved to checkpoints/etas_20260611-112802/last_model_1.pth
2026-06-11 11:28:42,788 INFO src.train.trainer: Epoch 454
2026-06-11 11:28:42,871 INFO src.train.trainer: New best validation loss: -5.0167, saved to checkpoints/etas_20260611-112802/best_model_1.pth
2026-06-11 11:28:42,875 INFO src.train.trainer: Last model at epoch 454 saved to checkpoints/etas_20260611-112802/last_model_1.pth
2026-06-11 11:28:42,875 INFO src.train.trainer: Epoch 455
2026-06-11 11:28:42,958 INFO src.train.trainer: New best validation loss: -5.0170, saved to checkpoints/etas_20260611-112802/best_model_1.pth
2026-06-11 11:28:42,962 INFO src.train.trainer: Last model at epoch 455 saved to checkpoints/etas_20260611-112802/last_model_1.pth
2026-06-11 11:28:42,962 INFO src.train.trainer: Epoch 456
2026-06-11 11:28:43,046 INFO src.train.trainer: New best validation loss: -5.0174, saved to checkpoints/etas_20260611-112802/best_model_1.pth
2026-06-11 11:28:43,050 INFO src.train.trainer: Last model at epoch 456 saved to checkpoints/etas_20260611-112802/last_model_1.pth
2026-06-11 11:28:43,050 INFO src.train.trainer: Epoch 457
2026-06-11 11:28:43,135 INFO src.train.trainer: New best validation loss: -5.0176, saved to checkpoints/etas_20260611-112802/best_model_1.pth
2026-06-11 11:28:43,138 INFO src.train.trainer: Last model at epoch 457 saved to checkpoints/etas_20260611-112802/last_model_1.pth
2026-06-11 11:28:43,138 INFO src.train.trainer: Epoch 458
2026-06-11 11:28:43,226 INFO src.train.trainer: New best validation loss: -5.0181, saved to checkpoints/etas_20260611-112802/best_model_1.pth
2026-06-11 11:28:43,229 INFO src.train.trainer: Last model at epoch 458 saved to checkpoints/etas_20260611-112802/last_model_1.pth
2026-06-11 11:28:43,229 INFO src.train.trainer: Epoch 459
2026-06-11 11:28:43,314 INFO src.train.trainer: New best validation loss: -5.0184, saved to checkpoints/etas_20260611-112802/best_model_1.pth
2026-06-11 11:28:43,317 INFO src.train.trainer: Last model at epoch 459 saved to checkpoints/etas_20260611-112802/last_model_1.pth
2026-06-11 11:28:43,317 INFO src.train.trainer: Epoch 460
2026-06-11 11:28:43,401 INFO src.train.trainer: New best validation loss: -5.0187, saved to checkpoints/etas_20260611-112802/best_model_1.pth
2026-06-11 11:28:43,404 INFO src.train.trainer: Last model at epoch 460 saved to checkpoints/etas_20260611-112802/last_model_1.pth
2026-06-11 11:28:43,404 INFO src.train.trainer: Epoch 461
2026-06-11 11:28:43,487 INFO src.train.trainer: New best validation loss: -5.0191, saved to checkpoints/etas_20260611-112802/best_model_1.pth
2026-06-11 11:28:43,490 INFO src.train.trainer: Last model at epoch 461 saved to checkpoints/etas_20260611-112802/last_model_1.pth
2026-06-11 11:28:43,490 INFO src.train.trainer: Epoch 462
2026-06-11 11:28:43,573 INFO src.train.trainer: New best validation loss: -5.0194, saved to checkpoints/etas_20260611-112802/best_model_1.pth
2026-06-11 11:28:43,576 INFO src.train.trainer: Last model at epoch 462 saved to checkpoints/etas_20260611-112802/last_model_1.pth
2026-06-11 11:28:43,576 INFO src.train.trainer: Epoch 463
2026-06-11 11:28:43,659 INFO src.train.trainer: New best validation loss: -5.0197, saved to checkpoints/etas_20260611-112802/best_model_1.pth
2026-06-11 11:28:43,662 INFO src.train.trainer: Last model at epoch 463 saved to checkpoints/etas_20260611-112802/last_model_1.pth
2026-06-11 11:28:43,662 INFO src.train.trainer: Epoch 464
2026-06-11 11:28:43,745 INFO src.train.trainer: New best validation loss: -5.0201, saved to checkpoints/etas_20260611-112802/best_model_1.pth
2026-06-11 11:28:43,748 INFO src.train.trainer: Last model at epoch 464 saved to checkpoints/etas_20260611-112802/last_model_1.pth
2026-06-11 11:28:43,749 INFO src.train.trainer: Epoch 465
2026-06-11 11:28:43,832 INFO src.train.trainer: New best validation loss: -5.0204, saved to checkpoints/etas_20260611-112802/best_model_1.pth
2026-06-11 11:28:43,835 INFO src.train.trainer: Last model at epoch 465 saved to checkpoints/etas_20260611-112802/last_model_1.pth
2026-06-11 11:28:43,836 INFO src.train.trainer: Epoch 466
2026-06-11 11:28:43,919 INFO src.train.trainer: New best validation loss: -5.0208, saved to checkpoints/etas_20260611-112802/best_model_1.pth
2026-06-11 11:28:43,923 INFO src.train.trainer: Last model at epoch 466 saved to checkpoints/etas_20260611-112802/last_model_1.pth
2026-06-11 11:28:43,923 INFO src.train.trainer: Epoch 467
2026-06-11 11:28:44,007 INFO src.train.trainer: New best validation loss: -5.0211, saved to checkpoints/etas_20260611-112802/best_model_1.pth
2026-06-11 11:28:44,011 INFO src.train.trainer: Last model at epoch 467 saved to checkpoints/etas_20260611-112802/last_model_1.pth
2026-06-11 11:28:44,011 INFO src.train.trainer: Epoch 468
2026-06-11 11:28:44,094 INFO src.train.trainer: New best validation loss: -5.0214, saved to checkpoints/etas_20260611-112802/best_model_1.pth
2026-06-11 11:28:44,098 INFO src.train.trainer: Last model at epoch 468 saved to checkpoints/etas_20260611-112802/last_model_1.pth
2026-06-11 11:28:44,098 INFO src.train.trainer: Epoch 469
2026-06-11 11:28:44,181 INFO src.train.trainer: New best validation loss: -5.0218, saved to checkpoints/etas_20260611-112802/best_model_1.pth
2026-06-11 11:28:44,184 INFO src.train.trainer: Last model at epoch 469 saved to checkpoints/etas_20260611-112802/last_model_1.pth
2026-06-11 11:28:44,184 INFO src.train.trainer: Epoch 470
2026-06-11 11:28:44,268 INFO src.train.trainer: New best validation loss: -5.0221, saved to checkpoints/etas_20260611-112802/best_model_1.pth
2026-06-11 11:28:44,271 INFO src.train.trainer: Last model at epoch 470 saved to checkpoints/etas_20260611-112802/last_model_1.pth
2026-06-11 11:28:44,271 INFO src.train.trainer: Epoch 471
2026-06-11 11:28:44,356 INFO src.train.trainer: New best validation loss: -5.0225, saved to checkpoints/etas_20260611-112802/best_model_1.pth
2026-06-11 11:28:44,359 INFO src.train.trainer: Last model at epoch 471 saved to checkpoints/etas_20260611-112802/last_model_1.pth
2026-06-11 11:28:44,359 INFO src.train.trainer: Epoch 472
2026-06-11 11:28:44,442 INFO src.train.trainer: New best validation loss: -5.0229, saved to checkpoints/etas_20260611-112802/best_model_1.pth
2026-06-11 11:28:44,445 INFO src.train.trainer: Last model at epoch 472 saved to checkpoints/etas_20260611-112802/last_model_1.pth
2026-06-11 11:28:44,445 INFO src.train.trainer: Epoch 473
2026-06-11 11:28:44,528 INFO src.train.trainer: New best validation loss: -5.0232, saved to checkpoints/etas_20260611-112802/best_model_1.pth
2026-06-11 11:28:44,532 INFO src.train.trainer: Last model at epoch 473 saved to checkpoints/etas_20260611-112802/last_model_1.pth
2026-06-11 11:28:44,532 INFO src.train.trainer: Epoch 474
2026-06-11 11:28:44,615 INFO src.train.trainer: New best validation loss: -5.0235, saved to checkpoints/etas_20260611-112802/best_model_1.pth
2026-06-11 11:28:44,618 INFO src.train.trainer: Last model at epoch 474 saved to checkpoints/etas_20260611-112802/last_model_1.pth
2026-06-11 11:28:44,619 INFO src.train.trainer: Epoch 475
2026-06-11 11:28:44,702 INFO src.train.trainer: New best validation loss: -5.0239, saved to checkpoints/etas_20260611-112802/best_model_1.pth
2026-06-11 11:28:44,705 INFO src.train.trainer: Last model at epoch 475 saved to checkpoints/etas_20260611-112802/last_model_1.pth
2026-06-11 11:28:44,705 INFO src.train.trainer: Epoch 476
2026-06-11 11:28:44,790 INFO src.train.trainer: New best validation loss: -5.0242, saved to checkpoints/etas_20260611-112802/best_model_1.pth
2026-06-11 11:28:44,793 INFO src.train.trainer: Last model at epoch 476 saved to checkpoints/etas_20260611-112802/last_model_1.pth
2026-06-11 11:28:44,793 INFO src.train.trainer: Epoch 477
2026-06-11 11:28:44,878 INFO src.train.trainer: New best validation loss: -5.0246, saved to checkpoints/etas_20260611-112802/best_model_1.pth
2026-06-11 11:28:44,881 INFO src.train.trainer: Last model at epoch 477 saved to checkpoints/etas_20260611-112802/last_model_1.pth
2026-06-11 11:28:44,881 INFO src.train.trainer: Epoch 478
2026-06-11 11:28:44,965 INFO src.train.trainer: New best validation loss: -5.0249, saved to checkpoints/etas_20260611-112802/best_model_1.pth
2026-06-11 11:28:44,968 INFO src.train.trainer: Last model at epoch 478 saved to checkpoints/etas_20260611-112802/last_model_1.pth
2026-06-11 11:28:44,968 INFO src.train.trainer: Epoch 479
2026-06-11 11:28:45,052 INFO src.train.trainer: New best validation loss: -5.0252, saved to checkpoints/etas_20260611-112802/best_model_1.pth
2026-06-11 11:28:45,055 INFO src.train.trainer: Last model at epoch 479 saved to checkpoints/etas_20260611-112802/last_model_1.pth
2026-06-11 11:28:45,055 INFO src.train.trainer: Epoch 480
2026-06-11 11:28:45,139 INFO src.train.trainer: New best validation loss: -5.0256, saved to checkpoints/etas_20260611-112802/best_model_1.pth
2026-06-11 11:28:45,143 INFO src.train.trainer: Last model at epoch 480 saved to checkpoints/etas_20260611-112802/last_model_1.pth
2026-06-11 11:28:45,143 INFO src.train.trainer: Epoch 481
2026-06-11 11:28:45,228 INFO src.train.trainer: New best validation loss: -5.0259, saved to checkpoints/etas_20260611-112802/best_model_1.pth
2026-06-11 11:28:45,231 INFO src.train.trainer: Last model at epoch 481 saved to checkpoints/etas_20260611-112802/last_model_1.pth
2026-06-11 11:28:45,231 INFO src.train.trainer: Epoch 482
2026-06-11 11:28:45,315 INFO src.train.trainer: New best validation loss: -5.0263, saved to checkpoints/etas_20260611-112802/best_model_1.pth
2026-06-11 11:28:45,318 INFO src.train.trainer: Last model at epoch 482 saved to checkpoints/etas_20260611-112802/last_model_1.pth
2026-06-11 11:28:45,318 INFO src.train.trainer: Epoch 483
2026-06-11 11:28:45,401 INFO src.train.trainer: New best validation loss: -5.0266, saved to checkpoints/etas_20260611-112802/best_model_1.pth
2026-06-11 11:28:45,404 INFO src.train.trainer: Last model at epoch 483 saved to checkpoints/etas_20260611-112802/last_model_1.pth
2026-06-11 11:28:45,405 INFO src.train.trainer: Epoch 484
2026-06-11 11:28:45,489 INFO src.train.trainer: New best validation loss: -5.0270, saved to checkpoints/etas_20260611-112802/best_model_1.pth
2026-06-11 11:28:45,493 INFO src.train.trainer: Last model at epoch 484 saved to checkpoints/etas_20260611-112802/last_model_1.pth
2026-06-11 11:28:45,493 INFO src.train.trainer: Epoch 485
2026-06-11 11:28:45,577 INFO src.train.trainer: New best validation loss: -5.0273, saved to checkpoints/etas_20260611-112802/best_model_1.pth
2026-06-11 11:28:45,581 INFO src.train.trainer: Last model at epoch 485 saved to checkpoints/etas_20260611-112802/last_model_1.pth
2026-06-11 11:28:45,581 INFO src.train.trainer: Epoch 486
2026-06-11 11:28:45,666 INFO src.train.trainer: New best validation loss: -5.0277, saved to checkpoints/etas_20260611-112802/best_model_1.pth
2026-06-11 11:28:45,670 INFO src.train.trainer: Last model at epoch 486 saved to checkpoints/etas_20260611-112802/last_model_1.pth
2026-06-11 11:28:45,670 INFO src.train.trainer: Epoch 487
2026-06-11 11:28:45,756 INFO src.train.trainer: New best validation loss: -5.0280, saved to checkpoints/etas_20260611-112802/best_model_1.pth
2026-06-11 11:28:45,759 INFO src.train.trainer: Last model at epoch 487 saved to checkpoints/etas_20260611-112802/last_model_1.pth
2026-06-11 11:28:45,759 INFO src.train.trainer: Epoch 488
2026-06-11 11:28:45,844 INFO src.train.trainer: New best validation loss: -5.0284, saved to checkpoints/etas_20260611-112802/best_model_1.pth
2026-06-11 11:28:45,847 INFO src.train.trainer: Last model at epoch 488 saved to checkpoints/etas_20260611-112802/last_model_1.pth
2026-06-11 11:28:45,847 INFO src.train.trainer: Epoch 489
2026-06-11 11:28:45,930 INFO src.train.trainer: New best validation loss: -5.0287, saved to checkpoints/etas_20260611-112802/best_model_1.pth
2026-06-11 11:28:45,933 INFO src.train.trainer: Last model at epoch 489 saved to checkpoints/etas_20260611-112802/last_model_1.pth
2026-06-11 11:28:45,934 INFO src.train.trainer: Epoch 490
2026-06-11 11:28:46,017 INFO src.train.trainer: New best validation loss: -5.0291, saved to checkpoints/etas_20260611-112802/best_model_1.pth
2026-06-11 11:28:46,020 INFO src.train.trainer: Last model at epoch 490 saved to checkpoints/etas_20260611-112802/last_model_1.pth
2026-06-11 11:28:46,020 INFO src.train.trainer: Epoch 491
2026-06-11 11:28:46,103 INFO src.train.trainer: New best validation loss: -5.0294, saved to checkpoints/etas_20260611-112802/best_model_1.pth
2026-06-11 11:28:46,107 INFO src.train.trainer: Last model at epoch 491 saved to checkpoints/etas_20260611-112802/last_model_1.pth
2026-06-11 11:28:46,107 INFO src.train.trainer: Epoch 492
2026-06-11 11:28:46,191 INFO src.train.trainer: New best validation loss: -5.0297, saved to checkpoints/etas_20260611-112802/best_model_1.pth
2026-06-11 11:28:46,194 INFO src.train.trainer: Last model at epoch 492 saved to checkpoints/etas_20260611-112802/last_model_1.pth
2026-06-11 11:28:46,194 INFO src.train.trainer: Epoch 493
2026-06-11 11:28:46,278 INFO src.train.trainer: New best validation loss: -5.0301, saved to checkpoints/etas_20260611-112802/best_model_1.pth
2026-06-11 11:28:46,281 INFO src.train.trainer: Last model at epoch 493 saved to checkpoints/etas_20260611-112802/last_model_1.pth
2026-06-11 11:28:46,281 INFO src.train.trainer: Epoch 494
2026-06-11 11:28:46,366 INFO src.train.trainer: New best validation loss: -5.0304, saved to checkpoints/etas_20260611-112802/best_model_1.pth
2026-06-11 11:28:46,370 INFO src.train.trainer: Last model at epoch 494 saved to checkpoints/etas_20260611-112802/last_model_1.pth
2026-06-11 11:28:46,370 INFO src.train.trainer: Epoch 495
2026-06-11 11:28:46,455 INFO src.train.trainer: New best validation loss: -5.0308, saved to checkpoints/etas_20260611-112802/best_model_1.pth
2026-06-11 11:28:46,459 INFO src.train.trainer: Last model at epoch 495 saved to checkpoints/etas_20260611-112802/last_model_1.pth
2026-06-11 11:28:46,459 INFO src.train.trainer: Epoch 496
2026-06-11 11:28:46,544 INFO src.train.trainer: New best validation loss: -5.0311, saved to checkpoints/etas_20260611-112802/best_model_1.pth
2026-06-11 11:28:46,548 INFO src.train.trainer: Last model at epoch 496 saved to checkpoints/etas_20260611-112802/last_model_1.pth
2026-06-11 11:28:46,548 INFO src.train.trainer: Epoch 497
2026-06-11 11:28:46,633 INFO src.train.trainer: New best validation loss: -5.0315, saved to checkpoints/etas_20260611-112802/best_model_1.pth
2026-06-11 11:28:46,637 INFO src.train.trainer: Last model at epoch 497 saved to checkpoints/etas_20260611-112802/last_model_1.pth
2026-06-11 11:28:46,637 INFO src.train.trainer: Epoch 498
2026-06-11 11:28:46,722 INFO src.train.trainer: New best validation loss: -5.0318, saved to checkpoints/etas_20260611-112802/best_model_1.pth
2026-06-11 11:28:46,726 INFO src.train.trainer: Last model at epoch 498 saved to checkpoints/etas_20260611-112802/last_model_1.pth
2026-06-11 11:28:46,726 INFO src.train.trainer: Epoch 499
2026-06-11 11:28:46,812 INFO src.train.trainer: New best validation loss: -5.0321, saved to checkpoints/etas_20260611-112802/best_model_1.pth
2026-06-11 11:28:46,815 INFO src.train.trainer: Last model at epoch 499 saved to checkpoints/etas_20260611-112802/last_model_1.pth
2026-06-11 11:28:46,815 INFO src.train.trainer: Epoch 500
2026-06-11 11:28:46,899 INFO src.train.trainer: New best validation loss: -5.0325, saved to checkpoints/etas_20260611-112802/best_model_1.pth
2026-06-11 11:28:46,903 INFO src.train.trainer: Last model at epoch 500 saved to checkpoints/etas_20260611-112802/last_model_1.pth
2026-06-11 11:28:46,903 INFO src.train.trainer: Epoch 501
2026-06-11 11:28:46,988 INFO src.train.trainer: New best validation loss: -5.0328, saved to checkpoints/etas_20260611-112802/best_model_1.pth
2026-06-11 11:28:46,991 INFO src.train.trainer: Last model at epoch 501 saved to checkpoints/etas_20260611-112802/last_model_1.pth
2026-06-11 11:28:46,991 INFO src.train.trainer: Epoch 502
2026-06-11 11:28:47,075 INFO src.train.trainer: New best validation loss: -5.0330, saved to checkpoints/etas_20260611-112802/best_model_1.pth
2026-06-11 11:28:47,079 INFO src.train.trainer: Last model at epoch 502 saved to checkpoints/etas_20260611-112802/last_model_1.pth
2026-06-11 11:28:47,079 INFO src.train.trainer: Epoch 503
2026-06-11 11:28:47,165 INFO src.train.trainer: New best validation loss: -5.0333, saved to checkpoints/etas_20260611-112802/best_model_1.pth
2026-06-11 11:28:47,168 INFO src.train.trainer: Last model at epoch 503 saved to checkpoints/etas_20260611-112802/last_model_1.pth
2026-06-11 11:28:47,168 INFO src.train.trainer: Epoch 504
2026-06-11 11:28:47,252 INFO src.train.trainer: New best validation loss: -5.0336, saved to checkpoints/etas_20260611-112802/best_model_1.pth
2026-06-11 11:28:47,255 INFO src.train.trainer: Last model at epoch 504 saved to checkpoints/etas_20260611-112802/last_model_1.pth
2026-06-11 11:28:47,255 INFO src.train.trainer: Epoch 505
2026-06-11 11:28:47,339 INFO src.train.trainer: New best validation loss: -5.0339, saved to checkpoints/etas_20260611-112802/best_model_1.pth
2026-06-11 11:28:47,343 INFO src.train.trainer: Last model at epoch 505 saved to checkpoints/etas_20260611-112802/last_model_1.pth
2026-06-11 11:28:47,343 INFO src.train.trainer: Epoch 506
2026-06-11 11:28:47,428 INFO src.train.trainer: New best validation loss: -5.0342, saved to checkpoints/etas_20260611-112802/best_model_1.pth
2026-06-11 11:28:47,432 INFO src.train.trainer: Last model at epoch 506 saved to checkpoints/etas_20260611-112802/last_model_1.pth
2026-06-11 11:28:47,432 INFO src.train.trainer: Epoch 507
2026-06-11 11:28:47,516 INFO src.train.trainer: New best validation loss: -5.0344, saved to checkpoints/etas_20260611-112802/best_model_1.pth
2026-06-11 11:28:47,519 INFO src.train.trainer: Last model at epoch 507 saved to checkpoints/etas_20260611-112802/last_model_1.pth
2026-06-11 11:28:47,520 INFO src.train.trainer: Epoch 508
2026-06-11 11:28:47,609 INFO src.train.trainer: New best validation loss: -5.0347, saved to checkpoints/etas_20260611-112802/best_model_1.pth
2026-06-11 11:28:47,612 INFO src.train.trainer: Last model at epoch 508 saved to checkpoints/etas_20260611-112802/last_model_1.pth
2026-06-11 11:28:47,612 INFO src.train.trainer: Epoch 509
2026-06-11 11:28:47,698 INFO src.train.trainer: New best validation loss: -5.0350, saved to checkpoints/etas_20260611-112802/best_model_1.pth
2026-06-11 11:28:47,702 INFO src.train.trainer: Last model at epoch 509 saved to checkpoints/etas_20260611-112802/last_model_1.pth
2026-06-11 11:28:47,702 INFO src.train.trainer: Epoch 510
2026-06-11 11:28:47,785 INFO src.train.trainer: New best validation loss: -5.0352, saved to checkpoints/etas_20260611-112802/best_model_1.pth
2026-06-11 11:28:47,788 INFO src.train.trainer: Last model at epoch 510 saved to checkpoints/etas_20260611-112802/last_model_1.pth
2026-06-11 11:28:47,788 INFO src.train.trainer: Epoch 511
2026-06-11 11:28:47,873 INFO src.train.trainer: New best validation loss: -5.0355, saved to checkpoints/etas_20260611-112802/best_model_1.pth
2026-06-11 11:28:47,877 INFO src.train.trainer: Last model at epoch 511 saved to checkpoints/etas_20260611-112802/last_model_1.pth
2026-06-11 11:28:47,877 INFO src.train.trainer: Epoch 512
2026-06-11 11:28:47,960 INFO src.train.trainer: New best validation loss: -5.0358, saved to checkpoints/etas_20260611-112802/best_model_1.pth
2026-06-11 11:28:47,964 INFO src.train.trainer: Last model at epoch 512 saved to checkpoints/etas_20260611-112802/last_model_1.pth
2026-06-11 11:28:47,964 INFO src.train.trainer: Epoch 513
2026-06-11 11:28:48,048 INFO src.train.trainer: New best validation loss: -5.0361, saved to checkpoints/etas_20260611-112802/best_model_1.pth
2026-06-11 11:28:48,051 INFO src.train.trainer: Last model at epoch 513 saved to checkpoints/etas_20260611-112802/last_model_1.pth
2026-06-11 11:28:48,051 INFO src.train.trainer: Epoch 514
2026-06-11 11:28:48,134 INFO src.train.trainer: New best validation loss: -5.0363, saved to checkpoints/etas_20260611-112802/best_model_1.pth
2026-06-11 11:28:48,138 INFO src.train.trainer: Last model at epoch 514 saved to checkpoints/etas_20260611-112802/last_model_1.pth
2026-06-11 11:28:48,138 INFO src.train.trainer: Epoch 515
2026-06-11 11:28:48,222 INFO src.train.trainer: New best validation loss: -5.0366, saved to checkpoints/etas_20260611-112802/best_model_1.pth
2026-06-11 11:28:48,225 INFO src.train.trainer: Last model at epoch 515 saved to checkpoints/etas_20260611-112802/last_model_1.pth
2026-06-11 11:28:48,225 INFO src.train.trainer: Epoch 516
2026-06-11 11:28:48,309 INFO src.train.trainer: New best validation loss: -5.0369, saved to checkpoints/etas_20260611-112802/best_model_1.pth
2026-06-11 11:28:48,313 INFO src.train.trainer: Last model at epoch 516 saved to checkpoints/etas_20260611-112802/last_model_1.pth
2026-06-11 11:28:48,313 INFO src.train.trainer: Epoch 517
2026-06-11 11:28:48,398 INFO src.train.trainer: New best validation loss: -5.0372, saved to checkpoints/etas_20260611-112802/best_model_1.pth
2026-06-11 11:28:48,401 INFO src.train.trainer: Last model at epoch 517 saved to checkpoints/etas_20260611-112802/last_model_1.pth
2026-06-11 11:28:48,401 INFO src.train.trainer: Epoch 518
2026-06-11 11:28:48,485 INFO src.train.trainer: New best validation loss: -5.0374, saved to checkpoints/etas_20260611-112802/best_model_1.pth
2026-06-11 11:28:48,489 INFO src.train.trainer: Last model at epoch 518 saved to checkpoints/etas_20260611-112802/last_model_1.pth
2026-06-11 11:28:48,489 INFO src.train.trainer: Epoch 519
2026-06-11 11:28:48,575 INFO src.train.trainer: New best validation loss: -5.0377, saved to checkpoints/etas_20260611-112802/best_model_1.pth
2026-06-11 11:28:48,580 INFO src.train.trainer: Last model at epoch 519 saved to checkpoints/etas_20260611-112802/last_model_1.pth
2026-06-11 11:28:48,581 INFO src.train.trainer: Epoch 520
2026-06-11 11:28:48,664 INFO src.train.trainer: New best validation loss: -5.0380, saved to checkpoints/etas_20260611-112802/best_model_1.pth
2026-06-11 11:28:48,667 INFO src.train.trainer: Last model at epoch 520 saved to checkpoints/etas_20260611-112802/last_model_1.pth
2026-06-11 11:28:48,667 INFO src.train.trainer: Epoch 521
2026-06-11 11:28:48,753 INFO src.train.trainer: New best validation loss: -5.0383, saved to checkpoints/etas_20260611-112802/best_model_1.pth
2026-06-11 11:28:48,756 INFO src.train.trainer: Last model at epoch 521 saved to checkpoints/etas_20260611-112802/last_model_1.pth
2026-06-11 11:28:48,756 INFO src.train.trainer: Epoch 522
2026-06-11 11:28:48,840 INFO src.train.trainer: New best validation loss: -5.0385, saved to checkpoints/etas_20260611-112802/best_model_1.pth
2026-06-11 11:28:48,843 INFO src.train.trainer: Last model at epoch 522 saved to checkpoints/etas_20260611-112802/last_model_1.pth
2026-06-11 11:28:48,843 INFO src.train.trainer: Epoch 523
2026-06-11 11:28:48,931 INFO src.train.trainer: New best validation loss: -5.0388, saved to checkpoints/etas_20260611-112802/best_model_1.pth
2026-06-11 11:28:48,935 INFO src.train.trainer: Last model at epoch 523 saved to checkpoints/etas_20260611-112802/last_model_1.pth
2026-06-11 11:28:48,935 INFO src.train.trainer: Epoch 524
2026-06-11 11:28:49,018 INFO src.train.trainer: New best validation loss: -5.0391, saved to checkpoints/etas_20260611-112802/best_model_1.pth
2026-06-11 11:28:49,022 INFO src.train.trainer: Last model at epoch 524 saved to checkpoints/etas_20260611-112802/last_model_1.pth
2026-06-11 11:28:49,022 INFO src.train.trainer: Epoch 525
2026-06-11 11:28:49,108 INFO src.train.trainer: New best validation loss: -5.0393, saved to checkpoints/etas_20260611-112802/best_model_1.pth
2026-06-11 11:28:49,112 INFO src.train.trainer: Last model at epoch 525 saved to checkpoints/etas_20260611-112802/last_model_1.pth
2026-06-11 11:28:49,112 INFO src.train.trainer: Epoch 526
2026-06-11 11:28:49,195 INFO src.train.trainer: New best validation loss: -5.0396, saved to checkpoints/etas_20260611-112802/best_model_1.pth
2026-06-11 11:28:49,198 INFO src.train.trainer: Last model at epoch 526 saved to checkpoints/etas_20260611-112802/last_model_1.pth
2026-06-11 11:28:49,198 INFO src.train.trainer: Epoch 527
2026-06-11 11:28:49,282 INFO src.train.trainer: New best validation loss: -5.0399, saved to checkpoints/etas_20260611-112802/best_model_1.pth
2026-06-11 11:28:49,285 INFO src.train.trainer: Last model at epoch 527 saved to checkpoints/etas_20260611-112802/last_model_1.pth
2026-06-11 11:28:49,285 INFO src.train.trainer: Epoch 528
2026-06-11 11:28:49,369 INFO src.train.trainer: New best validation loss: -5.0402, saved to checkpoints/etas_20260611-112802/best_model_1.pth
2026-06-11 11:28:49,372 INFO src.train.trainer: Last model at epoch 528 saved to checkpoints/etas_20260611-112802/last_model_1.pth
2026-06-11 11:28:49,372 INFO src.train.trainer: Epoch 529
2026-06-11 11:28:49,455 INFO src.train.trainer: New best validation loss: -5.0404, saved to checkpoints/etas_20260611-112802/best_model_1.pth
2026-06-11 11:28:49,459 INFO src.train.trainer: Last model at epoch 529 saved to checkpoints/etas_20260611-112802/last_model_1.pth
2026-06-11 11:28:49,459 INFO src.train.trainer: Epoch 530
2026-06-11 11:28:49,544 INFO src.train.trainer: New best validation loss: -5.0407, saved to checkpoints/etas_20260611-112802/best_model_1.pth
2026-06-11 11:28:49,547 INFO src.train.trainer: Last model at epoch 530 saved to checkpoints/etas_20260611-112802/last_model_1.pth
2026-06-11 11:28:49,547 INFO src.train.trainer: Epoch 531
2026-06-11 11:28:49,631 INFO src.train.trainer: New best validation loss: -5.0410, saved to checkpoints/etas_20260611-112802/best_model_1.pth
2026-06-11 11:28:49,635 INFO src.train.trainer: Last model at epoch 531 saved to checkpoints/etas_20260611-112802/last_model_1.pth
2026-06-11 11:28:49,635 INFO src.train.trainer: Epoch 532
2026-06-11 11:28:49,719 INFO src.train.trainer: New best validation loss: -5.0412, saved to checkpoints/etas_20260611-112802/best_model_1.pth
2026-06-11 11:28:49,723 INFO src.train.trainer: Last model at epoch 532 saved to checkpoints/etas_20260611-112802/last_model_1.pth
2026-06-11 11:28:49,723 INFO src.train.trainer: Epoch 533
2026-06-11 11:28:49,809 INFO src.train.trainer: New best validation loss: -5.0415, saved to checkpoints/etas_20260611-112802/best_model_1.pth
2026-06-11 11:28:49,813 INFO src.train.trainer: Last model at epoch 533 saved to checkpoints/etas_20260611-112802/last_model_1.pth
2026-06-11 11:28:49,813 INFO src.train.trainer: Epoch 534
2026-06-11 11:28:49,898 INFO src.train.trainer: New best validation loss: -5.0418, saved to checkpoints/etas_20260611-112802/best_model_1.pth
2026-06-11 11:28:49,902 INFO src.train.trainer: Last model at epoch 534 saved to checkpoints/etas_20260611-112802/last_model_1.pth
2026-06-11 11:28:49,902 INFO src.train.trainer: Epoch 535
2026-06-11 11:28:49,987 INFO src.train.trainer: New best validation loss: -5.0420, saved to checkpoints/etas_20260611-112802/best_model_1.pth
2026-06-11 11:28:49,990 INFO src.train.trainer: Last model at epoch 535 saved to checkpoints/etas_20260611-112802/last_model_1.pth
2026-06-11 11:28:49,990 INFO src.train.trainer: Epoch 536
2026-06-11 11:28:50,078 INFO src.train.trainer: New best validation loss: -5.0423, saved to checkpoints/etas_20260611-112802/best_model_1.pth
2026-06-11 11:28:50,081 INFO src.train.trainer: Last model at epoch 536 saved to checkpoints/etas_20260611-112802/last_model_1.pth
2026-06-11 11:28:50,082 INFO src.train.trainer: Epoch 537
2026-06-11 11:28:50,181 INFO src.train.trainer: New best validation loss: -5.0426, saved to checkpoints/etas_20260611-112802/best_model_1.pth
2026-06-11 11:28:50,185 INFO src.train.trainer: Last model at epoch 537 saved to checkpoints/etas_20260611-112802/last_model_1.pth
2026-06-11 11:28:50,185 INFO src.train.trainer: Epoch 538
2026-06-11 11:28:50,278 INFO src.train.trainer: New best validation loss: -5.0428, saved to checkpoints/etas_20260611-112802/best_model_1.pth
2026-06-11 11:28:50,280 INFO src.train.trainer: Last model at epoch 538 saved to checkpoints/etas_20260611-112802/last_model_1.pth
2026-06-11 11:28:50,281 INFO src.train.trainer: Epoch 539
2026-06-11 11:28:50,365 INFO src.train.trainer: New best validation loss: -5.0431, saved to checkpoints/etas_20260611-112802/best_model_1.pth
2026-06-11 11:28:50,369 INFO src.train.trainer: Last model at epoch 539 saved to checkpoints/etas_20260611-112802/last_model_1.pth
2026-06-11 11:28:50,369 INFO src.train.trainer: Epoch 540
2026-06-11 11:28:50,452 INFO src.train.trainer: New best validation loss: -5.0434, saved to checkpoints/etas_20260611-112802/best_model_1.pth
2026-06-11 11:28:50,455 INFO src.train.trainer: Last model at epoch 540 saved to checkpoints/etas_20260611-112802/last_model_1.pth
2026-06-11 11:28:50,455 INFO src.train.trainer: Epoch 541
2026-06-11 11:28:50,539 INFO src.train.trainer: New best validation loss: -5.0436, saved to checkpoints/etas_20260611-112802/best_model_1.pth
2026-06-11 11:28:50,542 INFO src.train.trainer: Last model at epoch 541 saved to checkpoints/etas_20260611-112802/last_model_1.pth
2026-06-11 11:28:50,543 INFO src.train.trainer: Epoch 542
2026-06-11 11:28:50,624 INFO src.train.trainer: New best validation loss: -5.0439, saved to checkpoints/etas_20260611-112802/best_model_1.pth
2026-06-11 11:28:50,627 INFO src.train.trainer: Last model at epoch 542 saved to checkpoints/etas_20260611-112802/last_model_1.pth
2026-06-11 11:28:50,628 INFO src.train.trainer: Epoch 543
2026-06-11 11:28:50,710 INFO src.train.trainer: New best validation loss: -5.0442, saved to checkpoints/etas_20260611-112802/best_model_1.pth
2026-06-11 11:28:50,713 INFO src.train.trainer: Last model at epoch 543 saved to checkpoints/etas_20260611-112802/last_model_1.pth
2026-06-11 11:28:50,713 INFO src.train.trainer: Epoch 544
2026-06-11 11:28:50,796 INFO src.train.trainer: New best validation loss: -5.0444, saved to checkpoints/etas_20260611-112802/best_model_1.pth
2026-06-11 11:28:50,799 INFO src.train.trainer: Last model at epoch 544 saved to checkpoints/etas_20260611-112802/last_model_1.pth
2026-06-11 11:28:50,799 INFO src.train.trainer: Epoch 545
2026-06-11 11:28:50,881 INFO src.train.trainer: New best validation loss: -5.0447, saved to checkpoints/etas_20260611-112802/best_model_1.pth
2026-06-11 11:28:50,884 INFO src.train.trainer: Last model at epoch 545 saved to checkpoints/etas_20260611-112802/last_model_1.pth
2026-06-11 11:28:50,884 INFO src.train.trainer: Epoch 546
2026-06-11 11:28:50,965 INFO src.train.trainer: New best validation loss: -5.0450, saved to checkpoints/etas_20260611-112802/best_model_1.pth
2026-06-11 11:28:50,969 INFO src.train.trainer: Last model at epoch 546 saved to checkpoints/etas_20260611-112802/last_model_1.pth
2026-06-11 11:28:50,969 INFO src.train.trainer: Epoch 547
2026-06-11 11:28:51,051 INFO src.train.trainer: New best validation loss: -5.0452, saved to checkpoints/etas_20260611-112802/best_model_1.pth
2026-06-11 11:28:51,054 INFO src.train.trainer: Last model at epoch 547 saved to checkpoints/etas_20260611-112802/last_model_1.pth
2026-06-11 11:28:51,054 INFO src.train.trainer: Epoch 548
2026-06-11 11:28:51,135 INFO src.train.trainer: New best validation loss: -5.0455, saved to checkpoints/etas_20260611-112802/best_model_1.pth
2026-06-11 11:28:51,138 INFO src.train.trainer: Last model at epoch 548 saved to checkpoints/etas_20260611-112802/last_model_1.pth
2026-06-11 11:28:51,139 INFO src.train.trainer: Epoch 549
2026-06-11 11:28:51,220 INFO src.train.trainer: New best validation loss: -5.0458, saved to checkpoints/etas_20260611-112802/best_model_1.pth
2026-06-11 11:28:51,223 INFO src.train.trainer: Last model at epoch 549 saved to checkpoints/etas_20260611-112802/last_model_1.pth
2026-06-11 11:28:51,223 INFO src.train.trainer: Epoch 550
2026-06-11 11:28:51,305 INFO src.train.trainer: New best validation loss: -5.0460, saved to checkpoints/etas_20260611-112802/best_model_1.pth
2026-06-11 11:28:51,308 INFO src.train.trainer: Last model at epoch 550 saved to checkpoints/etas_20260611-112802/last_model_1.pth
2026-06-11 11:28:51,308 INFO src.train.trainer: Epoch 551
2026-06-11 11:28:51,392 INFO src.train.trainer: New best validation loss: -5.0463, saved to checkpoints/etas_20260611-112802/best_model_1.pth
2026-06-11 11:28:51,395 INFO src.train.trainer: Last model at epoch 551 saved to checkpoints/etas_20260611-112802/last_model_1.pth
2026-06-11 11:28:51,395 INFO src.train.trainer: Epoch 552
2026-06-11 11:28:51,480 INFO src.train.trainer: New best validation loss: -5.0465, saved to checkpoints/etas_20260611-112802/best_model_1.pth
2026-06-11 11:28:51,483 INFO src.train.trainer: Last model at epoch 552 saved to checkpoints/etas_20260611-112802/last_model_1.pth
2026-06-11 11:28:51,484 INFO src.train.trainer: Epoch 553
2026-06-11 11:28:51,569 INFO src.train.trainer: New best validation loss: -5.0468, saved to checkpoints/etas_20260611-112802/best_model_1.pth
2026-06-11 11:28:51,572 INFO src.train.trainer: Last model at epoch 553 saved to checkpoints/etas_20260611-112802/last_model_1.pth
2026-06-11 11:28:51,572 INFO src.train.trainer: Epoch 554
2026-06-11 11:28:51,657 INFO src.train.trainer: New best validation loss: -5.0471, saved to checkpoints/etas_20260611-112802/best_model_1.pth
2026-06-11 11:28:51,660 INFO src.train.trainer: Last model at epoch 554 saved to checkpoints/etas_20260611-112802/last_model_1.pth
2026-06-11 11:28:51,660 INFO src.train.trainer: Epoch 555
2026-06-11 11:28:51,743 INFO src.train.trainer: New best validation loss: -5.0473, saved to checkpoints/etas_20260611-112802/best_model_1.pth
2026-06-11 11:28:51,746 INFO src.train.trainer: Last model at epoch 555 saved to checkpoints/etas_20260611-112802/last_model_1.pth
2026-06-11 11:28:51,747 INFO src.train.trainer: Epoch 556
2026-06-11 11:28:51,829 INFO src.train.trainer: New best validation loss: -5.0476, saved to checkpoints/etas_20260611-112802/best_model_1.pth
2026-06-11 11:28:51,833 INFO src.train.trainer: Last model at epoch 556 saved to checkpoints/etas_20260611-112802/last_model_1.pth
2026-06-11 11:28:51,833 INFO src.train.trainer: Epoch 557
2026-06-11 11:28:51,915 INFO src.train.trainer: New best validation loss: -5.0478, saved to checkpoints/etas_20260611-112802/best_model_1.pth
2026-06-11 11:28:51,919 INFO src.train.trainer: Last model at epoch 557 saved to checkpoints/etas_20260611-112802/last_model_1.pth
2026-06-11 11:28:51,919 INFO src.train.trainer: Epoch 558
2026-06-11 11:28:52,002 INFO src.train.trainer: New best validation loss: -5.0481, saved to checkpoints/etas_20260611-112802/best_model_1.pth
2026-06-11 11:28:52,005 INFO src.train.trainer: Last model at epoch 558 saved to checkpoints/etas_20260611-112802/last_model_1.pth
2026-06-11 11:28:52,005 INFO src.train.trainer: Epoch 559
2026-06-11 11:28:52,087 INFO src.train.trainer: New best validation loss: -5.0484, saved to checkpoints/etas_20260611-112802/best_model_1.pth
2026-06-11 11:28:52,090 INFO src.train.trainer: Last model at epoch 559 saved to checkpoints/etas_20260611-112802/last_model_1.pth
2026-06-11 11:28:52,090 INFO src.train.trainer: Epoch 560
2026-06-11 11:28:52,174 INFO src.train.trainer: New best validation loss: -5.0486, saved to checkpoints/etas_20260611-112802/best_model_1.pth
2026-06-11 11:28:52,177 INFO src.train.trainer: Last model at epoch 560 saved to checkpoints/etas_20260611-112802/last_model_1.pth
2026-06-11 11:28:52,177 INFO src.train.trainer: Epoch 561
2026-06-11 11:28:52,261 INFO src.train.trainer: New best validation loss: -5.0489, saved to checkpoints/etas_20260611-112802/best_model_1.pth
2026-06-11 11:28:52,264 INFO src.train.trainer: Last model at epoch 561 saved to checkpoints/etas_20260611-112802/last_model_1.pth
2026-06-11 11:28:52,264 INFO src.train.trainer: Epoch 562
2026-06-11 11:28:52,347 INFO src.train.trainer: New best validation loss: -5.0491, saved to checkpoints/etas_20260611-112802/best_model_1.pth
2026-06-11 11:28:52,350 INFO src.train.trainer: Last model at epoch 562 saved to checkpoints/etas_20260611-112802/last_model_1.pth
2026-06-11 11:28:52,350 INFO src.train.trainer: Epoch 563
2026-06-11 11:28:52,433 INFO src.train.trainer: New best validation loss: -5.0494, saved to checkpoints/etas_20260611-112802/best_model_1.pth
2026-06-11 11:28:52,436 INFO src.train.trainer: Last model at epoch 563 saved to checkpoints/etas_20260611-112802/last_model_1.pth
2026-06-11 11:28:52,436 INFO src.train.trainer: Epoch 564
2026-06-11 11:28:52,519 INFO src.train.trainer: New best validation loss: -5.0496, saved to checkpoints/etas_20260611-112802/best_model_1.pth
2026-06-11 11:28:52,523 INFO src.train.trainer: Last model at epoch 564 saved to checkpoints/etas_20260611-112802/last_model_1.pth
2026-06-11 11:28:52,523 INFO src.train.trainer: Epoch 565
2026-06-11 11:28:52,606 INFO src.train.trainer: New best validation loss: -5.0499, saved to checkpoints/etas_20260611-112802/best_model_1.pth
2026-06-11 11:28:52,610 INFO src.train.trainer: Last model at epoch 565 saved to checkpoints/etas_20260611-112802/last_model_1.pth
2026-06-11 11:28:52,610 INFO src.train.trainer: Epoch 566
2026-06-11 11:28:52,694 INFO src.train.trainer: New best validation loss: -5.0501, saved to checkpoints/etas_20260611-112802/best_model_1.pth
2026-06-11 11:28:52,697 INFO src.train.trainer: Last model at epoch 566 saved to checkpoints/etas_20260611-112802/last_model_1.pth
2026-06-11 11:28:52,697 INFO src.train.trainer: Epoch 567
2026-06-11 11:28:52,783 INFO src.train.trainer: New best validation loss: -5.0504, saved to checkpoints/etas_20260611-112802/best_model_1.pth
2026-06-11 11:28:52,786 INFO src.train.trainer: Last model at epoch 567 saved to checkpoints/etas_20260611-112802/last_model_1.pth
2026-06-11 11:28:52,786 INFO src.train.trainer: Epoch 568
2026-06-11 11:28:52,869 INFO src.train.trainer: New best validation loss: -5.0506, saved to checkpoints/etas_20260611-112802/best_model_1.pth
2026-06-11 11:28:52,873 INFO src.train.trainer: Last model at epoch 568 saved to checkpoints/etas_20260611-112802/last_model_1.pth
2026-06-11 11:28:52,873 INFO src.train.trainer: Epoch 569
2026-06-11 11:28:52,957 INFO src.train.trainer: New best validation loss: -5.0509, saved to checkpoints/etas_20260611-112802/best_model_1.pth
2026-06-11 11:28:52,960 INFO src.train.trainer: Last model at epoch 569 saved to checkpoints/etas_20260611-112802/last_model_1.pth
2026-06-11 11:28:52,960 INFO src.train.trainer: Epoch 570
2026-06-11 11:28:53,043 INFO src.train.trainer: New best validation loss: -5.0511, saved to checkpoints/etas_20260611-112802/best_model_1.pth
2026-06-11 11:28:53,046 INFO src.train.trainer: Last model at epoch 570 saved to checkpoints/etas_20260611-112802/last_model_1.pth
2026-06-11 11:28:53,046 INFO src.train.trainer: Epoch 571
2026-06-11 11:28:53,131 INFO src.train.trainer: New best validation loss: -5.0514, saved to checkpoints/etas_20260611-112802/best_model_1.pth
2026-06-11 11:28:53,134 INFO src.train.trainer: Last model at epoch 571 saved to checkpoints/etas_20260611-112802/last_model_1.pth
2026-06-11 11:28:53,134 INFO src.train.trainer: Epoch 572
2026-06-11 11:28:53,222 INFO src.train.trainer: New best validation loss: -5.0516, saved to checkpoints/etas_20260611-112802/best_model_1.pth
2026-06-11 11:28:53,225 INFO src.train.trainer: Last model at epoch 572 saved to checkpoints/etas_20260611-112802/last_model_1.pth
2026-06-11 11:28:53,226 INFO src.train.trainer: Epoch 573
2026-06-11 11:28:53,309 INFO src.train.trainer: New best validation loss: -5.0519, saved to checkpoints/etas_20260611-112802/best_model_1.pth
2026-06-11 11:28:53,312 INFO src.train.trainer: Last model at epoch 573 saved to checkpoints/etas_20260611-112802/last_model_1.pth
2026-06-11 11:28:53,312 INFO src.train.trainer: Epoch 574
2026-06-11 11:28:53,396 INFO src.train.trainer: New best validation loss: -5.0521, saved to checkpoints/etas_20260611-112802/best_model_1.pth
2026-06-11 11:28:53,399 INFO src.train.trainer: Last model at epoch 574 saved to checkpoints/etas_20260611-112802/last_model_1.pth
2026-06-11 11:28:53,399 INFO src.train.trainer: Epoch 575
2026-06-11 11:28:53,482 INFO src.train.trainer: New best validation loss: -5.0524, saved to checkpoints/etas_20260611-112802/best_model_1.pth
2026-06-11 11:28:53,486 INFO src.train.trainer: Last model at epoch 575 saved to checkpoints/etas_20260611-112802/last_model_1.pth
2026-06-11 11:28:53,486 INFO src.train.trainer: Epoch 576
2026-06-11 11:28:53,569 INFO src.train.trainer: New best validation loss: -5.0526, saved to checkpoints/etas_20260611-112802/best_model_1.pth
2026-06-11 11:28:53,573 INFO src.train.trainer: Last model at epoch 576 saved to checkpoints/etas_20260611-112802/last_model_1.pth
2026-06-11 11:28:53,573 INFO src.train.trainer: Epoch 577
2026-06-11 11:28:53,657 INFO src.train.trainer: New best validation loss: -5.0529, saved to checkpoints/etas_20260611-112802/best_model_1.pth
2026-06-11 11:28:53,661 INFO src.train.trainer: Last model at epoch 577 saved to checkpoints/etas_20260611-112802/last_model_1.pth
2026-06-11 11:28:53,661 INFO src.train.trainer: Epoch 578
2026-06-11 11:28:53,744 INFO src.train.trainer: New best validation loss: -5.0531, saved to checkpoints/etas_20260611-112802/best_model_1.pth
2026-06-11 11:28:53,748 INFO src.train.trainer: Last model at epoch 578 saved to checkpoints/etas_20260611-112802/last_model_1.pth
2026-06-11 11:28:53,748 INFO src.train.trainer: Epoch 579
2026-06-11 11:28:53,832 INFO src.train.trainer: New best validation loss: -5.0533, saved to checkpoints/etas_20260611-112802/best_model_1.pth
2026-06-11 11:28:53,835 INFO src.train.trainer: Last model at epoch 579 saved to checkpoints/etas_20260611-112802/last_model_1.pth
2026-06-11 11:28:53,835 INFO src.train.trainer: Epoch 580
2026-06-11 11:28:53,920 INFO src.train.trainer: New best validation loss: -5.0536, saved to checkpoints/etas_20260611-112802/best_model_1.pth
2026-06-11 11:28:53,923 INFO src.train.trainer: Last model at epoch 580 saved to checkpoints/etas_20260611-112802/last_model_1.pth
2026-06-11 11:28:53,924 INFO src.train.trainer: Epoch 581
2026-06-11 11:28:54,009 INFO src.train.trainer: New best validation loss: -5.0538, saved to checkpoints/etas_20260611-112802/best_model_1.pth
2026-06-11 11:28:54,012 INFO src.train.trainer: Last model at epoch 581 saved to checkpoints/etas_20260611-112802/last_model_1.pth
2026-06-11 11:28:54,012 INFO src.train.trainer: Epoch 582
2026-06-11 11:28:54,098 INFO src.train.trainer: New best validation loss: -5.0541, saved to checkpoints/etas_20260611-112802/best_model_1.pth
2026-06-11 11:28:54,101 INFO src.train.trainer: Last model at epoch 582 saved to checkpoints/etas_20260611-112802/last_model_1.pth
2026-06-11 11:28:54,101 INFO src.train.trainer: Epoch 583
2026-06-11 11:28:54,187 INFO src.train.trainer: New best validation loss: -5.0543, saved to checkpoints/etas_20260611-112802/best_model_1.pth
2026-06-11 11:28:54,191 INFO src.train.trainer: Last model at epoch 583 saved to checkpoints/etas_20260611-112802/last_model_1.pth
2026-06-11 11:28:54,191 INFO src.train.trainer: Epoch 584
2026-06-11 11:28:54,274 INFO src.train.trainer: New best validation loss: -5.0545, saved to checkpoints/etas_20260611-112802/best_model_1.pth
2026-06-11 11:28:54,277 INFO src.train.trainer: Last model at epoch 584 saved to checkpoints/etas_20260611-112802/last_model_1.pth
2026-06-11 11:28:54,277 INFO src.train.trainer: Epoch 585
2026-06-11 11:28:54,360 INFO src.train.trainer: New best validation loss: -5.0548, saved to checkpoints/etas_20260611-112802/best_model_1.pth
2026-06-11 11:28:54,363 INFO src.train.trainer: Last model at epoch 585 saved to checkpoints/etas_20260611-112802/last_model_1.pth
2026-06-11 11:28:54,363 INFO src.train.trainer: Epoch 586
2026-06-11 11:28:54,448 INFO src.train.trainer: New best validation loss: -5.0550, saved to checkpoints/etas_20260611-112802/best_model_1.pth
2026-06-11 11:28:54,451 INFO src.train.trainer: Last model at epoch 586 saved to checkpoints/etas_20260611-112802/last_model_1.pth
2026-06-11 11:28:54,451 INFO src.train.trainer: Epoch 587
2026-06-11 11:28:54,535 INFO src.train.trainer: New best validation loss: -5.0553, saved to checkpoints/etas_20260611-112802/best_model_1.pth
2026-06-11 11:28:54,538 INFO src.train.trainer: Last model at epoch 587 saved to checkpoints/etas_20260611-112802/last_model_1.pth
2026-06-11 11:28:54,538 INFO src.train.trainer: Epoch 588
2026-06-11 11:28:54,624 INFO src.train.trainer: New best validation loss: -5.0555, saved to checkpoints/etas_20260611-112802/best_model_1.pth
2026-06-11 11:28:54,627 INFO src.train.trainer: Last model at epoch 588 saved to checkpoints/etas_20260611-112802/last_model_1.pth
2026-06-11 11:28:54,627 INFO src.train.trainer: Epoch 589
2026-06-11 11:28:54,713 INFO src.train.trainer: New best validation loss: -5.0557, saved to checkpoints/etas_20260611-112802/best_model_1.pth
2026-06-11 11:28:54,717 INFO src.train.trainer: Last model at epoch 589 saved to checkpoints/etas_20260611-112802/last_model_1.pth
2026-06-11 11:28:54,717 INFO src.train.trainer: Epoch 590
2026-06-11 11:28:54,803 INFO src.train.trainer: New best validation loss: -5.0560, saved to checkpoints/etas_20260611-112802/best_model_1.pth
2026-06-11 11:28:54,806 INFO src.train.trainer: Last model at epoch 590 saved to checkpoints/etas_20260611-112802/last_model_1.pth
2026-06-11 11:28:54,807 INFO src.train.trainer: Epoch 591
2026-06-11 11:28:54,891 INFO src.train.trainer: New best validation loss: -5.0562, saved to checkpoints/etas_20260611-112802/best_model_1.pth
2026-06-11 11:28:54,894 INFO src.train.trainer: Last model at epoch 591 saved to checkpoints/etas_20260611-112802/last_model_1.pth
2026-06-11 11:28:54,894 INFO src.train.trainer: Epoch 592
2026-06-11 11:28:54,981 INFO src.train.trainer: New best validation loss: -5.0564, saved to checkpoints/etas_20260611-112802/best_model_1.pth
2026-06-11 11:28:54,985 INFO src.train.trainer: Last model at epoch 592 saved to checkpoints/etas_20260611-112802/last_model_1.pth
2026-06-11 11:28:54,985 INFO src.train.trainer: Epoch 593
2026-06-11 11:28:55,072 INFO src.train.trainer: New best validation loss: -5.0566, saved to checkpoints/etas_20260611-112802/best_model_1.pth
2026-06-11 11:28:55,076 INFO src.train.trainer: Last model at epoch 593 saved to checkpoints/etas_20260611-112802/last_model_1.pth
2026-06-11 11:28:55,076 INFO src.train.trainer: Epoch 594
2026-06-11 11:28:55,162 INFO src.train.trainer: New best validation loss: -5.0569, saved to checkpoints/etas_20260611-112802/best_model_1.pth
2026-06-11 11:28:55,166 INFO src.train.trainer: Last model at epoch 594 saved to checkpoints/etas_20260611-112802/last_model_1.pth
2026-06-11 11:28:55,166 INFO src.train.trainer: Epoch 595
2026-06-11 11:28:55,249 INFO src.train.trainer: New best validation loss: -5.0571, saved to checkpoints/etas_20260611-112802/best_model_1.pth
2026-06-11 11:28:55,253 INFO src.train.trainer: Last model at epoch 595 saved to checkpoints/etas_20260611-112802/last_model_1.pth
2026-06-11 11:28:55,253 INFO src.train.trainer: Epoch 596
2026-06-11 11:28:55,337 INFO src.train.trainer: New best validation loss: -5.0573, saved to checkpoints/etas_20260611-112802/best_model_1.pth
2026-06-11 11:28:55,341 INFO src.train.trainer: Last model at epoch 596 saved to checkpoints/etas_20260611-112802/last_model_1.pth
2026-06-11 11:28:55,341 INFO src.train.trainer: Epoch 597
2026-06-11 11:28:55,430 INFO src.train.trainer: New best validation loss: -5.0576, saved to checkpoints/etas_20260611-112802/best_model_1.pth
2026-06-11 11:28:55,433 INFO src.train.trainer: Last model at epoch 597 saved to checkpoints/etas_20260611-112802/last_model_1.pth
2026-06-11 11:28:55,433 INFO src.train.trainer: Epoch 598
2026-06-11 11:28:55,520 INFO src.train.trainer: New best validation loss: -5.0578, saved to checkpoints/etas_20260611-112802/best_model_1.pth
2026-06-11 11:28:55,523 INFO src.train.trainer: Last model at epoch 598 saved to checkpoints/etas_20260611-112802/last_model_1.pth
2026-06-11 11:28:55,523 INFO src.train.trainer: Epoch 599
2026-06-11 11:28:55,604 INFO src.train.trainer: New best validation loss: -5.0580, saved to checkpoints/etas_20260611-112802/best_model_1.pth
2026-06-11 11:28:55,608 INFO src.train.trainer: Last model at epoch 599 saved to checkpoints/etas_20260611-112802/last_model_1.pth
2026-06-11 11:28:55,608 INFO src.train.trainer: Epoch 600
2026-06-11 11:28:55,690 INFO src.train.trainer: New best validation loss: -5.0582, saved to checkpoints/etas_20260611-112802/best_model_1.pth
2026-06-11 11:28:55,693 INFO src.train.trainer: Last model at epoch 600 saved to checkpoints/etas_20260611-112802/last_model_1.pth
2026-06-11 11:28:55,693 INFO src.train.trainer: Epoch 601
2026-06-11 11:28:55,777 INFO src.train.trainer: New best validation loss: -5.0585, saved to checkpoints/etas_20260611-112802/best_model_1.pth
2026-06-11 11:28:55,780 INFO src.train.trainer: Last model at epoch 601 saved to checkpoints/etas_20260611-112802/last_model_1.pth
2026-06-11 11:28:55,780 INFO src.train.trainer: Epoch 602
2026-06-11 11:28:55,863 INFO src.train.trainer: New best validation loss: -5.0587, saved to checkpoints/etas_20260611-112802/best_model_1.pth
2026-06-11 11:28:55,866 INFO src.train.trainer: Last model at epoch 602 saved to checkpoints/etas_20260611-112802/last_model_1.pth
2026-06-11 11:28:55,866 INFO src.train.trainer: Epoch 603
2026-06-11 11:28:55,949 INFO src.train.trainer: New best validation loss: -5.0589, saved to checkpoints/etas_20260611-112802/best_model_1.pth
2026-06-11 11:28:55,952 INFO src.train.trainer: Last model at epoch 603 saved to checkpoints/etas_20260611-112802/last_model_1.pth
2026-06-11 11:28:55,953 INFO src.train.trainer: Epoch 604
2026-06-11 11:28:56,036 INFO src.train.trainer: New best validation loss: -5.0591, saved to checkpoints/etas_20260611-112802/best_model_1.pth
2026-06-11 11:28:56,039 INFO src.train.trainer: Last model at epoch 604 saved to checkpoints/etas_20260611-112802/last_model_1.pth
2026-06-11 11:28:56,039 INFO src.train.trainer: Epoch 605
2026-06-11 11:28:56,122 INFO src.train.trainer: New best validation loss: -5.0594, saved to checkpoints/etas_20260611-112802/best_model_1.pth
2026-06-11 11:28:56,126 INFO src.train.trainer: Last model at epoch 605 saved to checkpoints/etas_20260611-112802/last_model_1.pth
2026-06-11 11:28:56,126 INFO src.train.trainer: Epoch 606
2026-06-11 11:28:56,209 INFO src.train.trainer: New best validation loss: -5.0594, saved to checkpoints/etas_20260611-112802/best_model_1.pth
2026-06-11 11:28:56,212 INFO src.train.trainer: Last model at epoch 606 saved to checkpoints/etas_20260611-112802/last_model_1.pth
2026-06-11 11:28:56,212 INFO src.train.trainer: Epoch 607
2026-06-11 11:28:56,295 INFO src.train.trainer: New best validation loss: -5.0599, saved to checkpoints/etas_20260611-112802/best_model_1.pth
2026-06-11 11:28:56,298 INFO src.train.trainer: Last model at epoch 607 saved to checkpoints/etas_20260611-112802/last_model_1.pth
2026-06-11 11:28:56,298 INFO src.train.trainer: Epoch 608
2026-06-11 11:28:56,381 INFO src.train.trainer: Last model at epoch 608 saved to checkpoints/etas_20260611-112802/last_model_1.pth
2026-06-11 11:28:56,381 INFO src.train.trainer: Epoch 609
2026-06-11 11:28:56,464 INFO src.train.trainer: New best validation loss: -5.0603, saved to checkpoints/etas_20260611-112802/best_model_1.pth
2026-06-11 11:28:56,467 INFO src.train.trainer: Last model at epoch 609 saved to checkpoints/etas_20260611-112802/last_model_1.pth
2026-06-11 11:28:56,467 INFO src.train.trainer: Epoch 610
2026-06-11 11:28:56,552 INFO src.train.trainer: New best validation loss: -5.0604, saved to checkpoints/etas_20260611-112802/best_model_1.pth
2026-06-11 11:28:56,555 INFO src.train.trainer: Last model at epoch 610 saved to checkpoints/etas_20260611-112802/last_model_1.pth
2026-06-11 11:28:56,555 INFO src.train.trainer: Epoch 611
2026-06-11 11:28:56,639 INFO src.train.trainer: New best validation loss: -5.0606, saved to checkpoints/etas_20260611-112802/best_model_1.pth
2026-06-11 11:28:56,643 INFO src.train.trainer: Last model at epoch 611 saved to checkpoints/etas_20260611-112802/last_model_1.pth
2026-06-11 11:28:56,643 INFO src.train.trainer: Epoch 612
2026-06-11 11:28:56,728 INFO src.train.trainer: New best validation loss: -5.0609, saved to checkpoints/etas_20260611-112802/best_model_1.pth
2026-06-11 11:28:56,731 INFO src.train.trainer: Last model at epoch 612 saved to checkpoints/etas_20260611-112802/last_model_1.pth
2026-06-11 11:28:56,731 INFO src.train.trainer: Epoch 613
2026-06-11 11:28:56,816 INFO src.train.trainer: New best validation loss: -5.0609, saved to checkpoints/etas_20260611-112802/best_model_1.pth
2026-06-11 11:28:56,819 INFO src.train.trainer: Last model at epoch 613 saved to checkpoints/etas_20260611-112802/last_model_1.pth
2026-06-11 11:28:56,819 INFO src.train.trainer: Epoch 614
2026-06-11 11:28:56,902 INFO src.train.trainer: New best validation loss: -5.0613, saved to checkpoints/etas_20260611-112802/best_model_1.pth
2026-06-11 11:28:56,905 INFO src.train.trainer: Last model at epoch 614 saved to checkpoints/etas_20260611-112802/last_model_1.pth
2026-06-11 11:28:56,905 INFO src.train.trainer: Epoch 615
2026-06-11 11:28:56,990 INFO src.train.trainer: New best validation loss: -5.0615, saved to checkpoints/etas_20260611-112802/best_model_1.pth
2026-06-11 11:28:56,994 INFO src.train.trainer: Last model at epoch 615 saved to checkpoints/etas_20260611-112802/last_model_1.pth
2026-06-11 11:28:56,994 INFO src.train.trainer: Epoch 616
2026-06-11 11:28:57,078 INFO src.train.trainer: New best validation loss: -5.0616, saved to checkpoints/etas_20260611-112802/best_model_1.pth
2026-06-11 11:28:57,082 INFO src.train.trainer: Last model at epoch 616 saved to checkpoints/etas_20260611-112802/last_model_1.pth
2026-06-11 11:28:57,082 INFO src.train.trainer: Epoch 617
2026-06-11 11:28:57,166 INFO src.train.trainer: New best validation loss: -5.0619, saved to checkpoints/etas_20260611-112802/best_model_1.pth
2026-06-11 11:28:57,170 INFO src.train.trainer: Last model at epoch 617 saved to checkpoints/etas_20260611-112802/last_model_1.pth
2026-06-11 11:28:57,170 INFO src.train.trainer: Epoch 618
2026-06-11 11:28:57,255 INFO src.train.trainer: New best validation loss: -5.0621, saved to checkpoints/etas_20260611-112802/best_model_1.pth
2026-06-11 11:28:57,258 INFO src.train.trainer: Last model at epoch 618 saved to checkpoints/etas_20260611-112802/last_model_1.pth
2026-06-11 11:28:57,258 INFO src.train.trainer: Epoch 619
2026-06-11 11:28:57,341 INFO src.train.trainer: New best validation loss: -5.0622, saved to checkpoints/etas_20260611-112802/best_model_1.pth
2026-06-11 11:28:57,345 INFO src.train.trainer: Last model at epoch 619 saved to checkpoints/etas_20260611-112802/last_model_1.pth
2026-06-11 11:28:57,345 INFO src.train.trainer: Epoch 620
2026-06-11 11:28:57,430 INFO src.train.trainer: New best validation loss: -5.0625, saved to checkpoints/etas_20260611-112802/best_model_1.pth
2026-06-11 11:28:57,433 INFO src.train.trainer: Last model at epoch 620 saved to checkpoints/etas_20260611-112802/last_model_1.pth
2026-06-11 11:28:57,433 INFO src.train.trainer: Epoch 621
2026-06-11 11:28:57,516 INFO src.train.trainer: New best validation loss: -5.0627, saved to checkpoints/etas_20260611-112802/best_model_1.pth
2026-06-11 11:28:57,520 INFO src.train.trainer: Last model at epoch 621 saved to checkpoints/etas_20260611-112802/last_model_1.pth
2026-06-11 11:28:57,520 INFO src.train.trainer: Epoch 622
2026-06-11 11:28:57,603 INFO src.train.trainer: New best validation loss: -5.0628, saved to checkpoints/etas_20260611-112802/best_model_1.pth
2026-06-11 11:28:57,606 INFO src.train.trainer: Last model at epoch 622 saved to checkpoints/etas_20260611-112802/last_model_1.pth
2026-06-11 11:28:57,607 INFO src.train.trainer: Epoch 623
2026-06-11 11:28:57,690 INFO src.train.trainer: New best validation loss: -5.0631, saved to checkpoints/etas_20260611-112802/best_model_1.pth
2026-06-11 11:28:57,693 INFO src.train.trainer: Last model at epoch 623 saved to checkpoints/etas_20260611-112802/last_model_1.pth
2026-06-11 11:28:57,693 INFO src.train.trainer: Epoch 624
2026-06-11 11:28:57,776 INFO src.train.trainer: New best validation loss: -5.0632, saved to checkpoints/etas_20260611-112802/best_model_1.pth
2026-06-11 11:28:57,779 INFO src.train.trainer: Last model at epoch 624 saved to checkpoints/etas_20260611-112802/last_model_1.pth
2026-06-11 11:28:57,779 INFO src.train.trainer: Epoch 625
2026-06-11 11:28:57,863 INFO src.train.trainer: New best validation loss: -5.0635, saved to checkpoints/etas_20260611-112802/best_model_1.pth
2026-06-11 11:28:57,866 INFO src.train.trainer: Last model at epoch 625 saved to checkpoints/etas_20260611-112802/last_model_1.pth
2026-06-11 11:28:57,866 INFO src.train.trainer: Epoch 626
2026-06-11 11:28:57,951 INFO src.train.trainer: New best validation loss: -5.0637, saved to checkpoints/etas_20260611-112802/best_model_1.pth
2026-06-11 11:28:57,954 INFO src.train.trainer: Last model at epoch 626 saved to checkpoints/etas_20260611-112802/last_model_1.pth
2026-06-11 11:28:57,954 INFO src.train.trainer: Epoch 627
2026-06-11 11:28:58,038 INFO src.train.trainer: New best validation loss: -5.0638, saved to checkpoints/etas_20260611-112802/best_model_1.pth
2026-06-11 11:28:58,042 INFO src.train.trainer: Last model at epoch 627 saved to checkpoints/etas_20260611-112802/last_model_1.pth
2026-06-11 11:28:58,042 INFO src.train.trainer: Epoch 628
2026-06-11 11:28:58,126 INFO src.train.trainer: New best validation loss: -5.0641, saved to checkpoints/etas_20260611-112802/best_model_1.pth
2026-06-11 11:28:58,130 INFO src.train.trainer: Last model at epoch 628 saved to checkpoints/etas_20260611-112802/last_model_1.pth
2026-06-11 11:28:58,130 INFO src.train.trainer: Epoch 629
2026-06-11 11:28:58,213 INFO src.train.trainer: New best validation loss: -5.0643, saved to checkpoints/etas_20260611-112802/best_model_1.pth
2026-06-11 11:28:58,216 INFO src.train.trainer: Last model at epoch 629 saved to checkpoints/etas_20260611-112802/last_model_1.pth
2026-06-11 11:28:58,216 INFO src.train.trainer: Epoch 630
2026-06-11 11:28:58,299 INFO src.train.trainer: New best validation loss: -5.0644, saved to checkpoints/etas_20260611-112802/best_model_1.pth
2026-06-11 11:28:58,302 INFO src.train.trainer: Last model at epoch 630 saved to checkpoints/etas_20260611-112802/last_model_1.pth
2026-06-11 11:28:58,302 INFO src.train.trainer: Epoch 631
2026-06-11 11:28:58,385 INFO src.train.trainer: New best validation loss: -5.0647, saved to checkpoints/etas_20260611-112802/best_model_1.pth
2026-06-11 11:28:58,388 INFO src.train.trainer: Last model at epoch 631 saved to checkpoints/etas_20260611-112802/last_model_1.pth
2026-06-11 11:28:58,388 INFO src.train.trainer: Epoch 632
2026-06-11 11:28:58,471 INFO src.train.trainer: New best validation loss: -5.0649, saved to checkpoints/etas_20260611-112802/best_model_1.pth
2026-06-11 11:28:58,474 INFO src.train.trainer: Last model at epoch 632 saved to checkpoints/etas_20260611-112802/last_model_1.pth
2026-06-11 11:28:58,474 INFO src.train.trainer: Epoch 633
2026-06-11 11:28:58,557 INFO src.train.trainer: New best validation loss: -5.0650, saved to checkpoints/etas_20260611-112802/best_model_1.pth
2026-06-11 11:28:58,560 INFO src.train.trainer: Last model at epoch 633 saved to checkpoints/etas_20260611-112802/last_model_1.pth
2026-06-11 11:28:58,560 INFO src.train.trainer: Epoch 634
2026-06-11 11:28:58,644 INFO src.train.trainer: New best validation loss: -5.0653, saved to checkpoints/etas_20260611-112802/best_model_1.pth
2026-06-11 11:28:58,647 INFO src.train.trainer: Last model at epoch 634 saved to checkpoints/etas_20260611-112802/last_model_1.pth
2026-06-11 11:28:58,648 INFO src.train.trainer: Epoch 635
2026-06-11 11:28:58,730 INFO src.train.trainer: New best validation loss: -5.0654, saved to checkpoints/etas_20260611-112802/best_model_1.pth
2026-06-11 11:28:58,734 INFO src.train.trainer: Last model at epoch 635 saved to checkpoints/etas_20260611-112802/last_model_1.pth
2026-06-11 11:28:58,734 INFO src.train.trainer: Epoch 636
2026-06-11 11:28:58,821 INFO src.train.trainer: New best validation loss: -5.0656, saved to checkpoints/etas_20260611-112802/best_model_1.pth
2026-06-11 11:28:58,826 INFO src.train.trainer: Last model at epoch 636 saved to checkpoints/etas_20260611-112802/last_model_1.pth
2026-06-11 11:28:58,826 INFO src.train.trainer: Epoch 637
2026-06-11 11:28:58,910 INFO src.train.trainer: New best validation loss: -5.0658, saved to checkpoints/etas_20260611-112802/best_model_1.pth
2026-06-11 11:28:58,913 INFO src.train.trainer: Last model at epoch 637 saved to checkpoints/etas_20260611-112802/last_model_1.pth
2026-06-11 11:28:58,913 INFO src.train.trainer: Epoch 638
2026-06-11 11:28:58,997 INFO src.train.trainer: New best validation loss: -5.0660, saved to checkpoints/etas_20260611-112802/best_model_1.pth
2026-06-11 11:28:59,001 INFO src.train.trainer: Last model at epoch 638 saved to checkpoints/etas_20260611-112802/last_model_1.pth
2026-06-11 11:28:59,001 INFO src.train.trainer: Epoch 639
2026-06-11 11:28:59,085 INFO src.train.trainer: New best validation loss: -5.0662, saved to checkpoints/etas_20260611-112802/best_model_1.pth
2026-06-11 11:28:59,089 INFO src.train.trainer: Last model at epoch 639 saved to checkpoints/etas_20260611-112802/last_model_1.pth
2026-06-11 11:28:59,089 INFO src.train.trainer: Epoch 640
2026-06-11 11:28:59,172 INFO src.train.trainer: New best validation loss: -5.0664, saved to checkpoints/etas_20260611-112802/best_model_1.pth
2026-06-11 11:28:59,175 INFO src.train.trainer: Last model at epoch 640 saved to checkpoints/etas_20260611-112802/last_model_1.pth
2026-06-11 11:28:59,175 INFO src.train.trainer: Epoch 641
2026-06-11 11:28:59,257 INFO src.train.trainer: New best validation loss: -5.0665, saved to checkpoints/etas_20260611-112802/best_model_1.pth
2026-06-11 11:28:59,260 INFO src.train.trainer: Last model at epoch 641 saved to checkpoints/etas_20260611-112802/last_model_1.pth
2026-06-11 11:28:59,260 INFO src.train.trainer: Epoch 642
2026-06-11 11:28:59,357 INFO src.train.trainer: New best validation loss: -5.0667, saved to checkpoints/etas_20260611-112802/best_model_1.pth
2026-06-11 11:28:59,361 INFO src.train.trainer: Last model at epoch 642 saved to checkpoints/etas_20260611-112802/last_model_1.pth
2026-06-11 11:28:59,361 INFO src.train.trainer: Epoch 643
2026-06-11 11:28:59,442 INFO src.train.trainer: New best validation loss: -5.0669, saved to checkpoints/etas_20260611-112802/best_model_1.pth
2026-06-11 11:28:59,446 INFO src.train.trainer: Last model at epoch 643 saved to checkpoints/etas_20260611-112802/last_model_1.pth
2026-06-11 11:28:59,446 INFO src.train.trainer: Epoch 644
2026-06-11 11:28:59,520 INFO src.train.trainer: New best validation loss: -5.0670, saved to checkpoints/etas_20260611-112802/best_model_1.pth
2026-06-11 11:28:59,523 INFO src.train.trainer: Last model at epoch 644 saved to checkpoints/etas_20260611-112802/last_model_1.pth
2026-06-11 11:28:59,523 INFO src.train.trainer: Epoch 645
2026-06-11 11:28:59,596 INFO src.train.trainer: New best validation loss: -5.0673, saved to checkpoints/etas_20260611-112802/best_model_1.pth
2026-06-11 11:28:59,599 INFO src.train.trainer: Last model at epoch 645 saved to checkpoints/etas_20260611-112802/last_model_1.pth
2026-06-11 11:28:59,599 INFO src.train.trainer: Epoch 646
2026-06-11 11:28:59,673 INFO src.train.trainer: New best validation loss: -5.0674, saved to checkpoints/etas_20260611-112802/best_model_1.pth
2026-06-11 11:28:59,676 INFO src.train.trainer: Last model at epoch 646 saved to checkpoints/etas_20260611-112802/last_model_1.pth
2026-06-11 11:28:59,676 INFO src.train.trainer: Epoch 647
2026-06-11 11:28:59,752 INFO src.train.trainer: New best validation loss: -5.0676, saved to checkpoints/etas_20260611-112802/best_model_1.pth
2026-06-11 11:28:59,755 INFO src.train.trainer: Last model at epoch 647 saved to checkpoints/etas_20260611-112802/last_model_1.pth
2026-06-11 11:28:59,755 INFO src.train.trainer: Epoch 648
2026-06-11 11:28:59,830 INFO src.train.trainer: New best validation loss: -5.0678, saved to checkpoints/etas_20260611-112802/best_model_1.pth
2026-06-11 11:28:59,833 INFO src.train.trainer: Last model at epoch 648 saved to checkpoints/etas_20260611-112802/last_model_1.pth
2026-06-11 11:28:59,833 INFO src.train.trainer: Epoch 649
2026-06-11 11:28:59,913 INFO src.train.trainer: New best validation loss: -5.0679, saved to checkpoints/etas_20260611-112802/best_model_1.pth
2026-06-11 11:28:59,916 INFO src.train.trainer: Last model at epoch 649 saved to checkpoints/etas_20260611-112802/last_model_1.pth
2026-06-11 11:28:59,916 INFO src.train.trainer: Epoch 650
2026-06-11 11:28:59,995 INFO src.train.trainer: New best validation loss: -5.0681, saved to checkpoints/etas_20260611-112802/best_model_1.pth
2026-06-11 11:28:59,998 INFO src.train.trainer: Last model at epoch 650 saved to checkpoints/etas_20260611-112802/last_model_1.pth
2026-06-11 11:28:59,998 INFO src.train.trainer: Epoch 651
2026-06-11 11:29:00,079 INFO src.train.trainer: New best validation loss: -5.0683, saved to checkpoints/etas_20260611-112802/best_model_1.pth
2026-06-11 11:29:00,082 INFO src.train.trainer: Last model at epoch 651 saved to checkpoints/etas_20260611-112802/last_model_1.pth
2026-06-11 11:29:00,082 INFO src.train.trainer: Epoch 652
2026-06-11 11:29:00,162 INFO src.train.trainer: New best validation loss: -5.0685, saved to checkpoints/etas_20260611-112802/best_model_1.pth
2026-06-11 11:29:00,165 INFO src.train.trainer: Last model at epoch 652 saved to checkpoints/etas_20260611-112802/last_model_1.pth
2026-06-11 11:29:00,165 INFO src.train.trainer: Epoch 653
2026-06-11 11:29:00,245 INFO src.train.trainer: New best validation loss: -5.0687, saved to checkpoints/etas_20260611-112802/best_model_1.pth
2026-06-11 11:29:00,248 INFO src.train.trainer: Last model at epoch 653 saved to checkpoints/etas_20260611-112802/last_model_1.pth
2026-06-11 11:29:00,248 INFO src.train.trainer: Epoch 654
2026-06-11 11:29:00,330 INFO src.train.trainer: New best validation loss: -5.0688, saved to checkpoints/etas_20260611-112802/best_model_1.pth
2026-06-11 11:29:00,333 INFO src.train.trainer: Last model at epoch 654 saved to checkpoints/etas_20260611-112802/last_model_1.pth
2026-06-11 11:29:00,333 INFO src.train.trainer: Epoch 655
2026-06-11 11:29:00,414 INFO src.train.trainer: New best validation loss: -5.0690, saved to checkpoints/etas_20260611-112802/best_model_1.pth
2026-06-11 11:29:00,417 INFO src.train.trainer: Last model at epoch 655 saved to checkpoints/etas_20260611-112802/last_model_1.pth
2026-06-11 11:29:00,418 INFO src.train.trainer: Epoch 656
2026-06-11 11:29:00,499 INFO src.train.trainer: New best validation loss: -5.0692, saved to checkpoints/etas_20260611-112802/best_model_1.pth
2026-06-11 11:29:00,503 INFO src.train.trainer: Last model at epoch 656 saved to checkpoints/etas_20260611-112802/last_model_1.pth
2026-06-11 11:29:00,503 INFO src.train.trainer: Epoch 657
2026-06-11 11:29:00,585 INFO src.train.trainer: New best validation loss: -5.0693, saved to checkpoints/etas_20260611-112802/best_model_1.pth
2026-06-11 11:29:00,588 INFO src.train.trainer: Last model at epoch 657 saved to checkpoints/etas_20260611-112802/last_model_1.pth
2026-06-11 11:29:00,588 INFO src.train.trainer: Epoch 658
2026-06-11 11:29:00,669 INFO src.train.trainer: New best validation loss: -5.0695, saved to checkpoints/etas_20260611-112802/best_model_1.pth
2026-06-11 11:29:00,672 INFO src.train.trainer: Last model at epoch 658 saved to checkpoints/etas_20260611-112802/last_model_1.pth
2026-06-11 11:29:00,672 INFO src.train.trainer: Epoch 659
2026-06-11 11:29:00,754 INFO src.train.trainer: New best validation loss: -5.0697, saved to checkpoints/etas_20260611-112802/best_model_1.pth
2026-06-11 11:29:00,757 INFO src.train.trainer: Last model at epoch 659 saved to checkpoints/etas_20260611-112802/last_model_1.pth
2026-06-11 11:29:00,757 INFO src.train.trainer: Epoch 660
2026-06-11 11:29:00,840 INFO src.train.trainer: New best validation loss: -5.0698, saved to checkpoints/etas_20260611-112802/best_model_1.pth
2026-06-11 11:29:00,843 INFO src.train.trainer: Last model at epoch 660 saved to checkpoints/etas_20260611-112802/last_model_1.pth
2026-06-11 11:29:00,843 INFO src.train.trainer: Epoch 661
2026-06-11 11:29:00,926 INFO src.train.trainer: New best validation loss: -5.0700, saved to checkpoints/etas_20260611-112802/best_model_1.pth
2026-06-11 11:29:00,929 INFO src.train.trainer: Last model at epoch 661 saved to checkpoints/etas_20260611-112802/last_model_1.pth
2026-06-11 11:29:00,929 INFO src.train.trainer: Epoch 662
2026-06-11 11:29:01,011 INFO src.train.trainer: New best validation loss: -5.0701, saved to checkpoints/etas_20260611-112802/best_model_1.pth
2026-06-11 11:29:01,014 INFO src.train.trainer: Last model at epoch 662 saved to checkpoints/etas_20260611-112802/last_model_1.pth
2026-06-11 11:29:01,014 INFO src.train.trainer: Epoch 663
2026-06-11 11:29:01,096 INFO src.train.trainer: New best validation loss: -5.0703, saved to checkpoints/etas_20260611-112802/best_model_1.pth
2026-06-11 11:29:01,099 INFO src.train.trainer: Last model at epoch 663 saved to checkpoints/etas_20260611-112802/last_model_1.pth
2026-06-11 11:29:01,100 INFO src.train.trainer: Epoch 664
2026-06-11 11:29:01,182 INFO src.train.trainer: New best validation loss: -5.0705, saved to checkpoints/etas_20260611-112802/best_model_1.pth
2026-06-11 11:29:01,185 INFO src.train.trainer: Last model at epoch 664 saved to checkpoints/etas_20260611-112802/last_model_1.pth
2026-06-11 11:29:01,185 INFO src.train.trainer: Epoch 665
2026-06-11 11:29:01,267 INFO src.train.trainer: New best validation loss: -5.0706, saved to checkpoints/etas_20260611-112802/best_model_1.pth
2026-06-11 11:29:01,270 INFO src.train.trainer: Last model at epoch 665 saved to checkpoints/etas_20260611-112802/last_model_1.pth
2026-06-11 11:29:01,270 INFO src.train.trainer: Epoch 666
2026-06-11 11:29:01,351 INFO src.train.trainer: New best validation loss: -5.0708, saved to checkpoints/etas_20260611-112802/best_model_1.pth
2026-06-11 11:29:01,354 INFO src.train.trainer: Last model at epoch 666 saved to checkpoints/etas_20260611-112802/last_model_1.pth
2026-06-11 11:29:01,354 INFO src.train.trainer: Epoch 667
2026-06-11 11:29:01,436 INFO src.train.trainer: New best validation loss: -5.0709, saved to checkpoints/etas_20260611-112802/best_model_1.pth
2026-06-11 11:29:01,439 INFO src.train.trainer: Last model at epoch 667 saved to checkpoints/etas_20260611-112802/last_model_1.pth
2026-06-11 11:29:01,439 INFO src.train.trainer: Epoch 668
2026-06-11 11:29:01,522 INFO src.train.trainer: New best validation loss: -5.0711, saved to checkpoints/etas_20260611-112802/best_model_1.pth
2026-06-11 11:29:01,526 INFO src.train.trainer: Last model at epoch 668 saved to checkpoints/etas_20260611-112802/last_model_1.pth
2026-06-11 11:29:01,526 INFO src.train.trainer: Epoch 669
2026-06-11 11:29:01,610 INFO src.train.trainer: New best validation loss: -5.0713, saved to checkpoints/etas_20260611-112802/best_model_1.pth
2026-06-11 11:29:01,614 INFO src.train.trainer: Last model at epoch 669 saved to checkpoints/etas_20260611-112802/last_model_1.pth
2026-06-11 11:29:01,614 INFO src.train.trainer: Epoch 670
2026-06-11 11:29:01,697 INFO src.train.trainer: New best validation loss: -5.0714, saved to checkpoints/etas_20260611-112802/best_model_1.pth
2026-06-11 11:29:01,701 INFO src.train.trainer: Last model at epoch 670 saved to checkpoints/etas_20260611-112802/last_model_1.pth
2026-06-11 11:29:01,701 INFO src.train.trainer: Epoch 671
2026-06-11 11:29:01,785 INFO src.train.trainer: New best validation loss: -5.0716, saved to checkpoints/etas_20260611-112802/best_model_1.pth
2026-06-11 11:29:01,789 INFO src.train.trainer: Last model at epoch 671 saved to checkpoints/etas_20260611-112802/last_model_1.pth
2026-06-11 11:29:01,789 INFO src.train.trainer: Epoch 672
2026-06-11 11:29:01,873 INFO src.train.trainer: New best validation loss: -5.0717, saved to checkpoints/etas_20260611-112802/best_model_1.pth
2026-06-11 11:29:01,876 INFO src.train.trainer: Last model at epoch 672 saved to checkpoints/etas_20260611-112802/last_model_1.pth
2026-06-11 11:29:01,876 INFO src.train.trainer: Epoch 673
2026-06-11 11:29:01,960 INFO src.train.trainer: New best validation loss: -5.0719, saved to checkpoints/etas_20260611-112802/best_model_1.pth
2026-06-11 11:29:01,963 INFO src.train.trainer: Last model at epoch 673 saved to checkpoints/etas_20260611-112802/last_model_1.pth
2026-06-11 11:29:01,963 INFO src.train.trainer: Epoch 674
2026-06-11 11:29:02,046 INFO src.train.trainer: New best validation loss: -5.0720, saved to checkpoints/etas_20260611-112802/best_model_1.pth
2026-06-11 11:29:02,050 INFO src.train.trainer: Last model at epoch 674 saved to checkpoints/etas_20260611-112802/last_model_1.pth
2026-06-11 11:29:02,050 INFO src.train.trainer: Epoch 675
2026-06-11 11:29:02,133 INFO src.train.trainer: New best validation loss: -5.0722, saved to checkpoints/etas_20260611-112802/best_model_1.pth
2026-06-11 11:29:02,137 INFO src.train.trainer: Last model at epoch 675 saved to checkpoints/etas_20260611-112802/last_model_1.pth
2026-06-11 11:29:02,137 INFO src.train.trainer: Epoch 676
2026-06-11 11:29:02,223 INFO src.train.trainer: New best validation loss: -5.0723, saved to checkpoints/etas_20260611-112802/best_model_1.pth
2026-06-11 11:29:02,227 INFO src.train.trainer: Last model at epoch 676 saved to checkpoints/etas_20260611-112802/last_model_1.pth
2026-06-11 11:29:02,227 INFO src.train.trainer: Epoch 677
2026-06-11 11:29:02,315 INFO src.train.trainer: New best validation loss: -5.0725, saved to checkpoints/etas_20260611-112802/best_model_1.pth
2026-06-11 11:29:02,318 INFO src.train.trainer: Last model at epoch 677 saved to checkpoints/etas_20260611-112802/last_model_1.pth
2026-06-11 11:29:02,318 INFO src.train.trainer: Epoch 678
2026-06-11 11:29:02,402 INFO src.train.trainer: New best validation loss: -5.0726, saved to checkpoints/etas_20260611-112802/best_model_1.pth
2026-06-11 11:29:02,405 INFO src.train.trainer: Last model at epoch 678 saved to checkpoints/etas_20260611-112802/last_model_1.pth
2026-06-11 11:29:02,405 INFO src.train.trainer: Epoch 679
2026-06-11 11:29:02,489 INFO src.train.trainer: New best validation loss: -5.0728, saved to checkpoints/etas_20260611-112802/best_model_1.pth
2026-06-11 11:29:02,492 INFO src.train.trainer: Last model at epoch 679 saved to checkpoints/etas_20260611-112802/last_model_1.pth
2026-06-11 11:29:02,492 INFO src.train.trainer: Epoch 680
2026-06-11 11:29:02,575 INFO src.train.trainer: New best validation loss: -5.0729, saved to checkpoints/etas_20260611-112802/best_model_1.pth
2026-06-11 11:29:02,578 INFO src.train.trainer: Last model at epoch 680 saved to checkpoints/etas_20260611-112802/last_model_1.pth
2026-06-11 11:29:02,578 INFO src.train.trainer: Epoch 681
2026-06-11 11:29:02,660 INFO src.train.trainer: New best validation loss: -5.0731, saved to checkpoints/etas_20260611-112802/best_model_1.pth
2026-06-11 11:29:02,664 INFO src.train.trainer: Last model at epoch 681 saved to checkpoints/etas_20260611-112802/last_model_1.pth
2026-06-11 11:29:02,664 INFO src.train.trainer: Epoch 682
2026-06-11 11:29:02,747 INFO src.train.trainer: New best validation loss: -5.0732, saved to checkpoints/etas_20260611-112802/best_model_1.pth
2026-06-11 11:29:02,750 INFO src.train.trainer: Last model at epoch 682 saved to checkpoints/etas_20260611-112802/last_model_1.pth
2026-06-11 11:29:02,750 INFO src.train.trainer: Epoch 683
2026-06-11 11:29:02,834 INFO src.train.trainer: New best validation loss: -5.0734, saved to checkpoints/etas_20260611-112802/best_model_1.pth
2026-06-11 11:29:02,837 INFO src.train.trainer: Last model at epoch 683 saved to checkpoints/etas_20260611-112802/last_model_1.pth
2026-06-11 11:29:02,837 INFO src.train.trainer: Epoch 684
2026-06-11 11:29:02,920 INFO src.train.trainer: New best validation loss: -5.0735, saved to checkpoints/etas_20260611-112802/best_model_1.pth
2026-06-11 11:29:02,923 INFO src.train.trainer: Last model at epoch 684 saved to checkpoints/etas_20260611-112802/last_model_1.pth
2026-06-11 11:29:02,924 INFO src.train.trainer: Epoch 685
2026-06-11 11:29:03,006 INFO src.train.trainer: New best validation loss: -5.0737, saved to checkpoints/etas_20260611-112802/best_model_1.pth
2026-06-11 11:29:03,009 INFO src.train.trainer: Last model at epoch 685 saved to checkpoints/etas_20260611-112802/last_model_1.pth
2026-06-11 11:29:03,010 INFO src.train.trainer: Epoch 686
2026-06-11 11:29:03,093 INFO src.train.trainer: New best validation loss: -5.0738, saved to checkpoints/etas_20260611-112802/best_model_1.pth
2026-06-11 11:29:03,096 INFO src.train.trainer: Last model at epoch 686 saved to checkpoints/etas_20260611-112802/last_model_1.pth
2026-06-11 11:29:03,096 INFO src.train.trainer: Epoch 687
2026-06-11 11:29:03,179 INFO src.train.trainer: New best validation loss: -5.0740, saved to checkpoints/etas_20260611-112802/best_model_1.pth
2026-06-11 11:29:03,182 INFO src.train.trainer: Last model at epoch 687 saved to checkpoints/etas_20260611-112802/last_model_1.pth
2026-06-11 11:29:03,182 INFO src.train.trainer: Epoch 688
2026-06-11 11:29:03,265 INFO src.train.trainer: New best validation loss: -5.0741, saved to checkpoints/etas_20260611-112802/best_model_1.pth
2026-06-11 11:29:03,269 INFO src.train.trainer: Last model at epoch 688 saved to checkpoints/etas_20260611-112802/last_model_1.pth
2026-06-11 11:29:03,269 INFO src.train.trainer: Epoch 689
2026-06-11 11:29:03,352 INFO src.train.trainer: New best validation loss: -5.0742, saved to checkpoints/etas_20260611-112802/best_model_1.pth
2026-06-11 11:29:03,355 INFO src.train.trainer: Last model at epoch 689 saved to checkpoints/etas_20260611-112802/last_model_1.pth
2026-06-11 11:29:03,355 INFO src.train.trainer: Epoch 690
2026-06-11 11:29:03,438 INFO src.train.trainer: New best validation loss: -5.0744, saved to checkpoints/etas_20260611-112802/best_model_1.pth
2026-06-11 11:29:03,441 INFO src.train.trainer: Last model at epoch 690 saved to checkpoints/etas_20260611-112802/last_model_1.pth
2026-06-11 11:29:03,441 INFO src.train.trainer: Epoch 691
2026-06-11 11:29:03,525 INFO src.train.trainer: New best validation loss: -5.0745, saved to checkpoints/etas_20260611-112802/best_model_1.pth
2026-06-11 11:29:03,528 INFO src.train.trainer: Last model at epoch 691 saved to checkpoints/etas_20260611-112802/last_model_1.pth
2026-06-11 11:29:03,528 INFO src.train.trainer: Epoch 692
2026-06-11 11:29:03,611 INFO src.train.trainer: New best validation loss: -5.0747, saved to checkpoints/etas_20260611-112802/best_model_1.pth
2026-06-11 11:29:03,614 INFO src.train.trainer: Last model at epoch 692 saved to checkpoints/etas_20260611-112802/last_model_1.pth
2026-06-11 11:29:03,615 INFO src.train.trainer: Epoch 693
2026-06-11 11:29:03,698 INFO src.train.trainer: New best validation loss: -5.0748, saved to checkpoints/etas_20260611-112802/best_model_1.pth
2026-06-11 11:29:03,701 INFO src.train.trainer: Last model at epoch 693 saved to checkpoints/etas_20260611-112802/last_model_1.pth
2026-06-11 11:29:03,701 INFO src.train.trainer: Epoch 694
2026-06-11 11:29:03,786 INFO src.train.trainer: New best validation loss: -5.0749, saved to checkpoints/etas_20260611-112802/best_model_1.pth
2026-06-11 11:29:03,789 INFO src.train.trainer: Last model at epoch 694 saved to checkpoints/etas_20260611-112802/last_model_1.pth
2026-06-11 11:29:03,789 INFO src.train.trainer: Epoch 695
2026-06-11 11:29:03,873 INFO src.train.trainer: New best validation loss: -5.0751, saved to checkpoints/etas_20260611-112802/best_model_1.pth
2026-06-11 11:29:03,876 INFO src.train.trainer: Last model at epoch 695 saved to checkpoints/etas_20260611-112802/last_model_1.pth
2026-06-11 11:29:03,876 INFO src.train.trainer: Epoch 696
2026-06-11 11:29:03,960 INFO src.train.trainer: New best validation loss: -5.0752, saved to checkpoints/etas_20260611-112802/best_model_1.pth
2026-06-11 11:29:03,963 INFO src.train.trainer: Last model at epoch 696 saved to checkpoints/etas_20260611-112802/last_model_1.pth
2026-06-11 11:29:03,963 INFO src.train.trainer: Epoch 697
2026-06-11 11:29:04,050 INFO src.train.trainer: New best validation loss: -5.0753, saved to checkpoints/etas_20260611-112802/best_model_1.pth
2026-06-11 11:29:04,053 INFO src.train.trainer: Last model at epoch 697 saved to checkpoints/etas_20260611-112802/last_model_1.pth
2026-06-11 11:29:04,054 INFO src.train.trainer: Epoch 698
2026-06-11 11:29:04,142 INFO src.train.trainer: New best validation loss: -5.0755, saved to checkpoints/etas_20260611-112802/best_model_1.pth
2026-06-11 11:29:04,146 INFO src.train.trainer: Last model at epoch 698 saved to checkpoints/etas_20260611-112802/last_model_1.pth
2026-06-11 11:29:04,146 INFO src.train.trainer: Epoch 699
2026-06-11 11:29:04,231 INFO src.train.trainer: New best validation loss: -5.0756, saved to checkpoints/etas_20260611-112802/best_model_1.pth
2026-06-11 11:29:04,234 INFO src.train.trainer: Last model at epoch 699 saved to checkpoints/etas_20260611-112802/last_model_1.pth
2026-06-11 11:29:04,234 INFO src.train.trainer: Epoch 700
2026-06-11 11:29:04,316 INFO src.train.trainer: New best validation loss: -5.0758, saved to checkpoints/etas_20260611-112802/best_model_1.pth
2026-06-11 11:29:04,320 INFO src.train.trainer: Last model at epoch 700 saved to checkpoints/etas_20260611-112802/last_model_1.pth
2026-06-11 11:29:04,320 INFO src.train.trainer: Epoch 701
2026-06-11 11:29:04,401 INFO src.train.trainer: New best validation loss: -5.0759, saved to checkpoints/etas_20260611-112802/best_model_1.pth
2026-06-11 11:29:04,404 INFO src.train.trainer: Last model at epoch 701 saved to checkpoints/etas_20260611-112802/last_model_1.pth
2026-06-11 11:29:04,405 INFO src.train.trainer: Epoch 702
2026-06-11 11:29:04,488 INFO src.train.trainer: New best validation loss: -5.0760, saved to checkpoints/etas_20260611-112802/best_model_1.pth
2026-06-11 11:29:04,491 INFO src.train.trainer: Last model at epoch 702 saved to checkpoints/etas_20260611-112802/last_model_1.pth
2026-06-11 11:29:04,491 INFO src.train.trainer: Epoch 703
2026-06-11 11:29:04,576 INFO src.train.trainer: New best validation loss: -5.0761, saved to checkpoints/etas_20260611-112802/best_model_1.pth
2026-06-11 11:29:04,579 INFO src.train.trainer: Last model at epoch 703 saved to checkpoints/etas_20260611-112802/last_model_1.pth
2026-06-11 11:29:04,579 INFO src.train.trainer: Epoch 704
2026-06-11 11:29:04,665 INFO src.train.trainer: New best validation loss: -5.0762, saved to checkpoints/etas_20260611-112802/best_model_1.pth
2026-06-11 11:29:04,668 INFO src.train.trainer: Last model at epoch 704 saved to checkpoints/etas_20260611-112802/last_model_1.pth
2026-06-11 11:29:04,668 INFO src.train.trainer: Epoch 705
2026-06-11 11:29:04,753 INFO src.train.trainer: New best validation loss: -5.0763, saved to checkpoints/etas_20260611-112802/best_model_1.pth
2026-06-11 11:29:04,756 INFO src.train.trainer: Last model at epoch 705 saved to checkpoints/etas_20260611-112802/last_model_1.pth
2026-06-11 11:29:04,757 INFO src.train.trainer: Epoch 706
2026-06-11 11:29:04,840 INFO src.train.trainer: New best validation loss: -5.0764, saved to checkpoints/etas_20260611-112802/best_model_1.pth
2026-06-11 11:29:04,844 INFO src.train.trainer: Last model at epoch 706 saved to checkpoints/etas_20260611-112802/last_model_1.pth
2026-06-11 11:29:04,844 INFO src.train.trainer: Epoch 707
2026-06-11 11:29:04,927 INFO src.train.trainer: New best validation loss: -5.0765, saved to checkpoints/etas_20260611-112802/best_model_1.pth
2026-06-11 11:29:04,930 INFO src.train.trainer: Last model at epoch 707 saved to checkpoints/etas_20260611-112802/last_model_1.pth
2026-06-11 11:29:04,930 INFO src.train.trainer: Epoch 708
2026-06-11 11:29:05,014 INFO src.train.trainer: New best validation loss: -5.0766, saved to checkpoints/etas_20260611-112802/best_model_1.pth
2026-06-11 11:29:05,017 INFO src.train.trainer: Last model at epoch 708 saved to checkpoints/etas_20260611-112802/last_model_1.pth
2026-06-11 11:29:05,018 INFO src.train.trainer: Epoch 709
2026-06-11 11:29:05,102 INFO src.train.trainer: New best validation loss: -5.0767, saved to checkpoints/etas_20260611-112802/best_model_1.pth
2026-06-11 11:29:05,105 INFO src.train.trainer: Last model at epoch 709 saved to checkpoints/etas_20260611-112802/last_model_1.pth
2026-06-11 11:29:05,106 INFO src.train.trainer: Epoch 710
2026-06-11 11:29:05,190 INFO src.train.trainer: New best validation loss: -5.0768, saved to checkpoints/etas_20260611-112802/best_model_1.pth
2026-06-11 11:29:05,194 INFO src.train.trainer: Last model at epoch 710 saved to checkpoints/etas_20260611-112802/last_model_1.pth
2026-06-11 11:29:05,194 INFO src.train.trainer: Epoch 711
2026-06-11 11:29:05,278 INFO src.train.trainer: New best validation loss: -5.0770, saved to checkpoints/etas_20260611-112802/best_model_1.pth
2026-06-11 11:29:05,281 INFO src.train.trainer: Last model at epoch 711 saved to checkpoints/etas_20260611-112802/last_model_1.pth
2026-06-11 11:29:05,282 INFO src.train.trainer: Epoch 712
2026-06-11 11:29:05,366 INFO src.train.trainer: New best validation loss: -5.0770, saved to checkpoints/etas_20260611-112802/best_model_1.pth
2026-06-11 11:29:05,370 INFO src.train.trainer: Last model at epoch 712 saved to checkpoints/etas_20260611-112802/last_model_1.pth
2026-06-11 11:29:05,370 INFO src.train.trainer: Epoch 713
2026-06-11 11:29:05,455 INFO src.train.trainer: New best validation loss: -5.0772, saved to checkpoints/etas_20260611-112802/best_model_1.pth
2026-06-11 11:29:05,458 INFO src.train.trainer: Last model at epoch 713 saved to checkpoints/etas_20260611-112802/last_model_1.pth
2026-06-11 11:29:05,458 INFO src.train.trainer: Epoch 714
2026-06-11 11:29:05,542 INFO src.train.trainer: New best validation loss: -5.0773, saved to checkpoints/etas_20260611-112802/best_model_1.pth
2026-06-11 11:29:05,545 INFO src.train.trainer: Last model at epoch 714 saved to checkpoints/etas_20260611-112802/last_model_1.pth
2026-06-11 11:29:05,545 INFO src.train.trainer: Epoch 715
2026-06-11 11:29:05,627 INFO src.train.trainer: New best validation loss: -5.0774, saved to checkpoints/etas_20260611-112802/best_model_1.pth
2026-06-11 11:29:05,630 INFO src.train.trainer: Last model at epoch 715 saved to checkpoints/etas_20260611-112802/last_model_1.pth
2026-06-11 11:29:05,630 INFO src.train.trainer: Epoch 716
2026-06-11 11:29:05,714 INFO src.train.trainer: New best validation loss: -5.0775, saved to checkpoints/etas_20260611-112802/best_model_1.pth
2026-06-11 11:29:05,717 INFO src.train.trainer: Last model at epoch 716 saved to checkpoints/etas_20260611-112802/last_model_1.pth
2026-06-11 11:29:05,717 INFO src.train.trainer: Epoch 717
2026-06-11 11:29:05,800 INFO src.train.trainer: New best validation loss: -5.0776, saved to checkpoints/etas_20260611-112802/best_model_1.pth
2026-06-11 11:29:05,803 INFO src.train.trainer: Last model at epoch 717 saved to checkpoints/etas_20260611-112802/last_model_1.pth
2026-06-11 11:29:05,803 INFO src.train.trainer: Epoch 718
2026-06-11 11:29:05,887 INFO src.train.trainer: New best validation loss: -5.0777, saved to checkpoints/etas_20260611-112802/best_model_1.pth
2026-06-11 11:29:05,891 INFO src.train.trainer: Last model at epoch 718 saved to checkpoints/etas_20260611-112802/last_model_1.pth
2026-06-11 11:29:05,891 INFO src.train.trainer: Epoch 719
2026-06-11 11:29:05,974 INFO src.train.trainer: New best validation loss: -5.0778, saved to checkpoints/etas_20260611-112802/best_model_1.pth
2026-06-11 11:29:05,977 INFO src.train.trainer: Last model at epoch 719 saved to checkpoints/etas_20260611-112802/last_model_1.pth
2026-06-11 11:29:05,977 INFO src.train.trainer: Epoch 720
2026-06-11 11:29:06,063 INFO src.train.trainer: New best validation loss: -5.0779, saved to checkpoints/etas_20260611-112802/best_model_1.pth
2026-06-11 11:29:06,067 INFO src.train.trainer: Last model at epoch 720 saved to checkpoints/etas_20260611-112802/last_model_1.pth
2026-06-11 11:29:06,067 INFO src.train.trainer: Epoch 721
2026-06-11 11:29:06,152 INFO src.train.trainer: New best validation loss: -5.0780, saved to checkpoints/etas_20260611-112802/best_model_1.pth
2026-06-11 11:29:06,155 INFO src.train.trainer: Last model at epoch 721 saved to checkpoints/etas_20260611-112802/last_model_1.pth
2026-06-11 11:29:06,155 INFO src.train.trainer: Epoch 722
2026-06-11 11:29:06,238 INFO src.train.trainer: New best validation loss: -5.0781, saved to checkpoints/etas_20260611-112802/best_model_1.pth
2026-06-11 11:29:06,241 INFO src.train.trainer: Last model at epoch 722 saved to checkpoints/etas_20260611-112802/last_model_1.pth
2026-06-11 11:29:06,241 INFO src.train.trainer: Epoch 723
2026-06-11 11:29:06,325 INFO src.train.trainer: New best validation loss: -5.0782, saved to checkpoints/etas_20260611-112802/best_model_1.pth
2026-06-11 11:29:06,328 INFO src.train.trainer: Last model at epoch 723 saved to checkpoints/etas_20260611-112802/last_model_1.pth
2026-06-11 11:29:06,328 INFO src.train.trainer: Epoch 724
2026-06-11 11:29:06,413 INFO src.train.trainer: New best validation loss: -5.0783, saved to checkpoints/etas_20260611-112802/best_model_1.pth
2026-06-11 11:29:06,416 INFO src.train.trainer: Last model at epoch 724 saved to checkpoints/etas_20260611-112802/last_model_1.pth
2026-06-11 11:29:06,417 INFO src.train.trainer: Epoch 725
2026-06-11 11:29:06,501 INFO src.train.trainer: New best validation loss: -5.0784, saved to checkpoints/etas_20260611-112802/best_model_1.pth
2026-06-11 11:29:06,505 INFO src.train.trainer: Last model at epoch 725 saved to checkpoints/etas_20260611-112802/last_model_1.pth
2026-06-11 11:29:06,505 INFO src.train.trainer: Epoch 726
2026-06-11 11:29:06,589 INFO src.train.trainer: New best validation loss: -5.0785, saved to checkpoints/etas_20260611-112802/best_model_1.pth
2026-06-11 11:29:06,592 INFO src.train.trainer: Last model at epoch 726 saved to checkpoints/etas_20260611-112802/last_model_1.pth
2026-06-11 11:29:06,593 INFO src.train.trainer: Epoch 727
2026-06-11 11:29:06,676 INFO src.train.trainer: New best validation loss: -5.0786, saved to checkpoints/etas_20260611-112802/best_model_1.pth
2026-06-11 11:29:06,679 INFO src.train.trainer: Last model at epoch 727 saved to checkpoints/etas_20260611-112802/last_model_1.pth
2026-06-11 11:29:06,679 INFO src.train.trainer: Epoch 728
2026-06-11 11:29:06,762 INFO src.train.trainer: New best validation loss: -5.0787, saved to checkpoints/etas_20260611-112802/best_model_1.pth
2026-06-11 11:29:06,765 INFO src.train.trainer: Last model at epoch 728 saved to checkpoints/etas_20260611-112802/last_model_1.pth
2026-06-11 11:29:06,765 INFO src.train.trainer: Epoch 729
2026-06-11 11:29:06,849 INFO src.train.trainer: New best validation loss: -5.0788, saved to checkpoints/etas_20260611-112802/best_model_1.pth
2026-06-11 11:29:06,852 INFO src.train.trainer: Last model at epoch 729 saved to checkpoints/etas_20260611-112802/last_model_1.pth
2026-06-11 11:29:06,852 INFO src.train.trainer: Epoch 730
2026-06-11 11:29:06,939 INFO src.train.trainer: New best validation loss: -5.0790, saved to checkpoints/etas_20260611-112802/best_model_1.pth
2026-06-11 11:29:06,943 INFO src.train.trainer: Last model at epoch 730 saved to checkpoints/etas_20260611-112802/last_model_1.pth
2026-06-11 11:29:06,943 INFO src.train.trainer: Epoch 731
2026-06-11 11:29:07,029 INFO src.train.trainer: New best validation loss: -5.0791, saved to checkpoints/etas_20260611-112802/best_model_1.pth
2026-06-11 11:29:07,033 INFO src.train.trainer: Last model at epoch 731 saved to checkpoints/etas_20260611-112802/last_model_1.pth
2026-06-11 11:29:07,033 INFO src.train.trainer: Epoch 732
2026-06-11 11:29:07,117 INFO src.train.trainer: New best validation loss: -5.0792, saved to checkpoints/etas_20260611-112802/best_model_1.pth
2026-06-11 11:29:07,121 INFO src.train.trainer: Last model at epoch 732 saved to checkpoints/etas_20260611-112802/last_model_1.pth
2026-06-11 11:29:07,121 INFO src.train.trainer: Epoch 733
2026-06-11 11:29:07,205 INFO src.train.trainer: New best validation loss: -5.0793, saved to checkpoints/etas_20260611-112802/best_model_1.pth
2026-06-11 11:29:07,208 INFO src.train.trainer: Last model at epoch 733 saved to checkpoints/etas_20260611-112802/last_model_1.pth
2026-06-11 11:29:07,208 INFO src.train.trainer: Epoch 734
2026-06-11 11:29:07,291 INFO src.train.trainer: New best validation loss: -5.0794, saved to checkpoints/etas_20260611-112802/best_model_1.pth
2026-06-11 11:29:07,294 INFO src.train.trainer: Last model at epoch 734 saved to checkpoints/etas_20260611-112802/last_model_1.pth
2026-06-11 11:29:07,294 INFO src.train.trainer: Epoch 735
2026-06-11 11:29:07,377 INFO src.train.trainer: New best validation loss: -5.0795, saved to checkpoints/etas_20260611-112802/best_model_1.pth
2026-06-11 11:29:07,380 INFO src.train.trainer: Last model at epoch 735 saved to checkpoints/etas_20260611-112802/last_model_1.pth
2026-06-11 11:29:07,380 INFO src.train.trainer: Epoch 736
2026-06-11 11:29:07,463 INFO src.train.trainer: New best validation loss: -5.0796, saved to checkpoints/etas_20260611-112802/best_model_1.pth
2026-06-11 11:29:07,467 INFO src.train.trainer: Last model at epoch 736 saved to checkpoints/etas_20260611-112802/last_model_1.pth
2026-06-11 11:29:07,467 INFO src.train.trainer: Epoch 737
2026-06-11 11:29:07,549 INFO src.train.trainer: New best validation loss: -5.0797, saved to checkpoints/etas_20260611-112802/best_model_1.pth
2026-06-11 11:29:07,552 INFO src.train.trainer: Last model at epoch 737 saved to checkpoints/etas_20260611-112802/last_model_1.pth
2026-06-11 11:29:07,552 INFO src.train.trainer: Epoch 738
2026-06-11 11:29:07,635 INFO src.train.trainer: New best validation loss: -5.0798, saved to checkpoints/etas_20260611-112802/best_model_1.pth
2026-06-11 11:29:07,638 INFO src.train.trainer: Last model at epoch 738 saved to checkpoints/etas_20260611-112802/last_model_1.pth
2026-06-11 11:29:07,638 INFO src.train.trainer: Epoch 739
2026-06-11 11:29:07,721 INFO src.train.trainer: New best validation loss: -5.0799, saved to checkpoints/etas_20260611-112802/best_model_1.pth
2026-06-11 11:29:07,724 INFO src.train.trainer: Last model at epoch 739 saved to checkpoints/etas_20260611-112802/last_model_1.pth
2026-06-11 11:29:07,724 INFO src.train.trainer: Epoch 740
2026-06-11 11:29:07,807 INFO src.train.trainer: New best validation loss: -5.0800, saved to checkpoints/etas_20260611-112802/best_model_1.pth
2026-06-11 11:29:07,810 INFO src.train.trainer: Last model at epoch 740 saved to checkpoints/etas_20260611-112802/last_model_1.pth
2026-06-11 11:29:07,810 INFO src.train.trainer: Epoch 741
2026-06-11 11:29:07,893 INFO src.train.trainer: New best validation loss: -5.0801, saved to checkpoints/etas_20260611-112802/best_model_1.pth
2026-06-11 11:29:07,896 INFO src.train.trainer: Last model at epoch 741 saved to checkpoints/etas_20260611-112802/last_model_1.pth
2026-06-11 11:29:07,896 INFO src.train.trainer: Epoch 742
2026-06-11 11:29:07,979 INFO src.train.trainer: New best validation loss: -5.0802, saved to checkpoints/etas_20260611-112802/best_model_1.pth
2026-06-11 11:29:07,982 INFO src.train.trainer: Last model at epoch 742 saved to checkpoints/etas_20260611-112802/last_model_1.pth
2026-06-11 11:29:07,982 INFO src.train.trainer: Epoch 743
2026-06-11 11:29:08,065 INFO src.train.trainer: New best validation loss: -5.0803, saved to checkpoints/etas_20260611-112802/best_model_1.pth
2026-06-11 11:29:08,068 INFO src.train.trainer: Last model at epoch 743 saved to checkpoints/etas_20260611-112802/last_model_1.pth
2026-06-11 11:29:08,068 INFO src.train.trainer: Epoch 744
2026-06-11 11:29:08,151 INFO src.train.trainer: New best validation loss: -5.0804, saved to checkpoints/etas_20260611-112802/best_model_1.pth
2026-06-11 11:29:08,154 INFO src.train.trainer: Last model at epoch 744 saved to checkpoints/etas_20260611-112802/last_model_1.pth
2026-06-11 11:29:08,154 INFO src.train.trainer: Epoch 745
2026-06-11 11:29:08,237 INFO src.train.trainer: New best validation loss: -5.0805, saved to checkpoints/etas_20260611-112802/best_model_1.pth
2026-06-11 11:29:08,240 INFO src.train.trainer: Last model at epoch 745 saved to checkpoints/etas_20260611-112802/last_model_1.pth
2026-06-11 11:29:08,241 INFO src.train.trainer: Epoch 746
2026-06-11 11:29:08,324 INFO src.train.trainer: New best validation loss: -5.0806, saved to checkpoints/etas_20260611-112802/best_model_1.pth
2026-06-11 11:29:08,327 INFO src.train.trainer: Last model at epoch 746 saved to checkpoints/etas_20260611-112802/last_model_1.pth
2026-06-11 11:29:08,327 INFO src.train.trainer: Epoch 747
2026-06-11 11:29:08,409 INFO src.train.trainer: New best validation loss: -5.0807, saved to checkpoints/etas_20260611-112802/best_model_1.pth
2026-06-11 11:29:08,413 INFO src.train.trainer: Last model at epoch 747 saved to checkpoints/etas_20260611-112802/last_model_1.pth
2026-06-11 11:29:08,413 INFO src.train.trainer: Epoch 748
2026-06-11 11:29:08,494 INFO src.train.trainer: New best validation loss: -5.0808, saved to checkpoints/etas_20260611-112802/best_model_1.pth
2026-06-11 11:29:08,497 INFO src.train.trainer: Last model at epoch 748 saved to checkpoints/etas_20260611-112802/last_model_1.pth
2026-06-11 11:29:08,498 INFO src.train.trainer: Epoch 749
2026-06-11 11:29:08,581 INFO src.train.trainer: New best validation loss: -5.0810, saved to checkpoints/etas_20260611-112802/best_model_1.pth
2026-06-11 11:29:08,584 INFO src.train.trainer: Last model at epoch 749 saved to checkpoints/etas_20260611-112802/last_model_1.pth
2026-06-11 11:29:08,584 INFO src.train.trainer: Epoch 750
2026-06-11 11:29:08,667 INFO src.train.trainer: New best validation loss: -5.0811, saved to checkpoints/etas_20260611-112802/best_model_1.pth
2026-06-11 11:29:08,670 INFO src.train.trainer: Last model at epoch 750 saved to checkpoints/etas_20260611-112802/last_model_1.pth
2026-06-11 11:29:08,670 INFO src.train.trainer: Epoch 751
2026-06-11 11:29:08,753 INFO src.train.trainer: New best validation loss: -5.0812, saved to checkpoints/etas_20260611-112802/best_model_1.pth
2026-06-11 11:29:08,756 INFO src.train.trainer: Last model at epoch 751 saved to checkpoints/etas_20260611-112802/last_model_1.pth
2026-06-11 11:29:08,756 INFO src.train.trainer: Epoch 752
2026-06-11 11:29:08,838 INFO src.train.trainer: New best validation loss: -5.0813, saved to checkpoints/etas_20260611-112802/best_model_1.pth
2026-06-11 11:29:08,841 INFO src.train.trainer: Last model at epoch 752 saved to checkpoints/etas_20260611-112802/last_model_1.pth
2026-06-11 11:29:08,841 INFO src.train.trainer: Epoch 753
2026-06-11 11:29:08,922 INFO src.train.trainer: New best validation loss: -5.0814, saved to checkpoints/etas_20260611-112802/best_model_1.pth
2026-06-11 11:29:08,926 INFO src.train.trainer: Last model at epoch 753 saved to checkpoints/etas_20260611-112802/last_model_1.pth
2026-06-11 11:29:08,926 INFO src.train.trainer: Epoch 754
2026-06-11 11:29:09,008 INFO src.train.trainer: New best validation loss: -5.0815, saved to checkpoints/etas_20260611-112802/best_model_1.pth
2026-06-11 11:29:09,011 INFO src.train.trainer: Last model at epoch 754 saved to checkpoints/etas_20260611-112802/last_model_1.pth
2026-06-11 11:29:09,011 INFO src.train.trainer: Epoch 755
2026-06-11 11:29:09,094 INFO src.train.trainer: New best validation loss: -5.0816, saved to checkpoints/etas_20260611-112802/best_model_1.pth
2026-06-11 11:29:09,097 INFO src.train.trainer: Last model at epoch 755 saved to checkpoints/etas_20260611-112802/last_model_1.pth
2026-06-11 11:29:09,097 INFO src.train.trainer: Epoch 756
2026-06-11 11:29:09,178 INFO src.train.trainer: New best validation loss: -5.0817, saved to checkpoints/etas_20260611-112802/best_model_1.pth
2026-06-11 11:29:09,182 INFO src.train.trainer: Last model at epoch 756 saved to checkpoints/etas_20260611-112802/last_model_1.pth
2026-06-11 11:29:09,182 INFO src.train.trainer: Epoch 757
2026-06-11 11:29:09,264 INFO src.train.trainer: New best validation loss: -5.0818, saved to checkpoints/etas_20260611-112802/best_model_1.pth
2026-06-11 11:29:09,267 INFO src.train.trainer: Last model at epoch 757 saved to checkpoints/etas_20260611-112802/last_model_1.pth
2026-06-11 11:29:09,267 INFO src.train.trainer: Epoch 758
2026-06-11 11:29:09,352 INFO src.train.trainer: New best validation loss: -5.0819, saved to checkpoints/etas_20260611-112802/best_model_1.pth
2026-06-11 11:29:09,355 INFO src.train.trainer: Last model at epoch 758 saved to checkpoints/etas_20260611-112802/last_model_1.pth
2026-06-11 11:29:09,355 INFO src.train.trainer: Epoch 759
2026-06-11 11:29:09,440 INFO src.train.trainer: New best validation loss: -5.0820, saved to checkpoints/etas_20260611-112802/best_model_1.pth
2026-06-11 11:29:09,443 INFO src.train.trainer: Last model at epoch 759 saved to checkpoints/etas_20260611-112802/last_model_1.pth
2026-06-11 11:29:09,443 INFO src.train.trainer: Epoch 760
2026-06-11 11:29:09,526 INFO src.train.trainer: Last model at epoch 760 saved to checkpoints/etas_20260611-112802/last_model_1.pth
2026-06-11 11:29:09,526 INFO src.train.trainer: Epoch 761
2026-06-11 11:29:09,610 INFO src.train.trainer: New best validation loss: -5.0823, saved to checkpoints/etas_20260611-112802/best_model_1.pth
2026-06-11 11:29:09,614 INFO src.train.trainer: Last model at epoch 761 saved to checkpoints/etas_20260611-112802/last_model_1.pth
2026-06-11 11:29:09,614 INFO src.train.trainer: Epoch 762
2026-06-11 11:29:09,698 INFO src.train.trainer: Last model at epoch 762 saved to checkpoints/etas_20260611-112802/last_model_1.pth
2026-06-11 11:29:09,698 INFO src.train.trainer: Epoch 763
2026-06-11 11:29:09,783 INFO src.train.trainer: New best validation loss: -5.0826, saved to checkpoints/etas_20260611-112802/best_model_1.pth
2026-06-11 11:29:09,787 INFO src.train.trainer: Last model at epoch 763 saved to checkpoints/etas_20260611-112802/last_model_1.pth
2026-06-11 11:29:09,787 INFO src.train.trainer: Epoch 764
2026-06-11 11:29:09,871 INFO src.train.trainer: Last model at epoch 764 saved to checkpoints/etas_20260611-112802/last_model_1.pth
2026-06-11 11:29:09,871 INFO src.train.trainer: Epoch 765
2026-06-11 11:29:09,955 INFO src.train.trainer: New best validation loss: -5.0827, saved to checkpoints/etas_20260611-112802/best_model_1.pth
2026-06-11 11:29:09,959 INFO src.train.trainer: Last model at epoch 765 saved to checkpoints/etas_20260611-112802/last_model_1.pth
2026-06-11 11:29:09,959 INFO src.train.trainer: Epoch 766
2026-06-11 11:29:10,043 INFO src.train.trainer: New best validation loss: -5.0828, saved to checkpoints/etas_20260611-112802/best_model_1.pth
2026-06-11 11:29:10,047 INFO src.train.trainer: Last model at epoch 766 saved to checkpoints/etas_20260611-112802/last_model_1.pth
2026-06-11 11:29:10,047 INFO src.train.trainer: Epoch 767
2026-06-11 11:29:10,135 INFO src.train.trainer: Last model at epoch 767 saved to checkpoints/etas_20260611-112802/last_model_1.pth
2026-06-11 11:29:10,135 INFO src.train.trainer: Epoch 768
2026-06-11 11:29:10,223 INFO src.train.trainer: New best validation loss: -5.0831, saved to checkpoints/etas_20260611-112802/best_model_1.pth
2026-06-11 11:29:10,226 INFO src.train.trainer: Last model at epoch 768 saved to checkpoints/etas_20260611-112802/last_model_1.pth
2026-06-11 11:29:10,226 INFO src.train.trainer: Epoch 769
2026-06-11 11:29:10,311 INFO src.train.trainer: Last model at epoch 769 saved to checkpoints/etas_20260611-112802/last_model_1.pth
2026-06-11 11:29:10,311 INFO src.train.trainer: Epoch 770
2026-06-11 11:29:10,395 INFO src.train.trainer: New best validation loss: -5.0832, saved to checkpoints/etas_20260611-112802/best_model_1.pth
2026-06-11 11:29:10,398 INFO src.train.trainer: Last model at epoch 770 saved to checkpoints/etas_20260611-112802/last_model_1.pth
2026-06-11 11:29:10,398 INFO src.train.trainer: Epoch 771
2026-06-11 11:29:10,482 INFO src.train.trainer: New best validation loss: -5.0834, saved to checkpoints/etas_20260611-112802/best_model_1.pth
2026-06-11 11:29:10,485 INFO src.train.trainer: Last model at epoch 771 saved to checkpoints/etas_20260611-112802/last_model_1.pth
2026-06-11 11:29:10,486 INFO src.train.trainer: Epoch 772
2026-06-11 11:29:10,569 INFO src.train.trainer: Last model at epoch 772 saved to checkpoints/etas_20260611-112802/last_model_1.pth
2026-06-11 11:29:10,569 INFO src.train.trainer: Epoch 773
2026-06-11 11:29:10,654 INFO src.train.trainer: New best validation loss: -5.0836, saved to checkpoints/etas_20260611-112802/best_model_1.pth
2026-06-11 11:29:10,657 INFO src.train.trainer: Last model at epoch 773 saved to checkpoints/etas_20260611-112802/last_model_1.pth
2026-06-11 11:29:10,657 INFO src.train.trainer: Epoch 774
2026-06-11 11:29:10,741 INFO src.train.trainer: New best validation loss: -5.0837, saved to checkpoints/etas_20260611-112802/best_model_1.pth
2026-06-11 11:29:10,744 INFO src.train.trainer: Last model at epoch 774 saved to checkpoints/etas_20260611-112802/last_model_1.pth
2026-06-11 11:29:10,744 INFO src.train.trainer: Epoch 775
2026-06-11 11:29:10,829 INFO src.train.trainer: Last model at epoch 775 saved to checkpoints/etas_20260611-112802/last_model_1.pth
2026-06-11 11:29:10,829 INFO src.train.trainer: Epoch 776
2026-06-11 11:29:10,913 INFO src.train.trainer: New best validation loss: -5.0839, saved to checkpoints/etas_20260611-112802/best_model_1.pth
2026-06-11 11:29:10,917 INFO src.train.trainer: Last model at epoch 776 saved to checkpoints/etas_20260611-112802/last_model_1.pth
2026-06-11 11:29:10,917 INFO src.train.trainer: Epoch 777
2026-06-11 11:29:11,001 INFO src.train.trainer: New best validation loss: -5.0840, saved to checkpoints/etas_20260611-112802/best_model_1.pth
2026-06-11 11:29:11,004 INFO src.train.trainer: Last model at epoch 777 saved to checkpoints/etas_20260611-112802/last_model_1.pth
2026-06-11 11:29:11,004 INFO src.train.trainer: Epoch 778
2026-06-11 11:29:11,087 INFO src.train.trainer: New best validation loss: -5.0840, saved to checkpoints/etas_20260611-112802/best_model_1.pth
2026-06-11 11:29:11,091 INFO src.train.trainer: Last model at epoch 778 saved to checkpoints/etas_20260611-112802/last_model_1.pth
2026-06-11 11:29:11,091 INFO src.train.trainer: Epoch 779
2026-06-11 11:29:11,174 INFO src.train.trainer: New best validation loss: -5.0843, saved to checkpoints/etas_20260611-112802/best_model_1.pth
2026-06-11 11:29:11,177 INFO src.train.trainer: Last model at epoch 779 saved to checkpoints/etas_20260611-112802/last_model_1.pth
2026-06-11 11:29:11,177 INFO src.train.trainer: Epoch 780
2026-06-11 11:29:11,260 INFO src.train.trainer: New best validation loss: -5.0843, saved to checkpoints/etas_20260611-112802/best_model_1.pth
2026-06-11 11:29:11,263 INFO src.train.trainer: Last model at epoch 780 saved to checkpoints/etas_20260611-112802/last_model_1.pth
2026-06-11 11:29:11,263 INFO src.train.trainer: Epoch 781
2026-06-11 11:29:11,346 INFO src.train.trainer: New best validation loss: -5.0844, saved to checkpoints/etas_20260611-112802/best_model_1.pth
2026-06-11 11:29:11,349 INFO src.train.trainer: Last model at epoch 781 saved to checkpoints/etas_20260611-112802/last_model_1.pth
2026-06-11 11:29:11,349 INFO src.train.trainer: Epoch 782
2026-06-11 11:29:11,432 INFO src.train.trainer: New best validation loss: -5.0846, saved to checkpoints/etas_20260611-112802/best_model_1.pth
2026-06-11 11:29:11,436 INFO src.train.trainer: Last model at epoch 782 saved to checkpoints/etas_20260611-112802/last_model_1.pth
2026-06-11 11:29:11,436 INFO src.train.trainer: Epoch 783
2026-06-11 11:29:11,520 INFO src.train.trainer: New best validation loss: -5.0846, saved to checkpoints/etas_20260611-112802/best_model_1.pth
2026-06-11 11:29:11,523 INFO src.train.trainer: Last model at epoch 783 saved to checkpoints/etas_20260611-112802/last_model_1.pth
2026-06-11 11:29:11,523 INFO src.train.trainer: Epoch 784
2026-06-11 11:29:11,606 INFO src.train.trainer: New best validation loss: -5.0848, saved to checkpoints/etas_20260611-112802/best_model_1.pth
2026-06-11 11:29:11,610 INFO src.train.trainer: Last model at epoch 784 saved to checkpoints/etas_20260611-112802/last_model_1.pth
2026-06-11 11:29:11,610 INFO src.train.trainer: Epoch 785
2026-06-11 11:29:11,694 INFO src.train.trainer: New best validation loss: -5.0849, saved to checkpoints/etas_20260611-112802/best_model_1.pth
2026-06-11 11:29:11,697 INFO src.train.trainer: Last model at epoch 785 saved to checkpoints/etas_20260611-112802/last_model_1.pth
2026-06-11 11:29:11,698 INFO src.train.trainer: Epoch 786
2026-06-11 11:29:11,781 INFO src.train.trainer: New best validation loss: -5.0850, saved to checkpoints/etas_20260611-112802/best_model_1.pth
2026-06-11 11:29:11,785 INFO src.train.trainer: Last model at epoch 786 saved to checkpoints/etas_20260611-112802/last_model_1.pth
2026-06-11 11:29:11,785 INFO src.train.trainer: Epoch 787
2026-06-11 11:29:11,869 INFO src.train.trainer: New best validation loss: -5.0851, saved to checkpoints/etas_20260611-112802/best_model_1.pth
2026-06-11 11:29:11,873 INFO src.train.trainer: Last model at epoch 787 saved to checkpoints/etas_20260611-112802/last_model_1.pth
2026-06-11 11:29:11,873 INFO src.train.trainer: Epoch 788
2026-06-11 11:29:11,957 INFO src.train.trainer: New best validation loss: -5.0853, saved to checkpoints/etas_20260611-112802/best_model_1.pth
2026-06-11 11:29:11,961 INFO src.train.trainer: Last model at epoch 788 saved to checkpoints/etas_20260611-112802/last_model_1.pth
2026-06-11 11:29:11,961 INFO src.train.trainer: Epoch 789
2026-06-11 11:29:12,044 INFO src.train.trainer: New best validation loss: -5.0853, saved to checkpoints/etas_20260611-112802/best_model_1.pth
2026-06-11 11:29:12,048 INFO src.train.trainer: Last model at epoch 789 saved to checkpoints/etas_20260611-112802/last_model_1.pth
2026-06-11 11:29:12,048 INFO src.train.trainer: Epoch 790
2026-06-11 11:29:12,132 INFO src.train.trainer: New best validation loss: -5.0855, saved to checkpoints/etas_20260611-112802/best_model_1.pth
2026-06-11 11:29:12,136 INFO src.train.trainer: Last model at epoch 790 saved to checkpoints/etas_20260611-112802/last_model_1.pth
2026-06-11 11:29:12,136 INFO src.train.trainer: Epoch 791
2026-06-11 11:29:12,219 INFO src.train.trainer: New best validation loss: -5.0856, saved to checkpoints/etas_20260611-112802/best_model_1.pth
2026-06-11 11:29:12,223 INFO src.train.trainer: Last model at epoch 791 saved to checkpoints/etas_20260611-112802/last_model_1.pth
2026-06-11 11:29:12,223 INFO src.train.trainer: Epoch 792
2026-06-11 11:29:12,309 INFO src.train.trainer: New best validation loss: -5.0857, saved to checkpoints/etas_20260611-112802/best_model_1.pth
2026-06-11 11:29:12,312 INFO src.train.trainer: Last model at epoch 792 saved to checkpoints/etas_20260611-112802/last_model_1.pth
2026-06-11 11:29:12,312 INFO src.train.trainer: Epoch 793
2026-06-11 11:29:12,396 INFO src.train.trainer: New best validation loss: -5.0858, saved to checkpoints/etas_20260611-112802/best_model_1.pth
2026-06-11 11:29:12,399 INFO src.train.trainer: Last model at epoch 793 saved to checkpoints/etas_20260611-112802/last_model_1.pth
2026-06-11 11:29:12,399 INFO src.train.trainer: Epoch 794
2026-06-11 11:29:12,483 INFO src.train.trainer: New best validation loss: -5.0859, saved to checkpoints/etas_20260611-112802/best_model_1.pth
2026-06-11 11:29:12,486 INFO src.train.trainer: Last model at epoch 794 saved to checkpoints/etas_20260611-112802/last_model_1.pth
2026-06-11 11:29:12,486 INFO src.train.trainer: Epoch 795
2026-06-11 11:29:12,569 INFO src.train.trainer: New best validation loss: -5.0860, saved to checkpoints/etas_20260611-112802/best_model_1.pth
2026-06-11 11:29:12,572 INFO src.train.trainer: Last model at epoch 795 saved to checkpoints/etas_20260611-112802/last_model_1.pth
2026-06-11 11:29:12,572 INFO src.train.trainer: Epoch 796
2026-06-11 11:29:12,655 INFO src.train.trainer: New best validation loss: -5.0862, saved to checkpoints/etas_20260611-112802/best_model_1.pth
2026-06-11 11:29:12,659 INFO src.train.trainer: Last model at epoch 796 saved to checkpoints/etas_20260611-112802/last_model_1.pth
2026-06-11 11:29:12,659 INFO src.train.trainer: Epoch 797
2026-06-11 11:29:12,741 INFO src.train.trainer: New best validation loss: -5.0862, saved to checkpoints/etas_20260611-112802/best_model_1.pth
2026-06-11 11:29:12,745 INFO src.train.trainer: Last model at epoch 797 saved to checkpoints/etas_20260611-112802/last_model_1.pth
2026-06-11 11:29:12,745 INFO src.train.trainer: Epoch 798
2026-06-11 11:29:12,828 INFO src.train.trainer: New best validation loss: -5.0864, saved to checkpoints/etas_20260611-112802/best_model_1.pth
2026-06-11 11:29:12,832 INFO src.train.trainer: Last model at epoch 798 saved to checkpoints/etas_20260611-112802/last_model_1.pth
2026-06-11 11:29:12,832 INFO src.train.trainer: Epoch 799
2026-06-11 11:29:12,920 INFO src.train.trainer: New best validation loss: -5.0865, saved to checkpoints/etas_20260611-112802/best_model_1.pth
2026-06-11 11:29:12,923 INFO src.train.trainer: Last model at epoch 799 saved to checkpoints/etas_20260611-112802/last_model_1.pth
2026-06-11 11:29:12,923 INFO src.train.trainer: Epoch 800
2026-06-11 11:29:13,008 INFO src.train.trainer: New best validation loss: -5.0866, saved to checkpoints/etas_20260611-112802/best_model_1.pth
2026-06-11 11:29:13,011 INFO src.train.trainer: Last model at epoch 800 saved to checkpoints/etas_20260611-112802/last_model_1.pth
2026-06-11 11:29:13,011 INFO src.train.trainer: Epoch 801
2026-06-11 11:29:13,093 INFO src.train.trainer: New best validation loss: -5.0868, saved to checkpoints/etas_20260611-112802/best_model_1.pth
2026-06-11 11:29:13,096 INFO src.train.trainer: Last model at epoch 801 saved to checkpoints/etas_20260611-112802/last_model_1.pth
2026-06-11 11:29:13,097 INFO src.train.trainer: Epoch 802
2026-06-11 11:29:13,178 INFO src.train.trainer: New best validation loss: -5.0868, saved to checkpoints/etas_20260611-112802/best_model_1.pth
2026-06-11 11:29:13,181 INFO src.train.trainer: Last model at epoch 802 saved to checkpoints/etas_20260611-112802/last_model_1.pth
2026-06-11 11:29:13,182 INFO src.train.trainer: Epoch 803
2026-06-11 11:29:13,265 INFO src.train.trainer: New best validation loss: -5.0870, saved to checkpoints/etas_20260611-112802/best_model_1.pth
2026-06-11 11:29:13,269 INFO src.train.trainer: Last model at epoch 803 saved to checkpoints/etas_20260611-112802/last_model_1.pth
2026-06-11 11:29:13,269 INFO src.train.trainer: Epoch 804
2026-06-11 11:29:13,355 INFO src.train.trainer: New best validation loss: -5.0871, saved to checkpoints/etas_20260611-112802/best_model_1.pth
2026-06-11 11:29:13,358 INFO src.train.trainer: Last model at epoch 804 saved to checkpoints/etas_20260611-112802/last_model_1.pth
2026-06-11 11:29:13,359 INFO src.train.trainer: Epoch 805
2026-06-11 11:29:13,443 INFO src.train.trainer: New best validation loss: -5.0872, saved to checkpoints/etas_20260611-112802/best_model_1.pth
2026-06-11 11:29:13,447 INFO src.train.trainer: Last model at epoch 805 saved to checkpoints/etas_20260611-112802/last_model_1.pth
2026-06-11 11:29:13,447 INFO src.train.trainer: Epoch 806
2026-06-11 11:29:13,532 INFO src.train.trainer: New best validation loss: -5.0873, saved to checkpoints/etas_20260611-112802/best_model_1.pth
2026-06-11 11:29:13,535 INFO src.train.trainer: Last model at epoch 806 saved to checkpoints/etas_20260611-112802/last_model_1.pth
2026-06-11 11:29:13,535 INFO src.train.trainer: Epoch 807
2026-06-11 11:29:13,618 INFO src.train.trainer: New best validation loss: -5.0874, saved to checkpoints/etas_20260611-112802/best_model_1.pth
2026-06-11 11:29:13,622 INFO src.train.trainer: Last model at epoch 807 saved to checkpoints/etas_20260611-112802/last_model_1.pth
2026-06-11 11:29:13,622 INFO src.train.trainer: Epoch 808
2026-06-11 11:29:13,706 INFO src.train.trainer: New best validation loss: -5.0876, saved to checkpoints/etas_20260611-112802/best_model_1.pth
2026-06-11 11:29:13,709 INFO src.train.trainer: Last model at epoch 808 saved to checkpoints/etas_20260611-112802/last_model_1.pth
2026-06-11 11:29:13,710 INFO src.train.trainer: Epoch 809
2026-06-11 11:29:13,793 INFO src.train.trainer: New best validation loss: -5.0877, saved to checkpoints/etas_20260611-112802/best_model_1.pth
2026-06-11 11:29:13,797 INFO src.train.trainer: Last model at epoch 809 saved to checkpoints/etas_20260611-112802/last_model_1.pth
2026-06-11 11:29:13,797 INFO src.train.trainer: Epoch 810
2026-06-11 11:29:13,881 INFO src.train.trainer: New best validation loss: -5.0878, saved to checkpoints/etas_20260611-112802/best_model_1.pth
2026-06-11 11:29:13,884 INFO src.train.trainer: Last model at epoch 810 saved to checkpoints/etas_20260611-112802/last_model_1.pth
2026-06-11 11:29:13,884 INFO src.train.trainer: Epoch 811
2026-06-11 11:29:13,968 INFO src.train.trainer: New best validation loss: -5.0879, saved to checkpoints/etas_20260611-112802/best_model_1.pth
2026-06-11 11:29:13,971 INFO src.train.trainer: Last model at epoch 811 saved to checkpoints/etas_20260611-112802/last_model_1.pth
2026-06-11 11:29:13,971 INFO src.train.trainer: Epoch 812
2026-06-11 11:29:14,055 INFO src.train.trainer: New best validation loss: -5.0880, saved to checkpoints/etas_20260611-112802/best_model_1.pth
2026-06-11 11:29:14,058 INFO src.train.trainer: Last model at epoch 812 saved to checkpoints/etas_20260611-112802/last_model_1.pth
2026-06-11 11:29:14,059 INFO src.train.trainer: Epoch 813
2026-06-11 11:29:14,143 INFO src.train.trainer: New best validation loss: -5.0881, saved to checkpoints/etas_20260611-112802/best_model_1.pth
2026-06-11 11:29:14,147 INFO src.train.trainer: Last model at epoch 813 saved to checkpoints/etas_20260611-112802/last_model_1.pth
2026-06-11 11:29:14,147 INFO src.train.trainer: Epoch 814
2026-06-11 11:29:14,231 INFO src.train.trainer: New best validation loss: -5.0883, saved to checkpoints/etas_20260611-112802/best_model_1.pth
2026-06-11 11:29:14,235 INFO src.train.trainer: Last model at epoch 814 saved to checkpoints/etas_20260611-112802/last_model_1.pth
2026-06-11 11:29:14,235 INFO src.train.trainer: Epoch 815
2026-06-11 11:29:14,318 INFO src.train.trainer: New best validation loss: -5.0884, saved to checkpoints/etas_20260611-112802/best_model_1.pth
2026-06-11 11:29:14,321 INFO src.train.trainer: Last model at epoch 815 saved to checkpoints/etas_20260611-112802/last_model_1.pth
2026-06-11 11:29:14,322 INFO src.train.trainer: Epoch 816
2026-06-11 11:29:14,405 INFO src.train.trainer: New best validation loss: -5.0885, saved to checkpoints/etas_20260611-112802/best_model_1.pth
2026-06-11 11:29:14,408 INFO src.train.trainer: Last model at epoch 816 saved to checkpoints/etas_20260611-112802/last_model_1.pth
2026-06-11 11:29:14,408 INFO src.train.trainer: Epoch 817
2026-06-11 11:29:14,493 INFO src.train.trainer: New best validation loss: -5.0886, saved to checkpoints/etas_20260611-112802/best_model_1.pth
2026-06-11 11:29:14,497 INFO src.train.trainer: Last model at epoch 817 saved to checkpoints/etas_20260611-112802/last_model_1.pth
2026-06-11 11:29:14,497 INFO src.train.trainer: Epoch 818
2026-06-11 11:29:14,581 INFO src.train.trainer: New best validation loss: -5.0887, saved to checkpoints/etas_20260611-112802/best_model_1.pth
2026-06-11 11:29:14,584 INFO src.train.trainer: Last model at epoch 818 saved to checkpoints/etas_20260611-112802/last_model_1.pth
2026-06-11 11:29:14,584 INFO src.train.trainer: Epoch 819
2026-06-11 11:29:14,667 INFO src.train.trainer: New best validation loss: -5.0889, saved to checkpoints/etas_20260611-112802/best_model_1.pth
2026-06-11 11:29:14,670 INFO src.train.trainer: Last model at epoch 819 saved to checkpoints/etas_20260611-112802/last_model_1.pth
2026-06-11 11:29:14,670 INFO src.train.trainer: Epoch 820
2026-06-11 11:29:14,753 INFO src.train.trainer: New best validation loss: -5.0890, saved to checkpoints/etas_20260611-112802/best_model_1.pth
2026-06-11 11:29:14,756 INFO src.train.trainer: Last model at epoch 820 saved to checkpoints/etas_20260611-112802/last_model_1.pth
2026-06-11 11:29:14,756 INFO src.train.trainer: Epoch 821
2026-06-11 11:29:14,840 INFO src.train.trainer: New best validation loss: -5.0891, saved to checkpoints/etas_20260611-112802/best_model_1.pth
2026-06-11 11:29:14,844 INFO src.train.trainer: Last model at epoch 821 saved to checkpoints/etas_20260611-112802/last_model_1.pth
2026-06-11 11:29:14,844 INFO src.train.trainer: Epoch 822
2026-06-11 11:29:14,927 INFO src.train.trainer: New best validation loss: -5.0892, saved to checkpoints/etas_20260611-112802/best_model_1.pth
2026-06-11 11:29:14,930 INFO src.train.trainer: Last model at epoch 822 saved to checkpoints/etas_20260611-112802/last_model_1.pth
2026-06-11 11:29:14,930 INFO src.train.trainer: Epoch 823
2026-06-11 11:29:15,014 INFO src.train.trainer: New best validation loss: -5.0894, saved to checkpoints/etas_20260611-112802/best_model_1.pth
2026-06-11 11:29:15,017 INFO src.train.trainer: Last model at epoch 823 saved to checkpoints/etas_20260611-112802/last_model_1.pth
2026-06-11 11:29:15,017 INFO src.train.trainer: Epoch 824
2026-06-11 11:29:15,101 INFO src.train.trainer: New best validation loss: -5.0895, saved to checkpoints/etas_20260611-112802/best_model_1.pth
2026-06-11 11:29:15,104 INFO src.train.trainer: Last model at epoch 824 saved to checkpoints/etas_20260611-112802/last_model_1.pth
2026-06-11 11:29:15,105 INFO src.train.trainer: Epoch 825
2026-06-11 11:29:15,188 INFO src.train.trainer: New best validation loss: -5.0896, saved to checkpoints/etas_20260611-112802/best_model_1.pth
2026-06-11 11:29:15,191 INFO src.train.trainer: Last model at epoch 825 saved to checkpoints/etas_20260611-112802/last_model_1.pth
2026-06-11 11:29:15,191 INFO src.train.trainer: Epoch 826
2026-06-11 11:29:15,274 INFO src.train.trainer: New best validation loss: -5.0897, saved to checkpoints/etas_20260611-112802/best_model_1.pth
2026-06-11 11:29:15,278 INFO src.train.trainer: Last model at epoch 826 saved to checkpoints/etas_20260611-112802/last_model_1.pth
2026-06-11 11:29:15,278 INFO src.train.trainer: Epoch 827
2026-06-11 11:29:15,361 INFO src.train.trainer: New best validation loss: -5.0898, saved to checkpoints/etas_20260611-112802/best_model_1.pth
2026-06-11 11:29:15,365 INFO src.train.trainer: Last model at epoch 827 saved to checkpoints/etas_20260611-112802/last_model_1.pth
2026-06-11 11:29:15,365 INFO src.train.trainer: Epoch 828
2026-06-11 11:29:15,449 INFO src.train.trainer: New best validation loss: -5.0900, saved to checkpoints/etas_20260611-112802/best_model_1.pth
2026-06-11 11:29:15,452 INFO src.train.trainer: Last model at epoch 828 saved to checkpoints/etas_20260611-112802/last_model_1.pth
2026-06-11 11:29:15,453 INFO src.train.trainer: Epoch 829
2026-06-11 11:29:15,537 INFO src.train.trainer: New best validation loss: -5.0901, saved to checkpoints/etas_20260611-112802/best_model_1.pth
2026-06-11 11:29:15,541 INFO src.train.trainer: Last model at epoch 829 saved to checkpoints/etas_20260611-112802/last_model_1.pth
2026-06-11 11:29:15,541 INFO src.train.trainer: Epoch 830
2026-06-11 11:29:15,624 INFO src.train.trainer: New best validation loss: -5.0902, saved to checkpoints/etas_20260611-112802/best_model_1.pth
2026-06-11 11:29:15,627 INFO src.train.trainer: Last model at epoch 830 saved to checkpoints/etas_20260611-112802/last_model_1.pth
2026-06-11 11:29:15,627 INFO src.train.trainer: Epoch 831
2026-06-11 11:29:15,709 INFO src.train.trainer: New best validation loss: -5.0903, saved to checkpoints/etas_20260611-112802/best_model_1.pth
2026-06-11 11:29:15,712 INFO src.train.trainer: Last model at epoch 831 saved to checkpoints/etas_20260611-112802/last_model_1.pth
2026-06-11 11:29:15,712 INFO src.train.trainer: Epoch 832
2026-06-11 11:29:15,795 INFO src.train.trainer: New best validation loss: -5.0905, saved to checkpoints/etas_20260611-112802/best_model_1.pth
2026-06-11 11:29:15,798 INFO src.train.trainer: Last model at epoch 832 saved to checkpoints/etas_20260611-112802/last_model_1.pth
2026-06-11 11:29:15,798 INFO src.train.trainer: Epoch 833
2026-06-11 11:29:15,882 INFO src.train.trainer: New best validation loss: -5.0906, saved to checkpoints/etas_20260611-112802/best_model_1.pth
2026-06-11 11:29:15,885 INFO src.train.trainer: Last model at epoch 833 saved to checkpoints/etas_20260611-112802/last_model_1.pth
2026-06-11 11:29:15,885 INFO src.train.trainer: Epoch 834
2026-06-11 11:29:15,968 INFO src.train.trainer: New best validation loss: -5.0907, saved to checkpoints/etas_20260611-112802/best_model_1.pth
2026-06-11 11:29:15,971 INFO src.train.trainer: Last model at epoch 834 saved to checkpoints/etas_20260611-112802/last_model_1.pth
2026-06-11 11:29:15,971 INFO src.train.trainer: Epoch 835
2026-06-11 11:29:16,056 INFO src.train.trainer: New best validation loss: -5.0908, saved to checkpoints/etas_20260611-112802/best_model_1.pth
2026-06-11 11:29:16,059 INFO src.train.trainer: Last model at epoch 835 saved to checkpoints/etas_20260611-112802/last_model_1.pth
2026-06-11 11:29:16,059 INFO src.train.trainer: Epoch 836
2026-06-11 11:29:16,142 INFO src.train.trainer: New best validation loss: -5.0910, saved to checkpoints/etas_20260611-112802/best_model_1.pth
2026-06-11 11:29:16,145 INFO src.train.trainer: Last model at epoch 836 saved to checkpoints/etas_20260611-112802/last_model_1.pth
2026-06-11 11:29:16,146 INFO src.train.trainer: Epoch 837
2026-06-11 11:29:16,229 INFO src.train.trainer: New best validation loss: -5.0911, saved to checkpoints/etas_20260611-112802/best_model_1.pth
2026-06-11 11:29:16,232 INFO src.train.trainer: Last model at epoch 837 saved to checkpoints/etas_20260611-112802/last_model_1.pth
2026-06-11 11:29:16,232 INFO src.train.trainer: Epoch 838
2026-06-11 11:29:16,317 INFO src.train.trainer: New best validation loss: -5.0912, saved to checkpoints/etas_20260611-112802/best_model_1.pth
2026-06-11 11:29:16,320 INFO src.train.trainer: Last model at epoch 838 saved to checkpoints/etas_20260611-112802/last_model_1.pth
2026-06-11 11:29:16,320 INFO src.train.trainer: Epoch 839
2026-06-11 11:29:16,403 INFO src.train.trainer: New best validation loss: -5.0913, saved to checkpoints/etas_20260611-112802/best_model_1.pth
2026-06-11 11:29:16,406 INFO src.train.trainer: Last model at epoch 839 saved to checkpoints/etas_20260611-112802/last_model_1.pth
2026-06-11 11:29:16,406 INFO src.train.trainer: Epoch 840
2026-06-11 11:29:16,490 INFO src.train.trainer: New best validation loss: -5.0915, saved to checkpoints/etas_20260611-112802/best_model_1.pth
2026-06-11 11:29:16,494 INFO src.train.trainer: Last model at epoch 840 saved to checkpoints/etas_20260611-112802/last_model_1.pth
2026-06-11 11:29:16,494 INFO src.train.trainer: Epoch 841
2026-06-11 11:29:16,578 INFO src.train.trainer: New best validation loss: -5.0915, saved to checkpoints/etas_20260611-112802/best_model_1.pth
2026-06-11 11:29:16,581 INFO src.train.trainer: Last model at epoch 841 saved to checkpoints/etas_20260611-112802/last_model_1.pth
2026-06-11 11:29:16,581 INFO src.train.trainer: Epoch 842
2026-06-11 11:29:16,666 INFO src.train.trainer: New best validation loss: -5.0917, saved to checkpoints/etas_20260611-112802/best_model_1.pth
2026-06-11 11:29:16,669 INFO src.train.trainer: Last model at epoch 842 saved to checkpoints/etas_20260611-112802/last_model_1.pth
2026-06-11 11:29:16,669 INFO src.train.trainer: Epoch 843
2026-06-11 11:29:16,754 INFO src.train.trainer: New best validation loss: -5.0918, saved to checkpoints/etas_20260611-112802/best_model_1.pth
2026-06-11 11:29:16,758 INFO src.train.trainer: Last model at epoch 843 saved to checkpoints/etas_20260611-112802/last_model_1.pth
2026-06-11 11:29:16,758 INFO src.train.trainer: Epoch 844
2026-06-11 11:29:16,841 INFO src.train.trainer: New best validation loss: -5.0920, saved to checkpoints/etas_20260611-112802/best_model_1.pth
2026-06-11 11:29:16,845 INFO src.train.trainer: Last model at epoch 844 saved to checkpoints/etas_20260611-112802/last_model_1.pth
2026-06-11 11:29:16,845 INFO src.train.trainer: Epoch 845
2026-06-11 11:29:16,927 INFO src.train.trainer: Last model at epoch 845 saved to checkpoints/etas_20260611-112802/last_model_1.pth
2026-06-11 11:29:16,927 INFO src.train.trainer: Epoch 846
2026-06-11 11:29:17,011 INFO src.train.trainer: New best validation loss: -5.0923, saved to checkpoints/etas_20260611-112802/best_model_1.pth
2026-06-11 11:29:17,014 INFO src.train.trainer: Last model at epoch 846 saved to checkpoints/etas_20260611-112802/last_model_1.pth
2026-06-11 11:29:17,014 INFO src.train.trainer: Epoch 847
2026-06-11 11:29:17,098 INFO src.train.trainer: Last model at epoch 847 saved to checkpoints/etas_20260611-112802/last_model_1.pth
2026-06-11 11:29:17,098 INFO src.train.trainer: Epoch 848
2026-06-11 11:29:17,183 INFO src.train.trainer: New best validation loss: -5.0926, saved to checkpoints/etas_20260611-112802/best_model_1.pth
2026-06-11 11:29:17,186 INFO src.train.trainer: Last model at epoch 848 saved to checkpoints/etas_20260611-112802/last_model_1.pth
2026-06-11 11:29:17,187 INFO src.train.trainer: Epoch 849
2026-06-11 11:29:17,270 INFO src.train.trainer: Last model at epoch 849 saved to checkpoints/etas_20260611-112802/last_model_1.pth
2026-06-11 11:29:17,270 INFO src.train.trainer: Epoch 850
2026-06-11 11:29:17,354 INFO src.train.trainer: New best validation loss: -5.0927, saved to checkpoints/etas_20260611-112802/best_model_1.pth
2026-06-11 11:29:17,357 INFO src.train.trainer: Last model at epoch 850 saved to checkpoints/etas_20260611-112802/last_model_1.pth
2026-06-11 11:29:17,358 INFO src.train.trainer: Epoch 851
2026-06-11 11:29:17,442 INFO src.train.trainer: New best validation loss: -5.0929, saved to checkpoints/etas_20260611-112802/best_model_1.pth
2026-06-11 11:29:17,445 INFO src.train.trainer: Last model at epoch 851 saved to checkpoints/etas_20260611-112802/last_model_1.pth
2026-06-11 11:29:17,445 INFO src.train.trainer: Epoch 852
2026-06-11 11:29:17,528 INFO src.train.trainer: Last model at epoch 852 saved to checkpoints/etas_20260611-112802/last_model_1.pth
2026-06-11 11:29:17,529 INFO src.train.trainer: Epoch 853
2026-06-11 11:29:17,612 INFO src.train.trainer: New best validation loss: -5.0932, saved to checkpoints/etas_20260611-112802/best_model_1.pth
2026-06-11 11:29:17,616 INFO src.train.trainer: Last model at epoch 853 saved to checkpoints/etas_20260611-112802/last_model_1.pth
2026-06-11 11:29:17,616 INFO src.train.trainer: Epoch 854
2026-06-11 11:29:17,700 INFO src.train.trainer: New best validation loss: -5.0932, saved to checkpoints/etas_20260611-112802/best_model_1.pth
2026-06-11 11:29:17,704 INFO src.train.trainer: Last model at epoch 854 saved to checkpoints/etas_20260611-112802/last_model_1.pth
2026-06-11 11:29:17,704 INFO src.train.trainer: Epoch 855
2026-06-11 11:29:17,788 INFO src.train.trainer: New best validation loss: -5.0933, saved to checkpoints/etas_20260611-112802/best_model_1.pth
2026-06-11 11:29:17,791 INFO src.train.trainer: Last model at epoch 855 saved to checkpoints/etas_20260611-112802/last_model_1.pth
2026-06-11 11:29:17,791 INFO src.train.trainer: Epoch 856
2026-06-11 11:29:17,874 INFO src.train.trainer: New best validation loss: -5.0936, saved to checkpoints/etas_20260611-112802/best_model_1.pth
2026-06-11 11:29:17,877 INFO src.train.trainer: Last model at epoch 856 saved to checkpoints/etas_20260611-112802/last_model_1.pth
2026-06-11 11:29:17,877 INFO src.train.trainer: Epoch 857
2026-06-11 11:29:17,961 INFO src.train.trainer: Last model at epoch 857 saved to checkpoints/etas_20260611-112802/last_model_1.pth
2026-06-11 11:29:17,961 INFO src.train.trainer: Epoch 858
2026-06-11 11:29:18,047 INFO src.train.trainer: New best validation loss: -5.0938, saved to checkpoints/etas_20260611-112802/best_model_1.pth
2026-06-11 11:29:18,050 INFO src.train.trainer: Last model at epoch 858 saved to checkpoints/etas_20260611-112802/last_model_1.pth
2026-06-11 11:29:18,050 INFO src.train.trainer: Epoch 859
2026-06-11 11:29:18,134 INFO src.train.trainer: New best validation loss: -5.0939, saved to checkpoints/etas_20260611-112802/best_model_1.pth
2026-06-11 11:29:18,137 INFO src.train.trainer: Last model at epoch 859 saved to checkpoints/etas_20260611-112802/last_model_1.pth
2026-06-11 11:29:18,138 INFO src.train.trainer: Epoch 860
2026-06-11 11:29:18,221 INFO src.train.trainer: New best validation loss: -5.0940, saved to checkpoints/etas_20260611-112802/best_model_1.pth
2026-06-11 11:29:18,225 INFO src.train.trainer: Last model at epoch 860 saved to checkpoints/etas_20260611-112802/last_model_1.pth
2026-06-11 11:29:18,225 INFO src.train.trainer: Epoch 861
2026-06-11 11:29:18,309 INFO src.train.trainer: New best validation loss: -5.0942, saved to checkpoints/etas_20260611-112802/best_model_1.pth
2026-06-11 11:29:18,312 INFO src.train.trainer: Last model at epoch 861 saved to checkpoints/etas_20260611-112802/last_model_1.pth
2026-06-11 11:29:18,313 INFO src.train.trainer: Epoch 862
2026-06-11 11:29:18,397 INFO src.train.trainer: New best validation loss: -5.0943, saved to checkpoints/etas_20260611-112802/best_model_1.pth
2026-06-11 11:29:18,400 INFO src.train.trainer: Last model at epoch 862 saved to checkpoints/etas_20260611-112802/last_model_1.pth
2026-06-11 11:29:18,401 INFO src.train.trainer: Epoch 863
2026-06-11 11:29:18,485 INFO src.train.trainer: New best validation loss: -5.0944, saved to checkpoints/etas_20260611-112802/best_model_1.pth
2026-06-11 11:29:18,488 INFO src.train.trainer: Last model at epoch 863 saved to checkpoints/etas_20260611-112802/last_model_1.pth
2026-06-11 11:29:18,489 INFO src.train.trainer: Epoch 864
2026-06-11 11:29:18,573 INFO src.train.trainer: New best validation loss: -5.0946, saved to checkpoints/etas_20260611-112802/best_model_1.pth
2026-06-11 11:29:18,576 INFO src.train.trainer: Last model at epoch 864 saved to checkpoints/etas_20260611-112802/last_model_1.pth
2026-06-11 11:29:18,576 INFO src.train.trainer: Epoch 865
2026-06-11 11:29:18,659 INFO src.train.trainer: New best validation loss: -5.0946, saved to checkpoints/etas_20260611-112802/best_model_1.pth
2026-06-11 11:29:18,662 INFO src.train.trainer: Last model at epoch 865 saved to checkpoints/etas_20260611-112802/last_model_1.pth
2026-06-11 11:29:18,662 INFO src.train.trainer: Epoch 866
2026-06-11 11:29:18,746 INFO src.train.trainer: New best validation loss: -5.0948, saved to checkpoints/etas_20260611-112802/best_model_1.pth
2026-06-11 11:29:18,749 INFO src.train.trainer: Last model at epoch 866 saved to checkpoints/etas_20260611-112802/last_model_1.pth
2026-06-11 11:29:18,749 INFO src.train.trainer: Epoch 867
2026-06-11 11:29:18,832 INFO src.train.trainer: New best validation loss: -5.0949, saved to checkpoints/etas_20260611-112802/best_model_1.pth
2026-06-11 11:29:18,835 INFO src.train.trainer: Last model at epoch 867 saved to checkpoints/etas_20260611-112802/last_model_1.pth
2026-06-11 11:29:18,835 INFO src.train.trainer: Epoch 868
2026-06-11 11:29:18,920 INFO src.train.trainer: New best validation loss: -5.0950, saved to checkpoints/etas_20260611-112802/best_model_1.pth
2026-06-11 11:29:18,923 INFO src.train.trainer: Last model at epoch 868 saved to checkpoints/etas_20260611-112802/last_model_1.pth
2026-06-11 11:29:18,923 INFO src.train.trainer: Epoch 869
2026-06-11 11:29:19,007 INFO src.train.trainer: New best validation loss: -5.0952, saved to checkpoints/etas_20260611-112802/best_model_1.pth
2026-06-11 11:29:19,010 INFO src.train.trainer: Last model at epoch 869 saved to checkpoints/etas_20260611-112802/last_model_1.pth
2026-06-11 11:29:19,011 INFO src.train.trainer: Epoch 870
2026-06-11 11:29:19,094 INFO src.train.trainer: New best validation loss: -5.0953, saved to checkpoints/etas_20260611-112802/best_model_1.pth
2026-06-11 11:29:19,097 INFO src.train.trainer: Last model at epoch 870 saved to checkpoints/etas_20260611-112802/last_model_1.pth
2026-06-11 11:29:19,097 INFO src.train.trainer: Epoch 871
2026-06-11 11:29:19,180 INFO src.train.trainer: New best validation loss: -5.0955, saved to checkpoints/etas_20260611-112802/best_model_1.pth
2026-06-11 11:29:19,183 INFO src.train.trainer: Last model at epoch 871 saved to checkpoints/etas_20260611-112802/last_model_1.pth
2026-06-11 11:29:19,183 INFO src.train.trainer: Epoch 872
2026-06-11 11:29:19,266 INFO src.train.trainer: New best validation loss: -5.0956, saved to checkpoints/etas_20260611-112802/best_model_1.pth
2026-06-11 11:29:19,269 INFO src.train.trainer: Last model at epoch 872 saved to checkpoints/etas_20260611-112802/last_model_1.pth
2026-06-11 11:29:19,269 INFO src.train.trainer: Epoch 873
2026-06-11 11:29:19,352 INFO src.train.trainer: New best validation loss: -5.0957, saved to checkpoints/etas_20260611-112802/best_model_1.pth
2026-06-11 11:29:19,356 INFO src.train.trainer: Last model at epoch 873 saved to checkpoints/etas_20260611-112802/last_model_1.pth
2026-06-11 11:29:19,356 INFO src.train.trainer: Epoch 874
2026-06-11 11:29:19,440 INFO src.train.trainer: New best validation loss: -5.0959, saved to checkpoints/etas_20260611-112802/best_model_1.pth
2026-06-11 11:29:19,443 INFO src.train.trainer: Last model at epoch 874 saved to checkpoints/etas_20260611-112802/last_model_1.pth
2026-06-11 11:29:19,443 INFO src.train.trainer: Epoch 875
2026-06-11 11:29:19,526 INFO src.train.trainer: New best validation loss: -5.0960, saved to checkpoints/etas_20260611-112802/best_model_1.pth
2026-06-11 11:29:19,530 INFO src.train.trainer: Last model at epoch 875 saved to checkpoints/etas_20260611-112802/last_model_1.pth
2026-06-11 11:29:19,530 INFO src.train.trainer: Epoch 876
2026-06-11 11:29:19,613 INFO src.train.trainer: New best validation loss: -5.0961, saved to checkpoints/etas_20260611-112802/best_model_1.pth
2026-06-11 11:29:19,616 INFO src.train.trainer: Last model at epoch 876 saved to checkpoints/etas_20260611-112802/last_model_1.pth
2026-06-11 11:29:19,616 INFO src.train.trainer: Epoch 877
2026-06-11 11:29:19,700 INFO src.train.trainer: New best validation loss: -5.0963, saved to checkpoints/etas_20260611-112802/best_model_1.pth
2026-06-11 11:29:19,703 INFO src.train.trainer: Last model at epoch 877 saved to checkpoints/etas_20260611-112802/last_model_1.pth
2026-06-11 11:29:19,703 INFO src.train.trainer: Epoch 878
2026-06-11 11:29:19,786 INFO src.train.trainer: New best validation loss: -5.0964, saved to checkpoints/etas_20260611-112802/best_model_1.pth
2026-06-11 11:29:19,789 INFO src.train.trainer: Last model at epoch 878 saved to checkpoints/etas_20260611-112802/last_model_1.pth
2026-06-11 11:29:19,789 INFO src.train.trainer: Epoch 879
2026-06-11 11:29:19,872 INFO src.train.trainer: New best validation loss: -5.0966, saved to checkpoints/etas_20260611-112802/best_model_1.pth
2026-06-11 11:29:19,875 INFO src.train.trainer: Last model at epoch 879 saved to checkpoints/etas_20260611-112802/last_model_1.pth
2026-06-11 11:29:19,875 INFO src.train.trainer: Epoch 880
2026-06-11 11:29:19,957 INFO src.train.trainer: New best validation loss: -5.0966, saved to checkpoints/etas_20260611-112802/best_model_1.pth
2026-06-11 11:29:19,960 INFO src.train.trainer: Last model at epoch 880 saved to checkpoints/etas_20260611-112802/last_model_1.pth
2026-06-11 11:29:19,961 INFO src.train.trainer: Epoch 881
2026-06-11 11:29:20,044 INFO src.train.trainer: New best validation loss: -5.0968, saved to checkpoints/etas_20260611-112802/best_model_1.pth
2026-06-11 11:29:20,047 INFO src.train.trainer: Last model at epoch 881 saved to checkpoints/etas_20260611-112802/last_model_1.pth
2026-06-11 11:29:20,047 INFO src.train.trainer: Epoch 882
2026-06-11 11:29:20,131 INFO src.train.trainer: New best validation loss: -5.0969, saved to checkpoints/etas_20260611-112802/best_model_1.pth
2026-06-11 11:29:20,134 INFO src.train.trainer: Last model at epoch 882 saved to checkpoints/etas_20260611-112802/last_model_1.pth
2026-06-11 11:29:20,134 INFO src.train.trainer: Epoch 883
2026-06-11 11:29:20,217 INFO src.train.trainer: New best validation loss: -5.0970, saved to checkpoints/etas_20260611-112802/best_model_1.pth
2026-06-11 11:29:20,220 INFO src.train.trainer: Last model at epoch 883 saved to checkpoints/etas_20260611-112802/last_model_1.pth
2026-06-11 11:29:20,220 INFO src.train.trainer: Epoch 884
2026-06-11 11:29:20,303 INFO src.train.trainer: New best validation loss: -5.0972, saved to checkpoints/etas_20260611-112802/best_model_1.pth
2026-06-11 11:29:20,307 INFO src.train.trainer: Last model at epoch 884 saved to checkpoints/etas_20260611-112802/last_model_1.pth
2026-06-11 11:29:20,307 INFO src.train.trainer: Epoch 885
2026-06-11 11:29:20,391 INFO src.train.trainer: New best validation loss: -5.0973, saved to checkpoints/etas_20260611-112802/best_model_1.pth
2026-06-11 11:29:20,394 INFO src.train.trainer: Last model at epoch 885 saved to checkpoints/etas_20260611-112802/last_model_1.pth
2026-06-11 11:29:20,394 INFO src.train.trainer: Epoch 886
2026-06-11 11:29:20,478 INFO src.train.trainer: New best validation loss: -5.0975, saved to checkpoints/etas_20260611-112802/best_model_1.pth
2026-06-11 11:29:20,481 INFO src.train.trainer: Last model at epoch 886 saved to checkpoints/etas_20260611-112802/last_model_1.pth
2026-06-11 11:29:20,481 INFO src.train.trainer: Epoch 887
2026-06-11 11:29:20,568 INFO src.train.trainer: New best validation loss: -5.0976, saved to checkpoints/etas_20260611-112802/best_model_1.pth
2026-06-11 11:29:20,571 INFO src.train.trainer: Last model at epoch 887 saved to checkpoints/etas_20260611-112802/last_model_1.pth
2026-06-11 11:29:20,572 INFO src.train.trainer: Epoch 888
2026-06-11 11:29:20,657 INFO src.train.trainer: New best validation loss: -5.0977, saved to checkpoints/etas_20260611-112802/best_model_1.pth
2026-06-11 11:29:20,660 INFO src.train.trainer: Last model at epoch 888 saved to checkpoints/etas_20260611-112802/last_model_1.pth
2026-06-11 11:29:20,661 INFO src.train.trainer: Epoch 889
2026-06-11 11:29:20,745 INFO src.train.trainer: New best validation loss: -5.0979, saved to checkpoints/etas_20260611-112802/best_model_1.pth
2026-06-11 11:29:20,748 INFO src.train.trainer: Last model at epoch 889 saved to checkpoints/etas_20260611-112802/last_model_1.pth
2026-06-11 11:29:20,748 INFO src.train.trainer: Epoch 890
2026-06-11 11:29:20,832 INFO src.train.trainer: New best validation loss: -5.0980, saved to checkpoints/etas_20260611-112802/best_model_1.pth
2026-06-11 11:29:20,835 INFO src.train.trainer: Last model at epoch 890 saved to checkpoints/etas_20260611-112802/last_model_1.pth
2026-06-11 11:29:20,835 INFO src.train.trainer: Epoch 891
2026-06-11 11:29:20,919 INFO src.train.trainer: New best validation loss: -5.0981, saved to checkpoints/etas_20260611-112802/best_model_1.pth
2026-06-11 11:29:20,923 INFO src.train.trainer: Last model at epoch 891 saved to checkpoints/etas_20260611-112802/last_model_1.pth
2026-06-11 11:29:20,923 INFO src.train.trainer: Epoch 892
2026-06-11 11:29:21,008 INFO src.train.trainer: New best validation loss: -5.0982, saved to checkpoints/etas_20260611-112802/best_model_1.pth
2026-06-11 11:29:21,011 INFO src.train.trainer: Last model at epoch 892 saved to checkpoints/etas_20260611-112802/last_model_1.pth
2026-06-11 11:29:21,011 INFO src.train.trainer: Epoch 893
2026-06-11 11:29:21,094 INFO src.train.trainer: New best validation loss: -5.0984, saved to checkpoints/etas_20260611-112802/best_model_1.pth
2026-06-11 11:29:21,097 INFO src.train.trainer: Last model at epoch 893 saved to checkpoints/etas_20260611-112802/last_model_1.pth
2026-06-11 11:29:21,097 INFO src.train.trainer: Epoch 894
2026-06-11 11:29:21,181 INFO src.train.trainer: New best validation loss: -5.0985, saved to checkpoints/etas_20260611-112802/best_model_1.pth
2026-06-11 11:29:21,184 INFO src.train.trainer: Last model at epoch 894 saved to checkpoints/etas_20260611-112802/last_model_1.pth
2026-06-11 11:29:21,184 INFO src.train.trainer: Epoch 895
2026-06-11 11:29:21,267 INFO src.train.trainer: New best validation loss: -5.0987, saved to checkpoints/etas_20260611-112802/best_model_1.pth
2026-06-11 11:29:21,271 INFO src.train.trainer: Last model at epoch 895 saved to checkpoints/etas_20260611-112802/last_model_1.pth
2026-06-11 11:29:21,271 INFO src.train.trainer: Epoch 896
2026-06-11 11:29:21,355 INFO src.train.trainer: New best validation loss: -5.0988, saved to checkpoints/etas_20260611-112802/best_model_1.pth
2026-06-11 11:29:21,358 INFO src.train.trainer: Last model at epoch 896 saved to checkpoints/etas_20260611-112802/last_model_1.pth
2026-06-11 11:29:21,358 INFO src.train.trainer: Epoch 897
2026-06-11 11:29:21,442 INFO src.train.trainer: New best validation loss: -5.0989, saved to checkpoints/etas_20260611-112802/best_model_1.pth
2026-06-11 11:29:21,445 INFO src.train.trainer: Last model at epoch 897 saved to checkpoints/etas_20260611-112802/last_model_1.pth
2026-06-11 11:29:21,445 INFO src.train.trainer: Epoch 898
2026-06-11 11:29:21,530 INFO src.train.trainer: New best validation loss: -5.0991, saved to checkpoints/etas_20260611-112802/best_model_1.pth
2026-06-11 11:29:21,533 INFO src.train.trainer: Last model at epoch 898 saved to checkpoints/etas_20260611-112802/last_model_1.pth
2026-06-11 11:29:21,533 INFO src.train.trainer: Epoch 899
2026-06-11 11:29:21,616 INFO src.train.trainer: New best validation loss: -5.0992, saved to checkpoints/etas_20260611-112802/best_model_1.pth
2026-06-11 11:29:21,620 INFO src.train.trainer: Last model at epoch 899 saved to checkpoints/etas_20260611-112802/last_model_1.pth
2026-06-11 11:29:21,620 INFO src.train.trainer: Epoch 900
2026-06-11 11:29:21,703 INFO src.train.trainer: New best validation loss: -5.0993, saved to checkpoints/etas_20260611-112802/best_model_1.pth
2026-06-11 11:29:21,707 INFO src.train.trainer: Last model at epoch 900 saved to checkpoints/etas_20260611-112802/last_model_1.pth
2026-06-11 11:29:21,707 INFO src.train.trainer: Epoch 901
2026-06-11 11:29:21,790 INFO src.train.trainer: New best validation loss: -5.0994, saved to checkpoints/etas_20260611-112802/best_model_1.pth
2026-06-11 11:29:21,793 INFO src.train.trainer: Last model at epoch 901 saved to checkpoints/etas_20260611-112802/last_model_1.pth
2026-06-11 11:29:21,793 INFO src.train.trainer: Epoch 902
2026-06-11 11:29:21,877 INFO src.train.trainer: New best validation loss: -5.0995, saved to checkpoints/etas_20260611-112802/best_model_1.pth
2026-06-11 11:29:21,881 INFO src.train.trainer: Last model at epoch 902 saved to checkpoints/etas_20260611-112802/last_model_1.pth
2026-06-11 11:29:21,881 INFO src.train.trainer: Epoch 903
2026-06-11 11:29:21,964 INFO src.train.trainer: New best validation loss: -5.0996, saved to checkpoints/etas_20260611-112802/best_model_1.pth
2026-06-11 11:29:21,967 INFO src.train.trainer: Last model at epoch 903 saved to checkpoints/etas_20260611-112802/last_model_1.pth
2026-06-11 11:29:21,967 INFO src.train.trainer: Epoch 904
2026-06-11 11:29:22,051 INFO src.train.trainer: New best validation loss: -5.0997, saved to checkpoints/etas_20260611-112802/best_model_1.pth
2026-06-11 11:29:22,054 INFO src.train.trainer: Last model at epoch 904 saved to checkpoints/etas_20260611-112802/last_model_1.pth
2026-06-11 11:29:22,054 INFO src.train.trainer: Epoch 905
2026-06-11 11:29:22,139 INFO src.train.trainer: New best validation loss: -5.0999, saved to checkpoints/etas_20260611-112802/best_model_1.pth
2026-06-11 11:29:22,142 INFO src.train.trainer: Last model at epoch 905 saved to checkpoints/etas_20260611-112802/last_model_1.pth
2026-06-11 11:29:22,142 INFO src.train.trainer: Epoch 906
2026-06-11 11:29:22,227 INFO src.train.trainer: New best validation loss: -5.1000, saved to checkpoints/etas_20260611-112802/best_model_1.pth
2026-06-11 11:29:22,230 INFO src.train.trainer: Last model at epoch 906 saved to checkpoints/etas_20260611-112802/last_model_1.pth
2026-06-11 11:29:22,230 INFO src.train.trainer: Epoch 907
2026-06-11 11:29:22,315 INFO src.train.trainer: New best validation loss: -5.1001, saved to checkpoints/etas_20260611-112802/best_model_1.pth
2026-06-11 11:29:22,318 INFO src.train.trainer: Last model at epoch 907 saved to checkpoints/etas_20260611-112802/last_model_1.pth
2026-06-11 11:29:22,319 INFO src.train.trainer: Epoch 908
2026-06-11 11:29:22,402 INFO src.train.trainer: New best validation loss: -5.1002, saved to checkpoints/etas_20260611-112802/best_model_1.pth
2026-06-11 11:29:22,405 INFO src.train.trainer: Last model at epoch 908 saved to checkpoints/etas_20260611-112802/last_model_1.pth
2026-06-11 11:29:22,405 INFO src.train.trainer: Epoch 909
2026-06-11 11:29:22,489 INFO src.train.trainer: New best validation loss: -5.1003, saved to checkpoints/etas_20260611-112802/best_model_1.pth
2026-06-11 11:29:22,492 INFO src.train.trainer: Last model at epoch 909 saved to checkpoints/etas_20260611-112802/last_model_1.pth
2026-06-11 11:29:22,493 INFO src.train.trainer: Epoch 910
2026-06-11 11:29:22,577 INFO src.train.trainer: New best validation loss: -5.1004, saved to checkpoints/etas_20260611-112802/best_model_1.pth
2026-06-11 11:29:22,580 INFO src.train.trainer: Last model at epoch 910 saved to checkpoints/etas_20260611-112802/last_model_1.pth
2026-06-11 11:29:22,580 INFO src.train.trainer: Epoch 911
2026-06-11 11:29:22,664 INFO src.train.trainer: New best validation loss: -5.1005, saved to checkpoints/etas_20260611-112802/best_model_1.pth
2026-06-11 11:29:22,668 INFO src.train.trainer: Last model at epoch 911 saved to checkpoints/etas_20260611-112802/last_model_1.pth
2026-06-11 11:29:22,668 INFO src.train.trainer: Epoch 912
2026-06-11 11:29:22,752 INFO src.train.trainer: New best validation loss: -5.1006, saved to checkpoints/etas_20260611-112802/best_model_1.pth
2026-06-11 11:29:22,755 INFO src.train.trainer: Last model at epoch 912 saved to checkpoints/etas_20260611-112802/last_model_1.pth
2026-06-11 11:29:22,755 INFO src.train.trainer: Epoch 913
2026-06-11 11:29:22,838 INFO src.train.trainer: New best validation loss: -5.1007, saved to checkpoints/etas_20260611-112802/best_model_1.pth
2026-06-11 11:29:22,841 INFO src.train.trainer: Last model at epoch 913 saved to checkpoints/etas_20260611-112802/last_model_1.pth
2026-06-11 11:29:22,841 INFO src.train.trainer: Epoch 914
2026-06-11 11:29:22,925 INFO src.train.trainer: New best validation loss: -5.1008, saved to checkpoints/etas_20260611-112802/best_model_1.pth
2026-06-11 11:29:22,928 INFO src.train.trainer: Last model at epoch 914 saved to checkpoints/etas_20260611-112802/last_model_1.pth
2026-06-11 11:29:22,929 INFO src.train.trainer: Epoch 915
2026-06-11 11:29:23,013 INFO src.train.trainer: New best validation loss: -5.1009, saved to checkpoints/etas_20260611-112802/best_model_1.pth
2026-06-11 11:29:23,016 INFO src.train.trainer: Last model at epoch 915 saved to checkpoints/etas_20260611-112802/last_model_1.pth
2026-06-11 11:29:23,016 INFO src.train.trainer: Epoch 916
2026-06-11 11:29:23,100 INFO src.train.trainer: New best validation loss: -5.1010, saved to checkpoints/etas_20260611-112802/best_model_1.pth
2026-06-11 11:29:23,104 INFO src.train.trainer: Last model at epoch 916 saved to checkpoints/etas_20260611-112802/last_model_1.pth
2026-06-11 11:29:23,104 INFO src.train.trainer: Epoch 917
2026-06-11 11:29:23,188 INFO src.train.trainer: New best validation loss: -5.1011, saved to checkpoints/etas_20260611-112802/best_model_1.pth
2026-06-11 11:29:23,191 INFO src.train.trainer: Last model at epoch 917 saved to checkpoints/etas_20260611-112802/last_model_1.pth
2026-06-11 11:29:23,191 INFO src.train.trainer: Epoch 918
2026-06-11 11:29:23,274 INFO src.train.trainer: New best validation loss: -5.1012, saved to checkpoints/etas_20260611-112802/best_model_1.pth
2026-06-11 11:29:23,277 INFO src.train.trainer: Last model at epoch 918 saved to checkpoints/etas_20260611-112802/last_model_1.pth
2026-06-11 11:29:23,277 INFO src.train.trainer: Epoch 919
2026-06-11 11:29:23,360 INFO src.train.trainer: New best validation loss: -5.1014, saved to checkpoints/etas_20260611-112802/best_model_1.pth
2026-06-11 11:29:23,363 INFO src.train.trainer: Last model at epoch 919 saved to checkpoints/etas_20260611-112802/last_model_1.pth
2026-06-11 11:29:23,364 INFO src.train.trainer: Epoch 920
2026-06-11 11:29:23,448 INFO src.train.trainer: New best validation loss: -5.1015, saved to checkpoints/etas_20260611-112802/best_model_1.pth
2026-06-11 11:29:23,451 INFO src.train.trainer: Last model at epoch 920 saved to checkpoints/etas_20260611-112802/last_model_1.pth
2026-06-11 11:29:23,451 INFO src.train.trainer: Epoch 921
2026-06-11 11:29:23,534 INFO src.train.trainer: New best validation loss: -5.1016, saved to checkpoints/etas_20260611-112802/best_model_1.pth
2026-06-11 11:29:23,537 INFO src.train.trainer: Last model at epoch 921 saved to checkpoints/etas_20260611-112802/last_model_1.pth
2026-06-11 11:29:23,537 INFO src.train.trainer: Epoch 922
2026-06-11 11:29:23,621 INFO src.train.trainer: New best validation loss: -5.1017, saved to checkpoints/etas_20260611-112802/best_model_1.pth
2026-06-11 11:29:23,624 INFO src.train.trainer: Last model at epoch 922 saved to checkpoints/etas_20260611-112802/last_model_1.pth
2026-06-11 11:29:23,624 INFO src.train.trainer: Epoch 923
2026-06-11 11:29:23,707 INFO src.train.trainer: New best validation loss: -5.1018, saved to checkpoints/etas_20260611-112802/best_model_1.pth
2026-06-11 11:29:23,711 INFO src.train.trainer: Last model at epoch 923 saved to checkpoints/etas_20260611-112802/last_model_1.pth
2026-06-11 11:29:23,711 INFO src.train.trainer: Epoch 924
2026-06-11 11:29:23,794 INFO src.train.trainer: New best validation loss: -5.1019, saved to checkpoints/etas_20260611-112802/best_model_1.pth
2026-06-11 11:29:23,798 INFO src.train.trainer: Last model at epoch 924 saved to checkpoints/etas_20260611-112802/last_model_1.pth
2026-06-11 11:29:23,798 INFO src.train.trainer: Epoch 925
2026-06-11 11:29:23,881 INFO src.train.trainer: New best validation loss: -5.1020, saved to checkpoints/etas_20260611-112802/best_model_1.pth
2026-06-11 11:29:23,885 INFO src.train.trainer: Last model at epoch 925 saved to checkpoints/etas_20260611-112802/last_model_1.pth
2026-06-11 11:29:23,885 INFO src.train.trainer: Epoch 926
2026-06-11 11:29:23,969 INFO src.train.trainer: New best validation loss: -5.1021, saved to checkpoints/etas_20260611-112802/best_model_1.pth
2026-06-11 11:29:23,973 INFO src.train.trainer: Last model at epoch 926 saved to checkpoints/etas_20260611-112802/last_model_1.pth
2026-06-11 11:29:23,973 INFO src.train.trainer: Epoch 927
2026-06-11 11:29:24,058 INFO src.train.trainer: New best validation loss: -5.1022, saved to checkpoints/etas_20260611-112802/best_model_1.pth
2026-06-11 11:29:24,062 INFO src.train.trainer: Last model at epoch 927 saved to checkpoints/etas_20260611-112802/last_model_1.pth
2026-06-11 11:29:24,062 INFO src.train.trainer: Epoch 928
2026-06-11 11:29:24,146 INFO src.train.trainer: New best validation loss: -5.1023, saved to checkpoints/etas_20260611-112802/best_model_1.pth
2026-06-11 11:29:24,150 INFO src.train.trainer: Last model at epoch 928 saved to checkpoints/etas_20260611-112802/last_model_1.pth
2026-06-11 11:29:24,150 INFO src.train.trainer: Epoch 929
2026-06-11 11:29:24,233 INFO src.train.trainer: New best validation loss: -5.1024, saved to checkpoints/etas_20260611-112802/best_model_1.pth
2026-06-11 11:29:24,236 INFO src.train.trainer: Last model at epoch 929 saved to checkpoints/etas_20260611-112802/last_model_1.pth
2026-06-11 11:29:24,237 INFO src.train.trainer: Epoch 930
2026-06-11 11:29:24,319 INFO src.train.trainer: New best validation loss: -5.1025, saved to checkpoints/etas_20260611-112802/best_model_1.pth
2026-06-11 11:29:24,323 INFO src.train.trainer: Last model at epoch 930 saved to checkpoints/etas_20260611-112802/last_model_1.pth
2026-06-11 11:29:24,323 INFO src.train.trainer: Epoch 931
2026-06-11 11:29:24,406 INFO src.train.trainer: New best validation loss: -5.1027, saved to checkpoints/etas_20260611-112802/best_model_1.pth
2026-06-11 11:29:24,409 INFO src.train.trainer: Last model at epoch 931 saved to checkpoints/etas_20260611-112802/last_model_1.pth
2026-06-11 11:29:24,410 INFO src.train.trainer: Epoch 932
2026-06-11 11:29:24,493 INFO src.train.trainer: New best validation loss: -5.1028, saved to checkpoints/etas_20260611-112802/best_model_1.pth
2026-06-11 11:29:24,496 INFO src.train.trainer: Last model at epoch 932 saved to checkpoints/etas_20260611-112802/last_model_1.pth
2026-06-11 11:29:24,496 INFO src.train.trainer: Epoch 933
2026-06-11 11:29:24,580 INFO src.train.trainer: New best validation loss: -5.1029, saved to checkpoints/etas_20260611-112802/best_model_1.pth
2026-06-11 11:29:24,583 INFO src.train.trainer: Last model at epoch 933 saved to checkpoints/etas_20260611-112802/last_model_1.pth
2026-06-11 11:29:24,583 INFO src.train.trainer: Epoch 934
2026-06-11 11:29:24,668 INFO src.train.trainer: New best validation loss: -5.1030, saved to checkpoints/etas_20260611-112802/best_model_1.pth
2026-06-11 11:29:24,671 INFO src.train.trainer: Last model at epoch 934 saved to checkpoints/etas_20260611-112802/last_model_1.pth
2026-06-11 11:29:24,671 INFO src.train.trainer: Epoch 935
2026-06-11 11:29:24,754 INFO src.train.trainer: New best validation loss: -5.1031, saved to checkpoints/etas_20260611-112802/best_model_1.pth
2026-06-11 11:29:24,757 INFO src.train.trainer: Last model at epoch 935 saved to checkpoints/etas_20260611-112802/last_model_1.pth
2026-06-11 11:29:24,758 INFO src.train.trainer: Epoch 936
2026-06-11 11:29:24,841 INFO src.train.trainer: New best validation loss: -5.1032, saved to checkpoints/etas_20260611-112802/best_model_1.pth
2026-06-11 11:29:24,844 INFO src.train.trainer: Last model at epoch 936 saved to checkpoints/etas_20260611-112802/last_model_1.pth
2026-06-11 11:29:24,844 INFO src.train.trainer: Epoch 937
2026-06-11 11:29:24,928 INFO src.train.trainer: New best validation loss: -5.1033, saved to checkpoints/etas_20260611-112802/best_model_1.pth
2026-06-11 11:29:24,931 INFO src.train.trainer: Last model at epoch 937 saved to checkpoints/etas_20260611-112802/last_model_1.pth
2026-06-11 11:29:24,931 INFO src.train.trainer: Epoch 938
2026-06-11 11:29:25,015 INFO src.train.trainer: New best validation loss: -5.1034, saved to checkpoints/etas_20260611-112802/best_model_1.pth
2026-06-11 11:29:25,019 INFO src.train.trainer: Last model at epoch 938 saved to checkpoints/etas_20260611-112802/last_model_1.pth
2026-06-11 11:29:25,019 INFO src.train.trainer: Epoch 939
2026-06-11 11:29:25,105 INFO src.train.trainer: New best validation loss: -5.1035, saved to checkpoints/etas_20260611-112802/best_model_1.pth
2026-06-11 11:29:25,109 INFO src.train.trainer: Last model at epoch 939 saved to checkpoints/etas_20260611-112802/last_model_1.pth
2026-06-11 11:29:25,109 INFO src.train.trainer: Epoch 940
2026-06-11 11:29:25,193 INFO src.train.trainer: New best validation loss: -5.1036, saved to checkpoints/etas_20260611-112802/best_model_1.pth
2026-06-11 11:29:25,196 INFO src.train.trainer: Last model at epoch 940 saved to checkpoints/etas_20260611-112802/last_model_1.pth
2026-06-11 11:29:25,196 INFO src.train.trainer: Epoch 941
2026-06-11 11:29:25,280 INFO src.train.trainer: New best validation loss: -5.1037, saved to checkpoints/etas_20260611-112802/best_model_1.pth
2026-06-11 11:29:25,283 INFO src.train.trainer: Last model at epoch 941 saved to checkpoints/etas_20260611-112802/last_model_1.pth
2026-06-11 11:29:25,283 INFO src.train.trainer: Epoch 942
2026-06-11 11:29:25,366 INFO src.train.trainer: New best validation loss: -5.1038, saved to checkpoints/etas_20260611-112802/best_model_1.pth
2026-06-11 11:29:25,369 INFO src.train.trainer: Last model at epoch 942 saved to checkpoints/etas_20260611-112802/last_model_1.pth
2026-06-11 11:29:25,370 INFO src.train.trainer: Epoch 943
2026-06-11 11:29:25,453 INFO src.train.trainer: New best validation loss: -5.1039, saved to checkpoints/etas_20260611-112802/best_model_1.pth
2026-06-11 11:29:25,457 INFO src.train.trainer: Last model at epoch 943 saved to checkpoints/etas_20260611-112802/last_model_1.pth
2026-06-11 11:29:25,457 INFO src.train.trainer: Epoch 944
2026-06-11 11:29:25,541 INFO src.train.trainer: New best validation loss: -5.1040, saved to checkpoints/etas_20260611-112802/best_model_1.pth
2026-06-11 11:29:25,544 INFO src.train.trainer: Last model at epoch 944 saved to checkpoints/etas_20260611-112802/last_model_1.pth
2026-06-11 11:29:25,544 INFO src.train.trainer: Epoch 945
2026-06-11 11:29:25,629 INFO src.train.trainer: New best validation loss: -5.1042, saved to checkpoints/etas_20260611-112802/best_model_1.pth
2026-06-11 11:29:25,632 INFO src.train.trainer: Last model at epoch 945 saved to checkpoints/etas_20260611-112802/last_model_1.pth
2026-06-11 11:29:25,632 INFO src.train.trainer: Epoch 946
2026-06-11 11:29:25,715 INFO src.train.trainer: New best validation loss: -5.1043, saved to checkpoints/etas_20260611-112802/best_model_1.pth
2026-06-11 11:29:25,718 INFO src.train.trainer: Last model at epoch 946 saved to checkpoints/etas_20260611-112802/last_model_1.pth
2026-06-11 11:29:25,718 INFO src.train.trainer: Epoch 947
2026-06-11 11:29:25,801 INFO src.train.trainer: New best validation loss: -5.1044, saved to checkpoints/etas_20260611-112802/best_model_1.pth
2026-06-11 11:29:25,805 INFO src.train.trainer: Last model at epoch 947 saved to checkpoints/etas_20260611-112802/last_model_1.pth
2026-06-11 11:29:25,805 INFO src.train.trainer: Epoch 948
2026-06-11 11:29:25,887 INFO src.train.trainer: New best validation loss: -5.1045, saved to checkpoints/etas_20260611-112802/best_model_1.pth
2026-06-11 11:29:25,891 INFO src.train.trainer: Last model at epoch 948 saved to checkpoints/etas_20260611-112802/last_model_1.pth
2026-06-11 11:29:25,891 INFO src.train.trainer: Epoch 949
2026-06-11 11:29:25,973 INFO src.train.trainer: New best validation loss: -5.1046, saved to checkpoints/etas_20260611-112802/best_model_1.pth
2026-06-11 11:29:25,976 INFO src.train.trainer: Last model at epoch 949 saved to checkpoints/etas_20260611-112802/last_model_1.pth
2026-06-11 11:29:25,976 INFO src.train.trainer: Epoch 950
2026-06-11 11:29:26,058 INFO src.train.trainer: New best validation loss: -5.1047, saved to checkpoints/etas_20260611-112802/best_model_1.pth
2026-06-11 11:29:26,062 INFO src.train.trainer: Last model at epoch 950 saved to checkpoints/etas_20260611-112802/last_model_1.pth
2026-06-11 11:29:26,062 INFO src.train.trainer: Epoch 951
2026-06-11 11:29:26,145 INFO src.train.trainer: New best validation loss: -5.1048, saved to checkpoints/etas_20260611-112802/best_model_1.pth
2026-06-11 11:29:26,148 INFO src.train.trainer: Last model at epoch 951 saved to checkpoints/etas_20260611-112802/last_model_1.pth
2026-06-11 11:29:26,148 INFO src.train.trainer: Epoch 952
2026-06-11 11:29:26,231 INFO src.train.trainer: New best validation loss: -5.1049, saved to checkpoints/etas_20260611-112802/best_model_1.pth
2026-06-11 11:29:26,234 INFO src.train.trainer: Last model at epoch 952 saved to checkpoints/etas_20260611-112802/last_model_1.pth
2026-06-11 11:29:26,234 INFO src.train.trainer: Epoch 953
2026-06-11 11:29:26,317 INFO src.train.trainer: New best validation loss: -5.1050, saved to checkpoints/etas_20260611-112802/best_model_1.pth
2026-06-11 11:29:26,321 INFO src.train.trainer: Last model at epoch 953 saved to checkpoints/etas_20260611-112802/last_model_1.pth
2026-06-11 11:29:26,321 INFO src.train.trainer: Epoch 954
2026-06-11 11:29:26,404 INFO src.train.trainer: New best validation loss: -5.1051, saved to checkpoints/etas_20260611-112802/best_model_1.pth
2026-06-11 11:29:26,407 INFO src.train.trainer: Last model at epoch 954 saved to checkpoints/etas_20260611-112802/last_model_1.pth
2026-06-11 11:29:26,407 INFO src.train.trainer: Epoch 955
2026-06-11 11:29:26,489 INFO src.train.trainer: New best validation loss: -5.1053, saved to checkpoints/etas_20260611-112802/best_model_1.pth
2026-06-11 11:29:26,493 INFO src.train.trainer: Last model at epoch 955 saved to checkpoints/etas_20260611-112802/last_model_1.pth
2026-06-11 11:29:26,493 INFO src.train.trainer: Epoch 956
2026-06-11 11:29:26,575 INFO src.train.trainer: New best validation loss: -5.1053, saved to checkpoints/etas_20260611-112802/best_model_1.pth
2026-06-11 11:29:26,579 INFO src.train.trainer: Last model at epoch 956 saved to checkpoints/etas_20260611-112802/last_model_1.pth
2026-06-11 11:29:26,579 INFO src.train.trainer: Epoch 957
2026-06-11 11:29:26,662 INFO src.train.trainer: New best validation loss: -5.1055, saved to checkpoints/etas_20260611-112802/best_model_1.pth
2026-06-11 11:29:26,665 INFO src.train.trainer: Last model at epoch 957 saved to checkpoints/etas_20260611-112802/last_model_1.pth
2026-06-11 11:29:26,665 INFO src.train.trainer: Epoch 958
2026-06-11 11:29:26,751 INFO src.train.trainer: Last model at epoch 958 saved to checkpoints/etas_20260611-112802/last_model_1.pth
2026-06-11 11:29:26,751 INFO src.train.trainer: Epoch 959
2026-06-11 11:29:26,839 INFO src.train.trainer: New best validation loss: -5.1058, saved to checkpoints/etas_20260611-112802/best_model_1.pth
2026-06-11 11:29:26,843 INFO src.train.trainer: Last model at epoch 959 saved to checkpoints/etas_20260611-112802/last_model_1.pth
2026-06-11 11:29:26,843 INFO src.train.trainer: Epoch 960
2026-06-11 11:29:26,928 INFO src.train.trainer: Last model at epoch 960 saved to checkpoints/etas_20260611-112802/last_model_1.pth
2026-06-11 11:29:26,928 INFO src.train.trainer: Epoch 961
2026-06-11 11:29:27,014 INFO src.train.trainer: New best validation loss: -5.1060, saved to checkpoints/etas_20260611-112802/best_model_1.pth
2026-06-11 11:29:27,017 INFO src.train.trainer: Last model at epoch 961 saved to checkpoints/etas_20260611-112802/last_model_1.pth
2026-06-11 11:29:27,017 INFO src.train.trainer: Epoch 962
2026-06-11 11:29:27,102 INFO src.train.trainer: Last model at epoch 962 saved to checkpoints/etas_20260611-112802/last_model_1.pth
2026-06-11 11:29:27,102 INFO src.train.trainer: Epoch 963
2026-06-11 11:29:27,185 INFO src.train.trainer: New best validation loss: -5.1060, saved to checkpoints/etas_20260611-112802/best_model_1.pth
2026-06-11 11:29:27,189 INFO src.train.trainer: Last model at epoch 963 saved to checkpoints/etas_20260611-112802/last_model_1.pth
2026-06-11 11:29:27,189 INFO src.train.trainer: Epoch 964
2026-06-11 11:29:27,273 INFO src.train.trainer: New best validation loss: -5.1063, saved to checkpoints/etas_20260611-112802/best_model_1.pth
2026-06-11 11:29:27,276 INFO src.train.trainer: Last model at epoch 964 saved to checkpoints/etas_20260611-112802/last_model_1.pth
2026-06-11 11:29:27,276 INFO src.train.trainer: Epoch 965
2026-06-11 11:29:27,360 INFO src.train.trainer: Last model at epoch 965 saved to checkpoints/etas_20260611-112802/last_model_1.pth
2026-06-11 11:29:27,360 INFO src.train.trainer: Epoch 966
2026-06-11 11:29:27,444 INFO src.train.trainer: New best validation loss: -5.1064, saved to checkpoints/etas_20260611-112802/best_model_1.pth
2026-06-11 11:29:27,447 INFO src.train.trainer: Last model at epoch 966 saved to checkpoints/etas_20260611-112802/last_model_1.pth
2026-06-11 11:29:27,447 INFO src.train.trainer: Epoch 967
2026-06-11 11:29:27,530 INFO src.train.trainer: New best validation loss: -5.1066, saved to checkpoints/etas_20260611-112802/best_model_1.pth
2026-06-11 11:29:27,534 INFO src.train.trainer: Last model at epoch 967 saved to checkpoints/etas_20260611-112802/last_model_1.pth
2026-06-11 11:29:27,534 INFO src.train.trainer: Epoch 968
2026-06-11 11:29:27,617 INFO src.train.trainer: Last model at epoch 968 saved to checkpoints/etas_20260611-112802/last_model_1.pth
2026-06-11 11:29:27,617 INFO src.train.trainer: Epoch 969
2026-06-11 11:29:27,701 INFO src.train.trainer: New best validation loss: -5.1068, saved to checkpoints/etas_20260611-112802/best_model_1.pth
2026-06-11 11:29:27,705 INFO src.train.trainer: Last model at epoch 969 saved to checkpoints/etas_20260611-112802/last_model_1.pth
2026-06-11 11:29:27,705 INFO src.train.trainer: Epoch 970
2026-06-11 11:29:27,789 INFO src.train.trainer: New best validation loss: -5.1068, saved to checkpoints/etas_20260611-112802/best_model_1.pth
2026-06-11 11:29:27,792 INFO src.train.trainer: Last model at epoch 970 saved to checkpoints/etas_20260611-112802/last_model_1.pth
2026-06-11 11:29:27,792 INFO src.train.trainer: Epoch 971
2026-06-11 11:29:27,875 INFO src.train.trainer: New best validation loss: -5.1069, saved to checkpoints/etas_20260611-112802/best_model_1.pth
2026-06-11 11:29:27,878 INFO src.train.trainer: Last model at epoch 971 saved to checkpoints/etas_20260611-112802/last_model_1.pth
2026-06-11 11:29:27,879 INFO src.train.trainer: Epoch 972
2026-06-11 11:29:27,962 INFO src.train.trainer: New best validation loss: -5.1071, saved to checkpoints/etas_20260611-112802/best_model_1.pth
2026-06-11 11:29:27,965 INFO src.train.trainer: Last model at epoch 972 saved to checkpoints/etas_20260611-112802/last_model_1.pth
2026-06-11 11:29:27,965 INFO src.train.trainer: Epoch 973
2026-06-11 11:29:28,048 INFO src.train.trainer: Last model at epoch 973 saved to checkpoints/etas_20260611-112802/last_model_1.pth
2026-06-11 11:29:28,048 INFO src.train.trainer: Epoch 974
2026-06-11 11:29:28,132 INFO src.train.trainer: New best validation loss: -5.1073, saved to checkpoints/etas_20260611-112802/best_model_1.pth
2026-06-11 11:29:28,135 INFO src.train.trainer: Last model at epoch 974 saved to checkpoints/etas_20260611-112802/last_model_1.pth
2026-06-11 11:29:28,136 INFO src.train.trainer: Epoch 975
2026-06-11 11:29:28,220 INFO src.train.trainer: New best validation loss: -5.1074, saved to checkpoints/etas_20260611-112802/best_model_1.pth
2026-06-11 11:29:28,224 INFO src.train.trainer: Last model at epoch 975 saved to checkpoints/etas_20260611-112802/last_model_1.pth
2026-06-11 11:29:28,224 INFO src.train.trainer: Epoch 976
2026-06-11 11:29:28,309 INFO src.train.trainer: Last model at epoch 976 saved to checkpoints/etas_20260611-112802/last_model_1.pth
2026-06-11 11:29:28,309 INFO src.train.trainer: Epoch 977
2026-06-11 11:29:28,395 INFO src.train.trainer: New best validation loss: -5.1076, saved to checkpoints/etas_20260611-112802/best_model_1.pth
2026-06-11 11:29:28,398 INFO src.train.trainer: Last model at epoch 977 saved to checkpoints/etas_20260611-112802/last_model_1.pth
2026-06-11 11:29:28,399 INFO src.train.trainer: Epoch 978
2026-06-11 11:29:28,484 INFO src.train.trainer: New best validation loss: -5.1077, saved to checkpoints/etas_20260611-112802/best_model_1.pth
2026-06-11 11:29:28,487 INFO src.train.trainer: Last model at epoch 978 saved to checkpoints/etas_20260611-112802/last_model_1.pth
2026-06-11 11:29:28,488 INFO src.train.trainer: Epoch 979
2026-06-11 11:29:28,574 INFO src.train.trainer: New best validation loss: -5.1078, saved to checkpoints/etas_20260611-112802/best_model_1.pth
2026-06-11 11:29:28,577 INFO src.train.trainer: Last model at epoch 979 saved to checkpoints/etas_20260611-112802/last_model_1.pth
2026-06-11 11:29:28,577 INFO src.train.trainer: Epoch 980
2026-06-11 11:29:28,664 INFO src.train.trainer: New best validation loss: -5.1080, saved to checkpoints/etas_20260611-112802/best_model_1.pth
2026-06-11 11:29:28,667 INFO src.train.trainer: Last model at epoch 980 saved to checkpoints/etas_20260611-112802/last_model_1.pth
2026-06-11 11:29:28,668 INFO src.train.trainer: Epoch 981
2026-06-11 11:29:28,753 INFO src.train.trainer: New best validation loss: -5.1080, saved to checkpoints/etas_20260611-112802/best_model_1.pth
2026-06-11 11:29:28,756 INFO src.train.trainer: Last model at epoch 981 saved to checkpoints/etas_20260611-112802/last_model_1.pth
2026-06-11 11:29:28,756 INFO src.train.trainer: Epoch 982
2026-06-11 11:29:28,839 INFO src.train.trainer: New best validation loss: -5.1081, saved to checkpoints/etas_20260611-112802/best_model_1.pth
2026-06-11 11:29:28,842 INFO src.train.trainer: Last model at epoch 982 saved to checkpoints/etas_20260611-112802/last_model_1.pth
2026-06-11 11:29:28,842 INFO src.train.trainer: Epoch 983
2026-06-11 11:29:28,925 INFO src.train.trainer: New best validation loss: -5.1083, saved to checkpoints/etas_20260611-112802/best_model_1.pth
2026-06-11 11:29:28,928 INFO src.train.trainer: Last model at epoch 983 saved to checkpoints/etas_20260611-112802/last_model_1.pth
2026-06-11 11:29:28,928 INFO src.train.trainer: Epoch 984
2026-06-11 11:29:29,011 INFO src.train.trainer: New best validation loss: -5.1083, saved to checkpoints/etas_20260611-112802/best_model_1.pth
2026-06-11 11:29:29,014 INFO src.train.trainer: Last model at epoch 984 saved to checkpoints/etas_20260611-112802/last_model_1.pth
2026-06-11 11:29:29,014 INFO src.train.trainer: Epoch 985
2026-06-11 11:29:29,097 INFO src.train.trainer: New best validation loss: -5.1084, saved to checkpoints/etas_20260611-112802/best_model_1.pth
2026-06-11 11:29:29,101 INFO src.train.trainer: Last model at epoch 985 saved to checkpoints/etas_20260611-112802/last_model_1.pth
2026-06-11 11:29:29,101 INFO src.train.trainer: Epoch 986
2026-06-11 11:29:29,181 INFO src.train.trainer: New best validation loss: -5.1086, saved to checkpoints/etas_20260611-112802/best_model_1.pth
2026-06-11 11:29:29,184 INFO src.train.trainer: Last model at epoch 986 saved to checkpoints/etas_20260611-112802/last_model_1.pth
2026-06-11 11:29:29,184 INFO src.train.trainer: Epoch 987
2026-06-11 11:29:29,265 INFO src.train.trainer: New best validation loss: -5.1086, saved to checkpoints/etas_20260611-112802/best_model_1.pth
2026-06-11 11:29:29,268 INFO src.train.trainer: Last model at epoch 987 saved to checkpoints/etas_20260611-112802/last_model_1.pth
2026-06-11 11:29:29,268 INFO src.train.trainer: Epoch 988
2026-06-11 11:29:29,349 INFO src.train.trainer: New best validation loss: -5.1088, saved to checkpoints/etas_20260611-112802/best_model_1.pth
2026-06-11 11:29:29,352 INFO src.train.trainer: Last model at epoch 988 saved to checkpoints/etas_20260611-112802/last_model_1.pth
2026-06-11 11:29:29,352 INFO src.train.trainer: Epoch 989
2026-06-11 11:29:29,433 INFO src.train.trainer: New best validation loss: -5.1089, saved to checkpoints/etas_20260611-112802/best_model_1.pth
2026-06-11 11:29:29,436 INFO src.train.trainer: Last model at epoch 989 saved to checkpoints/etas_20260611-112802/last_model_1.pth
2026-06-11 11:29:29,436 INFO src.train.trainer: Epoch 990
2026-06-11 11:29:29,517 INFO src.train.trainer: New best validation loss: -5.1090, saved to checkpoints/etas_20260611-112802/best_model_1.pth
2026-06-11 11:29:29,520 INFO src.train.trainer: Last model at epoch 990 saved to checkpoints/etas_20260611-112802/last_model_1.pth
2026-06-11 11:29:29,520 INFO src.train.trainer: Epoch 991
2026-06-11 11:29:29,599 INFO src.train.trainer: New best validation loss: -5.1091, saved to checkpoints/etas_20260611-112802/best_model_1.pth
2026-06-11 11:29:29,603 INFO src.train.trainer: Last model at epoch 991 saved to checkpoints/etas_20260611-112802/last_model_1.pth
2026-06-11 11:29:29,603 INFO src.train.trainer: Epoch 992
2026-06-11 11:29:29,683 INFO src.train.trainer: New best validation loss: -5.1092, saved to checkpoints/etas_20260611-112802/best_model_1.pth
2026-06-11 11:29:29,686 INFO src.train.trainer: Last model at epoch 992 saved to checkpoints/etas_20260611-112802/last_model_1.pth
2026-06-11 11:29:29,686 INFO src.train.trainer: Epoch 993
2026-06-11 11:29:29,765 INFO src.train.trainer: New best validation loss: -5.1093, saved to checkpoints/etas_20260611-112802/best_model_1.pth
2026-06-11 11:29:29,768 INFO src.train.trainer: Last model at epoch 993 saved to checkpoints/etas_20260611-112802/last_model_1.pth
2026-06-11 11:29:29,769 INFO src.train.trainer: Epoch 994
2026-06-11 11:29:29,849 INFO src.train.trainer: New best validation loss: -5.1094, saved to checkpoints/etas_20260611-112802/best_model_1.pth
2026-06-11 11:29:29,852 INFO src.train.trainer: Last model at epoch 994 saved to checkpoints/etas_20260611-112802/last_model_1.pth
2026-06-11 11:29:29,853 INFO src.train.trainer: Epoch 995
2026-06-11 11:29:29,932 INFO src.train.trainer: New best validation loss: -5.1095, saved to checkpoints/etas_20260611-112802/best_model_1.pth
2026-06-11 11:29:29,935 INFO src.train.trainer: Last model at epoch 995 saved to checkpoints/etas_20260611-112802/last_model_1.pth
2026-06-11 11:29:29,935 INFO src.train.trainer: Epoch 996
2026-06-11 11:29:30,014 INFO src.train.trainer: New best validation loss: -5.1096, saved to checkpoints/etas_20260611-112802/best_model_1.pth
2026-06-11 11:29:30,018 INFO src.train.trainer: Last model at epoch 996 saved to checkpoints/etas_20260611-112802/last_model_1.pth
2026-06-11 11:29:30,018 INFO src.train.trainer: Epoch 997
2026-06-11 11:29:30,093 INFO src.train.trainer: New best validation loss: -5.1097, saved to checkpoints/etas_20260611-112802/best_model_1.pth
2026-06-11 11:29:30,097 INFO src.train.trainer: Last model at epoch 997 saved to checkpoints/etas_20260611-112802/last_model_1.pth
2026-06-11 11:29:30,097 INFO src.train.trainer: Epoch 998
2026-06-11 11:29:30,176 INFO src.train.trainer: New best validation loss: -5.1098, saved to checkpoints/etas_20260611-112802/best_model_1.pth
2026-06-11 11:29:30,179 INFO src.train.trainer: Last model at epoch 998 saved to checkpoints/etas_20260611-112802/last_model_1.pth
2026-06-11 11:29:30,179 INFO src.train.trainer: Epoch 999
2026-06-11 11:29:30,259 INFO src.train.trainer: New best validation loss: -5.1100, saved to checkpoints/etas_20260611-112802/best_model_1.pth
2026-06-11 11:29:30,262 INFO src.train.trainer: Last model at epoch 999 saved to checkpoints/etas_20260611-112802/last_model_1.pth
2026-06-11 11:29:30,262 INFO src.train.trainer: Epoch 1000
2026-06-11 11:29:30,343 INFO src.train.trainer: New best validation loss: -5.1100, saved to checkpoints/etas_20260611-112802/best_model_1.pth
2026-06-11 11:29:30,346 INFO src.train.trainer: Last model at epoch 1000 saved to checkpoints/etas_20260611-112802/last_model_1.pth
2026-06-11 11:29:46,942 INFO src.data.catalog: Loading existing catalog from /root/autodl-tmp/em_eqf/data/CB_HAB1a/catalogs/fc3ad6ee.
2026-06-11 11:29:46,975 INFO src.data.preparation_modules.tpp: Number of training events: 5495
2026-06-11 11:29:46,975 INFO src.data.preparation_modules.tpp: Number of validation events: 734
2026-06-11 11:29:46,975 INFO src.data.preparation_modules.tpp: Number of test events: 472
2026-06-11 11:29:47,230 INFO src.train.config_setup: Restoring model from checkpoint.
2026-06-11 11:29:47,230 INFO src.train.config_setup: Loading model weights: load_specific_parts=None
2026-06-11 11:29:47,231 INFO src.train.config_setup: Checkpoint loaded: <All keys matched successfully>
2026-06-11 11:29:47,231 INFO src.train.config_setup: Full load summary: loaded=37, missing=0, unexpected=0
2026-06-11 11:29:47,232 INFO src.train.config_setup: Checkpoint hyperparameters loaded.
2026-06-11 11:29:47,232 INFO src.train.config_setup: Checkpoint train metrics available.
2026-06-11 11:29:47,232 INFO src.train.config_setup: Checkpoint val metrics available.
2026-06-11 11:29:47,232 INFO src.train.config_setup: Freeze skipped (checkpoint_restore): freeze_parts is empty.
2026-06-11 11:29:47,234 INFO src.train.config_setup: Not resuming optimizer/scheduler state; reset training state to start_epoch=0, best_val_loss=inf.
2026-06-11 11:29:47,597 INFO src.cli.common: Saved test metrics to checkpoints/etas_20260611-112802/metrics_test_best_1.json
2026-06-11 11:29:47,597 INFO src.cli.common: Metrics: {'nll_train_time': -5.3081374168396, 'nll_train_total': -5.334039688110352, 'nll_train_bg_norm': -0.1295098066329956, 'nll_val_time': -5.089375972747803, 'nll_val_total': -5.110034465789795, 'nll_val_bg_norm': -0.10329239815473557, 'nll_test_time': -4.67747688293457, 'nll_test_total': -4.716945648193359, 'nll_test_bg_norm': -0.19734527170658112, 'num_events_train': 5495, 'num_events_val': 734, 'num_events_test': 472}
