2026-04-02 10:50:32,948 INFO src.data.catalog: Loading existing catalog from /root/autodl-tmp/em_eqf/data/FORGE2022/catalogs/608aa21c.
2026-04-02 10:50:32,980 INFO src.data.preparation: Number of training events: 5199
2026-04-02 10:50:32,980 INFO src.data.preparation: Number of validation events: 615
2026-04-02 10:50:32,980 INFO src.data.preparation: Number of test events: 247
2026-04-02 10:50:32,980 INFO __main__: No resume path provided. Training will start from scratch.
2026-04-02 10:50:33,839 INFO src.train.trainer: Epoch 1
2026-04-02 10:50:34,322 INFO src.train.trainer: New best validation loss: -5.8827, saved to checkpoints/etas_20260402-105032/best_model_1.pth
2026-04-02 10:50:34,323 INFO src.train.trainer: Last model at epoch 1 saved to checkpoints/etas_20260402-105032/last_model_1.pth
2026-04-02 10:50:34,323 INFO src.train.trainer: Epoch 2
2026-04-02 10:50:34,567 INFO src.train.trainer: New best validation loss: -5.8835, saved to checkpoints/etas_20260402-105032/best_model_1.pth
2026-04-02 10:50:34,773 INFO src.train.trainer: Last model at epoch 2 saved to checkpoints/etas_20260402-105032/last_model_1.pth
2026-04-02 10:50:34,773 INFO src.train.trainer: Epoch 3
2026-04-02 10:50:38,495 INFO src.train.trainer: New best validation loss: -5.8847, saved to checkpoints/etas_20260402-105032/best_model_1.pth
2026-04-02 10:50:38,510 INFO src.train.trainer: Last model at epoch 3 saved to checkpoints/etas_20260402-105032/last_model_1.pth
2026-04-02 10:50:38,510 INFO src.train.trainer: Epoch 4
2026-04-02 10:50:44,104 INFO src.train.trainer: New best validation loss: -5.8863, saved to checkpoints/etas_20260402-105032/best_model_1.pth
2026-04-02 10:50:44,109 INFO src.train.trainer: Last model at epoch 4 saved to checkpoints/etas_20260402-105032/last_model_1.pth
2026-04-02 10:50:44,109 INFO src.train.trainer: Epoch 5
2026-04-02 10:50:45,580 INFO src.train.trainer: New best validation loss: -5.8882, saved to checkpoints/etas_20260402-105032/best_model_1.pth
2026-04-02 10:50:45,586 INFO src.train.trainer: Last model at epoch 5 saved to checkpoints/etas_20260402-105032/last_model_1.pth
2026-04-02 10:50:45,587 INFO src.train.trainer: Epoch 6
2026-04-02 10:50:48,435 INFO src.train.trainer: New best validation loss: -5.8906, saved to checkpoints/etas_20260402-105032/best_model_1.pth
2026-04-02 10:50:48,439 INFO src.train.trainer: Last model at epoch 6 saved to checkpoints/etas_20260402-105032/last_model_1.pth
2026-04-02 10:50:48,439 INFO src.train.trainer: Epoch 7
2026-04-02 10:50:48,533 INFO src.train.trainer: New best validation loss: -5.8934, saved to checkpoints/etas_20260402-105032/best_model_1.pth
2026-04-02 10:50:48,537 INFO src.train.trainer: Last model at epoch 7 saved to checkpoints/etas_20260402-105032/last_model_1.pth
2026-04-02 10:50:48,537 INFO src.train.trainer: Epoch 8
2026-04-02 10:50:48,603 INFO src.train.trainer: New best validation loss: -5.8966, saved to checkpoints/etas_20260402-105032/best_model_1.pth
2026-04-02 10:50:48,606 INFO src.train.trainer: Last model at epoch 8 saved to checkpoints/etas_20260402-105032/last_model_1.pth
2026-04-02 10:50:48,606 INFO src.train.trainer: Epoch 9
2026-04-02 10:50:48,665 INFO src.train.trainer: New best validation loss: -5.9002, saved to checkpoints/etas_20260402-105032/best_model_1.pth
2026-04-02 10:50:48,667 INFO src.train.trainer: Last model at epoch 9 saved to checkpoints/etas_20260402-105032/last_model_1.pth
2026-04-02 10:50:48,667 INFO src.train.trainer: Epoch 10
2026-04-02 10:50:48,722 INFO src.train.trainer: New best validation loss: -5.9042, saved to checkpoints/etas_20260402-105032/best_model_1.pth
2026-04-02 10:50:48,724 INFO src.train.trainer: Last model at epoch 10 saved to checkpoints/etas_20260402-105032/last_model_1.pth
2026-04-02 10:50:48,724 INFO src.train.trainer: Epoch 11
2026-04-02 10:50:48,780 INFO src.train.trainer: New best validation loss: -5.9086, saved to checkpoints/etas_20260402-105032/best_model_1.pth
2026-04-02 10:50:48,782 INFO src.train.trainer: Last model at epoch 11 saved to checkpoints/etas_20260402-105032/last_model_1.pth
2026-04-02 10:50:48,782 INFO src.train.trainer: Epoch 12
2026-04-02 10:50:48,836 INFO src.train.trainer: New best validation loss: -5.9134, saved to checkpoints/etas_20260402-105032/best_model_1.pth
2026-04-02 10:50:48,838 INFO src.train.trainer: Last model at epoch 12 saved to checkpoints/etas_20260402-105032/last_model_1.pth
2026-04-02 10:50:48,839 INFO src.train.trainer: Epoch 13
2026-04-02 10:50:48,894 INFO src.train.trainer: New best validation loss: -5.9187, saved to checkpoints/etas_20260402-105032/best_model_1.pth
2026-04-02 10:50:48,897 INFO src.train.trainer: Last model at epoch 13 saved to checkpoints/etas_20260402-105032/last_model_1.pth
2026-04-02 10:50:48,897 INFO src.train.trainer: Epoch 14
2026-04-02 10:50:48,952 INFO src.train.trainer: New best validation loss: -5.9243, saved to checkpoints/etas_20260402-105032/best_model_1.pth
2026-04-02 10:50:48,955 INFO src.train.trainer: Last model at epoch 14 saved to checkpoints/etas_20260402-105032/last_model_1.pth
2026-04-02 10:50:48,955 INFO src.train.trainer: Epoch 15
2026-04-02 10:50:49,010 INFO src.train.trainer: New best validation loss: -5.9303, saved to checkpoints/etas_20260402-105032/best_model_1.pth
2026-04-02 10:50:49,012 INFO src.train.trainer: Last model at epoch 15 saved to checkpoints/etas_20260402-105032/last_model_1.pth
2026-04-02 10:50:49,012 INFO src.train.trainer: Epoch 16
2026-04-02 10:50:49,067 INFO src.train.trainer: New best validation loss: -5.9368, saved to checkpoints/etas_20260402-105032/best_model_1.pth
2026-04-02 10:50:49,070 INFO src.train.trainer: Last model at epoch 16 saved to checkpoints/etas_20260402-105032/last_model_1.pth
2026-04-02 10:50:49,070 INFO src.train.trainer: Epoch 17
2026-04-02 10:50:49,127 INFO src.train.trainer: New best validation loss: -5.9436, saved to checkpoints/etas_20260402-105032/best_model_1.pth
2026-04-02 10:50:49,129 INFO src.train.trainer: Last model at epoch 17 saved to checkpoints/etas_20260402-105032/last_model_1.pth
2026-04-02 10:50:49,129 INFO src.train.trainer: Epoch 18
2026-04-02 10:50:49,183 INFO src.train.trainer: New best validation loss: -5.9509, saved to checkpoints/etas_20260402-105032/best_model_1.pth
2026-04-02 10:50:49,185 INFO src.train.trainer: Last model at epoch 18 saved to checkpoints/etas_20260402-105032/last_model_1.pth
2026-04-02 10:50:49,185 INFO src.train.trainer: Epoch 19
2026-04-02 10:50:49,239 INFO src.train.trainer: New best validation loss: -5.9586, saved to checkpoints/etas_20260402-105032/best_model_1.pth
2026-04-02 10:50:49,241 INFO src.train.trainer: Last model at epoch 19 saved to checkpoints/etas_20260402-105032/last_model_1.pth
2026-04-02 10:50:49,241 INFO src.train.trainer: Epoch 20
2026-04-02 10:50:49,294 INFO src.train.trainer: New best validation loss: -5.9667, saved to checkpoints/etas_20260402-105032/best_model_1.pth
2026-04-02 10:50:49,296 INFO src.train.trainer: Last model at epoch 20 saved to checkpoints/etas_20260402-105032/last_model_1.pth
2026-04-02 10:50:49,296 INFO src.train.trainer: Epoch 21
2026-04-02 10:50:49,350 INFO src.train.trainer: New best validation loss: -5.9753, saved to checkpoints/etas_20260402-105032/best_model_1.pth
2026-04-02 10:50:49,352 INFO src.train.trainer: Last model at epoch 21 saved to checkpoints/etas_20260402-105032/last_model_1.pth
2026-04-02 10:50:49,352 INFO src.train.trainer: Epoch 22
2026-04-02 10:50:49,405 INFO src.train.trainer: New best validation loss: -5.9843, saved to checkpoints/etas_20260402-105032/best_model_1.pth
2026-04-02 10:50:49,408 INFO src.train.trainer: Last model at epoch 22 saved to checkpoints/etas_20260402-105032/last_model_1.pth
2026-04-02 10:50:49,408 INFO src.train.trainer: Epoch 23
2026-04-02 10:50:49,463 INFO src.train.trainer: New best validation loss: -5.9937, saved to checkpoints/etas_20260402-105032/best_model_1.pth
2026-04-02 10:50:49,465 INFO src.train.trainer: Last model at epoch 23 saved to checkpoints/etas_20260402-105032/last_model_1.pth
2026-04-02 10:50:49,465 INFO src.train.trainer: Epoch 24
2026-04-02 10:50:49,519 INFO src.train.trainer: New best validation loss: -6.0035, saved to checkpoints/etas_20260402-105032/best_model_1.pth
2026-04-02 10:50:49,521 INFO src.train.trainer: Last model at epoch 24 saved to checkpoints/etas_20260402-105032/last_model_1.pth
2026-04-02 10:50:49,521 INFO src.train.trainer: Epoch 25
2026-04-02 10:50:49,575 INFO src.train.trainer: New best validation loss: -6.0138, saved to checkpoints/etas_20260402-105032/best_model_1.pth
2026-04-02 10:50:49,577 INFO src.train.trainer: Last model at epoch 25 saved to checkpoints/etas_20260402-105032/last_model_1.pth
2026-04-02 10:50:49,577 INFO src.train.trainer: Epoch 26
2026-04-02 10:50:49,631 INFO src.train.trainer: New best validation loss: -6.0245, saved to checkpoints/etas_20260402-105032/best_model_1.pth
2026-04-02 10:50:49,634 INFO src.train.trainer: Last model at epoch 26 saved to checkpoints/etas_20260402-105032/last_model_1.pth
2026-04-02 10:50:49,634 INFO src.train.trainer: Epoch 27
2026-04-02 10:50:49,689 INFO src.train.trainer: New best validation loss: -6.0357, saved to checkpoints/etas_20260402-105032/best_model_1.pth
2026-04-02 10:50:49,692 INFO src.train.trainer: Last model at epoch 27 saved to checkpoints/etas_20260402-105032/last_model_1.pth
2026-04-02 10:50:49,692 INFO src.train.trainer: Epoch 28
2026-04-02 10:50:49,745 INFO src.train.trainer: New best validation loss: -6.0473, saved to checkpoints/etas_20260402-105032/best_model_1.pth
2026-04-02 10:50:49,748 INFO src.train.trainer: Last model at epoch 28 saved to checkpoints/etas_20260402-105032/last_model_1.pth
2026-04-02 10:50:49,748 INFO src.train.trainer: Epoch 29
2026-04-02 10:50:49,804 INFO src.train.trainer: New best validation loss: -6.0594, saved to checkpoints/etas_20260402-105032/best_model_1.pth
2026-04-02 10:50:49,806 INFO src.train.trainer: Last model at epoch 29 saved to checkpoints/etas_20260402-105032/last_model_1.pth
2026-04-02 10:50:49,806 INFO src.train.trainer: Epoch 30
2026-04-02 10:50:49,860 INFO src.train.trainer: New best validation loss: -6.0719, saved to checkpoints/etas_20260402-105032/best_model_1.pth
2026-04-02 10:50:49,862 INFO src.train.trainer: Last model at epoch 30 saved to checkpoints/etas_20260402-105032/last_model_1.pth
2026-04-02 10:50:49,862 INFO src.train.trainer: Epoch 31
2026-04-02 10:50:49,903 INFO src.train.trainer: New best validation loss: -6.0849, saved to checkpoints/etas_20260402-105032/best_model_1.pth
2026-04-02 10:50:49,904 INFO src.train.trainer: Last model at epoch 31 saved to checkpoints/etas_20260402-105032/last_model_1.pth
2026-04-02 10:50:49,904 INFO src.train.trainer: Epoch 32
2026-04-02 10:50:49,944 INFO src.train.trainer: New best validation loss: -6.0984, saved to checkpoints/etas_20260402-105032/best_model_1.pth
2026-04-02 10:50:49,945 INFO src.train.trainer: Last model at epoch 32 saved to checkpoints/etas_20260402-105032/last_model_1.pth
2026-04-02 10:50:49,946 INFO src.train.trainer: Epoch 33
2026-04-02 10:50:49,983 INFO src.train.trainer: New best validation loss: -6.1124, saved to checkpoints/etas_20260402-105032/best_model_1.pth
2026-04-02 10:50:49,984 INFO src.train.trainer: Last model at epoch 33 saved to checkpoints/etas_20260402-105032/last_model_1.pth
2026-04-02 10:50:49,984 INFO src.train.trainer: Epoch 34
2026-04-02 10:50:50,022 INFO src.train.trainer: New best validation loss: -6.1268, saved to checkpoints/etas_20260402-105032/best_model_1.pth
2026-04-02 10:50:50,024 INFO src.train.trainer: Last model at epoch 34 saved to checkpoints/etas_20260402-105032/last_model_1.pth
2026-04-02 10:50:50,024 INFO src.train.trainer: Epoch 35
2026-04-02 10:50:50,065 INFO src.train.trainer: New best validation loss: -6.1417, saved to checkpoints/etas_20260402-105032/best_model_1.pth
2026-04-02 10:50:50,067 INFO src.train.trainer: Last model at epoch 35 saved to checkpoints/etas_20260402-105032/last_model_1.pth
2026-04-02 10:50:50,067 INFO src.train.trainer: Epoch 36
2026-04-02 10:50:50,109 INFO src.train.trainer: New best validation loss: -6.1572, saved to checkpoints/etas_20260402-105032/best_model_1.pth
2026-04-02 10:50:50,110 INFO src.train.trainer: Last model at epoch 36 saved to checkpoints/etas_20260402-105032/last_model_1.pth
2026-04-02 10:50:50,110 INFO src.train.trainer: Epoch 37
2026-04-02 10:50:50,149 INFO src.train.trainer: New best validation loss: -6.1731, saved to checkpoints/etas_20260402-105032/best_model_1.pth
2026-04-02 10:50:50,151 INFO src.train.trainer: Last model at epoch 37 saved to checkpoints/etas_20260402-105032/last_model_1.pth
2026-04-02 10:50:50,151 INFO src.train.trainer: Epoch 38
2026-04-02 10:50:50,190 INFO src.train.trainer: New best validation loss: -6.1895, saved to checkpoints/etas_20260402-105032/best_model_1.pth
2026-04-02 10:50:50,191 INFO src.train.trainer: Last model at epoch 38 saved to checkpoints/etas_20260402-105032/last_model_1.pth
2026-04-02 10:50:50,191 INFO src.train.trainer: Epoch 39
2026-04-02 10:50:50,231 INFO src.train.trainer: New best validation loss: -6.2064, saved to checkpoints/etas_20260402-105032/best_model_1.pth
2026-04-02 10:50:50,232 INFO src.train.trainer: Last model at epoch 39 saved to checkpoints/etas_20260402-105032/last_model_1.pth
2026-04-02 10:50:50,232 INFO src.train.trainer: Epoch 40
2026-04-02 10:50:50,273 INFO src.train.trainer: New best validation loss: -6.2239, saved to checkpoints/etas_20260402-105032/best_model_1.pth
2026-04-02 10:50:50,274 INFO src.train.trainer: Last model at epoch 40 saved to checkpoints/etas_20260402-105032/last_model_1.pth
2026-04-02 10:50:50,274 INFO src.train.trainer: Epoch 41
2026-04-02 10:50:50,315 INFO src.train.trainer: New best validation loss: -6.2418, saved to checkpoints/etas_20260402-105032/best_model_1.pth
2026-04-02 10:50:50,317 INFO src.train.trainer: Last model at epoch 41 saved to checkpoints/etas_20260402-105032/last_model_1.pth
2026-04-02 10:50:50,317 INFO src.train.trainer: Epoch 42
2026-04-02 10:50:50,358 INFO src.train.trainer: New best validation loss: -6.2603, saved to checkpoints/etas_20260402-105032/best_model_1.pth
2026-04-02 10:50:50,359 INFO src.train.trainer: Last model at epoch 42 saved to checkpoints/etas_20260402-105032/last_model_1.pth
2026-04-02 10:50:50,359 INFO src.train.trainer: Epoch 43
2026-04-02 10:50:50,401 INFO src.train.trainer: New best validation loss: -6.2794, saved to checkpoints/etas_20260402-105032/best_model_1.pth
2026-04-02 10:50:50,402 INFO src.train.trainer: Last model at epoch 43 saved to checkpoints/etas_20260402-105032/last_model_1.pth
2026-04-02 10:50:50,402 INFO src.train.trainer: Epoch 44
2026-04-02 10:50:50,443 INFO src.train.trainer: New best validation loss: -6.2990, saved to checkpoints/etas_20260402-105032/best_model_1.pth
2026-04-02 10:50:50,445 INFO src.train.trainer: Last model at epoch 44 saved to checkpoints/etas_20260402-105032/last_model_1.pth
2026-04-02 10:50:50,445 INFO src.train.trainer: Epoch 45
2026-04-02 10:50:50,488 INFO src.train.trainer: New best validation loss: -6.3191, saved to checkpoints/etas_20260402-105032/best_model_1.pth
2026-04-02 10:50:50,490 INFO src.train.trainer: Last model at epoch 45 saved to checkpoints/etas_20260402-105032/last_model_1.pth
2026-04-02 10:50:50,490 INFO src.train.trainer: Epoch 46
2026-04-02 10:50:50,533 INFO src.train.trainer: New best validation loss: -6.3398, saved to checkpoints/etas_20260402-105032/best_model_1.pth
2026-04-02 10:50:50,535 INFO src.train.trainer: Last model at epoch 46 saved to checkpoints/etas_20260402-105032/last_model_1.pth
2026-04-02 10:50:50,535 INFO src.train.trainer: Epoch 47
2026-04-02 10:50:50,579 INFO src.train.trainer: New best validation loss: -6.3611, saved to checkpoints/etas_20260402-105032/best_model_1.pth
2026-04-02 10:50:50,580 INFO src.train.trainer: Last model at epoch 47 saved to checkpoints/etas_20260402-105032/last_model_1.pth
2026-04-02 10:50:50,581 INFO src.train.trainer: Epoch 48
2026-04-02 10:50:50,627 INFO src.train.trainer: New best validation loss: -6.3829, saved to checkpoints/etas_20260402-105032/best_model_1.pth
2026-04-02 10:50:50,628 INFO src.train.trainer: Last model at epoch 48 saved to checkpoints/etas_20260402-105032/last_model_1.pth
2026-04-02 10:50:50,629 INFO src.train.trainer: Epoch 49
2026-04-02 10:50:50,677 INFO src.train.trainer: New best validation loss: -6.4053, saved to checkpoints/etas_20260402-105032/best_model_1.pth
2026-04-02 10:50:50,678 INFO src.train.trainer: Last model at epoch 49 saved to checkpoints/etas_20260402-105032/last_model_1.pth
2026-04-02 10:50:50,679 INFO src.train.trainer: Epoch 50
2026-04-02 10:50:50,725 INFO src.train.trainer: New best validation loss: -6.4283, saved to checkpoints/etas_20260402-105032/best_model_1.pth
2026-04-02 10:50:50,727 INFO src.train.trainer: Last model at epoch 50 saved to checkpoints/etas_20260402-105032/last_model_1.pth
2026-04-02 10:50:50,727 INFO src.train.trainer: Epoch 51
2026-04-02 10:50:50,780 INFO src.train.trainer: New best validation loss: -6.4519, saved to checkpoints/etas_20260402-105032/best_model_1.pth
2026-04-02 10:50:50,782 INFO src.train.trainer: Last model at epoch 51 saved to checkpoints/etas_20260402-105032/last_model_1.pth
2026-04-02 10:50:50,782 INFO src.train.trainer: Epoch 52
2026-04-02 10:50:50,834 INFO src.train.trainer: New best validation loss: -6.4761, saved to checkpoints/etas_20260402-105032/best_model_1.pth
2026-04-02 10:50:50,836 INFO src.train.trainer: Last model at epoch 52 saved to checkpoints/etas_20260402-105032/last_model_1.pth
2026-04-02 10:50:50,836 INFO src.train.trainer: Epoch 53
2026-04-02 10:50:50,888 INFO src.train.trainer: New best validation loss: -6.5009, saved to checkpoints/etas_20260402-105032/best_model_1.pth
2026-04-02 10:50:50,890 INFO src.train.trainer: Last model at epoch 53 saved to checkpoints/etas_20260402-105032/last_model_1.pth
2026-04-02 10:50:50,891 INFO src.train.trainer: Epoch 54
2026-04-02 10:50:50,943 INFO src.train.trainer: New best validation loss: -6.5263, saved to checkpoints/etas_20260402-105032/best_model_1.pth
2026-04-02 10:50:50,945 INFO src.train.trainer: Last model at epoch 54 saved to checkpoints/etas_20260402-105032/last_model_1.pth
2026-04-02 10:50:50,945 INFO src.train.trainer: Epoch 55
2026-04-02 10:50:50,995 INFO src.train.trainer: New best validation loss: -6.5524, saved to checkpoints/etas_20260402-105032/best_model_1.pth
2026-04-02 10:50:50,996 INFO src.train.trainer: Last model at epoch 55 saved to checkpoints/etas_20260402-105032/last_model_1.pth
2026-04-02 10:50:50,996 INFO src.train.trainer: Epoch 56
2026-04-02 10:50:51,038 INFO src.train.trainer: New best validation loss: -6.5790, saved to checkpoints/etas_20260402-105032/best_model_1.pth
2026-04-02 10:50:51,039 INFO src.train.trainer: Last model at epoch 56 saved to checkpoints/etas_20260402-105032/last_model_1.pth
2026-04-02 10:50:51,039 INFO src.train.trainer: Epoch 57
2026-04-02 10:50:51,081 INFO src.train.trainer: New best validation loss: -6.6062, saved to checkpoints/etas_20260402-105032/best_model_1.pth
2026-04-02 10:50:51,083 INFO src.train.trainer: Last model at epoch 57 saved to checkpoints/etas_20260402-105032/last_model_1.pth
2026-04-02 10:50:51,083 INFO src.train.trainer: Epoch 58
2026-04-02 10:50:51,124 INFO src.train.trainer: New best validation loss: -6.6341, saved to checkpoints/etas_20260402-105032/best_model_1.pth
2026-04-02 10:50:51,125 INFO src.train.trainer: Last model at epoch 58 saved to checkpoints/etas_20260402-105032/last_model_1.pth
2026-04-02 10:50:51,125 INFO src.train.trainer: Epoch 59
2026-04-02 10:50:51,167 INFO src.train.trainer: New best validation loss: -6.6626, saved to checkpoints/etas_20260402-105032/best_model_1.pth
2026-04-02 10:50:51,168 INFO src.train.trainer: Last model at epoch 59 saved to checkpoints/etas_20260402-105032/last_model_1.pth
2026-04-02 10:50:51,168 INFO src.train.trainer: Epoch 60
2026-04-02 10:50:51,210 INFO src.train.trainer: New best validation loss: -6.6917, saved to checkpoints/etas_20260402-105032/best_model_1.pth
2026-04-02 10:50:51,211 INFO src.train.trainer: Last model at epoch 60 saved to checkpoints/etas_20260402-105032/last_model_1.pth
2026-04-02 10:50:51,211 INFO src.train.trainer: Epoch 61
2026-04-02 10:50:51,251 INFO src.train.trainer: New best validation loss: -6.7214, saved to checkpoints/etas_20260402-105032/best_model_1.pth
2026-04-02 10:50:51,252 INFO src.train.trainer: Last model at epoch 61 saved to checkpoints/etas_20260402-105032/last_model_1.pth
2026-04-02 10:50:51,252 INFO src.train.trainer: Epoch 62
2026-04-02 10:50:51,292 INFO src.train.trainer: New best validation loss: -6.7517, saved to checkpoints/etas_20260402-105032/best_model_1.pth
2026-04-02 10:50:51,293 INFO src.train.trainer: Last model at epoch 62 saved to checkpoints/etas_20260402-105032/last_model_1.pth
2026-04-02 10:50:51,293 INFO src.train.trainer: Epoch 63
2026-04-02 10:50:51,334 INFO src.train.trainer: New best validation loss: -6.7826, saved to checkpoints/etas_20260402-105032/best_model_1.pth
2026-04-02 10:50:51,336 INFO src.train.trainer: Last model at epoch 63 saved to checkpoints/etas_20260402-105032/last_model_1.pth
2026-04-02 10:50:51,336 INFO src.train.trainer: Epoch 64
2026-04-02 10:50:51,379 INFO src.train.trainer: New best validation loss: -6.8141, saved to checkpoints/etas_20260402-105032/best_model_1.pth
2026-04-02 10:50:51,380 INFO src.train.trainer: Last model at epoch 64 saved to checkpoints/etas_20260402-105032/last_model_1.pth
2026-04-02 10:50:51,380 INFO src.train.trainer: Epoch 65
2026-04-02 10:50:51,421 INFO src.train.trainer: New best validation loss: -6.8462, saved to checkpoints/etas_20260402-105032/best_model_1.pth
2026-04-02 10:50:51,422 INFO src.train.trainer: Last model at epoch 65 saved to checkpoints/etas_20260402-105032/last_model_1.pth
2026-04-02 10:50:51,422 INFO src.train.trainer: Epoch 66
2026-04-02 10:50:51,463 INFO src.train.trainer: New best validation loss: -6.8787, saved to checkpoints/etas_20260402-105032/best_model_1.pth
2026-04-02 10:50:51,464 INFO src.train.trainer: Last model at epoch 66 saved to checkpoints/etas_20260402-105032/last_model_1.pth
2026-04-02 10:50:51,464 INFO src.train.trainer: Epoch 67
2026-04-02 10:50:51,505 INFO src.train.trainer: New best validation loss: -6.9118, saved to checkpoints/etas_20260402-105032/best_model_1.pth
2026-04-02 10:50:51,506 INFO src.train.trainer: Last model at epoch 67 saved to checkpoints/etas_20260402-105032/last_model_1.pth
2026-04-02 10:50:51,506 INFO src.train.trainer: Epoch 68
2026-04-02 10:50:51,549 INFO src.train.trainer: New best validation loss: -6.9454, saved to checkpoints/etas_20260402-105032/best_model_1.pth
2026-04-02 10:50:51,550 INFO src.train.trainer: Last model at epoch 68 saved to checkpoints/etas_20260402-105032/last_model_1.pth
2026-04-02 10:50:51,550 INFO src.train.trainer: Epoch 69
2026-04-02 10:50:51,592 INFO src.train.trainer: New best validation loss: -6.9795, saved to checkpoints/etas_20260402-105032/best_model_1.pth
2026-04-02 10:50:51,593 INFO src.train.trainer: Last model at epoch 69 saved to checkpoints/etas_20260402-105032/last_model_1.pth
2026-04-02 10:50:51,593 INFO src.train.trainer: Epoch 70
2026-04-02 10:50:51,636 INFO src.train.trainer: New best validation loss: -7.0139, saved to checkpoints/etas_20260402-105032/best_model_1.pth
2026-04-02 10:50:51,638 INFO src.train.trainer: Last model at epoch 70 saved to checkpoints/etas_20260402-105032/last_model_1.pth
2026-04-02 10:50:51,638 INFO src.train.trainer: Epoch 71
2026-04-02 10:50:51,680 INFO src.train.trainer: New best validation loss: -7.0486, saved to checkpoints/etas_20260402-105032/best_model_1.pth
2026-04-02 10:50:51,682 INFO src.train.trainer: Last model at epoch 71 saved to checkpoints/etas_20260402-105032/last_model_1.pth
2026-04-02 10:50:51,682 INFO src.train.trainer: Epoch 72
2026-04-02 10:50:51,723 INFO src.train.trainer: New best validation loss: -7.0836, saved to checkpoints/etas_20260402-105032/best_model_1.pth
2026-04-02 10:50:51,724 INFO src.train.trainer: Last model at epoch 72 saved to checkpoints/etas_20260402-105032/last_model_1.pth
2026-04-02 10:50:51,724 INFO src.train.trainer: Epoch 73
2026-04-02 10:50:51,767 INFO src.train.trainer: New best validation loss: -7.1188, saved to checkpoints/etas_20260402-105032/best_model_1.pth
2026-04-02 10:50:51,768 INFO src.train.trainer: Last model at epoch 73 saved to checkpoints/etas_20260402-105032/last_model_1.pth
2026-04-02 10:50:51,768 INFO src.train.trainer: Epoch 74
2026-04-02 10:50:51,810 INFO src.train.trainer: New best validation loss: -7.1540, saved to checkpoints/etas_20260402-105032/best_model_1.pth
2026-04-02 10:50:51,811 INFO src.train.trainer: Last model at epoch 74 saved to checkpoints/etas_20260402-105032/last_model_1.pth
2026-04-02 10:50:51,811 INFO src.train.trainer: Epoch 75
2026-04-02 10:50:51,855 INFO src.train.trainer: New best validation loss: -7.1893, saved to checkpoints/etas_20260402-105032/best_model_1.pth
2026-04-02 10:50:51,856 INFO src.train.trainer: Last model at epoch 75 saved to checkpoints/etas_20260402-105032/last_model_1.pth
2026-04-02 10:50:51,856 INFO src.train.trainer: Epoch 76
2026-04-02 10:50:51,897 INFO src.train.trainer: New best validation loss: -7.2243, saved to checkpoints/etas_20260402-105032/best_model_1.pth
2026-04-02 10:50:51,898 INFO src.train.trainer: Last model at epoch 76 saved to checkpoints/etas_20260402-105032/last_model_1.pth
2026-04-02 10:50:51,898 INFO src.train.trainer: Epoch 77
2026-04-02 10:50:51,940 INFO src.train.trainer: New best validation loss: -7.2589, saved to checkpoints/etas_20260402-105032/best_model_1.pth
2026-04-02 10:50:51,942 INFO src.train.trainer: Last model at epoch 77 saved to checkpoints/etas_20260402-105032/last_model_1.pth
2026-04-02 10:50:51,942 INFO src.train.trainer: Epoch 78
2026-04-02 10:50:51,984 INFO src.train.trainer: New best validation loss: -7.2931, saved to checkpoints/etas_20260402-105032/best_model_1.pth
2026-04-02 10:50:51,988 INFO src.train.trainer: Last model at epoch 78 saved to checkpoints/etas_20260402-105032/last_model_1.pth
2026-04-02 10:50:51,988 INFO src.train.trainer: Epoch 79
2026-04-02 10:50:52,029 INFO src.train.trainer: New best validation loss: -7.3264, saved to checkpoints/etas_20260402-105032/best_model_1.pth
2026-04-02 10:50:52,030 INFO src.train.trainer: Last model at epoch 79 saved to checkpoints/etas_20260402-105032/last_model_1.pth
2026-04-02 10:50:52,030 INFO src.train.trainer: Epoch 80
2026-04-02 10:50:52,072 INFO src.train.trainer: New best validation loss: -7.3588, saved to checkpoints/etas_20260402-105032/best_model_1.pth
2026-04-02 10:50:52,073 INFO src.train.trainer: Last model at epoch 80 saved to checkpoints/etas_20260402-105032/last_model_1.pth
2026-04-02 10:50:52,073 INFO src.train.trainer: Epoch 81
2026-04-02 10:50:52,116 INFO src.train.trainer: New best validation loss: -7.3898, saved to checkpoints/etas_20260402-105032/best_model_1.pth
2026-04-02 10:50:52,118 INFO src.train.trainer: Last model at epoch 81 saved to checkpoints/etas_20260402-105032/last_model_1.pth
2026-04-02 10:50:52,118 INFO src.train.trainer: Epoch 82
2026-04-02 10:50:52,167 INFO src.train.trainer: New best validation loss: -7.4191, saved to checkpoints/etas_20260402-105032/best_model_1.pth
2026-04-02 10:50:52,168 INFO src.train.trainer: Last model at epoch 82 saved to checkpoints/etas_20260402-105032/last_model_1.pth
2026-04-02 10:50:52,168 INFO src.train.trainer: Epoch 83
2026-04-02 10:50:52,206 INFO src.train.trainer: New best validation loss: -7.4463, saved to checkpoints/etas_20260402-105032/best_model_1.pth
2026-04-02 10:50:52,208 INFO src.train.trainer: Last model at epoch 83 saved to checkpoints/etas_20260402-105032/last_model_1.pth
2026-04-02 10:50:52,208 INFO src.train.trainer: Epoch 84
2026-04-02 10:50:52,241 INFO src.train.trainer: New best validation loss: -7.4709, saved to checkpoints/etas_20260402-105032/best_model_1.pth
2026-04-02 10:50:52,242 INFO src.train.trainer: Last model at epoch 84 saved to checkpoints/etas_20260402-105032/last_model_1.pth
2026-04-02 10:50:52,242 INFO src.train.trainer: Epoch 85
2026-04-02 10:50:52,273 INFO src.train.trainer: New best validation loss: -7.4924, saved to checkpoints/etas_20260402-105032/best_model_1.pth
2026-04-02 10:50:52,274 INFO src.train.trainer: Last model at epoch 85 saved to checkpoints/etas_20260402-105032/last_model_1.pth
2026-04-02 10:50:52,274 INFO src.train.trainer: Epoch 86
2026-04-02 10:50:52,306 INFO src.train.trainer: New best validation loss: -7.5102, saved to checkpoints/etas_20260402-105032/best_model_1.pth
2026-04-02 10:50:52,307 INFO src.train.trainer: Last model at epoch 86 saved to checkpoints/etas_20260402-105032/last_model_1.pth
2026-04-02 10:50:52,307 INFO src.train.trainer: Epoch 87
2026-04-02 10:50:52,345 INFO src.train.trainer: New best validation loss: -7.5235, saved to checkpoints/etas_20260402-105032/best_model_1.pth
2026-04-02 10:50:52,346 INFO src.train.trainer: Last model at epoch 87 saved to checkpoints/etas_20260402-105032/last_model_1.pth
2026-04-02 10:50:52,346 INFO src.train.trainer: Epoch 88
2026-04-02 10:50:52,380 INFO src.train.trainer: New best validation loss: -7.5316, saved to checkpoints/etas_20260402-105032/best_model_1.pth
2026-04-02 10:50:52,382 INFO src.train.trainer: Last model at epoch 88 saved to checkpoints/etas_20260402-105032/last_model_1.pth
2026-04-02 10:50:52,382 INFO src.train.trainer: Epoch 89
2026-04-02 10:50:52,417 INFO src.train.trainer: New best validation loss: -7.5336, saved to checkpoints/etas_20260402-105032/best_model_1.pth
2026-04-02 10:50:52,418 INFO src.train.trainer: Last model at epoch 89 saved to checkpoints/etas_20260402-105032/last_model_1.pth
2026-04-02 10:50:52,418 INFO src.train.trainer: Epoch 90
2026-04-02 10:50:52,454 INFO src.train.trainer: Last model at epoch 90 saved to checkpoints/etas_20260402-105032/last_model_1.pth
2026-04-02 10:50:52,454 INFO src.train.trainer: Epoch 91
2026-04-02 10:50:52,489 INFO src.train.trainer: Last model at epoch 91 saved to checkpoints/etas_20260402-105032/last_model_1.pth
2026-04-02 10:50:52,490 INFO src.train.trainer: Epoch 92
2026-04-02 10:50:52,527 INFO src.train.trainer: Last model at epoch 92 saved to checkpoints/etas_20260402-105032/last_model_1.pth
2026-04-02 10:50:52,527 INFO src.train.trainer: Epoch 93
2026-04-02 10:50:52,565 INFO src.train.trainer: Last model at epoch 93 saved to checkpoints/etas_20260402-105032/last_model_1.pth
2026-04-02 10:50:52,565 INFO src.train.trainer: Epoch 94
2026-04-02 10:50:52,602 INFO src.train.trainer: Last model at epoch 94 saved to checkpoints/etas_20260402-105032/last_model_1.pth
2026-04-02 10:50:52,603 INFO src.train.trainer: Epoch 95
2026-04-02 10:50:52,647 INFO src.train.trainer: Last model at epoch 95 saved to checkpoints/etas_20260402-105032/last_model_1.pth
2026-04-02 10:50:52,647 INFO src.train.trainer: Epoch 96
2026-04-02 10:50:52,684 INFO src.train.trainer: Last model at epoch 96 saved to checkpoints/etas_20260402-105032/last_model_1.pth
2026-04-02 10:50:52,685 INFO src.train.trainer: Epoch 97
2026-04-02 10:50:52,724 INFO src.train.trainer: Last model at epoch 97 saved to checkpoints/etas_20260402-105032/last_model_1.pth
2026-04-02 10:50:52,724 INFO src.train.trainer: Epoch 98
2026-04-02 10:50:52,765 INFO src.train.trainer: Last model at epoch 98 saved to checkpoints/etas_20260402-105032/last_model_1.pth
2026-04-02 10:50:52,765 INFO src.train.trainer: Epoch 99
2026-04-02 10:50:52,806 INFO src.train.trainer: Last model at epoch 99 saved to checkpoints/etas_20260402-105032/last_model_1.pth
2026-04-02 10:50:52,806 INFO src.train.trainer: Epoch 100
2026-04-02 10:50:52,851 INFO src.train.trainer: Last model at epoch 100 saved to checkpoints/etas_20260402-105032/last_model_1.pth
2026-04-02 10:50:52,852 INFO src.train.trainer: Epoch 101
2026-04-02 10:50:52,898 INFO src.train.trainer: Last model at epoch 101 saved to checkpoints/etas_20260402-105032/last_model_1.pth
2026-04-02 10:50:52,898 INFO src.train.trainer: Epoch 102
2026-04-02 10:50:52,943 INFO src.train.trainer: Last model at epoch 102 saved to checkpoints/etas_20260402-105032/last_model_1.pth
2026-04-02 10:50:52,944 INFO src.train.trainer: Epoch 103
2026-04-02 10:50:52,993 INFO src.train.trainer: Last model at epoch 103 saved to checkpoints/etas_20260402-105032/last_model_1.pth
2026-04-02 10:50:52,993 INFO src.train.trainer: Epoch 104
2026-04-02 10:50:53,043 INFO src.train.trainer: Last model at epoch 104 saved to checkpoints/etas_20260402-105032/last_model_1.pth
2026-04-02 10:50:53,043 INFO src.train.trainer: Epoch 105
2026-04-02 10:50:53,096 INFO src.train.trainer: Last model at epoch 105 saved to checkpoints/etas_20260402-105032/last_model_1.pth
2026-04-02 10:50:53,097 INFO src.train.trainer: Epoch 106
2026-04-02 10:50:53,150 INFO src.train.trainer: Last model at epoch 106 saved to checkpoints/etas_20260402-105032/last_model_1.pth
2026-04-02 10:50:53,151 INFO src.train.trainer: Epoch 107
2026-04-02 10:50:53,207 INFO src.train.trainer: Last model at epoch 107 saved to checkpoints/etas_20260402-105032/last_model_1.pth
2026-04-02 10:50:53,207 INFO src.train.trainer: Epoch 108
2026-04-02 10:50:53,265 INFO src.train.trainer: Last model at epoch 108 saved to checkpoints/etas_20260402-105032/last_model_1.pth
2026-04-02 10:50:53,265 INFO src.train.trainer: Epoch 109
2026-04-02 10:50:53,307 INFO src.train.trainer: Last model at epoch 109 saved to checkpoints/etas_20260402-105032/last_model_1.pth
2026-04-02 10:50:53,307 INFO src.train.trainer: Epoch 110
2026-04-02 10:50:53,349 INFO src.train.trainer: Last model at epoch 110 saved to checkpoints/etas_20260402-105032/last_model_1.pth
2026-04-02 10:50:53,349 INFO src.train.trainer: Epoch 111
2026-04-02 10:50:53,396 INFO src.train.trainer: Last model at epoch 111 saved to checkpoints/etas_20260402-105032/last_model_1.pth
2026-04-02 10:50:53,396 INFO src.train.trainer: Epoch 112
2026-04-02 10:50:53,441 INFO src.train.trainer: Last model at epoch 112 saved to checkpoints/etas_20260402-105032/last_model_1.pth
2026-04-02 10:50:53,441 INFO src.train.trainer: Epoch 113
2026-04-02 10:50:53,487 INFO src.train.trainer: Last model at epoch 113 saved to checkpoints/etas_20260402-105032/last_model_1.pth
2026-04-02 10:50:53,487 INFO src.train.trainer: Epoch 114
2026-04-02 10:50:53,533 INFO src.train.trainer: Last model at epoch 114 saved to checkpoints/etas_20260402-105032/last_model_1.pth
2026-04-02 10:50:53,534 INFO src.train.trainer: Epoch 115
2026-04-02 10:50:53,581 INFO src.train.trainer: Last model at epoch 115 saved to checkpoints/etas_20260402-105032/last_model_1.pth
2026-04-02 10:50:53,581 INFO src.train.trainer: Epoch 116
2026-04-02 10:50:53,630 INFO src.train.trainer: Last model at epoch 116 saved to checkpoints/etas_20260402-105032/last_model_1.pth
2026-04-02 10:50:53,630 INFO src.train.trainer: Epoch 117
2026-04-02 10:50:53,678 INFO src.train.trainer: Last model at epoch 117 saved to checkpoints/etas_20260402-105032/last_model_1.pth
2026-04-02 10:50:53,678 INFO src.train.trainer: Epoch 118
2026-04-02 10:50:53,728 INFO src.train.trainer: Last model at epoch 118 saved to checkpoints/etas_20260402-105032/last_model_1.pth
2026-04-02 10:50:53,728 INFO src.train.trainer: Epoch 119
2026-04-02 10:50:53,779 INFO src.train.trainer: Last model at epoch 119 saved to checkpoints/etas_20260402-105032/last_model_1.pth
2026-04-02 10:50:53,779 INFO src.train.trainer: Epoch 120
2026-04-02 10:50:53,832 INFO src.train.trainer: Last model at epoch 120 saved to checkpoints/etas_20260402-105032/last_model_1.pth
2026-04-02 10:50:53,832 INFO src.train.trainer: Epoch 121
2026-04-02 10:50:53,887 INFO src.train.trainer: Last model at epoch 121 saved to checkpoints/etas_20260402-105032/last_model_1.pth
2026-04-02 10:50:53,887 INFO src.train.trainer: Epoch 122
2026-04-02 10:50:53,942 INFO src.train.trainer: Last model at epoch 122 saved to checkpoints/etas_20260402-105032/last_model_1.pth
2026-04-02 10:50:53,942 INFO src.train.trainer: Epoch 123
2026-04-02 10:50:53,978 INFO src.train.trainer: Last model at epoch 123 saved to checkpoints/etas_20260402-105032/last_model_1.pth
2026-04-02 10:50:53,978 INFO src.train.trainer: Epoch 124
2026-04-02 10:50:54,020 INFO src.train.trainer: Last model at epoch 124 saved to checkpoints/etas_20260402-105032/last_model_1.pth
2026-04-02 10:50:54,020 INFO src.train.trainer: Epoch 125
2026-04-02 10:50:54,065 INFO src.train.trainer: Last model at epoch 125 saved to checkpoints/etas_20260402-105032/last_model_1.pth
2026-04-02 10:50:54,066 INFO src.train.trainer: Epoch 126
2026-04-02 10:50:54,111 INFO src.train.trainer: Last model at epoch 126 saved to checkpoints/etas_20260402-105032/last_model_1.pth
2026-04-02 10:50:54,111 INFO src.train.trainer: Epoch 127
2026-04-02 10:50:54,156 INFO src.train.trainer: Last model at epoch 127 saved to checkpoints/etas_20260402-105032/last_model_1.pth
2026-04-02 10:50:54,157 INFO src.train.trainer: Epoch 128
2026-04-02 10:50:54,199 INFO src.train.trainer: Last model at epoch 128 saved to checkpoints/etas_20260402-105032/last_model_1.pth
2026-04-02 10:50:54,199 INFO src.train.trainer: Epoch 129
2026-04-02 10:50:54,239 INFO src.train.trainer: Last model at epoch 129 saved to checkpoints/etas_20260402-105032/last_model_1.pth
2026-04-02 10:50:54,240 INFO src.train.trainer: Epoch 130
2026-04-02 10:50:54,280 INFO src.train.trainer: Last model at epoch 130 saved to checkpoints/etas_20260402-105032/last_model_1.pth
2026-04-02 10:50:54,280 INFO src.train.trainer: Epoch 131
2026-04-02 10:50:54,323 INFO src.train.trainer: Last model at epoch 131 saved to checkpoints/etas_20260402-105032/last_model_1.pth
2026-04-02 10:50:54,324 INFO src.train.trainer: Epoch 132
2026-04-02 10:50:54,370 INFO src.train.trainer: Last model at epoch 132 saved to checkpoints/etas_20260402-105032/last_model_1.pth
2026-04-02 10:50:54,370 INFO src.train.trainer: Epoch 133
2026-04-02 10:50:54,415 INFO src.train.trainer: Last model at epoch 133 saved to checkpoints/etas_20260402-105032/last_model_1.pth
2026-04-02 10:50:54,416 INFO src.train.trainer: Epoch 134
2026-04-02 10:50:54,466 INFO src.train.trainer: Last model at epoch 134 saved to checkpoints/etas_20260402-105032/last_model_1.pth
2026-04-02 10:50:54,466 INFO src.train.trainer: Epoch 135
2026-04-02 10:50:54,518 INFO src.train.trainer: Last model at epoch 135 saved to checkpoints/etas_20260402-105032/last_model_1.pth
2026-04-02 10:50:54,518 INFO src.train.trainer: Epoch 136
2026-04-02 10:50:54,569 INFO src.train.trainer: Last model at epoch 136 saved to checkpoints/etas_20260402-105032/last_model_1.pth
2026-04-02 10:50:54,570 INFO src.train.trainer: Epoch 137
2026-04-02 10:50:54,623 INFO src.train.trainer: Last model at epoch 137 saved to checkpoints/etas_20260402-105032/last_model_1.pth
2026-04-02 10:50:54,623 INFO src.train.trainer: Epoch 138
2026-04-02 10:50:54,680 INFO src.train.trainer: Last model at epoch 138 saved to checkpoints/etas_20260402-105032/last_model_1.pth
2026-04-02 10:50:54,680 INFO src.train.trainer: Epoch 139
2026-04-02 10:50:54,738 INFO src.train.trainer: Last model at epoch 139 saved to checkpoints/etas_20260402-105032/last_model_1.pth
2026-04-02 10:50:54,739 INFO src.train.trainer: Epoch 140
2026-04-02 10:50:54,801 INFO src.train.trainer: Last model at epoch 140 saved to checkpoints/etas_20260402-105032/last_model_1.pth
2026-04-02 10:50:54,802 INFO src.train.trainer: Epoch 141
2026-04-02 10:50:54,859 INFO src.train.trainer: Last model at epoch 141 saved to checkpoints/etas_20260402-105032/last_model_1.pth
2026-04-02 10:50:54,859 INFO src.train.trainer: Epoch 142
2026-04-02 10:50:54,916 INFO src.train.trainer: Last model at epoch 142 saved to checkpoints/etas_20260402-105032/last_model_1.pth
2026-04-02 10:50:54,916 INFO src.train.trainer: Epoch 143
2026-04-02 10:50:54,973 INFO src.train.trainer: Last model at epoch 143 saved to checkpoints/etas_20260402-105032/last_model_1.pth
2026-04-02 10:50:54,973 INFO src.train.trainer: Epoch 144
2026-04-02 10:50:55,030 INFO src.train.trainer: Last model at epoch 144 saved to checkpoints/etas_20260402-105032/last_model_1.pth
2026-04-02 10:50:55,030 INFO src.train.trainer: Epoch 145
2026-04-02 10:50:55,091 INFO src.train.trainer: Last model at epoch 145 saved to checkpoints/etas_20260402-105032/last_model_1.pth
2026-04-02 10:50:55,091 INFO src.train.trainer: Epoch 146
2026-04-02 10:50:55,151 INFO src.train.trainer: Last model at epoch 146 saved to checkpoints/etas_20260402-105032/last_model_1.pth
2026-04-02 10:50:55,151 INFO src.train.trainer: Epoch 147
2026-04-02 10:50:55,210 INFO src.train.trainer: Last model at epoch 147 saved to checkpoints/etas_20260402-105032/last_model_1.pth
2026-04-02 10:50:55,210 INFO src.train.trainer: Epoch 148
2026-04-02 10:50:55,265 INFO src.train.trainer: Last model at epoch 148 saved to checkpoints/etas_20260402-105032/last_model_1.pth
2026-04-02 10:50:55,266 INFO src.train.trainer: Epoch 149
2026-04-02 10:50:55,326 INFO src.train.trainer: Last model at epoch 149 saved to checkpoints/etas_20260402-105032/last_model_1.pth
2026-04-02 10:50:55,326 INFO src.train.trainer: Epoch 150
2026-04-02 10:50:55,384 INFO src.train.trainer: Last model at epoch 150 saved to checkpoints/etas_20260402-105032/last_model_1.pth
2026-04-02 10:50:55,384 INFO src.train.trainer: Epoch 151
2026-04-02 10:50:55,441 INFO src.train.trainer: Last model at epoch 151 saved to checkpoints/etas_20260402-105032/last_model_1.pth
2026-04-02 10:50:55,441 INFO src.train.trainer: Epoch 152
2026-04-02 10:50:55,498 INFO src.train.trainer: Last model at epoch 152 saved to checkpoints/etas_20260402-105032/last_model_1.pth
2026-04-02 10:50:55,498 INFO src.train.trainer: Epoch 153
2026-04-02 10:50:55,556 INFO src.train.trainer: Last model at epoch 153 saved to checkpoints/etas_20260402-105032/last_model_1.pth
2026-04-02 10:50:55,556 INFO src.train.trainer: Epoch 154
2026-04-02 10:50:55,614 INFO src.train.trainer: Last model at epoch 154 saved to checkpoints/etas_20260402-105032/last_model_1.pth
2026-04-02 10:50:55,614 INFO src.train.trainer: Epoch 155
2026-04-02 10:50:55,671 INFO src.train.trainer: Last model at epoch 155 saved to checkpoints/etas_20260402-105032/last_model_1.pth
2026-04-02 10:50:55,671 INFO src.train.trainer: Epoch 156
2026-04-02 10:50:55,729 INFO src.train.trainer: Last model at epoch 156 saved to checkpoints/etas_20260402-105032/last_model_1.pth
2026-04-02 10:50:55,729 INFO src.train.trainer: Epoch 157
2026-04-02 10:50:55,787 INFO src.train.trainer: Last model at epoch 157 saved to checkpoints/etas_20260402-105032/last_model_1.pth
2026-04-02 10:50:55,787 INFO src.train.trainer: Epoch 158
2026-04-02 10:50:55,847 INFO src.train.trainer: Last model at epoch 158 saved to checkpoints/etas_20260402-105032/last_model_1.pth
2026-04-02 10:50:55,847 INFO src.train.trainer: Epoch 159
2026-04-02 10:50:55,905 INFO src.train.trainer: Last model at epoch 159 saved to checkpoints/etas_20260402-105032/last_model_1.pth
2026-04-02 10:50:55,905 INFO src.train.trainer: Epoch 160
2026-04-02 10:50:55,960 INFO src.train.trainer: Last model at epoch 160 saved to checkpoints/etas_20260402-105032/last_model_1.pth
2026-04-02 10:50:55,961 INFO src.train.trainer: Epoch 161
2026-04-02 10:50:56,016 INFO src.train.trainer: Last model at epoch 161 saved to checkpoints/etas_20260402-105032/last_model_1.pth
2026-04-02 10:50:56,017 INFO src.train.trainer: Epoch 162
2026-04-02 10:50:56,072 INFO src.train.trainer: Last model at epoch 162 saved to checkpoints/etas_20260402-105032/last_model_1.pth
2026-04-02 10:50:56,072 INFO src.train.trainer: Epoch 163
2026-04-02 10:50:56,127 INFO src.train.trainer: Last model at epoch 163 saved to checkpoints/etas_20260402-105032/last_model_1.pth
2026-04-02 10:50:56,128 INFO src.train.trainer: Epoch 164
2026-04-02 10:50:56,184 INFO src.train.trainer: Last model at epoch 164 saved to checkpoints/etas_20260402-105032/last_model_1.pth
2026-04-02 10:50:56,185 INFO src.train.trainer: Epoch 165
2026-04-02 10:50:56,242 INFO src.train.trainer: Last model at epoch 165 saved to checkpoints/etas_20260402-105032/last_model_1.pth
2026-04-02 10:50:56,242 INFO src.train.trainer: Epoch 166
2026-04-02 10:50:56,298 INFO src.train.trainer: Last model at epoch 166 saved to checkpoints/etas_20260402-105032/last_model_1.pth
2026-04-02 10:50:56,298 INFO src.train.trainer: Epoch 167
2026-04-02 10:50:56,356 INFO src.train.trainer: Last model at epoch 167 saved to checkpoints/etas_20260402-105032/last_model_1.pth
2026-04-02 10:50:56,356 INFO src.train.trainer: Epoch 168
2026-04-02 10:50:56,413 INFO src.train.trainer: Last model at epoch 168 saved to checkpoints/etas_20260402-105032/last_model_1.pth
2026-04-02 10:50:56,413 INFO src.train.trainer: Epoch 169
2026-04-02 10:50:56,471 INFO src.train.trainer: Last model at epoch 169 saved to checkpoints/etas_20260402-105032/last_model_1.pth
2026-04-02 10:50:56,471 INFO src.train.trainer: Epoch 170
2026-04-02 10:50:56,526 INFO src.train.trainer: Last model at epoch 170 saved to checkpoints/etas_20260402-105032/last_model_1.pth
2026-04-02 10:50:56,526 INFO src.train.trainer: Epoch 171
2026-04-02 10:50:56,585 INFO src.train.trainer: Last model at epoch 171 saved to checkpoints/etas_20260402-105032/last_model_1.pth
2026-04-02 10:50:56,585 INFO src.train.trainer: Epoch 172
2026-04-02 10:50:56,644 INFO src.train.trainer: Last model at epoch 172 saved to checkpoints/etas_20260402-105032/last_model_1.pth
2026-04-02 10:50:56,644 INFO src.train.trainer: Epoch 173
2026-04-02 10:50:56,700 INFO src.train.trainer: Last model at epoch 173 saved to checkpoints/etas_20260402-105032/last_model_1.pth
2026-04-02 10:50:56,700 INFO src.train.trainer: Epoch 174
2026-04-02 10:50:56,759 INFO src.train.trainer: Last model at epoch 174 saved to checkpoints/etas_20260402-105032/last_model_1.pth
2026-04-02 10:50:56,759 INFO src.train.trainer: Epoch 175
2026-04-02 10:50:56,819 INFO src.train.trainer: Last model at epoch 175 saved to checkpoints/etas_20260402-105032/last_model_1.pth
2026-04-02 10:50:56,820 INFO src.train.trainer: Epoch 176
2026-04-02 10:50:56,881 INFO src.train.trainer: Last model at epoch 176 saved to checkpoints/etas_20260402-105032/last_model_1.pth
2026-04-02 10:50:56,881 INFO src.train.trainer: Epoch 177
2026-04-02 10:50:56,936 INFO src.train.trainer: Last model at epoch 177 saved to checkpoints/etas_20260402-105032/last_model_1.pth
2026-04-02 10:50:56,936 INFO src.train.trainer: Epoch 178
2026-04-02 10:50:56,992 INFO src.train.trainer: Last model at epoch 178 saved to checkpoints/etas_20260402-105032/last_model_1.pth
2026-04-02 10:50:56,992 INFO src.train.trainer: Epoch 179
2026-04-02 10:50:57,048 INFO src.train.trainer: Last model at epoch 179 saved to checkpoints/etas_20260402-105032/last_model_1.pth
2026-04-02 10:50:57,048 INFO src.train.trainer: Epoch 180
2026-04-02 10:50:57,103 INFO src.train.trainer: Last model at epoch 180 saved to checkpoints/etas_20260402-105032/last_model_1.pth
2026-04-02 10:50:57,103 INFO src.train.trainer: Epoch 181
2026-04-02 10:50:57,158 INFO src.train.trainer: Last model at epoch 181 saved to checkpoints/etas_20260402-105032/last_model_1.pth
2026-04-02 10:50:57,158 INFO src.train.trainer: Epoch 182
2026-04-02 10:50:57,215 INFO src.train.trainer: Last model at epoch 182 saved to checkpoints/etas_20260402-105032/last_model_1.pth
2026-04-02 10:50:57,215 INFO src.train.trainer: Epoch 183
2026-04-02 10:50:57,272 INFO src.train.trainer: Last model at epoch 183 saved to checkpoints/etas_20260402-105032/last_model_1.pth
2026-04-02 10:50:57,273 INFO src.train.trainer: Epoch 184
2026-04-02 10:50:57,332 INFO src.train.trainer: Last model at epoch 184 saved to checkpoints/etas_20260402-105032/last_model_1.pth
2026-04-02 10:50:57,332 INFO src.train.trainer: Epoch 185
2026-04-02 10:50:57,390 INFO src.train.trainer: Last model at epoch 185 saved to checkpoints/etas_20260402-105032/last_model_1.pth
2026-04-02 10:50:57,390 INFO src.train.trainer: Epoch 186
2026-04-02 10:50:57,447 INFO src.train.trainer: Last model at epoch 186 saved to checkpoints/etas_20260402-105032/last_model_1.pth
2026-04-02 10:50:57,447 INFO src.train.trainer: Epoch 187
2026-04-02 10:50:57,504 INFO src.train.trainer: Last model at epoch 187 saved to checkpoints/etas_20260402-105032/last_model_1.pth
2026-04-02 10:50:57,504 INFO src.train.trainer: Epoch 188
2026-04-02 10:50:57,564 INFO src.train.trainer: Last model at epoch 188 saved to checkpoints/etas_20260402-105032/last_model_1.pth
2026-04-02 10:50:57,564 INFO src.train.trainer: Epoch 189
2026-04-02 10:50:57,622 INFO src.train.trainer: Last model at epoch 189 saved to checkpoints/etas_20260402-105032/last_model_1.pth
2026-04-02 10:50:57,622 INFO src.train.trainer: Epoch 190
2026-04-02 10:50:57,678 INFO src.train.trainer: Last model at epoch 190 saved to checkpoints/etas_20260402-105032/last_model_1.pth
2026-04-02 10:50:57,679 INFO src.train.trainer: Epoch 191
2026-04-02 10:50:57,747 INFO src.train.trainer: Last model at epoch 191 saved to checkpoints/etas_20260402-105032/last_model_1.pth
2026-04-02 10:50:57,747 INFO src.train.trainer: Epoch 192
2026-04-02 10:50:57,804 INFO src.train.trainer: Last model at epoch 192 saved to checkpoints/etas_20260402-105032/last_model_1.pth
2026-04-02 10:50:57,804 INFO src.train.trainer: Epoch 193
2026-04-02 10:50:57,854 INFO src.train.trainer: Last model at epoch 193 saved to checkpoints/etas_20260402-105032/last_model_1.pth
2026-04-02 10:50:57,854 INFO src.train.trainer: Epoch 194
2026-04-02 10:50:57,901 INFO src.train.trainer: Last model at epoch 194 saved to checkpoints/etas_20260402-105032/last_model_1.pth
2026-04-02 10:50:57,902 INFO src.train.trainer: Epoch 195
2026-04-02 10:50:57,951 INFO src.train.trainer: Last model at epoch 195 saved to checkpoints/etas_20260402-105032/last_model_1.pth
2026-04-02 10:50:57,951 INFO src.train.trainer: Epoch 196
2026-04-02 10:50:58,019 INFO src.train.trainer: Last model at epoch 196 saved to checkpoints/etas_20260402-105032/last_model_1.pth
2026-04-02 10:50:58,019 INFO src.train.trainer: Epoch 197
2026-04-02 10:50:58,063 INFO src.train.trainer: Last model at epoch 197 saved to checkpoints/etas_20260402-105032/last_model_1.pth
2026-04-02 10:50:58,063 INFO src.train.trainer: Epoch 198
2026-04-02 10:50:58,109 INFO src.train.trainer: Last model at epoch 198 saved to checkpoints/etas_20260402-105032/last_model_1.pth
2026-04-02 10:50:58,110 INFO src.train.trainer: Epoch 199
2026-04-02 10:50:58,158 INFO src.train.trainer: Last model at epoch 199 saved to checkpoints/etas_20260402-105032/last_model_1.pth
2026-04-02 10:50:58,159 INFO src.train.trainer: Epoch 200
2026-04-02 10:50:58,208 INFO src.train.trainer: Last model at epoch 200 saved to checkpoints/etas_20260402-105032/last_model_1.pth
2026-04-02 10:50:58,208 INFO src.train.trainer: Epoch 201
2026-04-02 10:50:58,259 INFO src.train.trainer: Last model at epoch 201 saved to checkpoints/etas_20260402-105032/last_model_1.pth
2026-04-02 10:50:58,259 INFO src.train.trainer: Epoch 202
2026-04-02 10:50:58,309 INFO src.train.trainer: Last model at epoch 202 saved to checkpoints/etas_20260402-105032/last_model_1.pth
2026-04-02 10:50:58,309 INFO src.train.trainer: Epoch 203
2026-04-02 10:50:58,362 INFO src.train.trainer: Last model at epoch 203 saved to checkpoints/etas_20260402-105032/last_model_1.pth
2026-04-02 10:50:58,362 INFO src.train.trainer: Epoch 204
2026-04-02 10:50:58,417 INFO src.train.trainer: Last model at epoch 204 saved to checkpoints/etas_20260402-105032/last_model_1.pth
2026-04-02 10:50:58,417 INFO src.train.trainer: Epoch 205
2026-04-02 10:50:58,468 INFO src.train.trainer: Last model at epoch 205 saved to checkpoints/etas_20260402-105032/last_model_1.pth
2026-04-02 10:50:58,469 INFO src.train.trainer: Epoch 206
2026-04-02 10:50:58,522 INFO src.train.trainer: Last model at epoch 206 saved to checkpoints/etas_20260402-105032/last_model_1.pth
2026-04-02 10:50:58,522 INFO src.train.trainer: Epoch 207
2026-04-02 10:50:58,577 INFO src.train.trainer: Last model at epoch 207 saved to checkpoints/etas_20260402-105032/last_model_1.pth
2026-04-02 10:50:58,577 INFO src.train.trainer: Epoch 208
2026-04-02 10:50:58,631 INFO src.train.trainer: Last model at epoch 208 saved to checkpoints/etas_20260402-105032/last_model_1.pth
2026-04-02 10:50:58,632 INFO src.train.trainer: Epoch 209
2026-04-02 10:50:58,685 INFO src.train.trainer: Last model at epoch 209 saved to checkpoints/etas_20260402-105032/last_model_1.pth
2026-04-02 10:50:58,685 INFO src.train.trainer: Epoch 210
2026-04-02 10:50:58,741 INFO src.train.trainer: Last model at epoch 210 saved to checkpoints/etas_20260402-105032/last_model_1.pth
2026-04-02 10:50:58,742 INFO src.train.trainer: Epoch 211
2026-04-02 10:50:58,798 INFO src.train.trainer: Last model at epoch 211 saved to checkpoints/etas_20260402-105032/last_model_1.pth
2026-04-02 10:50:58,798 INFO src.train.trainer: Epoch 212
2026-04-02 10:50:58,853 INFO src.train.trainer: Last model at epoch 212 saved to checkpoints/etas_20260402-105032/last_model_1.pth
2026-04-02 10:50:58,853 INFO src.train.trainer: Epoch 213
2026-04-02 10:50:58,907 INFO src.train.trainer: Last model at epoch 213 saved to checkpoints/etas_20260402-105032/last_model_1.pth
2026-04-02 10:50:58,907 INFO src.train.trainer: Epoch 214
2026-04-02 10:50:58,963 INFO src.train.trainer: Last model at epoch 214 saved to checkpoints/etas_20260402-105032/last_model_1.pth
2026-04-02 10:50:58,963 INFO src.train.trainer: Epoch 215
2026-04-02 10:50:59,020 INFO src.train.trainer: Last model at epoch 215 saved to checkpoints/etas_20260402-105032/last_model_1.pth
2026-04-02 10:50:59,021 INFO src.train.trainer: Epoch 216
2026-04-02 10:50:59,078 INFO src.train.trainer: Last model at epoch 216 saved to checkpoints/etas_20260402-105032/last_model_1.pth
2026-04-02 10:50:59,078 INFO src.train.trainer: Epoch 217
2026-04-02 10:50:59,138 INFO src.train.trainer: Last model at epoch 217 saved to checkpoints/etas_20260402-105032/last_model_1.pth
2026-04-02 10:50:59,138 INFO src.train.trainer: Epoch 218
2026-04-02 10:50:59,194 INFO src.train.trainer: Last model at epoch 218 saved to checkpoints/etas_20260402-105032/last_model_1.pth
2026-04-02 10:50:59,194 INFO src.train.trainer: Epoch 219
2026-04-02 10:50:59,252 INFO src.train.trainer: Last model at epoch 219 saved to checkpoints/etas_20260402-105032/last_model_1.pth
2026-04-02 10:50:59,252 INFO src.train.trainer: Epoch 220
2026-04-02 10:50:59,310 INFO src.train.trainer: Last model at epoch 220 saved to checkpoints/etas_20260402-105032/last_model_1.pth
2026-04-02 10:50:59,310 INFO src.train.trainer: Epoch 221
2026-04-02 10:50:59,371 INFO src.train.trainer: Last model at epoch 221 saved to checkpoints/etas_20260402-105032/last_model_1.pth
2026-04-02 10:50:59,371 INFO src.train.trainer: Epoch 222
2026-04-02 10:50:59,430 INFO src.train.trainer: Last model at epoch 222 saved to checkpoints/etas_20260402-105032/last_model_1.pth
2026-04-02 10:50:59,430 INFO src.train.trainer: Epoch 223
2026-04-02 10:50:59,487 INFO src.train.trainer: Last model at epoch 223 saved to checkpoints/etas_20260402-105032/last_model_1.pth
2026-04-02 10:50:59,487 INFO src.train.trainer: Epoch 224
2026-04-02 10:50:59,544 INFO src.train.trainer: Last model at epoch 224 saved to checkpoints/etas_20260402-105032/last_model_1.pth
2026-04-02 10:50:59,544 INFO src.train.trainer: Epoch 225
2026-04-02 10:50:59,603 INFO src.train.trainer: Last model at epoch 225 saved to checkpoints/etas_20260402-105032/last_model_1.pth
2026-04-02 10:50:59,604 INFO src.train.trainer: Epoch 226
2026-04-02 10:50:59,662 INFO src.train.trainer: Last model at epoch 226 saved to checkpoints/etas_20260402-105032/last_model_1.pth
2026-04-02 10:50:59,662 INFO src.train.trainer: Epoch 227
2026-04-02 10:50:59,717 INFO src.train.trainer: Last model at epoch 227 saved to checkpoints/etas_20260402-105032/last_model_1.pth
2026-04-02 10:50:59,717 INFO src.train.trainer: Epoch 228
2026-04-02 10:50:59,774 INFO src.train.trainer: Last model at epoch 228 saved to checkpoints/etas_20260402-105032/last_model_1.pth
2026-04-02 10:50:59,774 INFO src.train.trainer: Epoch 229
2026-04-02 10:50:59,833 INFO src.train.trainer: Last model at epoch 229 saved to checkpoints/etas_20260402-105032/last_model_1.pth
2026-04-02 10:50:59,833 INFO src.train.trainer: Epoch 230
2026-04-02 10:50:59,889 INFO src.train.trainer: Last model at epoch 230 saved to checkpoints/etas_20260402-105032/last_model_1.pth
2026-04-02 10:50:59,889 INFO src.train.trainer: Epoch 231
2026-04-02 10:50:59,946 INFO src.train.trainer: Last model at epoch 231 saved to checkpoints/etas_20260402-105032/last_model_1.pth
2026-04-02 10:50:59,946 INFO src.train.trainer: Epoch 232
2026-04-02 10:51:00,002 INFO src.train.trainer: Last model at epoch 232 saved to checkpoints/etas_20260402-105032/last_model_1.pth
2026-04-02 10:51:00,002 INFO src.train.trainer: Epoch 233
2026-04-02 10:51:00,058 INFO src.train.trainer: Last model at epoch 233 saved to checkpoints/etas_20260402-105032/last_model_1.pth
2026-04-02 10:51:00,058 INFO src.train.trainer: Epoch 234
2026-04-02 10:51:00,117 INFO src.train.trainer: Last model at epoch 234 saved to checkpoints/etas_20260402-105032/last_model_1.pth
2026-04-02 10:51:00,117 INFO src.train.trainer: Epoch 235
2026-04-02 10:51:00,171 INFO src.train.trainer: Last model at epoch 235 saved to checkpoints/etas_20260402-105032/last_model_1.pth
2026-04-02 10:51:00,171 INFO src.train.trainer: Epoch 236
2026-04-02 10:51:00,224 INFO src.train.trainer: Last model at epoch 236 saved to checkpoints/etas_20260402-105032/last_model_1.pth
2026-04-02 10:51:00,224 INFO src.train.trainer: Epoch 237
2026-04-02 10:51:00,283 INFO src.train.trainer: Last model at epoch 237 saved to checkpoints/etas_20260402-105032/last_model_1.pth
2026-04-02 10:51:00,283 INFO src.train.trainer: Epoch 238
2026-04-02 10:51:00,340 INFO src.train.trainer: Last model at epoch 238 saved to checkpoints/etas_20260402-105032/last_model_1.pth
2026-04-02 10:51:00,340 INFO src.train.trainer: Epoch 239
2026-04-02 10:51:00,396 INFO src.train.trainer: Last model at epoch 239 saved to checkpoints/etas_20260402-105032/last_model_1.pth
2026-04-02 10:51:00,396 INFO src.train.trainer: Epoch 240
2026-04-02 10:51:00,454 INFO src.train.trainer: Last model at epoch 240 saved to checkpoints/etas_20260402-105032/last_model_1.pth
2026-04-02 10:51:00,454 INFO src.train.trainer: Epoch 241
2026-04-02 10:51:00,510 INFO src.train.trainer: Last model at epoch 241 saved to checkpoints/etas_20260402-105032/last_model_1.pth
2026-04-02 10:51:00,511 INFO src.train.trainer: Epoch 242
2026-04-02 10:51:00,570 INFO src.train.trainer: Last model at epoch 242 saved to checkpoints/etas_20260402-105032/last_model_1.pth
2026-04-02 10:51:00,570 INFO src.train.trainer: Epoch 243
2026-04-02 10:51:00,622 INFO src.train.trainer: Last model at epoch 243 saved to checkpoints/etas_20260402-105032/last_model_1.pth
2026-04-02 10:51:00,622 INFO src.train.trainer: Epoch 244
2026-04-02 10:51:00,679 INFO src.train.trainer: Last model at epoch 244 saved to checkpoints/etas_20260402-105032/last_model_1.pth
2026-04-02 10:51:00,679 INFO src.train.trainer: Epoch 245
2026-04-02 10:51:00,736 INFO src.train.trainer: Last model at epoch 245 saved to checkpoints/etas_20260402-105032/last_model_1.pth
2026-04-02 10:51:00,736 INFO src.train.trainer: Epoch 246
2026-04-02 10:51:00,796 INFO src.train.trainer: Last model at epoch 246 saved to checkpoints/etas_20260402-105032/last_model_1.pth
2026-04-02 10:51:00,797 INFO src.train.trainer: Epoch 247
2026-04-02 10:51:00,855 INFO src.train.trainer: Last model at epoch 247 saved to checkpoints/etas_20260402-105032/last_model_1.pth
2026-04-02 10:51:00,855 INFO src.train.trainer: Epoch 248
2026-04-02 10:51:00,913 INFO src.train.trainer: Last model at epoch 248 saved to checkpoints/etas_20260402-105032/last_model_1.pth
2026-04-02 10:51:00,913 INFO src.train.trainer: Epoch 249
2026-04-02 10:51:00,970 INFO src.train.trainer: Last model at epoch 249 saved to checkpoints/etas_20260402-105032/last_model_1.pth
2026-04-02 10:51:00,970 INFO src.train.trainer: Epoch 250
2026-04-02 10:51:01,030 INFO src.train.trainer: Last model at epoch 250 saved to checkpoints/etas_20260402-105032/last_model_1.pth
2026-04-02 10:51:01,030 INFO src.train.trainer: Epoch 251
2026-04-02 10:51:01,085 INFO src.train.trainer: Last model at epoch 251 saved to checkpoints/etas_20260402-105032/last_model_1.pth
2026-04-02 10:51:01,086 INFO src.train.trainer: Epoch 252
2026-04-02 10:51:01,143 INFO src.train.trainer: Last model at epoch 252 saved to checkpoints/etas_20260402-105032/last_model_1.pth
2026-04-02 10:51:01,143 INFO src.train.trainer: Epoch 253
2026-04-02 10:51:01,216 INFO src.train.trainer: Last model at epoch 253 saved to checkpoints/etas_20260402-105032/last_model_1.pth
2026-04-02 10:51:01,216 INFO src.train.trainer: Epoch 254
2026-04-02 10:51:01,275 INFO src.train.trainer: Last model at epoch 254 saved to checkpoints/etas_20260402-105032/last_model_1.pth
2026-04-02 10:51:01,275 INFO src.train.trainer: Epoch 255
2026-04-02 10:51:01,332 INFO src.train.trainer: Last model at epoch 255 saved to checkpoints/etas_20260402-105032/last_model_1.pth
2026-04-02 10:51:01,332 INFO src.train.trainer: Epoch 256
2026-04-02 10:51:01,388 INFO src.train.trainer: Last model at epoch 256 saved to checkpoints/etas_20260402-105032/last_model_1.pth
2026-04-02 10:51:01,389 INFO src.train.trainer: Epoch 257
2026-04-02 10:51:01,450 INFO src.train.trainer: Last model at epoch 257 saved to checkpoints/etas_20260402-105032/last_model_1.pth
2026-04-02 10:51:01,450 INFO src.train.trainer: Epoch 258
2026-04-02 10:51:01,507 INFO src.train.trainer: Last model at epoch 258 saved to checkpoints/etas_20260402-105032/last_model_1.pth
2026-04-02 10:51:01,507 INFO src.train.trainer: Epoch 259
2026-04-02 10:51:01,565 INFO src.train.trainer: Last model at epoch 259 saved to checkpoints/etas_20260402-105032/last_model_1.pth
2026-04-02 10:51:01,565 INFO src.train.trainer: Epoch 260
2026-04-02 10:51:01,623 INFO src.train.trainer: Last model at epoch 260 saved to checkpoints/etas_20260402-105032/last_model_1.pth
2026-04-02 10:51:01,623 INFO src.train.trainer: Epoch 261
2026-04-02 10:51:01,681 INFO src.train.trainer: Last model at epoch 261 saved to checkpoints/etas_20260402-105032/last_model_1.pth
2026-04-02 10:51:01,681 INFO src.train.trainer: Epoch 262
2026-04-02 10:51:01,737 INFO src.train.trainer: Last model at epoch 262 saved to checkpoints/etas_20260402-105032/last_model_1.pth
2026-04-02 10:51:01,737 INFO src.train.trainer: Epoch 263
2026-04-02 10:51:01,793 INFO src.train.trainer: Last model at epoch 263 saved to checkpoints/etas_20260402-105032/last_model_1.pth
2026-04-02 10:51:01,793 INFO src.train.trainer: Epoch 264
2026-04-02 10:51:01,853 INFO src.train.trainer: Last model at epoch 264 saved to checkpoints/etas_20260402-105032/last_model_1.pth
2026-04-02 10:51:01,853 INFO src.train.trainer: Epoch 265
2026-04-02 10:51:01,910 INFO src.train.trainer: Last model at epoch 265 saved to checkpoints/etas_20260402-105032/last_model_1.pth
2026-04-02 10:51:01,911 INFO src.train.trainer: Epoch 266
2026-04-02 10:51:01,968 INFO src.train.trainer: Last model at epoch 266 saved to checkpoints/etas_20260402-105032/last_model_1.pth
2026-04-02 10:51:01,968 INFO src.train.trainer: Epoch 267
2026-04-02 10:51:02,028 INFO src.train.trainer: Last model at epoch 267 saved to checkpoints/etas_20260402-105032/last_model_1.pth
2026-04-02 10:51:02,028 INFO src.train.trainer: Epoch 268
2026-04-02 10:51:02,085 INFO src.train.trainer: Last model at epoch 268 saved to checkpoints/etas_20260402-105032/last_model_1.pth
2026-04-02 10:51:02,085 INFO src.train.trainer: Epoch 269
2026-04-02 10:51:02,144 INFO src.train.trainer: Last model at epoch 269 saved to checkpoints/etas_20260402-105032/last_model_1.pth
2026-04-02 10:51:02,144 INFO src.train.trainer: Epoch 270
2026-04-02 10:51:02,200 INFO src.train.trainer: Last model at epoch 270 saved to checkpoints/etas_20260402-105032/last_model_1.pth
2026-04-02 10:51:02,201 INFO src.train.trainer: Epoch 271
2026-04-02 10:51:02,260 INFO src.train.trainer: Last model at epoch 271 saved to checkpoints/etas_20260402-105032/last_model_1.pth
2026-04-02 10:51:02,260 INFO src.train.trainer: Epoch 272
2026-04-02 10:51:02,321 INFO src.train.trainer: Last model at epoch 272 saved to checkpoints/etas_20260402-105032/last_model_1.pth
2026-04-02 10:51:02,321 INFO src.train.trainer: Epoch 273
2026-04-02 10:51:02,379 INFO src.train.trainer: Last model at epoch 273 saved to checkpoints/etas_20260402-105032/last_model_1.pth
2026-04-02 10:51:02,379 INFO src.train.trainer: Epoch 274
2026-04-02 10:51:02,438 INFO src.train.trainer: Last model at epoch 274 saved to checkpoints/etas_20260402-105032/last_model_1.pth
2026-04-02 10:51:02,438 INFO src.train.trainer: Epoch 275
2026-04-02 10:51:02,501 INFO src.train.trainer: Last model at epoch 275 saved to checkpoints/etas_20260402-105032/last_model_1.pth
2026-04-02 10:51:02,502 INFO src.train.trainer: Epoch 276
2026-04-02 10:51:02,562 INFO src.train.trainer: Last model at epoch 276 saved to checkpoints/etas_20260402-105032/last_model_1.pth
2026-04-02 10:51:02,562 INFO src.train.trainer: Epoch 277
2026-04-02 10:51:02,620 INFO src.train.trainer: Last model at epoch 277 saved to checkpoints/etas_20260402-105032/last_model_1.pth
2026-04-02 10:51:02,620 INFO src.train.trainer: Epoch 278
2026-04-02 10:51:02,677 INFO src.train.trainer: Last model at epoch 278 saved to checkpoints/etas_20260402-105032/last_model_1.pth
2026-04-02 10:51:02,677 INFO src.train.trainer: Epoch 279
2026-04-02 10:51:02,736 INFO src.train.trainer: Last model at epoch 279 saved to checkpoints/etas_20260402-105032/last_model_1.pth
2026-04-02 10:51:02,736 INFO src.train.trainer: Epoch 280
2026-04-02 10:51:02,795 INFO src.train.trainer: Last model at epoch 280 saved to checkpoints/etas_20260402-105032/last_model_1.pth
2026-04-02 10:51:02,795 INFO src.train.trainer: Epoch 281
2026-04-02 10:51:02,852 INFO src.train.trainer: Last model at epoch 281 saved to checkpoints/etas_20260402-105032/last_model_1.pth
2026-04-02 10:51:02,852 INFO src.train.trainer: Epoch 282
2026-04-02 10:51:02,909 INFO src.train.trainer: Last model at epoch 282 saved to checkpoints/etas_20260402-105032/last_model_1.pth
2026-04-02 10:51:02,910 INFO src.train.trainer: Epoch 283
2026-04-02 10:51:02,968 INFO src.train.trainer: Last model at epoch 283 saved to checkpoints/etas_20260402-105032/last_model_1.pth
2026-04-02 10:51:02,968 INFO src.train.trainer: Epoch 284
2026-04-02 10:51:03,025 INFO src.train.trainer: Last model at epoch 284 saved to checkpoints/etas_20260402-105032/last_model_1.pth
2026-04-02 10:51:03,025 INFO src.train.trainer: Epoch 285
2026-04-02 10:51:03,086 INFO src.train.trainer: Last model at epoch 285 saved to checkpoints/etas_20260402-105032/last_model_1.pth
2026-04-02 10:51:03,086 INFO src.train.trainer: Epoch 286
2026-04-02 10:51:03,144 INFO src.train.trainer: Last model at epoch 286 saved to checkpoints/etas_20260402-105032/last_model_1.pth
2026-04-02 10:51:03,144 INFO src.train.trainer: Epoch 287
2026-04-02 10:51:03,205 INFO src.train.trainer: Last model at epoch 287 saved to checkpoints/etas_20260402-105032/last_model_1.pth
2026-04-02 10:51:03,206 INFO src.train.trainer: Epoch 288
2026-04-02 10:51:03,263 INFO src.train.trainer: Last model at epoch 288 saved to checkpoints/etas_20260402-105032/last_model_1.pth
2026-04-02 10:51:03,263 INFO src.train.trainer: Epoch 289
2026-04-02 10:51:03,319 INFO src.train.trainer: Last model at epoch 289 saved to checkpoints/etas_20260402-105032/last_model_1.pth
2026-04-02 10:51:03,319 INFO src.train.trainer: Epoch 290
2026-04-02 10:51:03,375 INFO src.train.trainer: Last model at epoch 290 saved to checkpoints/etas_20260402-105032/last_model_1.pth
2026-04-02 10:51:03,375 INFO src.train.trainer: Epoch 291
2026-04-02 10:51:03,432 INFO src.train.trainer: Last model at epoch 291 saved to checkpoints/etas_20260402-105032/last_model_1.pth
2026-04-02 10:51:03,433 INFO src.train.trainer: Epoch 292
2026-04-02 10:51:03,489 INFO src.train.trainer: Last model at epoch 292 saved to checkpoints/etas_20260402-105032/last_model_1.pth
2026-04-02 10:51:03,489 INFO src.train.trainer: Epoch 293
2026-04-02 10:51:03,546 INFO src.train.trainer: Last model at epoch 293 saved to checkpoints/etas_20260402-105032/last_model_1.pth
2026-04-02 10:51:03,546 INFO src.train.trainer: Epoch 294
2026-04-02 10:51:03,601 INFO src.train.trainer: Last model at epoch 294 saved to checkpoints/etas_20260402-105032/last_model_1.pth
2026-04-02 10:51:03,601 INFO src.train.trainer: Epoch 295
2026-04-02 10:51:03,659 INFO src.train.trainer: Last model at epoch 295 saved to checkpoints/etas_20260402-105032/last_model_1.pth
2026-04-02 10:51:03,659 INFO src.train.trainer: Epoch 296
2026-04-02 10:51:03,716 INFO src.train.trainer: Last model at epoch 296 saved to checkpoints/etas_20260402-105032/last_model_1.pth
2026-04-02 10:51:03,716 INFO src.train.trainer: Epoch 297
2026-04-02 10:51:03,773 INFO src.train.trainer: Last model at epoch 297 saved to checkpoints/etas_20260402-105032/last_model_1.pth
2026-04-02 10:51:03,773 INFO src.train.trainer: Epoch 298
2026-04-02 10:51:03,829 INFO src.train.trainer: Last model at epoch 298 saved to checkpoints/etas_20260402-105032/last_model_1.pth
2026-04-02 10:51:03,829 INFO src.train.trainer: Epoch 299
2026-04-02 10:51:03,886 INFO src.train.trainer: Last model at epoch 299 saved to checkpoints/etas_20260402-105032/last_model_1.pth
2026-04-02 10:51:03,886 INFO src.train.trainer: Epoch 300
2026-04-02 10:51:03,945 INFO src.train.trainer: Last model at epoch 300 saved to checkpoints/etas_20260402-105032/last_model_1.pth
2026-04-02 10:51:03,945 INFO src.train.trainer: Epoch 301
2026-04-02 10:51:04,004 INFO src.train.trainer: Last model at epoch 301 saved to checkpoints/etas_20260402-105032/last_model_1.pth
2026-04-02 10:51:04,004 INFO src.train.trainer: Epoch 302
2026-04-02 10:51:04,060 INFO src.train.trainer: Last model at epoch 302 saved to checkpoints/etas_20260402-105032/last_model_1.pth
2026-04-02 10:51:04,060 INFO src.train.trainer: Epoch 303
2026-04-02 10:51:04,116 INFO src.train.trainer: Last model at epoch 303 saved to checkpoints/etas_20260402-105032/last_model_1.pth
2026-04-02 10:51:04,116 INFO src.train.trainer: Epoch 304
2026-04-02 10:51:04,178 INFO src.train.trainer: Last model at epoch 304 saved to checkpoints/etas_20260402-105032/last_model_1.pth
2026-04-02 10:51:04,178 INFO src.train.trainer: Epoch 305
2026-04-02 10:51:04,237 INFO src.train.trainer: Last model at epoch 305 saved to checkpoints/etas_20260402-105032/last_model_1.pth
2026-04-02 10:51:04,237 INFO src.train.trainer: Epoch 306
2026-04-02 10:51:04,292 INFO src.train.trainer: Last model at epoch 306 saved to checkpoints/etas_20260402-105032/last_model_1.pth
2026-04-02 10:51:04,292 INFO src.train.trainer: Epoch 307
2026-04-02 10:51:04,348 INFO src.train.trainer: Last model at epoch 307 saved to checkpoints/etas_20260402-105032/last_model_1.pth
2026-04-02 10:51:04,348 INFO src.train.trainer: Epoch 308
2026-04-02 10:51:04,405 INFO src.train.trainer: Last model at epoch 308 saved to checkpoints/etas_20260402-105032/last_model_1.pth
2026-04-02 10:51:04,405 INFO src.train.trainer: Epoch 309
2026-04-02 10:51:04,463 INFO src.train.trainer: Last model at epoch 309 saved to checkpoints/etas_20260402-105032/last_model_1.pth
2026-04-02 10:51:04,463 INFO src.train.trainer: Epoch 310
2026-04-02 10:51:04,520 INFO src.train.trainer: Last model at epoch 310 saved to checkpoints/etas_20260402-105032/last_model_1.pth
2026-04-02 10:51:04,520 INFO src.train.trainer: Epoch 311
2026-04-02 10:51:04,575 INFO src.train.trainer: Last model at epoch 311 saved to checkpoints/etas_20260402-105032/last_model_1.pth
2026-04-02 10:51:04,575 INFO src.train.trainer: Epoch 312
2026-04-02 10:51:04,630 INFO src.train.trainer: Last model at epoch 312 saved to checkpoints/etas_20260402-105032/last_model_1.pth
2026-04-02 10:51:04,630 INFO src.train.trainer: Epoch 313
2026-04-02 10:51:04,686 INFO src.train.trainer: Last model at epoch 313 saved to checkpoints/etas_20260402-105032/last_model_1.pth
2026-04-02 10:51:04,687 INFO src.train.trainer: Epoch 314
2026-04-02 10:51:04,742 INFO src.train.trainer: Last model at epoch 314 saved to checkpoints/etas_20260402-105032/last_model_1.pth
2026-04-02 10:51:04,742 INFO src.train.trainer: Epoch 315
2026-04-02 10:51:04,800 INFO src.train.trainer: Last model at epoch 315 saved to checkpoints/etas_20260402-105032/last_model_1.pth
2026-04-02 10:51:04,801 INFO src.train.trainer: Epoch 316
2026-04-02 10:51:04,857 INFO src.train.trainer: Last model at epoch 316 saved to checkpoints/etas_20260402-105032/last_model_1.pth
2026-04-02 10:51:04,857 INFO src.train.trainer: Epoch 317
2026-04-02 10:51:04,916 INFO src.train.trainer: Last model at epoch 317 saved to checkpoints/etas_20260402-105032/last_model_1.pth
2026-04-02 10:51:04,917 INFO src.train.trainer: Epoch 318
2026-04-02 10:51:04,976 INFO src.train.trainer: Last model at epoch 318 saved to checkpoints/etas_20260402-105032/last_model_1.pth
2026-04-02 10:51:04,976 INFO src.train.trainer: Epoch 319
2026-04-02 10:51:05,036 INFO src.train.trainer: Last model at epoch 319 saved to checkpoints/etas_20260402-105032/last_model_1.pth
2026-04-02 10:51:05,037 INFO src.train.trainer: Epoch 320
2026-04-02 10:51:05,093 INFO src.train.trainer: Last model at epoch 320 saved to checkpoints/etas_20260402-105032/last_model_1.pth
2026-04-02 10:51:05,094 INFO src.train.trainer: Epoch 321
2026-04-02 10:51:05,150 INFO src.train.trainer: Last model at epoch 321 saved to checkpoints/etas_20260402-105032/last_model_1.pth
2026-04-02 10:51:05,150 INFO src.train.trainer: Epoch 322
2026-04-02 10:51:05,206 INFO src.train.trainer: Last model at epoch 322 saved to checkpoints/etas_20260402-105032/last_model_1.pth
2026-04-02 10:51:05,206 INFO src.train.trainer: Epoch 323
2026-04-02 10:51:05,264 INFO src.train.trainer: Last model at epoch 323 saved to checkpoints/etas_20260402-105032/last_model_1.pth
2026-04-02 10:51:05,264 INFO src.train.trainer: Epoch 324
2026-04-02 10:51:05,319 INFO src.train.trainer: Last model at epoch 324 saved to checkpoints/etas_20260402-105032/last_model_1.pth
2026-04-02 10:51:05,320 INFO src.train.trainer: Epoch 325
2026-04-02 10:51:05,375 INFO src.train.trainer: Last model at epoch 325 saved to checkpoints/etas_20260402-105032/last_model_1.pth
2026-04-02 10:51:05,375 INFO src.train.trainer: Epoch 326
2026-04-02 10:51:05,430 INFO src.train.trainer: Last model at epoch 326 saved to checkpoints/etas_20260402-105032/last_model_1.pth
2026-04-02 10:51:05,431 INFO src.train.trainer: Epoch 327
2026-04-02 10:51:05,488 INFO src.train.trainer: Last model at epoch 327 saved to checkpoints/etas_20260402-105032/last_model_1.pth
2026-04-02 10:51:05,489 INFO src.train.trainer: Epoch 328
2026-04-02 10:51:05,542 INFO src.train.trainer: Last model at epoch 328 saved to checkpoints/etas_20260402-105032/last_model_1.pth
2026-04-02 10:51:05,542 INFO src.train.trainer: Epoch 329
2026-04-02 10:51:05,597 INFO src.train.trainer: Last model at epoch 329 saved to checkpoints/etas_20260402-105032/last_model_1.pth
2026-04-02 10:51:05,598 INFO src.train.trainer: Epoch 330
2026-04-02 10:51:05,654 INFO src.train.trainer: Last model at epoch 330 saved to checkpoints/etas_20260402-105032/last_model_1.pth
2026-04-02 10:51:05,654 INFO src.train.trainer: Epoch 331
2026-04-02 10:51:05,715 INFO src.train.trainer: Last model at epoch 331 saved to checkpoints/etas_20260402-105032/last_model_1.pth
2026-04-02 10:51:05,715 INFO src.train.trainer: Epoch 332
2026-04-02 10:51:05,770 INFO src.train.trainer: Last model at epoch 332 saved to checkpoints/etas_20260402-105032/last_model_1.pth
2026-04-02 10:51:05,771 INFO src.train.trainer: Epoch 333
2026-04-02 10:51:05,827 INFO src.train.trainer: Last model at epoch 333 saved to checkpoints/etas_20260402-105032/last_model_1.pth
2026-04-02 10:51:05,827 INFO src.train.trainer: Epoch 334
2026-04-02 10:51:05,886 INFO src.train.trainer: Last model at epoch 334 saved to checkpoints/etas_20260402-105032/last_model_1.pth
2026-04-02 10:51:05,886 INFO src.train.trainer: Epoch 335
2026-04-02 10:51:05,943 INFO src.train.trainer: Last model at epoch 335 saved to checkpoints/etas_20260402-105032/last_model_1.pth
2026-04-02 10:51:05,943 INFO src.train.trainer: Epoch 336
2026-04-02 10:51:05,999 INFO src.train.trainer: Last model at epoch 336 saved to checkpoints/etas_20260402-105032/last_model_1.pth
2026-04-02 10:51:05,999 INFO src.train.trainer: Epoch 337
2026-04-02 10:51:06,055 INFO src.train.trainer: Last model at epoch 337 saved to checkpoints/etas_20260402-105032/last_model_1.pth
2026-04-02 10:51:06,055 INFO src.train.trainer: Epoch 338
2026-04-02 10:51:06,111 INFO src.train.trainer: Last model at epoch 338 saved to checkpoints/etas_20260402-105032/last_model_1.pth
2026-04-02 10:51:06,111 INFO src.train.trainer: Epoch 339
2026-04-02 10:51:06,168 INFO src.train.trainer: Last model at epoch 339 saved to checkpoints/etas_20260402-105032/last_model_1.pth
2026-04-02 10:51:06,168 INFO src.train.trainer: Epoch 340
2026-04-02 10:51:06,224 INFO src.train.trainer: Last model at epoch 340 saved to checkpoints/etas_20260402-105032/last_model_1.pth
2026-04-02 10:51:06,225 INFO src.train.trainer: Epoch 341
2026-04-02 10:51:06,281 INFO src.train.trainer: Last model at epoch 341 saved to checkpoints/etas_20260402-105032/last_model_1.pth
2026-04-02 10:51:06,281 INFO src.train.trainer: Epoch 342
2026-04-02 10:51:06,340 INFO src.train.trainer: Last model at epoch 342 saved to checkpoints/etas_20260402-105032/last_model_1.pth
2026-04-02 10:51:06,340 INFO src.train.trainer: Epoch 343
2026-04-02 10:51:06,398 INFO src.train.trainer: Last model at epoch 343 saved to checkpoints/etas_20260402-105032/last_model_1.pth
2026-04-02 10:51:06,398 INFO src.train.trainer: Epoch 344
2026-04-02 10:51:06,452 INFO src.train.trainer: Last model at epoch 344 saved to checkpoints/etas_20260402-105032/last_model_1.pth
2026-04-02 10:51:06,452 INFO src.train.trainer: Epoch 345
2026-04-02 10:51:06,510 INFO src.train.trainer: Last model at epoch 345 saved to checkpoints/etas_20260402-105032/last_model_1.pth
2026-04-02 10:51:06,510 INFO src.train.trainer: Epoch 346
2026-04-02 10:51:06,569 INFO src.train.trainer: Last model at epoch 346 saved to checkpoints/etas_20260402-105032/last_model_1.pth
2026-04-02 10:51:06,570 INFO src.train.trainer: Epoch 347
2026-04-02 10:51:06,627 INFO src.train.trainer: Last model at epoch 347 saved to checkpoints/etas_20260402-105032/last_model_1.pth
2026-04-02 10:51:06,627 INFO src.train.trainer: Epoch 348
2026-04-02 10:51:06,686 INFO src.train.trainer: Last model at epoch 348 saved to checkpoints/etas_20260402-105032/last_model_1.pth
2026-04-02 10:51:06,687 INFO src.train.trainer: Epoch 349
2026-04-02 10:51:06,742 INFO src.train.trainer: Last model at epoch 349 saved to checkpoints/etas_20260402-105032/last_model_1.pth
2026-04-02 10:51:06,743 INFO src.train.trainer: Epoch 350
2026-04-02 10:51:06,800 INFO src.train.trainer: Last model at epoch 350 saved to checkpoints/etas_20260402-105032/last_model_1.pth
2026-04-02 10:51:06,801 INFO src.train.trainer: Epoch 351
2026-04-02 10:51:06,856 INFO src.train.trainer: Last model at epoch 351 saved to checkpoints/etas_20260402-105032/last_model_1.pth
2026-04-02 10:51:06,857 INFO src.train.trainer: Epoch 352
2026-04-02 10:51:06,912 INFO src.train.trainer: Last model at epoch 352 saved to checkpoints/etas_20260402-105032/last_model_1.pth
2026-04-02 10:51:06,913 INFO src.train.trainer: Epoch 353
2026-04-02 10:51:06,971 INFO src.train.trainer: Last model at epoch 353 saved to checkpoints/etas_20260402-105032/last_model_1.pth
2026-04-02 10:51:06,971 INFO src.train.trainer: Epoch 354
2026-04-02 10:51:07,026 INFO src.train.trainer: Last model at epoch 354 saved to checkpoints/etas_20260402-105032/last_model_1.pth
2026-04-02 10:51:07,026 INFO src.train.trainer: Epoch 355
2026-04-02 10:51:07,083 INFO src.train.trainer: Last model at epoch 355 saved to checkpoints/etas_20260402-105032/last_model_1.pth
2026-04-02 10:51:07,083 INFO src.train.trainer: Epoch 356
2026-04-02 10:51:07,138 INFO src.train.trainer: Last model at epoch 356 saved to checkpoints/etas_20260402-105032/last_model_1.pth
2026-04-02 10:51:07,138 INFO src.train.trainer: Epoch 357
2026-04-02 10:51:07,192 INFO src.train.trainer: Last model at epoch 357 saved to checkpoints/etas_20260402-105032/last_model_1.pth
2026-04-02 10:51:07,192 INFO src.train.trainer: Epoch 358
2026-04-02 10:51:07,248 INFO src.train.trainer: Last model at epoch 358 saved to checkpoints/etas_20260402-105032/last_model_1.pth
2026-04-02 10:51:07,248 INFO src.train.trainer: Epoch 359
2026-04-02 10:51:07,304 INFO src.train.trainer: Last model at epoch 359 saved to checkpoints/etas_20260402-105032/last_model_1.pth
2026-04-02 10:51:07,304 INFO src.train.trainer: Epoch 360
2026-04-02 10:51:07,359 INFO src.train.trainer: Last model at epoch 360 saved to checkpoints/etas_20260402-105032/last_model_1.pth
2026-04-02 10:51:07,359 INFO src.train.trainer: Epoch 361
2026-04-02 10:51:07,414 INFO src.train.trainer: Last model at epoch 361 saved to checkpoints/etas_20260402-105032/last_model_1.pth
2026-04-02 10:51:07,415 INFO src.train.trainer: Epoch 362
2026-04-02 10:51:07,472 INFO src.train.trainer: Last model at epoch 362 saved to checkpoints/etas_20260402-105032/last_model_1.pth
2026-04-02 10:51:07,472 INFO src.train.trainer: Epoch 363
2026-04-02 10:51:07,529 INFO src.train.trainer: Last model at epoch 363 saved to checkpoints/etas_20260402-105032/last_model_1.pth
2026-04-02 10:51:07,529 INFO src.train.trainer: Epoch 364
2026-04-02 10:51:07,583 INFO src.train.trainer: Last model at epoch 364 saved to checkpoints/etas_20260402-105032/last_model_1.pth
2026-04-02 10:51:07,583 INFO src.train.trainer: Epoch 365
2026-04-02 10:51:07,639 INFO src.train.trainer: Last model at epoch 365 saved to checkpoints/etas_20260402-105032/last_model_1.pth
2026-04-02 10:51:07,639 INFO src.train.trainer: Epoch 366
2026-04-02 10:51:07,694 INFO src.train.trainer: Last model at epoch 366 saved to checkpoints/etas_20260402-105032/last_model_1.pth
2026-04-02 10:51:07,694 INFO src.train.trainer: Epoch 367
2026-04-02 10:51:07,748 INFO src.train.trainer: Last model at epoch 367 saved to checkpoints/etas_20260402-105032/last_model_1.pth
2026-04-02 10:51:07,748 INFO src.train.trainer: Epoch 368
2026-04-02 10:51:07,804 INFO src.train.trainer: Last model at epoch 368 saved to checkpoints/etas_20260402-105032/last_model_1.pth
2026-04-02 10:51:07,805 INFO src.train.trainer: Epoch 369
2026-04-02 10:51:07,861 INFO src.train.trainer: Last model at epoch 369 saved to checkpoints/etas_20260402-105032/last_model_1.pth
2026-04-02 10:51:07,861 INFO src.train.trainer: Epoch 370
2026-04-02 10:51:07,921 INFO src.train.trainer: Last model at epoch 370 saved to checkpoints/etas_20260402-105032/last_model_1.pth
2026-04-02 10:51:07,921 INFO src.train.trainer: Epoch 371
2026-04-02 10:51:07,978 INFO src.train.trainer: Last model at epoch 371 saved to checkpoints/etas_20260402-105032/last_model_1.pth
2026-04-02 10:51:07,979 INFO src.train.trainer: Epoch 372
2026-04-02 10:51:08,036 INFO src.train.trainer: Last model at epoch 372 saved to checkpoints/etas_20260402-105032/last_model_1.pth
2026-04-02 10:51:08,036 INFO src.train.trainer: Epoch 373
2026-04-02 10:51:08,093 INFO src.train.trainer: Last model at epoch 373 saved to checkpoints/etas_20260402-105032/last_model_1.pth
2026-04-02 10:51:08,093 INFO src.train.trainer: Epoch 374
2026-04-02 10:51:08,151 INFO src.train.trainer: Last model at epoch 374 saved to checkpoints/etas_20260402-105032/last_model_1.pth
2026-04-02 10:51:08,151 INFO src.train.trainer: Epoch 375
2026-04-02 10:51:08,208 INFO src.train.trainer: Last model at epoch 375 saved to checkpoints/etas_20260402-105032/last_model_1.pth
2026-04-02 10:51:08,208 INFO src.train.trainer: Epoch 376
2026-04-02 10:51:08,266 INFO src.train.trainer: Last model at epoch 376 saved to checkpoints/etas_20260402-105032/last_model_1.pth
2026-04-02 10:51:08,266 INFO src.train.trainer: Epoch 377
2026-04-02 10:51:08,325 INFO src.train.trainer: Last model at epoch 377 saved to checkpoints/etas_20260402-105032/last_model_1.pth
2026-04-02 10:51:08,325 INFO src.train.trainer: Epoch 378
2026-04-02 10:51:08,380 INFO src.train.trainer: Last model at epoch 378 saved to checkpoints/etas_20260402-105032/last_model_1.pth
2026-04-02 10:51:08,380 INFO src.train.trainer: Epoch 379
2026-04-02 10:51:08,437 INFO src.train.trainer: Last model at epoch 379 saved to checkpoints/etas_20260402-105032/last_model_1.pth
2026-04-02 10:51:08,437 INFO src.train.trainer: Epoch 380
2026-04-02 10:51:08,497 INFO src.train.trainer: Last model at epoch 380 saved to checkpoints/etas_20260402-105032/last_model_1.pth
2026-04-02 10:51:08,497 INFO src.train.trainer: Epoch 381
2026-04-02 10:51:08,558 INFO src.train.trainer: Last model at epoch 381 saved to checkpoints/etas_20260402-105032/last_model_1.pth
2026-04-02 10:51:08,558 INFO src.train.trainer: Epoch 382
2026-04-02 10:51:08,614 INFO src.train.trainer: Last model at epoch 382 saved to checkpoints/etas_20260402-105032/last_model_1.pth
2026-04-02 10:51:08,614 INFO src.train.trainer: Epoch 383
2026-04-02 10:51:08,667 INFO src.train.trainer: Last model at epoch 383 saved to checkpoints/etas_20260402-105032/last_model_1.pth
2026-04-02 10:51:08,667 INFO src.train.trainer: Epoch 384
2026-04-02 10:51:08,722 INFO src.train.trainer: Last model at epoch 384 saved to checkpoints/etas_20260402-105032/last_model_1.pth
2026-04-02 10:51:08,722 INFO src.train.trainer: Epoch 385
2026-04-02 10:51:08,776 INFO src.train.trainer: Last model at epoch 385 saved to checkpoints/etas_20260402-105032/last_model_1.pth
2026-04-02 10:51:08,776 INFO src.train.trainer: Epoch 386
2026-04-02 10:51:08,829 INFO src.train.trainer: Last model at epoch 386 saved to checkpoints/etas_20260402-105032/last_model_1.pth
2026-04-02 10:51:08,829 INFO src.train.trainer: Epoch 387
2026-04-02 10:51:08,884 INFO src.train.trainer: Last model at epoch 387 saved to checkpoints/etas_20260402-105032/last_model_1.pth
2026-04-02 10:51:08,885 INFO src.train.trainer: Epoch 388
2026-04-02 10:51:08,940 INFO src.train.trainer: Last model at epoch 388 saved to checkpoints/etas_20260402-105032/last_model_1.pth
2026-04-02 10:51:08,940 INFO src.train.trainer: Epoch 389
2026-04-02 10:51:08,995 INFO src.train.trainer: Last model at epoch 389 saved to checkpoints/etas_20260402-105032/last_model_1.pth
2026-04-02 10:51:08,995 INFO src.train.trainer: Epoch 390
2026-04-02 10:51:09,051 INFO src.train.trainer: Last model at epoch 390 saved to checkpoints/etas_20260402-105032/last_model_1.pth
2026-04-02 10:51:09,051 INFO src.train.trainer: Epoch 391
2026-04-02 10:51:09,107 INFO src.train.trainer: Last model at epoch 391 saved to checkpoints/etas_20260402-105032/last_model_1.pth
2026-04-02 10:51:09,107 INFO src.train.trainer: Epoch 392
2026-04-02 10:51:09,165 INFO src.train.trainer: Last model at epoch 392 saved to checkpoints/etas_20260402-105032/last_model_1.pth
2026-04-02 10:51:09,165 INFO src.train.trainer: Epoch 393
2026-04-02 10:51:09,223 INFO src.train.trainer: Last model at epoch 393 saved to checkpoints/etas_20260402-105032/last_model_1.pth
2026-04-02 10:51:09,223 INFO src.train.trainer: Epoch 394
2026-04-02 10:51:09,280 INFO src.train.trainer: Last model at epoch 394 saved to checkpoints/etas_20260402-105032/last_model_1.pth
2026-04-02 10:51:09,281 INFO src.train.trainer: Epoch 395
2026-04-02 10:51:09,337 INFO src.train.trainer: Last model at epoch 395 saved to checkpoints/etas_20260402-105032/last_model_1.pth
2026-04-02 10:51:09,337 INFO src.train.trainer: Epoch 396
2026-04-02 10:51:09,391 INFO src.train.trainer: Last model at epoch 396 saved to checkpoints/etas_20260402-105032/last_model_1.pth
2026-04-02 10:51:09,391 INFO src.train.trainer: Epoch 397
2026-04-02 10:51:09,444 INFO src.train.trainer: Last model at epoch 397 saved to checkpoints/etas_20260402-105032/last_model_1.pth
2026-04-02 10:51:09,444 INFO src.train.trainer: Epoch 398
2026-04-02 10:51:09,497 INFO src.train.trainer: Last model at epoch 398 saved to checkpoints/etas_20260402-105032/last_model_1.pth
2026-04-02 10:51:09,497 INFO src.train.trainer: Epoch 399
2026-04-02 10:51:09,553 INFO src.train.trainer: Last model at epoch 399 saved to checkpoints/etas_20260402-105032/last_model_1.pth
2026-04-02 10:51:09,553 INFO src.train.trainer: Epoch 400
2026-04-02 10:51:09,610 INFO src.train.trainer: Last model at epoch 400 saved to checkpoints/etas_20260402-105032/last_model_1.pth
2026-04-02 10:51:09,611 INFO src.train.trainer: Epoch 401
2026-04-02 10:51:09,669 INFO src.train.trainer: Last model at epoch 401 saved to checkpoints/etas_20260402-105032/last_model_1.pth
2026-04-02 10:51:09,669 INFO src.train.trainer: Epoch 402
2026-04-02 10:51:09,727 INFO src.train.trainer: Last model at epoch 402 saved to checkpoints/etas_20260402-105032/last_model_1.pth
2026-04-02 10:51:09,727 INFO src.train.trainer: Epoch 403
2026-04-02 10:51:09,784 INFO src.train.trainer: Last model at epoch 403 saved to checkpoints/etas_20260402-105032/last_model_1.pth
2026-04-02 10:51:09,784 INFO src.train.trainer: Epoch 404
2026-04-02 10:51:09,840 INFO src.train.trainer: Last model at epoch 404 saved to checkpoints/etas_20260402-105032/last_model_1.pth
2026-04-02 10:51:09,840 INFO src.train.trainer: Epoch 405
2026-04-02 10:51:09,896 INFO src.train.trainer: Last model at epoch 405 saved to checkpoints/etas_20260402-105032/last_model_1.pth
2026-04-02 10:51:09,896 INFO src.train.trainer: Epoch 406
2026-04-02 10:51:09,953 INFO src.train.trainer: Last model at epoch 406 saved to checkpoints/etas_20260402-105032/last_model_1.pth
2026-04-02 10:51:09,953 INFO src.train.trainer: Epoch 407
2026-04-02 10:51:10,012 INFO src.train.trainer: Last model at epoch 407 saved to checkpoints/etas_20260402-105032/last_model_1.pth
2026-04-02 10:51:10,012 INFO src.train.trainer: Epoch 408
2026-04-02 10:51:10,070 INFO src.train.trainer: Last model at epoch 408 saved to checkpoints/etas_20260402-105032/last_model_1.pth
2026-04-02 10:51:10,070 INFO src.train.trainer: Epoch 409
2026-04-02 10:51:10,128 INFO src.train.trainer: Last model at epoch 409 saved to checkpoints/etas_20260402-105032/last_model_1.pth
2026-04-02 10:51:10,128 INFO src.train.trainer: Epoch 410
2026-04-02 10:51:10,187 INFO src.train.trainer: Last model at epoch 410 saved to checkpoints/etas_20260402-105032/last_model_1.pth
2026-04-02 10:51:10,187 INFO src.train.trainer: Epoch 411
2026-04-02 10:51:10,242 INFO src.train.trainer: Last model at epoch 411 saved to checkpoints/etas_20260402-105032/last_model_1.pth
2026-04-02 10:51:10,243 INFO src.train.trainer: Epoch 412
2026-04-02 10:51:10,298 INFO src.train.trainer: Last model at epoch 412 saved to checkpoints/etas_20260402-105032/last_model_1.pth
2026-04-02 10:51:10,298 INFO src.train.trainer: Epoch 413
2026-04-02 10:51:10,353 INFO src.train.trainer: Last model at epoch 413 saved to checkpoints/etas_20260402-105032/last_model_1.pth
2026-04-02 10:51:10,353 INFO src.train.trainer: Epoch 414
2026-04-02 10:51:10,409 INFO src.train.trainer: Last model at epoch 414 saved to checkpoints/etas_20260402-105032/last_model_1.pth
2026-04-02 10:51:10,409 INFO src.train.trainer: Epoch 415
2026-04-02 10:51:10,467 INFO src.train.trainer: Last model at epoch 415 saved to checkpoints/etas_20260402-105032/last_model_1.pth
2026-04-02 10:51:10,467 INFO src.train.trainer: Epoch 416
2026-04-02 10:51:10,525 INFO src.train.trainer: Last model at epoch 416 saved to checkpoints/etas_20260402-105032/last_model_1.pth
2026-04-02 10:51:10,525 INFO src.train.trainer: Epoch 417
2026-04-02 10:51:10,583 INFO src.train.trainer: Last model at epoch 417 saved to checkpoints/etas_20260402-105032/last_model_1.pth
2026-04-02 10:51:10,583 INFO src.train.trainer: Epoch 418
2026-04-02 10:51:10,639 INFO src.train.trainer: Last model at epoch 418 saved to checkpoints/etas_20260402-105032/last_model_1.pth
2026-04-02 10:51:10,639 INFO src.train.trainer: Epoch 419
2026-04-02 10:51:10,695 INFO src.train.trainer: Last model at epoch 419 saved to checkpoints/etas_20260402-105032/last_model_1.pth
2026-04-02 10:51:10,696 INFO src.train.trainer: Epoch 420
2026-04-02 10:51:10,752 INFO src.train.trainer: Last model at epoch 420 saved to checkpoints/etas_20260402-105032/last_model_1.pth
2026-04-02 10:51:10,752 INFO src.train.trainer: Epoch 421
2026-04-02 10:51:10,808 INFO src.train.trainer: Last model at epoch 421 saved to checkpoints/etas_20260402-105032/last_model_1.pth
2026-04-02 10:51:10,809 INFO src.train.trainer: Epoch 422
2026-04-02 10:51:10,866 INFO src.train.trainer: Last model at epoch 422 saved to checkpoints/etas_20260402-105032/last_model_1.pth
2026-04-02 10:51:10,866 INFO src.train.trainer: Epoch 423
2026-04-02 10:51:10,925 INFO src.train.trainer: Last model at epoch 423 saved to checkpoints/etas_20260402-105032/last_model_1.pth
2026-04-02 10:51:10,925 INFO src.train.trainer: Epoch 424
2026-04-02 10:51:10,983 INFO src.train.trainer: Last model at epoch 424 saved to checkpoints/etas_20260402-105032/last_model_1.pth
2026-04-02 10:51:10,983 INFO src.train.trainer: Epoch 425
2026-04-02 10:51:11,039 INFO src.train.trainer: Last model at epoch 425 saved to checkpoints/etas_20260402-105032/last_model_1.pth
2026-04-02 10:51:11,039 INFO src.train.trainer: Epoch 426
2026-04-02 10:51:11,095 INFO src.train.trainer: Last model at epoch 426 saved to checkpoints/etas_20260402-105032/last_model_1.pth
2026-04-02 10:51:11,096 INFO src.train.trainer: Epoch 427
2026-04-02 10:51:11,152 INFO src.train.trainer: Last model at epoch 427 saved to checkpoints/etas_20260402-105032/last_model_1.pth
2026-04-02 10:51:11,153 INFO src.train.trainer: Epoch 428
2026-04-02 10:51:11,206 INFO src.train.trainer: Last model at epoch 428 saved to checkpoints/etas_20260402-105032/last_model_1.pth
2026-04-02 10:51:11,206 INFO src.train.trainer: Epoch 429
2026-04-02 10:51:11,252 INFO src.train.trainer: Last model at epoch 429 saved to checkpoints/etas_20260402-105032/last_model_1.pth
2026-04-02 10:51:11,252 INFO src.train.trainer: Epoch 430
2026-04-02 10:51:11,303 INFO src.train.trainer: Last model at epoch 430 saved to checkpoints/etas_20260402-105032/last_model_1.pth
2026-04-02 10:51:11,303 INFO src.train.trainer: Epoch 431
2026-04-02 10:51:11,355 INFO src.train.trainer: Last model at epoch 431 saved to checkpoints/etas_20260402-105032/last_model_1.pth
2026-04-02 10:51:11,355 INFO src.train.trainer: Epoch 432
2026-04-02 10:51:11,408 INFO src.train.trainer: Last model at epoch 432 saved to checkpoints/etas_20260402-105032/last_model_1.pth
2026-04-02 10:51:11,408 INFO src.train.trainer: Epoch 433
2026-04-02 10:51:11,464 INFO src.train.trainer: Last model at epoch 433 saved to checkpoints/etas_20260402-105032/last_model_1.pth
2026-04-02 10:51:11,464 INFO src.train.trainer: Epoch 434
2026-04-02 10:51:11,520 INFO src.train.trainer: Last model at epoch 434 saved to checkpoints/etas_20260402-105032/last_model_1.pth
2026-04-02 10:51:11,520 INFO src.train.trainer: Epoch 435
2026-04-02 10:51:11,575 INFO src.train.trainer: Last model at epoch 435 saved to checkpoints/etas_20260402-105032/last_model_1.pth
2026-04-02 10:51:11,575 INFO src.train.trainer: Epoch 436
2026-04-02 10:51:11,629 INFO src.train.trainer: Last model at epoch 436 saved to checkpoints/etas_20260402-105032/last_model_1.pth
2026-04-02 10:51:11,629 INFO src.train.trainer: Epoch 437
2026-04-02 10:51:11,687 INFO src.train.trainer: Last model at epoch 437 saved to checkpoints/etas_20260402-105032/last_model_1.pth
2026-04-02 10:51:11,687 INFO src.train.trainer: Epoch 438
2026-04-02 10:51:11,742 INFO src.train.trainer: Last model at epoch 438 saved to checkpoints/etas_20260402-105032/last_model_1.pth
2026-04-02 10:51:11,743 INFO src.train.trainer: Epoch 439
2026-04-02 10:51:11,800 INFO src.train.trainer: Last model at epoch 439 saved to checkpoints/etas_20260402-105032/last_model_1.pth
2026-04-02 10:51:11,800 INFO src.train.trainer: Epoch 440
2026-04-02 10:51:11,856 INFO src.train.trainer: Last model at epoch 440 saved to checkpoints/etas_20260402-105032/last_model_1.pth
2026-04-02 10:51:11,856 INFO src.train.trainer: Epoch 441
2026-04-02 10:51:11,914 INFO src.train.trainer: Last model at epoch 441 saved to checkpoints/etas_20260402-105032/last_model_1.pth
2026-04-02 10:51:11,914 INFO src.train.trainer: Epoch 442
2026-04-02 10:51:11,973 INFO src.train.trainer: Last model at epoch 442 saved to checkpoints/etas_20260402-105032/last_model_1.pth
2026-04-02 10:51:11,973 INFO src.train.trainer: Epoch 443
2026-04-02 10:51:12,029 INFO src.train.trainer: Last model at epoch 443 saved to checkpoints/etas_20260402-105032/last_model_1.pth
2026-04-02 10:51:12,029 INFO src.train.trainer: Epoch 444
2026-04-02 10:51:12,086 INFO src.train.trainer: Last model at epoch 444 saved to checkpoints/etas_20260402-105032/last_model_1.pth
2026-04-02 10:51:12,086 INFO src.train.trainer: Epoch 445
2026-04-02 10:51:12,142 INFO src.train.trainer: Last model at epoch 445 saved to checkpoints/etas_20260402-105032/last_model_1.pth
2026-04-02 10:51:12,142 INFO src.train.trainer: Epoch 446
2026-04-02 10:51:12,200 INFO src.train.trainer: Last model at epoch 446 saved to checkpoints/etas_20260402-105032/last_model_1.pth
2026-04-02 10:51:12,201 INFO src.train.trainer: Epoch 447
2026-04-02 10:51:12,256 INFO src.train.trainer: Last model at epoch 447 saved to checkpoints/etas_20260402-105032/last_model_1.pth
2026-04-02 10:51:12,256 INFO src.train.trainer: Epoch 448
2026-04-02 10:51:12,312 INFO src.train.trainer: Last model at epoch 448 saved to checkpoints/etas_20260402-105032/last_model_1.pth
2026-04-02 10:51:12,312 INFO src.train.trainer: Epoch 449
2026-04-02 10:51:12,370 INFO src.train.trainer: Last model at epoch 449 saved to checkpoints/etas_20260402-105032/last_model_1.pth
2026-04-02 10:51:12,370 INFO src.train.trainer: Epoch 450
2026-04-02 10:51:12,426 INFO src.train.trainer: Last model at epoch 450 saved to checkpoints/etas_20260402-105032/last_model_1.pth
2026-04-02 10:51:12,426 INFO src.train.trainer: Epoch 451
2026-04-02 10:51:12,483 INFO src.train.trainer: Last model at epoch 451 saved to checkpoints/etas_20260402-105032/last_model_1.pth
2026-04-02 10:51:12,484 INFO src.train.trainer: Epoch 452
2026-04-02 10:51:12,540 INFO src.train.trainer: Last model at epoch 452 saved to checkpoints/etas_20260402-105032/last_model_1.pth
2026-04-02 10:51:12,540 INFO src.train.trainer: Epoch 453
2026-04-02 10:51:12,596 INFO src.train.trainer: Last model at epoch 453 saved to checkpoints/etas_20260402-105032/last_model_1.pth
2026-04-02 10:51:12,596 INFO src.train.trainer: Epoch 454
2026-04-02 10:51:12,653 INFO src.train.trainer: Last model at epoch 454 saved to checkpoints/etas_20260402-105032/last_model_1.pth
2026-04-02 10:51:12,653 INFO src.train.trainer: Epoch 455
2026-04-02 10:51:12,710 INFO src.train.trainer: Last model at epoch 455 saved to checkpoints/etas_20260402-105032/last_model_1.pth
2026-04-02 10:51:12,710 INFO src.train.trainer: Epoch 456
2026-04-02 10:51:12,768 INFO src.train.trainer: Last model at epoch 456 saved to checkpoints/etas_20260402-105032/last_model_1.pth
2026-04-02 10:51:12,768 INFO src.train.trainer: Epoch 457
2026-04-02 10:51:12,829 INFO src.train.trainer: Last model at epoch 457 saved to checkpoints/etas_20260402-105032/last_model_1.pth
2026-04-02 10:51:12,829 INFO src.train.trainer: Epoch 458
2026-04-02 10:51:12,887 INFO src.train.trainer: Last model at epoch 458 saved to checkpoints/etas_20260402-105032/last_model_1.pth
2026-04-02 10:51:12,887 INFO src.train.trainer: Epoch 459
2026-04-02 10:51:12,944 INFO src.train.trainer: Last model at epoch 459 saved to checkpoints/etas_20260402-105032/last_model_1.pth
2026-04-02 10:51:12,944 INFO src.train.trainer: Epoch 460
2026-04-02 10:51:13,001 INFO src.train.trainer: Last model at epoch 460 saved to checkpoints/etas_20260402-105032/last_model_1.pth
2026-04-02 10:51:13,001 INFO src.train.trainer: Epoch 461
2026-04-02 10:51:13,058 INFO src.train.trainer: Last model at epoch 461 saved to checkpoints/etas_20260402-105032/last_model_1.pth
2026-04-02 10:51:13,058 INFO src.train.trainer: Epoch 462
2026-04-02 10:51:13,116 INFO src.train.trainer: Last model at epoch 462 saved to checkpoints/etas_20260402-105032/last_model_1.pth
2026-04-02 10:51:13,116 INFO src.train.trainer: Epoch 463
2026-04-02 10:51:13,173 INFO src.train.trainer: Last model at epoch 463 saved to checkpoints/etas_20260402-105032/last_model_1.pth
2026-04-02 10:51:13,174 INFO src.train.trainer: Epoch 464
2026-04-02 10:51:13,231 INFO src.train.trainer: Last model at epoch 464 saved to checkpoints/etas_20260402-105032/last_model_1.pth
2026-04-02 10:51:13,231 INFO src.train.trainer: Epoch 465
2026-04-02 10:51:13,289 INFO src.train.trainer: Last model at epoch 465 saved to checkpoints/etas_20260402-105032/last_model_1.pth
2026-04-02 10:51:13,289 INFO src.train.trainer: Epoch 466
2026-04-02 10:51:13,345 INFO src.train.trainer: Last model at epoch 466 saved to checkpoints/etas_20260402-105032/last_model_1.pth
2026-04-02 10:51:13,345 INFO src.train.trainer: Epoch 467
2026-04-02 10:51:13,400 INFO src.train.trainer: Last model at epoch 467 saved to checkpoints/etas_20260402-105032/last_model_1.pth
2026-04-02 10:51:13,401 INFO src.train.trainer: Epoch 468
2026-04-02 10:51:13,459 INFO src.train.trainer: Last model at epoch 468 saved to checkpoints/etas_20260402-105032/last_model_1.pth
2026-04-02 10:51:13,459 INFO src.train.trainer: Epoch 469
2026-04-02 10:51:13,517 INFO src.train.trainer: Last model at epoch 469 saved to checkpoints/etas_20260402-105032/last_model_1.pth
2026-04-02 10:51:13,517 INFO src.train.trainer: Epoch 470
2026-04-02 10:51:13,574 INFO src.train.trainer: Last model at epoch 470 saved to checkpoints/etas_20260402-105032/last_model_1.pth
2026-04-02 10:51:13,574 INFO src.train.trainer: Epoch 471
2026-04-02 10:51:13,631 INFO src.train.trainer: Last model at epoch 471 saved to checkpoints/etas_20260402-105032/last_model_1.pth
2026-04-02 10:51:13,631 INFO src.train.trainer: Epoch 472
2026-04-02 10:51:13,690 INFO src.train.trainer: Last model at epoch 472 saved to checkpoints/etas_20260402-105032/last_model_1.pth
2026-04-02 10:51:13,690 INFO src.train.trainer: Epoch 473
2026-04-02 10:51:13,748 INFO src.train.trainer: Last model at epoch 473 saved to checkpoints/etas_20260402-105032/last_model_1.pth
2026-04-02 10:51:13,748 INFO src.train.trainer: Epoch 474
2026-04-02 10:51:13,808 INFO src.train.trainer: Last model at epoch 474 saved to checkpoints/etas_20260402-105032/last_model_1.pth
2026-04-02 10:51:13,808 INFO src.train.trainer: Epoch 475
2026-04-02 10:51:13,867 INFO src.train.trainer: Last model at epoch 475 saved to checkpoints/etas_20260402-105032/last_model_1.pth
2026-04-02 10:51:13,867 INFO src.train.trainer: Epoch 476
2026-04-02 10:51:13,925 INFO src.train.trainer: Last model at epoch 476 saved to checkpoints/etas_20260402-105032/last_model_1.pth
2026-04-02 10:51:13,925 INFO src.train.trainer: Epoch 477
2026-04-02 10:51:13,984 INFO src.train.trainer: Last model at epoch 477 saved to checkpoints/etas_20260402-105032/last_model_1.pth
2026-04-02 10:51:13,984 INFO src.train.trainer: Epoch 478
2026-04-02 10:51:14,041 INFO src.train.trainer: Last model at epoch 478 saved to checkpoints/etas_20260402-105032/last_model_1.pth
2026-04-02 10:51:14,042 INFO src.train.trainer: Epoch 479
2026-04-02 10:51:14,100 INFO src.train.trainer: Last model at epoch 479 saved to checkpoints/etas_20260402-105032/last_model_1.pth
2026-04-02 10:51:14,100 INFO src.train.trainer: Epoch 480
2026-04-02 10:51:14,157 INFO src.train.trainer: Last model at epoch 480 saved to checkpoints/etas_20260402-105032/last_model_1.pth
2026-04-02 10:51:14,157 INFO src.train.trainer: Epoch 481
2026-04-02 10:51:14,214 INFO src.train.trainer: Last model at epoch 481 saved to checkpoints/etas_20260402-105032/last_model_1.pth
2026-04-02 10:51:14,214 INFO src.train.trainer: Epoch 482
2026-04-02 10:51:14,272 INFO src.train.trainer: Last model at epoch 482 saved to checkpoints/etas_20260402-105032/last_model_1.pth
2026-04-02 10:51:14,272 INFO src.train.trainer: Epoch 483
2026-04-02 10:51:14,329 INFO src.train.trainer: Last model at epoch 483 saved to checkpoints/etas_20260402-105032/last_model_1.pth
2026-04-02 10:51:14,329 INFO src.train.trainer: Epoch 484
2026-04-02 10:51:14,385 INFO src.train.trainer: Last model at epoch 484 saved to checkpoints/etas_20260402-105032/last_model_1.pth
2026-04-02 10:51:14,385 INFO src.train.trainer: Epoch 485
2026-04-02 10:51:14,440 INFO src.train.trainer: Last model at epoch 485 saved to checkpoints/etas_20260402-105032/last_model_1.pth
2026-04-02 10:51:14,440 INFO src.train.trainer: Epoch 486
2026-04-02 10:51:14,495 INFO src.train.trainer: Last model at epoch 486 saved to checkpoints/etas_20260402-105032/last_model_1.pth
2026-04-02 10:51:14,495 INFO src.train.trainer: Epoch 487
2026-04-02 10:51:14,553 INFO src.train.trainer: Last model at epoch 487 saved to checkpoints/etas_20260402-105032/last_model_1.pth
2026-04-02 10:51:14,553 INFO src.train.trainer: Epoch 488
2026-04-02 10:51:14,612 INFO src.train.trainer: Last model at epoch 488 saved to checkpoints/etas_20260402-105032/last_model_1.pth
2026-04-02 10:51:14,612 INFO src.train.trainer: Epoch 489
2026-04-02 10:51:14,673 INFO src.train.trainer: Last model at epoch 489 saved to checkpoints/etas_20260402-105032/last_model_1.pth
2026-04-02 10:51:14,673 INFO src.train.trainer: Epoch 490
2026-04-02 10:51:14,736 INFO src.train.trainer: Last model at epoch 490 saved to checkpoints/etas_20260402-105032/last_model_1.pth
2026-04-02 10:51:14,736 INFO src.train.trainer: Epoch 491
2026-04-02 10:51:14,794 INFO src.train.trainer: Last model at epoch 491 saved to checkpoints/etas_20260402-105032/last_model_1.pth
2026-04-02 10:51:14,794 INFO src.train.trainer: Epoch 492
2026-04-02 10:51:14,854 INFO src.train.trainer: Last model at epoch 492 saved to checkpoints/etas_20260402-105032/last_model_1.pth
2026-04-02 10:51:14,854 INFO src.train.trainer: Epoch 493
2026-04-02 10:51:14,911 INFO src.train.trainer: Last model at epoch 493 saved to checkpoints/etas_20260402-105032/last_model_1.pth
2026-04-02 10:51:14,911 INFO src.train.trainer: Epoch 494
2026-04-02 10:51:14,969 INFO src.train.trainer: Last model at epoch 494 saved to checkpoints/etas_20260402-105032/last_model_1.pth
2026-04-02 10:51:14,969 INFO src.train.trainer: Epoch 495
2026-04-02 10:51:15,025 INFO src.train.trainer: Last model at epoch 495 saved to checkpoints/etas_20260402-105032/last_model_1.pth
2026-04-02 10:51:15,025 INFO src.train.trainer: Epoch 496
2026-04-02 10:51:15,080 INFO src.train.trainer: Last model at epoch 496 saved to checkpoints/etas_20260402-105032/last_model_1.pth
2026-04-02 10:51:15,080 INFO src.train.trainer: Epoch 497
2026-04-02 10:51:15,134 INFO src.train.trainer: Last model at epoch 497 saved to checkpoints/etas_20260402-105032/last_model_1.pth
2026-04-02 10:51:15,135 INFO src.train.trainer: Epoch 498
2026-04-02 10:51:15,189 INFO src.train.trainer: Last model at epoch 498 saved to checkpoints/etas_20260402-105032/last_model_1.pth
2026-04-02 10:51:15,189 INFO src.train.trainer: Epoch 499
2026-04-02 10:51:15,245 INFO src.train.trainer: Last model at epoch 499 saved to checkpoints/etas_20260402-105032/last_model_1.pth
2026-04-02 10:51:15,245 INFO src.train.trainer: Epoch 500
2026-04-02 10:51:15,301 INFO src.train.trainer: Last model at epoch 500 saved to checkpoints/etas_20260402-105032/last_model_1.pth
2026-04-02 10:51:15,301 INFO src.train.trainer: Epoch 501
2026-04-02 10:51:15,360 INFO src.train.trainer: Last model at epoch 501 saved to checkpoints/etas_20260402-105032/last_model_1.pth
2026-04-02 10:51:15,360 INFO src.train.trainer: Epoch 502
2026-04-02 10:51:15,416 INFO src.train.trainer: Last model at epoch 502 saved to checkpoints/etas_20260402-105032/last_model_1.pth
2026-04-02 10:51:15,416 INFO src.train.trainer: Epoch 503
2026-04-02 10:51:15,471 INFO src.train.trainer: Last model at epoch 503 saved to checkpoints/etas_20260402-105032/last_model_1.pth
2026-04-02 10:51:15,471 INFO src.train.trainer: Epoch 504
2026-04-02 10:51:15,524 INFO src.train.trainer: Last model at epoch 504 saved to checkpoints/etas_20260402-105032/last_model_1.pth
2026-04-02 10:51:15,524 INFO src.train.trainer: Epoch 505
2026-04-02 10:51:15,579 INFO src.train.trainer: Last model at epoch 505 saved to checkpoints/etas_20260402-105032/last_model_1.pth
2026-04-02 10:51:15,579 INFO src.train.trainer: Epoch 506
2026-04-02 10:51:15,635 INFO src.train.trainer: Last model at epoch 506 saved to checkpoints/etas_20260402-105032/last_model_1.pth
2026-04-02 10:51:15,636 INFO src.train.trainer: Epoch 507
2026-04-02 10:51:15,691 INFO src.train.trainer: Last model at epoch 507 saved to checkpoints/etas_20260402-105032/last_model_1.pth
2026-04-02 10:51:15,691 INFO src.train.trainer: Epoch 508
2026-04-02 10:51:15,748 INFO src.train.trainer: Last model at epoch 508 saved to checkpoints/etas_20260402-105032/last_model_1.pth
2026-04-02 10:51:15,748 INFO src.train.trainer: Epoch 509
2026-04-02 10:51:15,807 INFO src.train.trainer: Last model at epoch 509 saved to checkpoints/etas_20260402-105032/last_model_1.pth
2026-04-02 10:51:15,808 INFO src.train.trainer: Epoch 510
2026-04-02 10:51:15,866 INFO src.train.trainer: Last model at epoch 510 saved to checkpoints/etas_20260402-105032/last_model_1.pth
2026-04-02 10:51:15,867 INFO src.train.trainer: Epoch 511
2026-04-02 10:51:15,924 INFO src.train.trainer: Last model at epoch 511 saved to checkpoints/etas_20260402-105032/last_model_1.pth
2026-04-02 10:51:15,924 INFO src.train.trainer: Epoch 512
2026-04-02 10:51:15,982 INFO src.train.trainer: Last model at epoch 512 saved to checkpoints/etas_20260402-105032/last_model_1.pth
2026-04-02 10:51:15,982 INFO src.train.trainer: Epoch 513
2026-04-02 10:51:16,040 INFO src.train.trainer: Last model at epoch 513 saved to checkpoints/etas_20260402-105032/last_model_1.pth
2026-04-02 10:51:16,041 INFO src.train.trainer: Epoch 514
2026-04-02 10:51:16,098 INFO src.train.trainer: Last model at epoch 514 saved to checkpoints/etas_20260402-105032/last_model_1.pth
2026-04-02 10:51:16,099 INFO src.train.trainer: Epoch 515
2026-04-02 10:51:16,157 INFO src.train.trainer: Last model at epoch 515 saved to checkpoints/etas_20260402-105032/last_model_1.pth
2026-04-02 10:51:16,157 INFO src.train.trainer: Epoch 516
2026-04-02 10:51:16,216 INFO src.train.trainer: Last model at epoch 516 saved to checkpoints/etas_20260402-105032/last_model_1.pth
2026-04-02 10:51:16,216 INFO src.train.trainer: Epoch 517
2026-04-02 10:51:16,273 INFO src.train.trainer: Last model at epoch 517 saved to checkpoints/etas_20260402-105032/last_model_1.pth
2026-04-02 10:51:16,273 INFO src.train.trainer: Epoch 518
2026-04-02 10:51:16,329 INFO src.train.trainer: Last model at epoch 518 saved to checkpoints/etas_20260402-105032/last_model_1.pth
2026-04-02 10:51:16,329 INFO src.train.trainer: Epoch 519
2026-04-02 10:51:16,387 INFO src.train.trainer: Last model at epoch 519 saved to checkpoints/etas_20260402-105032/last_model_1.pth
2026-04-02 10:51:16,387 INFO src.train.trainer: Epoch 520
2026-04-02 10:51:16,446 INFO src.train.trainer: Last model at epoch 520 saved to checkpoints/etas_20260402-105032/last_model_1.pth
2026-04-02 10:51:16,446 INFO src.train.trainer: Epoch 521
2026-04-02 10:51:16,504 INFO src.train.trainer: Last model at epoch 521 saved to checkpoints/etas_20260402-105032/last_model_1.pth
2026-04-02 10:51:16,504 INFO src.train.trainer: Epoch 522
2026-04-02 10:51:16,563 INFO src.train.trainer: Last model at epoch 522 saved to checkpoints/etas_20260402-105032/last_model_1.pth
2026-04-02 10:51:16,563 INFO src.train.trainer: Epoch 523
2026-04-02 10:51:16,622 INFO src.train.trainer: Last model at epoch 523 saved to checkpoints/etas_20260402-105032/last_model_1.pth
2026-04-02 10:51:16,622 INFO src.train.trainer: Epoch 524
2026-04-02 10:51:16,681 INFO src.train.trainer: Last model at epoch 524 saved to checkpoints/etas_20260402-105032/last_model_1.pth
2026-04-02 10:51:16,681 INFO src.train.trainer: Epoch 525
2026-04-02 10:51:16,747 INFO src.train.trainer: Last model at epoch 525 saved to checkpoints/etas_20260402-105032/last_model_1.pth
2026-04-02 10:51:16,747 INFO src.train.trainer: Epoch 526
2026-04-02 10:51:16,800 INFO src.train.trainer: Last model at epoch 526 saved to checkpoints/etas_20260402-105032/last_model_1.pth
2026-04-02 10:51:16,800 INFO src.train.trainer: Epoch 527
2026-04-02 10:51:16,857 INFO src.train.trainer: Last model at epoch 527 saved to checkpoints/etas_20260402-105032/last_model_1.pth
2026-04-02 10:51:16,857 INFO src.train.trainer: Epoch 528
2026-04-02 10:51:16,909 INFO src.train.trainer: Last model at epoch 528 saved to checkpoints/etas_20260402-105032/last_model_1.pth
2026-04-02 10:51:16,909 INFO src.train.trainer: Epoch 529
2026-04-02 10:51:16,962 INFO src.train.trainer: Last model at epoch 529 saved to checkpoints/etas_20260402-105032/last_model_1.pth
2026-04-02 10:51:16,962 INFO src.train.trainer: Epoch 530
2026-04-02 10:51:17,016 INFO src.train.trainer: Last model at epoch 530 saved to checkpoints/etas_20260402-105032/last_model_1.pth
2026-04-02 10:51:17,016 INFO src.train.trainer: Epoch 531
2026-04-02 10:51:17,070 INFO src.train.trainer: Last model at epoch 531 saved to checkpoints/etas_20260402-105032/last_model_1.pth
2026-04-02 10:51:17,070 INFO src.train.trainer: Epoch 532
2026-04-02 10:51:17,125 INFO src.train.trainer: Last model at epoch 532 saved to checkpoints/etas_20260402-105032/last_model_1.pth
2026-04-02 10:51:17,125 INFO src.train.trainer: Epoch 533
2026-04-02 10:51:17,179 INFO src.train.trainer: Last model at epoch 533 saved to checkpoints/etas_20260402-105032/last_model_1.pth
2026-04-02 10:51:17,179 INFO src.train.trainer: Epoch 534
2026-04-02 10:51:17,233 INFO src.train.trainer: Last model at epoch 534 saved to checkpoints/etas_20260402-105032/last_model_1.pth
2026-04-02 10:51:17,233 INFO src.train.trainer: Epoch 535
2026-04-02 10:51:17,287 INFO src.train.trainer: Last model at epoch 535 saved to checkpoints/etas_20260402-105032/last_model_1.pth
2026-04-02 10:51:17,287 INFO src.train.trainer: Epoch 536
2026-04-02 10:51:17,340 INFO src.train.trainer: Last model at epoch 536 saved to checkpoints/etas_20260402-105032/last_model_1.pth
2026-04-02 10:51:17,340 INFO src.train.trainer: Epoch 537
2026-04-02 10:51:17,397 INFO src.train.trainer: Last model at epoch 537 saved to checkpoints/etas_20260402-105032/last_model_1.pth
2026-04-02 10:51:17,397 INFO src.train.trainer: Epoch 538
2026-04-02 10:51:17,452 INFO src.train.trainer: Last model at epoch 538 saved to checkpoints/etas_20260402-105032/last_model_1.pth
2026-04-02 10:51:17,453 INFO src.train.trainer: Epoch 539
2026-04-02 10:51:17,511 INFO src.train.trainer: Last model at epoch 539 saved to checkpoints/etas_20260402-105032/last_model_1.pth
2026-04-02 10:51:17,511 INFO src.train.trainer: Epoch 540
2026-04-02 10:51:17,569 INFO src.train.trainer: Last model at epoch 540 saved to checkpoints/etas_20260402-105032/last_model_1.pth
2026-04-02 10:51:17,569 INFO src.train.trainer: Epoch 541
2026-04-02 10:51:17,628 INFO src.train.trainer: Last model at epoch 541 saved to checkpoints/etas_20260402-105032/last_model_1.pth
2026-04-02 10:51:17,628 INFO src.train.trainer: Epoch 542
2026-04-02 10:51:17,683 INFO src.train.trainer: Last model at epoch 542 saved to checkpoints/etas_20260402-105032/last_model_1.pth
2026-04-02 10:51:17,683 INFO src.train.trainer: Epoch 543
2026-04-02 10:51:17,740 INFO src.train.trainer: Last model at epoch 543 saved to checkpoints/etas_20260402-105032/last_model_1.pth
2026-04-02 10:51:17,740 INFO src.train.trainer: Epoch 544
2026-04-02 10:51:17,796 INFO src.train.trainer: Last model at epoch 544 saved to checkpoints/etas_20260402-105032/last_model_1.pth
2026-04-02 10:51:17,796 INFO src.train.trainer: Epoch 545
2026-04-02 10:51:17,856 INFO src.train.trainer: Last model at epoch 545 saved to checkpoints/etas_20260402-105032/last_model_1.pth
2026-04-02 10:51:17,856 INFO src.train.trainer: Epoch 546
2026-04-02 10:51:17,916 INFO src.train.trainer: Last model at epoch 546 saved to checkpoints/etas_20260402-105032/last_model_1.pth
2026-04-02 10:51:17,916 INFO src.train.trainer: Epoch 547
2026-04-02 10:51:17,970 INFO src.train.trainer: Last model at epoch 547 saved to checkpoints/etas_20260402-105032/last_model_1.pth
2026-04-02 10:51:17,970 INFO src.train.trainer: Epoch 548
2026-04-02 10:51:18,028 INFO src.train.trainer: Last model at epoch 548 saved to checkpoints/etas_20260402-105032/last_model_1.pth
2026-04-02 10:51:18,028 INFO src.train.trainer: Epoch 549
2026-04-02 10:51:18,087 INFO src.train.trainer: Last model at epoch 549 saved to checkpoints/etas_20260402-105032/last_model_1.pth
2026-04-02 10:51:18,087 INFO src.train.trainer: Epoch 550
2026-04-02 10:51:18,145 INFO src.train.trainer: Last model at epoch 550 saved to checkpoints/etas_20260402-105032/last_model_1.pth
2026-04-02 10:51:18,145 INFO src.train.trainer: Epoch 551
2026-04-02 10:51:18,201 INFO src.train.trainer: Last model at epoch 551 saved to checkpoints/etas_20260402-105032/last_model_1.pth
2026-04-02 10:51:18,201 INFO src.train.trainer: Epoch 552
2026-04-02 10:51:18,259 INFO src.train.trainer: Last model at epoch 552 saved to checkpoints/etas_20260402-105032/last_model_1.pth
2026-04-02 10:51:18,259 INFO src.train.trainer: Epoch 553
2026-04-02 10:51:18,317 INFO src.train.trainer: Last model at epoch 553 saved to checkpoints/etas_20260402-105032/last_model_1.pth
2026-04-02 10:51:18,317 INFO src.train.trainer: Epoch 554
2026-04-02 10:51:18,374 INFO src.train.trainer: Last model at epoch 554 saved to checkpoints/etas_20260402-105032/last_model_1.pth
2026-04-02 10:51:18,374 INFO src.train.trainer: Epoch 555
2026-04-02 10:51:18,433 INFO src.train.trainer: Last model at epoch 555 saved to checkpoints/etas_20260402-105032/last_model_1.pth
2026-04-02 10:51:18,433 INFO src.train.trainer: Epoch 556
2026-04-02 10:51:18,496 INFO src.train.trainer: Last model at epoch 556 saved to checkpoints/etas_20260402-105032/last_model_1.pth
2026-04-02 10:51:18,496 INFO src.train.trainer: Epoch 557
2026-04-02 10:51:18,554 INFO src.train.trainer: Last model at epoch 557 saved to checkpoints/etas_20260402-105032/last_model_1.pth
2026-04-02 10:51:18,555 INFO src.train.trainer: Epoch 558
2026-04-02 10:51:18,613 INFO src.train.trainer: Last model at epoch 558 saved to checkpoints/etas_20260402-105032/last_model_1.pth
2026-04-02 10:51:18,613 INFO src.train.trainer: Epoch 559
2026-04-02 10:51:18,671 INFO src.train.trainer: Last model at epoch 559 saved to checkpoints/etas_20260402-105032/last_model_1.pth
2026-04-02 10:51:18,671 INFO src.train.trainer: Epoch 560
2026-04-02 10:51:18,729 INFO src.train.trainer: Last model at epoch 560 saved to checkpoints/etas_20260402-105032/last_model_1.pth
2026-04-02 10:51:18,729 INFO src.train.trainer: Epoch 561
2026-04-02 10:51:18,786 INFO src.train.trainer: Last model at epoch 561 saved to checkpoints/etas_20260402-105032/last_model_1.pth
2026-04-02 10:51:18,786 INFO src.train.trainer: Epoch 562
2026-04-02 10:51:18,844 INFO src.train.trainer: Last model at epoch 562 saved to checkpoints/etas_20260402-105032/last_model_1.pth
2026-04-02 10:51:18,844 INFO src.train.trainer: Epoch 563
2026-04-02 10:51:18,904 INFO src.train.trainer: Last model at epoch 563 saved to checkpoints/etas_20260402-105032/last_model_1.pth
2026-04-02 10:51:18,904 INFO src.train.trainer: Epoch 564
2026-04-02 10:51:18,962 INFO src.train.trainer: Last model at epoch 564 saved to checkpoints/etas_20260402-105032/last_model_1.pth
2026-04-02 10:51:18,962 INFO src.train.trainer: Epoch 565
2026-04-02 10:51:19,022 INFO src.train.trainer: Last model at epoch 565 saved to checkpoints/etas_20260402-105032/last_model_1.pth
2026-04-02 10:51:19,022 INFO src.train.trainer: Epoch 566
2026-04-02 10:51:19,079 INFO src.train.trainer: Last model at epoch 566 saved to checkpoints/etas_20260402-105032/last_model_1.pth
2026-04-02 10:51:19,079 INFO src.train.trainer: Epoch 567
2026-04-02 10:51:19,138 INFO src.train.trainer: Last model at epoch 567 saved to checkpoints/etas_20260402-105032/last_model_1.pth
2026-04-02 10:51:19,138 INFO src.train.trainer: Epoch 568
2026-04-02 10:51:19,197 INFO src.train.trainer: Last model at epoch 568 saved to checkpoints/etas_20260402-105032/last_model_1.pth
2026-04-02 10:51:19,197 INFO src.train.trainer: Epoch 569
2026-04-02 10:51:19,256 INFO src.train.trainer: Last model at epoch 569 saved to checkpoints/etas_20260402-105032/last_model_1.pth
2026-04-02 10:51:19,256 INFO src.train.trainer: Epoch 570
2026-04-02 10:51:19,315 INFO src.train.trainer: Last model at epoch 570 saved to checkpoints/etas_20260402-105032/last_model_1.pth
2026-04-02 10:51:19,316 INFO src.train.trainer: Epoch 571
2026-04-02 10:51:19,372 INFO src.train.trainer: Last model at epoch 571 saved to checkpoints/etas_20260402-105032/last_model_1.pth
2026-04-02 10:51:19,373 INFO src.train.trainer: Epoch 572
2026-04-02 10:51:19,429 INFO src.train.trainer: Last model at epoch 572 saved to checkpoints/etas_20260402-105032/last_model_1.pth
2026-04-02 10:51:19,430 INFO src.train.trainer: Epoch 573
2026-04-02 10:51:19,508 INFO src.train.trainer: Last model at epoch 573 saved to checkpoints/etas_20260402-105032/last_model_1.pth
2026-04-02 10:51:19,508 INFO src.train.trainer: Epoch 574
2026-04-02 10:51:19,564 INFO src.train.trainer: Last model at epoch 574 saved to checkpoints/etas_20260402-105032/last_model_1.pth
2026-04-02 10:51:19,564 INFO src.train.trainer: Epoch 575
2026-04-02 10:51:19,622 INFO src.train.trainer: Last model at epoch 575 saved to checkpoints/etas_20260402-105032/last_model_1.pth
2026-04-02 10:51:19,623 INFO src.train.trainer: Epoch 576
2026-04-02 10:51:19,679 INFO src.train.trainer: Last model at epoch 576 saved to checkpoints/etas_20260402-105032/last_model_1.pth
2026-04-02 10:51:19,679 INFO src.train.trainer: Epoch 577
2026-04-02 10:51:19,734 INFO src.train.trainer: Last model at epoch 577 saved to checkpoints/etas_20260402-105032/last_model_1.pth
2026-04-02 10:51:19,734 INFO src.train.trainer: Epoch 578
2026-04-02 10:51:19,790 INFO src.train.trainer: Last model at epoch 578 saved to checkpoints/etas_20260402-105032/last_model_1.pth
2026-04-02 10:51:19,790 INFO src.train.trainer: Epoch 579
2026-04-02 10:51:19,845 INFO src.train.trainer: Last model at epoch 579 saved to checkpoints/etas_20260402-105032/last_model_1.pth
2026-04-02 10:51:19,845 INFO src.train.trainer: Epoch 580
2026-04-02 10:51:19,904 INFO src.train.trainer: Last model at epoch 580 saved to checkpoints/etas_20260402-105032/last_model_1.pth
2026-04-02 10:51:19,904 INFO src.train.trainer: Epoch 581
2026-04-02 10:51:19,961 INFO src.train.trainer: Last model at epoch 581 saved to checkpoints/etas_20260402-105032/last_model_1.pth
2026-04-02 10:51:19,961 INFO src.train.trainer: Epoch 582
2026-04-02 10:51:20,020 INFO src.train.trainer: Last model at epoch 582 saved to checkpoints/etas_20260402-105032/last_model_1.pth
2026-04-02 10:51:20,020 INFO src.train.trainer: Epoch 583
2026-04-02 10:51:20,079 INFO src.train.trainer: Last model at epoch 583 saved to checkpoints/etas_20260402-105032/last_model_1.pth
2026-04-02 10:51:20,080 INFO src.train.trainer: Epoch 584
2026-04-02 10:51:20,137 INFO src.train.trainer: Last model at epoch 584 saved to checkpoints/etas_20260402-105032/last_model_1.pth
2026-04-02 10:51:20,138 INFO src.train.trainer: Epoch 585
2026-04-02 10:51:20,192 INFO src.train.trainer: Last model at epoch 585 saved to checkpoints/etas_20260402-105032/last_model_1.pth
2026-04-02 10:51:20,192 INFO src.train.trainer: Epoch 586
2026-04-02 10:51:20,314 INFO src.train.trainer: Last model at epoch 586 saved to checkpoints/etas_20260402-105032/last_model_1.pth
2026-04-02 10:51:20,314 INFO src.train.trainer: Epoch 587
2026-04-02 10:51:20,372 INFO src.train.trainer: Last model at epoch 587 saved to checkpoints/etas_20260402-105032/last_model_1.pth
2026-04-02 10:51:20,372 INFO src.train.trainer: Epoch 588
2026-04-02 10:51:20,429 INFO src.train.trainer: Last model at epoch 588 saved to checkpoints/etas_20260402-105032/last_model_1.pth
2026-04-02 10:51:20,429 INFO src.train.trainer: Epoch 589
2026-04-02 10:51:20,491 INFO src.train.trainer: Last model at epoch 589 saved to checkpoints/etas_20260402-105032/last_model_1.pth
2026-04-02 10:51:20,491 INFO src.train.trainer: Epoch 590
2026-04-02 10:51:20,545 INFO src.train.trainer: Last model at epoch 590 saved to checkpoints/etas_20260402-105032/last_model_1.pth
2026-04-02 10:51:20,545 INFO src.train.trainer: Epoch 591
2026-04-02 10:51:20,602 INFO src.train.trainer: Last model at epoch 591 saved to checkpoints/etas_20260402-105032/last_model_1.pth
2026-04-02 10:51:20,602 INFO src.train.trainer: Epoch 592
2026-04-02 10:51:20,659 INFO src.train.trainer: Last model at epoch 592 saved to checkpoints/etas_20260402-105032/last_model_1.pth
2026-04-02 10:51:20,659 INFO src.train.trainer: Epoch 593
2026-04-02 10:51:20,716 INFO src.train.trainer: Last model at epoch 593 saved to checkpoints/etas_20260402-105032/last_model_1.pth
2026-04-02 10:51:20,716 INFO src.train.trainer: Epoch 594
2026-04-02 10:51:20,773 INFO src.train.trainer: Last model at epoch 594 saved to checkpoints/etas_20260402-105032/last_model_1.pth
2026-04-02 10:51:20,773 INFO src.train.trainer: Epoch 595
2026-04-02 10:51:20,830 INFO src.train.trainer: Last model at epoch 595 saved to checkpoints/etas_20260402-105032/last_model_1.pth
2026-04-02 10:51:20,830 INFO src.train.trainer: Epoch 596
2026-04-02 10:51:20,887 INFO src.train.trainer: Last model at epoch 596 saved to checkpoints/etas_20260402-105032/last_model_1.pth
2026-04-02 10:51:20,887 INFO src.train.trainer: Epoch 597
2026-04-02 10:51:20,947 INFO src.train.trainer: Last model at epoch 597 saved to checkpoints/etas_20260402-105032/last_model_1.pth
2026-04-02 10:51:20,948 INFO src.train.trainer: Epoch 598
2026-04-02 10:51:21,004 INFO src.train.trainer: Last model at epoch 598 saved to checkpoints/etas_20260402-105032/last_model_1.pth
2026-04-02 10:51:21,005 INFO src.train.trainer: Epoch 599
2026-04-02 10:51:21,060 INFO src.train.trainer: Last model at epoch 599 saved to checkpoints/etas_20260402-105032/last_model_1.pth
2026-04-02 10:51:21,060 INFO src.train.trainer: Epoch 600
2026-04-02 10:51:21,119 INFO src.train.trainer: Last model at epoch 600 saved to checkpoints/etas_20260402-105032/last_model_1.pth
2026-04-02 10:51:21,119 INFO src.train.trainer: Epoch 601
2026-04-02 10:51:21,178 INFO src.train.trainer: Last model at epoch 601 saved to checkpoints/etas_20260402-105032/last_model_1.pth
2026-04-02 10:51:21,178 INFO src.train.trainer: Epoch 602
2026-04-02 10:51:21,235 INFO src.train.trainer: Last model at epoch 602 saved to checkpoints/etas_20260402-105032/last_model_1.pth
2026-04-02 10:51:21,235 INFO src.train.trainer: Epoch 603
2026-04-02 10:51:21,291 INFO src.train.trainer: Last model at epoch 603 saved to checkpoints/etas_20260402-105032/last_model_1.pth
2026-04-02 10:51:21,291 INFO src.train.trainer: Epoch 604
2026-04-02 10:51:21,350 INFO src.train.trainer: Last model at epoch 604 saved to checkpoints/etas_20260402-105032/last_model_1.pth
2026-04-02 10:51:21,351 INFO src.train.trainer: Epoch 605
2026-04-02 10:51:21,406 INFO src.train.trainer: Last model at epoch 605 saved to checkpoints/etas_20260402-105032/last_model_1.pth
2026-04-02 10:51:21,407 INFO src.train.trainer: Epoch 606
2026-04-02 10:51:21,465 INFO src.train.trainer: Last model at epoch 606 saved to checkpoints/etas_20260402-105032/last_model_1.pth
2026-04-02 10:51:21,465 INFO src.train.trainer: Epoch 607
2026-04-02 10:51:21,524 INFO src.train.trainer: Last model at epoch 607 saved to checkpoints/etas_20260402-105032/last_model_1.pth
2026-04-02 10:51:21,524 INFO src.train.trainer: Epoch 608
2026-04-02 10:51:21,581 INFO src.train.trainer: Last model at epoch 608 saved to checkpoints/etas_20260402-105032/last_model_1.pth
2026-04-02 10:51:21,581 INFO src.train.trainer: Epoch 609
2026-04-02 10:51:21,637 INFO src.train.trainer: Last model at epoch 609 saved to checkpoints/etas_20260402-105032/last_model_1.pth
2026-04-02 10:51:21,637 INFO src.train.trainer: Epoch 610
2026-04-02 10:51:21,694 INFO src.train.trainer: Last model at epoch 610 saved to checkpoints/etas_20260402-105032/last_model_1.pth
2026-04-02 10:51:21,695 INFO src.train.trainer: Epoch 611
2026-04-02 10:51:21,754 INFO src.train.trainer: New best validation loss: -7.5338, saved to checkpoints/etas_20260402-105032/best_model_1.pth
2026-04-02 10:51:21,757 INFO src.train.trainer: Last model at epoch 611 saved to checkpoints/etas_20260402-105032/last_model_1.pth
2026-04-02 10:51:21,757 INFO src.train.trainer: Epoch 612
2026-04-02 10:51:21,817 INFO src.train.trainer: New best validation loss: -7.5339, saved to checkpoints/etas_20260402-105032/best_model_1.pth
2026-04-02 10:51:21,820 INFO src.train.trainer: Last model at epoch 612 saved to checkpoints/etas_20260402-105032/last_model_1.pth
2026-04-02 10:51:21,820 INFO src.train.trainer: Epoch 613
2026-04-02 10:51:21,881 INFO src.train.trainer: New best validation loss: -7.5340, saved to checkpoints/etas_20260402-105032/best_model_1.pth
2026-04-02 10:51:21,884 INFO src.train.trainer: Last model at epoch 613 saved to checkpoints/etas_20260402-105032/last_model_1.pth
2026-04-02 10:51:21,884 INFO src.train.trainer: Epoch 614
2026-04-02 10:51:21,945 INFO src.train.trainer: New best validation loss: -7.5342, saved to checkpoints/etas_20260402-105032/best_model_1.pth
2026-04-02 10:51:21,947 INFO src.train.trainer: Last model at epoch 614 saved to checkpoints/etas_20260402-105032/last_model_1.pth
2026-04-02 10:51:21,947 INFO src.train.trainer: Epoch 615
2026-04-02 10:51:22,005 INFO src.train.trainer: New best validation loss: -7.5343, saved to checkpoints/etas_20260402-105032/best_model_1.pth
2026-04-02 10:51:22,007 INFO src.train.trainer: Last model at epoch 615 saved to checkpoints/etas_20260402-105032/last_model_1.pth
2026-04-02 10:51:22,007 INFO src.train.trainer: Epoch 616
2026-04-02 10:51:22,066 INFO src.train.trainer: New best validation loss: -7.5344, saved to checkpoints/etas_20260402-105032/best_model_1.pth
2026-04-02 10:51:22,069 INFO src.train.trainer: Last model at epoch 616 saved to checkpoints/etas_20260402-105032/last_model_1.pth
2026-04-02 10:51:22,069 INFO src.train.trainer: Epoch 617
2026-04-02 10:51:22,125 INFO src.train.trainer: New best validation loss: -7.5346, saved to checkpoints/etas_20260402-105032/best_model_1.pth
2026-04-02 10:51:22,127 INFO src.train.trainer: Last model at epoch 617 saved to checkpoints/etas_20260402-105032/last_model_1.pth
2026-04-02 10:51:22,128 INFO src.train.trainer: Epoch 618
2026-04-02 10:51:22,181 INFO src.train.trainer: New best validation loss: -7.5347, saved to checkpoints/etas_20260402-105032/best_model_1.pth
2026-04-02 10:51:22,183 INFO src.train.trainer: Last model at epoch 618 saved to checkpoints/etas_20260402-105032/last_model_1.pth
2026-04-02 10:51:22,184 INFO src.train.trainer: Epoch 619
2026-04-02 10:51:22,237 INFO src.train.trainer: New best validation loss: -7.5348, saved to checkpoints/etas_20260402-105032/best_model_1.pth
2026-04-02 10:51:22,239 INFO src.train.trainer: Last model at epoch 619 saved to checkpoints/etas_20260402-105032/last_model_1.pth
2026-04-02 10:51:22,239 INFO src.train.trainer: Epoch 620
2026-04-02 10:51:22,294 INFO src.train.trainer: New best validation loss: -7.5350, saved to checkpoints/etas_20260402-105032/best_model_1.pth
2026-04-02 10:51:22,297 INFO src.train.trainer: Last model at epoch 620 saved to checkpoints/etas_20260402-105032/last_model_1.pth
2026-04-02 10:51:22,297 INFO src.train.trainer: Epoch 621
2026-04-02 10:51:22,353 INFO src.train.trainer: New best validation loss: -7.5351, saved to checkpoints/etas_20260402-105032/best_model_1.pth
2026-04-02 10:51:22,355 INFO src.train.trainer: Last model at epoch 621 saved to checkpoints/etas_20260402-105032/last_model_1.pth
2026-04-02 10:51:22,355 INFO src.train.trainer: Epoch 622
2026-04-02 10:51:22,410 INFO src.train.trainer: New best validation loss: -7.5352, saved to checkpoints/etas_20260402-105032/best_model_1.pth
2026-04-02 10:51:22,412 INFO src.train.trainer: Last model at epoch 622 saved to checkpoints/etas_20260402-105032/last_model_1.pth
2026-04-02 10:51:22,412 INFO src.train.trainer: Epoch 623
2026-04-02 10:51:22,469 INFO src.train.trainer: New best validation loss: -7.5353, saved to checkpoints/etas_20260402-105032/best_model_1.pth
2026-04-02 10:51:22,471 INFO src.train.trainer: Last model at epoch 623 saved to checkpoints/etas_20260402-105032/last_model_1.pth
2026-04-02 10:51:22,471 INFO src.train.trainer: Epoch 624
2026-04-02 10:51:22,525 INFO src.train.trainer: New best validation loss: -7.5355, saved to checkpoints/etas_20260402-105032/best_model_1.pth
2026-04-02 10:51:22,528 INFO src.train.trainer: Last model at epoch 624 saved to checkpoints/etas_20260402-105032/last_model_1.pth
2026-04-02 10:51:22,528 INFO src.train.trainer: Epoch 625
2026-04-02 10:51:22,583 INFO src.train.trainer: New best validation loss: -7.5356, saved to checkpoints/etas_20260402-105032/best_model_1.pth
2026-04-02 10:51:22,585 INFO src.train.trainer: Last model at epoch 625 saved to checkpoints/etas_20260402-105032/last_model_1.pth
2026-04-02 10:51:22,585 INFO src.train.trainer: Epoch 626
2026-04-02 10:51:22,638 INFO src.train.trainer: New best validation loss: -7.5357, saved to checkpoints/etas_20260402-105032/best_model_1.pth
2026-04-02 10:51:22,640 INFO src.train.trainer: Last model at epoch 626 saved to checkpoints/etas_20260402-105032/last_model_1.pth
2026-04-02 10:51:22,640 INFO src.train.trainer: Epoch 627
2026-04-02 10:51:22,696 INFO src.train.trainer: New best validation loss: -7.5358, saved to checkpoints/etas_20260402-105032/best_model_1.pth
2026-04-02 10:51:22,698 INFO src.train.trainer: Last model at epoch 627 saved to checkpoints/etas_20260402-105032/last_model_1.pth
2026-04-02 10:51:22,698 INFO src.train.trainer: Epoch 628
2026-04-02 10:51:22,754 INFO src.train.trainer: New best validation loss: -7.5360, saved to checkpoints/etas_20260402-105032/best_model_1.pth
2026-04-02 10:51:22,756 INFO src.train.trainer: Last model at epoch 628 saved to checkpoints/etas_20260402-105032/last_model_1.pth
2026-04-02 10:51:22,756 INFO src.train.trainer: Epoch 629
2026-04-02 10:51:22,810 INFO src.train.trainer: New best validation loss: -7.5361, saved to checkpoints/etas_20260402-105032/best_model_1.pth
2026-04-02 10:51:22,813 INFO src.train.trainer: Last model at epoch 629 saved to checkpoints/etas_20260402-105032/last_model_1.pth
2026-04-02 10:51:22,813 INFO src.train.trainer: Epoch 630
2026-04-02 10:51:22,870 INFO src.train.trainer: New best validation loss: -7.5362, saved to checkpoints/etas_20260402-105032/best_model_1.pth
2026-04-02 10:51:22,872 INFO src.train.trainer: Last model at epoch 630 saved to checkpoints/etas_20260402-105032/last_model_1.pth
2026-04-02 10:51:22,872 INFO src.train.trainer: Epoch 631
2026-04-02 10:51:22,926 INFO src.train.trainer: New best validation loss: -7.5363, saved to checkpoints/etas_20260402-105032/best_model_1.pth
2026-04-02 10:51:22,928 INFO src.train.trainer: Last model at epoch 631 saved to checkpoints/etas_20260402-105032/last_model_1.pth
2026-04-02 10:51:22,929 INFO src.train.trainer: Epoch 632
2026-04-02 10:51:22,982 INFO src.train.trainer: New best validation loss: -7.5364, saved to checkpoints/etas_20260402-105032/best_model_1.pth
2026-04-02 10:51:22,984 INFO src.train.trainer: Last model at epoch 632 saved to checkpoints/etas_20260402-105032/last_model_1.pth
2026-04-02 10:51:22,984 INFO src.train.trainer: Epoch 633
2026-04-02 10:51:23,039 INFO src.train.trainer: New best validation loss: -7.5366, saved to checkpoints/etas_20260402-105032/best_model_1.pth
2026-04-02 10:51:23,041 INFO src.train.trainer: Last model at epoch 633 saved to checkpoints/etas_20260402-105032/last_model_1.pth
2026-04-02 10:51:23,041 INFO src.train.trainer: Epoch 634
2026-04-02 10:51:23,099 INFO src.train.trainer: New best validation loss: -7.5367, saved to checkpoints/etas_20260402-105032/best_model_1.pth
2026-04-02 10:51:23,101 INFO src.train.trainer: Last model at epoch 634 saved to checkpoints/etas_20260402-105032/last_model_1.pth
2026-04-02 10:51:23,101 INFO src.train.trainer: Epoch 635
2026-04-02 10:51:23,147 INFO src.train.trainer: New best validation loss: -7.5368, saved to checkpoints/etas_20260402-105032/best_model_1.pth
2026-04-02 10:51:23,149 INFO src.train.trainer: Last model at epoch 635 saved to checkpoints/etas_20260402-105032/last_model_1.pth
2026-04-02 10:51:23,149 INFO src.train.trainer: Epoch 636
2026-04-02 10:51:23,193 INFO src.train.trainer: New best validation loss: -7.5369, saved to checkpoints/etas_20260402-105032/best_model_1.pth
2026-04-02 10:51:23,195 INFO src.train.trainer: Last model at epoch 636 saved to checkpoints/etas_20260402-105032/last_model_1.pth
2026-04-02 10:51:23,195 INFO src.train.trainer: Epoch 637
2026-04-02 10:51:23,246 INFO src.train.trainer: New best validation loss: -7.5370, saved to checkpoints/etas_20260402-105032/best_model_1.pth
2026-04-02 10:51:23,248 INFO src.train.trainer: Last model at epoch 637 saved to checkpoints/etas_20260402-105032/last_model_1.pth
2026-04-02 10:51:23,248 INFO src.train.trainer: Epoch 638
2026-04-02 10:51:23,296 INFO src.train.trainer: New best validation loss: -7.5371, saved to checkpoints/etas_20260402-105032/best_model_1.pth
2026-04-02 10:51:23,298 INFO src.train.trainer: Last model at epoch 638 saved to checkpoints/etas_20260402-105032/last_model_1.pth
2026-04-02 10:51:23,298 INFO src.train.trainer: Epoch 639
2026-04-02 10:51:23,345 INFO src.train.trainer: New best validation loss: -7.5373, saved to checkpoints/etas_20260402-105032/best_model_1.pth
2026-04-02 10:51:23,347 INFO src.train.trainer: Last model at epoch 639 saved to checkpoints/etas_20260402-105032/last_model_1.pth
2026-04-02 10:51:23,347 INFO src.train.trainer: Epoch 640
2026-04-02 10:51:23,395 INFO src.train.trainer: New best validation loss: -7.5374, saved to checkpoints/etas_20260402-105032/best_model_1.pth
2026-04-02 10:51:23,396 INFO src.train.trainer: Last model at epoch 640 saved to checkpoints/etas_20260402-105032/last_model_1.pth
2026-04-02 10:51:23,397 INFO src.train.trainer: Epoch 641
2026-04-02 10:51:23,445 INFO src.train.trainer: New best validation loss: -7.5375, saved to checkpoints/etas_20260402-105032/best_model_1.pth
2026-04-02 10:51:23,447 INFO src.train.trainer: Last model at epoch 641 saved to checkpoints/etas_20260402-105032/last_model_1.pth
2026-04-02 10:51:23,447 INFO src.train.trainer: Epoch 642
2026-04-02 10:51:23,491 INFO src.train.trainer: New best validation loss: -7.5376, saved to checkpoints/etas_20260402-105032/best_model_1.pth
2026-04-02 10:51:23,493 INFO src.train.trainer: Last model at epoch 642 saved to checkpoints/etas_20260402-105032/last_model_1.pth
2026-04-02 10:51:23,493 INFO src.train.trainer: Epoch 643
2026-04-02 10:51:23,535 INFO src.train.trainer: New best validation loss: -7.5377, saved to checkpoints/etas_20260402-105032/best_model_1.pth
2026-04-02 10:51:23,536 INFO src.train.trainer: Last model at epoch 643 saved to checkpoints/etas_20260402-105032/last_model_1.pth
2026-04-02 10:51:23,536 INFO src.train.trainer: Epoch 644
2026-04-02 10:51:23,578 INFO src.train.trainer: New best validation loss: -7.5378, saved to checkpoints/etas_20260402-105032/best_model_1.pth
2026-04-02 10:51:23,580 INFO src.train.trainer: Last model at epoch 644 saved to checkpoints/etas_20260402-105032/last_model_1.pth
2026-04-02 10:51:23,580 INFO src.train.trainer: Epoch 645
2026-04-02 10:51:23,624 INFO src.train.trainer: New best validation loss: -7.5379, saved to checkpoints/etas_20260402-105032/best_model_1.pth
2026-04-02 10:51:23,625 INFO src.train.trainer: Last model at epoch 645 saved to checkpoints/etas_20260402-105032/last_model_1.pth
2026-04-02 10:51:23,626 INFO src.train.trainer: Epoch 646
2026-04-02 10:51:23,675 INFO src.train.trainer: New best validation loss: -7.5380, saved to checkpoints/etas_20260402-105032/best_model_1.pth
2026-04-02 10:51:23,677 INFO src.train.trainer: Last model at epoch 646 saved to checkpoints/etas_20260402-105032/last_model_1.pth
2026-04-02 10:51:23,677 INFO src.train.trainer: Epoch 647
2026-04-02 10:51:23,726 INFO src.train.trainer: New best validation loss: -7.5381, saved to checkpoints/etas_20260402-105032/best_model_1.pth
2026-04-02 10:51:23,728 INFO src.train.trainer: Last model at epoch 647 saved to checkpoints/etas_20260402-105032/last_model_1.pth
2026-04-02 10:51:23,728 INFO src.train.trainer: Epoch 648
2026-04-02 10:51:23,779 INFO src.train.trainer: New best validation loss: -7.5382, saved to checkpoints/etas_20260402-105032/best_model_1.pth
2026-04-02 10:51:23,781 INFO src.train.trainer: Last model at epoch 648 saved to checkpoints/etas_20260402-105032/last_model_1.pth
2026-04-02 10:51:23,781 INFO src.train.trainer: Epoch 649
2026-04-02 10:51:23,900 INFO src.train.trainer: New best validation loss: -7.5384, saved to checkpoints/etas_20260402-105032/best_model_1.pth
2026-04-02 10:51:23,902 INFO src.train.trainer: Last model at epoch 649 saved to checkpoints/etas_20260402-105032/last_model_1.pth
2026-04-02 10:51:23,902 INFO src.train.trainer: Epoch 650
2026-04-02 10:51:23,955 INFO src.train.trainer: New best validation loss: -7.5385, saved to checkpoints/etas_20260402-105032/best_model_1.pth
2026-04-02 10:51:23,957 INFO src.train.trainer: Last model at epoch 650 saved to checkpoints/etas_20260402-105032/last_model_1.pth
2026-04-02 10:51:23,957 INFO src.train.trainer: Epoch 651
2026-04-02 10:51:24,011 INFO src.train.trainer: New best validation loss: -7.5386, saved to checkpoints/etas_20260402-105032/best_model_1.pth
2026-04-02 10:51:24,014 INFO src.train.trainer: Last model at epoch 651 saved to checkpoints/etas_20260402-105032/last_model_1.pth
2026-04-02 10:51:24,014 INFO src.train.trainer: Epoch 652
2026-04-02 10:51:24,071 INFO src.train.trainer: New best validation loss: -7.5387, saved to checkpoints/etas_20260402-105032/best_model_1.pth
2026-04-02 10:51:24,073 INFO src.train.trainer: Last model at epoch 652 saved to checkpoints/etas_20260402-105032/last_model_1.pth
2026-04-02 10:51:24,073 INFO src.train.trainer: Epoch 653
2026-04-02 10:51:24,126 INFO src.train.trainer: New best validation loss: -7.5388, saved to checkpoints/etas_20260402-105032/best_model_1.pth
2026-04-02 10:51:24,128 INFO src.train.trainer: Last model at epoch 653 saved to checkpoints/etas_20260402-105032/last_model_1.pth
2026-04-02 10:51:24,128 INFO src.train.trainer: Epoch 654
2026-04-02 10:51:24,176 INFO src.train.trainer: New best validation loss: -7.5389, saved to checkpoints/etas_20260402-105032/best_model_1.pth
2026-04-02 10:51:24,178 INFO src.train.trainer: Last model at epoch 654 saved to checkpoints/etas_20260402-105032/last_model_1.pth
2026-04-02 10:51:24,178 INFO src.train.trainer: Epoch 655
2026-04-02 10:51:24,225 INFO src.train.trainer: New best validation loss: -7.5390, saved to checkpoints/etas_20260402-105032/best_model_1.pth
2026-04-02 10:51:24,228 INFO src.train.trainer: Last model at epoch 655 saved to checkpoints/etas_20260402-105032/last_model_1.pth
2026-04-02 10:51:24,228 INFO src.train.trainer: Epoch 656
2026-04-02 10:51:24,280 INFO src.train.trainer: New best validation loss: -7.5391, saved to checkpoints/etas_20260402-105032/best_model_1.pth
2026-04-02 10:51:24,282 INFO src.train.trainer: Last model at epoch 656 saved to checkpoints/etas_20260402-105032/last_model_1.pth
2026-04-02 10:51:24,282 INFO src.train.trainer: Epoch 657
2026-04-02 10:51:24,331 INFO src.train.trainer: New best validation loss: -7.5392, saved to checkpoints/etas_20260402-105032/best_model_1.pth
2026-04-02 10:51:24,333 INFO src.train.trainer: Last model at epoch 657 saved to checkpoints/etas_20260402-105032/last_model_1.pth
2026-04-02 10:51:24,333 INFO src.train.trainer: Epoch 658
2026-04-02 10:51:24,387 INFO src.train.trainer: New best validation loss: -7.5393, saved to checkpoints/etas_20260402-105032/best_model_1.pth
2026-04-02 10:51:24,389 INFO src.train.trainer: Last model at epoch 658 saved to checkpoints/etas_20260402-105032/last_model_1.pth
2026-04-02 10:51:24,389 INFO src.train.trainer: Epoch 659
2026-04-02 10:51:24,442 INFO src.train.trainer: New best validation loss: -7.5394, saved to checkpoints/etas_20260402-105032/best_model_1.pth
2026-04-02 10:51:24,444 INFO src.train.trainer: Last model at epoch 659 saved to checkpoints/etas_20260402-105032/last_model_1.pth
2026-04-02 10:51:24,444 INFO src.train.trainer: Epoch 660
2026-04-02 10:51:24,500 INFO src.train.trainer: New best validation loss: -7.5395, saved to checkpoints/etas_20260402-105032/best_model_1.pth
2026-04-02 10:51:24,502 INFO src.train.trainer: Last model at epoch 660 saved to checkpoints/etas_20260402-105032/last_model_1.pth
2026-04-02 10:51:24,502 INFO src.train.trainer: Epoch 661
2026-04-02 10:51:24,555 INFO src.train.trainer: New best validation loss: -7.5396, saved to checkpoints/etas_20260402-105032/best_model_1.pth
2026-04-02 10:51:24,557 INFO src.train.trainer: Last model at epoch 661 saved to checkpoints/etas_20260402-105032/last_model_1.pth
2026-04-02 10:51:24,557 INFO src.train.trainer: Epoch 662
2026-04-02 10:51:24,607 INFO src.train.trainer: New best validation loss: -7.5397, saved to checkpoints/etas_20260402-105032/best_model_1.pth
2026-04-02 10:51:24,609 INFO src.train.trainer: Last model at epoch 662 saved to checkpoints/etas_20260402-105032/last_model_1.pth
2026-04-02 10:51:24,609 INFO src.train.trainer: Epoch 663
2026-04-02 10:51:24,664 INFO src.train.trainer: New best validation loss: -7.5398, saved to checkpoints/etas_20260402-105032/best_model_1.pth
2026-04-02 10:51:24,666 INFO src.train.trainer: Last model at epoch 663 saved to checkpoints/etas_20260402-105032/last_model_1.pth
2026-04-02 10:51:24,666 INFO src.train.trainer: Epoch 664
2026-04-02 10:51:24,720 INFO src.train.trainer: New best validation loss: -7.5399, saved to checkpoints/etas_20260402-105032/best_model_1.pth
2026-04-02 10:51:24,722 INFO src.train.trainer: Last model at epoch 664 saved to checkpoints/etas_20260402-105032/last_model_1.pth
2026-04-02 10:51:24,722 INFO src.train.trainer: Epoch 665
2026-04-02 10:51:24,778 INFO src.train.trainer: New best validation loss: -7.5399, saved to checkpoints/etas_20260402-105032/best_model_1.pth
2026-04-02 10:51:24,780 INFO src.train.trainer: Last model at epoch 665 saved to checkpoints/etas_20260402-105032/last_model_1.pth
2026-04-02 10:51:24,780 INFO src.train.trainer: Epoch 666
2026-04-02 10:51:24,835 INFO src.train.trainer: New best validation loss: -7.5400, saved to checkpoints/etas_20260402-105032/best_model_1.pth
2026-04-02 10:51:24,837 INFO src.train.trainer: Last model at epoch 666 saved to checkpoints/etas_20260402-105032/last_model_1.pth
2026-04-02 10:51:24,837 INFO src.train.trainer: Epoch 667
2026-04-02 10:51:24,894 INFO src.train.trainer: New best validation loss: -7.5401, saved to checkpoints/etas_20260402-105032/best_model_1.pth
2026-04-02 10:51:24,897 INFO src.train.trainer: Last model at epoch 667 saved to checkpoints/etas_20260402-105032/last_model_1.pth
2026-04-02 10:51:24,897 INFO src.train.trainer: Epoch 668
2026-04-02 10:51:24,953 INFO src.train.trainer: New best validation loss: -7.5402, saved to checkpoints/etas_20260402-105032/best_model_1.pth
2026-04-02 10:51:24,956 INFO src.train.trainer: Last model at epoch 668 saved to checkpoints/etas_20260402-105032/last_model_1.pth
2026-04-02 10:51:24,956 INFO src.train.trainer: Epoch 669
2026-04-02 10:51:25,014 INFO src.train.trainer: New best validation loss: -7.5403, saved to checkpoints/etas_20260402-105032/best_model_1.pth
2026-04-02 10:51:25,016 INFO src.train.trainer: Last model at epoch 669 saved to checkpoints/etas_20260402-105032/last_model_1.pth
2026-04-02 10:51:25,016 INFO src.train.trainer: Epoch 670
2026-04-02 10:51:25,073 INFO src.train.trainer: New best validation loss: -7.5404, saved to checkpoints/etas_20260402-105032/best_model_1.pth
2026-04-02 10:51:25,075 INFO src.train.trainer: Last model at epoch 670 saved to checkpoints/etas_20260402-105032/last_model_1.pth
2026-04-02 10:51:25,075 INFO src.train.trainer: Epoch 671
2026-04-02 10:51:25,130 INFO src.train.trainer: New best validation loss: -7.5405, saved to checkpoints/etas_20260402-105032/best_model_1.pth
2026-04-02 10:51:25,132 INFO src.train.trainer: Last model at epoch 671 saved to checkpoints/etas_20260402-105032/last_model_1.pth
2026-04-02 10:51:25,132 INFO src.train.trainer: Epoch 672
2026-04-02 10:51:25,187 INFO src.train.trainer: New best validation loss: -7.5406, saved to checkpoints/etas_20260402-105032/best_model_1.pth
2026-04-02 10:51:25,189 INFO src.train.trainer: Last model at epoch 672 saved to checkpoints/etas_20260402-105032/last_model_1.pth
2026-04-02 10:51:25,189 INFO src.train.trainer: Epoch 673
2026-04-02 10:51:25,243 INFO src.train.trainer: New best validation loss: -7.5407, saved to checkpoints/etas_20260402-105032/best_model_1.pth
2026-04-02 10:51:25,245 INFO src.train.trainer: Last model at epoch 673 saved to checkpoints/etas_20260402-105032/last_model_1.pth
2026-04-02 10:51:25,246 INFO src.train.trainer: Epoch 674
2026-04-02 10:51:25,301 INFO src.train.trainer: New best validation loss: -7.5408, saved to checkpoints/etas_20260402-105032/best_model_1.pth
2026-04-02 10:51:25,303 INFO src.train.trainer: Last model at epoch 674 saved to checkpoints/etas_20260402-105032/last_model_1.pth
2026-04-02 10:51:25,304 INFO src.train.trainer: Epoch 675
2026-04-02 10:51:25,360 INFO src.train.trainer: New best validation loss: -7.5409, saved to checkpoints/etas_20260402-105032/best_model_1.pth
2026-04-02 10:51:25,362 INFO src.train.trainer: Last model at epoch 675 saved to checkpoints/etas_20260402-105032/last_model_1.pth
2026-04-02 10:51:25,362 INFO src.train.trainer: Epoch 676
2026-04-02 10:51:25,416 INFO src.train.trainer: New best validation loss: -7.5409, saved to checkpoints/etas_20260402-105032/best_model_1.pth
2026-04-02 10:51:25,418 INFO src.train.trainer: Last model at epoch 676 saved to checkpoints/etas_20260402-105032/last_model_1.pth
2026-04-02 10:51:25,418 INFO src.train.trainer: Epoch 677
2026-04-02 10:51:25,471 INFO src.train.trainer: New best validation loss: -7.5410, saved to checkpoints/etas_20260402-105032/best_model_1.pth
2026-04-02 10:51:25,474 INFO src.train.trainer: Last model at epoch 677 saved to checkpoints/etas_20260402-105032/last_model_1.pth
2026-04-02 10:51:25,474 INFO src.train.trainer: Epoch 678
2026-04-02 10:51:25,531 INFO src.train.trainer: New best validation loss: -7.5411, saved to checkpoints/etas_20260402-105032/best_model_1.pth
2026-04-02 10:51:25,533 INFO src.train.trainer: Last model at epoch 678 saved to checkpoints/etas_20260402-105032/last_model_1.pth
2026-04-02 10:51:25,533 INFO src.train.trainer: Epoch 679
2026-04-02 10:51:25,589 INFO src.train.trainer: New best validation loss: -7.5412, saved to checkpoints/etas_20260402-105032/best_model_1.pth
2026-04-02 10:51:25,591 INFO src.train.trainer: Last model at epoch 679 saved to checkpoints/etas_20260402-105032/last_model_1.pth
2026-04-02 10:51:25,591 INFO src.train.trainer: Epoch 680
2026-04-02 10:51:25,648 INFO src.train.trainer: New best validation loss: -7.5413, saved to checkpoints/etas_20260402-105032/best_model_1.pth
2026-04-02 10:51:25,650 INFO src.train.trainer: Last model at epoch 680 saved to checkpoints/etas_20260402-105032/last_model_1.pth
2026-04-02 10:51:25,650 INFO src.train.trainer: Epoch 681
2026-04-02 10:51:25,707 INFO src.train.trainer: New best validation loss: -7.5414, saved to checkpoints/etas_20260402-105032/best_model_1.pth
2026-04-02 10:51:25,710 INFO src.train.trainer: Last model at epoch 681 saved to checkpoints/etas_20260402-105032/last_model_1.pth
2026-04-02 10:51:25,710 INFO src.train.trainer: Epoch 682
2026-04-02 10:51:25,766 INFO src.train.trainer: New best validation loss: -7.5414, saved to checkpoints/etas_20260402-105032/best_model_1.pth
2026-04-02 10:51:25,769 INFO src.train.trainer: Last model at epoch 682 saved to checkpoints/etas_20260402-105032/last_model_1.pth
2026-04-02 10:51:25,769 INFO src.train.trainer: Epoch 683
2026-04-02 10:51:25,825 INFO src.train.trainer: New best validation loss: -7.5415, saved to checkpoints/etas_20260402-105032/best_model_1.pth
2026-04-02 10:51:25,827 INFO src.train.trainer: Last model at epoch 683 saved to checkpoints/etas_20260402-105032/last_model_1.pth
2026-04-02 10:51:25,827 INFO src.train.trainer: Epoch 684
2026-04-02 10:51:25,882 INFO src.train.trainer: New best validation loss: -7.5416, saved to checkpoints/etas_20260402-105032/best_model_1.pth
2026-04-02 10:51:25,884 INFO src.train.trainer: Last model at epoch 684 saved to checkpoints/etas_20260402-105032/last_model_1.pth
2026-04-02 10:51:25,885 INFO src.train.trainer: Epoch 685
2026-04-02 10:51:25,938 INFO src.train.trainer: New best validation loss: -7.5417, saved to checkpoints/etas_20260402-105032/best_model_1.pth
2026-04-02 10:51:25,941 INFO src.train.trainer: Last model at epoch 685 saved to checkpoints/etas_20260402-105032/last_model_1.pth
2026-04-02 10:51:25,941 INFO src.train.trainer: Epoch 686
2026-04-02 10:51:25,994 INFO src.train.trainer: New best validation loss: -7.5418, saved to checkpoints/etas_20260402-105032/best_model_1.pth
2026-04-02 10:51:25,996 INFO src.train.trainer: Last model at epoch 686 saved to checkpoints/etas_20260402-105032/last_model_1.pth
2026-04-02 10:51:25,996 INFO src.train.trainer: Epoch 687
2026-04-02 10:51:26,048 INFO src.train.trainer: New best validation loss: -7.5418, saved to checkpoints/etas_20260402-105032/best_model_1.pth
2026-04-02 10:51:26,050 INFO src.train.trainer: Last model at epoch 687 saved to checkpoints/etas_20260402-105032/last_model_1.pth
2026-04-02 10:51:26,050 INFO src.train.trainer: Epoch 688
2026-04-02 10:51:26,104 INFO src.train.trainer: New best validation loss: -7.5419, saved to checkpoints/etas_20260402-105032/best_model_1.pth
2026-04-02 10:51:26,106 INFO src.train.trainer: Last model at epoch 688 saved to checkpoints/etas_20260402-105032/last_model_1.pth
2026-04-02 10:51:26,106 INFO src.train.trainer: Epoch 689
2026-04-02 10:51:26,161 INFO src.train.trainer: New best validation loss: -7.5420, saved to checkpoints/etas_20260402-105032/best_model_1.pth
2026-04-02 10:51:26,163 INFO src.train.trainer: Last model at epoch 689 saved to checkpoints/etas_20260402-105032/last_model_1.pth
2026-04-02 10:51:26,163 INFO src.train.trainer: Epoch 690
2026-04-02 10:51:26,216 INFO src.train.trainer: New best validation loss: -7.5421, saved to checkpoints/etas_20260402-105032/best_model_1.pth
2026-04-02 10:51:26,219 INFO src.train.trainer: Last model at epoch 690 saved to checkpoints/etas_20260402-105032/last_model_1.pth
2026-04-02 10:51:26,219 INFO src.train.trainer: Epoch 691
2026-04-02 10:51:26,274 INFO src.train.trainer: New best validation loss: -7.5422, saved to checkpoints/etas_20260402-105032/best_model_1.pth
2026-04-02 10:51:26,276 INFO src.train.trainer: Last model at epoch 691 saved to checkpoints/etas_20260402-105032/last_model_1.pth
2026-04-02 10:51:26,276 INFO src.train.trainer: Epoch 692
2026-04-02 10:51:26,330 INFO src.train.trainer: New best validation loss: -7.5422, saved to checkpoints/etas_20260402-105032/best_model_1.pth
2026-04-02 10:51:26,332 INFO src.train.trainer: Last model at epoch 692 saved to checkpoints/etas_20260402-105032/last_model_1.pth
2026-04-02 10:51:26,333 INFO src.train.trainer: Epoch 693
2026-04-02 10:51:26,386 INFO src.train.trainer: New best validation loss: -7.5423, saved to checkpoints/etas_20260402-105032/best_model_1.pth
2026-04-02 10:51:26,389 INFO src.train.trainer: Last model at epoch 693 saved to checkpoints/etas_20260402-105032/last_model_1.pth
2026-04-02 10:51:26,389 INFO src.train.trainer: Epoch 694
2026-04-02 10:51:26,444 INFO src.train.trainer: New best validation loss: -7.5424, saved to checkpoints/etas_20260402-105032/best_model_1.pth
2026-04-02 10:51:26,446 INFO src.train.trainer: Last model at epoch 694 saved to checkpoints/etas_20260402-105032/last_model_1.pth
2026-04-02 10:51:26,446 INFO src.train.trainer: Epoch 695
2026-04-02 10:51:26,501 INFO src.train.trainer: New best validation loss: -7.5425, saved to checkpoints/etas_20260402-105032/best_model_1.pth
2026-04-02 10:51:26,504 INFO src.train.trainer: Last model at epoch 695 saved to checkpoints/etas_20260402-105032/last_model_1.pth
2026-04-02 10:51:26,504 INFO src.train.trainer: Epoch 696
2026-04-02 10:51:26,561 INFO src.train.trainer: New best validation loss: -7.5425, saved to checkpoints/etas_20260402-105032/best_model_1.pth
2026-04-02 10:51:26,564 INFO src.train.trainer: Last model at epoch 696 saved to checkpoints/etas_20260402-105032/last_model_1.pth
2026-04-02 10:51:26,564 INFO src.train.trainer: Epoch 697
2026-04-02 10:51:26,620 INFO src.train.trainer: New best validation loss: -7.5426, saved to checkpoints/etas_20260402-105032/best_model_1.pth
2026-04-02 10:51:26,623 INFO src.train.trainer: Last model at epoch 697 saved to checkpoints/etas_20260402-105032/last_model_1.pth
2026-04-02 10:51:26,623 INFO src.train.trainer: Epoch 698
2026-04-02 10:51:26,677 INFO src.train.trainer: New best validation loss: -7.5427, saved to checkpoints/etas_20260402-105032/best_model_1.pth
2026-04-02 10:51:26,679 INFO src.train.trainer: Last model at epoch 698 saved to checkpoints/etas_20260402-105032/last_model_1.pth
2026-04-02 10:51:26,679 INFO src.train.trainer: Epoch 699
2026-04-02 10:51:26,734 INFO src.train.trainer: New best validation loss: -7.5427, saved to checkpoints/etas_20260402-105032/best_model_1.pth
2026-04-02 10:51:26,737 INFO src.train.trainer: Last model at epoch 699 saved to checkpoints/etas_20260402-105032/last_model_1.pth
2026-04-02 10:51:26,737 INFO src.train.trainer: Epoch 700
2026-04-02 10:51:26,793 INFO src.train.trainer: New best validation loss: -7.5428, saved to checkpoints/etas_20260402-105032/best_model_1.pth
2026-04-02 10:51:26,795 INFO src.train.trainer: Last model at epoch 700 saved to checkpoints/etas_20260402-105032/last_model_1.pth
2026-04-02 10:51:26,795 INFO src.train.trainer: Epoch 701
2026-04-02 10:51:26,851 INFO src.train.trainer: New best validation loss: -7.5429, saved to checkpoints/etas_20260402-105032/best_model_1.pth
2026-04-02 10:51:26,853 INFO src.train.trainer: Last model at epoch 701 saved to checkpoints/etas_20260402-105032/last_model_1.pth
2026-04-02 10:51:26,854 INFO src.train.trainer: Epoch 702
2026-04-02 10:51:26,909 INFO src.train.trainer: New best validation loss: -7.5429, saved to checkpoints/etas_20260402-105032/best_model_1.pth
2026-04-02 10:51:26,912 INFO src.train.trainer: Last model at epoch 702 saved to checkpoints/etas_20260402-105032/last_model_1.pth
2026-04-02 10:51:26,912 INFO src.train.trainer: Epoch 703
2026-04-02 10:51:26,966 INFO src.train.trainer: New best validation loss: -7.5430, saved to checkpoints/etas_20260402-105032/best_model_1.pth
2026-04-02 10:51:26,968 INFO src.train.trainer: Last model at epoch 703 saved to checkpoints/etas_20260402-105032/last_model_1.pth
2026-04-02 10:51:26,968 INFO src.train.trainer: Epoch 704
2026-04-02 10:51:27,025 INFO src.train.trainer: New best validation loss: -7.5430, saved to checkpoints/etas_20260402-105032/best_model_1.pth
2026-04-02 10:51:27,027 INFO src.train.trainer: Last model at epoch 704 saved to checkpoints/etas_20260402-105032/last_model_1.pth
2026-04-02 10:51:27,027 INFO src.train.trainer: Epoch 705
2026-04-02 10:51:27,082 INFO src.train.trainer: New best validation loss: -7.5431, saved to checkpoints/etas_20260402-105032/best_model_1.pth
2026-04-02 10:51:27,085 INFO src.train.trainer: Last model at epoch 705 saved to checkpoints/etas_20260402-105032/last_model_1.pth
2026-04-02 10:51:27,085 INFO src.train.trainer: Epoch 706
2026-04-02 10:51:27,139 INFO src.train.trainer: New best validation loss: -7.5431, saved to checkpoints/etas_20260402-105032/best_model_1.pth
2026-04-02 10:51:27,141 INFO src.train.trainer: Last model at epoch 706 saved to checkpoints/etas_20260402-105032/last_model_1.pth
2026-04-02 10:51:27,141 INFO src.train.trainer: Epoch 707
2026-04-02 10:51:27,199 INFO src.train.trainer: New best validation loss: -7.5432, saved to checkpoints/etas_20260402-105032/best_model_1.pth
2026-04-02 10:51:27,201 INFO src.train.trainer: Last model at epoch 707 saved to checkpoints/etas_20260402-105032/last_model_1.pth
2026-04-02 10:51:27,201 INFO src.train.trainer: Epoch 708
2026-04-02 10:51:27,261 INFO src.train.trainer: New best validation loss: -7.5433, saved to checkpoints/etas_20260402-105032/best_model_1.pth
2026-04-02 10:51:27,263 INFO src.train.trainer: Last model at epoch 708 saved to checkpoints/etas_20260402-105032/last_model_1.pth
2026-04-02 10:51:27,263 INFO src.train.trainer: Epoch 709
2026-04-02 10:51:27,319 INFO src.train.trainer: New best validation loss: -7.5433, saved to checkpoints/etas_20260402-105032/best_model_1.pth
2026-04-02 10:51:27,321 INFO src.train.trainer: Last model at epoch 709 saved to checkpoints/etas_20260402-105032/last_model_1.pth
2026-04-02 10:51:27,321 INFO src.train.trainer: Epoch 710
2026-04-02 10:51:27,377 INFO src.train.trainer: New best validation loss: -7.5434, saved to checkpoints/etas_20260402-105032/best_model_1.pth
2026-04-02 10:51:27,379 INFO src.train.trainer: Last model at epoch 710 saved to checkpoints/etas_20260402-105032/last_model_1.pth
2026-04-02 10:51:27,380 INFO src.train.trainer: Epoch 711
2026-04-02 10:51:27,437 INFO src.train.trainer: New best validation loss: -7.5434, saved to checkpoints/etas_20260402-105032/best_model_1.pth
2026-04-02 10:51:27,439 INFO src.train.trainer: Last model at epoch 711 saved to checkpoints/etas_20260402-105032/last_model_1.pth
2026-04-02 10:51:27,439 INFO src.train.trainer: Epoch 712
2026-04-02 10:51:27,495 INFO src.train.trainer: New best validation loss: -7.5435, saved to checkpoints/etas_20260402-105032/best_model_1.pth
2026-04-02 10:51:27,497 INFO src.train.trainer: Last model at epoch 712 saved to checkpoints/etas_20260402-105032/last_model_1.pth
2026-04-02 10:51:27,497 INFO src.train.trainer: Epoch 713
2026-04-02 10:51:27,551 INFO src.train.trainer: New best validation loss: -7.5435, saved to checkpoints/etas_20260402-105032/best_model_1.pth
2026-04-02 10:51:27,553 INFO src.train.trainer: Last model at epoch 713 saved to checkpoints/etas_20260402-105032/last_model_1.pth
2026-04-02 10:51:27,553 INFO src.train.trainer: Epoch 714
2026-04-02 10:51:27,608 INFO src.train.trainer: New best validation loss: -7.5436, saved to checkpoints/etas_20260402-105032/best_model_1.pth
2026-04-02 10:51:27,610 INFO src.train.trainer: Last model at epoch 714 saved to checkpoints/etas_20260402-105032/last_model_1.pth
2026-04-02 10:51:27,610 INFO src.train.trainer: Epoch 715
2026-04-02 10:51:27,663 INFO src.train.trainer: New best validation loss: -7.5436, saved to checkpoints/etas_20260402-105032/best_model_1.pth
2026-04-02 10:51:27,665 INFO src.train.trainer: Last model at epoch 715 saved to checkpoints/etas_20260402-105032/last_model_1.pth
2026-04-02 10:51:27,665 INFO src.train.trainer: Epoch 716
2026-04-02 10:51:27,720 INFO src.train.trainer: New best validation loss: -7.5437, saved to checkpoints/etas_20260402-105032/best_model_1.pth
2026-04-02 10:51:27,722 INFO src.train.trainer: Last model at epoch 716 saved to checkpoints/etas_20260402-105032/last_model_1.pth
2026-04-02 10:51:27,722 INFO src.train.trainer: Epoch 717
2026-04-02 10:51:27,779 INFO src.train.trainer: New best validation loss: -7.5437, saved to checkpoints/etas_20260402-105032/best_model_1.pth
2026-04-02 10:51:27,781 INFO src.train.trainer: Last model at epoch 717 saved to checkpoints/etas_20260402-105032/last_model_1.pth
2026-04-02 10:51:27,781 INFO src.train.trainer: Epoch 718
2026-04-02 10:51:27,836 INFO src.train.trainer: New best validation loss: -7.5438, saved to checkpoints/etas_20260402-105032/best_model_1.pth
2026-04-02 10:51:27,838 INFO src.train.trainer: Last model at epoch 718 saved to checkpoints/etas_20260402-105032/last_model_1.pth
2026-04-02 10:51:27,838 INFO src.train.trainer: Epoch 719
2026-04-02 10:51:27,895 INFO src.train.trainer: New best validation loss: -7.5438, saved to checkpoints/etas_20260402-105032/best_model_1.pth
2026-04-02 10:51:27,898 INFO src.train.trainer: Last model at epoch 719 saved to checkpoints/etas_20260402-105032/last_model_1.pth
2026-04-02 10:51:27,898 INFO src.train.trainer: Epoch 720
2026-04-02 10:51:27,955 INFO src.train.trainer: New best validation loss: -7.5439, saved to checkpoints/etas_20260402-105032/best_model_1.pth
2026-04-02 10:51:27,957 INFO src.train.trainer: Last model at epoch 720 saved to checkpoints/etas_20260402-105032/last_model_1.pth
2026-04-02 10:51:27,957 INFO src.train.trainer: Epoch 721
2026-04-02 10:51:28,012 INFO src.train.trainer: New best validation loss: -7.5439, saved to checkpoints/etas_20260402-105032/best_model_1.pth
2026-04-02 10:51:28,014 INFO src.train.trainer: Last model at epoch 721 saved to checkpoints/etas_20260402-105032/last_model_1.pth
2026-04-02 10:51:28,014 INFO src.train.trainer: Epoch 722
2026-04-02 10:51:28,069 INFO src.train.trainer: New best validation loss: -7.5440, saved to checkpoints/etas_20260402-105032/best_model_1.pth
2026-04-02 10:51:28,072 INFO src.train.trainer: Last model at epoch 722 saved to checkpoints/etas_20260402-105032/last_model_1.pth
2026-04-02 10:51:28,072 INFO src.train.trainer: Epoch 723
2026-04-02 10:51:28,127 INFO src.train.trainer: New best validation loss: -7.5440, saved to checkpoints/etas_20260402-105032/best_model_1.pth
2026-04-02 10:51:28,129 INFO src.train.trainer: Last model at epoch 723 saved to checkpoints/etas_20260402-105032/last_model_1.pth
2026-04-02 10:51:28,130 INFO src.train.trainer: Epoch 724
2026-04-02 10:51:28,184 INFO src.train.trainer: New best validation loss: -7.5441, saved to checkpoints/etas_20260402-105032/best_model_1.pth
2026-04-02 10:51:28,187 INFO src.train.trainer: Last model at epoch 724 saved to checkpoints/etas_20260402-105032/last_model_1.pth
2026-04-02 10:51:28,187 INFO src.train.trainer: Epoch 725
2026-04-02 10:51:28,245 INFO src.train.trainer: New best validation loss: -7.5441, saved to checkpoints/etas_20260402-105032/best_model_1.pth
2026-04-02 10:51:28,247 INFO src.train.trainer: Last model at epoch 725 saved to checkpoints/etas_20260402-105032/last_model_1.pth
2026-04-02 10:51:28,247 INFO src.train.trainer: Epoch 726
2026-04-02 10:51:28,307 INFO src.train.trainer: New best validation loss: -7.5442, saved to checkpoints/etas_20260402-105032/best_model_1.pth
2026-04-02 10:51:28,309 INFO src.train.trainer: Last model at epoch 726 saved to checkpoints/etas_20260402-105032/last_model_1.pth
2026-04-02 10:51:28,309 INFO src.train.trainer: Epoch 727
2026-04-02 10:51:28,368 INFO src.train.trainer: New best validation loss: -7.5442, saved to checkpoints/etas_20260402-105032/best_model_1.pth
2026-04-02 10:51:28,370 INFO src.train.trainer: Last model at epoch 727 saved to checkpoints/etas_20260402-105032/last_model_1.pth
2026-04-02 10:51:28,370 INFO src.train.trainer: Epoch 728
2026-04-02 10:51:28,424 INFO src.train.trainer: New best validation loss: -7.5443, saved to checkpoints/etas_20260402-105032/best_model_1.pth
2026-04-02 10:51:28,426 INFO src.train.trainer: Last model at epoch 728 saved to checkpoints/etas_20260402-105032/last_model_1.pth
2026-04-02 10:51:28,426 INFO src.train.trainer: Epoch 729
2026-04-02 10:51:28,480 INFO src.train.trainer: New best validation loss: -7.5443, saved to checkpoints/etas_20260402-105032/best_model_1.pth
2026-04-02 10:51:28,482 INFO src.train.trainer: Last model at epoch 729 saved to checkpoints/etas_20260402-105032/last_model_1.pth
2026-04-02 10:51:28,482 INFO src.train.trainer: Epoch 730
2026-04-02 10:51:28,537 INFO src.train.trainer: New best validation loss: -7.5443, saved to checkpoints/etas_20260402-105032/best_model_1.pth
2026-04-02 10:51:28,539 INFO src.train.trainer: Last model at epoch 730 saved to checkpoints/etas_20260402-105032/last_model_1.pth
2026-04-02 10:51:28,540 INFO src.train.trainer: Epoch 731
2026-04-02 10:51:28,594 INFO src.train.trainer: New best validation loss: -7.5444, saved to checkpoints/etas_20260402-105032/best_model_1.pth
2026-04-02 10:51:28,596 INFO src.train.trainer: Last model at epoch 731 saved to checkpoints/etas_20260402-105032/last_model_1.pth
2026-04-02 10:51:28,596 INFO src.train.trainer: Epoch 732
2026-04-02 10:51:28,645 INFO src.train.trainer: New best validation loss: -7.5444, saved to checkpoints/etas_20260402-105032/best_model_1.pth
2026-04-02 10:51:28,647 INFO src.train.trainer: Last model at epoch 732 saved to checkpoints/etas_20260402-105032/last_model_1.pth
2026-04-02 10:51:28,647 INFO src.train.trainer: Epoch 733
2026-04-02 10:51:28,699 INFO src.train.trainer: New best validation loss: -7.5445, saved to checkpoints/etas_20260402-105032/best_model_1.pth
2026-04-02 10:51:28,701 INFO src.train.trainer: Last model at epoch 733 saved to checkpoints/etas_20260402-105032/last_model_1.pth
2026-04-02 10:51:28,701 INFO src.train.trainer: Epoch 734
2026-04-02 10:51:28,754 INFO src.train.trainer: New best validation loss: -7.5445, saved to checkpoints/etas_20260402-105032/best_model_1.pth
2026-04-02 10:51:28,756 INFO src.train.trainer: Last model at epoch 734 saved to checkpoints/etas_20260402-105032/last_model_1.pth
2026-04-02 10:51:28,756 INFO src.train.trainer: Epoch 735
2026-04-02 10:51:28,809 INFO src.train.trainer: New best validation loss: -7.5446, saved to checkpoints/etas_20260402-105032/best_model_1.pth
2026-04-02 10:51:28,811 INFO src.train.trainer: Last model at epoch 735 saved to checkpoints/etas_20260402-105032/last_model_1.pth
2026-04-02 10:51:28,811 INFO src.train.trainer: Epoch 736
2026-04-02 10:51:28,865 INFO src.train.trainer: New best validation loss: -7.5446, saved to checkpoints/etas_20260402-105032/best_model_1.pth
2026-04-02 10:51:28,867 INFO src.train.trainer: Last model at epoch 736 saved to checkpoints/etas_20260402-105032/last_model_1.pth
2026-04-02 10:51:28,867 INFO src.train.trainer: Epoch 737
2026-04-02 10:51:28,921 INFO src.train.trainer: New best validation loss: -7.5447, saved to checkpoints/etas_20260402-105032/best_model_1.pth
2026-04-02 10:51:28,923 INFO src.train.trainer: Last model at epoch 737 saved to checkpoints/etas_20260402-105032/last_model_1.pth
2026-04-02 10:51:28,923 INFO src.train.trainer: Epoch 738
2026-04-02 10:51:28,977 INFO src.train.trainer: New best validation loss: -7.5447, saved to checkpoints/etas_20260402-105032/best_model_1.pth
2026-04-02 10:51:28,979 INFO src.train.trainer: Last model at epoch 738 saved to checkpoints/etas_20260402-105032/last_model_1.pth
2026-04-02 10:51:28,980 INFO src.train.trainer: Epoch 739
2026-04-02 10:51:29,033 INFO src.train.trainer: New best validation loss: -7.5448, saved to checkpoints/etas_20260402-105032/best_model_1.pth
2026-04-02 10:51:29,035 INFO src.train.trainer: Last model at epoch 739 saved to checkpoints/etas_20260402-105032/last_model_1.pth
2026-04-02 10:51:29,035 INFO src.train.trainer: Epoch 740
2026-04-02 10:51:29,089 INFO src.train.trainer: New best validation loss: -7.5448, saved to checkpoints/etas_20260402-105032/best_model_1.pth
2026-04-02 10:51:29,091 INFO src.train.trainer: Last model at epoch 740 saved to checkpoints/etas_20260402-105032/last_model_1.pth
2026-04-02 10:51:29,092 INFO src.train.trainer: Epoch 741
2026-04-02 10:51:29,146 INFO src.train.trainer: New best validation loss: -7.5448, saved to checkpoints/etas_20260402-105032/best_model_1.pth
2026-04-02 10:51:29,148 INFO src.train.trainer: Last model at epoch 741 saved to checkpoints/etas_20260402-105032/last_model_1.pth
2026-04-02 10:51:29,148 INFO src.train.trainer: Epoch 742
2026-04-02 10:51:29,201 INFO src.train.trainer: New best validation loss: -7.5449, saved to checkpoints/etas_20260402-105032/best_model_1.pth
2026-04-02 10:51:29,204 INFO src.train.trainer: Last model at epoch 742 saved to checkpoints/etas_20260402-105032/last_model_1.pth
2026-04-02 10:51:29,204 INFO src.train.trainer: Epoch 743
2026-04-02 10:51:29,259 INFO src.train.trainer: New best validation loss: -7.5449, saved to checkpoints/etas_20260402-105032/best_model_1.pth
2026-04-02 10:51:29,261 INFO src.train.trainer: Last model at epoch 743 saved to checkpoints/etas_20260402-105032/last_model_1.pth
2026-04-02 10:51:29,261 INFO src.train.trainer: Epoch 744
2026-04-02 10:51:29,318 INFO src.train.trainer: New best validation loss: -7.5450, saved to checkpoints/etas_20260402-105032/best_model_1.pth
2026-04-02 10:51:29,320 INFO src.train.trainer: Last model at epoch 744 saved to checkpoints/etas_20260402-105032/last_model_1.pth
2026-04-02 10:51:29,320 INFO src.train.trainer: Epoch 745
2026-04-02 10:51:29,376 INFO src.train.trainer: New best validation loss: -7.5450, saved to checkpoints/etas_20260402-105032/best_model_1.pth
2026-04-02 10:51:29,378 INFO src.train.trainer: Last model at epoch 745 saved to checkpoints/etas_20260402-105032/last_model_1.pth
2026-04-02 10:51:29,379 INFO src.train.trainer: Epoch 746
2026-04-02 10:51:29,433 INFO src.train.trainer: New best validation loss: -7.5450, saved to checkpoints/etas_20260402-105032/best_model_1.pth
2026-04-02 10:51:29,435 INFO src.train.trainer: Last model at epoch 746 saved to checkpoints/etas_20260402-105032/last_model_1.pth
2026-04-02 10:51:29,435 INFO src.train.trainer: Epoch 747
2026-04-02 10:51:29,489 INFO src.train.trainer: New best validation loss: -7.5451, saved to checkpoints/etas_20260402-105032/best_model_1.pth
2026-04-02 10:51:29,491 INFO src.train.trainer: Last model at epoch 747 saved to checkpoints/etas_20260402-105032/last_model_1.pth
2026-04-02 10:51:29,491 INFO src.train.trainer: Epoch 748
2026-04-02 10:51:29,546 INFO src.train.trainer: New best validation loss: -7.5451, saved to checkpoints/etas_20260402-105032/best_model_1.pth
2026-04-02 10:51:29,548 INFO src.train.trainer: Last model at epoch 748 saved to checkpoints/etas_20260402-105032/last_model_1.pth
2026-04-02 10:51:29,548 INFO src.train.trainer: Epoch 749
2026-04-02 10:51:29,601 INFO src.train.trainer: New best validation loss: -7.5452, saved to checkpoints/etas_20260402-105032/best_model_1.pth
2026-04-02 10:51:29,604 INFO src.train.trainer: Last model at epoch 749 saved to checkpoints/etas_20260402-105032/last_model_1.pth
2026-04-02 10:51:29,604 INFO src.train.trainer: Epoch 750
2026-04-02 10:51:29,660 INFO src.train.trainer: New best validation loss: -7.5452, saved to checkpoints/etas_20260402-105032/best_model_1.pth
2026-04-02 10:51:29,662 INFO src.train.trainer: Last model at epoch 750 saved to checkpoints/etas_20260402-105032/last_model_1.pth
2026-04-02 10:51:29,662 INFO src.train.trainer: Epoch 751
2026-04-02 10:51:29,716 INFO src.train.trainer: New best validation loss: -7.5453, saved to checkpoints/etas_20260402-105032/best_model_1.pth
2026-04-02 10:51:29,719 INFO src.train.trainer: Last model at epoch 751 saved to checkpoints/etas_20260402-105032/last_model_1.pth
2026-04-02 10:51:29,719 INFO src.train.trainer: Epoch 752
2026-04-02 10:51:29,775 INFO src.train.trainer: New best validation loss: -7.5453, saved to checkpoints/etas_20260402-105032/best_model_1.pth
2026-04-02 10:51:29,777 INFO src.train.trainer: Last model at epoch 752 saved to checkpoints/etas_20260402-105032/last_model_1.pth
2026-04-02 10:51:29,777 INFO src.train.trainer: Epoch 753
2026-04-02 10:51:29,831 INFO src.train.trainer: New best validation loss: -7.5453, saved to checkpoints/etas_20260402-105032/best_model_1.pth
2026-04-02 10:51:29,834 INFO src.train.trainer: Last model at epoch 753 saved to checkpoints/etas_20260402-105032/last_model_1.pth
2026-04-02 10:51:29,834 INFO src.train.trainer: Epoch 754
2026-04-02 10:51:29,890 INFO src.train.trainer: New best validation loss: -7.5454, saved to checkpoints/etas_20260402-105032/best_model_1.pth
2026-04-02 10:51:29,892 INFO src.train.trainer: Last model at epoch 754 saved to checkpoints/etas_20260402-105032/last_model_1.pth
2026-04-02 10:51:29,892 INFO src.train.trainer: Epoch 755
2026-04-02 10:51:29,950 INFO src.train.trainer: New best validation loss: -7.5454, saved to checkpoints/etas_20260402-105032/best_model_1.pth
2026-04-02 10:51:29,952 INFO src.train.trainer: Last model at epoch 755 saved to checkpoints/etas_20260402-105032/last_model_1.pth
2026-04-02 10:51:29,953 INFO src.train.trainer: Epoch 756
2026-04-02 10:51:30,010 INFO src.train.trainer: New best validation loss: -7.5454, saved to checkpoints/etas_20260402-105032/best_model_1.pth
2026-04-02 10:51:30,012 INFO src.train.trainer: Last model at epoch 756 saved to checkpoints/etas_20260402-105032/last_model_1.pth
2026-04-02 10:51:30,012 INFO src.train.trainer: Epoch 757
2026-04-02 10:51:30,068 INFO src.train.trainer: New best validation loss: -7.5455, saved to checkpoints/etas_20260402-105032/best_model_1.pth
2026-04-02 10:51:30,070 INFO src.train.trainer: Last model at epoch 757 saved to checkpoints/etas_20260402-105032/last_model_1.pth
2026-04-02 10:51:30,070 INFO src.train.trainer: Epoch 758
2026-04-02 10:51:30,127 INFO src.train.trainer: New best validation loss: -7.5455, saved to checkpoints/etas_20260402-105032/best_model_1.pth
2026-04-02 10:51:30,129 INFO src.train.trainer: Last model at epoch 758 saved to checkpoints/etas_20260402-105032/last_model_1.pth
2026-04-02 10:51:30,130 INFO src.train.trainer: Epoch 759
2026-04-02 10:51:30,229 INFO src.train.trainer: New best validation loss: -7.5456, saved to checkpoints/etas_20260402-105032/best_model_1.pth
2026-04-02 10:51:30,231 INFO src.train.trainer: Last model at epoch 759 saved to checkpoints/etas_20260402-105032/last_model_1.pth
2026-04-02 10:51:30,231 INFO src.train.trainer: Epoch 760
2026-04-02 10:51:30,291 INFO src.train.trainer: New best validation loss: -7.5456, saved to checkpoints/etas_20260402-105032/best_model_1.pth
2026-04-02 10:51:30,294 INFO src.train.trainer: Last model at epoch 760 saved to checkpoints/etas_20260402-105032/last_model_1.pth
2026-04-02 10:51:30,294 INFO src.train.trainer: Epoch 761
2026-04-02 10:51:30,355 INFO src.train.trainer: New best validation loss: -7.5456, saved to checkpoints/etas_20260402-105032/best_model_1.pth
2026-04-02 10:51:30,358 INFO src.train.trainer: Last model at epoch 761 saved to checkpoints/etas_20260402-105032/last_model_1.pth
2026-04-02 10:51:30,358 INFO src.train.trainer: Epoch 762
2026-04-02 10:51:30,416 INFO src.train.trainer: New best validation loss: -7.5457, saved to checkpoints/etas_20260402-105032/best_model_1.pth
2026-04-02 10:51:30,419 INFO src.train.trainer: Last model at epoch 762 saved to checkpoints/etas_20260402-105032/last_model_1.pth
2026-04-02 10:51:30,419 INFO src.train.trainer: Epoch 763
2026-04-02 10:51:30,478 INFO src.train.trainer: New best validation loss: -7.5457, saved to checkpoints/etas_20260402-105032/best_model_1.pth
2026-04-02 10:51:30,480 INFO src.train.trainer: Last model at epoch 763 saved to checkpoints/etas_20260402-105032/last_model_1.pth
2026-04-02 10:51:30,481 INFO src.train.trainer: Epoch 764
2026-04-02 10:51:30,538 INFO src.train.trainer: New best validation loss: -7.5457, saved to checkpoints/etas_20260402-105032/best_model_1.pth
2026-04-02 10:51:30,540 INFO src.train.trainer: Last model at epoch 764 saved to checkpoints/etas_20260402-105032/last_model_1.pth
2026-04-02 10:51:30,540 INFO src.train.trainer: Epoch 765
2026-04-02 10:51:30,598 INFO src.train.trainer: New best validation loss: -7.5458, saved to checkpoints/etas_20260402-105032/best_model_1.pth
2026-04-02 10:51:30,600 INFO src.train.trainer: Last model at epoch 765 saved to checkpoints/etas_20260402-105032/last_model_1.pth
2026-04-02 10:51:30,600 INFO src.train.trainer: Epoch 766
2026-04-02 10:51:30,657 INFO src.train.trainer: New best validation loss: -7.5458, saved to checkpoints/etas_20260402-105032/best_model_1.pth
2026-04-02 10:51:30,659 INFO src.train.trainer: Last model at epoch 766 saved to checkpoints/etas_20260402-105032/last_model_1.pth
2026-04-02 10:51:30,659 INFO src.train.trainer: Epoch 767
2026-04-02 10:51:30,715 INFO src.train.trainer: New best validation loss: -7.5459, saved to checkpoints/etas_20260402-105032/best_model_1.pth
2026-04-02 10:51:30,717 INFO src.train.trainer: Last model at epoch 767 saved to checkpoints/etas_20260402-105032/last_model_1.pth
2026-04-02 10:51:30,717 INFO src.train.trainer: Epoch 768
2026-04-02 10:51:30,773 INFO src.train.trainer: New best validation loss: -7.5459, saved to checkpoints/etas_20260402-105032/best_model_1.pth
2026-04-02 10:51:30,775 INFO src.train.trainer: Last model at epoch 768 saved to checkpoints/etas_20260402-105032/last_model_1.pth
2026-04-02 10:51:30,775 INFO src.train.trainer: Epoch 769
2026-04-02 10:51:30,831 INFO src.train.trainer: New best validation loss: -7.5459, saved to checkpoints/etas_20260402-105032/best_model_1.pth
2026-04-02 10:51:30,834 INFO src.train.trainer: Last model at epoch 769 saved to checkpoints/etas_20260402-105032/last_model_1.pth
2026-04-02 10:51:30,834 INFO src.train.trainer: Epoch 770
2026-04-02 10:51:30,890 INFO src.train.trainer: New best validation loss: -7.5460, saved to checkpoints/etas_20260402-105032/best_model_1.pth
2026-04-02 10:51:30,893 INFO src.train.trainer: Last model at epoch 770 saved to checkpoints/etas_20260402-105032/last_model_1.pth
2026-04-02 10:51:30,893 INFO src.train.trainer: Epoch 771
2026-04-02 10:51:30,951 INFO src.train.trainer: New best validation loss: -7.5460, saved to checkpoints/etas_20260402-105032/best_model_1.pth
2026-04-02 10:51:30,954 INFO src.train.trainer: Last model at epoch 771 saved to checkpoints/etas_20260402-105032/last_model_1.pth
2026-04-02 10:51:30,954 INFO src.train.trainer: Epoch 772
2026-04-02 10:51:31,012 INFO src.train.trainer: New best validation loss: -7.5460, saved to checkpoints/etas_20260402-105032/best_model_1.pth
2026-04-02 10:51:31,014 INFO src.train.trainer: Last model at epoch 772 saved to checkpoints/etas_20260402-105032/last_model_1.pth
2026-04-02 10:51:31,014 INFO src.train.trainer: Epoch 773
2026-04-02 10:51:31,074 INFO src.train.trainer: New best validation loss: -7.5461, saved to checkpoints/etas_20260402-105032/best_model_1.pth
2026-04-02 10:51:31,076 INFO src.train.trainer: Last model at epoch 773 saved to checkpoints/etas_20260402-105032/last_model_1.pth
2026-04-02 10:51:31,076 INFO src.train.trainer: Epoch 774
2026-04-02 10:51:31,132 INFO src.train.trainer: New best validation loss: -7.5461, saved to checkpoints/etas_20260402-105032/best_model_1.pth
2026-04-02 10:51:31,134 INFO src.train.trainer: Last model at epoch 774 saved to checkpoints/etas_20260402-105032/last_model_1.pth
2026-04-02 10:51:31,134 INFO src.train.trainer: Epoch 775
2026-04-02 10:51:31,190 INFO src.train.trainer: New best validation loss: -7.5461, saved to checkpoints/etas_20260402-105032/best_model_1.pth
2026-04-02 10:51:31,192 INFO src.train.trainer: Last model at epoch 775 saved to checkpoints/etas_20260402-105032/last_model_1.pth
2026-04-02 10:51:31,192 INFO src.train.trainer: Epoch 776
2026-04-02 10:51:31,247 INFO src.train.trainer: New best validation loss: -7.5462, saved to checkpoints/etas_20260402-105032/best_model_1.pth
2026-04-02 10:51:31,249 INFO src.train.trainer: Last model at epoch 776 saved to checkpoints/etas_20260402-105032/last_model_1.pth
2026-04-02 10:51:31,249 INFO src.train.trainer: Epoch 777
2026-04-02 10:51:31,304 INFO src.train.trainer: New best validation loss: -7.5462, saved to checkpoints/etas_20260402-105032/best_model_1.pth
2026-04-02 10:51:31,307 INFO src.train.trainer: Last model at epoch 777 saved to checkpoints/etas_20260402-105032/last_model_1.pth
2026-04-02 10:51:31,307 INFO src.train.trainer: Epoch 778
2026-04-02 10:51:31,363 INFO src.train.trainer: New best validation loss: -7.5462, saved to checkpoints/etas_20260402-105032/best_model_1.pth
2026-04-02 10:51:31,366 INFO src.train.trainer: Last model at epoch 778 saved to checkpoints/etas_20260402-105032/last_model_1.pth
2026-04-02 10:51:31,366 INFO src.train.trainer: Epoch 779
2026-04-02 10:51:31,425 INFO src.train.trainer: New best validation loss: -7.5463, saved to checkpoints/etas_20260402-105032/best_model_1.pth
2026-04-02 10:51:31,427 INFO src.train.trainer: Last model at epoch 779 saved to checkpoints/etas_20260402-105032/last_model_1.pth
2026-04-02 10:51:31,427 INFO src.train.trainer: Epoch 780
2026-04-02 10:51:31,484 INFO src.train.trainer: New best validation loss: -7.5463, saved to checkpoints/etas_20260402-105032/best_model_1.pth
2026-04-02 10:51:31,486 INFO src.train.trainer: Last model at epoch 780 saved to checkpoints/etas_20260402-105032/last_model_1.pth
2026-04-02 10:51:31,487 INFO src.train.trainer: Epoch 781
2026-04-02 10:51:31,541 INFO src.train.trainer: New best validation loss: -7.5463, saved to checkpoints/etas_20260402-105032/best_model_1.pth
2026-04-02 10:51:31,544 INFO src.train.trainer: Last model at epoch 781 saved to checkpoints/etas_20260402-105032/last_model_1.pth
2026-04-02 10:51:31,544 INFO src.train.trainer: Epoch 782
2026-04-02 10:51:31,601 INFO src.train.trainer: New best validation loss: -7.5464, saved to checkpoints/etas_20260402-105032/best_model_1.pth
2026-04-02 10:51:31,604 INFO src.train.trainer: Last model at epoch 782 saved to checkpoints/etas_20260402-105032/last_model_1.pth
2026-04-02 10:51:31,604 INFO src.train.trainer: Epoch 783
2026-04-02 10:51:31,661 INFO src.train.trainer: New best validation loss: -7.5464, saved to checkpoints/etas_20260402-105032/best_model_1.pth
2026-04-02 10:51:31,663 INFO src.train.trainer: Last model at epoch 783 saved to checkpoints/etas_20260402-105032/last_model_1.pth
2026-04-02 10:51:31,663 INFO src.train.trainer: Epoch 784
2026-04-02 10:51:31,719 INFO src.train.trainer: New best validation loss: -7.5464, saved to checkpoints/etas_20260402-105032/best_model_1.pth
2026-04-02 10:51:31,722 INFO src.train.trainer: Last model at epoch 784 saved to checkpoints/etas_20260402-105032/last_model_1.pth
2026-04-02 10:51:31,722 INFO src.train.trainer: Epoch 785
2026-04-02 10:51:31,777 INFO src.train.trainer: New best validation loss: -7.5464, saved to checkpoints/etas_20260402-105032/best_model_1.pth
2026-04-02 10:51:31,779 INFO src.train.trainer: Last model at epoch 785 saved to checkpoints/etas_20260402-105032/last_model_1.pth
2026-04-02 10:51:31,780 INFO src.train.trainer: Epoch 786
2026-04-02 10:51:31,834 INFO src.train.trainer: New best validation loss: -7.5465, saved to checkpoints/etas_20260402-105032/best_model_1.pth
2026-04-02 10:51:31,836 INFO src.train.trainer: Last model at epoch 786 saved to checkpoints/etas_20260402-105032/last_model_1.pth
2026-04-02 10:51:31,837 INFO src.train.trainer: Epoch 787
2026-04-02 10:51:31,891 INFO src.train.trainer: New best validation loss: -7.5465, saved to checkpoints/etas_20260402-105032/best_model_1.pth
2026-04-02 10:51:31,894 INFO src.train.trainer: Last model at epoch 787 saved to checkpoints/etas_20260402-105032/last_model_1.pth
2026-04-02 10:51:31,894 INFO src.train.trainer: Epoch 788
2026-04-02 10:51:31,950 INFO src.train.trainer: New best validation loss: -7.5465, saved to checkpoints/etas_20260402-105032/best_model_1.pth
2026-04-02 10:51:31,952 INFO src.train.trainer: Last model at epoch 788 saved to checkpoints/etas_20260402-105032/last_model_1.pth
2026-04-02 10:51:31,953 INFO src.train.trainer: Epoch 789
2026-04-02 10:51:32,006 INFO src.train.trainer: New best validation loss: -7.5466, saved to checkpoints/etas_20260402-105032/best_model_1.pth
2026-04-02 10:51:32,009 INFO src.train.trainer: Last model at epoch 789 saved to checkpoints/etas_20260402-105032/last_model_1.pth
2026-04-02 10:51:32,009 INFO src.train.trainer: Epoch 790
2026-04-02 10:51:32,063 INFO src.train.trainer: New best validation loss: -7.5466, saved to checkpoints/etas_20260402-105032/best_model_1.pth
2026-04-02 10:51:32,065 INFO src.train.trainer: Last model at epoch 790 saved to checkpoints/etas_20260402-105032/last_model_1.pth
2026-04-02 10:51:32,066 INFO src.train.trainer: Epoch 791
2026-04-02 10:51:32,120 INFO src.train.trainer: New best validation loss: -7.5466, saved to checkpoints/etas_20260402-105032/best_model_1.pth
2026-04-02 10:51:32,122 INFO src.train.trainer: Last model at epoch 791 saved to checkpoints/etas_20260402-105032/last_model_1.pth
2026-04-02 10:51:32,123 INFO src.train.trainer: Epoch 792
2026-04-02 10:51:32,178 INFO src.train.trainer: New best validation loss: -7.5467, saved to checkpoints/etas_20260402-105032/best_model_1.pth
2026-04-02 10:51:32,180 INFO src.train.trainer: Last model at epoch 792 saved to checkpoints/etas_20260402-105032/last_model_1.pth
2026-04-02 10:51:32,180 INFO src.train.trainer: Epoch 793
2026-04-02 10:51:32,235 INFO src.train.trainer: New best validation loss: -7.5467, saved to checkpoints/etas_20260402-105032/best_model_1.pth
2026-04-02 10:51:32,237 INFO src.train.trainer: Last model at epoch 793 saved to checkpoints/etas_20260402-105032/last_model_1.pth
2026-04-02 10:51:32,237 INFO src.train.trainer: Epoch 794
2026-04-02 10:51:32,292 INFO src.train.trainer: New best validation loss: -7.5467, saved to checkpoints/etas_20260402-105032/best_model_1.pth
2026-04-02 10:51:32,294 INFO src.train.trainer: Last model at epoch 794 saved to checkpoints/etas_20260402-105032/last_model_1.pth
2026-04-02 10:51:32,294 INFO src.train.trainer: Epoch 795
2026-04-02 10:51:32,349 INFO src.train.trainer: New best validation loss: -7.5467, saved to checkpoints/etas_20260402-105032/best_model_1.pth
2026-04-02 10:51:32,351 INFO src.train.trainer: Last model at epoch 795 saved to checkpoints/etas_20260402-105032/last_model_1.pth
2026-04-02 10:51:32,351 INFO src.train.trainer: Epoch 796
2026-04-02 10:51:32,405 INFO src.train.trainer: New best validation loss: -7.5468, saved to checkpoints/etas_20260402-105032/best_model_1.pth
2026-04-02 10:51:32,407 INFO src.train.trainer: Last model at epoch 796 saved to checkpoints/etas_20260402-105032/last_model_1.pth
2026-04-02 10:51:32,407 INFO src.train.trainer: Epoch 797
2026-04-02 10:51:32,462 INFO src.train.trainer: New best validation loss: -7.5468, saved to checkpoints/etas_20260402-105032/best_model_1.pth
2026-04-02 10:51:32,464 INFO src.train.trainer: Last model at epoch 797 saved to checkpoints/etas_20260402-105032/last_model_1.pth
2026-04-02 10:51:32,464 INFO src.train.trainer: Epoch 798
2026-04-02 10:51:32,519 INFO src.train.trainer: New best validation loss: -7.5468, saved to checkpoints/etas_20260402-105032/best_model_1.pth
2026-04-02 10:51:32,521 INFO src.train.trainer: Last model at epoch 798 saved to checkpoints/etas_20260402-105032/last_model_1.pth
2026-04-02 10:51:32,522 INFO src.train.trainer: Epoch 799
2026-04-02 10:51:32,586 INFO src.train.trainer: New best validation loss: -7.5469, saved to checkpoints/etas_20260402-105032/best_model_1.pth
2026-04-02 10:51:32,589 INFO src.train.trainer: Last model at epoch 799 saved to checkpoints/etas_20260402-105032/last_model_1.pth
2026-04-02 10:51:32,589 INFO src.train.trainer: Epoch 800
2026-04-02 10:51:32,650 INFO src.train.trainer: New best validation loss: -7.5469, saved to checkpoints/etas_20260402-105032/best_model_1.pth
2026-04-02 10:51:32,652 INFO src.train.trainer: Last model at epoch 800 saved to checkpoints/etas_20260402-105032/last_model_1.pth
2026-04-02 10:51:32,653 INFO src.train.trainer: Epoch 801
2026-04-02 10:51:32,707 INFO src.train.trainer: New best validation loss: -7.5469, saved to checkpoints/etas_20260402-105032/best_model_1.pth
2026-04-02 10:51:32,709 INFO src.train.trainer: Last model at epoch 801 saved to checkpoints/etas_20260402-105032/last_model_1.pth
2026-04-02 10:51:32,709 INFO src.train.trainer: Epoch 802
2026-04-02 10:51:32,764 INFO src.train.trainer: New best validation loss: -7.5469, saved to checkpoints/etas_20260402-105032/best_model_1.pth
2026-04-02 10:51:32,766 INFO src.train.trainer: Last model at epoch 802 saved to checkpoints/etas_20260402-105032/last_model_1.pth
2026-04-02 10:51:32,767 INFO src.train.trainer: Epoch 803
2026-04-02 10:51:32,822 INFO src.train.trainer: New best validation loss: -7.5470, saved to checkpoints/etas_20260402-105032/best_model_1.pth
2026-04-02 10:51:32,824 INFO src.train.trainer: Last model at epoch 803 saved to checkpoints/etas_20260402-105032/last_model_1.pth
2026-04-02 10:51:32,825 INFO src.train.trainer: Epoch 804
2026-04-02 10:51:32,879 INFO src.train.trainer: New best validation loss: -7.5470, saved to checkpoints/etas_20260402-105032/best_model_1.pth
2026-04-02 10:51:32,881 INFO src.train.trainer: Last model at epoch 804 saved to checkpoints/etas_20260402-105032/last_model_1.pth
2026-04-02 10:51:32,881 INFO src.train.trainer: Epoch 805
2026-04-02 10:51:32,937 INFO src.train.trainer: New best validation loss: -7.5470, saved to checkpoints/etas_20260402-105032/best_model_1.pth
2026-04-02 10:51:32,939 INFO src.train.trainer: Last model at epoch 805 saved to checkpoints/etas_20260402-105032/last_model_1.pth
2026-04-02 10:51:32,939 INFO src.train.trainer: Epoch 806
2026-04-02 10:51:32,994 INFO src.train.trainer: New best validation loss: -7.5470, saved to checkpoints/etas_20260402-105032/best_model_1.pth
2026-04-02 10:51:32,996 INFO src.train.trainer: Last model at epoch 806 saved to checkpoints/etas_20260402-105032/last_model_1.pth
2026-04-02 10:51:32,996 INFO src.train.trainer: Epoch 807
2026-04-02 10:51:33,051 INFO src.train.trainer: New best validation loss: -7.5471, saved to checkpoints/etas_20260402-105032/best_model_1.pth
2026-04-02 10:51:33,053 INFO src.train.trainer: Last model at epoch 807 saved to checkpoints/etas_20260402-105032/last_model_1.pth
2026-04-02 10:51:33,054 INFO src.train.trainer: Epoch 808
2026-04-02 10:51:33,109 INFO src.train.trainer: New best validation loss: -7.5471, saved to checkpoints/etas_20260402-105032/best_model_1.pth
2026-04-02 10:51:33,111 INFO src.train.trainer: Last model at epoch 808 saved to checkpoints/etas_20260402-105032/last_model_1.pth
2026-04-02 10:51:33,111 INFO src.train.trainer: Epoch 809
2026-04-02 10:51:33,167 INFO src.train.trainer: New best validation loss: -7.5471, saved to checkpoints/etas_20260402-105032/best_model_1.pth
2026-04-02 10:51:33,169 INFO src.train.trainer: Last model at epoch 809 saved to checkpoints/etas_20260402-105032/last_model_1.pth
2026-04-02 10:51:33,170 INFO src.train.trainer: Epoch 810
2026-04-02 10:51:33,226 INFO src.train.trainer: New best validation loss: -7.5471, saved to checkpoints/etas_20260402-105032/best_model_1.pth
2026-04-02 10:51:33,228 INFO src.train.trainer: Last model at epoch 810 saved to checkpoints/etas_20260402-105032/last_model_1.pth
2026-04-02 10:51:33,228 INFO src.train.trainer: Epoch 811
2026-04-02 10:51:33,281 INFO src.train.trainer: New best validation loss: -7.5472, saved to checkpoints/etas_20260402-105032/best_model_1.pth
2026-04-02 10:51:33,284 INFO src.train.trainer: Last model at epoch 811 saved to checkpoints/etas_20260402-105032/last_model_1.pth
2026-04-02 10:51:33,284 INFO src.train.trainer: Epoch 812
2026-04-02 10:51:33,339 INFO src.train.trainer: New best validation loss: -7.5472, saved to checkpoints/etas_20260402-105032/best_model_1.pth
2026-04-02 10:51:33,341 INFO src.train.trainer: Last model at epoch 812 saved to checkpoints/etas_20260402-105032/last_model_1.pth
2026-04-02 10:51:33,341 INFO src.train.trainer: Epoch 813
2026-04-02 10:51:33,405 INFO src.train.trainer: New best validation loss: -7.5472, saved to checkpoints/etas_20260402-105032/best_model_1.pth
2026-04-02 10:51:33,408 INFO src.train.trainer: Last model at epoch 813 saved to checkpoints/etas_20260402-105032/last_model_1.pth
2026-04-02 10:51:33,408 INFO src.train.trainer: Epoch 814
2026-04-02 10:51:33,464 INFO src.train.trainer: New best validation loss: -7.5472, saved to checkpoints/etas_20260402-105032/best_model_1.pth
2026-04-02 10:51:33,466 INFO src.train.trainer: Last model at epoch 814 saved to checkpoints/etas_20260402-105032/last_model_1.pth
2026-04-02 10:51:33,466 INFO src.train.trainer: Epoch 815
2026-04-02 10:51:33,521 INFO src.train.trainer: New best validation loss: -7.5473, saved to checkpoints/etas_20260402-105032/best_model_1.pth
2026-04-02 10:51:33,523 INFO src.train.trainer: Last model at epoch 815 saved to checkpoints/etas_20260402-105032/last_model_1.pth
2026-04-02 10:51:33,523 INFO src.train.trainer: Epoch 816
2026-04-02 10:51:33,578 INFO src.train.trainer: New best validation loss: -7.5473, saved to checkpoints/etas_20260402-105032/best_model_1.pth
2026-04-02 10:51:33,580 INFO src.train.trainer: Last model at epoch 816 saved to checkpoints/etas_20260402-105032/last_model_1.pth
2026-04-02 10:51:33,580 INFO src.train.trainer: Epoch 817
2026-04-02 10:51:33,636 INFO src.train.trainer: New best validation loss: -7.5473, saved to checkpoints/etas_20260402-105032/best_model_1.pth
2026-04-02 10:51:33,638 INFO src.train.trainer: Last model at epoch 817 saved to checkpoints/etas_20260402-105032/last_model_1.pth
2026-04-02 10:51:33,638 INFO src.train.trainer: Epoch 818
2026-04-02 10:51:33,694 INFO src.train.trainer: New best validation loss: -7.5473, saved to checkpoints/etas_20260402-105032/best_model_1.pth
2026-04-02 10:51:33,696 INFO src.train.trainer: Last model at epoch 818 saved to checkpoints/etas_20260402-105032/last_model_1.pth
2026-04-02 10:51:33,696 INFO src.train.trainer: Epoch 819
2026-04-02 10:51:33,755 INFO src.train.trainer: New best validation loss: -7.5473, saved to checkpoints/etas_20260402-105032/best_model_1.pth
2026-04-02 10:51:33,758 INFO src.train.trainer: Last model at epoch 819 saved to checkpoints/etas_20260402-105032/last_model_1.pth
2026-04-02 10:51:33,758 INFO src.train.trainer: Epoch 820
2026-04-02 10:51:33,811 INFO src.train.trainer: New best validation loss: -7.5474, saved to checkpoints/etas_20260402-105032/best_model_1.pth
2026-04-02 10:51:33,814 INFO src.train.trainer: Last model at epoch 820 saved to checkpoints/etas_20260402-105032/last_model_1.pth
2026-04-02 10:51:33,814 INFO src.train.trainer: Epoch 821
2026-04-02 10:51:33,870 INFO src.train.trainer: New best validation loss: -7.5474, saved to checkpoints/etas_20260402-105032/best_model_1.pth
2026-04-02 10:51:33,872 INFO src.train.trainer: Last model at epoch 821 saved to checkpoints/etas_20260402-105032/last_model_1.pth
2026-04-02 10:51:33,872 INFO src.train.trainer: Epoch 822
2026-04-02 10:51:33,928 INFO src.train.trainer: New best validation loss: -7.5474, saved to checkpoints/etas_20260402-105032/best_model_1.pth
2026-04-02 10:51:33,931 INFO src.train.trainer: Last model at epoch 822 saved to checkpoints/etas_20260402-105032/last_model_1.pth
2026-04-02 10:51:33,931 INFO src.train.trainer: Epoch 823
2026-04-02 10:51:33,987 INFO src.train.trainer: New best validation loss: -7.5474, saved to checkpoints/etas_20260402-105032/best_model_1.pth
2026-04-02 10:51:33,989 INFO src.train.trainer: Last model at epoch 823 saved to checkpoints/etas_20260402-105032/last_model_1.pth
2026-04-02 10:51:33,989 INFO src.train.trainer: Epoch 824
2026-04-02 10:51:34,044 INFO src.train.trainer: New best validation loss: -7.5475, saved to checkpoints/etas_20260402-105032/best_model_1.pth
2026-04-02 10:51:34,048 INFO src.train.trainer: Last model at epoch 824 saved to checkpoints/etas_20260402-105032/last_model_1.pth
2026-04-02 10:51:34,048 INFO src.train.trainer: Epoch 825
2026-04-02 10:51:34,105 INFO src.train.trainer: New best validation loss: -7.5475, saved to checkpoints/etas_20260402-105032/best_model_1.pth
2026-04-02 10:51:34,107 INFO src.train.trainer: Last model at epoch 825 saved to checkpoints/etas_20260402-105032/last_model_1.pth
2026-04-02 10:51:34,108 INFO src.train.trainer: Epoch 826
2026-04-02 10:51:34,169 INFO src.train.trainer: New best validation loss: -7.5475, saved to checkpoints/etas_20260402-105032/best_model_1.pth
2026-04-02 10:51:34,171 INFO src.train.trainer: Last model at epoch 826 saved to checkpoints/etas_20260402-105032/last_model_1.pth
2026-04-02 10:51:34,171 INFO src.train.trainer: Epoch 827
2026-04-02 10:51:34,229 INFO src.train.trainer: New best validation loss: -7.5475, saved to checkpoints/etas_20260402-105032/best_model_1.pth
2026-04-02 10:51:34,232 INFO src.train.trainer: Last model at epoch 827 saved to checkpoints/etas_20260402-105032/last_model_1.pth
2026-04-02 10:51:34,232 INFO src.train.trainer: Epoch 828
2026-04-02 10:51:34,291 INFO src.train.trainer: New best validation loss: -7.5475, saved to checkpoints/etas_20260402-105032/best_model_1.pth
2026-04-02 10:51:34,293 INFO src.train.trainer: Last model at epoch 828 saved to checkpoints/etas_20260402-105032/last_model_1.pth
2026-04-02 10:51:34,293 INFO src.train.trainer: Epoch 829
2026-04-02 10:51:34,347 INFO src.train.trainer: New best validation loss: -7.5476, saved to checkpoints/etas_20260402-105032/best_model_1.pth
2026-04-02 10:51:34,349 INFO src.train.trainer: Last model at epoch 829 saved to checkpoints/etas_20260402-105032/last_model_1.pth
2026-04-02 10:51:34,349 INFO src.train.trainer: Epoch 830
2026-04-02 10:51:34,405 INFO src.train.trainer: New best validation loss: -7.5476, saved to checkpoints/etas_20260402-105032/best_model_1.pth
2026-04-02 10:51:34,407 INFO src.train.trainer: Last model at epoch 830 saved to checkpoints/etas_20260402-105032/last_model_1.pth
2026-04-02 10:51:34,407 INFO src.train.trainer: Epoch 831
2026-04-02 10:51:34,466 INFO src.train.trainer: New best validation loss: -7.5476, saved to checkpoints/etas_20260402-105032/best_model_1.pth
2026-04-02 10:51:34,468 INFO src.train.trainer: Last model at epoch 831 saved to checkpoints/etas_20260402-105032/last_model_1.pth
2026-04-02 10:51:34,468 INFO src.train.trainer: Epoch 832
2026-04-02 10:51:34,518 INFO src.train.trainer: New best validation loss: -7.5476, saved to checkpoints/etas_20260402-105032/best_model_1.pth
2026-04-02 10:51:34,520 INFO src.train.trainer: Last model at epoch 832 saved to checkpoints/etas_20260402-105032/last_model_1.pth
2026-04-02 10:51:34,520 INFO src.train.trainer: Epoch 833
2026-04-02 10:51:34,570 INFO src.train.trainer: New best validation loss: -7.5476, saved to checkpoints/etas_20260402-105032/best_model_1.pth
2026-04-02 10:51:34,572 INFO src.train.trainer: Last model at epoch 833 saved to checkpoints/etas_20260402-105032/last_model_1.pth
2026-04-02 10:51:34,572 INFO src.train.trainer: Epoch 834
2026-04-02 10:51:34,625 INFO src.train.trainer: New best validation loss: -7.5477, saved to checkpoints/etas_20260402-105032/best_model_1.pth
2026-04-02 10:51:34,627 INFO src.train.trainer: Last model at epoch 834 saved to checkpoints/etas_20260402-105032/last_model_1.pth
2026-04-02 10:51:34,627 INFO src.train.trainer: Epoch 835
2026-04-02 10:51:34,680 INFO src.train.trainer: New best validation loss: -7.5477, saved to checkpoints/etas_20260402-105032/best_model_1.pth
2026-04-02 10:51:34,682 INFO src.train.trainer: Last model at epoch 835 saved to checkpoints/etas_20260402-105032/last_model_1.pth
2026-04-02 10:51:34,682 INFO src.train.trainer: Epoch 836
2026-04-02 10:51:34,738 INFO src.train.trainer: New best validation loss: -7.5477, saved to checkpoints/etas_20260402-105032/best_model_1.pth
2026-04-02 10:51:34,741 INFO src.train.trainer: Last model at epoch 836 saved to checkpoints/etas_20260402-105032/last_model_1.pth
2026-04-02 10:51:34,741 INFO src.train.trainer: Epoch 837
2026-04-02 10:51:34,796 INFO src.train.trainer: New best validation loss: -7.5477, saved to checkpoints/etas_20260402-105032/best_model_1.pth
2026-04-02 10:51:34,798 INFO src.train.trainer: Last model at epoch 837 saved to checkpoints/etas_20260402-105032/last_model_1.pth
2026-04-02 10:51:34,798 INFO src.train.trainer: Epoch 838
2026-04-02 10:51:34,854 INFO src.train.trainer: New best validation loss: -7.5477, saved to checkpoints/etas_20260402-105032/best_model_1.pth
2026-04-02 10:51:34,856 INFO src.train.trainer: Last model at epoch 838 saved to checkpoints/etas_20260402-105032/last_model_1.pth
2026-04-02 10:51:34,856 INFO src.train.trainer: Epoch 839
2026-04-02 10:51:34,910 INFO src.train.trainer: New best validation loss: -7.5477, saved to checkpoints/etas_20260402-105032/best_model_1.pth
2026-04-02 10:51:34,912 INFO src.train.trainer: Last model at epoch 839 saved to checkpoints/etas_20260402-105032/last_model_1.pth
2026-04-02 10:51:34,913 INFO src.train.trainer: Epoch 840
2026-04-02 10:51:34,967 INFO src.train.trainer: New best validation loss: -7.5478, saved to checkpoints/etas_20260402-105032/best_model_1.pth
2026-04-02 10:51:34,969 INFO src.train.trainer: Last model at epoch 840 saved to checkpoints/etas_20260402-105032/last_model_1.pth
2026-04-02 10:51:34,969 INFO src.train.trainer: Epoch 841
2026-04-02 10:51:35,024 INFO src.train.trainer: New best validation loss: -7.5478, saved to checkpoints/etas_20260402-105032/best_model_1.pth
2026-04-02 10:51:35,026 INFO src.train.trainer: Last model at epoch 841 saved to checkpoints/etas_20260402-105032/last_model_1.pth
2026-04-02 10:51:35,026 INFO src.train.trainer: Epoch 842
2026-04-02 10:51:35,084 INFO src.train.trainer: New best validation loss: -7.5478, saved to checkpoints/etas_20260402-105032/best_model_1.pth
2026-04-02 10:51:35,086 INFO src.train.trainer: Last model at epoch 842 saved to checkpoints/etas_20260402-105032/last_model_1.pth
2026-04-02 10:51:35,086 INFO src.train.trainer: Epoch 843
2026-04-02 10:51:35,141 INFO src.train.trainer: New best validation loss: -7.5478, saved to checkpoints/etas_20260402-105032/best_model_1.pth
2026-04-02 10:51:35,143 INFO src.train.trainer: Last model at epoch 843 saved to checkpoints/etas_20260402-105032/last_model_1.pth
2026-04-02 10:51:35,144 INFO src.train.trainer: Epoch 844
2026-04-02 10:51:35,198 INFO src.train.trainer: New best validation loss: -7.5478, saved to checkpoints/etas_20260402-105032/best_model_1.pth
2026-04-02 10:51:35,200 INFO src.train.trainer: Last model at epoch 844 saved to checkpoints/etas_20260402-105032/last_model_1.pth
2026-04-02 10:51:35,200 INFO src.train.trainer: Epoch 845
2026-04-02 10:51:35,252 INFO src.train.trainer: New best validation loss: -7.5479, saved to checkpoints/etas_20260402-105032/best_model_1.pth
2026-04-02 10:51:35,254 INFO src.train.trainer: Last model at epoch 845 saved to checkpoints/etas_20260402-105032/last_model_1.pth
2026-04-02 10:51:35,255 INFO src.train.trainer: Epoch 846
2026-04-02 10:51:35,307 INFO src.train.trainer: New best validation loss: -7.5479, saved to checkpoints/etas_20260402-105032/best_model_1.pth
2026-04-02 10:51:35,310 INFO src.train.trainer: Last model at epoch 846 saved to checkpoints/etas_20260402-105032/last_model_1.pth
2026-04-02 10:51:35,310 INFO src.train.trainer: Epoch 847
2026-04-02 10:51:35,365 INFO src.train.trainer: New best validation loss: -7.5479, saved to checkpoints/etas_20260402-105032/best_model_1.pth
2026-04-02 10:51:35,367 INFO src.train.trainer: Last model at epoch 847 saved to checkpoints/etas_20260402-105032/last_model_1.pth
2026-04-02 10:51:35,367 INFO src.train.trainer: Epoch 848
2026-04-02 10:51:35,422 INFO src.train.trainer: New best validation loss: -7.5479, saved to checkpoints/etas_20260402-105032/best_model_1.pth
2026-04-02 10:51:35,425 INFO src.train.trainer: Last model at epoch 848 saved to checkpoints/etas_20260402-105032/last_model_1.pth
2026-04-02 10:51:35,425 INFO src.train.trainer: Epoch 849
2026-04-02 10:51:35,480 INFO src.train.trainer: New best validation loss: -7.5479, saved to checkpoints/etas_20260402-105032/best_model_1.pth
2026-04-02 10:51:35,482 INFO src.train.trainer: Last model at epoch 849 saved to checkpoints/etas_20260402-105032/last_model_1.pth
2026-04-02 10:51:35,482 INFO src.train.trainer: Epoch 850
2026-04-02 10:51:35,537 INFO src.train.trainer: New best validation loss: -7.5479, saved to checkpoints/etas_20260402-105032/best_model_1.pth
2026-04-02 10:51:35,539 INFO src.train.trainer: Last model at epoch 850 saved to checkpoints/etas_20260402-105032/last_model_1.pth
2026-04-02 10:51:35,539 INFO src.train.trainer: Epoch 851
2026-04-02 10:51:35,593 INFO src.train.trainer: New best validation loss: -7.5479, saved to checkpoints/etas_20260402-105032/best_model_1.pth
2026-04-02 10:51:35,595 INFO src.train.trainer: Last model at epoch 851 saved to checkpoints/etas_20260402-105032/last_model_1.pth
2026-04-02 10:51:35,595 INFO src.train.trainer: Epoch 852
2026-04-02 10:51:35,651 INFO src.train.trainer: New best validation loss: -7.5480, saved to checkpoints/etas_20260402-105032/best_model_1.pth
2026-04-02 10:51:35,653 INFO src.train.trainer: Last model at epoch 852 saved to checkpoints/etas_20260402-105032/last_model_1.pth
2026-04-02 10:51:35,654 INFO src.train.trainer: Epoch 853
2026-04-02 10:51:35,709 INFO src.train.trainer: New best validation loss: -7.5480, saved to checkpoints/etas_20260402-105032/best_model_1.pth
2026-04-02 10:51:35,711 INFO src.train.trainer: Last model at epoch 853 saved to checkpoints/etas_20260402-105032/last_model_1.pth
2026-04-02 10:51:35,711 INFO src.train.trainer: Epoch 854
2026-04-02 10:51:35,768 INFO src.train.trainer: New best validation loss: -7.5480, saved to checkpoints/etas_20260402-105032/best_model_1.pth
2026-04-02 10:51:35,770 INFO src.train.trainer: Last model at epoch 854 saved to checkpoints/etas_20260402-105032/last_model_1.pth
2026-04-02 10:51:35,771 INFO src.train.trainer: Epoch 855
2026-04-02 10:51:35,828 INFO src.train.trainer: New best validation loss: -7.5480, saved to checkpoints/etas_20260402-105032/best_model_1.pth
2026-04-02 10:51:35,830 INFO src.train.trainer: Last model at epoch 855 saved to checkpoints/etas_20260402-105032/last_model_1.pth
2026-04-02 10:51:35,830 INFO src.train.trainer: Epoch 856
2026-04-02 10:51:35,887 INFO src.train.trainer: New best validation loss: -7.5480, saved to checkpoints/etas_20260402-105032/best_model_1.pth
2026-04-02 10:51:35,890 INFO src.train.trainer: Last model at epoch 856 saved to checkpoints/etas_20260402-105032/last_model_1.pth
2026-04-02 10:51:35,890 INFO src.train.trainer: Epoch 857
2026-04-02 10:51:35,948 INFO src.train.trainer: New best validation loss: -7.5480, saved to checkpoints/etas_20260402-105032/best_model_1.pth
2026-04-02 10:51:35,950 INFO src.train.trainer: Last model at epoch 857 saved to checkpoints/etas_20260402-105032/last_model_1.pth
2026-04-02 10:51:35,950 INFO src.train.trainer: Epoch 858
2026-04-02 10:51:36,007 INFO src.train.trainer: New best validation loss: -7.5481, saved to checkpoints/etas_20260402-105032/best_model_1.pth
2026-04-02 10:51:36,010 INFO src.train.trainer: Last model at epoch 858 saved to checkpoints/etas_20260402-105032/last_model_1.pth
2026-04-02 10:51:36,010 INFO src.train.trainer: Epoch 859
2026-04-02 10:51:36,067 INFO src.train.trainer: New best validation loss: -7.5481, saved to checkpoints/etas_20260402-105032/best_model_1.pth
2026-04-02 10:51:36,069 INFO src.train.trainer: Last model at epoch 859 saved to checkpoints/etas_20260402-105032/last_model_1.pth
2026-04-02 10:51:36,069 INFO src.train.trainer: Epoch 860
2026-04-02 10:51:36,127 INFO src.train.trainer: New best validation loss: -7.5481, saved to checkpoints/etas_20260402-105032/best_model_1.pth
2026-04-02 10:51:36,129 INFO src.train.trainer: Last model at epoch 860 saved to checkpoints/etas_20260402-105032/last_model_1.pth
2026-04-02 10:51:36,129 INFO src.train.trainer: Epoch 861
2026-04-02 10:51:36,188 INFO src.train.trainer: New best validation loss: -7.5481, saved to checkpoints/etas_20260402-105032/best_model_1.pth
2026-04-02 10:51:36,191 INFO src.train.trainer: Last model at epoch 861 saved to checkpoints/etas_20260402-105032/last_model_1.pth
2026-04-02 10:51:36,191 INFO src.train.trainer: Epoch 862
2026-04-02 10:51:36,246 INFO src.train.trainer: New best validation loss: -7.5481, saved to checkpoints/etas_20260402-105032/best_model_1.pth
2026-04-02 10:51:36,248 INFO src.train.trainer: Last model at epoch 862 saved to checkpoints/etas_20260402-105032/last_model_1.pth
2026-04-02 10:51:36,248 INFO src.train.trainer: Epoch 863
2026-04-02 10:51:36,304 INFO src.train.trainer: New best validation loss: -7.5481, saved to checkpoints/etas_20260402-105032/best_model_1.pth
2026-04-02 10:51:36,306 INFO src.train.trainer: Last model at epoch 863 saved to checkpoints/etas_20260402-105032/last_model_1.pth
2026-04-02 10:51:36,306 INFO src.train.trainer: Epoch 864
2026-04-02 10:51:36,360 INFO src.train.trainer: New best validation loss: -7.5481, saved to checkpoints/etas_20260402-105032/best_model_1.pth
2026-04-02 10:51:36,362 INFO src.train.trainer: Last model at epoch 864 saved to checkpoints/etas_20260402-105032/last_model_1.pth
2026-04-02 10:51:36,363 INFO src.train.trainer: Epoch 865
2026-04-02 10:51:36,417 INFO src.train.trainer: New best validation loss: -7.5482, saved to checkpoints/etas_20260402-105032/best_model_1.pth
2026-04-02 10:51:36,419 INFO src.train.trainer: Last model at epoch 865 saved to checkpoints/etas_20260402-105032/last_model_1.pth
2026-04-02 10:51:36,419 INFO src.train.trainer: Epoch 866
2026-04-02 10:51:36,474 INFO src.train.trainer: New best validation loss: -7.5482, saved to checkpoints/etas_20260402-105032/best_model_1.pth
2026-04-02 10:51:36,476 INFO src.train.trainer: Last model at epoch 866 saved to checkpoints/etas_20260402-105032/last_model_1.pth
2026-04-02 10:51:36,476 INFO src.train.trainer: Epoch 867
2026-04-02 10:51:36,531 INFO src.train.trainer: New best validation loss: -7.5482, saved to checkpoints/etas_20260402-105032/best_model_1.pth
2026-04-02 10:51:36,533 INFO src.train.trainer: Last model at epoch 867 saved to checkpoints/etas_20260402-105032/last_model_1.pth
2026-04-02 10:51:36,533 INFO src.train.trainer: Epoch 868
2026-04-02 10:51:36,588 INFO src.train.trainer: New best validation loss: -7.5482, saved to checkpoints/etas_20260402-105032/best_model_1.pth
2026-04-02 10:51:36,590 INFO src.train.trainer: Last model at epoch 868 saved to checkpoints/etas_20260402-105032/last_model_1.pth
2026-04-02 10:51:36,590 INFO src.train.trainer: Epoch 869
2026-04-02 10:51:36,649 INFO src.train.trainer: New best validation loss: -7.5482, saved to checkpoints/etas_20260402-105032/best_model_1.pth
2026-04-02 10:51:36,651 INFO src.train.trainer: Last model at epoch 869 saved to checkpoints/etas_20260402-105032/last_model_1.pth
2026-04-02 10:51:36,652 INFO src.train.trainer: Epoch 870
2026-04-02 10:51:36,711 INFO src.train.trainer: New best validation loss: -7.5482, saved to checkpoints/etas_20260402-105032/best_model_1.pth
2026-04-02 10:51:36,713 INFO src.train.trainer: Last model at epoch 870 saved to checkpoints/etas_20260402-105032/last_model_1.pth
2026-04-02 10:51:36,713 INFO src.train.trainer: Epoch 871
2026-04-02 10:51:36,770 INFO src.train.trainer: New best validation loss: -7.5482, saved to checkpoints/etas_20260402-105032/best_model_1.pth
2026-04-02 10:51:36,773 INFO src.train.trainer: Last model at epoch 871 saved to checkpoints/etas_20260402-105032/last_model_1.pth
2026-04-02 10:51:36,773 INFO src.train.trainer: Epoch 872
2026-04-02 10:51:36,831 INFO src.train.trainer: New best validation loss: -7.5482, saved to checkpoints/etas_20260402-105032/best_model_1.pth
2026-04-02 10:51:36,833 INFO src.train.trainer: Last model at epoch 872 saved to checkpoints/etas_20260402-105032/last_model_1.pth
2026-04-02 10:51:36,833 INFO src.train.trainer: Epoch 873
2026-04-02 10:51:36,887 INFO src.train.trainer: New best validation loss: -7.5482, saved to checkpoints/etas_20260402-105032/best_model_1.pth
2026-04-02 10:51:36,889 INFO src.train.trainer: Last model at epoch 873 saved to checkpoints/etas_20260402-105032/last_model_1.pth
2026-04-02 10:51:36,889 INFO src.train.trainer: Epoch 874
2026-04-02 10:51:36,942 INFO src.train.trainer: New best validation loss: -7.5483, saved to checkpoints/etas_20260402-105032/best_model_1.pth
2026-04-02 10:51:36,944 INFO src.train.trainer: Last model at epoch 874 saved to checkpoints/etas_20260402-105032/last_model_1.pth
2026-04-02 10:51:36,944 INFO src.train.trainer: Epoch 875
2026-04-02 10:51:36,997 INFO src.train.trainer: New best validation loss: -7.5483, saved to checkpoints/etas_20260402-105032/best_model_1.pth
2026-04-02 10:51:36,999 INFO src.train.trainer: Last model at epoch 875 saved to checkpoints/etas_20260402-105032/last_model_1.pth
2026-04-02 10:51:36,999 INFO src.train.trainer: Epoch 876
2026-04-02 10:51:37,052 INFO src.train.trainer: New best validation loss: -7.5483, saved to checkpoints/etas_20260402-105032/best_model_1.pth
2026-04-02 10:51:37,054 INFO src.train.trainer: Last model at epoch 876 saved to checkpoints/etas_20260402-105032/last_model_1.pth
2026-04-02 10:51:37,054 INFO src.train.trainer: Epoch 877
2026-04-02 10:51:37,109 INFO src.train.trainer: New best validation loss: -7.5483, saved to checkpoints/etas_20260402-105032/best_model_1.pth
2026-04-02 10:51:37,111 INFO src.train.trainer: Last model at epoch 877 saved to checkpoints/etas_20260402-105032/last_model_1.pth
2026-04-02 10:51:37,111 INFO src.train.trainer: Epoch 878
2026-04-02 10:51:37,165 INFO src.train.trainer: New best validation loss: -7.5483, saved to checkpoints/etas_20260402-105032/best_model_1.pth
2026-04-02 10:51:37,167 INFO src.train.trainer: Last model at epoch 878 saved to checkpoints/etas_20260402-105032/last_model_1.pth
2026-04-02 10:51:37,167 INFO src.train.trainer: Epoch 879
2026-04-02 10:51:37,222 INFO src.train.trainer: New best validation loss: -7.5483, saved to checkpoints/etas_20260402-105032/best_model_1.pth
2026-04-02 10:51:37,224 INFO src.train.trainer: Last model at epoch 879 saved to checkpoints/etas_20260402-105032/last_model_1.pth
2026-04-02 10:51:37,224 INFO src.train.trainer: Epoch 880
2026-04-02 10:51:37,279 INFO src.train.trainer: New best validation loss: -7.5483, saved to checkpoints/etas_20260402-105032/best_model_1.pth
2026-04-02 10:51:37,281 INFO src.train.trainer: Last model at epoch 880 saved to checkpoints/etas_20260402-105032/last_model_1.pth
2026-04-02 10:51:37,281 INFO src.train.trainer: Epoch 881
2026-04-02 10:51:37,336 INFO src.train.trainer: New best validation loss: -7.5483, saved to checkpoints/etas_20260402-105032/best_model_1.pth
2026-04-02 10:51:37,338 INFO src.train.trainer: Last model at epoch 881 saved to checkpoints/etas_20260402-105032/last_model_1.pth
2026-04-02 10:51:37,338 INFO src.train.trainer: Epoch 882
2026-04-02 10:51:37,391 INFO src.train.trainer: New best validation loss: -7.5483, saved to checkpoints/etas_20260402-105032/best_model_1.pth
2026-04-02 10:51:37,393 INFO src.train.trainer: Last model at epoch 882 saved to checkpoints/etas_20260402-105032/last_model_1.pth
2026-04-02 10:51:37,393 INFO src.train.trainer: Epoch 883
2026-04-02 10:51:37,447 INFO src.train.trainer: New best validation loss: -7.5484, saved to checkpoints/etas_20260402-105032/best_model_1.pth
2026-04-02 10:51:37,449 INFO src.train.trainer: Last model at epoch 883 saved to checkpoints/etas_20260402-105032/last_model_1.pth
2026-04-02 10:51:37,449 INFO src.train.trainer: Epoch 884
2026-04-02 10:51:37,507 INFO src.train.trainer: New best validation loss: -7.5484, saved to checkpoints/etas_20260402-105032/best_model_1.pth
2026-04-02 10:51:37,510 INFO src.train.trainer: Last model at epoch 884 saved to checkpoints/etas_20260402-105032/last_model_1.pth
2026-04-02 10:51:37,510 INFO src.train.trainer: Epoch 885
2026-04-02 10:51:37,566 INFO src.train.trainer: New best validation loss: -7.5484, saved to checkpoints/etas_20260402-105032/best_model_1.pth
2026-04-02 10:51:37,568 INFO src.train.trainer: Last model at epoch 885 saved to checkpoints/etas_20260402-105032/last_model_1.pth
2026-04-02 10:51:37,568 INFO src.train.trainer: Epoch 886
2026-04-02 10:51:37,622 INFO src.train.trainer: New best validation loss: -7.5484, saved to checkpoints/etas_20260402-105032/best_model_1.pth
2026-04-02 10:51:37,624 INFO src.train.trainer: Last model at epoch 886 saved to checkpoints/etas_20260402-105032/last_model_1.pth
2026-04-02 10:51:37,624 INFO src.train.trainer: Epoch 887
2026-04-02 10:51:37,680 INFO src.train.trainer: New best validation loss: -7.5484, saved to checkpoints/etas_20260402-105032/best_model_1.pth
2026-04-02 10:51:37,682 INFO src.train.trainer: Last model at epoch 887 saved to checkpoints/etas_20260402-105032/last_model_1.pth
2026-04-02 10:51:37,682 INFO src.train.trainer: Epoch 888
2026-04-02 10:51:37,737 INFO src.train.trainer: New best validation loss: -7.5484, saved to checkpoints/etas_20260402-105032/best_model_1.pth
2026-04-02 10:51:37,739 INFO src.train.trainer: Last model at epoch 888 saved to checkpoints/etas_20260402-105032/last_model_1.pth
2026-04-02 10:51:37,739 INFO src.train.trainer: Epoch 889
2026-04-02 10:51:37,794 INFO src.train.trainer: New best validation loss: -7.5484, saved to checkpoints/etas_20260402-105032/best_model_1.pth
2026-04-02 10:51:37,796 INFO src.train.trainer: Last model at epoch 889 saved to checkpoints/etas_20260402-105032/last_model_1.pth
2026-04-02 10:51:37,796 INFO src.train.trainer: Epoch 890
2026-04-02 10:51:37,850 INFO src.train.trainer: New best validation loss: -7.5484, saved to checkpoints/etas_20260402-105032/best_model_1.pth
2026-04-02 10:51:37,853 INFO src.train.trainer: Last model at epoch 890 saved to checkpoints/etas_20260402-105032/last_model_1.pth
2026-04-02 10:51:37,853 INFO src.train.trainer: Epoch 891
2026-04-02 10:51:37,909 INFO src.train.trainer: New best validation loss: -7.5484, saved to checkpoints/etas_20260402-105032/best_model_1.pth
2026-04-02 10:51:37,911 INFO src.train.trainer: Last model at epoch 891 saved to checkpoints/etas_20260402-105032/last_model_1.pth
2026-04-02 10:51:37,911 INFO src.train.trainer: Epoch 892
2026-04-02 10:51:37,968 INFO src.train.trainer: New best validation loss: -7.5484, saved to checkpoints/etas_20260402-105032/best_model_1.pth
2026-04-02 10:51:37,970 INFO src.train.trainer: Last model at epoch 892 saved to checkpoints/etas_20260402-105032/last_model_1.pth
2026-04-02 10:51:37,970 INFO src.train.trainer: Epoch 893
2026-04-02 10:51:38,026 INFO src.train.trainer: New best validation loss: -7.5485, saved to checkpoints/etas_20260402-105032/best_model_1.pth
2026-04-02 10:51:38,028 INFO src.train.trainer: Last model at epoch 893 saved to checkpoints/etas_20260402-105032/last_model_1.pth
2026-04-02 10:51:38,028 INFO src.train.trainer: Epoch 894
2026-04-02 10:51:38,084 INFO src.train.trainer: New best validation loss: -7.5485, saved to checkpoints/etas_20260402-105032/best_model_1.pth
2026-04-02 10:51:38,086 INFO src.train.trainer: Last model at epoch 894 saved to checkpoints/etas_20260402-105032/last_model_1.pth
2026-04-02 10:51:38,086 INFO src.train.trainer: Epoch 895
2026-04-02 10:51:38,144 INFO src.train.trainer: New best validation loss: -7.5485, saved to checkpoints/etas_20260402-105032/best_model_1.pth
2026-04-02 10:51:38,146 INFO src.train.trainer: Last model at epoch 895 saved to checkpoints/etas_20260402-105032/last_model_1.pth
2026-04-02 10:51:38,146 INFO src.train.trainer: Epoch 896
2026-04-02 10:51:38,202 INFO src.train.trainer: New best validation loss: -7.5485, saved to checkpoints/etas_20260402-105032/best_model_1.pth
2026-04-02 10:51:38,204 INFO src.train.trainer: Last model at epoch 896 saved to checkpoints/etas_20260402-105032/last_model_1.pth
2026-04-02 10:51:38,204 INFO src.train.trainer: Epoch 897
2026-04-02 10:51:38,260 INFO src.train.trainer: New best validation loss: -7.5485, saved to checkpoints/etas_20260402-105032/best_model_1.pth
2026-04-02 10:51:38,262 INFO src.train.trainer: Last model at epoch 897 saved to checkpoints/etas_20260402-105032/last_model_1.pth
2026-04-02 10:51:38,262 INFO src.train.trainer: Epoch 898
2026-04-02 10:51:38,315 INFO src.train.trainer: New best validation loss: -7.5485, saved to checkpoints/etas_20260402-105032/best_model_1.pth
2026-04-02 10:51:38,317 INFO src.train.trainer: Last model at epoch 898 saved to checkpoints/etas_20260402-105032/last_model_1.pth
2026-04-02 10:51:38,317 INFO src.train.trainer: Epoch 899
2026-04-02 10:51:38,373 INFO src.train.trainer: New best validation loss: -7.5485, saved to checkpoints/etas_20260402-105032/best_model_1.pth
2026-04-02 10:51:38,375 INFO src.train.trainer: Last model at epoch 899 saved to checkpoints/etas_20260402-105032/last_model_1.pth
2026-04-02 10:51:38,375 INFO src.train.trainer: Epoch 900
2026-04-02 10:51:38,430 INFO src.train.trainer: New best validation loss: -7.5485, saved to checkpoints/etas_20260402-105032/best_model_1.pth
2026-04-02 10:51:38,432 INFO src.train.trainer: Last model at epoch 900 saved to checkpoints/etas_20260402-105032/last_model_1.pth
2026-04-02 10:51:38,432 INFO src.train.trainer: Epoch 901
2026-04-02 10:51:38,488 INFO src.train.trainer: New best validation loss: -7.5485, saved to checkpoints/etas_20260402-105032/best_model_1.pth
2026-04-02 10:51:38,490 INFO src.train.trainer: Last model at epoch 901 saved to checkpoints/etas_20260402-105032/last_model_1.pth
2026-04-02 10:51:38,491 INFO src.train.trainer: Epoch 902
2026-04-02 10:51:38,545 INFO src.train.trainer: New best validation loss: -7.5485, saved to checkpoints/etas_20260402-105032/best_model_1.pth
2026-04-02 10:51:38,547 INFO src.train.trainer: Last model at epoch 902 saved to checkpoints/etas_20260402-105032/last_model_1.pth
2026-04-02 10:51:38,547 INFO src.train.trainer: Epoch 903
2026-04-02 10:51:38,603 INFO src.train.trainer: New best validation loss: -7.5485, saved to checkpoints/etas_20260402-105032/best_model_1.pth
2026-04-02 10:51:38,605 INFO src.train.trainer: Last model at epoch 903 saved to checkpoints/etas_20260402-105032/last_model_1.pth
2026-04-02 10:51:38,605 INFO src.train.trainer: Epoch 904
2026-04-02 10:51:38,659 INFO src.train.trainer: New best validation loss: -7.5485, saved to checkpoints/etas_20260402-105032/best_model_1.pth
2026-04-02 10:51:38,661 INFO src.train.trainer: Last model at epoch 904 saved to checkpoints/etas_20260402-105032/last_model_1.pth
2026-04-02 10:51:38,661 INFO src.train.trainer: Epoch 905
2026-04-02 10:51:38,714 INFO src.train.trainer: New best validation loss: -7.5485, saved to checkpoints/etas_20260402-105032/best_model_1.pth
2026-04-02 10:51:38,716 INFO src.train.trainer: Last model at epoch 905 saved to checkpoints/etas_20260402-105032/last_model_1.pth
2026-04-02 10:51:38,716 INFO src.train.trainer: Epoch 906
2026-04-02 10:51:38,771 INFO src.train.trainer: New best validation loss: -7.5485, saved to checkpoints/etas_20260402-105032/best_model_1.pth
2026-04-02 10:51:38,773 INFO src.train.trainer: Last model at epoch 906 saved to checkpoints/etas_20260402-105032/last_model_1.pth
2026-04-02 10:51:38,773 INFO src.train.trainer: Epoch 907
2026-04-02 10:51:38,828 INFO src.train.trainer: New best validation loss: -7.5485, saved to checkpoints/etas_20260402-105032/best_model_1.pth
2026-04-02 10:51:38,831 INFO src.train.trainer: Last model at epoch 907 saved to checkpoints/etas_20260402-105032/last_model_1.pth
2026-04-02 10:51:38,831 INFO src.train.trainer: Epoch 908
2026-04-02 10:51:38,886 INFO src.train.trainer: New best validation loss: -7.5486, saved to checkpoints/etas_20260402-105032/best_model_1.pth
2026-04-02 10:51:38,888 INFO src.train.trainer: Last model at epoch 908 saved to checkpoints/etas_20260402-105032/last_model_1.pth
2026-04-02 10:51:38,888 INFO src.train.trainer: Epoch 909
2026-04-02 10:51:38,942 INFO src.train.trainer: New best validation loss: -7.5486, saved to checkpoints/etas_20260402-105032/best_model_1.pth
2026-04-02 10:51:38,944 INFO src.train.trainer: Last model at epoch 909 saved to checkpoints/etas_20260402-105032/last_model_1.pth
2026-04-02 10:51:38,944 INFO src.train.trainer: Epoch 910
2026-04-02 10:51:38,998 INFO src.train.trainer: New best validation loss: -7.5486, saved to checkpoints/etas_20260402-105032/best_model_1.pth
2026-04-02 10:51:39,000 INFO src.train.trainer: Last model at epoch 910 saved to checkpoints/etas_20260402-105032/last_model_1.pth
2026-04-02 10:51:39,000 INFO src.train.trainer: Epoch 911
2026-04-02 10:51:39,055 INFO src.train.trainer: New best validation loss: -7.5486, saved to checkpoints/etas_20260402-105032/best_model_1.pth
2026-04-02 10:51:39,057 INFO src.train.trainer: Last model at epoch 911 saved to checkpoints/etas_20260402-105032/last_model_1.pth
2026-04-02 10:51:39,057 INFO src.train.trainer: Epoch 912
2026-04-02 10:51:39,111 INFO src.train.trainer: New best validation loss: -7.5486, saved to checkpoints/etas_20260402-105032/best_model_1.pth
2026-04-02 10:51:39,113 INFO src.train.trainer: Last model at epoch 912 saved to checkpoints/etas_20260402-105032/last_model_1.pth
2026-04-02 10:51:39,113 INFO src.train.trainer: Epoch 913
2026-04-02 10:51:39,166 INFO src.train.trainer: New best validation loss: -7.5486, saved to checkpoints/etas_20260402-105032/best_model_1.pth
2026-04-02 10:51:39,168 INFO src.train.trainer: Last model at epoch 913 saved to checkpoints/etas_20260402-105032/last_model_1.pth
2026-04-02 10:51:39,169 INFO src.train.trainer: Epoch 914
2026-04-02 10:51:39,223 INFO src.train.trainer: New best validation loss: -7.5486, saved to checkpoints/etas_20260402-105032/best_model_1.pth
2026-04-02 10:51:39,225 INFO src.train.trainer: Last model at epoch 914 saved to checkpoints/etas_20260402-105032/last_model_1.pth
2026-04-02 10:51:39,225 INFO src.train.trainer: Epoch 915
2026-04-02 10:51:39,279 INFO src.train.trainer: New best validation loss: -7.5486, saved to checkpoints/etas_20260402-105032/best_model_1.pth
2026-04-02 10:51:39,281 INFO src.train.trainer: Last model at epoch 915 saved to checkpoints/etas_20260402-105032/last_model_1.pth
2026-04-02 10:51:39,281 INFO src.train.trainer: Epoch 916
2026-04-02 10:51:39,337 INFO src.train.trainer: New best validation loss: -7.5486, saved to checkpoints/etas_20260402-105032/best_model_1.pth
2026-04-02 10:51:39,339 INFO src.train.trainer: Last model at epoch 916 saved to checkpoints/etas_20260402-105032/last_model_1.pth
2026-04-02 10:51:39,339 INFO src.train.trainer: Epoch 917
2026-04-02 10:51:39,395 INFO src.train.trainer: New best validation loss: -7.5486, saved to checkpoints/etas_20260402-105032/best_model_1.pth
2026-04-02 10:51:39,397 INFO src.train.trainer: Last model at epoch 917 saved to checkpoints/etas_20260402-105032/last_model_1.pth
2026-04-02 10:51:39,397 INFO src.train.trainer: Epoch 918
2026-04-02 10:51:39,452 INFO src.train.trainer: New best validation loss: -7.5486, saved to checkpoints/etas_20260402-105032/best_model_1.pth
2026-04-02 10:51:39,454 INFO src.train.trainer: Last model at epoch 918 saved to checkpoints/etas_20260402-105032/last_model_1.pth
2026-04-02 10:51:39,454 INFO src.train.trainer: Epoch 919
2026-04-02 10:51:39,509 INFO src.train.trainer: New best validation loss: -7.5486, saved to checkpoints/etas_20260402-105032/best_model_1.pth
2026-04-02 10:51:39,511 INFO src.train.trainer: Last model at epoch 919 saved to checkpoints/etas_20260402-105032/last_model_1.pth
2026-04-02 10:51:39,511 INFO src.train.trainer: Epoch 920
2026-04-02 10:51:39,565 INFO src.train.trainer: New best validation loss: -7.5486, saved to checkpoints/etas_20260402-105032/best_model_1.pth
2026-04-02 10:51:39,568 INFO src.train.trainer: Last model at epoch 920 saved to checkpoints/etas_20260402-105032/last_model_1.pth
2026-04-02 10:51:39,568 INFO src.train.trainer: Epoch 921
2026-04-02 10:51:39,626 INFO src.train.trainer: New best validation loss: -7.5486, saved to checkpoints/etas_20260402-105032/best_model_1.pth
2026-04-02 10:51:39,628 INFO src.train.trainer: Last model at epoch 921 saved to checkpoints/etas_20260402-105032/last_model_1.pth
2026-04-02 10:51:39,628 INFO src.train.trainer: Epoch 922
2026-04-02 10:51:39,685 INFO src.train.trainer: New best validation loss: -7.5486, saved to checkpoints/etas_20260402-105032/best_model_1.pth
2026-04-02 10:51:39,687 INFO src.train.trainer: Last model at epoch 922 saved to checkpoints/etas_20260402-105032/last_model_1.pth
2026-04-02 10:51:39,687 INFO src.train.trainer: Epoch 923
2026-04-02 10:51:39,744 INFO src.train.trainer: New best validation loss: -7.5486, saved to checkpoints/etas_20260402-105032/best_model_1.pth
2026-04-02 10:51:39,747 INFO src.train.trainer: Last model at epoch 923 saved to checkpoints/etas_20260402-105032/last_model_1.pth
2026-04-02 10:51:39,747 INFO src.train.trainer: Epoch 924
2026-04-02 10:51:39,803 INFO src.train.trainer: New best validation loss: -7.5486, saved to checkpoints/etas_20260402-105032/best_model_1.pth
2026-04-02 10:51:39,805 INFO src.train.trainer: Last model at epoch 924 saved to checkpoints/etas_20260402-105032/last_model_1.pth
2026-04-02 10:51:39,805 INFO src.train.trainer: Epoch 925
2026-04-02 10:51:39,860 INFO src.train.trainer: New best validation loss: -7.5486, saved to checkpoints/etas_20260402-105032/best_model_1.pth
2026-04-02 10:51:39,862 INFO src.train.trainer: Last model at epoch 925 saved to checkpoints/etas_20260402-105032/last_model_1.pth
2026-04-02 10:51:39,862 INFO src.train.trainer: Epoch 926
2026-04-02 10:51:39,916 INFO src.train.trainer: New best validation loss: -7.5486, saved to checkpoints/etas_20260402-105032/best_model_1.pth
2026-04-02 10:51:39,918 INFO src.train.trainer: Last model at epoch 926 saved to checkpoints/etas_20260402-105032/last_model_1.pth
2026-04-02 10:51:39,918 INFO src.train.trainer: Epoch 927
2026-04-02 10:51:39,975 INFO src.train.trainer: New best validation loss: -7.5486, saved to checkpoints/etas_20260402-105032/best_model_1.pth
2026-04-02 10:51:39,977 INFO src.train.trainer: Last model at epoch 927 saved to checkpoints/etas_20260402-105032/last_model_1.pth
2026-04-02 10:51:39,977 INFO src.train.trainer: Epoch 928
2026-04-02 10:51:40,032 INFO src.train.trainer: New best validation loss: -7.5486, saved to checkpoints/etas_20260402-105032/best_model_1.pth
2026-04-02 10:51:40,035 INFO src.train.trainer: Last model at epoch 928 saved to checkpoints/etas_20260402-105032/last_model_1.pth
2026-04-02 10:51:40,035 INFO src.train.trainer: Epoch 929
2026-04-02 10:51:40,092 INFO src.train.trainer: New best validation loss: -7.5487, saved to checkpoints/etas_20260402-105032/best_model_1.pth
2026-04-02 10:51:40,094 INFO src.train.trainer: Last model at epoch 929 saved to checkpoints/etas_20260402-105032/last_model_1.pth
2026-04-02 10:51:40,094 INFO src.train.trainer: Epoch 930
2026-04-02 10:51:40,150 INFO src.train.trainer: New best validation loss: -7.5487, saved to checkpoints/etas_20260402-105032/best_model_1.pth
2026-04-02 10:51:40,152 INFO src.train.trainer: Last model at epoch 930 saved to checkpoints/etas_20260402-105032/last_model_1.pth
2026-04-02 10:51:40,153 INFO src.train.trainer: Epoch 931
2026-04-02 10:51:40,204 INFO src.train.trainer: New best validation loss: -7.5487, saved to checkpoints/etas_20260402-105032/best_model_1.pth
2026-04-02 10:51:40,206 INFO src.train.trainer: Last model at epoch 931 saved to checkpoints/etas_20260402-105032/last_model_1.pth
2026-04-02 10:51:40,206 INFO src.train.trainer: Epoch 932
2026-04-02 10:51:40,353 INFO src.train.trainer: New best validation loss: -7.5487, saved to checkpoints/etas_20260402-105032/best_model_1.pth
2026-04-02 10:51:40,355 INFO src.train.trainer: Last model at epoch 932 saved to checkpoints/etas_20260402-105032/last_model_1.pth
2026-04-02 10:51:40,355 INFO src.train.trainer: Epoch 933
2026-04-02 10:51:40,425 INFO src.train.trainer: New best validation loss: -7.5487, saved to checkpoints/etas_20260402-105032/best_model_1.pth
2026-04-02 10:51:40,428 INFO src.train.trainer: Last model at epoch 933 saved to checkpoints/etas_20260402-105032/last_model_1.pth
2026-04-02 10:51:40,428 INFO src.train.trainer: Epoch 934
2026-04-02 10:51:40,494 INFO src.train.trainer: New best validation loss: -7.5487, saved to checkpoints/etas_20260402-105032/best_model_1.pth
2026-04-02 10:51:40,497 INFO src.train.trainer: Last model at epoch 934 saved to checkpoints/etas_20260402-105032/last_model_1.pth
2026-04-02 10:51:40,497 INFO src.train.trainer: Epoch 935
2026-04-02 10:51:40,561 INFO src.train.trainer: New best validation loss: -7.5487, saved to checkpoints/etas_20260402-105032/best_model_1.pth
2026-04-02 10:51:40,564 INFO src.train.trainer: Last model at epoch 935 saved to checkpoints/etas_20260402-105032/last_model_1.pth
2026-04-02 10:51:40,564 INFO src.train.trainer: Epoch 936
2026-04-02 10:51:40,624 INFO src.train.trainer: New best validation loss: -7.5487, saved to checkpoints/etas_20260402-105032/best_model_1.pth
2026-04-02 10:51:40,626 INFO src.train.trainer: Last model at epoch 936 saved to checkpoints/etas_20260402-105032/last_model_1.pth
2026-04-02 10:51:40,626 INFO src.train.trainer: Epoch 937
2026-04-02 10:51:40,686 INFO src.train.trainer: New best validation loss: -7.5487, saved to checkpoints/etas_20260402-105032/best_model_1.pth
2026-04-02 10:51:40,688 INFO src.train.trainer: Last model at epoch 937 saved to checkpoints/etas_20260402-105032/last_model_1.pth
2026-04-02 10:51:40,688 INFO src.train.trainer: Epoch 938
2026-04-02 10:51:40,747 INFO src.train.trainer: New best validation loss: -7.5487, saved to checkpoints/etas_20260402-105032/best_model_1.pth
2026-04-02 10:51:40,749 INFO src.train.trainer: Last model at epoch 938 saved to checkpoints/etas_20260402-105032/last_model_1.pth
2026-04-02 10:51:40,750 INFO src.train.trainer: Epoch 939
2026-04-02 10:51:40,807 INFO src.train.trainer: New best validation loss: -7.5487, saved to checkpoints/etas_20260402-105032/best_model_1.pth
2026-04-02 10:51:40,809 INFO src.train.trainer: Last model at epoch 939 saved to checkpoints/etas_20260402-105032/last_model_1.pth
2026-04-02 10:51:40,809 INFO src.train.trainer: Epoch 940
2026-04-02 10:51:40,865 INFO src.train.trainer: New best validation loss: -7.5487, saved to checkpoints/etas_20260402-105032/best_model_1.pth
2026-04-02 10:51:40,867 INFO src.train.trainer: Last model at epoch 940 saved to checkpoints/etas_20260402-105032/last_model_1.pth
2026-04-02 10:51:40,867 INFO src.train.trainer: Epoch 941
2026-04-02 10:51:40,924 INFO src.train.trainer: New best validation loss: -7.5487, saved to checkpoints/etas_20260402-105032/best_model_1.pth
2026-04-02 10:51:40,927 INFO src.train.trainer: Last model at epoch 941 saved to checkpoints/etas_20260402-105032/last_model_1.pth
2026-04-02 10:51:40,927 INFO src.train.trainer: Epoch 942
2026-04-02 10:51:40,982 INFO src.train.trainer: New best validation loss: -7.5487, saved to checkpoints/etas_20260402-105032/best_model_1.pth
2026-04-02 10:51:40,984 INFO src.train.trainer: Last model at epoch 942 saved to checkpoints/etas_20260402-105032/last_model_1.pth
2026-04-02 10:51:40,984 INFO src.train.trainer: Epoch 943
2026-04-02 10:51:41,041 INFO src.train.trainer: New best validation loss: -7.5487, saved to checkpoints/etas_20260402-105032/best_model_1.pth
2026-04-02 10:51:41,044 INFO src.train.trainer: Last model at epoch 943 saved to checkpoints/etas_20260402-105032/last_model_1.pth
2026-04-02 10:51:41,044 INFO src.train.trainer: Epoch 944
2026-04-02 10:51:41,101 INFO src.train.trainer: New best validation loss: -7.5487, saved to checkpoints/etas_20260402-105032/best_model_1.pth
2026-04-02 10:51:41,103 INFO src.train.trainer: Last model at epoch 944 saved to checkpoints/etas_20260402-105032/last_model_1.pth
2026-04-02 10:51:41,103 INFO src.train.trainer: Epoch 945
2026-04-02 10:51:41,163 INFO src.train.trainer: New best validation loss: -7.5487, saved to checkpoints/etas_20260402-105032/best_model_1.pth
2026-04-02 10:51:41,165 INFO src.train.trainer: Last model at epoch 945 saved to checkpoints/etas_20260402-105032/last_model_1.pth
2026-04-02 10:51:41,166 INFO src.train.trainer: Epoch 946
2026-04-02 10:51:41,220 INFO src.train.trainer: New best validation loss: -7.5487, saved to checkpoints/etas_20260402-105032/best_model_1.pth
2026-04-02 10:51:41,222 INFO src.train.trainer: Last model at epoch 946 saved to checkpoints/etas_20260402-105032/last_model_1.pth
2026-04-02 10:51:41,222 INFO src.train.trainer: Epoch 947
2026-04-02 10:51:41,275 INFO src.train.trainer: New best validation loss: -7.5487, saved to checkpoints/etas_20260402-105032/best_model_1.pth
2026-04-02 10:51:41,279 INFO src.train.trainer: Last model at epoch 947 saved to checkpoints/etas_20260402-105032/last_model_1.pth
2026-04-02 10:51:41,279 INFO src.train.trainer: Epoch 948
2026-04-02 10:51:41,341 INFO src.train.trainer: New best validation loss: -7.5487, saved to checkpoints/etas_20260402-105032/best_model_1.pth
2026-04-02 10:51:41,343 INFO src.train.trainer: Last model at epoch 948 saved to checkpoints/etas_20260402-105032/last_model_1.pth
2026-04-02 10:51:41,343 INFO src.train.trainer: Epoch 949
2026-04-02 10:51:41,393 INFO src.train.trainer: New best validation loss: -7.5487, saved to checkpoints/etas_20260402-105032/best_model_1.pth
2026-04-02 10:51:41,395 INFO src.train.trainer: Last model at epoch 949 saved to checkpoints/etas_20260402-105032/last_model_1.pth
2026-04-02 10:51:41,395 INFO src.train.trainer: Epoch 950
2026-04-02 10:51:41,449 INFO src.train.trainer: New best validation loss: -7.5487, saved to checkpoints/etas_20260402-105032/best_model_1.pth
2026-04-02 10:51:41,452 INFO src.train.trainer: Last model at epoch 950 saved to checkpoints/etas_20260402-105032/last_model_1.pth
2026-04-02 10:51:41,452 INFO src.train.trainer: Epoch 951
2026-04-02 10:51:41,518 INFO src.train.trainer: New best validation loss: -7.5487, saved to checkpoints/etas_20260402-105032/best_model_1.pth
2026-04-02 10:51:41,520 INFO src.train.trainer: Last model at epoch 951 saved to checkpoints/etas_20260402-105032/last_model_1.pth
2026-04-02 10:51:41,520 INFO src.train.trainer: Epoch 952
2026-04-02 10:51:41,572 INFO src.train.trainer: New best validation loss: -7.5487, saved to checkpoints/etas_20260402-105032/best_model_1.pth
2026-04-02 10:51:41,575 INFO src.train.trainer: Last model at epoch 952 saved to checkpoints/etas_20260402-105032/last_model_1.pth
2026-04-02 10:51:41,575 INFO src.train.trainer: Epoch 953
2026-04-02 10:51:41,625 INFO src.train.trainer: New best validation loss: -7.5487, saved to checkpoints/etas_20260402-105032/best_model_1.pth
2026-04-02 10:51:41,627 INFO src.train.trainer: Last model at epoch 953 saved to checkpoints/etas_20260402-105032/last_model_1.pth
2026-04-02 10:51:41,627 INFO src.train.trainer: Epoch 954
2026-04-02 10:51:41,679 INFO src.train.trainer: New best validation loss: -7.5487, saved to checkpoints/etas_20260402-105032/best_model_1.pth
2026-04-02 10:51:41,681 INFO src.train.trainer: Last model at epoch 954 saved to checkpoints/etas_20260402-105032/last_model_1.pth
2026-04-02 10:51:41,681 INFO src.train.trainer: Epoch 955
2026-04-02 10:51:41,731 INFO src.train.trainer: New best validation loss: -7.5487, saved to checkpoints/etas_20260402-105032/best_model_1.pth
2026-04-02 10:51:41,734 INFO src.train.trainer: Last model at epoch 955 saved to checkpoints/etas_20260402-105032/last_model_1.pth
2026-04-02 10:51:41,734 INFO src.train.trainer: Epoch 956
2026-04-02 10:51:41,786 INFO src.train.trainer: New best validation loss: -7.5487, saved to checkpoints/etas_20260402-105032/best_model_1.pth
2026-04-02 10:51:41,788 INFO src.train.trainer: Last model at epoch 956 saved to checkpoints/etas_20260402-105032/last_model_1.pth
2026-04-02 10:51:41,788 INFO src.train.trainer: Epoch 957
2026-04-02 10:51:41,842 INFO src.train.trainer: New best validation loss: -7.5487, saved to checkpoints/etas_20260402-105032/best_model_1.pth
2026-04-02 10:51:41,844 INFO src.train.trainer: Last model at epoch 957 saved to checkpoints/etas_20260402-105032/last_model_1.pth
2026-04-02 10:51:41,844 INFO src.train.trainer: Epoch 958
2026-04-02 10:51:41,899 INFO src.train.trainer: New best validation loss: -7.5487, saved to checkpoints/etas_20260402-105032/best_model_1.pth
2026-04-02 10:51:41,901 INFO src.train.trainer: Last model at epoch 958 saved to checkpoints/etas_20260402-105032/last_model_1.pth
2026-04-02 10:51:41,901 INFO src.train.trainer: Epoch 959
2026-04-02 10:51:41,954 INFO src.train.trainer: New best validation loss: -7.5487, saved to checkpoints/etas_20260402-105032/best_model_1.pth
2026-04-02 10:51:41,956 INFO src.train.trainer: Last model at epoch 959 saved to checkpoints/etas_20260402-105032/last_model_1.pth
2026-04-02 10:51:41,956 INFO src.train.trainer: Epoch 960
2026-04-02 10:51:42,010 INFO src.train.trainer: Last model at epoch 960 saved to checkpoints/etas_20260402-105032/last_model_1.pth
2026-04-02 10:51:42,010 INFO src.train.trainer: Epoch 961
2026-04-02 10:51:42,064 INFO src.train.trainer: New best validation loss: -7.5487, saved to checkpoints/etas_20260402-105032/best_model_1.pth
2026-04-02 10:51:42,066 INFO src.train.trainer: Last model at epoch 961 saved to checkpoints/etas_20260402-105032/last_model_1.pth
2026-04-02 10:51:42,066 INFO src.train.trainer: Epoch 962
2026-04-02 10:51:42,119 INFO src.train.trainer: New best validation loss: -7.5487, saved to checkpoints/etas_20260402-105032/best_model_1.pth
2026-04-02 10:51:42,121 INFO src.train.trainer: Last model at epoch 962 saved to checkpoints/etas_20260402-105032/last_model_1.pth
2026-04-02 10:51:42,122 INFO src.train.trainer: Epoch 963
2026-04-02 10:51:42,180 INFO src.train.trainer: New best validation loss: -7.5487, saved to checkpoints/etas_20260402-105032/best_model_1.pth
2026-04-02 10:51:42,183 INFO src.train.trainer: Last model at epoch 963 saved to checkpoints/etas_20260402-105032/last_model_1.pth
2026-04-02 10:51:42,183 INFO src.train.trainer: Epoch 964
2026-04-02 10:51:42,237 INFO src.train.trainer: New best validation loss: -7.5487, saved to checkpoints/etas_20260402-105032/best_model_1.pth
2026-04-02 10:51:42,239 INFO src.train.trainer: Last model at epoch 964 saved to checkpoints/etas_20260402-105032/last_model_1.pth
2026-04-02 10:51:42,239 INFO src.train.trainer: Epoch 965
2026-04-02 10:51:42,290 INFO src.train.trainer: New best validation loss: -7.5487, saved to checkpoints/etas_20260402-105032/best_model_1.pth
2026-04-02 10:51:42,292 INFO src.train.trainer: Last model at epoch 965 saved to checkpoints/etas_20260402-105032/last_model_1.pth
2026-04-02 10:51:42,292 INFO src.train.trainer: Epoch 966
2026-04-02 10:51:42,343 INFO src.train.trainer: New best validation loss: -7.5488, saved to checkpoints/etas_20260402-105032/best_model_1.pth
2026-04-02 10:51:42,345 INFO src.train.trainer: Last model at epoch 966 saved to checkpoints/etas_20260402-105032/last_model_1.pth
2026-04-02 10:51:42,345 INFO src.train.trainer: Epoch 967
2026-04-02 10:51:42,399 INFO src.train.trainer: New best validation loss: -7.5488, saved to checkpoints/etas_20260402-105032/best_model_1.pth
2026-04-02 10:51:42,402 INFO src.train.trainer: Last model at epoch 967 saved to checkpoints/etas_20260402-105032/last_model_1.pth
2026-04-02 10:51:42,402 INFO src.train.trainer: Epoch 968
2026-04-02 10:51:42,455 INFO src.train.trainer: New best validation loss: -7.5488, saved to checkpoints/etas_20260402-105032/best_model_1.pth
2026-04-02 10:51:42,457 INFO src.train.trainer: Last model at epoch 968 saved to checkpoints/etas_20260402-105032/last_model_1.pth
2026-04-02 10:51:42,458 INFO src.train.trainer: Epoch 969
2026-04-02 10:51:42,511 INFO src.train.trainer: New best validation loss: -7.5488, saved to checkpoints/etas_20260402-105032/best_model_1.pth
2026-04-02 10:51:42,513 INFO src.train.trainer: Last model at epoch 969 saved to checkpoints/etas_20260402-105032/last_model_1.pth
2026-04-02 10:51:42,513 INFO src.train.trainer: Epoch 970
2026-04-02 10:51:42,567 INFO src.train.trainer: New best validation loss: -7.5488, saved to checkpoints/etas_20260402-105032/best_model_1.pth
2026-04-02 10:51:42,569 INFO src.train.trainer: Last model at epoch 970 saved to checkpoints/etas_20260402-105032/last_model_1.pth
2026-04-02 10:51:42,569 INFO src.train.trainer: Epoch 971
2026-04-02 10:51:42,624 INFO src.train.trainer: New best validation loss: -7.5488, saved to checkpoints/etas_20260402-105032/best_model_1.pth
2026-04-02 10:51:42,626 INFO src.train.trainer: Last model at epoch 971 saved to checkpoints/etas_20260402-105032/last_model_1.pth
2026-04-02 10:51:42,626 INFO src.train.trainer: Epoch 972
2026-04-02 10:51:42,669 INFO src.train.trainer: New best validation loss: -7.5488, saved to checkpoints/etas_20260402-105032/best_model_1.pth
2026-04-02 10:51:42,671 INFO src.train.trainer: Last model at epoch 972 saved to checkpoints/etas_20260402-105032/last_model_1.pth
2026-04-02 10:51:42,672 INFO src.train.trainer: Epoch 973
2026-04-02 10:51:42,714 INFO src.train.trainer: New best validation loss: -7.5488, saved to checkpoints/etas_20260402-105032/best_model_1.pth
2026-04-02 10:51:42,716 INFO src.train.trainer: Last model at epoch 973 saved to checkpoints/etas_20260402-105032/last_model_1.pth
2026-04-02 10:51:42,716 INFO src.train.trainer: Epoch 974
2026-04-02 10:51:42,761 INFO src.train.trainer: Last model at epoch 974 saved to checkpoints/etas_20260402-105032/last_model_1.pth
2026-04-02 10:51:42,761 INFO src.train.trainer: Epoch 975
2026-04-02 10:51:42,809 INFO src.train.trainer: New best validation loss: -7.5488, saved to checkpoints/etas_20260402-105032/best_model_1.pth
2026-04-02 10:51:42,811 INFO src.train.trainer: Last model at epoch 975 saved to checkpoints/etas_20260402-105032/last_model_1.pth
2026-04-02 10:51:42,811 INFO src.train.trainer: Epoch 976
2026-04-02 10:51:42,859 INFO src.train.trainer: New best validation loss: -7.5488, saved to checkpoints/etas_20260402-105032/best_model_1.pth
2026-04-02 10:51:42,861 INFO src.train.trainer: Last model at epoch 976 saved to checkpoints/etas_20260402-105032/last_model_1.pth
2026-04-02 10:51:42,861 INFO src.train.trainer: Epoch 977
2026-04-02 10:51:42,909 INFO src.train.trainer: New best validation loss: -7.5488, saved to checkpoints/etas_20260402-105032/best_model_1.pth
2026-04-02 10:51:42,911 INFO src.train.trainer: Last model at epoch 977 saved to checkpoints/etas_20260402-105032/last_model_1.pth
2026-04-02 10:51:42,911 INFO src.train.trainer: Epoch 978
2026-04-02 10:51:42,960 INFO src.train.trainer: New best validation loss: -7.5488, saved to checkpoints/etas_20260402-105032/best_model_1.pth
2026-04-02 10:51:42,962 INFO src.train.trainer: Last model at epoch 978 saved to checkpoints/etas_20260402-105032/last_model_1.pth
2026-04-02 10:51:42,962 INFO src.train.trainer: Epoch 979
2026-04-02 10:51:43,013 INFO src.train.trainer: Last model at epoch 979 saved to checkpoints/etas_20260402-105032/last_model_1.pth
2026-04-02 10:51:43,013 INFO src.train.trainer: Epoch 980
2026-04-02 10:51:43,067 INFO src.train.trainer: New best validation loss: -7.5488, saved to checkpoints/etas_20260402-105032/best_model_1.pth
2026-04-02 10:51:43,069 INFO src.train.trainer: Last model at epoch 980 saved to checkpoints/etas_20260402-105032/last_model_1.pth
2026-04-02 10:51:43,069 INFO src.train.trainer: Epoch 981
2026-04-02 10:51:43,119 INFO src.train.trainer: Last model at epoch 981 saved to checkpoints/etas_20260402-105032/last_model_1.pth
2026-04-02 10:51:43,119 INFO src.train.trainer: Epoch 982
2026-04-02 10:51:43,170 INFO src.train.trainer: Last model at epoch 982 saved to checkpoints/etas_20260402-105032/last_model_1.pth
2026-04-02 10:51:43,170 INFO src.train.trainer: Epoch 983
2026-04-02 10:51:43,227 INFO src.train.trainer: New best validation loss: -7.5488, saved to checkpoints/etas_20260402-105032/best_model_1.pth
2026-04-02 10:51:43,229 INFO src.train.trainer: Last model at epoch 983 saved to checkpoints/etas_20260402-105032/last_model_1.pth
2026-04-02 10:51:43,229 INFO src.train.trainer: Epoch 984
2026-04-02 10:51:43,284 INFO src.train.trainer: New best validation loss: -7.5488, saved to checkpoints/etas_20260402-105032/best_model_1.pth
2026-04-02 10:51:43,286 INFO src.train.trainer: Last model at epoch 984 saved to checkpoints/etas_20260402-105032/last_model_1.pth
2026-04-02 10:51:43,286 INFO src.train.trainer: Epoch 985
2026-04-02 10:51:43,342 INFO src.train.trainer: New best validation loss: -7.5488, saved to checkpoints/etas_20260402-105032/best_model_1.pth
2026-04-02 10:51:43,344 INFO src.train.trainer: Last model at epoch 985 saved to checkpoints/etas_20260402-105032/last_model_1.pth
2026-04-02 10:51:43,344 INFO src.train.trainer: Epoch 986
2026-04-02 10:51:43,400 INFO src.train.trainer: Last model at epoch 986 saved to checkpoints/etas_20260402-105032/last_model_1.pth
2026-04-02 10:51:43,400 INFO src.train.trainer: Epoch 987
2026-04-02 10:51:43,456 INFO src.train.trainer: New best validation loss: -7.5488, saved to checkpoints/etas_20260402-105032/best_model_1.pth
2026-04-02 10:51:43,458 INFO src.train.trainer: Last model at epoch 987 saved to checkpoints/etas_20260402-105032/last_model_1.pth
2026-04-02 10:51:43,458 INFO src.train.trainer: Epoch 988
2026-04-02 10:51:43,515 INFO src.train.trainer: Last model at epoch 988 saved to checkpoints/etas_20260402-105032/last_model_1.pth
2026-04-02 10:51:43,515 INFO src.train.trainer: Epoch 989
2026-04-02 10:51:43,573 INFO src.train.trainer: Last model at epoch 989 saved to checkpoints/etas_20260402-105032/last_model_1.pth
2026-04-02 10:51:43,573 INFO src.train.trainer: Epoch 990
2026-04-02 10:51:43,631 INFO src.train.trainer: Last model at epoch 990 saved to checkpoints/etas_20260402-105032/last_model_1.pth
2026-04-02 10:51:43,631 INFO src.train.trainer: Epoch 991
2026-04-02 10:51:43,687 INFO src.train.trainer: Last model at epoch 991 saved to checkpoints/etas_20260402-105032/last_model_1.pth
2026-04-02 10:51:43,687 INFO src.train.trainer: Epoch 992
2026-04-02 10:51:43,745 INFO src.train.trainer: Last model at epoch 992 saved to checkpoints/etas_20260402-105032/last_model_1.pth
2026-04-02 10:51:43,745 INFO src.train.trainer: Epoch 993
2026-04-02 10:51:43,803 INFO src.train.trainer: New best validation loss: -7.5488, saved to checkpoints/etas_20260402-105032/best_model_1.pth
2026-04-02 10:51:43,805 INFO src.train.trainer: Last model at epoch 993 saved to checkpoints/etas_20260402-105032/last_model_1.pth
2026-04-02 10:51:43,806 INFO src.train.trainer: Epoch 994
2026-04-02 10:51:43,862 INFO src.train.trainer: Last model at epoch 994 saved to checkpoints/etas_20260402-105032/last_model_1.pth
2026-04-02 10:51:43,862 INFO src.train.trainer: Epoch 995
2026-04-02 10:51:43,919 INFO src.train.trainer: Last model at epoch 995 saved to checkpoints/etas_20260402-105032/last_model_1.pth
2026-04-02 10:51:43,919 INFO src.train.trainer: Epoch 996
2026-04-02 10:51:43,976 INFO src.train.trainer: Last model at epoch 996 saved to checkpoints/etas_20260402-105032/last_model_1.pth
2026-04-02 10:51:43,976 INFO src.train.trainer: Epoch 997
2026-04-02 10:51:44,033 INFO src.train.trainer: Last model at epoch 997 saved to checkpoints/etas_20260402-105032/last_model_1.pth
2026-04-02 10:51:44,033 INFO src.train.trainer: Epoch 998
2026-04-02 10:51:44,090 INFO src.train.trainer: Last model at epoch 998 saved to checkpoints/etas_20260402-105032/last_model_1.pth
2026-04-02 10:51:44,090 INFO src.train.trainer: Epoch 999
2026-04-02 10:51:44,146 INFO src.train.trainer: Last model at epoch 999 saved to checkpoints/etas_20260402-105032/last_model_1.pth
2026-04-02 10:51:44,146 INFO src.train.trainer: Epoch 1000
2026-04-02 10:51:44,203 INFO src.train.trainer: Last model at epoch 1000 saved to checkpoints/etas_20260402-105032/last_model_1.pth
2026-04-02 10:52:36,552 INFO src.data.catalog: Loading existing catalog from /root/autodl-tmp/em_eqf/data/FORGE2022/catalogs/608aa21c.
2026-04-02 10:52:36,582 INFO src.data.preparation: Number of training events: 5199
2026-04-02 10:52:36,582 INFO src.data.preparation: Number of validation events: 615
2026-04-02 10:52:36,582 INFO src.data.preparation: Number of test events: 247
2026-04-02 10:52:37,180 INFO src.train.config_setup: load_specific_parts: None
2026-04-02 10:52:37,180 INFO src.train.config_setup: Checkpoint loaded: <All keys matched successfully>
2026-04-02 10:52:37,181 INFO src.train.config_setup: hyperparameters: {'model': 'etas', 'num_event_types': 1, 'pad_token_id': 1, 'task_type': 'tpp', 'bg_model': 'proportional', 'bg_model_cfg': {'d_feature': 1, 'scale_init': 500.0}, 'bg_learning_rate': 0.0005, 'fix_mu': True, 'fixed_mu_value': 0, 'richter_b': None, 'base_rate_init': 0.26, 'batch_size': 1, 'accumulation_steps': 1, 'warmup_ratio': 0.1, 'learning_rate': 0.01, 'weight_decay': 0.005, 'loss_reduction': 'per_event', 'scheduler_factor': None, 'scheduler_patience': None, 'scheduler_threshold': None, 'scheduler_min_lr': 1e-06, 'scheduler_type': 'step_warmup', 'step_lr_step_size_ratio': 0.2, 'step_lr_gamma': 0.8, 'dim': 1, 'epochs': 1000, 'save_dir': 'checkpoints/etas_20260402-105032', 'cuda_id': '0', 'dataset': 'FORGE2022', 'seed': 0, 'minibatch_training': False, 'split_by_time': True, 'time_order': ['train', 'val', 'test'], 'catalog_cfg': {'freq': '1D'}, 'cuda': True, 'tau_mean': 0.000979571370407939, 'time_min': 0.0, 'tau_min': 5.730139029935799e-09, 'tau_max': 1.5649043321609497, 'tau_q05': 3.747699884115718e-05, 'tau_q025': 2.4874500468285987e-06, 'mag_mean': -0.9918638467788696, 'time_max': 5.092909812927246, 'time_mean': 4.380059242248535, 'mag_completeness': -1.3, 'richter_b_mle': 1.3869190045154633, 'precision': 32, 'num_events_train': 5199, 'num_events_val': 615, 'num_events_test': 247, 'start_epoch': 0, 'best_val_loss': inf}
2026-04-02 10:52:37,181 INFO src.train.config_setup: train_metrics: {'avg_time_nll': -8.478550910949707, 'avg_total_nll': -8.478550910949707}
2026-04-02 10:52:37,181 INFO src.train.config_setup: val_metrics: {'avg_time_nll': -7.54877233505249, 'avg_total_nll': -7.54877233505249}
2026-04-02 10:52:37,474 INFO __main__: Saved test metrics to checkpoints/etas_20260402-105032/metrics_test_best_1.json
2026-04-02 10:52:37,475 INFO __main__: Metrics: {'nll_train_time': -8.478572845458984, 'nll_train_total': -8.478572845458984, 'nll_val_time': -7.54877233505249, 'nll_val_total': -7.54877233505249, 'nll_test_time': -5.27667760848999, 'nll_test_total': -5.27667760848999, 'num_events_train': 5199, 'num_events_val': 615, 'num_events_test': 247}
