2026-04-02 21:28:00,945 INFO src.data.catalog: Loading existing catalog from /root/autodl-tmp/em_eqf/data/PNR_1z/catalogs/2e94e6c6.
2026-04-02 21:28:00,977 INFO src.data.preparation: Number of training events: 3049
2026-04-02 21:28:00,977 INFO src.data.preparation: Number of validation events: 1204
2026-04-02 21:28:00,977 INFO src.data.preparation: Number of test events: 850
2026-04-02 21:28:00,978 INFO __main__: No resume path provided. Training will start from scratch.
2026-04-02 21:28:01,785 INFO src.train.trainer: Epoch 1
2026-04-02 21:28:02,669 INFO src.train.trainer: New best validation loss: -1.8218, saved to checkpoints/rtpp_20260402-212800/best_model_1.pth
2026-04-02 21:28:02,671 INFO src.train.trainer: Last model at epoch 1 saved to checkpoints/rtpp_20260402-212800/last_model_1.pth
2026-04-02 21:28:02,671 INFO src.train.trainer: Epoch 2
2026-04-02 21:28:02,732 INFO src.train.trainer: New best validation loss: -1.8225, saved to checkpoints/rtpp_20260402-212800/best_model_1.pth
2026-04-02 21:28:02,735 INFO src.train.trainer: Last model at epoch 2 saved to checkpoints/rtpp_20260402-212800/last_model_1.pth
2026-04-02 21:28:02,735 INFO src.train.trainer: Epoch 3
2026-04-02 21:28:02,797 INFO src.train.trainer: New best validation loss: -1.8237, saved to checkpoints/rtpp_20260402-212800/best_model_1.pth
2026-04-02 21:28:02,800 INFO src.train.trainer: Last model at epoch 3 saved to checkpoints/rtpp_20260402-212800/last_model_1.pth
2026-04-02 21:28:02,800 INFO src.train.trainer: Epoch 4
2026-04-02 21:28:02,861 INFO src.train.trainer: New best validation loss: -1.8255, saved to checkpoints/rtpp_20260402-212800/best_model_1.pth
2026-04-02 21:28:02,863 INFO src.train.trainer: Last model at epoch 4 saved to checkpoints/rtpp_20260402-212800/last_model_1.pth
2026-04-02 21:28:02,863 INFO src.train.trainer: Epoch 5
2026-04-02 21:28:02,925 INFO src.train.trainer: New best validation loss: -1.8278, saved to checkpoints/rtpp_20260402-212800/best_model_1.pth
2026-04-02 21:28:02,928 INFO src.train.trainer: Last model at epoch 5 saved to checkpoints/rtpp_20260402-212800/last_model_1.pth
2026-04-02 21:28:02,928 INFO src.train.trainer: Epoch 6
2026-04-02 21:28:02,990 INFO src.train.trainer: New best validation loss: -1.8306, saved to checkpoints/rtpp_20260402-212800/best_model_1.pth
2026-04-02 21:28:02,993 INFO src.train.trainer: Last model at epoch 6 saved to checkpoints/rtpp_20260402-212800/last_model_1.pth
2026-04-02 21:28:02,993 INFO src.train.trainer: Epoch 7
2026-04-02 21:28:03,056 INFO src.train.trainer: New best validation loss: -1.8341, saved to checkpoints/rtpp_20260402-212800/best_model_1.pth
2026-04-02 21:28:03,058 INFO src.train.trainer: Last model at epoch 7 saved to checkpoints/rtpp_20260402-212800/last_model_1.pth
2026-04-02 21:28:03,058 INFO src.train.trainer: Epoch 8
2026-04-02 21:28:03,127 INFO src.train.trainer: New best validation loss: -1.8380, saved to checkpoints/rtpp_20260402-212800/best_model_1.pth
2026-04-02 21:28:03,129 INFO src.train.trainer: Last model at epoch 8 saved to checkpoints/rtpp_20260402-212800/last_model_1.pth
2026-04-02 21:28:03,129 INFO src.train.trainer: Epoch 9
2026-04-02 21:28:03,196 INFO src.train.trainer: New best validation loss: -1.8426, saved to checkpoints/rtpp_20260402-212800/best_model_1.pth
2026-04-02 21:28:03,199 INFO src.train.trainer: Last model at epoch 9 saved to checkpoints/rtpp_20260402-212800/last_model_1.pth
2026-04-02 21:28:03,199 INFO src.train.trainer: Epoch 10
2026-04-02 21:28:03,266 INFO src.train.trainer: New best validation loss: -1.8477, saved to checkpoints/rtpp_20260402-212800/best_model_1.pth
2026-04-02 21:28:03,268 INFO src.train.trainer: Last model at epoch 10 saved to checkpoints/rtpp_20260402-212800/last_model_1.pth
2026-04-02 21:28:03,268 INFO src.train.trainer: Epoch 11
2026-04-02 21:28:03,334 INFO src.train.trainer: New best validation loss: -1.8534, saved to checkpoints/rtpp_20260402-212800/best_model_1.pth
2026-04-02 21:28:03,337 INFO src.train.trainer: Last model at epoch 11 saved to checkpoints/rtpp_20260402-212800/last_model_1.pth
2026-04-02 21:28:03,337 INFO src.train.trainer: Epoch 12
2026-04-02 21:28:03,405 INFO src.train.trainer: New best validation loss: -1.8596, saved to checkpoints/rtpp_20260402-212800/best_model_1.pth
2026-04-02 21:28:03,408 INFO src.train.trainer: Last model at epoch 12 saved to checkpoints/rtpp_20260402-212800/last_model_1.pth
2026-04-02 21:28:03,408 INFO src.train.trainer: Epoch 13
2026-04-02 21:28:03,477 INFO src.train.trainer: New best validation loss: -1.8665, saved to checkpoints/rtpp_20260402-212800/best_model_1.pth
2026-04-02 21:28:03,480 INFO src.train.trainer: Last model at epoch 13 saved to checkpoints/rtpp_20260402-212800/last_model_1.pth
2026-04-02 21:28:03,480 INFO src.train.trainer: Epoch 14
2026-04-02 21:28:03,554 INFO src.train.trainer: New best validation loss: -1.8739, saved to checkpoints/rtpp_20260402-212800/best_model_1.pth
2026-04-02 21:28:03,556 INFO src.train.trainer: Last model at epoch 14 saved to checkpoints/rtpp_20260402-212800/last_model_1.pth
2026-04-02 21:28:03,556 INFO src.train.trainer: Epoch 15
2026-04-02 21:28:03,621 INFO src.train.trainer: New best validation loss: -1.8819, saved to checkpoints/rtpp_20260402-212800/best_model_1.pth
2026-04-02 21:28:03,624 INFO src.train.trainer: Last model at epoch 15 saved to checkpoints/rtpp_20260402-212800/last_model_1.pth
2026-04-02 21:28:03,624 INFO src.train.trainer: Epoch 16
2026-04-02 21:28:03,691 INFO src.train.trainer: New best validation loss: -1.8905, saved to checkpoints/rtpp_20260402-212800/best_model_1.pth
2026-04-02 21:28:03,695 INFO src.train.trainer: Last model at epoch 16 saved to checkpoints/rtpp_20260402-212800/last_model_1.pth
2026-04-02 21:28:03,696 INFO src.train.trainer: Epoch 17
2026-04-02 21:28:03,772 INFO src.train.trainer: New best validation loss: -1.8998, saved to checkpoints/rtpp_20260402-212800/best_model_1.pth
2026-04-02 21:28:03,775 INFO src.train.trainer: Last model at epoch 17 saved to checkpoints/rtpp_20260402-212800/last_model_1.pth
2026-04-02 21:28:03,775 INFO src.train.trainer: Epoch 18
2026-04-02 21:28:03,852 INFO src.train.trainer: New best validation loss: -1.9097, saved to checkpoints/rtpp_20260402-212800/best_model_1.pth
2026-04-02 21:28:03,855 INFO src.train.trainer: Last model at epoch 18 saved to checkpoints/rtpp_20260402-212800/last_model_1.pth
2026-04-02 21:28:03,855 INFO src.train.trainer: Epoch 19
2026-04-02 21:28:03,933 INFO src.train.trainer: New best validation loss: -1.9202, saved to checkpoints/rtpp_20260402-212800/best_model_1.pth
2026-04-02 21:28:03,936 INFO src.train.trainer: Last model at epoch 19 saved to checkpoints/rtpp_20260402-212800/last_model_1.pth
2026-04-02 21:28:03,937 INFO src.train.trainer: Epoch 20
2026-04-02 21:28:04,024 INFO src.train.trainer: New best validation loss: -1.9315, saved to checkpoints/rtpp_20260402-212800/best_model_1.pth
2026-04-02 21:28:04,028 INFO src.train.trainer: Last model at epoch 20 saved to checkpoints/rtpp_20260402-212800/last_model_1.pth
2026-04-02 21:28:04,028 INFO src.train.trainer: Epoch 21
2026-04-02 21:28:04,104 INFO src.train.trainer: New best validation loss: -1.9435, saved to checkpoints/rtpp_20260402-212800/best_model_1.pth
2026-04-02 21:28:04,107 INFO src.train.trainer: Last model at epoch 21 saved to checkpoints/rtpp_20260402-212800/last_model_1.pth
2026-04-02 21:28:04,108 INFO src.train.trainer: Epoch 22
2026-04-02 21:28:04,185 INFO src.train.trainer: New best validation loss: -1.9562, saved to checkpoints/rtpp_20260402-212800/best_model_1.pth
2026-04-02 21:28:04,188 INFO src.train.trainer: Last model at epoch 22 saved to checkpoints/rtpp_20260402-212800/last_model_1.pth
2026-04-02 21:28:04,188 INFO src.train.trainer: Epoch 23
2026-04-02 21:28:04,265 INFO src.train.trainer: New best validation loss: -1.9696, saved to checkpoints/rtpp_20260402-212800/best_model_1.pth
2026-04-02 21:28:04,268 INFO src.train.trainer: Last model at epoch 23 saved to checkpoints/rtpp_20260402-212800/last_model_1.pth
2026-04-02 21:28:04,268 INFO src.train.trainer: Epoch 24
2026-04-02 21:28:04,345 INFO src.train.trainer: New best validation loss: -1.9839, saved to checkpoints/rtpp_20260402-212800/best_model_1.pth
2026-04-02 21:28:04,348 INFO src.train.trainer: Last model at epoch 24 saved to checkpoints/rtpp_20260402-212800/last_model_1.pth
2026-04-02 21:28:04,348 INFO src.train.trainer: Epoch 25
2026-04-02 21:28:04,429 INFO src.train.trainer: New best validation loss: -1.9990, saved to checkpoints/rtpp_20260402-212800/best_model_1.pth
2026-04-02 21:28:04,432 INFO src.train.trainer: Last model at epoch 25 saved to checkpoints/rtpp_20260402-212800/last_model_1.pth
2026-04-02 21:28:04,432 INFO src.train.trainer: Epoch 26
2026-04-02 21:28:04,511 INFO src.train.trainer: New best validation loss: -2.0150, saved to checkpoints/rtpp_20260402-212800/best_model_1.pth
2026-04-02 21:28:04,514 INFO src.train.trainer: Last model at epoch 26 saved to checkpoints/rtpp_20260402-212800/last_model_1.pth
2026-04-02 21:28:04,514 INFO src.train.trainer: Epoch 27
2026-04-02 21:28:04,593 INFO src.train.trainer: New best validation loss: -2.0319, saved to checkpoints/rtpp_20260402-212800/best_model_1.pth
2026-04-02 21:28:04,597 INFO src.train.trainer: Last model at epoch 27 saved to checkpoints/rtpp_20260402-212800/last_model_1.pth
2026-04-02 21:28:04,597 INFO src.train.trainer: Epoch 28
2026-04-02 21:28:04,678 INFO src.train.trainer: New best validation loss: -2.0498, saved to checkpoints/rtpp_20260402-212800/best_model_1.pth
2026-04-02 21:28:04,681 INFO src.train.trainer: Last model at epoch 28 saved to checkpoints/rtpp_20260402-212800/last_model_1.pth
2026-04-02 21:28:04,681 INFO src.train.trainer: Epoch 29
2026-04-02 21:28:04,762 INFO src.train.trainer: New best validation loss: -2.0688, saved to checkpoints/rtpp_20260402-212800/best_model_1.pth
2026-04-02 21:28:04,765 INFO src.train.trainer: Last model at epoch 29 saved to checkpoints/rtpp_20260402-212800/last_model_1.pth
2026-04-02 21:28:04,765 INFO src.train.trainer: Epoch 30
2026-04-02 21:28:04,846 INFO src.train.trainer: New best validation loss: -2.0889, saved to checkpoints/rtpp_20260402-212800/best_model_1.pth
2026-04-02 21:28:04,848 INFO src.train.trainer: Last model at epoch 30 saved to checkpoints/rtpp_20260402-212800/last_model_1.pth
2026-04-02 21:28:04,849 INFO src.train.trainer: Epoch 31
2026-04-02 21:28:04,931 INFO src.train.trainer: New best validation loss: -2.1103, saved to checkpoints/rtpp_20260402-212800/best_model_1.pth
2026-04-02 21:28:04,934 INFO src.train.trainer: Last model at epoch 31 saved to checkpoints/rtpp_20260402-212800/last_model_1.pth
2026-04-02 21:28:04,934 INFO src.train.trainer: Epoch 32
2026-04-02 21:28:05,017 INFO src.train.trainer: New best validation loss: -2.1330, saved to checkpoints/rtpp_20260402-212800/best_model_1.pth
2026-04-02 21:28:05,021 INFO src.train.trainer: Last model at epoch 32 saved to checkpoints/rtpp_20260402-212800/last_model_1.pth
2026-04-02 21:28:05,021 INFO src.train.trainer: Epoch 33
2026-04-02 21:28:05,109 INFO src.train.trainer: New best validation loss: -2.1572, saved to checkpoints/rtpp_20260402-212800/best_model_1.pth
2026-04-02 21:28:05,112 INFO src.train.trainer: Last model at epoch 33 saved to checkpoints/rtpp_20260402-212800/last_model_1.pth
2026-04-02 21:28:05,112 INFO src.train.trainer: Epoch 34
2026-04-02 21:28:05,194 INFO src.train.trainer: New best validation loss: -2.1830, saved to checkpoints/rtpp_20260402-212800/best_model_1.pth
2026-04-02 21:28:05,197 INFO src.train.trainer: Last model at epoch 34 saved to checkpoints/rtpp_20260402-212800/last_model_1.pth
2026-04-02 21:28:05,197 INFO src.train.trainer: Epoch 35
2026-04-02 21:28:05,280 INFO src.train.trainer: New best validation loss: -2.2104, saved to checkpoints/rtpp_20260402-212800/best_model_1.pth
2026-04-02 21:28:05,282 INFO src.train.trainer: Last model at epoch 35 saved to checkpoints/rtpp_20260402-212800/last_model_1.pth
2026-04-02 21:28:05,282 INFO src.train.trainer: Epoch 36
2026-04-02 21:28:05,363 INFO src.train.trainer: New best validation loss: -2.2397, saved to checkpoints/rtpp_20260402-212800/best_model_1.pth
2026-04-02 21:28:05,366 INFO src.train.trainer: Last model at epoch 36 saved to checkpoints/rtpp_20260402-212800/last_model_1.pth
2026-04-02 21:28:05,366 INFO src.train.trainer: Epoch 37
2026-04-02 21:28:05,447 INFO src.train.trainer: New best validation loss: -2.2711, saved to checkpoints/rtpp_20260402-212800/best_model_1.pth
2026-04-02 21:28:05,450 INFO src.train.trainer: Last model at epoch 37 saved to checkpoints/rtpp_20260402-212800/last_model_1.pth
2026-04-02 21:28:05,450 INFO src.train.trainer: Epoch 38
2026-04-02 21:28:05,531 INFO src.train.trainer: New best validation loss: -2.3045, saved to checkpoints/rtpp_20260402-212800/best_model_1.pth
2026-04-02 21:28:05,534 INFO src.train.trainer: Last model at epoch 38 saved to checkpoints/rtpp_20260402-212800/last_model_1.pth
2026-04-02 21:28:05,535 INFO src.train.trainer: Epoch 39
2026-04-02 21:28:05,617 INFO src.train.trainer: New best validation loss: -2.3403, saved to checkpoints/rtpp_20260402-212800/best_model_1.pth
2026-04-02 21:28:05,620 INFO src.train.trainer: Last model at epoch 39 saved to checkpoints/rtpp_20260402-212800/last_model_1.pth
2026-04-02 21:28:05,620 INFO src.train.trainer: Epoch 40
2026-04-02 21:28:05,700 INFO src.train.trainer: New best validation loss: -2.3787, saved to checkpoints/rtpp_20260402-212800/best_model_1.pth
2026-04-02 21:28:05,703 INFO src.train.trainer: Last model at epoch 40 saved to checkpoints/rtpp_20260402-212800/last_model_1.pth
2026-04-02 21:28:05,703 INFO src.train.trainer: Epoch 41
2026-04-02 21:28:05,784 INFO src.train.trainer: New best validation loss: -2.4197, saved to checkpoints/rtpp_20260402-212800/best_model_1.pth
2026-04-02 21:28:05,787 INFO src.train.trainer: Last model at epoch 41 saved to checkpoints/rtpp_20260402-212800/last_model_1.pth
2026-04-02 21:28:05,787 INFO src.train.trainer: Epoch 42
2026-04-02 21:28:05,870 INFO src.train.trainer: New best validation loss: -2.4636, saved to checkpoints/rtpp_20260402-212800/best_model_1.pth
2026-04-02 21:28:05,873 INFO src.train.trainer: Last model at epoch 42 saved to checkpoints/rtpp_20260402-212800/last_model_1.pth
2026-04-02 21:28:05,873 INFO src.train.trainer: Epoch 43
2026-04-02 21:28:05,953 INFO src.train.trainer: New best validation loss: -2.5106, saved to checkpoints/rtpp_20260402-212800/best_model_1.pth
2026-04-02 21:28:05,956 INFO src.train.trainer: Last model at epoch 43 saved to checkpoints/rtpp_20260402-212800/last_model_1.pth
2026-04-02 21:28:05,956 INFO src.train.trainer: Epoch 44
2026-04-02 21:28:06,036 INFO src.train.trainer: New best validation loss: -2.5609, saved to checkpoints/rtpp_20260402-212800/best_model_1.pth
2026-04-02 21:28:06,039 INFO src.train.trainer: Last model at epoch 44 saved to checkpoints/rtpp_20260402-212800/last_model_1.pth
2026-04-02 21:28:06,039 INFO src.train.trainer: Epoch 45
2026-04-02 21:28:06,124 INFO src.train.trainer: New best validation loss: -2.6148, saved to checkpoints/rtpp_20260402-212800/best_model_1.pth
2026-04-02 21:28:06,127 INFO src.train.trainer: Last model at epoch 45 saved to checkpoints/rtpp_20260402-212800/last_model_1.pth
2026-04-02 21:28:06,127 INFO src.train.trainer: Epoch 46
2026-04-02 21:28:06,206 INFO src.train.trainer: New best validation loss: -2.6723, saved to checkpoints/rtpp_20260402-212800/best_model_1.pth
2026-04-02 21:28:06,209 INFO src.train.trainer: Last model at epoch 46 saved to checkpoints/rtpp_20260402-212800/last_model_1.pth
2026-04-02 21:28:06,209 INFO src.train.trainer: Epoch 47
2026-04-02 21:28:06,288 INFO src.train.trainer: New best validation loss: -2.7336, saved to checkpoints/rtpp_20260402-212800/best_model_1.pth
2026-04-02 21:28:06,291 INFO src.train.trainer: Last model at epoch 47 saved to checkpoints/rtpp_20260402-212800/last_model_1.pth
2026-04-02 21:28:06,291 INFO src.train.trainer: Epoch 48
2026-04-02 21:28:06,359 INFO src.train.trainer: New best validation loss: -2.7988, saved to checkpoints/rtpp_20260402-212800/best_model_1.pth
2026-04-02 21:28:06,362 INFO src.train.trainer: Last model at epoch 48 saved to checkpoints/rtpp_20260402-212800/last_model_1.pth
2026-04-02 21:28:06,362 INFO src.train.trainer: Epoch 49
2026-04-02 21:28:06,439 INFO src.train.trainer: New best validation loss: -2.8681, saved to checkpoints/rtpp_20260402-212800/best_model_1.pth
2026-04-02 21:28:06,441 INFO src.train.trainer: Last model at epoch 49 saved to checkpoints/rtpp_20260402-212800/last_model_1.pth
2026-04-02 21:28:06,441 INFO src.train.trainer: Epoch 50
2026-04-02 21:28:06,521 INFO src.train.trainer: New best validation loss: -2.9414, saved to checkpoints/rtpp_20260402-212800/best_model_1.pth
2026-04-02 21:28:06,525 INFO src.train.trainer: Last model at epoch 50 saved to checkpoints/rtpp_20260402-212800/last_model_1.pth
2026-04-02 21:28:06,525 INFO src.train.trainer: Epoch 51
2026-04-02 21:28:06,600 INFO src.train.trainer: New best validation loss: -3.0187, saved to checkpoints/rtpp_20260402-212800/best_model_1.pth
2026-04-02 21:28:06,603 INFO src.train.trainer: Last model at epoch 51 saved to checkpoints/rtpp_20260402-212800/last_model_1.pth
2026-04-02 21:28:06,603 INFO src.train.trainer: Epoch 52
2026-04-02 21:28:06,680 INFO src.train.trainer: New best validation loss: -3.1001, saved to checkpoints/rtpp_20260402-212800/best_model_1.pth
2026-04-02 21:28:06,683 INFO src.train.trainer: Last model at epoch 52 saved to checkpoints/rtpp_20260402-212800/last_model_1.pth
2026-04-02 21:28:06,683 INFO src.train.trainer: Epoch 53
2026-04-02 21:28:06,762 INFO src.train.trainer: New best validation loss: -3.1851, saved to checkpoints/rtpp_20260402-212800/best_model_1.pth
2026-04-02 21:28:06,765 INFO src.train.trainer: Last model at epoch 53 saved to checkpoints/rtpp_20260402-212800/last_model_1.pth
2026-04-02 21:28:06,765 INFO src.train.trainer: Epoch 54
2026-04-02 21:28:06,846 INFO src.train.trainer: New best validation loss: -3.2738, saved to checkpoints/rtpp_20260402-212800/best_model_1.pth
2026-04-02 21:28:06,848 INFO src.train.trainer: Last model at epoch 54 saved to checkpoints/rtpp_20260402-212800/last_model_1.pth
2026-04-02 21:28:06,848 INFO src.train.trainer: Epoch 55
2026-04-02 21:28:06,927 INFO src.train.trainer: New best validation loss: -3.3655, saved to checkpoints/rtpp_20260402-212800/best_model_1.pth
2026-04-02 21:28:06,929 INFO src.train.trainer: Last model at epoch 55 saved to checkpoints/rtpp_20260402-212800/last_model_1.pth
2026-04-02 21:28:06,929 INFO src.train.trainer: Epoch 56
2026-04-02 21:28:07,007 INFO src.train.trainer: New best validation loss: -3.4600, saved to checkpoints/rtpp_20260402-212800/best_model_1.pth
2026-04-02 21:28:07,011 INFO src.train.trainer: Last model at epoch 56 saved to checkpoints/rtpp_20260402-212800/last_model_1.pth
2026-04-02 21:28:07,011 INFO src.train.trainer: Epoch 57
2026-04-02 21:28:07,090 INFO src.train.trainer: New best validation loss: -3.5565, saved to checkpoints/rtpp_20260402-212800/best_model_1.pth
2026-04-02 21:28:07,093 INFO src.train.trainer: Last model at epoch 57 saved to checkpoints/rtpp_20260402-212800/last_model_1.pth
2026-04-02 21:28:07,093 INFO src.train.trainer: Epoch 58
2026-04-02 21:28:07,171 INFO src.train.trainer: New best validation loss: -3.6544, saved to checkpoints/rtpp_20260402-212800/best_model_1.pth
2026-04-02 21:28:07,174 INFO src.train.trainer: Last model at epoch 58 saved to checkpoints/rtpp_20260402-212800/last_model_1.pth
2026-04-02 21:28:07,174 INFO src.train.trainer: Epoch 59
2026-04-02 21:28:07,252 INFO src.train.trainer: New best validation loss: -3.7529, saved to checkpoints/rtpp_20260402-212800/best_model_1.pth
2026-04-02 21:28:07,254 INFO src.train.trainer: Last model at epoch 59 saved to checkpoints/rtpp_20260402-212800/last_model_1.pth
2026-04-02 21:28:07,255 INFO src.train.trainer: Epoch 60
2026-04-02 21:28:07,334 INFO src.train.trainer: New best validation loss: -3.8510, saved to checkpoints/rtpp_20260402-212800/best_model_1.pth
2026-04-02 21:28:07,337 INFO src.train.trainer: Last model at epoch 60 saved to checkpoints/rtpp_20260402-212800/last_model_1.pth
2026-04-02 21:28:07,337 INFO src.train.trainer: Epoch 61
2026-04-02 21:28:07,415 INFO src.train.trainer: New best validation loss: -3.9479, saved to checkpoints/rtpp_20260402-212800/best_model_1.pth
2026-04-02 21:28:07,418 INFO src.train.trainer: Last model at epoch 61 saved to checkpoints/rtpp_20260402-212800/last_model_1.pth
2026-04-02 21:28:07,418 INFO src.train.trainer: Epoch 62
2026-04-02 21:28:07,497 INFO src.train.trainer: New best validation loss: -4.0428, saved to checkpoints/rtpp_20260402-212800/best_model_1.pth
2026-04-02 21:28:07,500 INFO src.train.trainer: Last model at epoch 62 saved to checkpoints/rtpp_20260402-212800/last_model_1.pth
2026-04-02 21:28:07,500 INFO src.train.trainer: Epoch 63
2026-04-02 21:28:07,579 INFO src.train.trainer: New best validation loss: -4.1346, saved to checkpoints/rtpp_20260402-212800/best_model_1.pth
2026-04-02 21:28:07,582 INFO src.train.trainer: Last model at epoch 63 saved to checkpoints/rtpp_20260402-212800/last_model_1.pth
2026-04-02 21:28:07,582 INFO src.train.trainer: Epoch 64
2026-04-02 21:28:07,662 INFO src.train.trainer: New best validation loss: -4.2227, saved to checkpoints/rtpp_20260402-212800/best_model_1.pth
2026-04-02 21:28:07,664 INFO src.train.trainer: Last model at epoch 64 saved to checkpoints/rtpp_20260402-212800/last_model_1.pth
2026-04-02 21:28:07,664 INFO src.train.trainer: Epoch 65
2026-04-02 21:28:07,746 INFO src.train.trainer: New best validation loss: -4.3063, saved to checkpoints/rtpp_20260402-212800/best_model_1.pth
2026-04-02 21:28:07,748 INFO src.train.trainer: Last model at epoch 65 saved to checkpoints/rtpp_20260402-212800/last_model_1.pth
2026-04-02 21:28:07,748 INFO src.train.trainer: Epoch 66
2026-04-02 21:28:07,827 INFO src.train.trainer: New best validation loss: -4.3850, saved to checkpoints/rtpp_20260402-212800/best_model_1.pth
2026-04-02 21:28:07,829 INFO src.train.trainer: Last model at epoch 66 saved to checkpoints/rtpp_20260402-212800/last_model_1.pth
2026-04-02 21:28:07,829 INFO src.train.trainer: Epoch 67
2026-04-02 21:28:07,908 INFO src.train.trainer: New best validation loss: -4.4582, saved to checkpoints/rtpp_20260402-212800/best_model_1.pth
2026-04-02 21:28:07,912 INFO src.train.trainer: Last model at epoch 67 saved to checkpoints/rtpp_20260402-212800/last_model_1.pth
2026-04-02 21:28:07,912 INFO src.train.trainer: Epoch 68
2026-04-02 21:28:07,992 INFO src.train.trainer: New best validation loss: -4.5258, saved to checkpoints/rtpp_20260402-212800/best_model_1.pth
2026-04-02 21:28:07,994 INFO src.train.trainer: Last model at epoch 68 saved to checkpoints/rtpp_20260402-212800/last_model_1.pth
2026-04-02 21:28:07,995 INFO src.train.trainer: Epoch 69
2026-04-02 21:28:08,075 INFO src.train.trainer: New best validation loss: -4.5876, saved to checkpoints/rtpp_20260402-212800/best_model_1.pth
2026-04-02 21:28:08,078 INFO src.train.trainer: Last model at epoch 69 saved to checkpoints/rtpp_20260402-212800/last_model_1.pth
2026-04-02 21:28:08,078 INFO src.train.trainer: Epoch 70
2026-04-02 21:28:08,158 INFO src.train.trainer: New best validation loss: -4.6436, saved to checkpoints/rtpp_20260402-212800/best_model_1.pth
2026-04-02 21:28:08,160 INFO src.train.trainer: Last model at epoch 70 saved to checkpoints/rtpp_20260402-212800/last_model_1.pth
2026-04-02 21:28:08,160 INFO src.train.trainer: Epoch 71
2026-04-02 21:28:08,236 INFO src.train.trainer: New best validation loss: -4.6939, saved to checkpoints/rtpp_20260402-212800/best_model_1.pth
2026-04-02 21:28:08,238 INFO src.train.trainer: Last model at epoch 71 saved to checkpoints/rtpp_20260402-212800/last_model_1.pth
2026-04-02 21:28:08,238 INFO src.train.trainer: Epoch 72
2026-04-02 21:28:08,315 INFO src.train.trainer: New best validation loss: -4.7388, saved to checkpoints/rtpp_20260402-212800/best_model_1.pth
2026-04-02 21:28:08,318 INFO src.train.trainer: Last model at epoch 72 saved to checkpoints/rtpp_20260402-212800/last_model_1.pth
2026-04-02 21:28:08,318 INFO src.train.trainer: Epoch 73
2026-04-02 21:28:08,393 INFO src.train.trainer: New best validation loss: -4.7785, saved to checkpoints/rtpp_20260402-212800/best_model_1.pth
2026-04-02 21:28:08,395 INFO src.train.trainer: Last model at epoch 73 saved to checkpoints/rtpp_20260402-212800/last_model_1.pth
2026-04-02 21:28:08,395 INFO src.train.trainer: Epoch 74
2026-04-02 21:28:08,474 INFO src.train.trainer: New best validation loss: -4.8133, saved to checkpoints/rtpp_20260402-212800/best_model_1.pth
2026-04-02 21:28:08,477 INFO src.train.trainer: Last model at epoch 74 saved to checkpoints/rtpp_20260402-212800/last_model_1.pth
2026-04-02 21:28:08,477 INFO src.train.trainer: Epoch 75
2026-04-02 21:28:08,557 INFO src.train.trainer: New best validation loss: -4.8438, saved to checkpoints/rtpp_20260402-212800/best_model_1.pth
2026-04-02 21:28:08,559 INFO src.train.trainer: Last model at epoch 75 saved to checkpoints/rtpp_20260402-212800/last_model_1.pth
2026-04-02 21:28:08,559 INFO src.train.trainer: Epoch 76
2026-04-02 21:28:08,639 INFO src.train.trainer: New best validation loss: -4.8704, saved to checkpoints/rtpp_20260402-212800/best_model_1.pth
2026-04-02 21:28:08,641 INFO src.train.trainer: Last model at epoch 76 saved to checkpoints/rtpp_20260402-212800/last_model_1.pth
2026-04-02 21:28:08,641 INFO src.train.trainer: Epoch 77
2026-04-02 21:28:08,723 INFO src.train.trainer: New best validation loss: -4.8938, saved to checkpoints/rtpp_20260402-212800/best_model_1.pth
2026-04-02 21:28:08,726 INFO src.train.trainer: Last model at epoch 77 saved to checkpoints/rtpp_20260402-212800/last_model_1.pth
2026-04-02 21:28:08,726 INFO src.train.trainer: Epoch 78
2026-04-02 21:28:08,808 INFO src.train.trainer: New best validation loss: -4.9144, saved to checkpoints/rtpp_20260402-212800/best_model_1.pth
2026-04-02 21:28:08,811 INFO src.train.trainer: Last model at epoch 78 saved to checkpoints/rtpp_20260402-212800/last_model_1.pth
2026-04-02 21:28:08,811 INFO src.train.trainer: Epoch 79
2026-04-02 21:28:08,893 INFO src.train.trainer: New best validation loss: -4.9328, saved to checkpoints/rtpp_20260402-212800/best_model_1.pth
2026-04-02 21:28:08,896 INFO src.train.trainer: Last model at epoch 79 saved to checkpoints/rtpp_20260402-212800/last_model_1.pth
2026-04-02 21:28:08,896 INFO src.train.trainer: Epoch 80
2026-04-02 21:28:08,976 INFO src.train.trainer: New best validation loss: -4.9496, saved to checkpoints/rtpp_20260402-212800/best_model_1.pth
2026-04-02 21:28:08,979 INFO src.train.trainer: Last model at epoch 80 saved to checkpoints/rtpp_20260402-212800/last_model_1.pth
2026-04-02 21:28:08,979 INFO src.train.trainer: Epoch 81
2026-04-02 21:28:09,060 INFO src.train.trainer: New best validation loss: -4.9652, saved to checkpoints/rtpp_20260402-212800/best_model_1.pth
2026-04-02 21:28:09,062 INFO src.train.trainer: Last model at epoch 81 saved to checkpoints/rtpp_20260402-212800/last_model_1.pth
2026-04-02 21:28:09,063 INFO src.train.trainer: Epoch 82
2026-04-02 21:28:09,145 INFO src.train.trainer: New best validation loss: -4.9801, saved to checkpoints/rtpp_20260402-212800/best_model_1.pth
2026-04-02 21:28:09,147 INFO src.train.trainer: Last model at epoch 82 saved to checkpoints/rtpp_20260402-212800/last_model_1.pth
2026-04-02 21:28:09,147 INFO src.train.trainer: Epoch 83
2026-04-02 21:28:09,232 INFO src.train.trainer: New best validation loss: -4.9946, saved to checkpoints/rtpp_20260402-212800/best_model_1.pth
2026-04-02 21:28:09,234 INFO src.train.trainer: Last model at epoch 83 saved to checkpoints/rtpp_20260402-212800/last_model_1.pth
2026-04-02 21:28:09,234 INFO src.train.trainer: Epoch 84
2026-04-02 21:28:09,316 INFO src.train.trainer: New best validation loss: -5.0091, saved to checkpoints/rtpp_20260402-212800/best_model_1.pth
2026-04-02 21:28:09,319 INFO src.train.trainer: Last model at epoch 84 saved to checkpoints/rtpp_20260402-212800/last_model_1.pth
2026-04-02 21:28:09,319 INFO src.train.trainer: Epoch 85
2026-04-02 21:28:09,400 INFO src.train.trainer: New best validation loss: -5.0236, saved to checkpoints/rtpp_20260402-212800/best_model_1.pth
2026-04-02 21:28:09,403 INFO src.train.trainer: Last model at epoch 85 saved to checkpoints/rtpp_20260402-212800/last_model_1.pth
2026-04-02 21:28:09,403 INFO src.train.trainer: Epoch 86
2026-04-02 21:28:09,485 INFO src.train.trainer: New best validation loss: -5.0385, saved to checkpoints/rtpp_20260402-212800/best_model_1.pth
2026-04-02 21:28:09,488 INFO src.train.trainer: Last model at epoch 86 saved to checkpoints/rtpp_20260402-212800/last_model_1.pth
2026-04-02 21:28:09,488 INFO src.train.trainer: Epoch 87
2026-04-02 21:28:09,571 INFO src.train.trainer: New best validation loss: -5.0538, saved to checkpoints/rtpp_20260402-212800/best_model_1.pth
2026-04-02 21:28:09,574 INFO src.train.trainer: Last model at epoch 87 saved to checkpoints/rtpp_20260402-212800/last_model_1.pth
2026-04-02 21:28:09,574 INFO src.train.trainer: Epoch 88
2026-04-02 21:28:09,657 INFO src.train.trainer: New best validation loss: -5.0697, saved to checkpoints/rtpp_20260402-212800/best_model_1.pth
2026-04-02 21:28:09,660 INFO src.train.trainer: Last model at epoch 88 saved to checkpoints/rtpp_20260402-212800/last_model_1.pth
2026-04-02 21:28:09,660 INFO src.train.trainer: Epoch 89
2026-04-02 21:28:09,745 INFO src.train.trainer: New best validation loss: -5.0859, saved to checkpoints/rtpp_20260402-212800/best_model_1.pth
2026-04-02 21:28:09,748 INFO src.train.trainer: Last model at epoch 89 saved to checkpoints/rtpp_20260402-212800/last_model_1.pth
2026-04-02 21:28:09,748 INFO src.train.trainer: Epoch 90
2026-04-02 21:28:09,830 INFO src.train.trainer: New best validation loss: -5.1025, saved to checkpoints/rtpp_20260402-212800/best_model_1.pth
2026-04-02 21:28:09,833 INFO src.train.trainer: Last model at epoch 90 saved to checkpoints/rtpp_20260402-212800/last_model_1.pth
2026-04-02 21:28:09,833 INFO src.train.trainer: Epoch 91
2026-04-02 21:28:09,914 INFO src.train.trainer: New best validation loss: -5.1196, saved to checkpoints/rtpp_20260402-212800/best_model_1.pth
2026-04-02 21:28:09,917 INFO src.train.trainer: Last model at epoch 91 saved to checkpoints/rtpp_20260402-212800/last_model_1.pth
2026-04-02 21:28:09,917 INFO src.train.trainer: Epoch 92
2026-04-02 21:28:10,002 INFO src.train.trainer: New best validation loss: -5.1369, saved to checkpoints/rtpp_20260402-212800/best_model_1.pth
2026-04-02 21:28:10,005 INFO src.train.trainer: Last model at epoch 92 saved to checkpoints/rtpp_20260402-212800/last_model_1.pth
2026-04-02 21:28:10,006 INFO src.train.trainer: Epoch 93
2026-04-02 21:28:10,090 INFO src.train.trainer: New best validation loss: -5.1542, saved to checkpoints/rtpp_20260402-212800/best_model_1.pth
2026-04-02 21:28:10,093 INFO src.train.trainer: Last model at epoch 93 saved to checkpoints/rtpp_20260402-212800/last_model_1.pth
2026-04-02 21:28:10,093 INFO src.train.trainer: Epoch 94
2026-04-02 21:28:10,168 INFO src.train.trainer: New best validation loss: -5.1716, saved to checkpoints/rtpp_20260402-212800/best_model_1.pth
2026-04-02 21:28:10,171 INFO src.train.trainer: Last model at epoch 94 saved to checkpoints/rtpp_20260402-212800/last_model_1.pth
2026-04-02 21:28:10,171 INFO src.train.trainer: Epoch 95
2026-04-02 21:28:10,239 INFO src.train.trainer: New best validation loss: -5.1888, saved to checkpoints/rtpp_20260402-212800/best_model_1.pth
2026-04-02 21:28:10,242 INFO src.train.trainer: Last model at epoch 95 saved to checkpoints/rtpp_20260402-212800/last_model_1.pth
2026-04-02 21:28:10,242 INFO src.train.trainer: Epoch 96
2026-04-02 21:28:10,309 INFO src.train.trainer: New best validation loss: -5.2055, saved to checkpoints/rtpp_20260402-212800/best_model_1.pth
2026-04-02 21:28:10,312 INFO src.train.trainer: Last model at epoch 96 saved to checkpoints/rtpp_20260402-212800/last_model_1.pth
2026-04-02 21:28:10,312 INFO src.train.trainer: Epoch 97
2026-04-02 21:28:10,388 INFO src.train.trainer: New best validation loss: -5.2219, saved to checkpoints/rtpp_20260402-212800/best_model_1.pth
2026-04-02 21:28:10,390 INFO src.train.trainer: Last model at epoch 97 saved to checkpoints/rtpp_20260402-212800/last_model_1.pth
2026-04-02 21:28:10,390 INFO src.train.trainer: Epoch 98
2026-04-02 21:28:10,466 INFO src.train.trainer: New best validation loss: -5.2375, saved to checkpoints/rtpp_20260402-212800/best_model_1.pth
2026-04-02 21:28:10,468 INFO src.train.trainer: Last model at epoch 98 saved to checkpoints/rtpp_20260402-212800/last_model_1.pth
2026-04-02 21:28:10,468 INFO src.train.trainer: Epoch 99
2026-04-02 21:28:10,546 INFO src.train.trainer: New best validation loss: -5.2524, saved to checkpoints/rtpp_20260402-212800/best_model_1.pth
2026-04-02 21:28:10,549 INFO src.train.trainer: Last model at epoch 99 saved to checkpoints/rtpp_20260402-212800/last_model_1.pth
2026-04-02 21:28:10,549 INFO src.train.trainer: Epoch 100
2026-04-02 21:28:10,625 INFO src.train.trainer: New best validation loss: -5.2665, saved to checkpoints/rtpp_20260402-212800/best_model_1.pth
2026-04-02 21:28:10,629 INFO src.train.trainer: Last model at epoch 100 saved to checkpoints/rtpp_20260402-212800/last_model_1.pth
2026-04-02 21:28:10,629 INFO src.train.trainer: Epoch 101
2026-04-02 21:28:10,706 INFO src.train.trainer: New best validation loss: -5.2798, saved to checkpoints/rtpp_20260402-212800/best_model_1.pth
2026-04-02 21:28:10,709 INFO src.train.trainer: Last model at epoch 101 saved to checkpoints/rtpp_20260402-212800/last_model_1.pth
2026-04-02 21:28:10,709 INFO src.train.trainer: Epoch 102
2026-04-02 21:28:10,792 INFO src.train.trainer: New best validation loss: -5.2921, saved to checkpoints/rtpp_20260402-212800/best_model_1.pth
2026-04-02 21:28:10,795 INFO src.train.trainer: Last model at epoch 102 saved to checkpoints/rtpp_20260402-212800/last_model_1.pth
2026-04-02 21:28:10,795 INFO src.train.trainer: Epoch 103
2026-04-02 21:28:10,878 INFO src.train.trainer: New best validation loss: -5.3037, saved to checkpoints/rtpp_20260402-212800/best_model_1.pth
2026-04-02 21:28:10,881 INFO src.train.trainer: Last model at epoch 103 saved to checkpoints/rtpp_20260402-212800/last_model_1.pth
2026-04-02 21:28:10,881 INFO src.train.trainer: Epoch 104
2026-04-02 21:28:10,962 INFO src.train.trainer: New best validation loss: -5.3146, saved to checkpoints/rtpp_20260402-212800/best_model_1.pth
2026-04-02 21:28:10,965 INFO src.train.trainer: Last model at epoch 104 saved to checkpoints/rtpp_20260402-212800/last_model_1.pth
2026-04-02 21:28:10,965 INFO src.train.trainer: Epoch 105
2026-04-02 21:28:11,048 INFO src.train.trainer: New best validation loss: -5.3249, saved to checkpoints/rtpp_20260402-212800/best_model_1.pth
2026-04-02 21:28:11,051 INFO src.train.trainer: Last model at epoch 105 saved to checkpoints/rtpp_20260402-212800/last_model_1.pth
2026-04-02 21:28:11,051 INFO src.train.trainer: Epoch 106
2026-04-02 21:28:11,133 INFO src.train.trainer: New best validation loss: -5.3347, saved to checkpoints/rtpp_20260402-212800/best_model_1.pth
2026-04-02 21:28:11,137 INFO src.train.trainer: Last model at epoch 106 saved to checkpoints/rtpp_20260402-212800/last_model_1.pth
2026-04-02 21:28:11,137 INFO src.train.trainer: Epoch 107
2026-04-02 21:28:11,219 INFO src.train.trainer: New best validation loss: -5.3444, saved to checkpoints/rtpp_20260402-212800/best_model_1.pth
2026-04-02 21:28:11,221 INFO src.train.trainer: Last model at epoch 107 saved to checkpoints/rtpp_20260402-212800/last_model_1.pth
2026-04-02 21:28:11,222 INFO src.train.trainer: Epoch 108
2026-04-02 21:28:11,304 INFO src.train.trainer: New best validation loss: -5.3539, saved to checkpoints/rtpp_20260402-212800/best_model_1.pth
2026-04-02 21:28:11,307 INFO src.train.trainer: Last model at epoch 108 saved to checkpoints/rtpp_20260402-212800/last_model_1.pth
2026-04-02 21:28:11,307 INFO src.train.trainer: Epoch 109
2026-04-02 21:28:11,390 INFO src.train.trainer: New best validation loss: -5.3633, saved to checkpoints/rtpp_20260402-212800/best_model_1.pth
2026-04-02 21:28:11,393 INFO src.train.trainer: Last model at epoch 109 saved to checkpoints/rtpp_20260402-212800/last_model_1.pth
2026-04-02 21:28:11,393 INFO src.train.trainer: Epoch 110
2026-04-02 21:28:11,476 INFO src.train.trainer: New best validation loss: -5.3730, saved to checkpoints/rtpp_20260402-212800/best_model_1.pth
2026-04-02 21:28:11,479 INFO src.train.trainer: Last model at epoch 110 saved to checkpoints/rtpp_20260402-212800/last_model_1.pth
2026-04-02 21:28:11,479 INFO src.train.trainer: Epoch 111
2026-04-02 21:28:11,563 INFO src.train.trainer: New best validation loss: -5.3827, saved to checkpoints/rtpp_20260402-212800/best_model_1.pth
2026-04-02 21:28:11,566 INFO src.train.trainer: Last model at epoch 111 saved to checkpoints/rtpp_20260402-212800/last_model_1.pth
2026-04-02 21:28:11,566 INFO src.train.trainer: Epoch 112
2026-04-02 21:28:11,650 INFO src.train.trainer: New best validation loss: -5.3926, saved to checkpoints/rtpp_20260402-212800/best_model_1.pth
2026-04-02 21:28:11,652 INFO src.train.trainer: Last model at epoch 112 saved to checkpoints/rtpp_20260402-212800/last_model_1.pth
2026-04-02 21:28:11,653 INFO src.train.trainer: Epoch 113
2026-04-02 21:28:11,737 INFO src.train.trainer: New best validation loss: -5.4026, saved to checkpoints/rtpp_20260402-212800/best_model_1.pth
2026-04-02 21:28:11,740 INFO src.train.trainer: Last model at epoch 113 saved to checkpoints/rtpp_20260402-212800/last_model_1.pth
2026-04-02 21:28:11,740 INFO src.train.trainer: Epoch 114
2026-04-02 21:28:11,824 INFO src.train.trainer: New best validation loss: -5.4126, saved to checkpoints/rtpp_20260402-212800/best_model_1.pth
2026-04-02 21:28:11,827 INFO src.train.trainer: Last model at epoch 114 saved to checkpoints/rtpp_20260402-212800/last_model_1.pth
2026-04-02 21:28:11,827 INFO src.train.trainer: Epoch 115
2026-04-02 21:28:11,910 INFO src.train.trainer: New best validation loss: -5.4226, saved to checkpoints/rtpp_20260402-212800/best_model_1.pth
2026-04-02 21:28:11,913 INFO src.train.trainer: Last model at epoch 115 saved to checkpoints/rtpp_20260402-212800/last_model_1.pth
2026-04-02 21:28:11,913 INFO src.train.trainer: Epoch 116
2026-04-02 21:28:11,995 INFO src.train.trainer: New best validation loss: -5.4324, saved to checkpoints/rtpp_20260402-212800/best_model_1.pth
2026-04-02 21:28:11,998 INFO src.train.trainer: Last model at epoch 116 saved to checkpoints/rtpp_20260402-212800/last_model_1.pth
2026-04-02 21:28:11,998 INFO src.train.trainer: Epoch 117
2026-04-02 21:28:12,082 INFO src.train.trainer: New best validation loss: -5.4421, saved to checkpoints/rtpp_20260402-212800/best_model_1.pth
2026-04-02 21:28:12,085 INFO src.train.trainer: Last model at epoch 117 saved to checkpoints/rtpp_20260402-212800/last_model_1.pth
2026-04-02 21:28:12,085 INFO src.train.trainer: Epoch 118
2026-04-02 21:28:12,170 INFO src.train.trainer: New best validation loss: -5.4514, saved to checkpoints/rtpp_20260402-212800/best_model_1.pth
2026-04-02 21:28:12,173 INFO src.train.trainer: Last model at epoch 118 saved to checkpoints/rtpp_20260402-212800/last_model_1.pth
2026-04-02 21:28:12,173 INFO src.train.trainer: Epoch 119
2026-04-02 21:28:12,258 INFO src.train.trainer: New best validation loss: -5.4604, saved to checkpoints/rtpp_20260402-212800/best_model_1.pth
2026-04-02 21:28:12,261 INFO src.train.trainer: Last model at epoch 119 saved to checkpoints/rtpp_20260402-212800/last_model_1.pth
2026-04-02 21:28:12,261 INFO src.train.trainer: Epoch 120
2026-04-02 21:28:12,344 INFO src.train.trainer: New best validation loss: -5.4691, saved to checkpoints/rtpp_20260402-212800/best_model_1.pth
2026-04-02 21:28:12,347 INFO src.train.trainer: Last model at epoch 120 saved to checkpoints/rtpp_20260402-212800/last_model_1.pth
2026-04-02 21:28:12,347 INFO src.train.trainer: Epoch 121
2026-04-02 21:28:12,423 INFO src.train.trainer: New best validation loss: -5.4775, saved to checkpoints/rtpp_20260402-212800/best_model_1.pth
2026-04-02 21:28:12,425 INFO src.train.trainer: Last model at epoch 121 saved to checkpoints/rtpp_20260402-212800/last_model_1.pth
2026-04-02 21:28:12,426 INFO src.train.trainer: Epoch 122
2026-04-02 21:28:12,505 INFO src.train.trainer: New best validation loss: -5.4858, saved to checkpoints/rtpp_20260402-212800/best_model_1.pth
2026-04-02 21:28:12,508 INFO src.train.trainer: Last model at epoch 122 saved to checkpoints/rtpp_20260402-212800/last_model_1.pth
2026-04-02 21:28:12,508 INFO src.train.trainer: Epoch 123
2026-04-02 21:28:12,588 INFO src.train.trainer: New best validation loss: -5.4938, saved to checkpoints/rtpp_20260402-212800/best_model_1.pth
2026-04-02 21:28:12,590 INFO src.train.trainer: Last model at epoch 123 saved to checkpoints/rtpp_20260402-212800/last_model_1.pth
2026-04-02 21:28:12,590 INFO src.train.trainer: Epoch 124
2026-04-02 21:28:12,668 INFO src.train.trainer: New best validation loss: -5.5015, saved to checkpoints/rtpp_20260402-212800/best_model_1.pth
2026-04-02 21:28:12,671 INFO src.train.trainer: Last model at epoch 124 saved to checkpoints/rtpp_20260402-212800/last_model_1.pth
2026-04-02 21:28:12,671 INFO src.train.trainer: Epoch 125
2026-04-02 21:28:12,748 INFO src.train.trainer: New best validation loss: -5.5089, saved to checkpoints/rtpp_20260402-212800/best_model_1.pth
2026-04-02 21:28:12,750 INFO src.train.trainer: Last model at epoch 125 saved to checkpoints/rtpp_20260402-212800/last_model_1.pth
2026-04-02 21:28:12,750 INFO src.train.trainer: Epoch 126
2026-04-02 21:28:12,830 INFO src.train.trainer: New best validation loss: -5.5160, saved to checkpoints/rtpp_20260402-212800/best_model_1.pth
2026-04-02 21:28:12,833 INFO src.train.trainer: Last model at epoch 126 saved to checkpoints/rtpp_20260402-212800/last_model_1.pth
2026-04-02 21:28:12,833 INFO src.train.trainer: Epoch 127
2026-04-02 21:28:12,917 INFO src.train.trainer: New best validation loss: -5.5228, saved to checkpoints/rtpp_20260402-212800/best_model_1.pth
2026-04-02 21:28:12,920 INFO src.train.trainer: Last model at epoch 127 saved to checkpoints/rtpp_20260402-212800/last_model_1.pth
2026-04-02 21:28:12,920 INFO src.train.trainer: Epoch 128
2026-04-02 21:28:13,006 INFO src.train.trainer: New best validation loss: -5.5292, saved to checkpoints/rtpp_20260402-212800/best_model_1.pth
2026-04-02 21:28:13,009 INFO src.train.trainer: Last model at epoch 128 saved to checkpoints/rtpp_20260402-212800/last_model_1.pth
2026-04-02 21:28:13,009 INFO src.train.trainer: Epoch 129
2026-04-02 21:28:13,081 INFO src.train.trainer: New best validation loss: -5.5354, saved to checkpoints/rtpp_20260402-212800/best_model_1.pth
2026-04-02 21:28:13,084 INFO src.train.trainer: Last model at epoch 129 saved to checkpoints/rtpp_20260402-212800/last_model_1.pth
2026-04-02 21:28:13,084 INFO src.train.trainer: Epoch 130
2026-04-02 21:28:13,158 INFO src.train.trainer: New best validation loss: -5.5412, saved to checkpoints/rtpp_20260402-212800/best_model_1.pth
2026-04-02 21:28:13,161 INFO src.train.trainer: Last model at epoch 130 saved to checkpoints/rtpp_20260402-212800/last_model_1.pth
2026-04-02 21:28:13,161 INFO src.train.trainer: Epoch 131
2026-04-02 21:28:13,234 INFO src.train.trainer: New best validation loss: -5.5470, saved to checkpoints/rtpp_20260402-212800/best_model_1.pth
2026-04-02 21:28:13,236 INFO src.train.trainer: Last model at epoch 131 saved to checkpoints/rtpp_20260402-212800/last_model_1.pth
2026-04-02 21:28:13,236 INFO src.train.trainer: Epoch 132
2026-04-02 21:28:13,310 INFO src.train.trainer: New best validation loss: -5.5528, saved to checkpoints/rtpp_20260402-212800/best_model_1.pth
2026-04-02 21:28:13,312 INFO src.train.trainer: Last model at epoch 132 saved to checkpoints/rtpp_20260402-212800/last_model_1.pth
2026-04-02 21:28:13,312 INFO src.train.trainer: Epoch 133
2026-04-02 21:28:13,389 INFO src.train.trainer: New best validation loss: -5.5588, saved to checkpoints/rtpp_20260402-212800/best_model_1.pth
2026-04-02 21:28:13,392 INFO src.train.trainer: Last model at epoch 133 saved to checkpoints/rtpp_20260402-212800/last_model_1.pth
2026-04-02 21:28:13,392 INFO src.train.trainer: Epoch 134
2026-04-02 21:28:13,468 INFO src.train.trainer: New best validation loss: -5.5650, saved to checkpoints/rtpp_20260402-212800/best_model_1.pth
2026-04-02 21:28:13,471 INFO src.train.trainer: Last model at epoch 134 saved to checkpoints/rtpp_20260402-212800/last_model_1.pth
2026-04-02 21:28:13,471 INFO src.train.trainer: Epoch 135
2026-04-02 21:28:13,548 INFO src.train.trainer: New best validation loss: -5.5715, saved to checkpoints/rtpp_20260402-212800/best_model_1.pth
2026-04-02 21:28:13,551 INFO src.train.trainer: Last model at epoch 135 saved to checkpoints/rtpp_20260402-212800/last_model_1.pth
2026-04-02 21:28:13,551 INFO src.train.trainer: Epoch 136
2026-04-02 21:28:13,629 INFO src.train.trainer: New best validation loss: -5.5780, saved to checkpoints/rtpp_20260402-212800/best_model_1.pth
2026-04-02 21:28:13,632 INFO src.train.trainer: Last model at epoch 136 saved to checkpoints/rtpp_20260402-212800/last_model_1.pth
2026-04-02 21:28:13,632 INFO src.train.trainer: Epoch 137
2026-04-02 21:28:13,731 INFO src.train.trainer: New best validation loss: -5.5843, saved to checkpoints/rtpp_20260402-212800/best_model_1.pth
2026-04-02 21:28:13,733 INFO src.train.trainer: Last model at epoch 137 saved to checkpoints/rtpp_20260402-212800/last_model_1.pth
2026-04-02 21:28:13,734 INFO src.train.trainer: Epoch 138
2026-04-02 21:28:13,812 INFO src.train.trainer: New best validation loss: -5.5907, saved to checkpoints/rtpp_20260402-212800/best_model_1.pth
2026-04-02 21:28:13,814 INFO src.train.trainer: Last model at epoch 138 saved to checkpoints/rtpp_20260402-212800/last_model_1.pth
2026-04-02 21:28:13,815 INFO src.train.trainer: Epoch 139
2026-04-02 21:28:13,897 INFO src.train.trainer: New best validation loss: -5.5968, saved to checkpoints/rtpp_20260402-212800/best_model_1.pth
2026-04-02 21:28:13,900 INFO src.train.trainer: Last model at epoch 139 saved to checkpoints/rtpp_20260402-212800/last_model_1.pth
2026-04-02 21:28:13,900 INFO src.train.trainer: Epoch 140
2026-04-02 21:28:13,981 INFO src.train.trainer: New best validation loss: -5.6026, saved to checkpoints/rtpp_20260402-212800/best_model_1.pth
2026-04-02 21:28:13,983 INFO src.train.trainer: Last model at epoch 140 saved to checkpoints/rtpp_20260402-212800/last_model_1.pth
2026-04-02 21:28:13,983 INFO src.train.trainer: Epoch 141
2026-04-02 21:28:14,066 INFO src.train.trainer: New best validation loss: -5.6083, saved to checkpoints/rtpp_20260402-212800/best_model_1.pth
2026-04-02 21:28:14,069 INFO src.train.trainer: Last model at epoch 141 saved to checkpoints/rtpp_20260402-212800/last_model_1.pth
2026-04-02 21:28:14,069 INFO src.train.trainer: Epoch 142
2026-04-02 21:28:14,152 INFO src.train.trainer: New best validation loss: -5.6137, saved to checkpoints/rtpp_20260402-212800/best_model_1.pth
2026-04-02 21:28:14,155 INFO src.train.trainer: Last model at epoch 142 saved to checkpoints/rtpp_20260402-212800/last_model_1.pth
2026-04-02 21:28:14,155 INFO src.train.trainer: Epoch 143
2026-04-02 21:28:14,237 INFO src.train.trainer: New best validation loss: -5.6188, saved to checkpoints/rtpp_20260402-212800/best_model_1.pth
2026-04-02 21:28:14,240 INFO src.train.trainer: Last model at epoch 143 saved to checkpoints/rtpp_20260402-212800/last_model_1.pth
2026-04-02 21:28:14,240 INFO src.train.trainer: Epoch 144
2026-04-02 21:28:14,322 INFO src.train.trainer: New best validation loss: -5.6239, saved to checkpoints/rtpp_20260402-212800/best_model_1.pth
2026-04-02 21:28:14,325 INFO src.train.trainer: Last model at epoch 144 saved to checkpoints/rtpp_20260402-212800/last_model_1.pth
2026-04-02 21:28:14,325 INFO src.train.trainer: Epoch 145
2026-04-02 21:28:14,404 INFO src.train.trainer: New best validation loss: -5.6291, saved to checkpoints/rtpp_20260402-212800/best_model_1.pth
2026-04-02 21:28:14,407 INFO src.train.trainer: Last model at epoch 145 saved to checkpoints/rtpp_20260402-212800/last_model_1.pth
2026-04-02 21:28:14,407 INFO src.train.trainer: Epoch 146
2026-04-02 21:28:14,487 INFO src.train.trainer: New best validation loss: -5.6344, saved to checkpoints/rtpp_20260402-212800/best_model_1.pth
2026-04-02 21:28:14,490 INFO src.train.trainer: Last model at epoch 146 saved to checkpoints/rtpp_20260402-212800/last_model_1.pth
2026-04-02 21:28:14,490 INFO src.train.trainer: Epoch 147
2026-04-02 21:28:14,570 INFO src.train.trainer: New best validation loss: -5.6397, saved to checkpoints/rtpp_20260402-212800/best_model_1.pth
2026-04-02 21:28:14,572 INFO src.train.trainer: Last model at epoch 147 saved to checkpoints/rtpp_20260402-212800/last_model_1.pth
2026-04-02 21:28:14,572 INFO src.train.trainer: Epoch 148
2026-04-02 21:28:14,652 INFO src.train.trainer: New best validation loss: -5.6450, saved to checkpoints/rtpp_20260402-212800/best_model_1.pth
2026-04-02 21:28:14,654 INFO src.train.trainer: Last model at epoch 148 saved to checkpoints/rtpp_20260402-212800/last_model_1.pth
2026-04-02 21:28:14,654 INFO src.train.trainer: Epoch 149
2026-04-02 21:28:14,735 INFO src.train.trainer: New best validation loss: -5.6502, saved to checkpoints/rtpp_20260402-212800/best_model_1.pth
2026-04-02 21:28:14,737 INFO src.train.trainer: Last model at epoch 149 saved to checkpoints/rtpp_20260402-212800/last_model_1.pth
2026-04-02 21:28:14,737 INFO src.train.trainer: Epoch 150
2026-04-02 21:28:14,818 INFO src.train.trainer: New best validation loss: -5.6555, saved to checkpoints/rtpp_20260402-212800/best_model_1.pth
2026-04-02 21:28:14,821 INFO src.train.trainer: Last model at epoch 150 saved to checkpoints/rtpp_20260402-212800/last_model_1.pth
2026-04-02 21:28:14,821 INFO src.train.trainer: Epoch 151
2026-04-02 21:28:14,907 INFO src.train.trainer: New best validation loss: -5.6607, saved to checkpoints/rtpp_20260402-212800/best_model_1.pth
2026-04-02 21:28:14,909 INFO src.train.trainer: Last model at epoch 151 saved to checkpoints/rtpp_20260402-212800/last_model_1.pth
2026-04-02 21:28:14,909 INFO src.train.trainer: Epoch 152
2026-04-02 21:28:14,992 INFO src.train.trainer: New best validation loss: -5.6657, saved to checkpoints/rtpp_20260402-212800/best_model_1.pth
2026-04-02 21:28:14,994 INFO src.train.trainer: Last model at epoch 152 saved to checkpoints/rtpp_20260402-212800/last_model_1.pth
2026-04-02 21:28:14,994 INFO src.train.trainer: Epoch 153
2026-04-02 21:28:15,078 INFO src.train.trainer: New best validation loss: -5.6707, saved to checkpoints/rtpp_20260402-212800/best_model_1.pth
2026-04-02 21:28:15,081 INFO src.train.trainer: Last model at epoch 153 saved to checkpoints/rtpp_20260402-212800/last_model_1.pth
2026-04-02 21:28:15,081 INFO src.train.trainer: Epoch 154
2026-04-02 21:28:15,152 INFO src.train.trainer: New best validation loss: -5.6758, saved to checkpoints/rtpp_20260402-212800/best_model_1.pth
2026-04-02 21:28:15,155 INFO src.train.trainer: Last model at epoch 154 saved to checkpoints/rtpp_20260402-212800/last_model_1.pth
2026-04-02 21:28:15,155 INFO src.train.trainer: Epoch 155
2026-04-02 21:28:15,221 INFO src.train.trainer: New best validation loss: -5.6811, saved to checkpoints/rtpp_20260402-212800/best_model_1.pth
2026-04-02 21:28:15,223 INFO src.train.trainer: Last model at epoch 155 saved to checkpoints/rtpp_20260402-212800/last_model_1.pth
2026-04-02 21:28:15,223 INFO src.train.trainer: Epoch 156
2026-04-02 21:28:15,300 INFO src.train.trainer: New best validation loss: -5.6866, saved to checkpoints/rtpp_20260402-212800/best_model_1.pth
2026-04-02 21:28:15,303 INFO src.train.trainer: Last model at epoch 156 saved to checkpoints/rtpp_20260402-212800/last_model_1.pth
2026-04-02 21:28:15,303 INFO src.train.trainer: Epoch 157
2026-04-02 21:28:15,377 INFO src.train.trainer: New best validation loss: -5.6921, saved to checkpoints/rtpp_20260402-212800/best_model_1.pth
2026-04-02 21:28:15,379 INFO src.train.trainer: Last model at epoch 157 saved to checkpoints/rtpp_20260402-212800/last_model_1.pth
2026-04-02 21:28:15,379 INFO src.train.trainer: Epoch 158
2026-04-02 21:28:15,456 INFO src.train.trainer: New best validation loss: -5.6974, saved to checkpoints/rtpp_20260402-212800/best_model_1.pth
2026-04-02 21:28:15,458 INFO src.train.trainer: Last model at epoch 158 saved to checkpoints/rtpp_20260402-212800/last_model_1.pth
2026-04-02 21:28:15,458 INFO src.train.trainer: Epoch 159
2026-04-02 21:28:15,539 INFO src.train.trainer: New best validation loss: -5.7026, saved to checkpoints/rtpp_20260402-212800/best_model_1.pth
2026-04-02 21:28:15,541 INFO src.train.trainer: Last model at epoch 159 saved to checkpoints/rtpp_20260402-212800/last_model_1.pth
2026-04-02 21:28:15,541 INFO src.train.trainer: Epoch 160
2026-04-02 21:28:15,619 INFO src.train.trainer: New best validation loss: -5.7076, saved to checkpoints/rtpp_20260402-212800/best_model_1.pth
2026-04-02 21:28:15,621 INFO src.train.trainer: Last model at epoch 160 saved to checkpoints/rtpp_20260402-212800/last_model_1.pth
2026-04-02 21:28:15,621 INFO src.train.trainer: Epoch 161
2026-04-02 21:28:15,701 INFO src.train.trainer: New best validation loss: -5.7125, saved to checkpoints/rtpp_20260402-212800/best_model_1.pth
2026-04-02 21:28:15,703 INFO src.train.trainer: Last model at epoch 161 saved to checkpoints/rtpp_20260402-212800/last_model_1.pth
2026-04-02 21:28:15,703 INFO src.train.trainer: Epoch 162
2026-04-02 21:28:15,782 INFO src.train.trainer: New best validation loss: -5.7173, saved to checkpoints/rtpp_20260402-212800/best_model_1.pth
2026-04-02 21:28:15,785 INFO src.train.trainer: Last model at epoch 162 saved to checkpoints/rtpp_20260402-212800/last_model_1.pth
2026-04-02 21:28:15,785 INFO src.train.trainer: Epoch 163
2026-04-02 21:28:15,865 INFO src.train.trainer: New best validation loss: -5.7221, saved to checkpoints/rtpp_20260402-212800/best_model_1.pth
2026-04-02 21:28:15,867 INFO src.train.trainer: Last model at epoch 163 saved to checkpoints/rtpp_20260402-212800/last_model_1.pth
2026-04-02 21:28:15,867 INFO src.train.trainer: Epoch 164
2026-04-02 21:28:15,950 INFO src.train.trainer: New best validation loss: -5.7269, saved to checkpoints/rtpp_20260402-212800/best_model_1.pth
2026-04-02 21:28:15,953 INFO src.train.trainer: Last model at epoch 164 saved to checkpoints/rtpp_20260402-212800/last_model_1.pth
2026-04-02 21:28:15,953 INFO src.train.trainer: Epoch 165
2026-04-02 21:28:16,033 INFO src.train.trainer: New best validation loss: -5.7316, saved to checkpoints/rtpp_20260402-212800/best_model_1.pth
2026-04-02 21:28:16,036 INFO src.train.trainer: Last model at epoch 165 saved to checkpoints/rtpp_20260402-212800/last_model_1.pth
2026-04-02 21:28:16,036 INFO src.train.trainer: Epoch 166
2026-04-02 21:28:16,116 INFO src.train.trainer: New best validation loss: -5.7367, saved to checkpoints/rtpp_20260402-212800/best_model_1.pth
2026-04-02 21:28:16,119 INFO src.train.trainer: Last model at epoch 166 saved to checkpoints/rtpp_20260402-212800/last_model_1.pth
2026-04-02 21:28:16,119 INFO src.train.trainer: Epoch 167
2026-04-02 21:28:16,202 INFO src.train.trainer: New best validation loss: -5.7421, saved to checkpoints/rtpp_20260402-212800/best_model_1.pth
2026-04-02 21:28:16,204 INFO src.train.trainer: Last model at epoch 167 saved to checkpoints/rtpp_20260402-212800/last_model_1.pth
2026-04-02 21:28:16,204 INFO src.train.trainer: Epoch 168
2026-04-02 21:28:16,289 INFO src.train.trainer: New best validation loss: -5.7472, saved to checkpoints/rtpp_20260402-212800/best_model_1.pth
2026-04-02 21:28:16,292 INFO src.train.trainer: Last model at epoch 168 saved to checkpoints/rtpp_20260402-212800/last_model_1.pth
2026-04-02 21:28:16,292 INFO src.train.trainer: Epoch 169
2026-04-02 21:28:16,379 INFO src.train.trainer: New best validation loss: -5.7522, saved to checkpoints/rtpp_20260402-212800/best_model_1.pth
2026-04-02 21:28:16,381 INFO src.train.trainer: Last model at epoch 169 saved to checkpoints/rtpp_20260402-212800/last_model_1.pth
2026-04-02 21:28:16,382 INFO src.train.trainer: Epoch 170
2026-04-02 21:28:16,460 INFO src.train.trainer: New best validation loss: -5.7572, saved to checkpoints/rtpp_20260402-212800/best_model_1.pth
2026-04-02 21:28:16,463 INFO src.train.trainer: Last model at epoch 170 saved to checkpoints/rtpp_20260402-212800/last_model_1.pth
2026-04-02 21:28:16,463 INFO src.train.trainer: Epoch 171
2026-04-02 21:28:16,545 INFO src.train.trainer: New best validation loss: -5.7620, saved to checkpoints/rtpp_20260402-212800/best_model_1.pth
2026-04-02 21:28:16,548 INFO src.train.trainer: Last model at epoch 171 saved to checkpoints/rtpp_20260402-212800/last_model_1.pth
2026-04-02 21:28:16,548 INFO src.train.trainer: Epoch 172
2026-04-02 21:28:16,629 INFO src.train.trainer: New best validation loss: -5.7669, saved to checkpoints/rtpp_20260402-212800/best_model_1.pth
2026-04-02 21:28:16,632 INFO src.train.trainer: Last model at epoch 172 saved to checkpoints/rtpp_20260402-212800/last_model_1.pth
2026-04-02 21:28:16,632 INFO src.train.trainer: Epoch 173
2026-04-02 21:28:16,710 INFO src.train.trainer: New best validation loss: -5.7722, saved to checkpoints/rtpp_20260402-212800/best_model_1.pth
2026-04-02 21:28:16,712 INFO src.train.trainer: Last model at epoch 173 saved to checkpoints/rtpp_20260402-212800/last_model_1.pth
2026-04-02 21:28:16,712 INFO src.train.trainer: Epoch 174
2026-04-02 21:28:16,794 INFO src.train.trainer: New best validation loss: -5.7772, saved to checkpoints/rtpp_20260402-212800/best_model_1.pth
2026-04-02 21:28:16,797 INFO src.train.trainer: Last model at epoch 174 saved to checkpoints/rtpp_20260402-212800/last_model_1.pth
2026-04-02 21:28:16,797 INFO src.train.trainer: Epoch 175
2026-04-02 21:28:16,877 INFO src.train.trainer: New best validation loss: -5.7819, saved to checkpoints/rtpp_20260402-212800/best_model_1.pth
2026-04-02 21:28:16,880 INFO src.train.trainer: Last model at epoch 175 saved to checkpoints/rtpp_20260402-212800/last_model_1.pth
2026-04-02 21:28:16,880 INFO src.train.trainer: Epoch 176
2026-04-02 21:28:16,962 INFO src.train.trainer: New best validation loss: -5.7865, saved to checkpoints/rtpp_20260402-212800/best_model_1.pth
2026-04-02 21:28:16,965 INFO src.train.trainer: Last model at epoch 176 saved to checkpoints/rtpp_20260402-212800/last_model_1.pth
2026-04-02 21:28:16,965 INFO src.train.trainer: Epoch 177
2026-04-02 21:28:17,050 INFO src.train.trainer: New best validation loss: -5.7910, saved to checkpoints/rtpp_20260402-212800/best_model_1.pth
2026-04-02 21:28:17,053 INFO src.train.trainer: Last model at epoch 177 saved to checkpoints/rtpp_20260402-212800/last_model_1.pth
2026-04-02 21:28:17,053 INFO src.train.trainer: Epoch 178
2026-04-02 21:28:17,137 INFO src.train.trainer: New best validation loss: -5.7952, saved to checkpoints/rtpp_20260402-212800/best_model_1.pth
2026-04-02 21:28:17,139 INFO src.train.trainer: Last model at epoch 178 saved to checkpoints/rtpp_20260402-212800/last_model_1.pth
2026-04-02 21:28:17,140 INFO src.train.trainer: Epoch 179
2026-04-02 21:28:17,224 INFO src.train.trainer: New best validation loss: -5.7992, saved to checkpoints/rtpp_20260402-212800/best_model_1.pth
2026-04-02 21:28:17,226 INFO src.train.trainer: Last model at epoch 179 saved to checkpoints/rtpp_20260402-212800/last_model_1.pth
2026-04-02 21:28:17,227 INFO src.train.trainer: Epoch 180
2026-04-02 21:28:17,308 INFO src.train.trainer: New best validation loss: -5.8032, saved to checkpoints/rtpp_20260402-212800/best_model_1.pth
2026-04-02 21:28:17,311 INFO src.train.trainer: Last model at epoch 180 saved to checkpoints/rtpp_20260402-212800/last_model_1.pth
2026-04-02 21:28:17,311 INFO src.train.trainer: Epoch 181
2026-04-02 21:28:17,393 INFO src.train.trainer: New best validation loss: -5.8071, saved to checkpoints/rtpp_20260402-212800/best_model_1.pth
2026-04-02 21:28:17,395 INFO src.train.trainer: Last model at epoch 181 saved to checkpoints/rtpp_20260402-212800/last_model_1.pth
2026-04-02 21:28:17,395 INFO src.train.trainer: Epoch 182
2026-04-02 21:28:17,478 INFO src.train.trainer: New best validation loss: -5.8115, saved to checkpoints/rtpp_20260402-212800/best_model_1.pth
2026-04-02 21:28:17,481 INFO src.train.trainer: Last model at epoch 182 saved to checkpoints/rtpp_20260402-212800/last_model_1.pth
2026-04-02 21:28:17,481 INFO src.train.trainer: Epoch 183
2026-04-02 21:28:17,564 INFO src.train.trainer: New best validation loss: -5.8161, saved to checkpoints/rtpp_20260402-212800/best_model_1.pth
2026-04-02 21:28:17,567 INFO src.train.trainer: Last model at epoch 183 saved to checkpoints/rtpp_20260402-212800/last_model_1.pth
2026-04-02 21:28:17,567 INFO src.train.trainer: Epoch 184
2026-04-02 21:28:17,650 INFO src.train.trainer: New best validation loss: -5.8205, saved to checkpoints/rtpp_20260402-212800/best_model_1.pth
2026-04-02 21:28:17,652 INFO src.train.trainer: Last model at epoch 184 saved to checkpoints/rtpp_20260402-212800/last_model_1.pth
2026-04-02 21:28:17,653 INFO src.train.trainer: Epoch 185
2026-04-02 21:28:17,734 INFO src.train.trainer: New best validation loss: -5.8242, saved to checkpoints/rtpp_20260402-212800/best_model_1.pth
2026-04-02 21:28:17,736 INFO src.train.trainer: Last model at epoch 185 saved to checkpoints/rtpp_20260402-212800/last_model_1.pth
2026-04-02 21:28:17,737 INFO src.train.trainer: Epoch 186
2026-04-02 21:28:17,818 INFO src.train.trainer: New best validation loss: -5.8275, saved to checkpoints/rtpp_20260402-212800/best_model_1.pth
2026-04-02 21:28:17,821 INFO src.train.trainer: Last model at epoch 186 saved to checkpoints/rtpp_20260402-212800/last_model_1.pth
2026-04-02 21:28:17,821 INFO src.train.trainer: Epoch 187
2026-04-02 21:28:17,904 INFO src.train.trainer: New best validation loss: -5.8303, saved to checkpoints/rtpp_20260402-212800/best_model_1.pth
2026-04-02 21:28:17,907 INFO src.train.trainer: Last model at epoch 187 saved to checkpoints/rtpp_20260402-212800/last_model_1.pth
2026-04-02 21:28:17,907 INFO src.train.trainer: Epoch 188
2026-04-02 21:28:17,988 INFO src.train.trainer: New best validation loss: -5.8330, saved to checkpoints/rtpp_20260402-212800/best_model_1.pth
2026-04-02 21:28:17,991 INFO src.train.trainer: Last model at epoch 188 saved to checkpoints/rtpp_20260402-212800/last_model_1.pth
2026-04-02 21:28:17,991 INFO src.train.trainer: Epoch 189
2026-04-02 21:28:18,076 INFO src.train.trainer: New best validation loss: -5.8369, saved to checkpoints/rtpp_20260402-212800/best_model_1.pth
2026-04-02 21:28:18,078 INFO src.train.trainer: Last model at epoch 189 saved to checkpoints/rtpp_20260402-212800/last_model_1.pth
2026-04-02 21:28:18,078 INFO src.train.trainer: Epoch 190
2026-04-02 21:28:18,166 INFO src.train.trainer: New best validation loss: -5.8412, saved to checkpoints/rtpp_20260402-212800/best_model_1.pth
2026-04-02 21:28:18,168 INFO src.train.trainer: Last model at epoch 190 saved to checkpoints/rtpp_20260402-212800/last_model_1.pth
2026-04-02 21:28:18,168 INFO src.train.trainer: Epoch 191
2026-04-02 21:28:18,252 INFO src.train.trainer: New best validation loss: -5.8447, saved to checkpoints/rtpp_20260402-212800/best_model_1.pth
2026-04-02 21:28:18,255 INFO src.train.trainer: Last model at epoch 191 saved to checkpoints/rtpp_20260402-212800/last_model_1.pth
2026-04-02 21:28:18,255 INFO src.train.trainer: Epoch 192
2026-04-02 21:28:18,332 INFO src.train.trainer: New best validation loss: -5.8479, saved to checkpoints/rtpp_20260402-212800/best_model_1.pth
2026-04-02 21:28:18,334 INFO src.train.trainer: Last model at epoch 192 saved to checkpoints/rtpp_20260402-212800/last_model_1.pth
2026-04-02 21:28:18,334 INFO src.train.trainer: Epoch 193
2026-04-02 21:28:18,415 INFO src.train.trainer: New best validation loss: -5.8510, saved to checkpoints/rtpp_20260402-212800/best_model_1.pth
2026-04-02 21:28:18,418 INFO src.train.trainer: Last model at epoch 193 saved to checkpoints/rtpp_20260402-212800/last_model_1.pth
2026-04-02 21:28:18,418 INFO src.train.trainer: Epoch 194
2026-04-02 21:28:18,499 INFO src.train.trainer: New best validation loss: -5.8539, saved to checkpoints/rtpp_20260402-212800/best_model_1.pth
2026-04-02 21:28:18,501 INFO src.train.trainer: Last model at epoch 194 saved to checkpoints/rtpp_20260402-212800/last_model_1.pth
2026-04-02 21:28:18,501 INFO src.train.trainer: Epoch 195
2026-04-02 21:28:18,582 INFO src.train.trainer: New best validation loss: -5.8565, saved to checkpoints/rtpp_20260402-212800/best_model_1.pth
2026-04-02 21:28:18,585 INFO src.train.trainer: Last model at epoch 195 saved to checkpoints/rtpp_20260402-212800/last_model_1.pth
2026-04-02 21:28:18,585 INFO src.train.trainer: Epoch 196
2026-04-02 21:28:18,665 INFO src.train.trainer: New best validation loss: -5.8593, saved to checkpoints/rtpp_20260402-212800/best_model_1.pth
2026-04-02 21:28:18,668 INFO src.train.trainer: Last model at epoch 196 saved to checkpoints/rtpp_20260402-212800/last_model_1.pth
2026-04-02 21:28:18,668 INFO src.train.trainer: Epoch 197
2026-04-02 21:28:18,750 INFO src.train.trainer: New best validation loss: -5.8620, saved to checkpoints/rtpp_20260402-212800/best_model_1.pth
2026-04-02 21:28:18,754 INFO src.train.trainer: Last model at epoch 197 saved to checkpoints/rtpp_20260402-212800/last_model_1.pth
2026-04-02 21:28:18,754 INFO src.train.trainer: Epoch 198
2026-04-02 21:28:18,835 INFO src.train.trainer: New best validation loss: -5.8657, saved to checkpoints/rtpp_20260402-212800/best_model_1.pth
2026-04-02 21:28:18,837 INFO src.train.trainer: Last model at epoch 198 saved to checkpoints/rtpp_20260402-212800/last_model_1.pth
2026-04-02 21:28:18,838 INFO src.train.trainer: Epoch 199
2026-04-02 21:28:18,919 INFO src.train.trainer: New best validation loss: -5.8694, saved to checkpoints/rtpp_20260402-212800/best_model_1.pth
2026-04-02 21:28:18,922 INFO src.train.trainer: Last model at epoch 199 saved to checkpoints/rtpp_20260402-212800/last_model_1.pth
2026-04-02 21:28:18,922 INFO src.train.trainer: Epoch 200
2026-04-02 21:28:19,006 INFO src.train.trainer: New best validation loss: -5.8726, saved to checkpoints/rtpp_20260402-212800/best_model_1.pth
2026-04-02 21:28:19,009 INFO src.train.trainer: Last model at epoch 200 saved to checkpoints/rtpp_20260402-212800/last_model_1.pth
2026-04-02 21:28:19,009 INFO src.train.trainer: Epoch 201
2026-04-02 21:28:19,092 INFO src.train.trainer: New best validation loss: -5.8753, saved to checkpoints/rtpp_20260402-212800/best_model_1.pth
2026-04-02 21:28:19,095 INFO src.train.trainer: Last model at epoch 201 saved to checkpoints/rtpp_20260402-212800/last_model_1.pth
2026-04-02 21:28:19,095 INFO src.train.trainer: Epoch 202
2026-04-02 21:28:19,179 INFO src.train.trainer: New best validation loss: -5.8771, saved to checkpoints/rtpp_20260402-212800/best_model_1.pth
2026-04-02 21:28:19,182 INFO src.train.trainer: Last model at epoch 202 saved to checkpoints/rtpp_20260402-212800/last_model_1.pth
2026-04-02 21:28:19,182 INFO src.train.trainer: Epoch 203
2026-04-02 21:28:19,264 INFO src.train.trainer: New best validation loss: -5.8788, saved to checkpoints/rtpp_20260402-212800/best_model_1.pth
2026-04-02 21:28:19,267 INFO src.train.trainer: Last model at epoch 203 saved to checkpoints/rtpp_20260402-212800/last_model_1.pth
2026-04-02 21:28:19,267 INFO src.train.trainer: Epoch 204
2026-04-02 21:28:19,351 INFO src.train.trainer: New best validation loss: -5.8819, saved to checkpoints/rtpp_20260402-212800/best_model_1.pth
2026-04-02 21:28:19,354 INFO src.train.trainer: Last model at epoch 204 saved to checkpoints/rtpp_20260402-212800/last_model_1.pth
2026-04-02 21:28:19,354 INFO src.train.trainer: Epoch 205
2026-04-02 21:28:19,436 INFO src.train.trainer: New best validation loss: -5.8854, saved to checkpoints/rtpp_20260402-212800/best_model_1.pth
2026-04-02 21:28:19,439 INFO src.train.trainer: Last model at epoch 205 saved to checkpoints/rtpp_20260402-212800/last_model_1.pth
2026-04-02 21:28:19,439 INFO src.train.trainer: Epoch 206
2026-04-02 21:28:19,518 INFO src.train.trainer: New best validation loss: -5.8883, saved to checkpoints/rtpp_20260402-212800/best_model_1.pth
2026-04-02 21:28:19,521 INFO src.train.trainer: Last model at epoch 206 saved to checkpoints/rtpp_20260402-212800/last_model_1.pth
2026-04-02 21:28:19,521 INFO src.train.trainer: Epoch 207
2026-04-02 21:28:19,606 INFO src.train.trainer: New best validation loss: -5.8904, saved to checkpoints/rtpp_20260402-212800/best_model_1.pth
2026-04-02 21:28:19,609 INFO src.train.trainer: Last model at epoch 207 saved to checkpoints/rtpp_20260402-212800/last_model_1.pth
2026-04-02 21:28:19,609 INFO src.train.trainer: Epoch 208
2026-04-02 21:28:19,687 INFO src.train.trainer: New best validation loss: -5.8920, saved to checkpoints/rtpp_20260402-212800/best_model_1.pth
2026-04-02 21:28:19,690 INFO src.train.trainer: Last model at epoch 208 saved to checkpoints/rtpp_20260402-212800/last_model_1.pth
2026-04-02 21:28:19,690 INFO src.train.trainer: Epoch 209
2026-04-02 21:28:19,770 INFO src.train.trainer: New best validation loss: -5.8930, saved to checkpoints/rtpp_20260402-212800/best_model_1.pth
2026-04-02 21:28:19,772 INFO src.train.trainer: Last model at epoch 209 saved to checkpoints/rtpp_20260402-212800/last_model_1.pth
2026-04-02 21:28:19,772 INFO src.train.trainer: Epoch 210
2026-04-02 21:28:19,851 INFO src.train.trainer: New best validation loss: -5.8945, saved to checkpoints/rtpp_20260402-212800/best_model_1.pth
2026-04-02 21:28:19,854 INFO src.train.trainer: Last model at epoch 210 saved to checkpoints/rtpp_20260402-212800/last_model_1.pth
2026-04-02 21:28:19,854 INFO src.train.trainer: Epoch 211
2026-04-02 21:28:19,933 INFO src.train.trainer: New best validation loss: -5.8963, saved to checkpoints/rtpp_20260402-212800/best_model_1.pth
2026-04-02 21:28:19,935 INFO src.train.trainer: Last model at epoch 211 saved to checkpoints/rtpp_20260402-212800/last_model_1.pth
2026-04-02 21:28:19,935 INFO src.train.trainer: Epoch 212
2026-04-02 21:28:20,018 INFO src.train.trainer: New best validation loss: -5.8983, saved to checkpoints/rtpp_20260402-212800/best_model_1.pth
2026-04-02 21:28:20,021 INFO src.train.trainer: Last model at epoch 212 saved to checkpoints/rtpp_20260402-212800/last_model_1.pth
2026-04-02 21:28:20,021 INFO src.train.trainer: Epoch 213
2026-04-02 21:28:20,094 INFO src.train.trainer: New best validation loss: -5.9001, saved to checkpoints/rtpp_20260402-212800/best_model_1.pth
2026-04-02 21:28:20,096 INFO src.train.trainer: Last model at epoch 213 saved to checkpoints/rtpp_20260402-212800/last_model_1.pth
2026-04-02 21:28:20,096 INFO src.train.trainer: Epoch 214
2026-04-02 21:28:20,175 INFO src.train.trainer: New best validation loss: -5.9015, saved to checkpoints/rtpp_20260402-212800/best_model_1.pth
2026-04-02 21:28:20,178 INFO src.train.trainer: Last model at epoch 214 saved to checkpoints/rtpp_20260402-212800/last_model_1.pth
2026-04-02 21:28:20,178 INFO src.train.trainer: Epoch 215
2026-04-02 21:28:20,254 INFO src.train.trainer: New best validation loss: -5.9027, saved to checkpoints/rtpp_20260402-212800/best_model_1.pth
2026-04-02 21:28:20,257 INFO src.train.trainer: Last model at epoch 215 saved to checkpoints/rtpp_20260402-212800/last_model_1.pth
2026-04-02 21:28:20,257 INFO src.train.trainer: Epoch 216
2026-04-02 21:28:20,344 INFO src.train.trainer: New best validation loss: -5.9041, saved to checkpoints/rtpp_20260402-212800/best_model_1.pth
2026-04-02 21:28:20,347 INFO src.train.trainer: Last model at epoch 216 saved to checkpoints/rtpp_20260402-212800/last_model_1.pth
2026-04-02 21:28:20,347 INFO src.train.trainer: Epoch 217
2026-04-02 21:28:20,423 INFO src.train.trainer: New best validation loss: -5.9055, saved to checkpoints/rtpp_20260402-212800/best_model_1.pth
2026-04-02 21:28:20,426 INFO src.train.trainer: Last model at epoch 217 saved to checkpoints/rtpp_20260402-212800/last_model_1.pth
2026-04-02 21:28:20,426 INFO src.train.trainer: Epoch 218
2026-04-02 21:28:20,503 INFO src.train.trainer: New best validation loss: -5.9066, saved to checkpoints/rtpp_20260402-212800/best_model_1.pth
2026-04-02 21:28:20,505 INFO src.train.trainer: Last model at epoch 218 saved to checkpoints/rtpp_20260402-212800/last_model_1.pth
2026-04-02 21:28:20,505 INFO src.train.trainer: Epoch 219
2026-04-02 21:28:20,584 INFO src.train.trainer: New best validation loss: -5.9075, saved to checkpoints/rtpp_20260402-212800/best_model_1.pth
2026-04-02 21:28:20,586 INFO src.train.trainer: Last model at epoch 219 saved to checkpoints/rtpp_20260402-212800/last_model_1.pth
2026-04-02 21:28:20,586 INFO src.train.trainer: Epoch 220
2026-04-02 21:28:20,665 INFO src.train.trainer: New best validation loss: -5.9082, saved to checkpoints/rtpp_20260402-212800/best_model_1.pth
2026-04-02 21:28:20,667 INFO src.train.trainer: Last model at epoch 220 saved to checkpoints/rtpp_20260402-212800/last_model_1.pth
2026-04-02 21:28:20,667 INFO src.train.trainer: Epoch 221
2026-04-02 21:28:20,746 INFO src.train.trainer: New best validation loss: -5.9086, saved to checkpoints/rtpp_20260402-212800/best_model_1.pth
2026-04-02 21:28:20,749 INFO src.train.trainer: Last model at epoch 221 saved to checkpoints/rtpp_20260402-212800/last_model_1.pth
2026-04-02 21:28:20,749 INFO src.train.trainer: Epoch 222
2026-04-02 21:28:20,832 INFO src.train.trainer: New best validation loss: -5.9088, saved to checkpoints/rtpp_20260402-212800/best_model_1.pth
2026-04-02 21:28:20,834 INFO src.train.trainer: Last model at epoch 222 saved to checkpoints/rtpp_20260402-212800/last_model_1.pth
2026-04-02 21:28:20,835 INFO src.train.trainer: Epoch 223
2026-04-02 21:28:20,915 INFO src.train.trainer: New best validation loss: -5.9095, saved to checkpoints/rtpp_20260402-212800/best_model_1.pth
2026-04-02 21:28:20,917 INFO src.train.trainer: Last model at epoch 223 saved to checkpoints/rtpp_20260402-212800/last_model_1.pth
2026-04-02 21:28:20,917 INFO src.train.trainer: Epoch 224
2026-04-02 21:28:20,999 INFO src.train.trainer: New best validation loss: -5.9106, saved to checkpoints/rtpp_20260402-212800/best_model_1.pth
2026-04-02 21:28:21,002 INFO src.train.trainer: Last model at epoch 224 saved to checkpoints/rtpp_20260402-212800/last_model_1.pth
2026-04-02 21:28:21,002 INFO src.train.trainer: Epoch 225
2026-04-02 21:28:21,083 INFO src.train.trainer: New best validation loss: -5.9113, saved to checkpoints/rtpp_20260402-212800/best_model_1.pth
2026-04-02 21:28:21,086 INFO src.train.trainer: Last model at epoch 225 saved to checkpoints/rtpp_20260402-212800/last_model_1.pth
2026-04-02 21:28:21,086 INFO src.train.trainer: Epoch 226
2026-04-02 21:28:21,166 INFO src.train.trainer: New best validation loss: -5.9115, saved to checkpoints/rtpp_20260402-212800/best_model_1.pth
2026-04-02 21:28:21,169 INFO src.train.trainer: Last model at epoch 226 saved to checkpoints/rtpp_20260402-212800/last_model_1.pth
2026-04-02 21:28:21,169 INFO src.train.trainer: Epoch 227
2026-04-02 21:28:21,251 INFO src.train.trainer: Last model at epoch 227 saved to checkpoints/rtpp_20260402-212800/last_model_1.pth
2026-04-02 21:28:21,251 INFO src.train.trainer: Epoch 228
2026-04-02 21:28:21,331 INFO src.train.trainer: Last model at epoch 228 saved to checkpoints/rtpp_20260402-212800/last_model_1.pth
2026-04-02 21:28:21,331 INFO src.train.trainer: Epoch 229
2026-04-02 21:28:21,412 INFO src.train.trainer: New best validation loss: -5.9116, saved to checkpoints/rtpp_20260402-212800/best_model_1.pth
2026-04-02 21:28:21,414 INFO src.train.trainer: Last model at epoch 229 saved to checkpoints/rtpp_20260402-212800/last_model_1.pth
2026-04-02 21:28:21,414 INFO src.train.trainer: Epoch 230
2026-04-02 21:28:21,495 INFO src.train.trainer: New best validation loss: -5.9127, saved to checkpoints/rtpp_20260402-212800/best_model_1.pth
2026-04-02 21:28:21,498 INFO src.train.trainer: Last model at epoch 230 saved to checkpoints/rtpp_20260402-212800/last_model_1.pth
2026-04-02 21:28:21,498 INFO src.train.trainer: Epoch 231
2026-04-02 21:28:21,577 INFO src.train.trainer: New best validation loss: -5.9134, saved to checkpoints/rtpp_20260402-212800/best_model_1.pth
2026-04-02 21:28:21,579 INFO src.train.trainer: Last model at epoch 231 saved to checkpoints/rtpp_20260402-212800/last_model_1.pth
2026-04-02 21:28:21,579 INFO src.train.trainer: Epoch 232
2026-04-02 21:28:21,660 INFO src.train.trainer: New best validation loss: -5.9136, saved to checkpoints/rtpp_20260402-212800/best_model_1.pth
2026-04-02 21:28:21,662 INFO src.train.trainer: Last model at epoch 232 saved to checkpoints/rtpp_20260402-212800/last_model_1.pth
2026-04-02 21:28:21,662 INFO src.train.trainer: Epoch 233
2026-04-02 21:28:21,742 INFO src.train.trainer: New best validation loss: -5.9137, saved to checkpoints/rtpp_20260402-212800/best_model_1.pth
2026-04-02 21:28:21,745 INFO src.train.trainer: Last model at epoch 233 saved to checkpoints/rtpp_20260402-212800/last_model_1.pth
2026-04-02 21:28:21,745 INFO src.train.trainer: Epoch 234
2026-04-02 21:28:21,827 INFO src.train.trainer: Last model at epoch 234 saved to checkpoints/rtpp_20260402-212800/last_model_1.pth
2026-04-02 21:28:21,827 INFO src.train.trainer: Epoch 235
2026-04-02 21:28:21,910 INFO src.train.trainer: New best validation loss: -5.9148, saved to checkpoints/rtpp_20260402-212800/best_model_1.pth
2026-04-02 21:28:21,913 INFO src.train.trainer: Last model at epoch 235 saved to checkpoints/rtpp_20260402-212800/last_model_1.pth
2026-04-02 21:28:21,913 INFO src.train.trainer: Epoch 236
2026-04-02 21:28:21,995 INFO src.train.trainer: New best validation loss: -5.9164, saved to checkpoints/rtpp_20260402-212800/best_model_1.pth
2026-04-02 21:28:21,997 INFO src.train.trainer: Last model at epoch 236 saved to checkpoints/rtpp_20260402-212800/last_model_1.pth
2026-04-02 21:28:21,997 INFO src.train.trainer: Epoch 237
2026-04-02 21:28:22,077 INFO src.train.trainer: New best validation loss: -5.9179, saved to checkpoints/rtpp_20260402-212800/best_model_1.pth
2026-04-02 21:28:22,079 INFO src.train.trainer: Last model at epoch 237 saved to checkpoints/rtpp_20260402-212800/last_model_1.pth
2026-04-02 21:28:22,079 INFO src.train.trainer: Epoch 238
2026-04-02 21:28:22,158 INFO src.train.trainer: New best validation loss: -5.9190, saved to checkpoints/rtpp_20260402-212800/best_model_1.pth
2026-04-02 21:28:22,161 INFO src.train.trainer: Last model at epoch 238 saved to checkpoints/rtpp_20260402-212800/last_model_1.pth
2026-04-02 21:28:22,161 INFO src.train.trainer: Epoch 239
2026-04-02 21:28:22,245 INFO src.train.trainer: New best validation loss: -5.9201, saved to checkpoints/rtpp_20260402-212800/best_model_1.pth
2026-04-02 21:28:22,248 INFO src.train.trainer: Last model at epoch 239 saved to checkpoints/rtpp_20260402-212800/last_model_1.pth
2026-04-02 21:28:22,248 INFO src.train.trainer: Epoch 240
2026-04-02 21:28:22,325 INFO src.train.trainer: New best validation loss: -5.9213, saved to checkpoints/rtpp_20260402-212800/best_model_1.pth
2026-04-02 21:28:22,327 INFO src.train.trainer: Last model at epoch 240 saved to checkpoints/rtpp_20260402-212800/last_model_1.pth
2026-04-02 21:28:22,327 INFO src.train.trainer: Epoch 241
2026-04-02 21:28:22,404 INFO src.train.trainer: New best validation loss: -5.9230, saved to checkpoints/rtpp_20260402-212800/best_model_1.pth
2026-04-02 21:28:22,406 INFO src.train.trainer: Last model at epoch 241 saved to checkpoints/rtpp_20260402-212800/last_model_1.pth
2026-04-02 21:28:22,406 INFO src.train.trainer: Epoch 242
2026-04-02 21:28:22,485 INFO src.train.trainer: New best validation loss: -5.9250, saved to checkpoints/rtpp_20260402-212800/best_model_1.pth
2026-04-02 21:28:22,488 INFO src.train.trainer: Last model at epoch 242 saved to checkpoints/rtpp_20260402-212800/last_model_1.pth
2026-04-02 21:28:22,488 INFO src.train.trainer: Epoch 243
2026-04-02 21:28:22,565 INFO src.train.trainer: New best validation loss: -5.9266, saved to checkpoints/rtpp_20260402-212800/best_model_1.pth
2026-04-02 21:28:22,568 INFO src.train.trainer: Last model at epoch 243 saved to checkpoints/rtpp_20260402-212800/last_model_1.pth
2026-04-02 21:28:22,568 INFO src.train.trainer: Epoch 244
2026-04-02 21:28:22,647 INFO src.train.trainer: New best validation loss: -5.9276, saved to checkpoints/rtpp_20260402-212800/best_model_1.pth
2026-04-02 21:28:22,649 INFO src.train.trainer: Last model at epoch 244 saved to checkpoints/rtpp_20260402-212800/last_model_1.pth
2026-04-02 21:28:22,649 INFO src.train.trainer: Epoch 245
2026-04-02 21:28:22,729 INFO src.train.trainer: New best validation loss: -5.9278, saved to checkpoints/rtpp_20260402-212800/best_model_1.pth
2026-04-02 21:28:22,731 INFO src.train.trainer: Last model at epoch 245 saved to checkpoints/rtpp_20260402-212800/last_model_1.pth
2026-04-02 21:28:22,731 INFO src.train.trainer: Epoch 246
2026-04-02 21:28:22,811 INFO src.train.trainer: New best validation loss: -5.9292, saved to checkpoints/rtpp_20260402-212800/best_model_1.pth
2026-04-02 21:28:22,813 INFO src.train.trainer: Last model at epoch 246 saved to checkpoints/rtpp_20260402-212800/last_model_1.pth
2026-04-02 21:28:22,813 INFO src.train.trainer: Epoch 247
2026-04-02 21:28:22,893 INFO src.train.trainer: New best validation loss: -5.9308, saved to checkpoints/rtpp_20260402-212800/best_model_1.pth
2026-04-02 21:28:22,896 INFO src.train.trainer: Last model at epoch 247 saved to checkpoints/rtpp_20260402-212800/last_model_1.pth
2026-04-02 21:28:22,896 INFO src.train.trainer: Epoch 248
2026-04-02 21:28:22,976 INFO src.train.trainer: New best validation loss: -5.9318, saved to checkpoints/rtpp_20260402-212800/best_model_1.pth
2026-04-02 21:28:22,979 INFO src.train.trainer: Last model at epoch 248 saved to checkpoints/rtpp_20260402-212800/last_model_1.pth
2026-04-02 21:28:22,979 INFO src.train.trainer: Epoch 249
2026-04-02 21:28:23,058 INFO src.train.trainer: New best validation loss: -5.9318, saved to checkpoints/rtpp_20260402-212800/best_model_1.pth
2026-04-02 21:28:23,061 INFO src.train.trainer: Last model at epoch 249 saved to checkpoints/rtpp_20260402-212800/last_model_1.pth
2026-04-02 21:28:23,061 INFO src.train.trainer: Epoch 250
2026-04-02 21:28:23,142 INFO src.train.trainer: Last model at epoch 250 saved to checkpoints/rtpp_20260402-212800/last_model_1.pth
2026-04-02 21:28:23,142 INFO src.train.trainer: Epoch 251
2026-04-02 21:28:23,221 INFO src.train.trainer: New best validation loss: -5.9325, saved to checkpoints/rtpp_20260402-212800/best_model_1.pth
2026-04-02 21:28:23,224 INFO src.train.trainer: Last model at epoch 251 saved to checkpoints/rtpp_20260402-212800/last_model_1.pth
2026-04-02 21:28:23,224 INFO src.train.trainer: Epoch 252
2026-04-02 21:28:23,303 INFO src.train.trainer: New best validation loss: -5.9346, saved to checkpoints/rtpp_20260402-212800/best_model_1.pth
2026-04-02 21:28:23,306 INFO src.train.trainer: Last model at epoch 252 saved to checkpoints/rtpp_20260402-212800/last_model_1.pth
2026-04-02 21:28:23,306 INFO src.train.trainer: Epoch 253
2026-04-02 21:28:23,388 INFO src.train.trainer: New best validation loss: -5.9364, saved to checkpoints/rtpp_20260402-212800/best_model_1.pth
2026-04-02 21:28:23,391 INFO src.train.trainer: Last model at epoch 253 saved to checkpoints/rtpp_20260402-212800/last_model_1.pth
2026-04-02 21:28:23,391 INFO src.train.trainer: Epoch 254
2026-04-02 21:28:23,472 INFO src.train.trainer: New best validation loss: -5.9376, saved to checkpoints/rtpp_20260402-212800/best_model_1.pth
2026-04-02 21:28:23,475 INFO src.train.trainer: Last model at epoch 254 saved to checkpoints/rtpp_20260402-212800/last_model_1.pth
2026-04-02 21:28:23,475 INFO src.train.trainer: Epoch 255
2026-04-02 21:28:23,557 INFO src.train.trainer: New best validation loss: -5.9390, saved to checkpoints/rtpp_20260402-212800/best_model_1.pth
2026-04-02 21:28:23,559 INFO src.train.trainer: Last model at epoch 255 saved to checkpoints/rtpp_20260402-212800/last_model_1.pth
2026-04-02 21:28:23,559 INFO src.train.trainer: Epoch 256
2026-04-02 21:28:23,640 INFO src.train.trainer: New best validation loss: -5.9414, saved to checkpoints/rtpp_20260402-212800/best_model_1.pth
2026-04-02 21:28:23,643 INFO src.train.trainer: Last model at epoch 256 saved to checkpoints/rtpp_20260402-212800/last_model_1.pth
2026-04-02 21:28:23,643 INFO src.train.trainer: Epoch 257
2026-04-02 21:28:23,726 INFO src.train.trainer: New best validation loss: -5.9431, saved to checkpoints/rtpp_20260402-212800/best_model_1.pth
2026-04-02 21:28:23,728 INFO src.train.trainer: Last model at epoch 257 saved to checkpoints/rtpp_20260402-212800/last_model_1.pth
2026-04-02 21:28:23,728 INFO src.train.trainer: Epoch 258
2026-04-02 21:28:23,809 INFO src.train.trainer: New best validation loss: -5.9436, saved to checkpoints/rtpp_20260402-212800/best_model_1.pth
2026-04-02 21:28:23,812 INFO src.train.trainer: Last model at epoch 258 saved to checkpoints/rtpp_20260402-212800/last_model_1.pth
2026-04-02 21:28:23,812 INFO src.train.trainer: Epoch 259
2026-04-02 21:28:23,893 INFO src.train.trainer: Last model at epoch 259 saved to checkpoints/rtpp_20260402-212800/last_model_1.pth
2026-04-02 21:28:23,893 INFO src.train.trainer: Epoch 260
2026-04-02 21:28:23,973 INFO src.train.trainer: Last model at epoch 260 saved to checkpoints/rtpp_20260402-212800/last_model_1.pth
2026-04-02 21:28:23,973 INFO src.train.trainer: Epoch 261
2026-04-02 21:28:24,049 INFO src.train.trainer: New best validation loss: -5.9439, saved to checkpoints/rtpp_20260402-212800/best_model_1.pth
2026-04-02 21:28:24,052 INFO src.train.trainer: Last model at epoch 261 saved to checkpoints/rtpp_20260402-212800/last_model_1.pth
2026-04-02 21:28:24,052 INFO src.train.trainer: Epoch 262
2026-04-02 21:28:24,130 INFO src.train.trainer: New best validation loss: -5.9444, saved to checkpoints/rtpp_20260402-212800/best_model_1.pth
2026-04-02 21:28:24,132 INFO src.train.trainer: Last model at epoch 262 saved to checkpoints/rtpp_20260402-212800/last_model_1.pth
2026-04-02 21:28:24,132 INFO src.train.trainer: Epoch 263
2026-04-02 21:28:24,209 INFO src.train.trainer: New best validation loss: -5.9455, saved to checkpoints/rtpp_20260402-212800/best_model_1.pth
2026-04-02 21:28:24,212 INFO src.train.trainer: Last model at epoch 263 saved to checkpoints/rtpp_20260402-212800/last_model_1.pth
2026-04-02 21:28:24,212 INFO src.train.trainer: Epoch 264
2026-04-02 21:28:24,288 INFO src.train.trainer: New best validation loss: -5.9466, saved to checkpoints/rtpp_20260402-212800/best_model_1.pth
2026-04-02 21:28:24,290 INFO src.train.trainer: Last model at epoch 264 saved to checkpoints/rtpp_20260402-212800/last_model_1.pth
2026-04-02 21:28:24,290 INFO src.train.trainer: Epoch 265
2026-04-02 21:28:24,368 INFO src.train.trainer: New best validation loss: -5.9478, saved to checkpoints/rtpp_20260402-212800/best_model_1.pth
2026-04-02 21:28:24,370 INFO src.train.trainer: Last model at epoch 265 saved to checkpoints/rtpp_20260402-212800/last_model_1.pth
2026-04-02 21:28:24,370 INFO src.train.trainer: Epoch 266
2026-04-02 21:28:24,449 INFO src.train.trainer: New best validation loss: -5.9502, saved to checkpoints/rtpp_20260402-212800/best_model_1.pth
2026-04-02 21:28:24,452 INFO src.train.trainer: Last model at epoch 266 saved to checkpoints/rtpp_20260402-212800/last_model_1.pth
2026-04-02 21:28:24,452 INFO src.train.trainer: Epoch 267
2026-04-02 21:28:24,535 INFO src.train.trainer: New best validation loss: -5.9519, saved to checkpoints/rtpp_20260402-212800/best_model_1.pth
2026-04-02 21:28:24,538 INFO src.train.trainer: Last model at epoch 267 saved to checkpoints/rtpp_20260402-212800/last_model_1.pth
2026-04-02 21:28:24,538 INFO src.train.trainer: Epoch 268
2026-04-02 21:28:24,620 INFO src.train.trainer: New best validation loss: -5.9525, saved to checkpoints/rtpp_20260402-212800/best_model_1.pth
2026-04-02 21:28:24,622 INFO src.train.trainer: Last model at epoch 268 saved to checkpoints/rtpp_20260402-212800/last_model_1.pth
2026-04-02 21:28:24,622 INFO src.train.trainer: Epoch 269
2026-04-02 21:28:24,701 INFO src.train.trainer: Last model at epoch 269 saved to checkpoints/rtpp_20260402-212800/last_model_1.pth
2026-04-02 21:28:24,701 INFO src.train.trainer: Epoch 270
2026-04-02 21:28:24,780 INFO src.train.trainer: New best validation loss: -5.9530, saved to checkpoints/rtpp_20260402-212800/best_model_1.pth
2026-04-02 21:28:24,783 INFO src.train.trainer: Last model at epoch 270 saved to checkpoints/rtpp_20260402-212800/last_model_1.pth
2026-04-02 21:28:24,783 INFO src.train.trainer: Epoch 271
2026-04-02 21:28:24,861 INFO src.train.trainer: New best validation loss: -5.9547, saved to checkpoints/rtpp_20260402-212800/best_model_1.pth
2026-04-02 21:28:24,863 INFO src.train.trainer: Last model at epoch 271 saved to checkpoints/rtpp_20260402-212800/last_model_1.pth
2026-04-02 21:28:24,863 INFO src.train.trainer: Epoch 272
2026-04-02 21:28:24,944 INFO src.train.trainer: New best validation loss: -5.9554, saved to checkpoints/rtpp_20260402-212800/best_model_1.pth
2026-04-02 21:28:24,947 INFO src.train.trainer: Last model at epoch 272 saved to checkpoints/rtpp_20260402-212800/last_model_1.pth
2026-04-02 21:28:24,947 INFO src.train.trainer: Epoch 273
2026-04-02 21:28:25,027 INFO src.train.trainer: New best validation loss: -5.9560, saved to checkpoints/rtpp_20260402-212800/best_model_1.pth
2026-04-02 21:28:25,030 INFO src.train.trainer: Last model at epoch 273 saved to checkpoints/rtpp_20260402-212800/last_model_1.pth
2026-04-02 21:28:25,030 INFO src.train.trainer: Epoch 274
2026-04-02 21:28:25,130 INFO src.train.trainer: New best validation loss: -5.9570, saved to checkpoints/rtpp_20260402-212800/best_model_1.pth
2026-04-02 21:28:25,133 INFO src.train.trainer: Last model at epoch 274 saved to checkpoints/rtpp_20260402-212800/last_model_1.pth
2026-04-02 21:28:25,133 INFO src.train.trainer: Epoch 275
2026-04-02 21:28:25,219 INFO src.train.trainer: New best validation loss: -5.9590, saved to checkpoints/rtpp_20260402-212800/best_model_1.pth
2026-04-02 21:28:25,222 INFO src.train.trainer: Last model at epoch 275 saved to checkpoints/rtpp_20260402-212800/last_model_1.pth
2026-04-02 21:28:25,222 INFO src.train.trainer: Epoch 276
2026-04-02 21:28:25,300 INFO src.train.trainer: New best validation loss: -5.9607, saved to checkpoints/rtpp_20260402-212800/best_model_1.pth
2026-04-02 21:28:25,303 INFO src.train.trainer: Last model at epoch 276 saved to checkpoints/rtpp_20260402-212800/last_model_1.pth
2026-04-02 21:28:25,303 INFO src.train.trainer: Epoch 277
2026-04-02 21:28:25,383 INFO src.train.trainer: New best validation loss: -5.9614, saved to checkpoints/rtpp_20260402-212800/best_model_1.pth
2026-04-02 21:28:25,386 INFO src.train.trainer: Last model at epoch 277 saved to checkpoints/rtpp_20260402-212800/last_model_1.pth
2026-04-02 21:28:25,386 INFO src.train.trainer: Epoch 278
2026-04-02 21:28:25,462 INFO src.train.trainer: New best validation loss: -5.9615, saved to checkpoints/rtpp_20260402-212800/best_model_1.pth
2026-04-02 21:28:25,465 INFO src.train.trainer: Last model at epoch 278 saved to checkpoints/rtpp_20260402-212800/last_model_1.pth
2026-04-02 21:28:25,465 INFO src.train.trainer: Epoch 279
2026-04-02 21:28:25,542 INFO src.train.trainer: Last model at epoch 279 saved to checkpoints/rtpp_20260402-212800/last_model_1.pth
2026-04-02 21:28:25,542 INFO src.train.trainer: Epoch 280
2026-04-02 21:28:25,618 INFO src.train.trainer: New best validation loss: -5.9628, saved to checkpoints/rtpp_20260402-212800/best_model_1.pth
2026-04-02 21:28:25,620 INFO src.train.trainer: Last model at epoch 280 saved to checkpoints/rtpp_20260402-212800/last_model_1.pth
2026-04-02 21:28:25,621 INFO src.train.trainer: Epoch 281
2026-04-02 21:28:25,698 INFO src.train.trainer: New best validation loss: -5.9636, saved to checkpoints/rtpp_20260402-212800/best_model_1.pth
2026-04-02 21:28:25,700 INFO src.train.trainer: Last model at epoch 281 saved to checkpoints/rtpp_20260402-212800/last_model_1.pth
2026-04-02 21:28:25,700 INFO src.train.trainer: Epoch 282
2026-04-02 21:28:25,782 INFO src.train.trainer: New best validation loss: -5.9640, saved to checkpoints/rtpp_20260402-212800/best_model_1.pth
2026-04-02 21:28:25,784 INFO src.train.trainer: Last model at epoch 282 saved to checkpoints/rtpp_20260402-212800/last_model_1.pth
2026-04-02 21:28:25,784 INFO src.train.trainer: Epoch 283
2026-04-02 21:28:25,862 INFO src.train.trainer: New best validation loss: -5.9645, saved to checkpoints/rtpp_20260402-212800/best_model_1.pth
2026-04-02 21:28:25,865 INFO src.train.trainer: Last model at epoch 283 saved to checkpoints/rtpp_20260402-212800/last_model_1.pth
2026-04-02 21:28:25,865 INFO src.train.trainer: Epoch 284
2026-04-02 21:28:25,944 INFO src.train.trainer: New best validation loss: -5.9653, saved to checkpoints/rtpp_20260402-212800/best_model_1.pth
2026-04-02 21:28:25,946 INFO src.train.trainer: Last model at epoch 284 saved to checkpoints/rtpp_20260402-212800/last_model_1.pth
2026-04-02 21:28:25,946 INFO src.train.trainer: Epoch 285
2026-04-02 21:28:26,033 INFO src.train.trainer: New best validation loss: -5.9678, saved to checkpoints/rtpp_20260402-212800/best_model_1.pth
2026-04-02 21:28:26,036 INFO src.train.trainer: Last model at epoch 285 saved to checkpoints/rtpp_20260402-212800/last_model_1.pth
2026-04-02 21:28:26,036 INFO src.train.trainer: Epoch 286
2026-04-02 21:28:26,113 INFO src.train.trainer: New best validation loss: -5.9698, saved to checkpoints/rtpp_20260402-212800/best_model_1.pth
2026-04-02 21:28:26,116 INFO src.train.trainer: Last model at epoch 286 saved to checkpoints/rtpp_20260402-212800/last_model_1.pth
2026-04-02 21:28:26,116 INFO src.train.trainer: Epoch 287
2026-04-02 21:28:26,194 INFO src.train.trainer: New best validation loss: -5.9710, saved to checkpoints/rtpp_20260402-212800/best_model_1.pth
2026-04-02 21:28:26,197 INFO src.train.trainer: Last model at epoch 287 saved to checkpoints/rtpp_20260402-212800/last_model_1.pth
2026-04-02 21:28:26,197 INFO src.train.trainer: Epoch 288
2026-04-02 21:28:26,273 INFO src.train.trainer: Last model at epoch 288 saved to checkpoints/rtpp_20260402-212800/last_model_1.pth
2026-04-02 21:28:26,273 INFO src.train.trainer: Epoch 289
2026-04-02 21:28:26,351 INFO src.train.trainer: New best validation loss: -5.9714, saved to checkpoints/rtpp_20260402-212800/best_model_1.pth
2026-04-02 21:28:26,354 INFO src.train.trainer: Last model at epoch 289 saved to checkpoints/rtpp_20260402-212800/last_model_1.pth
2026-04-02 21:28:26,354 INFO src.train.trainer: Epoch 290
2026-04-02 21:28:26,432 INFO src.train.trainer: New best validation loss: -5.9718, saved to checkpoints/rtpp_20260402-212800/best_model_1.pth
2026-04-02 21:28:26,434 INFO src.train.trainer: Last model at epoch 290 saved to checkpoints/rtpp_20260402-212800/last_model_1.pth
2026-04-02 21:28:26,434 INFO src.train.trainer: Epoch 291
2026-04-02 21:28:26,512 INFO src.train.trainer: Last model at epoch 291 saved to checkpoints/rtpp_20260402-212800/last_model_1.pth
2026-04-02 21:28:26,513 INFO src.train.trainer: Epoch 292
2026-04-02 21:28:26,591 INFO src.train.trainer: Last model at epoch 292 saved to checkpoints/rtpp_20260402-212800/last_model_1.pth
2026-04-02 21:28:26,591 INFO src.train.trainer: Epoch 293
2026-04-02 21:28:26,669 INFO src.train.trainer: Last model at epoch 293 saved to checkpoints/rtpp_20260402-212800/last_model_1.pth
2026-04-02 21:28:26,669 INFO src.train.trainer: Epoch 294
2026-04-02 21:28:26,750 INFO src.train.trainer: New best validation loss: -5.9725, saved to checkpoints/rtpp_20260402-212800/best_model_1.pth
2026-04-02 21:28:26,753 INFO src.train.trainer: Last model at epoch 294 saved to checkpoints/rtpp_20260402-212800/last_model_1.pth
2026-04-02 21:28:26,753 INFO src.train.trainer: Epoch 295
2026-04-02 21:28:26,832 INFO src.train.trainer: New best validation loss: -5.9754, saved to checkpoints/rtpp_20260402-212800/best_model_1.pth
2026-04-02 21:28:26,834 INFO src.train.trainer: Last model at epoch 295 saved to checkpoints/rtpp_20260402-212800/last_model_1.pth
2026-04-02 21:28:26,835 INFO src.train.trainer: Epoch 296
2026-04-02 21:28:26,915 INFO src.train.trainer: New best validation loss: -5.9777, saved to checkpoints/rtpp_20260402-212800/best_model_1.pth
2026-04-02 21:28:26,918 INFO src.train.trainer: Last model at epoch 296 saved to checkpoints/rtpp_20260402-212800/last_model_1.pth
2026-04-02 21:28:26,918 INFO src.train.trainer: Epoch 297
2026-04-02 21:28:26,995 INFO src.train.trainer: New best validation loss: -5.9790, saved to checkpoints/rtpp_20260402-212800/best_model_1.pth
2026-04-02 21:28:26,998 INFO src.train.trainer: Last model at epoch 297 saved to checkpoints/rtpp_20260402-212800/last_model_1.pth
2026-04-02 21:28:26,998 INFO src.train.trainer: Epoch 298
2026-04-02 21:28:27,076 INFO src.train.trainer: New best validation loss: -5.9796, saved to checkpoints/rtpp_20260402-212800/best_model_1.pth
2026-04-02 21:28:27,078 INFO src.train.trainer: Last model at epoch 298 saved to checkpoints/rtpp_20260402-212800/last_model_1.pth
2026-04-02 21:28:27,078 INFO src.train.trainer: Epoch 299
2026-04-02 21:28:27,156 INFO src.train.trainer: New best validation loss: -5.9814, saved to checkpoints/rtpp_20260402-212800/best_model_1.pth
2026-04-02 21:28:27,159 INFO src.train.trainer: Last model at epoch 299 saved to checkpoints/rtpp_20260402-212800/last_model_1.pth
2026-04-02 21:28:27,159 INFO src.train.trainer: Epoch 300
2026-04-02 21:28:27,241 INFO src.train.trainer: New best validation loss: -5.9825, saved to checkpoints/rtpp_20260402-212800/best_model_1.pth
2026-04-02 21:28:27,243 INFO src.train.trainer: Last model at epoch 300 saved to checkpoints/rtpp_20260402-212800/last_model_1.pth
2026-04-02 21:28:27,244 INFO src.train.trainer: Epoch 301
2026-04-02 21:28:27,322 INFO src.train.trainer: New best validation loss: -5.9826, saved to checkpoints/rtpp_20260402-212800/best_model_1.pth
2026-04-02 21:28:27,325 INFO src.train.trainer: Last model at epoch 301 saved to checkpoints/rtpp_20260402-212800/last_model_1.pth
2026-04-02 21:28:27,325 INFO src.train.trainer: Epoch 302
2026-04-02 21:28:27,403 INFO src.train.trainer: Last model at epoch 302 saved to checkpoints/rtpp_20260402-212800/last_model_1.pth
2026-04-02 21:28:27,403 INFO src.train.trainer: Epoch 303
2026-04-02 21:28:27,484 INFO src.train.trainer: Last model at epoch 303 saved to checkpoints/rtpp_20260402-212800/last_model_1.pth
2026-04-02 21:28:27,484 INFO src.train.trainer: Epoch 304
2026-04-02 21:28:27,562 INFO src.train.trainer: New best validation loss: -5.9827, saved to checkpoints/rtpp_20260402-212800/best_model_1.pth
2026-04-02 21:28:27,565 INFO src.train.trainer: Last model at epoch 304 saved to checkpoints/rtpp_20260402-212800/last_model_1.pth
2026-04-02 21:28:27,565 INFO src.train.trainer: Epoch 305
2026-04-02 21:28:27,646 INFO src.train.trainer: New best validation loss: -5.9836, saved to checkpoints/rtpp_20260402-212800/best_model_1.pth
2026-04-02 21:28:27,649 INFO src.train.trainer: Last model at epoch 305 saved to checkpoints/rtpp_20260402-212800/last_model_1.pth
2026-04-02 21:28:27,649 INFO src.train.trainer: Epoch 306
2026-04-02 21:28:27,726 INFO src.train.trainer: New best validation loss: -5.9837, saved to checkpoints/rtpp_20260402-212800/best_model_1.pth
2026-04-02 21:28:27,728 INFO src.train.trainer: Last model at epoch 306 saved to checkpoints/rtpp_20260402-212800/last_model_1.pth
2026-04-02 21:28:27,729 INFO src.train.trainer: Epoch 307
2026-04-02 21:28:27,803 INFO src.train.trainer: New best validation loss: -5.9838, saved to checkpoints/rtpp_20260402-212800/best_model_1.pth
2026-04-02 21:28:27,806 INFO src.train.trainer: Last model at epoch 307 saved to checkpoints/rtpp_20260402-212800/last_model_1.pth
2026-04-02 21:28:27,806 INFO src.train.trainer: Epoch 308
2026-04-02 21:28:27,882 INFO src.train.trainer: New best validation loss: -5.9851, saved to checkpoints/rtpp_20260402-212800/best_model_1.pth
2026-04-02 21:28:27,884 INFO src.train.trainer: Last model at epoch 308 saved to checkpoints/rtpp_20260402-212800/last_model_1.pth
2026-04-02 21:28:27,884 INFO src.train.trainer: Epoch 309
2026-04-02 21:28:27,960 INFO src.train.trainer: New best validation loss: -5.9864, saved to checkpoints/rtpp_20260402-212800/best_model_1.pth
2026-04-02 21:28:27,962 INFO src.train.trainer: Last model at epoch 309 saved to checkpoints/rtpp_20260402-212800/last_model_1.pth
2026-04-02 21:28:27,963 INFO src.train.trainer: Epoch 310
2026-04-02 21:28:28,038 INFO src.train.trainer: New best validation loss: -5.9878, saved to checkpoints/rtpp_20260402-212800/best_model_1.pth
2026-04-02 21:28:28,041 INFO src.train.trainer: Last model at epoch 310 saved to checkpoints/rtpp_20260402-212800/last_model_1.pth
2026-04-02 21:28:28,041 INFO src.train.trainer: Epoch 311
2026-04-02 21:28:28,116 INFO src.train.trainer: New best validation loss: -5.9887, saved to checkpoints/rtpp_20260402-212800/best_model_1.pth
2026-04-02 21:28:28,119 INFO src.train.trainer: Last model at epoch 311 saved to checkpoints/rtpp_20260402-212800/last_model_1.pth
2026-04-02 21:28:28,119 INFO src.train.trainer: Epoch 312
2026-04-02 21:28:28,200 INFO src.train.trainer: New best validation loss: -5.9894, saved to checkpoints/rtpp_20260402-212800/best_model_1.pth
2026-04-02 21:28:28,203 INFO src.train.trainer: Last model at epoch 312 saved to checkpoints/rtpp_20260402-212800/last_model_1.pth
2026-04-02 21:28:28,203 INFO src.train.trainer: Epoch 313
2026-04-02 21:28:28,282 INFO src.train.trainer: New best validation loss: -5.9906, saved to checkpoints/rtpp_20260402-212800/best_model_1.pth
2026-04-02 21:28:28,285 INFO src.train.trainer: Last model at epoch 313 saved to checkpoints/rtpp_20260402-212800/last_model_1.pth
2026-04-02 21:28:28,285 INFO src.train.trainer: Epoch 314
2026-04-02 21:28:28,364 INFO src.train.trainer: New best validation loss: -5.9911, saved to checkpoints/rtpp_20260402-212800/best_model_1.pth
2026-04-02 21:28:28,366 INFO src.train.trainer: Last model at epoch 314 saved to checkpoints/rtpp_20260402-212800/last_model_1.pth
2026-04-02 21:28:28,366 INFO src.train.trainer: Epoch 315
2026-04-02 21:28:28,444 INFO src.train.trainer: New best validation loss: -5.9917, saved to checkpoints/rtpp_20260402-212800/best_model_1.pth
2026-04-02 21:28:28,447 INFO src.train.trainer: Last model at epoch 315 saved to checkpoints/rtpp_20260402-212800/last_model_1.pth
2026-04-02 21:28:28,447 INFO src.train.trainer: Epoch 316
2026-04-02 21:28:28,531 INFO src.train.trainer: New best validation loss: -5.9924, saved to checkpoints/rtpp_20260402-212800/best_model_1.pth
2026-04-02 21:28:28,533 INFO src.train.trainer: Last model at epoch 316 saved to checkpoints/rtpp_20260402-212800/last_model_1.pth
2026-04-02 21:28:28,533 INFO src.train.trainer: Epoch 317
2026-04-02 21:28:28,613 INFO src.train.trainer: New best validation loss: -5.9934, saved to checkpoints/rtpp_20260402-212800/best_model_1.pth
2026-04-02 21:28:28,615 INFO src.train.trainer: Last model at epoch 317 saved to checkpoints/rtpp_20260402-212800/last_model_1.pth
2026-04-02 21:28:28,615 INFO src.train.trainer: Epoch 318
2026-04-02 21:28:28,695 INFO src.train.trainer: New best validation loss: -5.9950, saved to checkpoints/rtpp_20260402-212800/best_model_1.pth
2026-04-02 21:28:28,697 INFO src.train.trainer: Last model at epoch 318 saved to checkpoints/rtpp_20260402-212800/last_model_1.pth
2026-04-02 21:28:28,697 INFO src.train.trainer: Epoch 319
2026-04-02 21:28:28,777 INFO src.train.trainer: New best validation loss: -5.9964, saved to checkpoints/rtpp_20260402-212800/best_model_1.pth
2026-04-02 21:28:28,779 INFO src.train.trainer: Last model at epoch 319 saved to checkpoints/rtpp_20260402-212800/last_model_1.pth
2026-04-02 21:28:28,779 INFO src.train.trainer: Epoch 320
2026-04-02 21:28:28,859 INFO src.train.trainer: New best validation loss: -5.9974, saved to checkpoints/rtpp_20260402-212800/best_model_1.pth
2026-04-02 21:28:28,862 INFO src.train.trainer: Last model at epoch 320 saved to checkpoints/rtpp_20260402-212800/last_model_1.pth
2026-04-02 21:28:28,862 INFO src.train.trainer: Epoch 321
2026-04-02 21:28:28,942 INFO src.train.trainer: New best validation loss: -5.9984, saved to checkpoints/rtpp_20260402-212800/best_model_1.pth
2026-04-02 21:28:28,944 INFO src.train.trainer: Last model at epoch 321 saved to checkpoints/rtpp_20260402-212800/last_model_1.pth
2026-04-02 21:28:28,944 INFO src.train.trainer: Epoch 322
2026-04-02 21:28:29,025 INFO src.train.trainer: New best validation loss: -5.9990, saved to checkpoints/rtpp_20260402-212800/best_model_1.pth
2026-04-02 21:28:29,028 INFO src.train.trainer: Last model at epoch 322 saved to checkpoints/rtpp_20260402-212800/last_model_1.pth
2026-04-02 21:28:29,028 INFO src.train.trainer: Epoch 323
2026-04-02 21:28:29,110 INFO src.train.trainer: Last model at epoch 323 saved to checkpoints/rtpp_20260402-212800/last_model_1.pth
2026-04-02 21:28:29,110 INFO src.train.trainer: Epoch 324
2026-04-02 21:28:29,190 INFO src.train.trainer: New best validation loss: -5.9993, saved to checkpoints/rtpp_20260402-212800/best_model_1.pth
2026-04-02 21:28:29,192 INFO src.train.trainer: Last model at epoch 324 saved to checkpoints/rtpp_20260402-212800/last_model_1.pth
2026-04-02 21:28:29,192 INFO src.train.trainer: Epoch 325
2026-04-02 21:28:29,272 INFO src.train.trainer: New best validation loss: -6.0000, saved to checkpoints/rtpp_20260402-212800/best_model_1.pth
2026-04-02 21:28:29,275 INFO src.train.trainer: Last model at epoch 325 saved to checkpoints/rtpp_20260402-212800/last_model_1.pth
2026-04-02 21:28:29,275 INFO src.train.trainer: Epoch 326
2026-04-02 21:28:29,354 INFO src.train.trainer: Last model at epoch 326 saved to checkpoints/rtpp_20260402-212800/last_model_1.pth
2026-04-02 21:28:29,354 INFO src.train.trainer: Epoch 327
2026-04-02 21:28:29,435 INFO src.train.trainer: Last model at epoch 327 saved to checkpoints/rtpp_20260402-212800/last_model_1.pth
2026-04-02 21:28:29,435 INFO src.train.trainer: Epoch 328
2026-04-02 21:28:29,513 INFO src.train.trainer: New best validation loss: -6.0022, saved to checkpoints/rtpp_20260402-212800/best_model_1.pth
2026-04-02 21:28:29,516 INFO src.train.trainer: Last model at epoch 328 saved to checkpoints/rtpp_20260402-212800/last_model_1.pth
2026-04-02 21:28:29,516 INFO src.train.trainer: Epoch 329
2026-04-02 21:28:29,597 INFO src.train.trainer: New best validation loss: -6.0032, saved to checkpoints/rtpp_20260402-212800/best_model_1.pth
2026-04-02 21:28:29,599 INFO src.train.trainer: Last model at epoch 329 saved to checkpoints/rtpp_20260402-212800/last_model_1.pth
2026-04-02 21:28:29,599 INFO src.train.trainer: Epoch 330
2026-04-02 21:28:29,680 INFO src.train.trainer: New best validation loss: -6.0043, saved to checkpoints/rtpp_20260402-212800/best_model_1.pth
2026-04-02 21:28:29,683 INFO src.train.trainer: Last model at epoch 330 saved to checkpoints/rtpp_20260402-212800/last_model_1.pth
2026-04-02 21:28:29,683 INFO src.train.trainer: Epoch 331
2026-04-02 21:28:29,762 INFO src.train.trainer: New best validation loss: -6.0048, saved to checkpoints/rtpp_20260402-212800/best_model_1.pth
2026-04-02 21:28:29,764 INFO src.train.trainer: Last model at epoch 331 saved to checkpoints/rtpp_20260402-212800/last_model_1.pth
2026-04-02 21:28:29,765 INFO src.train.trainer: Epoch 332
2026-04-02 21:28:29,846 INFO src.train.trainer: New best validation loss: -6.0075, saved to checkpoints/rtpp_20260402-212800/best_model_1.pth
2026-04-02 21:28:29,848 INFO src.train.trainer: Last model at epoch 332 saved to checkpoints/rtpp_20260402-212800/last_model_1.pth
2026-04-02 21:28:29,848 INFO src.train.trainer: Epoch 333
2026-04-02 21:28:29,938 INFO src.train.trainer: New best validation loss: -6.0090, saved to checkpoints/rtpp_20260402-212800/best_model_1.pth
2026-04-02 21:28:29,940 INFO src.train.trainer: Last model at epoch 333 saved to checkpoints/rtpp_20260402-212800/last_model_1.pth
2026-04-02 21:28:29,940 INFO src.train.trainer: Epoch 334
2026-04-02 21:28:30,019 INFO src.train.trainer: New best validation loss: -6.0091, saved to checkpoints/rtpp_20260402-212800/best_model_1.pth
2026-04-02 21:28:30,022 INFO src.train.trainer: Last model at epoch 334 saved to checkpoints/rtpp_20260402-212800/last_model_1.pth
2026-04-02 21:28:30,022 INFO src.train.trainer: Epoch 335
2026-04-02 21:28:30,102 INFO src.train.trainer: Last model at epoch 335 saved to checkpoints/rtpp_20260402-212800/last_model_1.pth
2026-04-02 21:28:30,102 INFO src.train.trainer: Epoch 336
2026-04-02 21:28:30,181 INFO src.train.trainer: New best validation loss: -6.0101, saved to checkpoints/rtpp_20260402-212800/best_model_1.pth
2026-04-02 21:28:30,184 INFO src.train.trainer: Last model at epoch 336 saved to checkpoints/rtpp_20260402-212800/last_model_1.pth
2026-04-02 21:28:30,184 INFO src.train.trainer: Epoch 337
2026-04-02 21:28:30,262 INFO src.train.trainer: New best validation loss: -6.0102, saved to checkpoints/rtpp_20260402-212800/best_model_1.pth
2026-04-02 21:28:30,264 INFO src.train.trainer: Last model at epoch 337 saved to checkpoints/rtpp_20260402-212800/last_model_1.pth
2026-04-02 21:28:30,264 INFO src.train.trainer: Epoch 338
2026-04-02 21:28:30,342 INFO src.train.trainer: Last model at epoch 338 saved to checkpoints/rtpp_20260402-212800/last_model_1.pth
2026-04-02 21:28:30,342 INFO src.train.trainer: Epoch 339
2026-04-02 21:28:30,422 INFO src.train.trainer: Last model at epoch 339 saved to checkpoints/rtpp_20260402-212800/last_model_1.pth
2026-04-02 21:28:30,422 INFO src.train.trainer: Epoch 340
2026-04-02 21:28:30,503 INFO src.train.trainer: New best validation loss: -6.0118, saved to checkpoints/rtpp_20260402-212800/best_model_1.pth
2026-04-02 21:28:30,505 INFO src.train.trainer: Last model at epoch 340 saved to checkpoints/rtpp_20260402-212800/last_model_1.pth
2026-04-02 21:28:30,505 INFO src.train.trainer: Epoch 341
2026-04-02 21:28:30,585 INFO src.train.trainer: New best validation loss: -6.0138, saved to checkpoints/rtpp_20260402-212800/best_model_1.pth
2026-04-02 21:28:30,587 INFO src.train.trainer: Last model at epoch 341 saved to checkpoints/rtpp_20260402-212800/last_model_1.pth
2026-04-02 21:28:30,587 INFO src.train.trainer: Epoch 342
2026-04-02 21:28:30,667 INFO src.train.trainer: New best validation loss: -6.0155, saved to checkpoints/rtpp_20260402-212800/best_model_1.pth
2026-04-02 21:28:30,669 INFO src.train.trainer: Last model at epoch 342 saved to checkpoints/rtpp_20260402-212800/last_model_1.pth
2026-04-02 21:28:30,669 INFO src.train.trainer: Epoch 343
2026-04-02 21:28:30,749 INFO src.train.trainer: Last model at epoch 343 saved to checkpoints/rtpp_20260402-212800/last_model_1.pth
2026-04-02 21:28:30,750 INFO src.train.trainer: Epoch 344
2026-04-02 21:28:30,832 INFO src.train.trainer: New best validation loss: -6.0174, saved to checkpoints/rtpp_20260402-212800/best_model_1.pth
2026-04-02 21:28:30,835 INFO src.train.trainer: Last model at epoch 344 saved to checkpoints/rtpp_20260402-212800/last_model_1.pth
2026-04-02 21:28:30,835 INFO src.train.trainer: Epoch 345
2026-04-02 21:28:30,918 INFO src.train.trainer: New best validation loss: -6.0186, saved to checkpoints/rtpp_20260402-212800/best_model_1.pth
2026-04-02 21:28:30,921 INFO src.train.trainer: Last model at epoch 345 saved to checkpoints/rtpp_20260402-212800/last_model_1.pth
2026-04-02 21:28:30,921 INFO src.train.trainer: Epoch 346
2026-04-02 21:28:31,001 INFO src.train.trainer: New best validation loss: -6.0190, saved to checkpoints/rtpp_20260402-212800/best_model_1.pth
2026-04-02 21:28:31,004 INFO src.train.trainer: Last model at epoch 346 saved to checkpoints/rtpp_20260402-212800/last_model_1.pth
2026-04-02 21:28:31,004 INFO src.train.trainer: Epoch 347
2026-04-02 21:28:31,083 INFO src.train.trainer: Last model at epoch 347 saved to checkpoints/rtpp_20260402-212800/last_model_1.pth
2026-04-02 21:28:31,084 INFO src.train.trainer: Epoch 348
2026-04-02 21:28:31,163 INFO src.train.trainer: Last model at epoch 348 saved to checkpoints/rtpp_20260402-212800/last_model_1.pth
2026-04-02 21:28:31,163 INFO src.train.trainer: Epoch 349
2026-04-02 21:28:31,243 INFO src.train.trainer: New best validation loss: -6.0196, saved to checkpoints/rtpp_20260402-212800/best_model_1.pth
2026-04-02 21:28:31,246 INFO src.train.trainer: Last model at epoch 349 saved to checkpoints/rtpp_20260402-212800/last_model_1.pth
2026-04-02 21:28:31,246 INFO src.train.trainer: Epoch 350
2026-04-02 21:28:31,327 INFO src.train.trainer: New best validation loss: -6.0201, saved to checkpoints/rtpp_20260402-212800/best_model_1.pth
2026-04-02 21:28:31,330 INFO src.train.trainer: Last model at epoch 350 saved to checkpoints/rtpp_20260402-212800/last_model_1.pth
2026-04-02 21:28:31,330 INFO src.train.trainer: Epoch 351
2026-04-02 21:28:31,410 INFO src.train.trainer: New best validation loss: -6.0206, saved to checkpoints/rtpp_20260402-212800/best_model_1.pth
2026-04-02 21:28:31,413 INFO src.train.trainer: Last model at epoch 351 saved to checkpoints/rtpp_20260402-212800/last_model_1.pth
2026-04-02 21:28:31,413 INFO src.train.trainer: Epoch 352
2026-04-02 21:28:31,494 INFO src.train.trainer: New best validation loss: -6.0217, saved to checkpoints/rtpp_20260402-212800/best_model_1.pth
2026-04-02 21:28:31,496 INFO src.train.trainer: Last model at epoch 352 saved to checkpoints/rtpp_20260402-212800/last_model_1.pth
2026-04-02 21:28:31,496 INFO src.train.trainer: Epoch 353
2026-04-02 21:28:31,576 INFO src.train.trainer: New best validation loss: -6.0249, saved to checkpoints/rtpp_20260402-212800/best_model_1.pth
2026-04-02 21:28:31,580 INFO src.train.trainer: Last model at epoch 353 saved to checkpoints/rtpp_20260402-212800/last_model_1.pth
2026-04-02 21:28:31,580 INFO src.train.trainer: Epoch 354
2026-04-02 21:28:31,661 INFO src.train.trainer: New best validation loss: -6.0267, saved to checkpoints/rtpp_20260402-212800/best_model_1.pth
2026-04-02 21:28:31,664 INFO src.train.trainer: Last model at epoch 354 saved to checkpoints/rtpp_20260402-212800/last_model_1.pth
2026-04-02 21:28:31,664 INFO src.train.trainer: Epoch 355
2026-04-02 21:28:31,748 INFO src.train.trainer: New best validation loss: -6.0276, saved to checkpoints/rtpp_20260402-212800/best_model_1.pth
2026-04-02 21:28:31,751 INFO src.train.trainer: Last model at epoch 355 saved to checkpoints/rtpp_20260402-212800/last_model_1.pth
2026-04-02 21:28:31,751 INFO src.train.trainer: Epoch 356
2026-04-02 21:28:31,843 INFO src.train.trainer: Last model at epoch 356 saved to checkpoints/rtpp_20260402-212800/last_model_1.pth
2026-04-02 21:28:31,843 INFO src.train.trainer: Epoch 357
2026-04-02 21:28:31,920 INFO src.train.trainer: New best validation loss: -6.0280, saved to checkpoints/rtpp_20260402-212800/best_model_1.pth
2026-04-02 21:28:31,923 INFO src.train.trainer: Last model at epoch 357 saved to checkpoints/rtpp_20260402-212800/last_model_1.pth
2026-04-02 21:28:31,923 INFO src.train.trainer: Epoch 358
2026-04-02 21:28:32,001 INFO src.train.trainer: New best validation loss: -6.0295, saved to checkpoints/rtpp_20260402-212800/best_model_1.pth
2026-04-02 21:28:32,004 INFO src.train.trainer: Last model at epoch 358 saved to checkpoints/rtpp_20260402-212800/last_model_1.pth
2026-04-02 21:28:32,004 INFO src.train.trainer: Epoch 359
2026-04-02 21:28:32,081 INFO src.train.trainer: New best validation loss: -6.0299, saved to checkpoints/rtpp_20260402-212800/best_model_1.pth
2026-04-02 21:28:32,084 INFO src.train.trainer: Last model at epoch 359 saved to checkpoints/rtpp_20260402-212800/last_model_1.pth
2026-04-02 21:28:32,084 INFO src.train.trainer: Epoch 360
2026-04-02 21:28:32,165 INFO src.train.trainer: Last model at epoch 360 saved to checkpoints/rtpp_20260402-212800/last_model_1.pth
2026-04-02 21:28:32,165 INFO src.train.trainer: Epoch 361
2026-04-02 21:28:32,241 INFO src.train.trainer: Last model at epoch 361 saved to checkpoints/rtpp_20260402-212800/last_model_1.pth
2026-04-02 21:28:32,241 INFO src.train.trainer: Epoch 362
2026-04-02 21:28:32,323 INFO src.train.trainer: New best validation loss: -6.0316, saved to checkpoints/rtpp_20260402-212800/best_model_1.pth
2026-04-02 21:28:32,325 INFO src.train.trainer: Last model at epoch 362 saved to checkpoints/rtpp_20260402-212800/last_model_1.pth
2026-04-02 21:28:32,325 INFO src.train.trainer: Epoch 363
2026-04-02 21:28:32,406 INFO src.train.trainer: New best validation loss: -6.0338, saved to checkpoints/rtpp_20260402-212800/best_model_1.pth
2026-04-02 21:28:32,409 INFO src.train.trainer: Last model at epoch 363 saved to checkpoints/rtpp_20260402-212800/last_model_1.pth
2026-04-02 21:28:32,409 INFO src.train.trainer: Epoch 364
2026-04-02 21:28:32,489 INFO src.train.trainer: New best validation loss: -6.0352, saved to checkpoints/rtpp_20260402-212800/best_model_1.pth
2026-04-02 21:28:32,491 INFO src.train.trainer: Last model at epoch 364 saved to checkpoints/rtpp_20260402-212800/last_model_1.pth
2026-04-02 21:28:32,491 INFO src.train.trainer: Epoch 365
2026-04-02 21:28:32,571 INFO src.train.trainer: Last model at epoch 365 saved to checkpoints/rtpp_20260402-212800/last_model_1.pth
2026-04-02 21:28:32,571 INFO src.train.trainer: Epoch 366
2026-04-02 21:28:32,649 INFO src.train.trainer: New best validation loss: -6.0369, saved to checkpoints/rtpp_20260402-212800/best_model_1.pth
2026-04-02 21:28:32,652 INFO src.train.trainer: Last model at epoch 366 saved to checkpoints/rtpp_20260402-212800/last_model_1.pth
2026-04-02 21:28:32,652 INFO src.train.trainer: Epoch 367
2026-04-02 21:28:32,733 INFO src.train.trainer: New best validation loss: -6.0388, saved to checkpoints/rtpp_20260402-212800/best_model_1.pth
2026-04-02 21:28:32,735 INFO src.train.trainer: Last model at epoch 367 saved to checkpoints/rtpp_20260402-212800/last_model_1.pth
2026-04-02 21:28:32,735 INFO src.train.trainer: Epoch 368
2026-04-02 21:28:32,816 INFO src.train.trainer: New best validation loss: -6.0394, saved to checkpoints/rtpp_20260402-212800/best_model_1.pth
2026-04-02 21:28:32,818 INFO src.train.trainer: Last model at epoch 368 saved to checkpoints/rtpp_20260402-212800/last_model_1.pth
2026-04-02 21:28:32,818 INFO src.train.trainer: Epoch 369
2026-04-02 21:28:32,897 INFO src.train.trainer: New best validation loss: -6.0396, saved to checkpoints/rtpp_20260402-212800/best_model_1.pth
2026-04-02 21:28:32,900 INFO src.train.trainer: Last model at epoch 369 saved to checkpoints/rtpp_20260402-212800/last_model_1.pth
2026-04-02 21:28:32,900 INFO src.train.trainer: Epoch 370
2026-04-02 21:28:32,979 INFO src.train.trainer: New best validation loss: -6.0404, saved to checkpoints/rtpp_20260402-212800/best_model_1.pth
2026-04-02 21:28:32,983 INFO src.train.trainer: Last model at epoch 370 saved to checkpoints/rtpp_20260402-212800/last_model_1.pth
2026-04-02 21:28:32,983 INFO src.train.trainer: Epoch 371
2026-04-02 21:28:33,062 INFO src.train.trainer: New best validation loss: -6.0433, saved to checkpoints/rtpp_20260402-212800/best_model_1.pth
2026-04-02 21:28:33,064 INFO src.train.trainer: Last model at epoch 371 saved to checkpoints/rtpp_20260402-212800/last_model_1.pth
2026-04-02 21:28:33,064 INFO src.train.trainer: Epoch 372
2026-04-02 21:28:33,144 INFO src.train.trainer: New best validation loss: -6.0451, saved to checkpoints/rtpp_20260402-212800/best_model_1.pth
2026-04-02 21:28:33,147 INFO src.train.trainer: Last model at epoch 372 saved to checkpoints/rtpp_20260402-212800/last_model_1.pth
2026-04-02 21:28:33,147 INFO src.train.trainer: Epoch 373
2026-04-02 21:28:33,227 INFO src.train.trainer: New best validation loss: -6.0462, saved to checkpoints/rtpp_20260402-212800/best_model_1.pth
2026-04-02 21:28:33,230 INFO src.train.trainer: Last model at epoch 373 saved to checkpoints/rtpp_20260402-212800/last_model_1.pth
2026-04-02 21:28:33,230 INFO src.train.trainer: Epoch 374
2026-04-02 21:28:33,309 INFO src.train.trainer: Last model at epoch 374 saved to checkpoints/rtpp_20260402-212800/last_model_1.pth
2026-04-02 21:28:33,309 INFO src.train.trainer: Epoch 375
2026-04-02 21:28:33,388 INFO src.train.trainer: New best validation loss: -6.0464, saved to checkpoints/rtpp_20260402-212800/best_model_1.pth
2026-04-02 21:28:33,391 INFO src.train.trainer: Last model at epoch 375 saved to checkpoints/rtpp_20260402-212800/last_model_1.pth
2026-04-02 21:28:33,391 INFO src.train.trainer: Epoch 376
2026-04-02 21:28:33,469 INFO src.train.trainer: New best validation loss: -6.0483, saved to checkpoints/rtpp_20260402-212800/best_model_1.pth
2026-04-02 21:28:33,472 INFO src.train.trainer: Last model at epoch 376 saved to checkpoints/rtpp_20260402-212800/last_model_1.pth
2026-04-02 21:28:33,472 INFO src.train.trainer: Epoch 377
2026-04-02 21:28:33,553 INFO src.train.trainer: New best validation loss: -6.0487, saved to checkpoints/rtpp_20260402-212800/best_model_1.pth
2026-04-02 21:28:33,556 INFO src.train.trainer: Last model at epoch 377 saved to checkpoints/rtpp_20260402-212800/last_model_1.pth
2026-04-02 21:28:33,556 INFO src.train.trainer: Epoch 378
2026-04-02 21:28:33,634 INFO src.train.trainer: New best validation loss: -6.0490, saved to checkpoints/rtpp_20260402-212800/best_model_1.pth
2026-04-02 21:28:33,638 INFO src.train.trainer: Last model at epoch 378 saved to checkpoints/rtpp_20260402-212800/last_model_1.pth
2026-04-02 21:28:33,638 INFO src.train.trainer: Epoch 379
2026-04-02 21:28:33,724 INFO src.train.trainer: New best validation loss: -6.0505, saved to checkpoints/rtpp_20260402-212800/best_model_1.pth
2026-04-02 21:28:33,727 INFO src.train.trainer: Last model at epoch 379 saved to checkpoints/rtpp_20260402-212800/last_model_1.pth
2026-04-02 21:28:33,727 INFO src.train.trainer: Epoch 380
2026-04-02 21:28:33,806 INFO src.train.trainer: New best validation loss: -6.0523, saved to checkpoints/rtpp_20260402-212800/best_model_1.pth
2026-04-02 21:28:33,809 INFO src.train.trainer: Last model at epoch 380 saved to checkpoints/rtpp_20260402-212800/last_model_1.pth
2026-04-02 21:28:33,809 INFO src.train.trainer: Epoch 381
2026-04-02 21:28:33,887 INFO src.train.trainer: New best validation loss: -6.0542, saved to checkpoints/rtpp_20260402-212800/best_model_1.pth
2026-04-02 21:28:33,889 INFO src.train.trainer: Last model at epoch 381 saved to checkpoints/rtpp_20260402-212800/last_model_1.pth
2026-04-02 21:28:33,889 INFO src.train.trainer: Epoch 382
2026-04-02 21:28:33,968 INFO src.train.trainer: New best validation loss: -6.0557, saved to checkpoints/rtpp_20260402-212800/best_model_1.pth
2026-04-02 21:28:33,970 INFO src.train.trainer: Last model at epoch 382 saved to checkpoints/rtpp_20260402-212800/last_model_1.pth
2026-04-02 21:28:33,970 INFO src.train.trainer: Epoch 383
2026-04-02 21:28:34,048 INFO src.train.trainer: New best validation loss: -6.0558, saved to checkpoints/rtpp_20260402-212800/best_model_1.pth
2026-04-02 21:28:34,051 INFO src.train.trainer: Last model at epoch 383 saved to checkpoints/rtpp_20260402-212800/last_model_1.pth
2026-04-02 21:28:34,051 INFO src.train.trainer: Epoch 384
2026-04-02 21:28:34,129 INFO src.train.trainer: Last model at epoch 384 saved to checkpoints/rtpp_20260402-212800/last_model_1.pth
2026-04-02 21:28:34,129 INFO src.train.trainer: Epoch 385
2026-04-02 21:28:34,207 INFO src.train.trainer: New best validation loss: -6.0567, saved to checkpoints/rtpp_20260402-212800/best_model_1.pth
2026-04-02 21:28:34,209 INFO src.train.trainer: Last model at epoch 385 saved to checkpoints/rtpp_20260402-212800/last_model_1.pth
2026-04-02 21:28:34,209 INFO src.train.trainer: Epoch 386
2026-04-02 21:28:34,289 INFO src.train.trainer: New best validation loss: -6.0573, saved to checkpoints/rtpp_20260402-212800/best_model_1.pth
2026-04-02 21:28:34,292 INFO src.train.trainer: Last model at epoch 386 saved to checkpoints/rtpp_20260402-212800/last_model_1.pth
2026-04-02 21:28:34,292 INFO src.train.trainer: Epoch 387
2026-04-02 21:28:34,372 INFO src.train.trainer: New best validation loss: -6.0580, saved to checkpoints/rtpp_20260402-212800/best_model_1.pth
2026-04-02 21:28:34,374 INFO src.train.trainer: Last model at epoch 387 saved to checkpoints/rtpp_20260402-212800/last_model_1.pth
2026-04-02 21:28:34,374 INFO src.train.trainer: Epoch 388
2026-04-02 21:28:34,453 INFO src.train.trainer: New best validation loss: -6.0586, saved to checkpoints/rtpp_20260402-212800/best_model_1.pth
2026-04-02 21:28:34,456 INFO src.train.trainer: Last model at epoch 388 saved to checkpoints/rtpp_20260402-212800/last_model_1.pth
2026-04-02 21:28:34,456 INFO src.train.trainer: Epoch 389
2026-04-02 21:28:34,536 INFO src.train.trainer: New best validation loss: -6.0597, saved to checkpoints/rtpp_20260402-212800/best_model_1.pth
2026-04-02 21:28:34,538 INFO src.train.trainer: Last model at epoch 389 saved to checkpoints/rtpp_20260402-212800/last_model_1.pth
2026-04-02 21:28:34,538 INFO src.train.trainer: Epoch 390
2026-04-02 21:28:34,619 INFO src.train.trainer: New best validation loss: -6.0609, saved to checkpoints/rtpp_20260402-212800/best_model_1.pth
2026-04-02 21:28:34,622 INFO src.train.trainer: Last model at epoch 390 saved to checkpoints/rtpp_20260402-212800/last_model_1.pth
2026-04-02 21:28:34,622 INFO src.train.trainer: Epoch 391
2026-04-02 21:28:34,702 INFO src.train.trainer: New best validation loss: -6.0625, saved to checkpoints/rtpp_20260402-212800/best_model_1.pth
2026-04-02 21:28:34,705 INFO src.train.trainer: Last model at epoch 391 saved to checkpoints/rtpp_20260402-212800/last_model_1.pth
2026-04-02 21:28:34,705 INFO src.train.trainer: Epoch 392
2026-04-02 21:28:34,786 INFO src.train.trainer: New best validation loss: -6.0646, saved to checkpoints/rtpp_20260402-212800/best_model_1.pth
2026-04-02 21:28:34,789 INFO src.train.trainer: Last model at epoch 392 saved to checkpoints/rtpp_20260402-212800/last_model_1.pth
2026-04-02 21:28:34,789 INFO src.train.trainer: Epoch 393
2026-04-02 21:28:34,870 INFO src.train.trainer: New best validation loss: -6.0663, saved to checkpoints/rtpp_20260402-212800/best_model_1.pth
2026-04-02 21:28:34,872 INFO src.train.trainer: Last model at epoch 393 saved to checkpoints/rtpp_20260402-212800/last_model_1.pth
2026-04-02 21:28:34,872 INFO src.train.trainer: Epoch 394
2026-04-02 21:28:34,955 INFO src.train.trainer: New best validation loss: -6.0680, saved to checkpoints/rtpp_20260402-212800/best_model_1.pth
2026-04-02 21:28:34,958 INFO src.train.trainer: Last model at epoch 394 saved to checkpoints/rtpp_20260402-212800/last_model_1.pth
2026-04-02 21:28:34,958 INFO src.train.trainer: Epoch 395
2026-04-02 21:28:35,041 INFO src.train.trainer: New best validation loss: -6.0694, saved to checkpoints/rtpp_20260402-212800/best_model_1.pth
2026-04-02 21:28:35,044 INFO src.train.trainer: Last model at epoch 395 saved to checkpoints/rtpp_20260402-212800/last_model_1.pth
2026-04-02 21:28:35,044 INFO src.train.trainer: Epoch 396
2026-04-02 21:28:35,129 INFO src.train.trainer: New best validation loss: -6.0702, saved to checkpoints/rtpp_20260402-212800/best_model_1.pth
2026-04-02 21:28:35,132 INFO src.train.trainer: Last model at epoch 396 saved to checkpoints/rtpp_20260402-212800/last_model_1.pth
2026-04-02 21:28:35,132 INFO src.train.trainer: Epoch 397
2026-04-02 21:28:35,214 INFO src.train.trainer: New best validation loss: -6.0705, saved to checkpoints/rtpp_20260402-212800/best_model_1.pth
2026-04-02 21:28:35,217 INFO src.train.trainer: Last model at epoch 397 saved to checkpoints/rtpp_20260402-212800/last_model_1.pth
2026-04-02 21:28:35,217 INFO src.train.trainer: Epoch 398
2026-04-02 21:28:35,299 INFO src.train.trainer: New best validation loss: -6.0706, saved to checkpoints/rtpp_20260402-212800/best_model_1.pth
2026-04-02 21:28:35,302 INFO src.train.trainer: Last model at epoch 398 saved to checkpoints/rtpp_20260402-212800/last_model_1.pth
2026-04-02 21:28:35,302 INFO src.train.trainer: Epoch 399
2026-04-02 21:28:35,382 INFO src.train.trainer: New best validation loss: -6.0706, saved to checkpoints/rtpp_20260402-212800/best_model_1.pth
2026-04-02 21:28:35,385 INFO src.train.trainer: Last model at epoch 399 saved to checkpoints/rtpp_20260402-212800/last_model_1.pth
2026-04-02 21:28:35,385 INFO src.train.trainer: Epoch 400
2026-04-02 21:28:35,466 INFO src.train.trainer: New best validation loss: -6.0720, saved to checkpoints/rtpp_20260402-212800/best_model_1.pth
2026-04-02 21:28:35,469 INFO src.train.trainer: Last model at epoch 400 saved to checkpoints/rtpp_20260402-212800/last_model_1.pth
2026-04-02 21:28:35,469 INFO src.train.trainer: Epoch 401
2026-04-02 21:28:35,555 INFO src.train.trainer: New best validation loss: -6.0728, saved to checkpoints/rtpp_20260402-212800/best_model_1.pth
2026-04-02 21:28:35,558 INFO src.train.trainer: Last model at epoch 401 saved to checkpoints/rtpp_20260402-212800/last_model_1.pth
2026-04-02 21:28:35,558 INFO src.train.trainer: Epoch 402
2026-04-02 21:28:35,641 INFO src.train.trainer: New best validation loss: -6.0736, saved to checkpoints/rtpp_20260402-212800/best_model_1.pth
2026-04-02 21:28:35,644 INFO src.train.trainer: Last model at epoch 402 saved to checkpoints/rtpp_20260402-212800/last_model_1.pth
2026-04-02 21:28:35,644 INFO src.train.trainer: Epoch 403
2026-04-02 21:28:35,721 INFO src.train.trainer: New best validation loss: -6.0750, saved to checkpoints/rtpp_20260402-212800/best_model_1.pth
2026-04-02 21:28:35,723 INFO src.train.trainer: Last model at epoch 403 saved to checkpoints/rtpp_20260402-212800/last_model_1.pth
2026-04-02 21:28:35,723 INFO src.train.trainer: Epoch 404
2026-04-02 21:28:35,800 INFO src.train.trainer: New best validation loss: -6.0762, saved to checkpoints/rtpp_20260402-212800/best_model_1.pth
2026-04-02 21:28:35,802 INFO src.train.trainer: Last model at epoch 404 saved to checkpoints/rtpp_20260402-212800/last_model_1.pth
2026-04-02 21:28:35,802 INFO src.train.trainer: Epoch 405
2026-04-02 21:28:35,878 INFO src.train.trainer: New best validation loss: -6.0776, saved to checkpoints/rtpp_20260402-212800/best_model_1.pth
2026-04-02 21:28:35,881 INFO src.train.trainer: Last model at epoch 405 saved to checkpoints/rtpp_20260402-212800/last_model_1.pth
2026-04-02 21:28:35,881 INFO src.train.trainer: Epoch 406
2026-04-02 21:28:35,958 INFO src.train.trainer: New best validation loss: -6.0787, saved to checkpoints/rtpp_20260402-212800/best_model_1.pth
2026-04-02 21:28:35,961 INFO src.train.trainer: Last model at epoch 406 saved to checkpoints/rtpp_20260402-212800/last_model_1.pth
2026-04-02 21:28:35,961 INFO src.train.trainer: Epoch 407
2026-04-02 21:28:36,040 INFO src.train.trainer: New best validation loss: -6.0803, saved to checkpoints/rtpp_20260402-212800/best_model_1.pth
2026-04-02 21:28:36,043 INFO src.train.trainer: Last model at epoch 407 saved to checkpoints/rtpp_20260402-212800/last_model_1.pth
2026-04-02 21:28:36,043 INFO src.train.trainer: Epoch 408
2026-04-02 21:28:36,120 INFO src.train.trainer: New best validation loss: -6.0815, saved to checkpoints/rtpp_20260402-212800/best_model_1.pth
2026-04-02 21:28:36,123 INFO src.train.trainer: Last model at epoch 408 saved to checkpoints/rtpp_20260402-212800/last_model_1.pth
2026-04-02 21:28:36,123 INFO src.train.trainer: Epoch 409
2026-04-02 21:28:36,201 INFO src.train.trainer: New best validation loss: -6.0815, saved to checkpoints/rtpp_20260402-212800/best_model_1.pth
2026-04-02 21:28:36,203 INFO src.train.trainer: Last model at epoch 409 saved to checkpoints/rtpp_20260402-212800/last_model_1.pth
2026-04-02 21:28:36,204 INFO src.train.trainer: Epoch 410
2026-04-02 21:28:36,283 INFO src.train.trainer: New best validation loss: -6.0823, saved to checkpoints/rtpp_20260402-212800/best_model_1.pth
2026-04-02 21:28:36,285 INFO src.train.trainer: Last model at epoch 410 saved to checkpoints/rtpp_20260402-212800/last_model_1.pth
2026-04-02 21:28:36,286 INFO src.train.trainer: Epoch 411
2026-04-02 21:28:36,363 INFO src.train.trainer: New best validation loss: -6.0831, saved to checkpoints/rtpp_20260402-212800/best_model_1.pth
2026-04-02 21:28:36,366 INFO src.train.trainer: Last model at epoch 411 saved to checkpoints/rtpp_20260402-212800/last_model_1.pth
2026-04-02 21:28:36,366 INFO src.train.trainer: Epoch 412
2026-04-02 21:28:36,445 INFO src.train.trainer: New best validation loss: -6.0839, saved to checkpoints/rtpp_20260402-212800/best_model_1.pth
2026-04-02 21:28:36,449 INFO src.train.trainer: Last model at epoch 412 saved to checkpoints/rtpp_20260402-212800/last_model_1.pth
2026-04-02 21:28:36,449 INFO src.train.trainer: Epoch 413
2026-04-02 21:28:36,529 INFO src.train.trainer: New best validation loss: -6.0842, saved to checkpoints/rtpp_20260402-212800/best_model_1.pth
2026-04-02 21:28:36,532 INFO src.train.trainer: Last model at epoch 413 saved to checkpoints/rtpp_20260402-212800/last_model_1.pth
2026-04-02 21:28:36,532 INFO src.train.trainer: Epoch 414
2026-04-02 21:28:36,611 INFO src.train.trainer: Last model at epoch 414 saved to checkpoints/rtpp_20260402-212800/last_model_1.pth
2026-04-02 21:28:36,611 INFO src.train.trainer: Epoch 415
2026-04-02 21:28:36,691 INFO src.train.trainer: New best validation loss: -6.0847, saved to checkpoints/rtpp_20260402-212800/best_model_1.pth
2026-04-02 21:28:36,693 INFO src.train.trainer: Last model at epoch 415 saved to checkpoints/rtpp_20260402-212800/last_model_1.pth
2026-04-02 21:28:36,693 INFO src.train.trainer: Epoch 416
2026-04-02 21:28:36,772 INFO src.train.trainer: New best validation loss: -6.0856, saved to checkpoints/rtpp_20260402-212800/best_model_1.pth
2026-04-02 21:28:36,775 INFO src.train.trainer: Last model at epoch 416 saved to checkpoints/rtpp_20260402-212800/last_model_1.pth
2026-04-02 21:28:36,775 INFO src.train.trainer: Epoch 417
2026-04-02 21:28:36,854 INFO src.train.trainer: New best validation loss: -6.0864, saved to checkpoints/rtpp_20260402-212800/best_model_1.pth
2026-04-02 21:28:36,856 INFO src.train.trainer: Last model at epoch 417 saved to checkpoints/rtpp_20260402-212800/last_model_1.pth
2026-04-02 21:28:36,857 INFO src.train.trainer: Epoch 418
2026-04-02 21:28:36,937 INFO src.train.trainer: Last model at epoch 418 saved to checkpoints/rtpp_20260402-212800/last_model_1.pth
2026-04-02 21:28:36,937 INFO src.train.trainer: Epoch 419
2026-04-02 21:28:37,016 INFO src.train.trainer: New best validation loss: -6.0876, saved to checkpoints/rtpp_20260402-212800/best_model_1.pth
2026-04-02 21:28:37,018 INFO src.train.trainer: Last model at epoch 419 saved to checkpoints/rtpp_20260402-212800/last_model_1.pth
2026-04-02 21:28:37,019 INFO src.train.trainer: Epoch 420
2026-04-02 21:28:37,097 INFO src.train.trainer: New best validation loss: -6.0893, saved to checkpoints/rtpp_20260402-212800/best_model_1.pth
2026-04-02 21:28:37,100 INFO src.train.trainer: Last model at epoch 420 saved to checkpoints/rtpp_20260402-212800/last_model_1.pth
2026-04-02 21:28:37,100 INFO src.train.trainer: Epoch 421
2026-04-02 21:28:37,179 INFO src.train.trainer: New best validation loss: -6.0902, saved to checkpoints/rtpp_20260402-212800/best_model_1.pth
2026-04-02 21:28:37,182 INFO src.train.trainer: Last model at epoch 421 saved to checkpoints/rtpp_20260402-212800/last_model_1.pth
2026-04-02 21:28:37,182 INFO src.train.trainer: Epoch 422
2026-04-02 21:28:37,261 INFO src.train.trainer: Last model at epoch 422 saved to checkpoints/rtpp_20260402-212800/last_model_1.pth
2026-04-02 21:28:37,261 INFO src.train.trainer: Epoch 423
2026-04-02 21:28:37,339 INFO src.train.trainer: New best validation loss: -6.0909, saved to checkpoints/rtpp_20260402-212800/best_model_1.pth
2026-04-02 21:28:37,343 INFO src.train.trainer: Last model at epoch 423 saved to checkpoints/rtpp_20260402-212800/last_model_1.pth
2026-04-02 21:28:37,343 INFO src.train.trainer: Epoch 424
2026-04-02 21:28:37,421 INFO src.train.trainer: New best validation loss: -6.0924, saved to checkpoints/rtpp_20260402-212800/best_model_1.pth
2026-04-02 21:28:37,424 INFO src.train.trainer: Last model at epoch 424 saved to checkpoints/rtpp_20260402-212800/last_model_1.pth
2026-04-02 21:28:37,424 INFO src.train.trainer: Epoch 425
2026-04-02 21:28:37,510 INFO src.train.trainer: New best validation loss: -6.0926, saved to checkpoints/rtpp_20260402-212800/best_model_1.pth
2026-04-02 21:28:37,513 INFO src.train.trainer: Last model at epoch 425 saved to checkpoints/rtpp_20260402-212800/last_model_1.pth
2026-04-02 21:28:37,513 INFO src.train.trainer: Epoch 426
2026-04-02 21:28:37,592 INFO src.train.trainer: New best validation loss: -6.0927, saved to checkpoints/rtpp_20260402-212800/best_model_1.pth
2026-04-02 21:28:37,595 INFO src.train.trainer: Last model at epoch 426 saved to checkpoints/rtpp_20260402-212800/last_model_1.pth
2026-04-02 21:28:37,595 INFO src.train.trainer: Epoch 427
2026-04-02 21:28:37,671 INFO src.train.trainer: New best validation loss: -6.0940, saved to checkpoints/rtpp_20260402-212800/best_model_1.pth
2026-04-02 21:28:37,674 INFO src.train.trainer: Last model at epoch 427 saved to checkpoints/rtpp_20260402-212800/last_model_1.pth
2026-04-02 21:28:37,674 INFO src.train.trainer: Epoch 428
2026-04-02 21:28:37,752 INFO src.train.trainer: New best validation loss: -6.0947, saved to checkpoints/rtpp_20260402-212800/best_model_1.pth
2026-04-02 21:28:37,754 INFO src.train.trainer: Last model at epoch 428 saved to checkpoints/rtpp_20260402-212800/last_model_1.pth
2026-04-02 21:28:37,754 INFO src.train.trainer: Epoch 429
2026-04-02 21:28:37,832 INFO src.train.trainer: New best validation loss: -6.0950, saved to checkpoints/rtpp_20260402-212800/best_model_1.pth
2026-04-02 21:28:37,835 INFO src.train.trainer: Last model at epoch 429 saved to checkpoints/rtpp_20260402-212800/last_model_1.pth
2026-04-02 21:28:37,835 INFO src.train.trainer: Epoch 430
2026-04-02 21:28:37,913 INFO src.train.trainer: New best validation loss: -6.0955, saved to checkpoints/rtpp_20260402-212800/best_model_1.pth
2026-04-02 21:28:37,915 INFO src.train.trainer: Last model at epoch 430 saved to checkpoints/rtpp_20260402-212800/last_model_1.pth
2026-04-02 21:28:37,915 INFO src.train.trainer: Epoch 431
2026-04-02 21:28:37,994 INFO src.train.trainer: New best validation loss: -6.0958, saved to checkpoints/rtpp_20260402-212800/best_model_1.pth
2026-04-02 21:28:37,997 INFO src.train.trainer: Last model at epoch 431 saved to checkpoints/rtpp_20260402-212800/last_model_1.pth
2026-04-02 21:28:37,997 INFO src.train.trainer: Epoch 432
2026-04-02 21:28:38,077 INFO src.train.trainer: New best validation loss: -6.0960, saved to checkpoints/rtpp_20260402-212800/best_model_1.pth
2026-04-02 21:28:38,080 INFO src.train.trainer: Last model at epoch 432 saved to checkpoints/rtpp_20260402-212800/last_model_1.pth
2026-04-02 21:28:38,080 INFO src.train.trainer: Epoch 433
2026-04-02 21:28:38,160 INFO src.train.trainer: New best validation loss: -6.0968, saved to checkpoints/rtpp_20260402-212800/best_model_1.pth
2026-04-02 21:28:38,163 INFO src.train.trainer: Last model at epoch 433 saved to checkpoints/rtpp_20260402-212800/last_model_1.pth
2026-04-02 21:28:38,163 INFO src.train.trainer: Epoch 434
2026-04-02 21:28:38,244 INFO src.train.trainer: New best validation loss: -6.0973, saved to checkpoints/rtpp_20260402-212800/best_model_1.pth
2026-04-02 21:28:38,247 INFO src.train.trainer: Last model at epoch 434 saved to checkpoints/rtpp_20260402-212800/last_model_1.pth
2026-04-02 21:28:38,247 INFO src.train.trainer: Epoch 435
2026-04-02 21:28:38,329 INFO src.train.trainer: New best validation loss: -6.0978, saved to checkpoints/rtpp_20260402-212800/best_model_1.pth
2026-04-02 21:28:38,332 INFO src.train.trainer: Last model at epoch 435 saved to checkpoints/rtpp_20260402-212800/last_model_1.pth
2026-04-02 21:28:38,332 INFO src.train.trainer: Epoch 436
2026-04-02 21:28:38,415 INFO src.train.trainer: New best validation loss: -6.0986, saved to checkpoints/rtpp_20260402-212800/best_model_1.pth
2026-04-02 21:28:38,418 INFO src.train.trainer: Last model at epoch 436 saved to checkpoints/rtpp_20260402-212800/last_model_1.pth
2026-04-02 21:28:38,418 INFO src.train.trainer: Epoch 437
2026-04-02 21:28:38,500 INFO src.train.trainer: New best validation loss: -6.0993, saved to checkpoints/rtpp_20260402-212800/best_model_1.pth
2026-04-02 21:28:38,503 INFO src.train.trainer: Last model at epoch 437 saved to checkpoints/rtpp_20260402-212800/last_model_1.pth
2026-04-02 21:28:38,503 INFO src.train.trainer: Epoch 438
2026-04-02 21:28:38,581 INFO src.train.trainer: New best validation loss: -6.0996, saved to checkpoints/rtpp_20260402-212800/best_model_1.pth
2026-04-02 21:28:38,584 INFO src.train.trainer: Last model at epoch 438 saved to checkpoints/rtpp_20260402-212800/last_model_1.pth
2026-04-02 21:28:38,584 INFO src.train.trainer: Epoch 439
2026-04-02 21:28:38,662 INFO src.train.trainer: New best validation loss: -6.0997, saved to checkpoints/rtpp_20260402-212800/best_model_1.pth
2026-04-02 21:28:38,665 INFO src.train.trainer: Last model at epoch 439 saved to checkpoints/rtpp_20260402-212800/last_model_1.pth
2026-04-02 21:28:38,665 INFO src.train.trainer: Epoch 440
2026-04-02 21:28:38,745 INFO src.train.trainer: New best validation loss: -6.1007, saved to checkpoints/rtpp_20260402-212800/best_model_1.pth
2026-04-02 21:28:38,748 INFO src.train.trainer: Last model at epoch 440 saved to checkpoints/rtpp_20260402-212800/last_model_1.pth
2026-04-02 21:28:38,748 INFO src.train.trainer: Epoch 441
2026-04-02 21:28:38,829 INFO src.train.trainer: Last model at epoch 441 saved to checkpoints/rtpp_20260402-212800/last_model_1.pth
2026-04-02 21:28:38,829 INFO src.train.trainer: Epoch 442
2026-04-02 21:28:38,910 INFO src.train.trainer: New best validation loss: -6.1011, saved to checkpoints/rtpp_20260402-212800/best_model_1.pth
2026-04-02 21:28:38,913 INFO src.train.trainer: Last model at epoch 442 saved to checkpoints/rtpp_20260402-212800/last_model_1.pth
2026-04-02 21:28:38,913 INFO src.train.trainer: Epoch 443
2026-04-02 21:28:38,994 INFO src.train.trainer: New best validation loss: -6.1013, saved to checkpoints/rtpp_20260402-212800/best_model_1.pth
2026-04-02 21:28:38,997 INFO src.train.trainer: Last model at epoch 443 saved to checkpoints/rtpp_20260402-212800/last_model_1.pth
2026-04-02 21:28:38,997 INFO src.train.trainer: Epoch 444
2026-04-02 21:28:39,076 INFO src.train.trainer: Last model at epoch 444 saved to checkpoints/rtpp_20260402-212800/last_model_1.pth
2026-04-02 21:28:39,076 INFO src.train.trainer: Epoch 445
2026-04-02 21:28:39,156 INFO src.train.trainer: New best validation loss: -6.1014, saved to checkpoints/rtpp_20260402-212800/best_model_1.pth
2026-04-02 21:28:39,159 INFO src.train.trainer: Last model at epoch 445 saved to checkpoints/rtpp_20260402-212800/last_model_1.pth
2026-04-02 21:28:39,159 INFO src.train.trainer: Epoch 446
2026-04-02 21:28:39,242 INFO src.train.trainer: New best validation loss: -6.1023, saved to checkpoints/rtpp_20260402-212800/best_model_1.pth
2026-04-02 21:28:39,245 INFO src.train.trainer: Last model at epoch 446 saved to checkpoints/rtpp_20260402-212800/last_model_1.pth
2026-04-02 21:28:39,245 INFO src.train.trainer: Epoch 447
2026-04-02 21:28:39,328 INFO src.train.trainer: New best validation loss: -6.1027, saved to checkpoints/rtpp_20260402-212800/best_model_1.pth
2026-04-02 21:28:39,331 INFO src.train.trainer: Last model at epoch 447 saved to checkpoints/rtpp_20260402-212800/last_model_1.pth
2026-04-02 21:28:39,331 INFO src.train.trainer: Epoch 448
2026-04-02 21:28:39,406 INFO src.train.trainer: New best validation loss: -6.1032, saved to checkpoints/rtpp_20260402-212800/best_model_1.pth
2026-04-02 21:28:39,409 INFO src.train.trainer: Last model at epoch 448 saved to checkpoints/rtpp_20260402-212800/last_model_1.pth
2026-04-02 21:28:39,409 INFO src.train.trainer: Epoch 449
2026-04-02 21:28:39,484 INFO src.train.trainer: New best validation loss: -6.1040, saved to checkpoints/rtpp_20260402-212800/best_model_1.pth
2026-04-02 21:28:39,487 INFO src.train.trainer: Last model at epoch 449 saved to checkpoints/rtpp_20260402-212800/last_model_1.pth
2026-04-02 21:28:39,487 INFO src.train.trainer: Epoch 450
2026-04-02 21:28:39,563 INFO src.train.trainer: New best validation loss: -6.1046, saved to checkpoints/rtpp_20260402-212800/best_model_1.pth
2026-04-02 21:28:39,566 INFO src.train.trainer: Last model at epoch 450 saved to checkpoints/rtpp_20260402-212800/last_model_1.pth
2026-04-02 21:28:39,566 INFO src.train.trainer: Epoch 451
2026-04-02 21:28:39,645 INFO src.train.trainer: New best validation loss: -6.1056, saved to checkpoints/rtpp_20260402-212800/best_model_1.pth
2026-04-02 21:28:39,647 INFO src.train.trainer: Last model at epoch 451 saved to checkpoints/rtpp_20260402-212800/last_model_1.pth
2026-04-02 21:28:39,647 INFO src.train.trainer: Epoch 452
2026-04-02 21:28:39,724 INFO src.train.trainer: New best validation loss: -6.1064, saved to checkpoints/rtpp_20260402-212800/best_model_1.pth
2026-04-02 21:28:39,726 INFO src.train.trainer: Last model at epoch 452 saved to checkpoints/rtpp_20260402-212800/last_model_1.pth
2026-04-02 21:28:39,726 INFO src.train.trainer: Epoch 453
2026-04-02 21:28:39,804 INFO src.train.trainer: New best validation loss: -6.1072, saved to checkpoints/rtpp_20260402-212800/best_model_1.pth
2026-04-02 21:28:39,807 INFO src.train.trainer: Last model at epoch 453 saved to checkpoints/rtpp_20260402-212800/last_model_1.pth
2026-04-02 21:28:39,807 INFO src.train.trainer: Epoch 454
2026-04-02 21:28:39,884 INFO src.train.trainer: New best validation loss: -6.1076, saved to checkpoints/rtpp_20260402-212800/best_model_1.pth
2026-04-02 21:28:39,887 INFO src.train.trainer: Last model at epoch 454 saved to checkpoints/rtpp_20260402-212800/last_model_1.pth
2026-04-02 21:28:39,887 INFO src.train.trainer: Epoch 455
2026-04-02 21:28:39,967 INFO src.train.trainer: Last model at epoch 455 saved to checkpoints/rtpp_20260402-212800/last_model_1.pth
2026-04-02 21:28:39,967 INFO src.train.trainer: Epoch 456
2026-04-02 21:28:40,049 INFO src.train.trainer: New best validation loss: -6.1089, saved to checkpoints/rtpp_20260402-212800/best_model_1.pth
2026-04-02 21:28:40,052 INFO src.train.trainer: Last model at epoch 456 saved to checkpoints/rtpp_20260402-212800/last_model_1.pth
2026-04-02 21:28:40,052 INFO src.train.trainer: Epoch 457
2026-04-02 21:28:40,134 INFO src.train.trainer: New best validation loss: -6.1092, saved to checkpoints/rtpp_20260402-212800/best_model_1.pth
2026-04-02 21:28:40,136 INFO src.train.trainer: Last model at epoch 457 saved to checkpoints/rtpp_20260402-212800/last_model_1.pth
2026-04-02 21:28:40,136 INFO src.train.trainer: Epoch 458
2026-04-02 21:28:40,218 INFO src.train.trainer: Last model at epoch 458 saved to checkpoints/rtpp_20260402-212800/last_model_1.pth
2026-04-02 21:28:40,218 INFO src.train.trainer: Epoch 459
2026-04-02 21:28:40,299 INFO src.train.trainer: New best validation loss: -6.1094, saved to checkpoints/rtpp_20260402-212800/best_model_1.pth
2026-04-02 21:28:40,301 INFO src.train.trainer: Last model at epoch 459 saved to checkpoints/rtpp_20260402-212800/last_model_1.pth
2026-04-02 21:28:40,302 INFO src.train.trainer: Epoch 460
2026-04-02 21:28:40,382 INFO src.train.trainer: New best validation loss: -6.1103, saved to checkpoints/rtpp_20260402-212800/best_model_1.pth
2026-04-02 21:28:40,385 INFO src.train.trainer: Last model at epoch 460 saved to checkpoints/rtpp_20260402-212800/last_model_1.pth
2026-04-02 21:28:40,385 INFO src.train.trainer: Epoch 461
2026-04-02 21:28:40,465 INFO src.train.trainer: New best validation loss: -6.1107, saved to checkpoints/rtpp_20260402-212800/best_model_1.pth
2026-04-02 21:28:40,467 INFO src.train.trainer: Last model at epoch 461 saved to checkpoints/rtpp_20260402-212800/last_model_1.pth
2026-04-02 21:28:40,467 INFO src.train.trainer: Epoch 462
2026-04-02 21:28:40,547 INFO src.train.trainer: Last model at epoch 462 saved to checkpoints/rtpp_20260402-212800/last_model_1.pth
2026-04-02 21:28:40,547 INFO src.train.trainer: Epoch 463
2026-04-02 21:28:40,628 INFO src.train.trainer: New best validation loss: -6.1111, saved to checkpoints/rtpp_20260402-212800/best_model_1.pth
2026-04-02 21:28:40,630 INFO src.train.trainer: Last model at epoch 463 saved to checkpoints/rtpp_20260402-212800/last_model_1.pth
2026-04-02 21:28:40,631 INFO src.train.trainer: Epoch 464
2026-04-02 21:28:40,710 INFO src.train.trainer: New best validation loss: -6.1120, saved to checkpoints/rtpp_20260402-212800/best_model_1.pth
2026-04-02 21:28:40,712 INFO src.train.trainer: Last model at epoch 464 saved to checkpoints/rtpp_20260402-212800/last_model_1.pth
2026-04-02 21:28:40,712 INFO src.train.trainer: Epoch 465
2026-04-02 21:28:40,797 INFO src.train.trainer: New best validation loss: -6.1125, saved to checkpoints/rtpp_20260402-212800/best_model_1.pth
2026-04-02 21:28:40,800 INFO src.train.trainer: Last model at epoch 465 saved to checkpoints/rtpp_20260402-212800/last_model_1.pth
2026-04-02 21:28:40,800 INFO src.train.trainer: Epoch 466
2026-04-02 21:28:40,879 INFO src.train.trainer: Last model at epoch 466 saved to checkpoints/rtpp_20260402-212800/last_model_1.pth
2026-04-02 21:28:40,879 INFO src.train.trainer: Epoch 467
2026-04-02 21:28:40,957 INFO src.train.trainer: New best validation loss: -6.1132, saved to checkpoints/rtpp_20260402-212800/best_model_1.pth
2026-04-02 21:28:40,960 INFO src.train.trainer: Last model at epoch 467 saved to checkpoints/rtpp_20260402-212800/last_model_1.pth
2026-04-02 21:28:40,960 INFO src.train.trainer: Epoch 468
2026-04-02 21:28:41,039 INFO src.train.trainer: New best validation loss: -6.1135, saved to checkpoints/rtpp_20260402-212800/best_model_1.pth
2026-04-02 21:28:41,041 INFO src.train.trainer: Last model at epoch 468 saved to checkpoints/rtpp_20260402-212800/last_model_1.pth
2026-04-02 21:28:41,041 INFO src.train.trainer: Epoch 469
2026-04-02 21:28:41,120 INFO src.train.trainer: New best validation loss: -6.1141, saved to checkpoints/rtpp_20260402-212800/best_model_1.pth
2026-04-02 21:28:41,123 INFO src.train.trainer: Last model at epoch 469 saved to checkpoints/rtpp_20260402-212800/last_model_1.pth
2026-04-02 21:28:41,123 INFO src.train.trainer: Epoch 470
2026-04-02 21:28:41,203 INFO src.train.trainer: Last model at epoch 470 saved to checkpoints/rtpp_20260402-212800/last_model_1.pth
2026-04-02 21:28:41,203 INFO src.train.trainer: Epoch 471
2026-04-02 21:28:41,286 INFO src.train.trainer: New best validation loss: -6.1145, saved to checkpoints/rtpp_20260402-212800/best_model_1.pth
2026-04-02 21:28:41,289 INFO src.train.trainer: Last model at epoch 471 saved to checkpoints/rtpp_20260402-212800/last_model_1.pth
2026-04-02 21:28:41,289 INFO src.train.trainer: Epoch 472
2026-04-02 21:28:41,368 INFO src.train.trainer: New best validation loss: -6.1160, saved to checkpoints/rtpp_20260402-212800/best_model_1.pth
2026-04-02 21:28:41,371 INFO src.train.trainer: Last model at epoch 472 saved to checkpoints/rtpp_20260402-212800/last_model_1.pth
2026-04-02 21:28:41,371 INFO src.train.trainer: Epoch 473
2026-04-02 21:28:41,450 INFO src.train.trainer: New best validation loss: -6.1167, saved to checkpoints/rtpp_20260402-212800/best_model_1.pth
2026-04-02 21:28:41,452 INFO src.train.trainer: Last model at epoch 473 saved to checkpoints/rtpp_20260402-212800/last_model_1.pth
2026-04-02 21:28:41,452 INFO src.train.trainer: Epoch 474
2026-04-02 21:28:41,531 INFO src.train.trainer: Last model at epoch 474 saved to checkpoints/rtpp_20260402-212800/last_model_1.pth
2026-04-02 21:28:41,531 INFO src.train.trainer: Epoch 475
2026-04-02 21:28:41,611 INFO src.train.trainer: New best validation loss: -6.1170, saved to checkpoints/rtpp_20260402-212800/best_model_1.pth
2026-04-02 21:28:41,614 INFO src.train.trainer: Last model at epoch 475 saved to checkpoints/rtpp_20260402-212800/last_model_1.pth
2026-04-02 21:28:41,614 INFO src.train.trainer: Epoch 476
2026-04-02 21:28:41,693 INFO src.train.trainer: New best validation loss: -6.1186, saved to checkpoints/rtpp_20260402-212800/best_model_1.pth
2026-04-02 21:28:41,695 INFO src.train.trainer: Last model at epoch 476 saved to checkpoints/rtpp_20260402-212800/last_model_1.pth
2026-04-02 21:28:41,695 INFO src.train.trainer: Epoch 477
2026-04-02 21:28:41,775 INFO src.train.trainer: New best validation loss: -6.1192, saved to checkpoints/rtpp_20260402-212800/best_model_1.pth
2026-04-02 21:28:41,777 INFO src.train.trainer: Last model at epoch 477 saved to checkpoints/rtpp_20260402-212800/last_model_1.pth
2026-04-02 21:28:41,777 INFO src.train.trainer: Epoch 478
2026-04-02 21:28:41,857 INFO src.train.trainer: Last model at epoch 478 saved to checkpoints/rtpp_20260402-212800/last_model_1.pth
2026-04-02 21:28:41,857 INFO src.train.trainer: Epoch 479
2026-04-02 21:28:41,936 INFO src.train.trainer: Last model at epoch 479 saved to checkpoints/rtpp_20260402-212800/last_model_1.pth
2026-04-02 21:28:41,937 INFO src.train.trainer: Epoch 480
2026-04-02 21:28:42,016 INFO src.train.trainer: New best validation loss: -6.1200, saved to checkpoints/rtpp_20260402-212800/best_model_1.pth
2026-04-02 21:28:42,019 INFO src.train.trainer: Last model at epoch 480 saved to checkpoints/rtpp_20260402-212800/last_model_1.pth
2026-04-02 21:28:42,019 INFO src.train.trainer: Epoch 481
2026-04-02 21:28:42,097 INFO src.train.trainer: New best validation loss: -6.1204, saved to checkpoints/rtpp_20260402-212800/best_model_1.pth
2026-04-02 21:28:42,100 INFO src.train.trainer: Last model at epoch 481 saved to checkpoints/rtpp_20260402-212800/last_model_1.pth
2026-04-02 21:28:42,100 INFO src.train.trainer: Epoch 482
2026-04-02 21:28:42,182 INFO src.train.trainer: Last model at epoch 482 saved to checkpoints/rtpp_20260402-212800/last_model_1.pth
2026-04-02 21:28:42,182 INFO src.train.trainer: Epoch 483
2026-04-02 21:28:42,259 INFO src.train.trainer: Last model at epoch 483 saved to checkpoints/rtpp_20260402-212800/last_model_1.pth
2026-04-02 21:28:42,259 INFO src.train.trainer: Epoch 484
2026-04-02 21:28:42,338 INFO src.train.trainer: New best validation loss: -6.1215, saved to checkpoints/rtpp_20260402-212800/best_model_1.pth
2026-04-02 21:28:42,341 INFO src.train.trainer: Last model at epoch 484 saved to checkpoints/rtpp_20260402-212800/last_model_1.pth
2026-04-02 21:28:42,341 INFO src.train.trainer: Epoch 485
2026-04-02 21:28:42,420 INFO src.train.trainer: New best validation loss: -6.1219, saved to checkpoints/rtpp_20260402-212800/best_model_1.pth
2026-04-02 21:28:42,424 INFO src.train.trainer: Last model at epoch 485 saved to checkpoints/rtpp_20260402-212800/last_model_1.pth
2026-04-02 21:28:42,424 INFO src.train.trainer: Epoch 486
2026-04-02 21:28:42,503 INFO src.train.trainer: Last model at epoch 486 saved to checkpoints/rtpp_20260402-212800/last_model_1.pth
2026-04-02 21:28:42,503 INFO src.train.trainer: Epoch 487
2026-04-02 21:28:42,586 INFO src.train.trainer: Last model at epoch 487 saved to checkpoints/rtpp_20260402-212800/last_model_1.pth
2026-04-02 21:28:42,586 INFO src.train.trainer: Epoch 488
2026-04-02 21:28:42,663 INFO src.train.trainer: New best validation loss: -6.1241, saved to checkpoints/rtpp_20260402-212800/best_model_1.pth
2026-04-02 21:28:42,666 INFO src.train.trainer: Last model at epoch 488 saved to checkpoints/rtpp_20260402-212800/last_model_1.pth
2026-04-02 21:28:42,666 INFO src.train.trainer: Epoch 489
2026-04-02 21:28:42,757 INFO src.train.trainer: New best validation loss: -6.1246, saved to checkpoints/rtpp_20260402-212800/best_model_1.pth
2026-04-02 21:28:42,759 INFO src.train.trainer: Last model at epoch 489 saved to checkpoints/rtpp_20260402-212800/last_model_1.pth
2026-04-02 21:28:42,759 INFO src.train.trainer: Epoch 490
2026-04-02 21:28:42,833 INFO src.train.trainer: New best validation loss: -6.1253, saved to checkpoints/rtpp_20260402-212800/best_model_1.pth
2026-04-02 21:28:42,836 INFO src.train.trainer: Last model at epoch 490 saved to checkpoints/rtpp_20260402-212800/last_model_1.pth
2026-04-02 21:28:42,836 INFO src.train.trainer: Epoch 491
2026-04-02 21:28:42,909 INFO src.train.trainer: Last model at epoch 491 saved to checkpoints/rtpp_20260402-212800/last_model_1.pth
2026-04-02 21:28:42,909 INFO src.train.trainer: Epoch 492
2026-04-02 21:28:42,982 INFO src.train.trainer: New best validation loss: -6.1261, saved to checkpoints/rtpp_20260402-212800/best_model_1.pth
2026-04-02 21:28:42,984 INFO src.train.trainer: Last model at epoch 492 saved to checkpoints/rtpp_20260402-212800/last_model_1.pth
2026-04-02 21:28:42,984 INFO src.train.trainer: Epoch 493
2026-04-02 21:28:43,058 INFO src.train.trainer: New best validation loss: -6.1268, saved to checkpoints/rtpp_20260402-212800/best_model_1.pth
2026-04-02 21:28:43,061 INFO src.train.trainer: Last model at epoch 493 saved to checkpoints/rtpp_20260402-212800/last_model_1.pth
2026-04-02 21:28:43,061 INFO src.train.trainer: Epoch 494
2026-04-02 21:28:43,138 INFO src.train.trainer: New best validation loss: -6.1272, saved to checkpoints/rtpp_20260402-212800/best_model_1.pth
2026-04-02 21:28:43,141 INFO src.train.trainer: Last model at epoch 494 saved to checkpoints/rtpp_20260402-212800/last_model_1.pth
2026-04-02 21:28:43,141 INFO src.train.trainer: Epoch 495
2026-04-02 21:28:43,221 INFO src.train.trainer: Last model at epoch 495 saved to checkpoints/rtpp_20260402-212800/last_model_1.pth
2026-04-02 21:28:43,221 INFO src.train.trainer: Epoch 496
2026-04-02 21:28:43,300 INFO src.train.trainer: Last model at epoch 496 saved to checkpoints/rtpp_20260402-212800/last_model_1.pth
2026-04-02 21:28:43,300 INFO src.train.trainer: Epoch 497
2026-04-02 21:28:43,378 INFO src.train.trainer: New best validation loss: -6.1279, saved to checkpoints/rtpp_20260402-212800/best_model_1.pth
2026-04-02 21:28:43,380 INFO src.train.trainer: Last model at epoch 497 saved to checkpoints/rtpp_20260402-212800/last_model_1.pth
2026-04-02 21:28:43,380 INFO src.train.trainer: Epoch 498
2026-04-02 21:28:43,458 INFO src.train.trainer: New best validation loss: -6.1284, saved to checkpoints/rtpp_20260402-212800/best_model_1.pth
2026-04-02 21:28:43,461 INFO src.train.trainer: Last model at epoch 498 saved to checkpoints/rtpp_20260402-212800/last_model_1.pth
2026-04-02 21:28:43,461 INFO src.train.trainer: Epoch 499
2026-04-02 21:28:43,539 INFO src.train.trainer: New best validation loss: -6.1287, saved to checkpoints/rtpp_20260402-212800/best_model_1.pth
2026-04-02 21:28:43,541 INFO src.train.trainer: Last model at epoch 499 saved to checkpoints/rtpp_20260402-212800/last_model_1.pth
2026-04-02 21:28:43,541 INFO src.train.trainer: Epoch 500
2026-04-02 21:28:43,624 INFO src.train.trainer: New best validation loss: -6.1293, saved to checkpoints/rtpp_20260402-212800/best_model_1.pth
2026-04-02 21:28:43,626 INFO src.train.trainer: Last model at epoch 500 saved to checkpoints/rtpp_20260402-212800/last_model_1.pth
2026-04-02 21:28:43,626 INFO src.train.trainer: Epoch 501
2026-04-02 21:28:43,707 INFO src.train.trainer: New best validation loss: -6.1305, saved to checkpoints/rtpp_20260402-212800/best_model_1.pth
2026-04-02 21:28:43,710 INFO src.train.trainer: Last model at epoch 501 saved to checkpoints/rtpp_20260402-212800/last_model_1.pth
2026-04-02 21:28:43,710 INFO src.train.trainer: Epoch 502
2026-04-02 21:28:43,790 INFO src.train.trainer: New best validation loss: -6.1316, saved to checkpoints/rtpp_20260402-212800/best_model_1.pth
2026-04-02 21:28:43,793 INFO src.train.trainer: Last model at epoch 502 saved to checkpoints/rtpp_20260402-212800/last_model_1.pth
2026-04-02 21:28:43,793 INFO src.train.trainer: Epoch 503
2026-04-02 21:28:43,873 INFO src.train.trainer: New best validation loss: -6.1318, saved to checkpoints/rtpp_20260402-212800/best_model_1.pth
2026-04-02 21:28:43,876 INFO src.train.trainer: Last model at epoch 503 saved to checkpoints/rtpp_20260402-212800/last_model_1.pth
2026-04-02 21:28:43,876 INFO src.train.trainer: Epoch 504
2026-04-02 21:28:43,956 INFO src.train.trainer: New best validation loss: -6.1320, saved to checkpoints/rtpp_20260402-212800/best_model_1.pth
2026-04-02 21:28:43,959 INFO src.train.trainer: Last model at epoch 504 saved to checkpoints/rtpp_20260402-212800/last_model_1.pth
2026-04-02 21:28:43,959 INFO src.train.trainer: Epoch 505
2026-04-02 21:28:44,040 INFO src.train.trainer: New best validation loss: -6.1320, saved to checkpoints/rtpp_20260402-212800/best_model_1.pth
2026-04-02 21:28:44,043 INFO src.train.trainer: Last model at epoch 505 saved to checkpoints/rtpp_20260402-212800/last_model_1.pth
2026-04-02 21:28:44,043 INFO src.train.trainer: Epoch 506
2026-04-02 21:28:44,123 INFO src.train.trainer: New best validation loss: -6.1323, saved to checkpoints/rtpp_20260402-212800/best_model_1.pth
2026-04-02 21:28:44,126 INFO src.train.trainer: Last model at epoch 506 saved to checkpoints/rtpp_20260402-212800/last_model_1.pth
2026-04-02 21:28:44,126 INFO src.train.trainer: Epoch 507
2026-04-02 21:28:44,209 INFO src.train.trainer: Last model at epoch 507 saved to checkpoints/rtpp_20260402-212800/last_model_1.pth
2026-04-02 21:28:44,209 INFO src.train.trainer: Epoch 508
2026-04-02 21:28:44,289 INFO src.train.trainer: Last model at epoch 508 saved to checkpoints/rtpp_20260402-212800/last_model_1.pth
2026-04-02 21:28:44,289 INFO src.train.trainer: Epoch 509
2026-04-02 21:28:44,370 INFO src.train.trainer: Last model at epoch 509 saved to checkpoints/rtpp_20260402-212800/last_model_1.pth
2026-04-02 21:28:44,370 INFO src.train.trainer: Epoch 510
2026-04-02 21:28:44,450 INFO src.train.trainer: New best validation loss: -6.1329, saved to checkpoints/rtpp_20260402-212800/best_model_1.pth
2026-04-02 21:28:44,453 INFO src.train.trainer: Last model at epoch 510 saved to checkpoints/rtpp_20260402-212800/last_model_1.pth
2026-04-02 21:28:44,453 INFO src.train.trainer: Epoch 511
2026-04-02 21:28:44,534 INFO src.train.trainer: New best validation loss: -6.1334, saved to checkpoints/rtpp_20260402-212800/best_model_1.pth
2026-04-02 21:28:44,537 INFO src.train.trainer: Last model at epoch 511 saved to checkpoints/rtpp_20260402-212800/last_model_1.pth
2026-04-02 21:28:44,537 INFO src.train.trainer: Epoch 512
2026-04-02 21:28:44,619 INFO src.train.trainer: New best validation loss: -6.1338, saved to checkpoints/rtpp_20260402-212800/best_model_1.pth
2026-04-02 21:28:44,622 INFO src.train.trainer: Last model at epoch 512 saved to checkpoints/rtpp_20260402-212800/last_model_1.pth
2026-04-02 21:28:44,622 INFO src.train.trainer: Epoch 513
2026-04-02 21:28:44,702 INFO src.train.trainer: New best validation loss: -6.1343, saved to checkpoints/rtpp_20260402-212800/best_model_1.pth
2026-04-02 21:28:44,705 INFO src.train.trainer: Last model at epoch 513 saved to checkpoints/rtpp_20260402-212800/last_model_1.pth
2026-04-02 21:28:44,705 INFO src.train.trainer: Epoch 514
2026-04-02 21:28:44,785 INFO src.train.trainer: New best validation loss: -6.1351, saved to checkpoints/rtpp_20260402-212800/best_model_1.pth
2026-04-02 21:28:44,788 INFO src.train.trainer: Last model at epoch 514 saved to checkpoints/rtpp_20260402-212800/last_model_1.pth
2026-04-02 21:28:44,788 INFO src.train.trainer: Epoch 515
2026-04-02 21:28:44,869 INFO src.train.trainer: New best validation loss: -6.1359, saved to checkpoints/rtpp_20260402-212800/best_model_1.pth
2026-04-02 21:28:44,871 INFO src.train.trainer: Last model at epoch 515 saved to checkpoints/rtpp_20260402-212800/last_model_1.pth
2026-04-02 21:28:44,871 INFO src.train.trainer: Epoch 516
2026-04-02 21:28:44,951 INFO src.train.trainer: New best validation loss: -6.1365, saved to checkpoints/rtpp_20260402-212800/best_model_1.pth
2026-04-02 21:28:44,954 INFO src.train.trainer: Last model at epoch 516 saved to checkpoints/rtpp_20260402-212800/last_model_1.pth
2026-04-02 21:28:44,954 INFO src.train.trainer: Epoch 517
2026-04-02 21:28:45,041 INFO src.train.trainer: New best validation loss: -6.1369, saved to checkpoints/rtpp_20260402-212800/best_model_1.pth
2026-04-02 21:28:45,044 INFO src.train.trainer: Last model at epoch 517 saved to checkpoints/rtpp_20260402-212800/last_model_1.pth
2026-04-02 21:28:45,045 INFO src.train.trainer: Epoch 518
2026-04-02 21:28:45,131 INFO src.train.trainer: New best validation loss: -6.1381, saved to checkpoints/rtpp_20260402-212800/best_model_1.pth
2026-04-02 21:28:45,133 INFO src.train.trainer: Last model at epoch 518 saved to checkpoints/rtpp_20260402-212800/last_model_1.pth
2026-04-02 21:28:45,134 INFO src.train.trainer: Epoch 519
2026-04-02 21:28:45,215 INFO src.train.trainer: New best validation loss: -6.1386, saved to checkpoints/rtpp_20260402-212800/best_model_1.pth
2026-04-02 21:28:45,218 INFO src.train.trainer: Last model at epoch 519 saved to checkpoints/rtpp_20260402-212800/last_model_1.pth
2026-04-02 21:28:45,218 INFO src.train.trainer: Epoch 520
2026-04-02 21:28:45,299 INFO src.train.trainer: New best validation loss: -6.1388, saved to checkpoints/rtpp_20260402-212800/best_model_1.pth
2026-04-02 21:28:45,301 INFO src.train.trainer: Last model at epoch 520 saved to checkpoints/rtpp_20260402-212800/last_model_1.pth
2026-04-02 21:28:45,301 INFO src.train.trainer: Epoch 521
2026-04-02 21:28:45,380 INFO src.train.trainer: Last model at epoch 521 saved to checkpoints/rtpp_20260402-212800/last_model_1.pth
2026-04-02 21:28:45,381 INFO src.train.trainer: Epoch 522
2026-04-02 21:28:45,459 INFO src.train.trainer: New best validation loss: -6.1389, saved to checkpoints/rtpp_20260402-212800/best_model_1.pth
2026-04-02 21:28:45,461 INFO src.train.trainer: Last model at epoch 522 saved to checkpoints/rtpp_20260402-212800/last_model_1.pth
2026-04-02 21:28:45,461 INFO src.train.trainer: Epoch 523
2026-04-02 21:28:45,541 INFO src.train.trainer: New best validation loss: -6.1391, saved to checkpoints/rtpp_20260402-212800/best_model_1.pth
2026-04-02 21:28:45,543 INFO src.train.trainer: Last model at epoch 523 saved to checkpoints/rtpp_20260402-212800/last_model_1.pth
2026-04-02 21:28:45,544 INFO src.train.trainer: Epoch 524
2026-04-02 21:28:45,622 INFO src.train.trainer: New best validation loss: -6.1393, saved to checkpoints/rtpp_20260402-212800/best_model_1.pth
2026-04-02 21:28:45,626 INFO src.train.trainer: Last model at epoch 524 saved to checkpoints/rtpp_20260402-212800/last_model_1.pth
2026-04-02 21:28:45,626 INFO src.train.trainer: Epoch 525
2026-04-02 21:28:45,705 INFO src.train.trainer: New best validation loss: -6.1393, saved to checkpoints/rtpp_20260402-212800/best_model_1.pth
2026-04-02 21:28:45,708 INFO src.train.trainer: Last model at epoch 525 saved to checkpoints/rtpp_20260402-212800/last_model_1.pth
2026-04-02 21:28:45,708 INFO src.train.trainer: Epoch 526
2026-04-02 21:28:45,788 INFO src.train.trainer: New best validation loss: -6.1400, saved to checkpoints/rtpp_20260402-212800/best_model_1.pth
2026-04-02 21:28:45,791 INFO src.train.trainer: Last model at epoch 526 saved to checkpoints/rtpp_20260402-212800/last_model_1.pth
2026-04-02 21:28:45,791 INFO src.train.trainer: Epoch 527
2026-04-02 21:28:45,871 INFO src.train.trainer: New best validation loss: -6.1414, saved to checkpoints/rtpp_20260402-212800/best_model_1.pth
2026-04-02 21:28:45,873 INFO src.train.trainer: Last model at epoch 527 saved to checkpoints/rtpp_20260402-212800/last_model_1.pth
2026-04-02 21:28:45,873 INFO src.train.trainer: Epoch 528
2026-04-02 21:28:45,952 INFO src.train.trainer: New best validation loss: -6.1424, saved to checkpoints/rtpp_20260402-212800/best_model_1.pth
2026-04-02 21:28:45,955 INFO src.train.trainer: Last model at epoch 528 saved to checkpoints/rtpp_20260402-212800/last_model_1.pth
2026-04-02 21:28:45,955 INFO src.train.trainer: Epoch 529
2026-04-02 21:28:46,037 INFO src.train.trainer: New best validation loss: -6.1429, saved to checkpoints/rtpp_20260402-212800/best_model_1.pth
2026-04-02 21:28:46,040 INFO src.train.trainer: Last model at epoch 529 saved to checkpoints/rtpp_20260402-212800/last_model_1.pth
2026-04-02 21:28:46,040 INFO src.train.trainer: Epoch 530
2026-04-02 21:28:46,119 INFO src.train.trainer: New best validation loss: -6.1433, saved to checkpoints/rtpp_20260402-212800/best_model_1.pth
2026-04-02 21:28:46,121 INFO src.train.trainer: Last model at epoch 530 saved to checkpoints/rtpp_20260402-212800/last_model_1.pth
2026-04-02 21:28:46,122 INFO src.train.trainer: Epoch 531
2026-04-02 21:28:46,201 INFO src.train.trainer: New best validation loss: -6.1438, saved to checkpoints/rtpp_20260402-212800/best_model_1.pth
2026-04-02 21:28:46,204 INFO src.train.trainer: Last model at epoch 531 saved to checkpoints/rtpp_20260402-212800/last_model_1.pth
2026-04-02 21:28:46,204 INFO src.train.trainer: Epoch 532
2026-04-02 21:28:46,283 INFO src.train.trainer: New best validation loss: -6.1440, saved to checkpoints/rtpp_20260402-212800/best_model_1.pth
2026-04-02 21:28:46,286 INFO src.train.trainer: Last model at epoch 532 saved to checkpoints/rtpp_20260402-212800/last_model_1.pth
2026-04-02 21:28:46,286 INFO src.train.trainer: Epoch 533
2026-04-02 21:28:46,366 INFO src.train.trainer: Last model at epoch 533 saved to checkpoints/rtpp_20260402-212800/last_model_1.pth
2026-04-02 21:28:46,366 INFO src.train.trainer: Epoch 534
2026-04-02 21:28:46,450 INFO src.train.trainer: New best validation loss: -6.1440, saved to checkpoints/rtpp_20260402-212800/best_model_1.pth
2026-04-02 21:28:46,453 INFO src.train.trainer: Last model at epoch 534 saved to checkpoints/rtpp_20260402-212800/last_model_1.pth
2026-04-02 21:28:46,453 INFO src.train.trainer: Epoch 535
2026-04-02 21:28:46,532 INFO src.train.trainer: Last model at epoch 535 saved to checkpoints/rtpp_20260402-212800/last_model_1.pth
2026-04-02 21:28:46,532 INFO src.train.trainer: Epoch 536
2026-04-02 21:28:46,611 INFO src.train.trainer: New best validation loss: -6.1444, saved to checkpoints/rtpp_20260402-212800/best_model_1.pth
2026-04-02 21:28:46,614 INFO src.train.trainer: Last model at epoch 536 saved to checkpoints/rtpp_20260402-212800/last_model_1.pth
2026-04-02 21:28:46,614 INFO src.train.trainer: Epoch 537
2026-04-02 21:28:46,693 INFO src.train.trainer: New best validation loss: -6.1448, saved to checkpoints/rtpp_20260402-212800/best_model_1.pth
2026-04-02 21:28:46,696 INFO src.train.trainer: Last model at epoch 537 saved to checkpoints/rtpp_20260402-212800/last_model_1.pth
2026-04-02 21:28:46,696 INFO src.train.trainer: Epoch 538
2026-04-02 21:28:46,775 INFO src.train.trainer: New best validation loss: -6.1451, saved to checkpoints/rtpp_20260402-212800/best_model_1.pth
2026-04-02 21:28:46,778 INFO src.train.trainer: Last model at epoch 538 saved to checkpoints/rtpp_20260402-212800/last_model_1.pth
2026-04-02 21:28:46,778 INFO src.train.trainer: Epoch 539
2026-04-02 21:28:46,858 INFO src.train.trainer: Last model at epoch 539 saved to checkpoints/rtpp_20260402-212800/last_model_1.pth
2026-04-02 21:28:46,858 INFO src.train.trainer: Epoch 540
2026-04-02 21:28:46,939 INFO src.train.trainer: New best validation loss: -6.1461, saved to checkpoints/rtpp_20260402-212800/best_model_1.pth
2026-04-02 21:28:46,942 INFO src.train.trainer: Last model at epoch 540 saved to checkpoints/rtpp_20260402-212800/last_model_1.pth
2026-04-02 21:28:46,942 INFO src.train.trainer: Epoch 541
2026-04-02 21:28:47,024 INFO src.train.trainer: New best validation loss: -6.1468, saved to checkpoints/rtpp_20260402-212800/best_model_1.pth
2026-04-02 21:28:47,027 INFO src.train.trainer: Last model at epoch 541 saved to checkpoints/rtpp_20260402-212800/last_model_1.pth
2026-04-02 21:28:47,027 INFO src.train.trainer: Epoch 542
2026-04-02 21:28:47,107 INFO src.train.trainer: New best validation loss: -6.1470, saved to checkpoints/rtpp_20260402-212800/best_model_1.pth
2026-04-02 21:28:47,110 INFO src.train.trainer: Last model at epoch 542 saved to checkpoints/rtpp_20260402-212800/last_model_1.pth
2026-04-02 21:28:47,110 INFO src.train.trainer: Epoch 543
2026-04-02 21:28:47,191 INFO src.train.trainer: Last model at epoch 543 saved to checkpoints/rtpp_20260402-212800/last_model_1.pth
2026-04-02 21:28:47,191 INFO src.train.trainer: Epoch 544
2026-04-02 21:28:47,272 INFO src.train.trainer: Last model at epoch 544 saved to checkpoints/rtpp_20260402-212800/last_model_1.pth
2026-04-02 21:28:47,272 INFO src.train.trainer: Epoch 545
2026-04-02 21:28:47,353 INFO src.train.trainer: New best validation loss: -6.1480, saved to checkpoints/rtpp_20260402-212800/best_model_1.pth
2026-04-02 21:28:47,356 INFO src.train.trainer: Last model at epoch 545 saved to checkpoints/rtpp_20260402-212800/last_model_1.pth
2026-04-02 21:28:47,356 INFO src.train.trainer: Epoch 546
2026-04-02 21:28:47,437 INFO src.train.trainer: New best validation loss: -6.1483, saved to checkpoints/rtpp_20260402-212800/best_model_1.pth
2026-04-02 21:28:47,440 INFO src.train.trainer: Last model at epoch 546 saved to checkpoints/rtpp_20260402-212800/last_model_1.pth
2026-04-02 21:28:47,440 INFO src.train.trainer: Epoch 547
2026-04-02 21:28:47,523 INFO src.train.trainer: New best validation loss: -6.1485, saved to checkpoints/rtpp_20260402-212800/best_model_1.pth
2026-04-02 21:28:47,526 INFO src.train.trainer: Last model at epoch 547 saved to checkpoints/rtpp_20260402-212800/last_model_1.pth
2026-04-02 21:28:47,526 INFO src.train.trainer: Epoch 548
2026-04-02 21:28:47,606 INFO src.train.trainer: New best validation loss: -6.1491, saved to checkpoints/rtpp_20260402-212800/best_model_1.pth
2026-04-02 21:28:47,609 INFO src.train.trainer: Last model at epoch 548 saved to checkpoints/rtpp_20260402-212800/last_model_1.pth
2026-04-02 21:28:47,609 INFO src.train.trainer: Epoch 549
2026-04-02 21:28:47,690 INFO src.train.trainer: Last model at epoch 549 saved to checkpoints/rtpp_20260402-212800/last_model_1.pth
2026-04-02 21:28:47,690 INFO src.train.trainer: Epoch 550
2026-04-02 21:28:47,771 INFO src.train.trainer: Last model at epoch 550 saved to checkpoints/rtpp_20260402-212800/last_model_1.pth
2026-04-02 21:28:47,771 INFO src.train.trainer: Epoch 551
2026-04-02 21:28:47,850 INFO src.train.trainer: New best validation loss: -6.1491, saved to checkpoints/rtpp_20260402-212800/best_model_1.pth
2026-04-02 21:28:47,853 INFO src.train.trainer: Last model at epoch 551 saved to checkpoints/rtpp_20260402-212800/last_model_1.pth
2026-04-02 21:28:47,853 INFO src.train.trainer: Epoch 552
2026-04-02 21:28:47,936 INFO src.train.trainer: Last model at epoch 552 saved to checkpoints/rtpp_20260402-212800/last_model_1.pth
2026-04-02 21:28:47,936 INFO src.train.trainer: Epoch 553
2026-04-02 21:28:48,017 INFO src.train.trainer: Last model at epoch 553 saved to checkpoints/rtpp_20260402-212800/last_model_1.pth
2026-04-02 21:28:48,017 INFO src.train.trainer: Epoch 554
2026-04-02 21:28:48,096 INFO src.train.trainer: New best validation loss: -6.1496, saved to checkpoints/rtpp_20260402-212800/best_model_1.pth
2026-04-02 21:28:48,099 INFO src.train.trainer: Last model at epoch 554 saved to checkpoints/rtpp_20260402-212800/last_model_1.pth
2026-04-02 21:28:48,099 INFO src.train.trainer: Epoch 555
2026-04-02 21:28:48,183 INFO src.train.trainer: New best validation loss: -6.1505, saved to checkpoints/rtpp_20260402-212800/best_model_1.pth
2026-04-02 21:28:48,185 INFO src.train.trainer: Last model at epoch 555 saved to checkpoints/rtpp_20260402-212800/last_model_1.pth
2026-04-02 21:28:48,186 INFO src.train.trainer: Epoch 556
2026-04-02 21:28:48,265 INFO src.train.trainer: New best validation loss: -6.1515, saved to checkpoints/rtpp_20260402-212800/best_model_1.pth
2026-04-02 21:28:48,268 INFO src.train.trainer: Last model at epoch 556 saved to checkpoints/rtpp_20260402-212800/last_model_1.pth
2026-04-02 21:28:48,268 INFO src.train.trainer: Epoch 557
2026-04-02 21:28:48,351 INFO src.train.trainer: New best validation loss: -6.1519, saved to checkpoints/rtpp_20260402-212800/best_model_1.pth
2026-04-02 21:28:48,354 INFO src.train.trainer: Last model at epoch 557 saved to checkpoints/rtpp_20260402-212800/last_model_1.pth
2026-04-02 21:28:48,354 INFO src.train.trainer: Epoch 558
2026-04-02 21:28:48,433 INFO src.train.trainer: New best validation loss: -6.1530, saved to checkpoints/rtpp_20260402-212800/best_model_1.pth
2026-04-02 21:28:48,436 INFO src.train.trainer: Last model at epoch 558 saved to checkpoints/rtpp_20260402-212800/last_model_1.pth
2026-04-02 21:28:48,436 INFO src.train.trainer: Epoch 559
2026-04-02 21:28:48,517 INFO src.train.trainer: New best validation loss: -6.1538, saved to checkpoints/rtpp_20260402-212800/best_model_1.pth
2026-04-02 21:28:48,520 INFO src.train.trainer: Last model at epoch 559 saved to checkpoints/rtpp_20260402-212800/last_model_1.pth
2026-04-02 21:28:48,520 INFO src.train.trainer: Epoch 560
2026-04-02 21:28:48,598 INFO src.train.trainer: New best validation loss: -6.1541, saved to checkpoints/rtpp_20260402-212800/best_model_1.pth
2026-04-02 21:28:48,601 INFO src.train.trainer: Last model at epoch 560 saved to checkpoints/rtpp_20260402-212800/last_model_1.pth
2026-04-02 21:28:48,601 INFO src.train.trainer: Epoch 561
2026-04-02 21:28:48,683 INFO src.train.trainer: New best validation loss: -6.1543, saved to checkpoints/rtpp_20260402-212800/best_model_1.pth
2026-04-02 21:28:48,686 INFO src.train.trainer: Last model at epoch 561 saved to checkpoints/rtpp_20260402-212800/last_model_1.pth
2026-04-02 21:28:48,686 INFO src.train.trainer: Epoch 562
2026-04-02 21:28:48,765 INFO src.train.trainer: Last model at epoch 562 saved to checkpoints/rtpp_20260402-212800/last_model_1.pth
2026-04-02 21:28:48,765 INFO src.train.trainer: Epoch 563
2026-04-02 21:28:48,845 INFO src.train.trainer: New best validation loss: -6.1546, saved to checkpoints/rtpp_20260402-212800/best_model_1.pth
2026-04-02 21:28:48,848 INFO src.train.trainer: Last model at epoch 563 saved to checkpoints/rtpp_20260402-212800/last_model_1.pth
2026-04-02 21:28:48,848 INFO src.train.trainer: Epoch 564
2026-04-02 21:28:48,928 INFO src.train.trainer: New best validation loss: -6.1551, saved to checkpoints/rtpp_20260402-212800/best_model_1.pth
2026-04-02 21:28:48,931 INFO src.train.trainer: Last model at epoch 564 saved to checkpoints/rtpp_20260402-212800/last_model_1.pth
2026-04-02 21:28:48,931 INFO src.train.trainer: Epoch 565
2026-04-02 21:28:49,010 INFO src.train.trainer: Last model at epoch 565 saved to checkpoints/rtpp_20260402-212800/last_model_1.pth
2026-04-02 21:28:49,010 INFO src.train.trainer: Epoch 566
2026-04-02 21:28:49,088 INFO src.train.trainer: Last model at epoch 566 saved to checkpoints/rtpp_20260402-212800/last_model_1.pth
2026-04-02 21:28:49,088 INFO src.train.trainer: Epoch 567
2026-04-02 21:28:49,169 INFO src.train.trainer: New best validation loss: -6.1552, saved to checkpoints/rtpp_20260402-212800/best_model_1.pth
2026-04-02 21:28:49,171 INFO src.train.trainer: Last model at epoch 567 saved to checkpoints/rtpp_20260402-212800/last_model_1.pth
2026-04-02 21:28:49,171 INFO src.train.trainer: Epoch 568
2026-04-02 21:28:49,250 INFO src.train.trainer: New best validation loss: -6.1558, saved to checkpoints/rtpp_20260402-212800/best_model_1.pth
2026-04-02 21:28:49,252 INFO src.train.trainer: Last model at epoch 568 saved to checkpoints/rtpp_20260402-212800/last_model_1.pth
2026-04-02 21:28:49,252 INFO src.train.trainer: Epoch 569
2026-04-02 21:28:49,331 INFO src.train.trainer: New best validation loss: -6.1559, saved to checkpoints/rtpp_20260402-212800/best_model_1.pth
2026-04-02 21:28:49,334 INFO src.train.trainer: Last model at epoch 569 saved to checkpoints/rtpp_20260402-212800/last_model_1.pth
2026-04-02 21:28:49,334 INFO src.train.trainer: Epoch 570
2026-04-02 21:28:49,412 INFO src.train.trainer: New best validation loss: -6.1563, saved to checkpoints/rtpp_20260402-212800/best_model_1.pth
2026-04-02 21:28:49,415 INFO src.train.trainer: Last model at epoch 570 saved to checkpoints/rtpp_20260402-212800/last_model_1.pth
2026-04-02 21:28:49,415 INFO src.train.trainer: Epoch 571
2026-04-02 21:28:49,494 INFO src.train.trainer: New best validation loss: -6.1574, saved to checkpoints/rtpp_20260402-212800/best_model_1.pth
2026-04-02 21:28:49,497 INFO src.train.trainer: Last model at epoch 571 saved to checkpoints/rtpp_20260402-212800/last_model_1.pth
2026-04-02 21:28:49,497 INFO src.train.trainer: Epoch 572
2026-04-02 21:28:49,576 INFO src.train.trainer: New best validation loss: -6.1577, saved to checkpoints/rtpp_20260402-212800/best_model_1.pth
2026-04-02 21:28:49,578 INFO src.train.trainer: Last model at epoch 572 saved to checkpoints/rtpp_20260402-212800/last_model_1.pth
2026-04-02 21:28:49,578 INFO src.train.trainer: Epoch 573
2026-04-02 21:28:49,657 INFO src.train.trainer: Last model at epoch 573 saved to checkpoints/rtpp_20260402-212800/last_model_1.pth
2026-04-02 21:28:49,657 INFO src.train.trainer: Epoch 574
2026-04-02 21:28:49,735 INFO src.train.trainer: New best validation loss: -6.1590, saved to checkpoints/rtpp_20260402-212800/best_model_1.pth
2026-04-02 21:28:49,738 INFO src.train.trainer: Last model at epoch 574 saved to checkpoints/rtpp_20260402-212800/last_model_1.pth
2026-04-02 21:28:49,738 INFO src.train.trainer: Epoch 575
2026-04-02 21:28:49,817 INFO src.train.trainer: New best validation loss: -6.1599, saved to checkpoints/rtpp_20260402-212800/best_model_1.pth
2026-04-02 21:28:49,820 INFO src.train.trainer: Last model at epoch 575 saved to checkpoints/rtpp_20260402-212800/last_model_1.pth
2026-04-02 21:28:49,820 INFO src.train.trainer: Epoch 576
2026-04-02 21:28:49,900 INFO src.train.trainer: New best validation loss: -6.1607, saved to checkpoints/rtpp_20260402-212800/best_model_1.pth
2026-04-02 21:28:49,902 INFO src.train.trainer: Last model at epoch 576 saved to checkpoints/rtpp_20260402-212800/last_model_1.pth
2026-04-02 21:28:49,902 INFO src.train.trainer: Epoch 577
2026-04-02 21:28:49,981 INFO src.train.trainer: Last model at epoch 577 saved to checkpoints/rtpp_20260402-212800/last_model_1.pth
2026-04-02 21:28:49,981 INFO src.train.trainer: Epoch 578
2026-04-02 21:28:50,064 INFO src.train.trainer: Last model at epoch 578 saved to checkpoints/rtpp_20260402-212800/last_model_1.pth
2026-04-02 21:28:50,064 INFO src.train.trainer: Epoch 579
2026-04-02 21:28:50,147 INFO src.train.trainer: Last model at epoch 579 saved to checkpoints/rtpp_20260402-212800/last_model_1.pth
2026-04-02 21:28:50,147 INFO src.train.trainer: Epoch 580
2026-04-02 21:28:50,243 INFO src.train.trainer: Last model at epoch 580 saved to checkpoints/rtpp_20260402-212800/last_model_1.pth
2026-04-02 21:28:50,243 INFO src.train.trainer: Epoch 581
2026-04-02 21:28:50,325 INFO src.train.trainer: Last model at epoch 581 saved to checkpoints/rtpp_20260402-212800/last_model_1.pth
2026-04-02 21:28:50,325 INFO src.train.trainer: Epoch 582
2026-04-02 21:28:50,409 INFO src.train.trainer: New best validation loss: -6.1614, saved to checkpoints/rtpp_20260402-212800/best_model_1.pth
2026-04-02 21:28:50,412 INFO src.train.trainer: Last model at epoch 582 saved to checkpoints/rtpp_20260402-212800/last_model_1.pth
2026-04-02 21:28:50,412 INFO src.train.trainer: Epoch 583
2026-04-02 21:28:50,495 INFO src.train.trainer: New best validation loss: -6.1619, saved to checkpoints/rtpp_20260402-212800/best_model_1.pth
2026-04-02 21:28:50,498 INFO src.train.trainer: Last model at epoch 583 saved to checkpoints/rtpp_20260402-212800/last_model_1.pth
2026-04-02 21:28:50,498 INFO src.train.trainer: Epoch 584
2026-04-02 21:28:50,579 INFO src.train.trainer: New best validation loss: -6.1620, saved to checkpoints/rtpp_20260402-212800/best_model_1.pth
2026-04-02 21:28:50,582 INFO src.train.trainer: Last model at epoch 584 saved to checkpoints/rtpp_20260402-212800/last_model_1.pth
2026-04-02 21:28:50,582 INFO src.train.trainer: Epoch 585
2026-04-02 21:28:50,662 INFO src.train.trainer: New best validation loss: -6.1620, saved to checkpoints/rtpp_20260402-212800/best_model_1.pth
2026-04-02 21:28:50,665 INFO src.train.trainer: Last model at epoch 585 saved to checkpoints/rtpp_20260402-212800/last_model_1.pth
2026-04-02 21:28:50,665 INFO src.train.trainer: Epoch 586
2026-04-02 21:28:50,746 INFO src.train.trainer: New best validation loss: -6.1623, saved to checkpoints/rtpp_20260402-212800/best_model_1.pth
2026-04-02 21:28:50,749 INFO src.train.trainer: Last model at epoch 586 saved to checkpoints/rtpp_20260402-212800/last_model_1.pth
2026-04-02 21:28:50,749 INFO src.train.trainer: Epoch 587
2026-04-02 21:28:50,831 INFO src.train.trainer: Last model at epoch 587 saved to checkpoints/rtpp_20260402-212800/last_model_1.pth
2026-04-02 21:28:50,831 INFO src.train.trainer: Epoch 588
2026-04-02 21:28:50,907 INFO src.train.trainer: Last model at epoch 588 saved to checkpoints/rtpp_20260402-212800/last_model_1.pth
2026-04-02 21:28:50,907 INFO src.train.trainer: Epoch 589
2026-04-02 21:28:50,983 INFO src.train.trainer: Last model at epoch 589 saved to checkpoints/rtpp_20260402-212800/last_model_1.pth
2026-04-02 21:28:50,983 INFO src.train.trainer: Epoch 590
2026-04-02 21:28:51,060 INFO src.train.trainer: New best validation loss: -6.1626, saved to checkpoints/rtpp_20260402-212800/best_model_1.pth
2026-04-02 21:28:51,064 INFO src.train.trainer: Last model at epoch 590 saved to checkpoints/rtpp_20260402-212800/last_model_1.pth
2026-04-02 21:28:51,064 INFO src.train.trainer: Epoch 591
2026-04-02 21:28:51,144 INFO src.train.trainer: New best validation loss: -6.1646, saved to checkpoints/rtpp_20260402-212800/best_model_1.pth
2026-04-02 21:28:51,147 INFO src.train.trainer: Last model at epoch 591 saved to checkpoints/rtpp_20260402-212800/last_model_1.pth
2026-04-02 21:28:51,147 INFO src.train.trainer: Epoch 592
2026-04-02 21:28:51,224 INFO src.train.trainer: New best validation loss: -6.1656, saved to checkpoints/rtpp_20260402-212800/best_model_1.pth
2026-04-02 21:28:51,227 INFO src.train.trainer: Last model at epoch 592 saved to checkpoints/rtpp_20260402-212800/last_model_1.pth
2026-04-02 21:28:51,227 INFO src.train.trainer: Epoch 593
2026-04-02 21:28:51,308 INFO src.train.trainer: New best validation loss: -6.1659, saved to checkpoints/rtpp_20260402-212800/best_model_1.pth
2026-04-02 21:28:51,311 INFO src.train.trainer: Last model at epoch 593 saved to checkpoints/rtpp_20260402-212800/last_model_1.pth
2026-04-02 21:28:51,311 INFO src.train.trainer: Epoch 594
2026-04-02 21:28:51,395 INFO src.train.trainer: New best validation loss: -6.1660, saved to checkpoints/rtpp_20260402-212800/best_model_1.pth
2026-04-02 21:28:51,398 INFO src.train.trainer: Last model at epoch 594 saved to checkpoints/rtpp_20260402-212800/last_model_1.pth
2026-04-02 21:28:51,398 INFO src.train.trainer: Epoch 595
2026-04-02 21:28:51,481 INFO src.train.trainer: Last model at epoch 595 saved to checkpoints/rtpp_20260402-212800/last_model_1.pth
2026-04-02 21:28:51,481 INFO src.train.trainer: Epoch 596
2026-04-02 21:28:51,559 INFO src.train.trainer: Last model at epoch 596 saved to checkpoints/rtpp_20260402-212800/last_model_1.pth
2026-04-02 21:28:51,559 INFO src.train.trainer: Epoch 597
2026-04-02 21:28:51,639 INFO src.train.trainer: New best validation loss: -6.1663, saved to checkpoints/rtpp_20260402-212800/best_model_1.pth
2026-04-02 21:28:51,642 INFO src.train.trainer: Last model at epoch 597 saved to checkpoints/rtpp_20260402-212800/last_model_1.pth
2026-04-02 21:28:51,642 INFO src.train.trainer: Epoch 598
2026-04-02 21:28:51,721 INFO src.train.trainer: New best validation loss: -6.1672, saved to checkpoints/rtpp_20260402-212800/best_model_1.pth
2026-04-02 21:28:51,724 INFO src.train.trainer: Last model at epoch 598 saved to checkpoints/rtpp_20260402-212800/last_model_1.pth
2026-04-02 21:28:51,724 INFO src.train.trainer: Epoch 599
2026-04-02 21:28:51,803 INFO src.train.trainer: New best validation loss: -6.1689, saved to checkpoints/rtpp_20260402-212800/best_model_1.pth
2026-04-02 21:28:51,806 INFO src.train.trainer: Last model at epoch 599 saved to checkpoints/rtpp_20260402-212800/last_model_1.pth
2026-04-02 21:28:51,806 INFO src.train.trainer: Epoch 600
2026-04-02 21:28:51,889 INFO src.train.trainer: New best validation loss: -6.1709, saved to checkpoints/rtpp_20260402-212800/best_model_1.pth
2026-04-02 21:28:51,892 INFO src.train.trainer: Last model at epoch 600 saved to checkpoints/rtpp_20260402-212800/last_model_1.pth
2026-04-02 21:28:51,892 INFO src.train.trainer: Epoch 601
2026-04-02 21:28:51,972 INFO src.train.trainer: New best validation loss: -6.1719, saved to checkpoints/rtpp_20260402-212800/best_model_1.pth
2026-04-02 21:28:51,975 INFO src.train.trainer: Last model at epoch 601 saved to checkpoints/rtpp_20260402-212800/last_model_1.pth
2026-04-02 21:28:51,975 INFO src.train.trainer: Epoch 602
2026-04-02 21:28:52,055 INFO src.train.trainer: New best validation loss: -6.1722, saved to checkpoints/rtpp_20260402-212800/best_model_1.pth
2026-04-02 21:28:52,058 INFO src.train.trainer: Last model at epoch 602 saved to checkpoints/rtpp_20260402-212800/last_model_1.pth
2026-04-02 21:28:52,058 INFO src.train.trainer: Epoch 603
2026-04-02 21:28:52,138 INFO src.train.trainer: Last model at epoch 603 saved to checkpoints/rtpp_20260402-212800/last_model_1.pth
2026-04-02 21:28:52,138 INFO src.train.trainer: Epoch 604
2026-04-02 21:28:52,220 INFO src.train.trainer: Last model at epoch 604 saved to checkpoints/rtpp_20260402-212800/last_model_1.pth
2026-04-02 21:28:52,220 INFO src.train.trainer: Epoch 605
2026-04-02 21:28:52,303 INFO src.train.trainer: Last model at epoch 605 saved to checkpoints/rtpp_20260402-212800/last_model_1.pth
2026-04-02 21:28:52,303 INFO src.train.trainer: Epoch 606
2026-04-02 21:28:52,382 INFO src.train.trainer: Last model at epoch 606 saved to checkpoints/rtpp_20260402-212800/last_model_1.pth
2026-04-02 21:28:52,382 INFO src.train.trainer: Epoch 607
2026-04-02 21:28:52,464 INFO src.train.trainer: Last model at epoch 607 saved to checkpoints/rtpp_20260402-212800/last_model_1.pth
2026-04-02 21:28:52,464 INFO src.train.trainer: Epoch 608
2026-04-02 21:28:52,542 INFO src.train.trainer: Last model at epoch 608 saved to checkpoints/rtpp_20260402-212800/last_model_1.pth
2026-04-02 21:28:52,543 INFO src.train.trainer: Epoch 609
2026-04-02 21:28:52,624 INFO src.train.trainer: New best validation loss: -6.1724, saved to checkpoints/rtpp_20260402-212800/best_model_1.pth
2026-04-02 21:28:52,627 INFO src.train.trainer: Last model at epoch 609 saved to checkpoints/rtpp_20260402-212800/last_model_1.pth
2026-04-02 21:28:52,627 INFO src.train.trainer: Epoch 610
2026-04-02 21:28:52,713 INFO src.train.trainer: New best validation loss: -6.1729, saved to checkpoints/rtpp_20260402-212800/best_model_1.pth
2026-04-02 21:28:52,716 INFO src.train.trainer: Last model at epoch 610 saved to checkpoints/rtpp_20260402-212800/last_model_1.pth
2026-04-02 21:28:52,716 INFO src.train.trainer: Epoch 611
2026-04-02 21:28:52,795 INFO src.train.trainer: New best validation loss: -6.1737, saved to checkpoints/rtpp_20260402-212800/best_model_1.pth
2026-04-02 21:28:52,798 INFO src.train.trainer: Last model at epoch 611 saved to checkpoints/rtpp_20260402-212800/last_model_1.pth
2026-04-02 21:28:52,798 INFO src.train.trainer: Epoch 612
2026-04-02 21:28:52,876 INFO src.train.trainer: New best validation loss: -6.1744, saved to checkpoints/rtpp_20260402-212800/best_model_1.pth
2026-04-02 21:28:52,879 INFO src.train.trainer: Last model at epoch 612 saved to checkpoints/rtpp_20260402-212800/last_model_1.pth
2026-04-02 21:28:52,879 INFO src.train.trainer: Epoch 613
2026-04-02 21:28:52,959 INFO src.train.trainer: New best validation loss: -6.1744, saved to checkpoints/rtpp_20260402-212800/best_model_1.pth
2026-04-02 21:28:52,962 INFO src.train.trainer: Last model at epoch 613 saved to checkpoints/rtpp_20260402-212800/last_model_1.pth
2026-04-02 21:28:52,962 INFO src.train.trainer: Epoch 614
2026-04-02 21:28:53,041 INFO src.train.trainer: Last model at epoch 614 saved to checkpoints/rtpp_20260402-212800/last_model_1.pth
2026-04-02 21:28:53,041 INFO src.train.trainer: Epoch 615
2026-04-02 21:28:53,119 INFO src.train.trainer: Last model at epoch 615 saved to checkpoints/rtpp_20260402-212800/last_model_1.pth
2026-04-02 21:28:53,119 INFO src.train.trainer: Epoch 616
2026-04-02 21:28:53,197 INFO src.train.trainer: Last model at epoch 616 saved to checkpoints/rtpp_20260402-212800/last_model_1.pth
2026-04-02 21:28:53,198 INFO src.train.trainer: Epoch 617
2026-04-02 21:28:53,278 INFO src.train.trainer: Last model at epoch 617 saved to checkpoints/rtpp_20260402-212800/last_model_1.pth
2026-04-02 21:28:53,278 INFO src.train.trainer: Epoch 618
2026-04-02 21:28:53,360 INFO src.train.trainer: New best validation loss: -6.1753, saved to checkpoints/rtpp_20260402-212800/best_model_1.pth
2026-04-02 21:28:53,364 INFO src.train.trainer: Last model at epoch 618 saved to checkpoints/rtpp_20260402-212800/last_model_1.pth
2026-04-02 21:28:53,364 INFO src.train.trainer: Epoch 619
2026-04-02 21:28:53,446 INFO src.train.trainer: New best validation loss: -6.1762, saved to checkpoints/rtpp_20260402-212800/best_model_1.pth
2026-04-02 21:28:53,449 INFO src.train.trainer: Last model at epoch 619 saved to checkpoints/rtpp_20260402-212800/last_model_1.pth
2026-04-02 21:28:53,449 INFO src.train.trainer: Epoch 620
2026-04-02 21:28:53,530 INFO src.train.trainer: New best validation loss: -6.1778, saved to checkpoints/rtpp_20260402-212800/best_model_1.pth
2026-04-02 21:28:53,533 INFO src.train.trainer: Last model at epoch 620 saved to checkpoints/rtpp_20260402-212800/last_model_1.pth
2026-04-02 21:28:53,533 INFO src.train.trainer: Epoch 621
2026-04-02 21:28:53,613 INFO src.train.trainer: New best validation loss: -6.1780, saved to checkpoints/rtpp_20260402-212800/best_model_1.pth
2026-04-02 21:28:53,615 INFO src.train.trainer: Last model at epoch 621 saved to checkpoints/rtpp_20260402-212800/last_model_1.pth
2026-04-02 21:28:53,615 INFO src.train.trainer: Epoch 622
2026-04-02 21:28:53,694 INFO src.train.trainer: Last model at epoch 622 saved to checkpoints/rtpp_20260402-212800/last_model_1.pth
2026-04-02 21:28:53,695 INFO src.train.trainer: Epoch 623
2026-04-02 21:28:53,774 INFO src.train.trainer: Last model at epoch 623 saved to checkpoints/rtpp_20260402-212800/last_model_1.pth
2026-04-02 21:28:53,774 INFO src.train.trainer: Epoch 624
2026-04-02 21:28:53,852 INFO src.train.trainer: Last model at epoch 624 saved to checkpoints/rtpp_20260402-212800/last_model_1.pth
2026-04-02 21:28:53,853 INFO src.train.trainer: Epoch 625
2026-04-02 21:28:53,933 INFO src.train.trainer: Last model at epoch 625 saved to checkpoints/rtpp_20260402-212800/last_model_1.pth
2026-04-02 21:28:53,933 INFO src.train.trainer: Epoch 626
2026-04-02 21:28:54,013 INFO src.train.trainer: Last model at epoch 626 saved to checkpoints/rtpp_20260402-212800/last_model_1.pth
2026-04-02 21:28:54,014 INFO src.train.trainer: Epoch 627
2026-04-02 21:28:54,093 INFO src.train.trainer: Last model at epoch 627 saved to checkpoints/rtpp_20260402-212800/last_model_1.pth
2026-04-02 21:28:54,093 INFO src.train.trainer: Epoch 628
2026-04-02 21:28:54,175 INFO src.train.trainer: New best validation loss: -6.1787, saved to checkpoints/rtpp_20260402-212800/best_model_1.pth
2026-04-02 21:28:54,178 INFO src.train.trainer: Last model at epoch 628 saved to checkpoints/rtpp_20260402-212800/last_model_1.pth
2026-04-02 21:28:54,178 INFO src.train.trainer: Epoch 629
2026-04-02 21:28:54,260 INFO src.train.trainer: New best validation loss: -6.1798, saved to checkpoints/rtpp_20260402-212800/best_model_1.pth
2026-04-02 21:28:54,263 INFO src.train.trainer: Last model at epoch 629 saved to checkpoints/rtpp_20260402-212800/last_model_1.pth
2026-04-02 21:28:54,263 INFO src.train.trainer: Epoch 630
2026-04-02 21:28:54,344 INFO src.train.trainer: Last model at epoch 630 saved to checkpoints/rtpp_20260402-212800/last_model_1.pth
2026-04-02 21:28:54,344 INFO src.train.trainer: Epoch 631
2026-04-02 21:28:54,425 INFO src.train.trainer: New best validation loss: -6.1799, saved to checkpoints/rtpp_20260402-212800/best_model_1.pth
2026-04-02 21:28:54,427 INFO src.train.trainer: Last model at epoch 631 saved to checkpoints/rtpp_20260402-212800/last_model_1.pth
2026-04-02 21:28:54,427 INFO src.train.trainer: Epoch 632
2026-04-02 21:28:54,514 INFO src.train.trainer: Last model at epoch 632 saved to checkpoints/rtpp_20260402-212800/last_model_1.pth
2026-04-02 21:28:54,514 INFO src.train.trainer: Epoch 633
2026-04-02 21:28:54,594 INFO src.train.trainer: Last model at epoch 633 saved to checkpoints/rtpp_20260402-212800/last_model_1.pth
2026-04-02 21:28:54,594 INFO src.train.trainer: Epoch 634
2026-04-02 21:28:54,672 INFO src.train.trainer: New best validation loss: -6.1801, saved to checkpoints/rtpp_20260402-212800/best_model_1.pth
2026-04-02 21:28:54,675 INFO src.train.trainer: Last model at epoch 634 saved to checkpoints/rtpp_20260402-212800/last_model_1.pth
2026-04-02 21:28:54,675 INFO src.train.trainer: Epoch 635
2026-04-02 21:28:54,758 INFO src.train.trainer: New best validation loss: -6.1809, saved to checkpoints/rtpp_20260402-212800/best_model_1.pth
2026-04-02 21:28:54,760 INFO src.train.trainer: Last model at epoch 635 saved to checkpoints/rtpp_20260402-212800/last_model_1.pth
2026-04-02 21:28:54,760 INFO src.train.trainer: Epoch 636
2026-04-02 21:28:54,839 INFO src.train.trainer: New best validation loss: -6.1825, saved to checkpoints/rtpp_20260402-212800/best_model_1.pth
2026-04-02 21:28:54,841 INFO src.train.trainer: Last model at epoch 636 saved to checkpoints/rtpp_20260402-212800/last_model_1.pth
2026-04-02 21:28:54,842 INFO src.train.trainer: Epoch 637
2026-04-02 21:28:54,923 INFO src.train.trainer: New best validation loss: -6.1842, saved to checkpoints/rtpp_20260402-212800/best_model_1.pth
2026-04-02 21:28:54,926 INFO src.train.trainer: Last model at epoch 637 saved to checkpoints/rtpp_20260402-212800/last_model_1.pth
2026-04-02 21:28:54,926 INFO src.train.trainer: Epoch 638
2026-04-02 21:28:55,007 INFO src.train.trainer: New best validation loss: -6.1852, saved to checkpoints/rtpp_20260402-212800/best_model_1.pth
2026-04-02 21:28:55,009 INFO src.train.trainer: Last model at epoch 638 saved to checkpoints/rtpp_20260402-212800/last_model_1.pth
2026-04-02 21:28:55,009 INFO src.train.trainer: Epoch 639
2026-04-02 21:28:55,092 INFO src.train.trainer: New best validation loss: -6.1852, saved to checkpoints/rtpp_20260402-212800/best_model_1.pth
2026-04-02 21:28:55,094 INFO src.train.trainer: Last model at epoch 639 saved to checkpoints/rtpp_20260402-212800/last_model_1.pth
2026-04-02 21:28:55,095 INFO src.train.trainer: Epoch 640
2026-04-02 21:28:55,176 INFO src.train.trainer: Last model at epoch 640 saved to checkpoints/rtpp_20260402-212800/last_model_1.pth
2026-04-02 21:28:55,176 INFO src.train.trainer: Epoch 641
2026-04-02 21:28:55,260 INFO src.train.trainer: Last model at epoch 641 saved to checkpoints/rtpp_20260402-212800/last_model_1.pth
2026-04-02 21:28:55,260 INFO src.train.trainer: Epoch 642
2026-04-02 21:28:55,340 INFO src.train.trainer: Last model at epoch 642 saved to checkpoints/rtpp_20260402-212800/last_model_1.pth
2026-04-02 21:28:55,341 INFO src.train.trainer: Epoch 643
2026-04-02 21:28:55,422 INFO src.train.trainer: Last model at epoch 643 saved to checkpoints/rtpp_20260402-212800/last_model_1.pth
2026-04-02 21:28:55,422 INFO src.train.trainer: Epoch 644
2026-04-02 21:28:55,503 INFO src.train.trainer: New best validation loss: -6.1853, saved to checkpoints/rtpp_20260402-212800/best_model_1.pth
2026-04-02 21:28:55,506 INFO src.train.trainer: Last model at epoch 644 saved to checkpoints/rtpp_20260402-212800/last_model_1.pth
2026-04-02 21:28:55,506 INFO src.train.trainer: Epoch 645
2026-04-02 21:28:55,587 INFO src.train.trainer: New best validation loss: -6.1864, saved to checkpoints/rtpp_20260402-212800/best_model_1.pth
2026-04-02 21:28:55,590 INFO src.train.trainer: Last model at epoch 645 saved to checkpoints/rtpp_20260402-212800/last_model_1.pth
2026-04-02 21:28:55,590 INFO src.train.trainer: Epoch 646
2026-04-02 21:28:55,673 INFO src.train.trainer: New best validation loss: -6.1877, saved to checkpoints/rtpp_20260402-212800/best_model_1.pth
2026-04-02 21:28:55,676 INFO src.train.trainer: Last model at epoch 646 saved to checkpoints/rtpp_20260402-212800/last_model_1.pth
2026-04-02 21:28:55,676 INFO src.train.trainer: Epoch 647
2026-04-02 21:28:55,757 INFO src.train.trainer: New best validation loss: -6.1892, saved to checkpoints/rtpp_20260402-212800/best_model_1.pth
2026-04-02 21:28:55,760 INFO src.train.trainer: Last model at epoch 647 saved to checkpoints/rtpp_20260402-212800/last_model_1.pth
2026-04-02 21:28:55,760 INFO src.train.trainer: Epoch 648
2026-04-02 21:28:55,842 INFO src.train.trainer: Last model at epoch 648 saved to checkpoints/rtpp_20260402-212800/last_model_1.pth
2026-04-02 21:28:55,842 INFO src.train.trainer: Epoch 649
2026-04-02 21:28:55,922 INFO src.train.trainer: Last model at epoch 649 saved to checkpoints/rtpp_20260402-212800/last_model_1.pth
2026-04-02 21:28:55,922 INFO src.train.trainer: Epoch 650
2026-04-02 21:28:56,001 INFO src.train.trainer: Last model at epoch 650 saved to checkpoints/rtpp_20260402-212800/last_model_1.pth
2026-04-02 21:28:56,001 INFO src.train.trainer: Epoch 651
2026-04-02 21:28:56,081 INFO src.train.trainer: Last model at epoch 651 saved to checkpoints/rtpp_20260402-212800/last_model_1.pth
2026-04-02 21:28:56,081 INFO src.train.trainer: Epoch 652
2026-04-02 21:28:56,160 INFO src.train.trainer: Last model at epoch 652 saved to checkpoints/rtpp_20260402-212800/last_model_1.pth
2026-04-02 21:28:56,160 INFO src.train.trainer: Epoch 653
2026-04-02 21:28:56,240 INFO src.train.trainer: Last model at epoch 653 saved to checkpoints/rtpp_20260402-212800/last_model_1.pth
2026-04-02 21:28:56,240 INFO src.train.trainer: Epoch 654
2026-04-02 21:28:56,320 INFO src.train.trainer: New best validation loss: -6.1895, saved to checkpoints/rtpp_20260402-212800/best_model_1.pth
2026-04-02 21:28:56,323 INFO src.train.trainer: Last model at epoch 654 saved to checkpoints/rtpp_20260402-212800/last_model_1.pth
2026-04-02 21:28:56,323 INFO src.train.trainer: Epoch 655
2026-04-02 21:28:56,409 INFO src.train.trainer: New best validation loss: -6.1904, saved to checkpoints/rtpp_20260402-212800/best_model_1.pth
2026-04-02 21:28:56,412 INFO src.train.trainer: Last model at epoch 655 saved to checkpoints/rtpp_20260402-212800/last_model_1.pth
2026-04-02 21:28:56,412 INFO src.train.trainer: Epoch 656
2026-04-02 21:28:56,491 INFO src.train.trainer: New best validation loss: -6.1908, saved to checkpoints/rtpp_20260402-212800/best_model_1.pth
2026-04-02 21:28:56,494 INFO src.train.trainer: Last model at epoch 656 saved to checkpoints/rtpp_20260402-212800/last_model_1.pth
2026-04-02 21:28:56,494 INFO src.train.trainer: Epoch 657
2026-04-02 21:28:56,573 INFO src.train.trainer: Last model at epoch 657 saved to checkpoints/rtpp_20260402-212800/last_model_1.pth
2026-04-02 21:28:56,573 INFO src.train.trainer: Epoch 658
2026-04-02 21:28:56,651 INFO src.train.trainer: New best validation loss: -6.1914, saved to checkpoints/rtpp_20260402-212800/best_model_1.pth
2026-04-02 21:28:56,654 INFO src.train.trainer: Last model at epoch 658 saved to checkpoints/rtpp_20260402-212800/last_model_1.pth
2026-04-02 21:28:56,654 INFO src.train.trainer: Epoch 659
2026-04-02 21:28:56,733 INFO src.train.trainer: New best validation loss: -6.1916, saved to checkpoints/rtpp_20260402-212800/best_model_1.pth
2026-04-02 21:28:56,736 INFO src.train.trainer: Last model at epoch 659 saved to checkpoints/rtpp_20260402-212800/last_model_1.pth
2026-04-02 21:28:56,736 INFO src.train.trainer: Epoch 660
2026-04-02 21:28:56,814 INFO src.train.trainer: New best validation loss: -6.1918, saved to checkpoints/rtpp_20260402-212800/best_model_1.pth
2026-04-02 21:28:56,817 INFO src.train.trainer: Last model at epoch 660 saved to checkpoints/rtpp_20260402-212800/last_model_1.pth
2026-04-02 21:28:56,817 INFO src.train.trainer: Epoch 661
2026-04-02 21:28:56,900 INFO src.train.trainer: New best validation loss: -6.1919, saved to checkpoints/rtpp_20260402-212800/best_model_1.pth
2026-04-02 21:28:56,902 INFO src.train.trainer: Last model at epoch 661 saved to checkpoints/rtpp_20260402-212800/last_model_1.pth
2026-04-02 21:28:56,902 INFO src.train.trainer: Epoch 662
2026-04-02 21:28:56,984 INFO src.train.trainer: New best validation loss: -6.1934, saved to checkpoints/rtpp_20260402-212800/best_model_1.pth
2026-04-02 21:28:56,986 INFO src.train.trainer: Last model at epoch 662 saved to checkpoints/rtpp_20260402-212800/last_model_1.pth
2026-04-02 21:28:56,986 INFO src.train.trainer: Epoch 663
2026-04-02 21:28:57,068 INFO src.train.trainer: New best validation loss: -6.1937, saved to checkpoints/rtpp_20260402-212800/best_model_1.pth
2026-04-02 21:28:57,071 INFO src.train.trainer: Last model at epoch 663 saved to checkpoints/rtpp_20260402-212800/last_model_1.pth
2026-04-02 21:28:57,071 INFO src.train.trainer: Epoch 664
2026-04-02 21:28:57,154 INFO src.train.trainer: Last model at epoch 664 saved to checkpoints/rtpp_20260402-212800/last_model_1.pth
2026-04-02 21:28:57,154 INFO src.train.trainer: Epoch 665
2026-04-02 21:28:57,233 INFO src.train.trainer: Last model at epoch 665 saved to checkpoints/rtpp_20260402-212800/last_model_1.pth
2026-04-02 21:28:57,233 INFO src.train.trainer: Epoch 666
2026-04-02 21:28:57,313 INFO src.train.trainer: New best validation loss: -6.1940, saved to checkpoints/rtpp_20260402-212800/best_model_1.pth
2026-04-02 21:28:57,315 INFO src.train.trainer: Last model at epoch 666 saved to checkpoints/rtpp_20260402-212800/last_model_1.pth
2026-04-02 21:28:57,315 INFO src.train.trainer: Epoch 667
2026-04-02 21:28:57,397 INFO src.train.trainer: New best validation loss: -6.1943, saved to checkpoints/rtpp_20260402-212800/best_model_1.pth
2026-04-02 21:28:57,399 INFO src.train.trainer: Last model at epoch 667 saved to checkpoints/rtpp_20260402-212800/last_model_1.pth
2026-04-02 21:28:57,399 INFO src.train.trainer: Epoch 668
2026-04-02 21:28:57,483 INFO src.train.trainer: New best validation loss: -6.1949, saved to checkpoints/rtpp_20260402-212800/best_model_1.pth
2026-04-02 21:28:57,486 INFO src.train.trainer: Last model at epoch 668 saved to checkpoints/rtpp_20260402-212800/last_model_1.pth
2026-04-02 21:28:57,486 INFO src.train.trainer: Epoch 669
2026-04-02 21:28:57,566 INFO src.train.trainer: Last model at epoch 669 saved to checkpoints/rtpp_20260402-212800/last_model_1.pth
2026-04-02 21:28:57,566 INFO src.train.trainer: Epoch 670
2026-04-02 21:28:57,646 INFO src.train.trainer: New best validation loss: -6.1954, saved to checkpoints/rtpp_20260402-212800/best_model_1.pth
2026-04-02 21:28:57,649 INFO src.train.trainer: Last model at epoch 670 saved to checkpoints/rtpp_20260402-212800/last_model_1.pth
2026-04-02 21:28:57,649 INFO src.train.trainer: Epoch 671
2026-04-02 21:28:57,732 INFO src.train.trainer: New best validation loss: -6.1960, saved to checkpoints/rtpp_20260402-212800/best_model_1.pth
2026-04-02 21:28:57,735 INFO src.train.trainer: Last model at epoch 671 saved to checkpoints/rtpp_20260402-212800/last_model_1.pth
2026-04-02 21:28:57,735 INFO src.train.trainer: Epoch 672
2026-04-02 21:28:57,818 INFO src.train.trainer: New best validation loss: -6.1962, saved to checkpoints/rtpp_20260402-212800/best_model_1.pth
2026-04-02 21:28:57,821 INFO src.train.trainer: Last model at epoch 672 saved to checkpoints/rtpp_20260402-212800/last_model_1.pth
2026-04-02 21:28:57,821 INFO src.train.trainer: Epoch 673
2026-04-02 21:28:57,901 INFO src.train.trainer: New best validation loss: -6.1969, saved to checkpoints/rtpp_20260402-212800/best_model_1.pth
2026-04-02 21:28:57,904 INFO src.train.trainer: Last model at epoch 673 saved to checkpoints/rtpp_20260402-212800/last_model_1.pth
2026-04-02 21:28:57,904 INFO src.train.trainer: Epoch 674
2026-04-02 21:28:57,985 INFO src.train.trainer: New best validation loss: -6.1986, saved to checkpoints/rtpp_20260402-212800/best_model_1.pth
2026-04-02 21:28:57,987 INFO src.train.trainer: Last model at epoch 674 saved to checkpoints/rtpp_20260402-212800/last_model_1.pth
2026-04-02 21:28:57,988 INFO src.train.trainer: Epoch 675
2026-04-02 21:28:58,068 INFO src.train.trainer: New best validation loss: -6.1995, saved to checkpoints/rtpp_20260402-212800/best_model_1.pth
2026-04-02 21:28:58,070 INFO src.train.trainer: Last model at epoch 675 saved to checkpoints/rtpp_20260402-212800/last_model_1.pth
2026-04-02 21:28:58,070 INFO src.train.trainer: Epoch 676
2026-04-02 21:28:58,151 INFO src.train.trainer: Last model at epoch 676 saved to checkpoints/rtpp_20260402-212800/last_model_1.pth
2026-04-02 21:28:58,151 INFO src.train.trainer: Epoch 677
2026-04-02 21:28:58,230 INFO src.train.trainer: New best validation loss: -6.2001, saved to checkpoints/rtpp_20260402-212800/best_model_1.pth
2026-04-02 21:28:58,233 INFO src.train.trainer: Last model at epoch 677 saved to checkpoints/rtpp_20260402-212800/last_model_1.pth
2026-04-02 21:28:58,233 INFO src.train.trainer: Epoch 678
2026-04-02 21:28:58,317 INFO src.train.trainer: New best validation loss: -6.2003, saved to checkpoints/rtpp_20260402-212800/best_model_1.pth
2026-04-02 21:28:58,320 INFO src.train.trainer: Last model at epoch 678 saved to checkpoints/rtpp_20260402-212800/last_model_1.pth
2026-04-02 21:28:58,320 INFO src.train.trainer: Epoch 679
2026-04-02 21:28:58,399 INFO src.train.trainer: New best validation loss: -6.2019, saved to checkpoints/rtpp_20260402-212800/best_model_1.pth
2026-04-02 21:28:58,401 INFO src.train.trainer: Last model at epoch 679 saved to checkpoints/rtpp_20260402-212800/last_model_1.pth
2026-04-02 21:28:58,402 INFO src.train.trainer: Epoch 680
2026-04-02 21:28:58,481 INFO src.train.trainer: Last model at epoch 680 saved to checkpoints/rtpp_20260402-212800/last_model_1.pth
2026-04-02 21:28:58,481 INFO src.train.trainer: Epoch 681
2026-04-02 21:28:58,559 INFO src.train.trainer: New best validation loss: -6.2033, saved to checkpoints/rtpp_20260402-212800/best_model_1.pth
2026-04-02 21:28:58,561 INFO src.train.trainer: Last model at epoch 681 saved to checkpoints/rtpp_20260402-212800/last_model_1.pth
2026-04-02 21:28:58,562 INFO src.train.trainer: Epoch 682
2026-04-02 21:28:58,640 INFO src.train.trainer: New best validation loss: -6.2037, saved to checkpoints/rtpp_20260402-212800/best_model_1.pth
2026-04-02 21:28:58,643 INFO src.train.trainer: Last model at epoch 682 saved to checkpoints/rtpp_20260402-212800/last_model_1.pth
2026-04-02 21:28:58,643 INFO src.train.trainer: Epoch 683
2026-04-02 21:28:58,721 INFO src.train.trainer: New best validation loss: -6.2042, saved to checkpoints/rtpp_20260402-212800/best_model_1.pth
2026-04-02 21:28:58,724 INFO src.train.trainer: Last model at epoch 683 saved to checkpoints/rtpp_20260402-212800/last_model_1.pth
2026-04-02 21:28:58,724 INFO src.train.trainer: Epoch 684
2026-04-02 21:28:58,804 INFO src.train.trainer: Last model at epoch 684 saved to checkpoints/rtpp_20260402-212800/last_model_1.pth
2026-04-02 21:28:58,804 INFO src.train.trainer: Epoch 685
2026-04-02 21:28:58,886 INFO src.train.trainer: Last model at epoch 685 saved to checkpoints/rtpp_20260402-212800/last_model_1.pth
2026-04-02 21:28:58,886 INFO src.train.trainer: Epoch 686
2026-04-02 21:28:58,965 INFO src.train.trainer: Last model at epoch 686 saved to checkpoints/rtpp_20260402-212800/last_model_1.pth
2026-04-02 21:28:58,965 INFO src.train.trainer: Epoch 687
2026-04-02 21:28:59,045 INFO src.train.trainer: New best validation loss: -6.2053, saved to checkpoints/rtpp_20260402-212800/best_model_1.pth
2026-04-02 21:28:59,047 INFO src.train.trainer: Last model at epoch 687 saved to checkpoints/rtpp_20260402-212800/last_model_1.pth
2026-04-02 21:28:59,047 INFO src.train.trainer: Epoch 688
2026-04-02 21:28:59,129 INFO src.train.trainer: Last model at epoch 688 saved to checkpoints/rtpp_20260402-212800/last_model_1.pth
2026-04-02 21:28:59,129 INFO src.train.trainer: Epoch 689
2026-04-02 21:28:59,212 INFO src.train.trainer: New best validation loss: -6.2067, saved to checkpoints/rtpp_20260402-212800/best_model_1.pth
2026-04-02 21:28:59,215 INFO src.train.trainer: Last model at epoch 689 saved to checkpoints/rtpp_20260402-212800/last_model_1.pth
2026-04-02 21:28:59,215 INFO src.train.trainer: Epoch 690
2026-04-02 21:28:59,298 INFO src.train.trainer: New best validation loss: -6.2076, saved to checkpoints/rtpp_20260402-212800/best_model_1.pth
2026-04-02 21:28:59,301 INFO src.train.trainer: Last model at epoch 690 saved to checkpoints/rtpp_20260402-212800/last_model_1.pth
2026-04-02 21:28:59,301 INFO src.train.trainer: Epoch 691
2026-04-02 21:28:59,380 INFO src.train.trainer: Last model at epoch 691 saved to checkpoints/rtpp_20260402-212800/last_model_1.pth
2026-04-02 21:28:59,381 INFO src.train.trainer: Epoch 692
2026-04-02 21:28:59,462 INFO src.train.trainer: Last model at epoch 692 saved to checkpoints/rtpp_20260402-212800/last_model_1.pth
2026-04-02 21:28:59,462 INFO src.train.trainer: Epoch 693
2026-04-02 21:28:59,541 INFO src.train.trainer: Last model at epoch 693 saved to checkpoints/rtpp_20260402-212800/last_model_1.pth
2026-04-02 21:28:59,541 INFO src.train.trainer: Epoch 694
2026-04-02 21:28:59,624 INFO src.train.trainer: Last model at epoch 694 saved to checkpoints/rtpp_20260402-212800/last_model_1.pth
2026-04-02 21:28:59,624 INFO src.train.trainer: Epoch 695
2026-04-02 21:28:59,705 INFO src.train.trainer: Last model at epoch 695 saved to checkpoints/rtpp_20260402-212800/last_model_1.pth
2026-04-02 21:28:59,705 INFO src.train.trainer: Epoch 696
2026-04-02 21:28:59,784 INFO src.train.trainer: New best validation loss: -6.2076, saved to checkpoints/rtpp_20260402-212800/best_model_1.pth
2026-04-02 21:28:59,787 INFO src.train.trainer: Last model at epoch 696 saved to checkpoints/rtpp_20260402-212800/last_model_1.pth
2026-04-02 21:28:59,787 INFO src.train.trainer: Epoch 697
2026-04-02 21:28:59,870 INFO src.train.trainer: Last model at epoch 697 saved to checkpoints/rtpp_20260402-212800/last_model_1.pth
2026-04-02 21:28:59,870 INFO src.train.trainer: Epoch 698
2026-04-02 21:28:59,951 INFO src.train.trainer: New best validation loss: -6.2094, saved to checkpoints/rtpp_20260402-212800/best_model_1.pth
2026-04-02 21:28:59,954 INFO src.train.trainer: Last model at epoch 698 saved to checkpoints/rtpp_20260402-212800/last_model_1.pth
2026-04-02 21:28:59,954 INFO src.train.trainer: Epoch 699
2026-04-02 21:29:00,035 INFO src.train.trainer: Last model at epoch 699 saved to checkpoints/rtpp_20260402-212800/last_model_1.pth
2026-04-02 21:29:00,035 INFO src.train.trainer: Epoch 700
2026-04-02 21:29:00,120 INFO src.train.trainer: Last model at epoch 700 saved to checkpoints/rtpp_20260402-212800/last_model_1.pth
2026-04-02 21:29:00,120 INFO src.train.trainer: Epoch 701
2026-04-02 21:29:00,205 INFO src.train.trainer: New best validation loss: -6.2101, saved to checkpoints/rtpp_20260402-212800/best_model_1.pth
2026-04-02 21:29:00,208 INFO src.train.trainer: Last model at epoch 701 saved to checkpoints/rtpp_20260402-212800/last_model_1.pth
2026-04-02 21:29:00,208 INFO src.train.trainer: Epoch 702
2026-04-02 21:29:00,288 INFO src.train.trainer: New best validation loss: -6.2107, saved to checkpoints/rtpp_20260402-212800/best_model_1.pth
2026-04-02 21:29:00,291 INFO src.train.trainer: Last model at epoch 702 saved to checkpoints/rtpp_20260402-212800/last_model_1.pth
2026-04-02 21:29:00,291 INFO src.train.trainer: Epoch 703
2026-04-02 21:29:00,368 INFO src.train.trainer: New best validation loss: -6.2121, saved to checkpoints/rtpp_20260402-212800/best_model_1.pth
2026-04-02 21:29:00,371 INFO src.train.trainer: Last model at epoch 703 saved to checkpoints/rtpp_20260402-212800/last_model_1.pth
2026-04-02 21:29:00,371 INFO src.train.trainer: Epoch 704
2026-04-02 21:29:00,448 INFO src.train.trainer: New best validation loss: -6.2129, saved to checkpoints/rtpp_20260402-212800/best_model_1.pth
2026-04-02 21:29:00,451 INFO src.train.trainer: Last model at epoch 704 saved to checkpoints/rtpp_20260402-212800/last_model_1.pth
2026-04-02 21:29:00,451 INFO src.train.trainer: Epoch 705
2026-04-02 21:29:00,535 INFO src.train.trainer: New best validation loss: -6.2143, saved to checkpoints/rtpp_20260402-212800/best_model_1.pth
2026-04-02 21:29:00,538 INFO src.train.trainer: Last model at epoch 705 saved to checkpoints/rtpp_20260402-212800/last_model_1.pth
2026-04-02 21:29:00,538 INFO src.train.trainer: Epoch 706
2026-04-02 21:29:00,617 INFO src.train.trainer: New best validation loss: -6.2150, saved to checkpoints/rtpp_20260402-212800/best_model_1.pth
2026-04-02 21:29:00,619 INFO src.train.trainer: Last model at epoch 706 saved to checkpoints/rtpp_20260402-212800/last_model_1.pth
2026-04-02 21:29:00,619 INFO src.train.trainer: Epoch 707
2026-04-02 21:29:00,699 INFO src.train.trainer: New best validation loss: -6.2157, saved to checkpoints/rtpp_20260402-212800/best_model_1.pth
2026-04-02 21:29:00,701 INFO src.train.trainer: Last model at epoch 707 saved to checkpoints/rtpp_20260402-212800/last_model_1.pth
2026-04-02 21:29:00,702 INFO src.train.trainer: Epoch 708
2026-04-02 21:29:00,780 INFO src.train.trainer: New best validation loss: -6.2157, saved to checkpoints/rtpp_20260402-212800/best_model_1.pth
2026-04-02 21:29:00,783 INFO src.train.trainer: Last model at epoch 708 saved to checkpoints/rtpp_20260402-212800/last_model_1.pth
2026-04-02 21:29:00,783 INFO src.train.trainer: Epoch 709
2026-04-02 21:29:00,862 INFO src.train.trainer: New best validation loss: -6.2162, saved to checkpoints/rtpp_20260402-212800/best_model_1.pth
2026-04-02 21:29:00,864 INFO src.train.trainer: Last model at epoch 709 saved to checkpoints/rtpp_20260402-212800/last_model_1.pth
2026-04-02 21:29:00,864 INFO src.train.trainer: Epoch 710
2026-04-02 21:29:00,943 INFO src.train.trainer: New best validation loss: -6.2170, saved to checkpoints/rtpp_20260402-212800/best_model_1.pth
2026-04-02 21:29:00,946 INFO src.train.trainer: Last model at epoch 710 saved to checkpoints/rtpp_20260402-212800/last_model_1.pth
2026-04-02 21:29:00,946 INFO src.train.trainer: Epoch 711
2026-04-02 21:29:01,024 INFO src.train.trainer: New best validation loss: -6.2174, saved to checkpoints/rtpp_20260402-212800/best_model_1.pth
2026-04-02 21:29:01,027 INFO src.train.trainer: Last model at epoch 711 saved to checkpoints/rtpp_20260402-212800/last_model_1.pth
2026-04-02 21:29:01,027 INFO src.train.trainer: Epoch 712
2026-04-02 21:29:01,106 INFO src.train.trainer: New best validation loss: -6.2181, saved to checkpoints/rtpp_20260402-212800/best_model_1.pth
2026-04-02 21:29:01,109 INFO src.train.trainer: Last model at epoch 712 saved to checkpoints/rtpp_20260402-212800/last_model_1.pth
2026-04-02 21:29:01,109 INFO src.train.trainer: Epoch 713
2026-04-02 21:29:01,188 INFO src.train.trainer: New best validation loss: -6.2190, saved to checkpoints/rtpp_20260402-212800/best_model_1.pth
2026-04-02 21:29:01,191 INFO src.train.trainer: Last model at epoch 713 saved to checkpoints/rtpp_20260402-212800/last_model_1.pth
2026-04-02 21:29:01,191 INFO src.train.trainer: Epoch 714
2026-04-02 21:29:01,270 INFO src.train.trainer: New best validation loss: -6.2192, saved to checkpoints/rtpp_20260402-212800/best_model_1.pth
2026-04-02 21:29:01,273 INFO src.train.trainer: Last model at epoch 714 saved to checkpoints/rtpp_20260402-212800/last_model_1.pth
2026-04-02 21:29:01,273 INFO src.train.trainer: Epoch 715
2026-04-02 21:29:01,354 INFO src.train.trainer: New best validation loss: -6.2194, saved to checkpoints/rtpp_20260402-212800/best_model_1.pth
2026-04-02 21:29:01,357 INFO src.train.trainer: Last model at epoch 715 saved to checkpoints/rtpp_20260402-212800/last_model_1.pth
2026-04-02 21:29:01,357 INFO src.train.trainer: Epoch 716
2026-04-02 21:29:01,436 INFO src.train.trainer: New best validation loss: -6.2199, saved to checkpoints/rtpp_20260402-212800/best_model_1.pth
2026-04-02 21:29:01,439 INFO src.train.trainer: Last model at epoch 716 saved to checkpoints/rtpp_20260402-212800/last_model_1.pth
2026-04-02 21:29:01,439 INFO src.train.trainer: Epoch 717
2026-04-02 21:29:01,518 INFO src.train.trainer: New best validation loss: -6.2212, saved to checkpoints/rtpp_20260402-212800/best_model_1.pth
2026-04-02 21:29:01,521 INFO src.train.trainer: Last model at epoch 717 saved to checkpoints/rtpp_20260402-212800/last_model_1.pth
2026-04-02 21:29:01,521 INFO src.train.trainer: Epoch 718
2026-04-02 21:29:01,603 INFO src.train.trainer: New best validation loss: -6.2215, saved to checkpoints/rtpp_20260402-212800/best_model_1.pth
2026-04-02 21:29:01,605 INFO src.train.trainer: Last model at epoch 718 saved to checkpoints/rtpp_20260402-212800/last_model_1.pth
2026-04-02 21:29:01,606 INFO src.train.trainer: Epoch 719
2026-04-02 21:29:01,686 INFO src.train.trainer: New best validation loss: -6.2219, saved to checkpoints/rtpp_20260402-212800/best_model_1.pth
2026-04-02 21:29:01,689 INFO src.train.trainer: Last model at epoch 719 saved to checkpoints/rtpp_20260402-212800/last_model_1.pth
2026-04-02 21:29:01,689 INFO src.train.trainer: Epoch 720
2026-04-02 21:29:01,768 INFO src.train.trainer: New best validation loss: -6.2232, saved to checkpoints/rtpp_20260402-212800/best_model_1.pth
2026-04-02 21:29:01,770 INFO src.train.trainer: Last model at epoch 720 saved to checkpoints/rtpp_20260402-212800/last_model_1.pth
2026-04-02 21:29:01,771 INFO src.train.trainer: Epoch 721
2026-04-02 21:29:01,850 INFO src.train.trainer: New best validation loss: -6.2244, saved to checkpoints/rtpp_20260402-212800/best_model_1.pth
2026-04-02 21:29:01,853 INFO src.train.trainer: Last model at epoch 721 saved to checkpoints/rtpp_20260402-212800/last_model_1.pth
2026-04-02 21:29:01,853 INFO src.train.trainer: Epoch 722
2026-04-02 21:29:01,932 INFO src.train.trainer: New best validation loss: -6.2253, saved to checkpoints/rtpp_20260402-212800/best_model_1.pth
2026-04-02 21:29:01,935 INFO src.train.trainer: Last model at epoch 722 saved to checkpoints/rtpp_20260402-212800/last_model_1.pth
2026-04-02 21:29:01,935 INFO src.train.trainer: Epoch 723
2026-04-02 21:29:02,015 INFO src.train.trainer: New best validation loss: -6.2255, saved to checkpoints/rtpp_20260402-212800/best_model_1.pth
2026-04-02 21:29:02,018 INFO src.train.trainer: Last model at epoch 723 saved to checkpoints/rtpp_20260402-212800/last_model_1.pth
2026-04-02 21:29:02,018 INFO src.train.trainer: Epoch 724
2026-04-02 21:29:02,099 INFO src.train.trainer: New best validation loss: -6.2262, saved to checkpoints/rtpp_20260402-212800/best_model_1.pth
2026-04-02 21:29:02,103 INFO src.train.trainer: Last model at epoch 724 saved to checkpoints/rtpp_20260402-212800/last_model_1.pth
2026-04-02 21:29:02,103 INFO src.train.trainer: Epoch 725
2026-04-02 21:29:02,182 INFO src.train.trainer: New best validation loss: -6.2269, saved to checkpoints/rtpp_20260402-212800/best_model_1.pth
2026-04-02 21:29:02,185 INFO src.train.trainer: Last model at epoch 725 saved to checkpoints/rtpp_20260402-212800/last_model_1.pth
2026-04-02 21:29:02,185 INFO src.train.trainer: Epoch 726
2026-04-02 21:29:02,263 INFO src.train.trainer: New best validation loss: -6.2276, saved to checkpoints/rtpp_20260402-212800/best_model_1.pth
2026-04-02 21:29:02,266 INFO src.train.trainer: Last model at epoch 726 saved to checkpoints/rtpp_20260402-212800/last_model_1.pth
2026-04-02 21:29:02,266 INFO src.train.trainer: Epoch 727
2026-04-02 21:29:02,343 INFO src.train.trainer: New best validation loss: -6.2279, saved to checkpoints/rtpp_20260402-212800/best_model_1.pth
2026-04-02 21:29:02,345 INFO src.train.trainer: Last model at epoch 727 saved to checkpoints/rtpp_20260402-212800/last_model_1.pth
2026-04-02 21:29:02,345 INFO src.train.trainer: Epoch 728
2026-04-02 21:29:02,423 INFO src.train.trainer: New best validation loss: -6.2288, saved to checkpoints/rtpp_20260402-212800/best_model_1.pth
2026-04-02 21:29:02,426 INFO src.train.trainer: Last model at epoch 728 saved to checkpoints/rtpp_20260402-212800/last_model_1.pth
2026-04-02 21:29:02,426 INFO src.train.trainer: Epoch 729
2026-04-02 21:29:02,504 INFO src.train.trainer: New best validation loss: -6.2299, saved to checkpoints/rtpp_20260402-212800/best_model_1.pth
2026-04-02 21:29:02,506 INFO src.train.trainer: Last model at epoch 729 saved to checkpoints/rtpp_20260402-212800/last_model_1.pth
2026-04-02 21:29:02,506 INFO src.train.trainer: Epoch 730
2026-04-02 21:29:02,584 INFO src.train.trainer: New best validation loss: -6.2305, saved to checkpoints/rtpp_20260402-212800/best_model_1.pth
2026-04-02 21:29:02,586 INFO src.train.trainer: Last model at epoch 730 saved to checkpoints/rtpp_20260402-212800/last_model_1.pth
2026-04-02 21:29:02,587 INFO src.train.trainer: Epoch 731
2026-04-02 21:29:02,668 INFO src.train.trainer: New best validation loss: -6.2307, saved to checkpoints/rtpp_20260402-212800/best_model_1.pth
2026-04-02 21:29:02,671 INFO src.train.trainer: Last model at epoch 731 saved to checkpoints/rtpp_20260402-212800/last_model_1.pth
2026-04-02 21:29:02,671 INFO src.train.trainer: Epoch 732
2026-04-02 21:29:02,751 INFO src.train.trainer: New best validation loss: -6.2311, saved to checkpoints/rtpp_20260402-212800/best_model_1.pth
2026-04-02 21:29:02,754 INFO src.train.trainer: Last model at epoch 732 saved to checkpoints/rtpp_20260402-212800/last_model_1.pth
2026-04-02 21:29:02,754 INFO src.train.trainer: Epoch 733
2026-04-02 21:29:02,833 INFO src.train.trainer: New best validation loss: -6.2317, saved to checkpoints/rtpp_20260402-212800/best_model_1.pth
2026-04-02 21:29:02,836 INFO src.train.trainer: Last model at epoch 733 saved to checkpoints/rtpp_20260402-212800/last_model_1.pth
2026-04-02 21:29:02,836 INFO src.train.trainer: Epoch 734
2026-04-02 21:29:02,915 INFO src.train.trainer: New best validation loss: -6.2322, saved to checkpoints/rtpp_20260402-212800/best_model_1.pth
2026-04-02 21:29:02,918 INFO src.train.trainer: Last model at epoch 734 saved to checkpoints/rtpp_20260402-212800/last_model_1.pth
2026-04-02 21:29:02,919 INFO src.train.trainer: Epoch 735
2026-04-02 21:29:03,000 INFO src.train.trainer: New best validation loss: -6.2326, saved to checkpoints/rtpp_20260402-212800/best_model_1.pth
2026-04-02 21:29:03,002 INFO src.train.trainer: Last model at epoch 735 saved to checkpoints/rtpp_20260402-212800/last_model_1.pth
2026-04-02 21:29:03,002 INFO src.train.trainer: Epoch 736
2026-04-02 21:29:03,081 INFO src.train.trainer: New best validation loss: -6.2330, saved to checkpoints/rtpp_20260402-212800/best_model_1.pth
2026-04-02 21:29:03,083 INFO src.train.trainer: Last model at epoch 736 saved to checkpoints/rtpp_20260402-212800/last_model_1.pth
2026-04-02 21:29:03,083 INFO src.train.trainer: Epoch 737
2026-04-02 21:29:03,162 INFO src.train.trainer: New best validation loss: -6.2338, saved to checkpoints/rtpp_20260402-212800/best_model_1.pth
2026-04-02 21:29:03,166 INFO src.train.trainer: Last model at epoch 737 saved to checkpoints/rtpp_20260402-212800/last_model_1.pth
2026-04-02 21:29:03,166 INFO src.train.trainer: Epoch 738
2026-04-02 21:29:03,245 INFO src.train.trainer: New best validation loss: -6.2344, saved to checkpoints/rtpp_20260402-212800/best_model_1.pth
2026-04-02 21:29:03,248 INFO src.train.trainer: Last model at epoch 738 saved to checkpoints/rtpp_20260402-212800/last_model_1.pth
2026-04-02 21:29:03,248 INFO src.train.trainer: Epoch 739
2026-04-02 21:29:03,326 INFO src.train.trainer: New best validation loss: -6.2350, saved to checkpoints/rtpp_20260402-212800/best_model_1.pth
2026-04-02 21:29:03,329 INFO src.train.trainer: Last model at epoch 739 saved to checkpoints/rtpp_20260402-212800/last_model_1.pth
2026-04-02 21:29:03,329 INFO src.train.trainer: Epoch 740
2026-04-02 21:29:03,409 INFO src.train.trainer: New best validation loss: -6.2351, saved to checkpoints/rtpp_20260402-212800/best_model_1.pth
2026-04-02 21:29:03,412 INFO src.train.trainer: Last model at epoch 740 saved to checkpoints/rtpp_20260402-212800/last_model_1.pth
2026-04-02 21:29:03,412 INFO src.train.trainer: Epoch 741
2026-04-02 21:29:03,492 INFO src.train.trainer: New best validation loss: -6.2363, saved to checkpoints/rtpp_20260402-212800/best_model_1.pth
2026-04-02 21:29:03,495 INFO src.train.trainer: Last model at epoch 741 saved to checkpoints/rtpp_20260402-212800/last_model_1.pth
2026-04-02 21:29:03,495 INFO src.train.trainer: Epoch 742
2026-04-02 21:29:03,578 INFO src.train.trainer: New best validation loss: -6.2363, saved to checkpoints/rtpp_20260402-212800/best_model_1.pth
2026-04-02 21:29:03,581 INFO src.train.trainer: Last model at epoch 742 saved to checkpoints/rtpp_20260402-212800/last_model_1.pth
2026-04-02 21:29:03,581 INFO src.train.trainer: Epoch 743
2026-04-02 21:29:03,663 INFO src.train.trainer: New best validation loss: -6.2379, saved to checkpoints/rtpp_20260402-212800/best_model_1.pth
2026-04-02 21:29:03,665 INFO src.train.trainer: Last model at epoch 743 saved to checkpoints/rtpp_20260402-212800/last_model_1.pth
2026-04-02 21:29:03,666 INFO src.train.trainer: Epoch 744
2026-04-02 21:29:03,744 INFO src.train.trainer: Last model at epoch 744 saved to checkpoints/rtpp_20260402-212800/last_model_1.pth
2026-04-02 21:29:03,744 INFO src.train.trainer: Epoch 745
2026-04-02 21:29:03,823 INFO src.train.trainer: New best validation loss: -6.2389, saved to checkpoints/rtpp_20260402-212800/best_model_1.pth
2026-04-02 21:29:03,826 INFO src.train.trainer: Last model at epoch 745 saved to checkpoints/rtpp_20260402-212800/last_model_1.pth
2026-04-02 21:29:03,826 INFO src.train.trainer: Epoch 746
2026-04-02 21:29:03,904 INFO src.train.trainer: New best validation loss: -6.2394, saved to checkpoints/rtpp_20260402-212800/best_model_1.pth
2026-04-02 21:29:03,907 INFO src.train.trainer: Last model at epoch 746 saved to checkpoints/rtpp_20260402-212800/last_model_1.pth
2026-04-02 21:29:03,907 INFO src.train.trainer: Epoch 747
2026-04-02 21:29:03,989 INFO src.train.trainer: New best validation loss: -6.2399, saved to checkpoints/rtpp_20260402-212800/best_model_1.pth
2026-04-02 21:29:03,992 INFO src.train.trainer: Last model at epoch 747 saved to checkpoints/rtpp_20260402-212800/last_model_1.pth
2026-04-02 21:29:03,992 INFO src.train.trainer: Epoch 748
2026-04-02 21:29:04,075 INFO src.train.trainer: New best validation loss: -6.2403, saved to checkpoints/rtpp_20260402-212800/best_model_1.pth
2026-04-02 21:29:04,078 INFO src.train.trainer: Last model at epoch 748 saved to checkpoints/rtpp_20260402-212800/last_model_1.pth
2026-04-02 21:29:04,078 INFO src.train.trainer: Epoch 749
2026-04-02 21:29:04,158 INFO src.train.trainer: New best validation loss: -6.2412, saved to checkpoints/rtpp_20260402-212800/best_model_1.pth
2026-04-02 21:29:04,161 INFO src.train.trainer: Last model at epoch 749 saved to checkpoints/rtpp_20260402-212800/last_model_1.pth
2026-04-02 21:29:04,161 INFO src.train.trainer: Epoch 750
2026-04-02 21:29:04,240 INFO src.train.trainer: New best validation loss: -6.2422, saved to checkpoints/rtpp_20260402-212800/best_model_1.pth
2026-04-02 21:29:04,243 INFO src.train.trainer: Last model at epoch 750 saved to checkpoints/rtpp_20260402-212800/last_model_1.pth
2026-04-02 21:29:04,243 INFO src.train.trainer: Epoch 751
2026-04-02 21:29:04,321 INFO src.train.trainer: New best validation loss: -6.2430, saved to checkpoints/rtpp_20260402-212800/best_model_1.pth
2026-04-02 21:29:04,323 INFO src.train.trainer: Last model at epoch 751 saved to checkpoints/rtpp_20260402-212800/last_model_1.pth
2026-04-02 21:29:04,323 INFO src.train.trainer: Epoch 752
2026-04-02 21:29:04,402 INFO src.train.trainer: New best validation loss: -6.2438, saved to checkpoints/rtpp_20260402-212800/best_model_1.pth
2026-04-02 21:29:04,405 INFO src.train.trainer: Last model at epoch 752 saved to checkpoints/rtpp_20260402-212800/last_model_1.pth
2026-04-02 21:29:04,405 INFO src.train.trainer: Epoch 753
2026-04-02 21:29:04,485 INFO src.train.trainer: New best validation loss: -6.2440, saved to checkpoints/rtpp_20260402-212800/best_model_1.pth
2026-04-02 21:29:04,487 INFO src.train.trainer: Last model at epoch 753 saved to checkpoints/rtpp_20260402-212800/last_model_1.pth
2026-04-02 21:29:04,487 INFO src.train.trainer: Epoch 754
2026-04-02 21:29:04,567 INFO src.train.trainer: New best validation loss: -6.2451, saved to checkpoints/rtpp_20260402-212800/best_model_1.pth
2026-04-02 21:29:04,569 INFO src.train.trainer: Last model at epoch 754 saved to checkpoints/rtpp_20260402-212800/last_model_1.pth
2026-04-02 21:29:04,569 INFO src.train.trainer: Epoch 755
2026-04-02 21:29:04,650 INFO src.train.trainer: New best validation loss: -6.2458, saved to checkpoints/rtpp_20260402-212800/best_model_1.pth
2026-04-02 21:29:04,653 INFO src.train.trainer: Last model at epoch 755 saved to checkpoints/rtpp_20260402-212800/last_model_1.pth
2026-04-02 21:29:04,653 INFO src.train.trainer: Epoch 756
2026-04-02 21:29:04,732 INFO src.train.trainer: New best validation loss: -6.2468, saved to checkpoints/rtpp_20260402-212800/best_model_1.pth
2026-04-02 21:29:04,735 INFO src.train.trainer: Last model at epoch 756 saved to checkpoints/rtpp_20260402-212800/last_model_1.pth
2026-04-02 21:29:04,735 INFO src.train.trainer: Epoch 757
2026-04-02 21:29:04,816 INFO src.train.trainer: New best validation loss: -6.2469, saved to checkpoints/rtpp_20260402-212800/best_model_1.pth
2026-04-02 21:29:04,819 INFO src.train.trainer: Last model at epoch 757 saved to checkpoints/rtpp_20260402-212800/last_model_1.pth
2026-04-02 21:29:04,819 INFO src.train.trainer: Epoch 758
2026-04-02 21:29:04,901 INFO src.train.trainer: New best validation loss: -6.2483, saved to checkpoints/rtpp_20260402-212800/best_model_1.pth
2026-04-02 21:29:04,904 INFO src.train.trainer: Last model at epoch 758 saved to checkpoints/rtpp_20260402-212800/last_model_1.pth
2026-04-02 21:29:04,904 INFO src.train.trainer: Epoch 759
2026-04-02 21:29:04,987 INFO src.train.trainer: New best validation loss: -6.2493, saved to checkpoints/rtpp_20260402-212800/best_model_1.pth
2026-04-02 21:29:04,990 INFO src.train.trainer: Last model at epoch 759 saved to checkpoints/rtpp_20260402-212800/last_model_1.pth
2026-04-02 21:29:04,990 INFO src.train.trainer: Epoch 760
2026-04-02 21:29:05,072 INFO src.train.trainer: New best validation loss: -6.2501, saved to checkpoints/rtpp_20260402-212800/best_model_1.pth
2026-04-02 21:29:05,075 INFO src.train.trainer: Last model at epoch 760 saved to checkpoints/rtpp_20260402-212800/last_model_1.pth
2026-04-02 21:29:05,075 INFO src.train.trainer: Epoch 761
2026-04-02 21:29:05,157 INFO src.train.trainer: New best validation loss: -6.2508, saved to checkpoints/rtpp_20260402-212800/best_model_1.pth
2026-04-02 21:29:05,159 INFO src.train.trainer: Last model at epoch 761 saved to checkpoints/rtpp_20260402-212800/last_model_1.pth
2026-04-02 21:29:05,159 INFO src.train.trainer: Epoch 762
2026-04-02 21:29:05,243 INFO src.train.trainer: New best validation loss: -6.2517, saved to checkpoints/rtpp_20260402-212800/best_model_1.pth
2026-04-02 21:29:05,246 INFO src.train.trainer: Last model at epoch 762 saved to checkpoints/rtpp_20260402-212800/last_model_1.pth
2026-04-02 21:29:05,246 INFO src.train.trainer: Epoch 763
2026-04-02 21:29:05,329 INFO src.train.trainer: New best validation loss: -6.2526, saved to checkpoints/rtpp_20260402-212800/best_model_1.pth
2026-04-02 21:29:05,331 INFO src.train.trainer: Last model at epoch 763 saved to checkpoints/rtpp_20260402-212800/last_model_1.pth
2026-04-02 21:29:05,332 INFO src.train.trainer: Epoch 764
2026-04-02 21:29:05,413 INFO src.train.trainer: New best validation loss: -6.2537, saved to checkpoints/rtpp_20260402-212800/best_model_1.pth
2026-04-02 21:29:05,416 INFO src.train.trainer: Last model at epoch 764 saved to checkpoints/rtpp_20260402-212800/last_model_1.pth
2026-04-02 21:29:05,416 INFO src.train.trainer: Epoch 765
2026-04-02 21:29:05,497 INFO src.train.trainer: New best validation loss: -6.2546, saved to checkpoints/rtpp_20260402-212800/best_model_1.pth
2026-04-02 21:29:05,500 INFO src.train.trainer: Last model at epoch 765 saved to checkpoints/rtpp_20260402-212800/last_model_1.pth
2026-04-02 21:29:05,500 INFO src.train.trainer: Epoch 766
2026-04-02 21:29:05,580 INFO src.train.trainer: New best validation loss: -6.2558, saved to checkpoints/rtpp_20260402-212800/best_model_1.pth
2026-04-02 21:29:05,583 INFO src.train.trainer: Last model at epoch 766 saved to checkpoints/rtpp_20260402-212800/last_model_1.pth
2026-04-02 21:29:05,583 INFO src.train.trainer: Epoch 767
2026-04-02 21:29:05,666 INFO src.train.trainer: New best validation loss: -6.2562, saved to checkpoints/rtpp_20260402-212800/best_model_1.pth
2026-04-02 21:29:05,669 INFO src.train.trainer: Last model at epoch 767 saved to checkpoints/rtpp_20260402-212800/last_model_1.pth
2026-04-02 21:29:05,669 INFO src.train.trainer: Epoch 768
2026-04-02 21:29:05,752 INFO src.train.trainer: New best validation loss: -6.2568, saved to checkpoints/rtpp_20260402-212800/best_model_1.pth
2026-04-02 21:29:05,755 INFO src.train.trainer: Last model at epoch 768 saved to checkpoints/rtpp_20260402-212800/last_model_1.pth
2026-04-02 21:29:05,755 INFO src.train.trainer: Epoch 769
2026-04-02 21:29:05,841 INFO src.train.trainer: New best validation loss: -6.2574, saved to checkpoints/rtpp_20260402-212800/best_model_1.pth
2026-04-02 21:29:05,844 INFO src.train.trainer: Last model at epoch 769 saved to checkpoints/rtpp_20260402-212800/last_model_1.pth
2026-04-02 21:29:05,844 INFO src.train.trainer: Epoch 770
2026-04-02 21:29:05,924 INFO src.train.trainer: New best validation loss: -6.2576, saved to checkpoints/rtpp_20260402-212800/best_model_1.pth
2026-04-02 21:29:05,927 INFO src.train.trainer: Last model at epoch 770 saved to checkpoints/rtpp_20260402-212800/last_model_1.pth
2026-04-02 21:29:05,927 INFO src.train.trainer: Epoch 771
2026-04-02 21:29:06,005 INFO src.train.trainer: New best validation loss: -6.2581, saved to checkpoints/rtpp_20260402-212800/best_model_1.pth
2026-04-02 21:29:06,008 INFO src.train.trainer: Last model at epoch 771 saved to checkpoints/rtpp_20260402-212800/last_model_1.pth
2026-04-02 21:29:06,008 INFO src.train.trainer: Epoch 772
2026-04-02 21:29:06,087 INFO src.train.trainer: New best validation loss: -6.2589, saved to checkpoints/rtpp_20260402-212800/best_model_1.pth
2026-04-02 21:29:06,090 INFO src.train.trainer: Last model at epoch 772 saved to checkpoints/rtpp_20260402-212800/last_model_1.pth
2026-04-02 21:29:06,090 INFO src.train.trainer: Epoch 773
2026-04-02 21:29:06,169 INFO src.train.trainer: Last model at epoch 773 saved to checkpoints/rtpp_20260402-212800/last_model_1.pth
2026-04-02 21:29:06,169 INFO src.train.trainer: Epoch 774
2026-04-02 21:29:06,249 INFO src.train.trainer: Last model at epoch 774 saved to checkpoints/rtpp_20260402-212800/last_model_1.pth
2026-04-02 21:29:06,249 INFO src.train.trainer: Epoch 775
2026-04-02 21:29:06,325 INFO src.train.trainer: Last model at epoch 775 saved to checkpoints/rtpp_20260402-212800/last_model_1.pth
2026-04-02 21:29:06,325 INFO src.train.trainer: Epoch 776
2026-04-02 21:29:06,403 INFO src.train.trainer: New best validation loss: -6.2598, saved to checkpoints/rtpp_20260402-212800/best_model_1.pth
2026-04-02 21:29:06,406 INFO src.train.trainer: Last model at epoch 776 saved to checkpoints/rtpp_20260402-212800/last_model_1.pth
2026-04-02 21:29:06,406 INFO src.train.trainer: Epoch 777
2026-04-02 21:29:06,485 INFO src.train.trainer: New best validation loss: -6.2604, saved to checkpoints/rtpp_20260402-212800/best_model_1.pth
2026-04-02 21:29:06,488 INFO src.train.trainer: Last model at epoch 777 saved to checkpoints/rtpp_20260402-212800/last_model_1.pth
2026-04-02 21:29:06,488 INFO src.train.trainer: Epoch 778
2026-04-02 21:29:06,567 INFO src.train.trainer: New best validation loss: -6.2614, saved to checkpoints/rtpp_20260402-212800/best_model_1.pth
2026-04-02 21:29:06,569 INFO src.train.trainer: Last model at epoch 778 saved to checkpoints/rtpp_20260402-212800/last_model_1.pth
2026-04-02 21:29:06,569 INFO src.train.trainer: Epoch 779
2026-04-02 21:29:06,650 INFO src.train.trainer: New best validation loss: -6.2624, saved to checkpoints/rtpp_20260402-212800/best_model_1.pth
2026-04-02 21:29:06,653 INFO src.train.trainer: Last model at epoch 779 saved to checkpoints/rtpp_20260402-212800/last_model_1.pth
2026-04-02 21:29:06,653 INFO src.train.trainer: Epoch 780
2026-04-02 21:29:06,733 INFO src.train.trainer: New best validation loss: -6.2633, saved to checkpoints/rtpp_20260402-212800/best_model_1.pth
2026-04-02 21:29:06,736 INFO src.train.trainer: Last model at epoch 780 saved to checkpoints/rtpp_20260402-212800/last_model_1.pth
2026-04-02 21:29:06,736 INFO src.train.trainer: Epoch 781
2026-04-02 21:29:06,818 INFO src.train.trainer: New best validation loss: -6.2639, saved to checkpoints/rtpp_20260402-212800/best_model_1.pth
2026-04-02 21:29:06,821 INFO src.train.trainer: Last model at epoch 781 saved to checkpoints/rtpp_20260402-212800/last_model_1.pth
2026-04-02 21:29:06,822 INFO src.train.trainer: Epoch 782
2026-04-02 21:29:06,903 INFO src.train.trainer: New best validation loss: -6.2645, saved to checkpoints/rtpp_20260402-212800/best_model_1.pth
2026-04-02 21:29:06,906 INFO src.train.trainer: Last model at epoch 782 saved to checkpoints/rtpp_20260402-212800/last_model_1.pth
2026-04-02 21:29:06,906 INFO src.train.trainer: Epoch 783
2026-04-02 21:29:06,986 INFO src.train.trainer: New best validation loss: -6.2652, saved to checkpoints/rtpp_20260402-212800/best_model_1.pth
2026-04-02 21:29:06,991 INFO src.train.trainer: Last model at epoch 783 saved to checkpoints/rtpp_20260402-212800/last_model_1.pth
2026-04-02 21:29:06,991 INFO src.train.trainer: Epoch 784
2026-04-02 21:29:07,075 INFO src.train.trainer: New best validation loss: -6.2661, saved to checkpoints/rtpp_20260402-212800/best_model_1.pth
2026-04-02 21:29:07,078 INFO src.train.trainer: Last model at epoch 784 saved to checkpoints/rtpp_20260402-212800/last_model_1.pth
2026-04-02 21:29:07,078 INFO src.train.trainer: Epoch 785
2026-04-02 21:29:07,158 INFO src.train.trainer: New best validation loss: -6.2666, saved to checkpoints/rtpp_20260402-212800/best_model_1.pth
2026-04-02 21:29:07,161 INFO src.train.trainer: Last model at epoch 785 saved to checkpoints/rtpp_20260402-212800/last_model_1.pth
2026-04-02 21:29:07,161 INFO src.train.trainer: Epoch 786
2026-04-02 21:29:07,243 INFO src.train.trainer: New best validation loss: -6.2672, saved to checkpoints/rtpp_20260402-212800/best_model_1.pth
2026-04-02 21:29:07,246 INFO src.train.trainer: Last model at epoch 786 saved to checkpoints/rtpp_20260402-212800/last_model_1.pth
2026-04-02 21:29:07,246 INFO src.train.trainer: Epoch 787
2026-04-02 21:29:07,323 INFO src.train.trainer: New best validation loss: -6.2675, saved to checkpoints/rtpp_20260402-212800/best_model_1.pth
2026-04-02 21:29:07,326 INFO src.train.trainer: Last model at epoch 787 saved to checkpoints/rtpp_20260402-212800/last_model_1.pth
2026-04-02 21:29:07,326 INFO src.train.trainer: Epoch 788
2026-04-02 21:29:07,391 INFO src.train.trainer: New best validation loss: -6.2678, saved to checkpoints/rtpp_20260402-212800/best_model_1.pth
2026-04-02 21:29:07,394 INFO src.train.trainer: Last model at epoch 788 saved to checkpoints/rtpp_20260402-212800/last_model_1.pth
2026-04-02 21:29:07,394 INFO src.train.trainer: Epoch 789
2026-04-02 21:29:07,460 INFO src.train.trainer: New best validation loss: -6.2683, saved to checkpoints/rtpp_20260402-212800/best_model_1.pth
2026-04-02 21:29:07,462 INFO src.train.trainer: Last model at epoch 789 saved to checkpoints/rtpp_20260402-212800/last_model_1.pth
2026-04-02 21:29:07,462 INFO src.train.trainer: Epoch 790
2026-04-02 21:29:07,529 INFO src.train.trainer: New best validation loss: -6.2689, saved to checkpoints/rtpp_20260402-212800/best_model_1.pth
2026-04-02 21:29:07,531 INFO src.train.trainer: Last model at epoch 790 saved to checkpoints/rtpp_20260402-212800/last_model_1.pth
2026-04-02 21:29:07,531 INFO src.train.trainer: Epoch 791
2026-04-02 21:29:07,597 INFO src.train.trainer: New best validation loss: -6.2700, saved to checkpoints/rtpp_20260402-212800/best_model_1.pth
2026-04-02 21:29:07,600 INFO src.train.trainer: Last model at epoch 791 saved to checkpoints/rtpp_20260402-212800/last_model_1.pth
2026-04-02 21:29:07,600 INFO src.train.trainer: Epoch 792
2026-04-02 21:29:07,666 INFO src.train.trainer: New best validation loss: -6.2715, saved to checkpoints/rtpp_20260402-212800/best_model_1.pth
2026-04-02 21:29:07,668 INFO src.train.trainer: Last model at epoch 792 saved to checkpoints/rtpp_20260402-212800/last_model_1.pth
2026-04-02 21:29:07,668 INFO src.train.trainer: Epoch 793
2026-04-02 21:29:07,735 INFO src.train.trainer: New best validation loss: -6.2728, saved to checkpoints/rtpp_20260402-212800/best_model_1.pth
2026-04-02 21:29:07,739 INFO src.train.trainer: Last model at epoch 793 saved to checkpoints/rtpp_20260402-212800/last_model_1.pth
2026-04-02 21:29:07,739 INFO src.train.trainer: Epoch 794
2026-04-02 21:29:07,805 INFO src.train.trainer: New best validation loss: -6.2731, saved to checkpoints/rtpp_20260402-212800/best_model_1.pth
2026-04-02 21:29:07,808 INFO src.train.trainer: Last model at epoch 794 saved to checkpoints/rtpp_20260402-212800/last_model_1.pth
2026-04-02 21:29:07,808 INFO src.train.trainer: Epoch 795
2026-04-02 21:29:07,873 INFO src.train.trainer: New best validation loss: -6.2736, saved to checkpoints/rtpp_20260402-212800/best_model_1.pth
2026-04-02 21:29:07,876 INFO src.train.trainer: Last model at epoch 795 saved to checkpoints/rtpp_20260402-212800/last_model_1.pth
2026-04-02 21:29:07,876 INFO src.train.trainer: Epoch 796
2026-04-02 21:29:07,940 INFO src.train.trainer: New best validation loss: -6.2737, saved to checkpoints/rtpp_20260402-212800/best_model_1.pth
2026-04-02 21:29:07,943 INFO src.train.trainer: Last model at epoch 796 saved to checkpoints/rtpp_20260402-212800/last_model_1.pth
2026-04-02 21:29:07,943 INFO src.train.trainer: Epoch 797
2026-04-02 21:29:08,007 INFO src.train.trainer: New best validation loss: -6.2740, saved to checkpoints/rtpp_20260402-212800/best_model_1.pth
2026-04-02 21:29:08,010 INFO src.train.trainer: Last model at epoch 797 saved to checkpoints/rtpp_20260402-212800/last_model_1.pth
2026-04-02 21:29:08,010 INFO src.train.trainer: Epoch 798
2026-04-02 21:29:08,074 INFO src.train.trainer: New best validation loss: -6.2741, saved to checkpoints/rtpp_20260402-212800/best_model_1.pth
2026-04-02 21:29:08,077 INFO src.train.trainer: Last model at epoch 798 saved to checkpoints/rtpp_20260402-212800/last_model_1.pth
2026-04-02 21:29:08,077 INFO src.train.trainer: Epoch 799
2026-04-02 21:29:08,141 INFO src.train.trainer: Last model at epoch 799 saved to checkpoints/rtpp_20260402-212800/last_model_1.pth
2026-04-02 21:29:08,141 INFO src.train.trainer: Epoch 800
2026-04-02 21:29:08,206 INFO src.train.trainer: New best validation loss: -6.2746, saved to checkpoints/rtpp_20260402-212800/best_model_1.pth
2026-04-02 21:29:08,208 INFO src.train.trainer: Last model at epoch 800 saved to checkpoints/rtpp_20260402-212800/last_model_1.pth
2026-04-02 21:29:08,208 INFO src.train.trainer: Epoch 801
2026-04-02 21:29:08,276 INFO src.train.trainer: New best validation loss: -6.2757, saved to checkpoints/rtpp_20260402-212800/best_model_1.pth
2026-04-02 21:29:08,279 INFO src.train.trainer: Last model at epoch 801 saved to checkpoints/rtpp_20260402-212800/last_model_1.pth
2026-04-02 21:29:08,279 INFO src.train.trainer: Epoch 802
2026-04-02 21:29:08,358 INFO src.train.trainer: New best validation loss: -6.2763, saved to checkpoints/rtpp_20260402-212800/best_model_1.pth
2026-04-02 21:29:08,361 INFO src.train.trainer: Last model at epoch 802 saved to checkpoints/rtpp_20260402-212800/last_model_1.pth
2026-04-02 21:29:08,361 INFO src.train.trainer: Epoch 803
2026-04-02 21:29:08,439 INFO src.train.trainer: New best validation loss: -6.2764, saved to checkpoints/rtpp_20260402-212800/best_model_1.pth
2026-04-02 21:29:08,442 INFO src.train.trainer: Last model at epoch 803 saved to checkpoints/rtpp_20260402-212800/last_model_1.pth
2026-04-02 21:29:08,442 INFO src.train.trainer: Epoch 804
2026-04-02 21:29:08,520 INFO src.train.trainer: Last model at epoch 804 saved to checkpoints/rtpp_20260402-212800/last_model_1.pth
2026-04-02 21:29:08,520 INFO src.train.trainer: Epoch 805
2026-04-02 21:29:08,599 INFO src.train.trainer: New best validation loss: -6.2766, saved to checkpoints/rtpp_20260402-212800/best_model_1.pth
2026-04-02 21:29:08,602 INFO src.train.trainer: Last model at epoch 805 saved to checkpoints/rtpp_20260402-212800/last_model_1.pth
2026-04-02 21:29:08,603 INFO src.train.trainer: Epoch 806
2026-04-02 21:29:08,683 INFO src.train.trainer: New best validation loss: -6.2772, saved to checkpoints/rtpp_20260402-212800/best_model_1.pth
2026-04-02 21:29:08,686 INFO src.train.trainer: Last model at epoch 806 saved to checkpoints/rtpp_20260402-212800/last_model_1.pth
2026-04-02 21:29:08,686 INFO src.train.trainer: Epoch 807
2026-04-02 21:29:08,768 INFO src.train.trainer: New best validation loss: -6.2783, saved to checkpoints/rtpp_20260402-212800/best_model_1.pth
2026-04-02 21:29:08,771 INFO src.train.trainer: Last model at epoch 807 saved to checkpoints/rtpp_20260402-212800/last_model_1.pth
2026-04-02 21:29:08,771 INFO src.train.trainer: Epoch 808
2026-04-02 21:29:08,853 INFO src.train.trainer: New best validation loss: -6.2794, saved to checkpoints/rtpp_20260402-212800/best_model_1.pth
2026-04-02 21:29:08,856 INFO src.train.trainer: Last model at epoch 808 saved to checkpoints/rtpp_20260402-212800/last_model_1.pth
2026-04-02 21:29:08,856 INFO src.train.trainer: Epoch 809
2026-04-02 21:29:08,940 INFO src.train.trainer: New best validation loss: -6.2800, saved to checkpoints/rtpp_20260402-212800/best_model_1.pth
2026-04-02 21:29:08,943 INFO src.train.trainer: Last model at epoch 809 saved to checkpoints/rtpp_20260402-212800/last_model_1.pth
2026-04-02 21:29:08,943 INFO src.train.trainer: Epoch 810
2026-04-02 21:29:09,027 INFO src.train.trainer: New best validation loss: -6.2801, saved to checkpoints/rtpp_20260402-212800/best_model_1.pth
2026-04-02 21:29:09,031 INFO src.train.trainer: Last model at epoch 810 saved to checkpoints/rtpp_20260402-212800/last_model_1.pth
2026-04-02 21:29:09,031 INFO src.train.trainer: Epoch 811
2026-04-02 21:29:09,116 INFO src.train.trainer: New best validation loss: -6.2805, saved to checkpoints/rtpp_20260402-212800/best_model_1.pth
2026-04-02 21:29:09,120 INFO src.train.trainer: Last model at epoch 811 saved to checkpoints/rtpp_20260402-212800/last_model_1.pth
2026-04-02 21:29:09,120 INFO src.train.trainer: Epoch 812
2026-04-02 21:29:09,205 INFO src.train.trainer: New best validation loss: -6.2809, saved to checkpoints/rtpp_20260402-212800/best_model_1.pth
2026-04-02 21:29:09,208 INFO src.train.trainer: Last model at epoch 812 saved to checkpoints/rtpp_20260402-212800/last_model_1.pth
2026-04-02 21:29:09,208 INFO src.train.trainer: Epoch 813
2026-04-02 21:29:09,294 INFO src.train.trainer: New best validation loss: -6.2811, saved to checkpoints/rtpp_20260402-212800/best_model_1.pth
2026-04-02 21:29:09,298 INFO src.train.trainer: Last model at epoch 813 saved to checkpoints/rtpp_20260402-212800/last_model_1.pth
2026-04-02 21:29:09,298 INFO src.train.trainer: Epoch 814
2026-04-02 21:29:09,383 INFO src.train.trainer: New best validation loss: -6.2817, saved to checkpoints/rtpp_20260402-212800/best_model_1.pth
2026-04-02 21:29:09,386 INFO src.train.trainer: Last model at epoch 814 saved to checkpoints/rtpp_20260402-212800/last_model_1.pth
2026-04-02 21:29:09,386 INFO src.train.trainer: Epoch 815
2026-04-02 21:29:09,470 INFO src.train.trainer: New best validation loss: -6.2825, saved to checkpoints/rtpp_20260402-212800/best_model_1.pth
2026-04-02 21:29:09,473 INFO src.train.trainer: Last model at epoch 815 saved to checkpoints/rtpp_20260402-212800/last_model_1.pth
2026-04-02 21:29:09,473 INFO src.train.trainer: Epoch 816
2026-04-02 21:29:09,557 INFO src.train.trainer: New best validation loss: -6.2840, saved to checkpoints/rtpp_20260402-212800/best_model_1.pth
2026-04-02 21:29:09,559 INFO src.train.trainer: Last model at epoch 816 saved to checkpoints/rtpp_20260402-212800/last_model_1.pth
2026-04-02 21:29:09,559 INFO src.train.trainer: Epoch 817
2026-04-02 21:29:09,645 INFO src.train.trainer: New best validation loss: -6.2842, saved to checkpoints/rtpp_20260402-212800/best_model_1.pth
2026-04-02 21:29:09,648 INFO src.train.trainer: Last model at epoch 817 saved to checkpoints/rtpp_20260402-212800/last_model_1.pth
2026-04-02 21:29:09,648 INFO src.train.trainer: Epoch 818
2026-04-02 21:29:09,731 INFO src.train.trainer: New best validation loss: -6.2845, saved to checkpoints/rtpp_20260402-212800/best_model_1.pth
2026-04-02 21:29:09,734 INFO src.train.trainer: Last model at epoch 818 saved to checkpoints/rtpp_20260402-212800/last_model_1.pth
2026-04-02 21:29:09,734 INFO src.train.trainer: Epoch 819
2026-04-02 21:29:09,817 INFO src.train.trainer: New best validation loss: -6.2853, saved to checkpoints/rtpp_20260402-212800/best_model_1.pth
2026-04-02 21:29:09,820 INFO src.train.trainer: Last model at epoch 819 saved to checkpoints/rtpp_20260402-212800/last_model_1.pth
2026-04-02 21:29:09,820 INFO src.train.trainer: Epoch 820
2026-04-02 21:29:09,902 INFO src.train.trainer: New best validation loss: -6.2861, saved to checkpoints/rtpp_20260402-212800/best_model_1.pth
2026-04-02 21:29:09,905 INFO src.train.trainer: Last model at epoch 820 saved to checkpoints/rtpp_20260402-212800/last_model_1.pth
2026-04-02 21:29:09,905 INFO src.train.trainer: Epoch 821
2026-04-02 21:29:09,989 INFO src.train.trainer: New best validation loss: -6.2877, saved to checkpoints/rtpp_20260402-212800/best_model_1.pth
2026-04-02 21:29:09,991 INFO src.train.trainer: Last model at epoch 821 saved to checkpoints/rtpp_20260402-212800/last_model_1.pth
2026-04-02 21:29:09,991 INFO src.train.trainer: Epoch 822
2026-04-02 21:29:10,076 INFO src.train.trainer: New best validation loss: -6.2897, saved to checkpoints/rtpp_20260402-212800/best_model_1.pth
2026-04-02 21:29:10,079 INFO src.train.trainer: Last model at epoch 822 saved to checkpoints/rtpp_20260402-212800/last_model_1.pth
2026-04-02 21:29:10,079 INFO src.train.trainer: Epoch 823
2026-04-02 21:29:10,164 INFO src.train.trainer: New best validation loss: -6.2914, saved to checkpoints/rtpp_20260402-212800/best_model_1.pth
2026-04-02 21:29:10,166 INFO src.train.trainer: Last model at epoch 823 saved to checkpoints/rtpp_20260402-212800/last_model_1.pth
2026-04-02 21:29:10,166 INFO src.train.trainer: Epoch 824
2026-04-02 21:29:10,250 INFO src.train.trainer: New best validation loss: -6.2924, saved to checkpoints/rtpp_20260402-212800/best_model_1.pth
2026-04-02 21:29:10,253 INFO src.train.trainer: Last model at epoch 824 saved to checkpoints/rtpp_20260402-212800/last_model_1.pth
2026-04-02 21:29:10,253 INFO src.train.trainer: Epoch 825
2026-04-02 21:29:10,338 INFO src.train.trainer: Last model at epoch 825 saved to checkpoints/rtpp_20260402-212800/last_model_1.pth
2026-04-02 21:29:10,338 INFO src.train.trainer: Epoch 826
2026-04-02 21:29:10,423 INFO src.train.trainer: Last model at epoch 826 saved to checkpoints/rtpp_20260402-212800/last_model_1.pth
2026-04-02 21:29:10,423 INFO src.train.trainer: Epoch 827
2026-04-02 21:29:10,506 INFO src.train.trainer: New best validation loss: -6.2933, saved to checkpoints/rtpp_20260402-212800/best_model_1.pth
2026-04-02 21:29:10,509 INFO src.train.trainer: Last model at epoch 827 saved to checkpoints/rtpp_20260402-212800/last_model_1.pth
2026-04-02 21:29:10,509 INFO src.train.trainer: Epoch 828
2026-04-02 21:29:10,592 INFO src.train.trainer: New best validation loss: -6.2940, saved to checkpoints/rtpp_20260402-212800/best_model_1.pth
2026-04-02 21:29:10,595 INFO src.train.trainer: Last model at epoch 828 saved to checkpoints/rtpp_20260402-212800/last_model_1.pth
2026-04-02 21:29:10,595 INFO src.train.trainer: Epoch 829
2026-04-02 21:29:10,678 INFO src.train.trainer: New best validation loss: -6.2942, saved to checkpoints/rtpp_20260402-212800/best_model_1.pth
2026-04-02 21:29:10,681 INFO src.train.trainer: Last model at epoch 829 saved to checkpoints/rtpp_20260402-212800/last_model_1.pth
2026-04-02 21:29:10,681 INFO src.train.trainer: Epoch 830
2026-04-02 21:29:10,766 INFO src.train.trainer: Last model at epoch 830 saved to checkpoints/rtpp_20260402-212800/last_model_1.pth
2026-04-02 21:29:10,766 INFO src.train.trainer: Epoch 831
2026-04-02 21:29:10,849 INFO src.train.trainer: New best validation loss: -6.2958, saved to checkpoints/rtpp_20260402-212800/best_model_1.pth
2026-04-02 21:29:10,851 INFO src.train.trainer: Last model at epoch 831 saved to checkpoints/rtpp_20260402-212800/last_model_1.pth
2026-04-02 21:29:10,851 INFO src.train.trainer: Epoch 832
2026-04-02 21:29:10,936 INFO src.train.trainer: New best validation loss: -6.2964, saved to checkpoints/rtpp_20260402-212800/best_model_1.pth
2026-04-02 21:29:10,939 INFO src.train.trainer: Last model at epoch 832 saved to checkpoints/rtpp_20260402-212800/last_model_1.pth
2026-04-02 21:29:10,939 INFO src.train.trainer: Epoch 833
2026-04-02 21:29:11,024 INFO src.train.trainer: Last model at epoch 833 saved to checkpoints/rtpp_20260402-212800/last_model_1.pth
2026-04-02 21:29:11,024 INFO src.train.trainer: Epoch 834
2026-04-02 21:29:11,108 INFO src.train.trainer: New best validation loss: -6.2965, saved to checkpoints/rtpp_20260402-212800/best_model_1.pth
2026-04-02 21:29:11,111 INFO src.train.trainer: Last model at epoch 834 saved to checkpoints/rtpp_20260402-212800/last_model_1.pth
2026-04-02 21:29:11,111 INFO src.train.trainer: Epoch 835
2026-04-02 21:29:11,195 INFO src.train.trainer: New best validation loss: -6.2970, saved to checkpoints/rtpp_20260402-212800/best_model_1.pth
2026-04-02 21:29:11,198 INFO src.train.trainer: Last model at epoch 835 saved to checkpoints/rtpp_20260402-212800/last_model_1.pth
2026-04-02 21:29:11,198 INFO src.train.trainer: Epoch 836
2026-04-02 21:29:11,282 INFO src.train.trainer: Last model at epoch 836 saved to checkpoints/rtpp_20260402-212800/last_model_1.pth
2026-04-02 21:29:11,283 INFO src.train.trainer: Epoch 837
2026-04-02 21:29:11,366 INFO src.train.trainer: Last model at epoch 837 saved to checkpoints/rtpp_20260402-212800/last_model_1.pth
2026-04-02 21:29:11,366 INFO src.train.trainer: Epoch 838
2026-04-02 21:29:11,449 INFO src.train.trainer: New best validation loss: -6.2977, saved to checkpoints/rtpp_20260402-212800/best_model_1.pth
2026-04-02 21:29:11,452 INFO src.train.trainer: Last model at epoch 838 saved to checkpoints/rtpp_20260402-212800/last_model_1.pth
2026-04-02 21:29:11,452 INFO src.train.trainer: Epoch 839
2026-04-02 21:29:11,537 INFO src.train.trainer: New best validation loss: -6.2990, saved to checkpoints/rtpp_20260402-212800/best_model_1.pth
2026-04-02 21:29:11,540 INFO src.train.trainer: Last model at epoch 839 saved to checkpoints/rtpp_20260402-212800/last_model_1.pth
2026-04-02 21:29:11,540 INFO src.train.trainer: Epoch 840
2026-04-02 21:29:11,624 INFO src.train.trainer: Last model at epoch 840 saved to checkpoints/rtpp_20260402-212800/last_model_1.pth
2026-04-02 21:29:11,624 INFO src.train.trainer: Epoch 841
2026-04-02 21:29:11,713 INFO src.train.trainer: Last model at epoch 841 saved to checkpoints/rtpp_20260402-212800/last_model_1.pth
2026-04-02 21:29:11,713 INFO src.train.trainer: Epoch 842
2026-04-02 21:29:11,793 INFO src.train.trainer: Last model at epoch 842 saved to checkpoints/rtpp_20260402-212800/last_model_1.pth
2026-04-02 21:29:11,793 INFO src.train.trainer: Epoch 843
2026-04-02 21:29:11,876 INFO src.train.trainer: New best validation loss: -6.2999, saved to checkpoints/rtpp_20260402-212800/best_model_1.pth
2026-04-02 21:29:11,879 INFO src.train.trainer: Last model at epoch 843 saved to checkpoints/rtpp_20260402-212800/last_model_1.pth
2026-04-02 21:29:11,879 INFO src.train.trainer: Epoch 844
2026-04-02 21:29:11,954 INFO src.train.trainer: Last model at epoch 844 saved to checkpoints/rtpp_20260402-212800/last_model_1.pth
2026-04-02 21:29:11,954 INFO src.train.trainer: Epoch 845
2026-04-02 21:29:12,030 INFO src.train.trainer: Last model at epoch 845 saved to checkpoints/rtpp_20260402-212800/last_model_1.pth
2026-04-02 21:29:12,030 INFO src.train.trainer: Epoch 846
2026-04-02 21:29:12,104 INFO src.train.trainer: Last model at epoch 846 saved to checkpoints/rtpp_20260402-212800/last_model_1.pth
2026-04-02 21:29:12,104 INFO src.train.trainer: Epoch 847
2026-04-02 21:29:12,177 INFO src.train.trainer: New best validation loss: -6.3016, saved to checkpoints/rtpp_20260402-212800/best_model_1.pth
2026-04-02 21:29:12,180 INFO src.train.trainer: Last model at epoch 847 saved to checkpoints/rtpp_20260402-212800/last_model_1.pth
2026-04-02 21:29:12,180 INFO src.train.trainer: Epoch 848
2026-04-02 21:29:12,259 INFO src.train.trainer: Last model at epoch 848 saved to checkpoints/rtpp_20260402-212800/last_model_1.pth
2026-04-02 21:29:12,260 INFO src.train.trainer: Epoch 849
2026-04-02 21:29:12,337 INFO src.train.trainer: Last model at epoch 849 saved to checkpoints/rtpp_20260402-212800/last_model_1.pth
2026-04-02 21:29:12,337 INFO src.train.trainer: Epoch 850
2026-04-02 21:29:12,412 INFO src.train.trainer: Last model at epoch 850 saved to checkpoints/rtpp_20260402-212800/last_model_1.pth
2026-04-02 21:29:12,412 INFO src.train.trainer: Epoch 851
2026-04-02 21:29:12,488 INFO src.train.trainer: Last model at epoch 851 saved to checkpoints/rtpp_20260402-212800/last_model_1.pth
2026-04-02 21:29:12,488 INFO src.train.trainer: Epoch 852
2026-04-02 21:29:12,564 INFO src.train.trainer: Last model at epoch 852 saved to checkpoints/rtpp_20260402-212800/last_model_1.pth
2026-04-02 21:29:12,564 INFO src.train.trainer: Epoch 853
2026-04-02 21:29:12,642 INFO src.train.trainer: Last model at epoch 853 saved to checkpoints/rtpp_20260402-212800/last_model_1.pth
2026-04-02 21:29:12,642 INFO src.train.trainer: Epoch 854
2026-04-02 21:29:12,717 INFO src.train.trainer: New best validation loss: -6.3037, saved to checkpoints/rtpp_20260402-212800/best_model_1.pth
2026-04-02 21:29:12,720 INFO src.train.trainer: Last model at epoch 854 saved to checkpoints/rtpp_20260402-212800/last_model_1.pth
2026-04-02 21:29:12,720 INFO src.train.trainer: Epoch 855
2026-04-02 21:29:12,797 INFO src.train.trainer: Last model at epoch 855 saved to checkpoints/rtpp_20260402-212800/last_model_1.pth
2026-04-02 21:29:12,797 INFO src.train.trainer: Epoch 856
2026-04-02 21:29:12,875 INFO src.train.trainer: New best validation loss: -6.3039, saved to checkpoints/rtpp_20260402-212800/best_model_1.pth
2026-04-02 21:29:12,877 INFO src.train.trainer: Last model at epoch 856 saved to checkpoints/rtpp_20260402-212800/last_model_1.pth
2026-04-02 21:29:12,878 INFO src.train.trainer: Epoch 857
2026-04-02 21:29:12,956 INFO src.train.trainer: New best validation loss: -6.3046, saved to checkpoints/rtpp_20260402-212800/best_model_1.pth
2026-04-02 21:29:12,959 INFO src.train.trainer: Last model at epoch 857 saved to checkpoints/rtpp_20260402-212800/last_model_1.pth
2026-04-02 21:29:12,959 INFO src.train.trainer: Epoch 858
2026-04-02 21:29:13,039 INFO src.train.trainer: Last model at epoch 858 saved to checkpoints/rtpp_20260402-212800/last_model_1.pth
2026-04-02 21:29:13,039 INFO src.train.trainer: Epoch 859
2026-04-02 21:29:13,117 INFO src.train.trainer: Last model at epoch 859 saved to checkpoints/rtpp_20260402-212800/last_model_1.pth
2026-04-02 21:29:13,117 INFO src.train.trainer: Epoch 860
2026-04-02 21:29:13,197 INFO src.train.trainer: Last model at epoch 860 saved to checkpoints/rtpp_20260402-212800/last_model_1.pth
2026-04-02 21:29:13,198 INFO src.train.trainer: Epoch 861
2026-04-02 21:29:13,280 INFO src.train.trainer: New best validation loss: -6.3065, saved to checkpoints/rtpp_20260402-212800/best_model_1.pth
2026-04-02 21:29:13,283 INFO src.train.trainer: Last model at epoch 861 saved to checkpoints/rtpp_20260402-212800/last_model_1.pth
2026-04-02 21:29:13,283 INFO src.train.trainer: Epoch 862
2026-04-02 21:29:13,364 INFO src.train.trainer: Last model at epoch 862 saved to checkpoints/rtpp_20260402-212800/last_model_1.pth
2026-04-02 21:29:13,365 INFO src.train.trainer: Epoch 863
2026-04-02 21:29:13,445 INFO src.train.trainer: New best validation loss: -6.3070, saved to checkpoints/rtpp_20260402-212800/best_model_1.pth
2026-04-02 21:29:13,448 INFO src.train.trainer: Last model at epoch 863 saved to checkpoints/rtpp_20260402-212800/last_model_1.pth
2026-04-02 21:29:13,448 INFO src.train.trainer: Epoch 864
2026-04-02 21:29:13,532 INFO src.train.trainer: Last model at epoch 864 saved to checkpoints/rtpp_20260402-212800/last_model_1.pth
2026-04-02 21:29:13,532 INFO src.train.trainer: Epoch 865
2026-04-02 21:29:13,616 INFO src.train.trainer: Last model at epoch 865 saved to checkpoints/rtpp_20260402-212800/last_model_1.pth
2026-04-02 21:29:13,616 INFO src.train.trainer: Epoch 866
2026-04-02 21:29:13,699 INFO src.train.trainer: Last model at epoch 866 saved to checkpoints/rtpp_20260402-212800/last_model_1.pth
2026-04-02 21:29:13,699 INFO src.train.trainer: Epoch 867
2026-04-02 21:29:13,783 INFO src.train.trainer: Last model at epoch 867 saved to checkpoints/rtpp_20260402-212800/last_model_1.pth
2026-04-02 21:29:13,783 INFO src.train.trainer: Epoch 868
2026-04-02 21:29:13,868 INFO src.train.trainer: New best validation loss: -6.3083, saved to checkpoints/rtpp_20260402-212800/best_model_1.pth
2026-04-02 21:29:13,871 INFO src.train.trainer: Last model at epoch 868 saved to checkpoints/rtpp_20260402-212800/last_model_1.pth
2026-04-02 21:29:13,871 INFO src.train.trainer: Epoch 869
2026-04-02 21:29:13,956 INFO src.train.trainer: New best validation loss: -6.3093, saved to checkpoints/rtpp_20260402-212800/best_model_1.pth
2026-04-02 21:29:13,958 INFO src.train.trainer: Last model at epoch 869 saved to checkpoints/rtpp_20260402-212800/last_model_1.pth
2026-04-02 21:29:13,959 INFO src.train.trainer: Epoch 870
2026-04-02 21:29:14,043 INFO src.train.trainer: New best validation loss: -6.3096, saved to checkpoints/rtpp_20260402-212800/best_model_1.pth
2026-04-02 21:29:14,046 INFO src.train.trainer: Last model at epoch 870 saved to checkpoints/rtpp_20260402-212800/last_model_1.pth
2026-04-02 21:29:14,046 INFO src.train.trainer: Epoch 871
2026-04-02 21:29:14,126 INFO src.train.trainer: Last model at epoch 871 saved to checkpoints/rtpp_20260402-212800/last_model_1.pth
2026-04-02 21:29:14,126 INFO src.train.trainer: Epoch 872
2026-04-02 21:29:14,207 INFO src.train.trainer: Last model at epoch 872 saved to checkpoints/rtpp_20260402-212800/last_model_1.pth
2026-04-02 21:29:14,207 INFO src.train.trainer: Epoch 873
2026-04-02 21:29:14,289 INFO src.train.trainer: Last model at epoch 873 saved to checkpoints/rtpp_20260402-212800/last_model_1.pth
2026-04-02 21:29:14,289 INFO src.train.trainer: Epoch 874
2026-04-02 21:29:14,373 INFO src.train.trainer: Last model at epoch 874 saved to checkpoints/rtpp_20260402-212800/last_model_1.pth
2026-04-02 21:29:14,373 INFO src.train.trainer: Epoch 875
2026-04-02 21:29:14,455 INFO src.train.trainer: New best validation loss: -6.3112, saved to checkpoints/rtpp_20260402-212800/best_model_1.pth
2026-04-02 21:29:14,458 INFO src.train.trainer: Last model at epoch 875 saved to checkpoints/rtpp_20260402-212800/last_model_1.pth
2026-04-02 21:29:14,458 INFO src.train.trainer: Epoch 876
2026-04-02 21:29:14,542 INFO src.train.trainer: New best validation loss: -6.3129, saved to checkpoints/rtpp_20260402-212800/best_model_1.pth
2026-04-02 21:29:14,545 INFO src.train.trainer: Last model at epoch 876 saved to checkpoints/rtpp_20260402-212800/last_model_1.pth
2026-04-02 21:29:14,545 INFO src.train.trainer: Epoch 877
2026-04-02 21:29:14,631 INFO src.train.trainer: Last model at epoch 877 saved to checkpoints/rtpp_20260402-212800/last_model_1.pth
2026-04-02 21:29:14,631 INFO src.train.trainer: Epoch 878
2026-04-02 21:29:14,714 INFO src.train.trainer: Last model at epoch 878 saved to checkpoints/rtpp_20260402-212800/last_model_1.pth
2026-04-02 21:29:14,714 INFO src.train.trainer: Epoch 879
2026-04-02 21:29:14,786 INFO src.train.trainer: Last model at epoch 879 saved to checkpoints/rtpp_20260402-212800/last_model_1.pth
2026-04-02 21:29:14,786 INFO src.train.trainer: Epoch 880
2026-04-02 21:29:14,866 INFO src.train.trainer: Last model at epoch 880 saved to checkpoints/rtpp_20260402-212800/last_model_1.pth
2026-04-02 21:29:14,867 INFO src.train.trainer: Epoch 881
2026-04-02 21:29:14,952 INFO src.train.trainer: Last model at epoch 881 saved to checkpoints/rtpp_20260402-212800/last_model_1.pth
2026-04-02 21:29:14,952 INFO src.train.trainer: Epoch 882
2026-04-02 21:29:15,040 INFO src.train.trainer: New best validation loss: -6.3134, saved to checkpoints/rtpp_20260402-212800/best_model_1.pth
2026-04-02 21:29:15,043 INFO src.train.trainer: Last model at epoch 882 saved to checkpoints/rtpp_20260402-212800/last_model_1.pth
2026-04-02 21:29:15,043 INFO src.train.trainer: Epoch 883
2026-04-02 21:29:15,133 INFO src.train.trainer: New best validation loss: -6.3144, saved to checkpoints/rtpp_20260402-212800/best_model_1.pth
2026-04-02 21:29:15,138 INFO src.train.trainer: Last model at epoch 883 saved to checkpoints/rtpp_20260402-212800/last_model_1.pth
2026-04-02 21:29:15,138 INFO src.train.trainer: Epoch 884
2026-04-02 21:29:15,228 INFO src.train.trainer: Last model at epoch 884 saved to checkpoints/rtpp_20260402-212800/last_model_1.pth
2026-04-02 21:29:15,228 INFO src.train.trainer: Epoch 885
2026-04-02 21:29:15,315 INFO src.train.trainer: Last model at epoch 885 saved to checkpoints/rtpp_20260402-212800/last_model_1.pth
2026-04-02 21:29:15,316 INFO src.train.trainer: Epoch 886
2026-04-02 21:29:15,400 INFO src.train.trainer: Last model at epoch 886 saved to checkpoints/rtpp_20260402-212800/last_model_1.pth
2026-04-02 21:29:15,400 INFO src.train.trainer: Epoch 887
2026-04-02 21:29:15,501 INFO src.train.trainer: Last model at epoch 887 saved to checkpoints/rtpp_20260402-212800/last_model_1.pth
2026-04-02 21:29:15,502 INFO src.train.trainer: Epoch 888
2026-04-02 21:29:15,599 INFO src.train.trainer: Last model at epoch 888 saved to checkpoints/rtpp_20260402-212800/last_model_1.pth
2026-04-02 21:29:15,599 INFO src.train.trainer: Epoch 889
2026-04-02 21:29:15,696 INFO src.train.trainer: Last model at epoch 889 saved to checkpoints/rtpp_20260402-212800/last_model_1.pth
2026-04-02 21:29:15,696 INFO src.train.trainer: Epoch 890
2026-04-02 21:29:15,780 INFO src.train.trainer: New best validation loss: -6.3155, saved to checkpoints/rtpp_20260402-212800/best_model_1.pth
2026-04-02 21:29:15,782 INFO src.train.trainer: Last model at epoch 890 saved to checkpoints/rtpp_20260402-212800/last_model_1.pth
2026-04-02 21:29:15,783 INFO src.train.trainer: Epoch 891
2026-04-02 21:29:15,871 INFO src.train.trainer: Last model at epoch 891 saved to checkpoints/rtpp_20260402-212800/last_model_1.pth
2026-04-02 21:29:15,871 INFO src.train.trainer: Epoch 892
2026-04-02 21:29:15,958 INFO src.train.trainer: Last model at epoch 892 saved to checkpoints/rtpp_20260402-212800/last_model_1.pth
2026-04-02 21:29:15,958 INFO src.train.trainer: Epoch 893
2026-04-02 21:29:16,048 INFO src.train.trainer: Last model at epoch 893 saved to checkpoints/rtpp_20260402-212800/last_model_1.pth
2026-04-02 21:29:16,048 INFO src.train.trainer: Epoch 894
2026-04-02 21:29:16,138 INFO src.train.trainer: Last model at epoch 894 saved to checkpoints/rtpp_20260402-212800/last_model_1.pth
2026-04-02 21:29:16,138 INFO src.train.trainer: Epoch 895
2026-04-02 21:29:16,236 INFO src.train.trainer: Last model at epoch 895 saved to checkpoints/rtpp_20260402-212800/last_model_1.pth
2026-04-02 21:29:16,236 INFO src.train.trainer: Epoch 896
2026-04-02 21:29:16,337 INFO src.train.trainer: New best validation loss: -6.3222, saved to checkpoints/rtpp_20260402-212800/best_model_1.pth
2026-04-02 21:29:16,342 INFO src.train.trainer: Last model at epoch 896 saved to checkpoints/rtpp_20260402-212800/last_model_1.pth
2026-04-02 21:29:16,342 INFO src.train.trainer: Epoch 897
2026-04-02 21:29:16,429 INFO src.train.trainer: New best validation loss: -6.3226, saved to checkpoints/rtpp_20260402-212800/best_model_1.pth
2026-04-02 21:29:16,432 INFO src.train.trainer: Last model at epoch 897 saved to checkpoints/rtpp_20260402-212800/last_model_1.pth
2026-04-02 21:29:16,432 INFO src.train.trainer: Epoch 898
2026-04-02 21:29:16,518 INFO src.train.trainer: Last model at epoch 898 saved to checkpoints/rtpp_20260402-212800/last_model_1.pth
2026-04-02 21:29:16,518 INFO src.train.trainer: Epoch 899
2026-04-02 21:29:16,604 INFO src.train.trainer: Last model at epoch 899 saved to checkpoints/rtpp_20260402-212800/last_model_1.pth
2026-04-02 21:29:16,604 INFO src.train.trainer: Epoch 900
2026-04-02 21:29:16,689 INFO src.train.trainer: Last model at epoch 900 saved to checkpoints/rtpp_20260402-212800/last_model_1.pth
2026-04-02 21:29:16,690 INFO src.train.trainer: Epoch 901
2026-04-02 21:29:16,776 INFO src.train.trainer: Last model at epoch 901 saved to checkpoints/rtpp_20260402-212800/last_model_1.pth
2026-04-02 21:29:16,776 INFO src.train.trainer: Epoch 902
2026-04-02 21:29:16,865 INFO src.train.trainer: Last model at epoch 902 saved to checkpoints/rtpp_20260402-212800/last_model_1.pth
2026-04-02 21:29:16,865 INFO src.train.trainer: Epoch 903
2026-04-02 21:29:16,954 INFO src.train.trainer: Last model at epoch 903 saved to checkpoints/rtpp_20260402-212800/last_model_1.pth
2026-04-02 21:29:16,954 INFO src.train.trainer: Epoch 904
2026-04-02 21:29:17,041 INFO src.train.trainer: Last model at epoch 904 saved to checkpoints/rtpp_20260402-212800/last_model_1.pth
2026-04-02 21:29:17,041 INFO src.train.trainer: Epoch 905
2026-04-02 21:29:17,123 INFO src.train.trainer: Last model at epoch 905 saved to checkpoints/rtpp_20260402-212800/last_model_1.pth
2026-04-02 21:29:17,124 INFO src.train.trainer: Epoch 906
2026-04-02 21:29:17,207 INFO src.train.trainer: Last model at epoch 906 saved to checkpoints/rtpp_20260402-212800/last_model_1.pth
2026-04-02 21:29:17,207 INFO src.train.trainer: Epoch 907
2026-04-02 21:29:17,289 INFO src.train.trainer: Last model at epoch 907 saved to checkpoints/rtpp_20260402-212800/last_model_1.pth
2026-04-02 21:29:17,289 INFO src.train.trainer: Epoch 908
2026-04-02 21:29:17,370 INFO src.train.trainer: Last model at epoch 908 saved to checkpoints/rtpp_20260402-212800/last_model_1.pth
2026-04-02 21:29:17,370 INFO src.train.trainer: Epoch 909
2026-04-02 21:29:17,452 INFO src.train.trainer: Last model at epoch 909 saved to checkpoints/rtpp_20260402-212800/last_model_1.pth
2026-04-02 21:29:17,452 INFO src.train.trainer: Epoch 910
2026-04-02 21:29:17,545 INFO src.train.trainer: New best validation loss: -6.3238, saved to checkpoints/rtpp_20260402-212800/best_model_1.pth
2026-04-02 21:29:17,549 INFO src.train.trainer: Last model at epoch 910 saved to checkpoints/rtpp_20260402-212800/last_model_1.pth
2026-04-02 21:29:17,549 INFO src.train.trainer: Epoch 911
2026-04-02 21:29:17,656 INFO src.train.trainer: Last model at epoch 911 saved to checkpoints/rtpp_20260402-212800/last_model_1.pth
2026-04-02 21:29:17,656 INFO src.train.trainer: Epoch 912
2026-04-02 21:29:17,753 INFO src.train.trainer: Last model at epoch 912 saved to checkpoints/rtpp_20260402-212800/last_model_1.pth
2026-04-02 21:29:17,753 INFO src.train.trainer: Epoch 913
2026-04-02 21:29:17,835 INFO src.train.trainer: Last model at epoch 913 saved to checkpoints/rtpp_20260402-212800/last_model_1.pth
2026-04-02 21:29:17,835 INFO src.train.trainer: Epoch 914
2026-04-02 21:29:17,914 INFO src.train.trainer: Last model at epoch 914 saved to checkpoints/rtpp_20260402-212800/last_model_1.pth
2026-04-02 21:29:17,915 INFO src.train.trainer: Epoch 915
2026-04-02 21:29:17,991 INFO src.train.trainer: Last model at epoch 915 saved to checkpoints/rtpp_20260402-212800/last_model_1.pth
2026-04-02 21:29:17,991 INFO src.train.trainer: Epoch 916
2026-04-02 21:29:18,068 INFO src.train.trainer: Last model at epoch 916 saved to checkpoints/rtpp_20260402-212800/last_model_1.pth
2026-04-02 21:29:18,068 INFO src.train.trainer: Epoch 917
2026-04-02 21:29:18,145 INFO src.train.trainer: New best validation loss: -6.3260, saved to checkpoints/rtpp_20260402-212800/best_model_1.pth
2026-04-02 21:29:18,147 INFO src.train.trainer: Last model at epoch 917 saved to checkpoints/rtpp_20260402-212800/last_model_1.pth
2026-04-02 21:29:18,147 INFO src.train.trainer: Epoch 918
2026-04-02 21:29:18,221 INFO src.train.trainer: Last model at epoch 918 saved to checkpoints/rtpp_20260402-212800/last_model_1.pth
2026-04-02 21:29:18,221 INFO src.train.trainer: Epoch 919
2026-04-02 21:29:18,297 INFO src.train.trainer: Last model at epoch 919 saved to checkpoints/rtpp_20260402-212800/last_model_1.pth
2026-04-02 21:29:18,297 INFO src.train.trainer: Epoch 920
2026-04-02 21:29:18,374 INFO src.train.trainer: Last model at epoch 920 saved to checkpoints/rtpp_20260402-212800/last_model_1.pth
2026-04-02 21:29:18,374 INFO src.train.trainer: Epoch 921
2026-04-02 21:29:18,451 INFO src.train.trainer: Last model at epoch 921 saved to checkpoints/rtpp_20260402-212800/last_model_1.pth
2026-04-02 21:29:18,451 INFO src.train.trainer: Epoch 922
2026-04-02 21:29:18,527 INFO src.train.trainer: Last model at epoch 922 saved to checkpoints/rtpp_20260402-212800/last_model_1.pth
2026-04-02 21:29:18,527 INFO src.train.trainer: Epoch 923
2026-04-02 21:29:18,604 INFO src.train.trainer: New best validation loss: -6.3301, saved to checkpoints/rtpp_20260402-212800/best_model_1.pth
2026-04-02 21:29:18,607 INFO src.train.trainer: Last model at epoch 923 saved to checkpoints/rtpp_20260402-212800/last_model_1.pth
2026-04-02 21:29:18,607 INFO src.train.trainer: Epoch 924
2026-04-02 21:29:18,684 INFO src.train.trainer: Last model at epoch 924 saved to checkpoints/rtpp_20260402-212800/last_model_1.pth
2026-04-02 21:29:18,685 INFO src.train.trainer: Epoch 925
2026-04-02 21:29:18,761 INFO src.train.trainer: Last model at epoch 925 saved to checkpoints/rtpp_20260402-212800/last_model_1.pth
2026-04-02 21:29:18,762 INFO src.train.trainer: Epoch 926
2026-04-02 21:29:18,840 INFO src.train.trainer: Last model at epoch 926 saved to checkpoints/rtpp_20260402-212800/last_model_1.pth
2026-04-02 21:29:18,840 INFO src.train.trainer: Epoch 927
2026-04-02 21:29:18,914 INFO src.train.trainer: Last model at epoch 927 saved to checkpoints/rtpp_20260402-212800/last_model_1.pth
2026-04-02 21:29:18,914 INFO src.train.trainer: Epoch 928
2026-04-02 21:29:18,988 INFO src.train.trainer: Last model at epoch 928 saved to checkpoints/rtpp_20260402-212800/last_model_1.pth
2026-04-02 21:29:18,988 INFO src.train.trainer: Epoch 929
2026-04-02 21:29:19,062 INFO src.train.trainer: Last model at epoch 929 saved to checkpoints/rtpp_20260402-212800/last_model_1.pth
2026-04-02 21:29:19,063 INFO src.train.trainer: Epoch 930
2026-04-02 21:29:19,137 INFO src.train.trainer: Last model at epoch 930 saved to checkpoints/rtpp_20260402-212800/last_model_1.pth
2026-04-02 21:29:19,137 INFO src.train.trainer: Epoch 931
2026-04-02 21:29:19,212 INFO src.train.trainer: Last model at epoch 931 saved to checkpoints/rtpp_20260402-212800/last_model_1.pth
2026-04-02 21:29:19,212 INFO src.train.trainer: Epoch 932
2026-04-02 21:29:19,289 INFO src.train.trainer: Last model at epoch 932 saved to checkpoints/rtpp_20260402-212800/last_model_1.pth
2026-04-02 21:29:19,290 INFO src.train.trainer: Epoch 933
2026-04-02 21:29:19,367 INFO src.train.trainer: Last model at epoch 933 saved to checkpoints/rtpp_20260402-212800/last_model_1.pth
2026-04-02 21:29:19,367 INFO src.train.trainer: Epoch 934
2026-04-02 21:29:19,443 INFO src.train.trainer: Last model at epoch 934 saved to checkpoints/rtpp_20260402-212800/last_model_1.pth
2026-04-02 21:29:19,444 INFO src.train.trainer: Epoch 935
2026-04-02 21:29:19,523 INFO src.train.trainer: Last model at epoch 935 saved to checkpoints/rtpp_20260402-212800/last_model_1.pth
2026-04-02 21:29:19,523 INFO src.train.trainer: Epoch 936
2026-04-02 21:29:19,589 INFO src.train.trainer: Last model at epoch 936 saved to checkpoints/rtpp_20260402-212800/last_model_1.pth
2026-04-02 21:29:19,589 INFO src.train.trainer: Epoch 937
2026-04-02 21:29:19,663 INFO src.train.trainer: Last model at epoch 937 saved to checkpoints/rtpp_20260402-212800/last_model_1.pth
2026-04-02 21:29:19,663 INFO src.train.trainer: Epoch 938
2026-04-02 21:29:19,741 INFO src.train.trainer: Last model at epoch 938 saved to checkpoints/rtpp_20260402-212800/last_model_1.pth
2026-04-02 21:29:19,741 INFO src.train.trainer: Epoch 939
2026-04-02 21:29:19,818 INFO src.train.trainer: Last model at epoch 939 saved to checkpoints/rtpp_20260402-212800/last_model_1.pth
2026-04-02 21:29:19,819 INFO src.train.trainer: Epoch 940
2026-04-02 21:29:19,895 INFO src.train.trainer: Last model at epoch 940 saved to checkpoints/rtpp_20260402-212800/last_model_1.pth
2026-04-02 21:29:19,895 INFO src.train.trainer: Epoch 941
2026-04-02 21:29:19,968 INFO src.train.trainer: Last model at epoch 941 saved to checkpoints/rtpp_20260402-212800/last_model_1.pth
2026-04-02 21:29:19,969 INFO src.train.trainer: Epoch 942
2026-04-02 21:29:20,044 INFO src.train.trainer: Last model at epoch 942 saved to checkpoints/rtpp_20260402-212800/last_model_1.pth
2026-04-02 21:29:20,044 INFO src.train.trainer: Epoch 943
2026-04-02 21:29:20,134 INFO src.train.trainer: Last model at epoch 943 saved to checkpoints/rtpp_20260402-212800/last_model_1.pth
2026-04-02 21:29:20,134 INFO src.train.trainer: Epoch 944
2026-04-02 21:29:20,261 INFO src.train.trainer: Last model at epoch 944 saved to checkpoints/rtpp_20260402-212800/last_model_1.pth
2026-04-02 21:29:20,261 INFO src.train.trainer: Epoch 945
2026-04-02 21:29:20,338 INFO src.train.trainer: Last model at epoch 945 saved to checkpoints/rtpp_20260402-212800/last_model_1.pth
2026-04-02 21:29:20,338 INFO src.train.trainer: Epoch 946
2026-04-02 21:29:20,420 INFO src.train.trainer: New best validation loss: -6.3320, saved to checkpoints/rtpp_20260402-212800/best_model_1.pth
2026-04-02 21:29:20,422 INFO src.train.trainer: Last model at epoch 946 saved to checkpoints/rtpp_20260402-212800/last_model_1.pth
2026-04-02 21:29:20,422 INFO src.train.trainer: Epoch 947
2026-04-02 21:29:20,502 INFO src.train.trainer: Last model at epoch 947 saved to checkpoints/rtpp_20260402-212800/last_model_1.pth
2026-04-02 21:29:20,502 INFO src.train.trainer: Epoch 948
2026-04-02 21:29:20,580 INFO src.train.trainer: Last model at epoch 948 saved to checkpoints/rtpp_20260402-212800/last_model_1.pth
2026-04-02 21:29:20,580 INFO src.train.trainer: Epoch 949
2026-04-02 21:29:20,657 INFO src.train.trainer: Last model at epoch 949 saved to checkpoints/rtpp_20260402-212800/last_model_1.pth
2026-04-02 21:29:20,657 INFO src.train.trainer: Epoch 950
2026-04-02 21:29:20,737 INFO src.train.trainer: Last model at epoch 950 saved to checkpoints/rtpp_20260402-212800/last_model_1.pth
2026-04-02 21:29:20,737 INFO src.train.trainer: Epoch 951
2026-04-02 21:29:20,818 INFO src.train.trainer: Last model at epoch 951 saved to checkpoints/rtpp_20260402-212800/last_model_1.pth
2026-04-02 21:29:20,818 INFO src.train.trainer: Epoch 952
2026-04-02 21:29:20,900 INFO src.train.trainer: New best validation loss: -6.3322, saved to checkpoints/rtpp_20260402-212800/best_model_1.pth
2026-04-02 21:29:20,904 INFO src.train.trainer: Last model at epoch 952 saved to checkpoints/rtpp_20260402-212800/last_model_1.pth
2026-04-02 21:29:20,904 INFO src.train.trainer: Epoch 953
2026-04-02 21:29:20,983 INFO src.train.trainer: Last model at epoch 953 saved to checkpoints/rtpp_20260402-212800/last_model_1.pth
2026-04-02 21:29:20,983 INFO src.train.trainer: Epoch 954
2026-04-02 21:29:21,063 INFO src.train.trainer: Last model at epoch 954 saved to checkpoints/rtpp_20260402-212800/last_model_1.pth
2026-04-02 21:29:21,063 INFO src.train.trainer: Epoch 955
2026-04-02 21:29:21,142 INFO src.train.trainer: Last model at epoch 955 saved to checkpoints/rtpp_20260402-212800/last_model_1.pth
2026-04-02 21:29:21,142 INFO src.train.trainer: Epoch 956
2026-04-02 21:29:21,223 INFO src.train.trainer: Last model at epoch 956 saved to checkpoints/rtpp_20260402-212800/last_model_1.pth
2026-04-02 21:29:21,223 INFO src.train.trainer: Epoch 957
2026-04-02 21:29:21,303 INFO src.train.trainer: Last model at epoch 957 saved to checkpoints/rtpp_20260402-212800/last_model_1.pth
2026-04-02 21:29:21,303 INFO src.train.trainer: Epoch 958
2026-04-02 21:29:21,382 INFO src.train.trainer: Last model at epoch 958 saved to checkpoints/rtpp_20260402-212800/last_model_1.pth
2026-04-02 21:29:21,382 INFO src.train.trainer: Epoch 959
2026-04-02 21:29:21,462 INFO src.train.trainer: Last model at epoch 959 saved to checkpoints/rtpp_20260402-212800/last_model_1.pth
2026-04-02 21:29:21,462 INFO src.train.trainer: Epoch 960
2026-04-02 21:29:21,542 INFO src.train.trainer: Last model at epoch 960 saved to checkpoints/rtpp_20260402-212800/last_model_1.pth
2026-04-02 21:29:21,542 INFO src.train.trainer: Epoch 961
2026-04-02 21:29:21,622 INFO src.train.trainer: Last model at epoch 961 saved to checkpoints/rtpp_20260402-212800/last_model_1.pth
2026-04-02 21:29:21,622 INFO src.train.trainer: Epoch 962
2026-04-02 21:29:21,702 INFO src.train.trainer: Last model at epoch 962 saved to checkpoints/rtpp_20260402-212800/last_model_1.pth
2026-04-02 21:29:21,702 INFO src.train.trainer: Epoch 963
2026-04-02 21:29:21,782 INFO src.train.trainer: Last model at epoch 963 saved to checkpoints/rtpp_20260402-212800/last_model_1.pth
2026-04-02 21:29:21,782 INFO src.train.trainer: Epoch 964
2026-04-02 21:29:21,866 INFO src.train.trainer: Last model at epoch 964 saved to checkpoints/rtpp_20260402-212800/last_model_1.pth
2026-04-02 21:29:21,866 INFO src.train.trainer: Epoch 965
2026-04-02 21:29:21,946 INFO src.train.trainer: Last model at epoch 965 saved to checkpoints/rtpp_20260402-212800/last_model_1.pth
2026-04-02 21:29:21,946 INFO src.train.trainer: Epoch 966
2026-04-02 21:29:22,027 INFO src.train.trainer: Last model at epoch 966 saved to checkpoints/rtpp_20260402-212800/last_model_1.pth
2026-04-02 21:29:22,027 INFO src.train.trainer: Epoch 967
2026-04-02 21:29:22,107 INFO src.train.trainer: Last model at epoch 967 saved to checkpoints/rtpp_20260402-212800/last_model_1.pth
2026-04-02 21:29:22,107 INFO src.train.trainer: Epoch 968
2026-04-02 21:29:22,187 INFO src.train.trainer: Last model at epoch 968 saved to checkpoints/rtpp_20260402-212800/last_model_1.pth
2026-04-02 21:29:22,187 INFO src.train.trainer: Epoch 969
2026-04-02 21:29:22,266 INFO src.train.trainer: Last model at epoch 969 saved to checkpoints/rtpp_20260402-212800/last_model_1.pth
2026-04-02 21:29:22,266 INFO src.train.trainer: Epoch 970
2026-04-02 21:29:22,347 INFO src.train.trainer: Last model at epoch 970 saved to checkpoints/rtpp_20260402-212800/last_model_1.pth
2026-04-02 21:29:22,347 INFO src.train.trainer: Epoch 971
2026-04-02 21:29:22,428 INFO src.train.trainer: Last model at epoch 971 saved to checkpoints/rtpp_20260402-212800/last_model_1.pth
2026-04-02 21:29:22,428 INFO src.train.trainer: Epoch 972
2026-04-02 21:29:22,513 INFO src.train.trainer: Last model at epoch 972 saved to checkpoints/rtpp_20260402-212800/last_model_1.pth
2026-04-02 21:29:22,514 INFO src.train.trainer: Epoch 973
2026-04-02 21:29:22,597 INFO src.train.trainer: Last model at epoch 973 saved to checkpoints/rtpp_20260402-212800/last_model_1.pth
2026-04-02 21:29:22,597 INFO src.train.trainer: Epoch 974
2026-04-02 21:29:22,680 INFO src.train.trainer: Last model at epoch 974 saved to checkpoints/rtpp_20260402-212800/last_model_1.pth
2026-04-02 21:29:22,680 INFO src.train.trainer: Epoch 975
2026-04-02 21:29:22,763 INFO src.train.trainer: Last model at epoch 975 saved to checkpoints/rtpp_20260402-212800/last_model_1.pth
2026-04-02 21:29:22,764 INFO src.train.trainer: Epoch 976
2026-04-02 21:29:22,846 INFO src.train.trainer: Last model at epoch 976 saved to checkpoints/rtpp_20260402-212800/last_model_1.pth
2026-04-02 21:29:22,847 INFO src.train.trainer: Epoch 977
2026-04-02 21:29:22,929 INFO src.train.trainer: Last model at epoch 977 saved to checkpoints/rtpp_20260402-212800/last_model_1.pth
2026-04-02 21:29:22,929 INFO src.train.trainer: Epoch 978
2026-04-02 21:29:23,012 INFO src.train.trainer: Last model at epoch 978 saved to checkpoints/rtpp_20260402-212800/last_model_1.pth
2026-04-02 21:29:23,012 INFO src.train.trainer: Epoch 979
2026-04-02 21:29:23,094 INFO src.train.trainer: Last model at epoch 979 saved to checkpoints/rtpp_20260402-212800/last_model_1.pth
2026-04-02 21:29:23,094 INFO src.train.trainer: Epoch 980
2026-04-02 21:29:23,179 INFO src.train.trainer: Last model at epoch 980 saved to checkpoints/rtpp_20260402-212800/last_model_1.pth
2026-04-02 21:29:23,180 INFO src.train.trainer: Epoch 981
2026-04-02 21:29:23,263 INFO src.train.trainer: Last model at epoch 981 saved to checkpoints/rtpp_20260402-212800/last_model_1.pth
2026-04-02 21:29:23,263 INFO src.train.trainer: Epoch 982
2026-04-02 21:29:23,342 INFO src.train.trainer: Last model at epoch 982 saved to checkpoints/rtpp_20260402-212800/last_model_1.pth
2026-04-02 21:29:23,342 INFO src.train.trainer: Epoch 983
2026-04-02 21:29:23,423 INFO src.train.trainer: Last model at epoch 983 saved to checkpoints/rtpp_20260402-212800/last_model_1.pth
2026-04-02 21:29:23,424 INFO src.train.trainer: Epoch 984
2026-04-02 21:29:23,511 INFO src.train.trainer: Last model at epoch 984 saved to checkpoints/rtpp_20260402-212800/last_model_1.pth
2026-04-02 21:29:23,512 INFO src.train.trainer: Epoch 985
2026-04-02 21:29:23,592 INFO src.train.trainer: Last model at epoch 985 saved to checkpoints/rtpp_20260402-212800/last_model_1.pth
2026-04-02 21:29:23,592 INFO src.train.trainer: Epoch 986
2026-04-02 21:29:23,676 INFO src.train.trainer: Last model at epoch 986 saved to checkpoints/rtpp_20260402-212800/last_model_1.pth
2026-04-02 21:29:23,676 INFO src.train.trainer: Epoch 987
2026-04-02 21:29:23,759 INFO src.train.trainer: Last model at epoch 987 saved to checkpoints/rtpp_20260402-212800/last_model_1.pth
2026-04-02 21:29:23,759 INFO src.train.trainer: Epoch 988
2026-04-02 21:29:23,840 INFO src.train.trainer: Last model at epoch 988 saved to checkpoints/rtpp_20260402-212800/last_model_1.pth
2026-04-02 21:29:23,840 INFO src.train.trainer: Epoch 989
2026-04-02 21:29:23,922 INFO src.train.trainer: Last model at epoch 989 saved to checkpoints/rtpp_20260402-212800/last_model_1.pth
2026-04-02 21:29:23,922 INFO src.train.trainer: Epoch 990
2026-04-02 21:29:24,002 INFO src.train.trainer: Last model at epoch 990 saved to checkpoints/rtpp_20260402-212800/last_model_1.pth
2026-04-02 21:29:24,002 INFO src.train.trainer: Epoch 991
2026-04-02 21:29:24,082 INFO src.train.trainer: New best validation loss: -6.3352, saved to checkpoints/rtpp_20260402-212800/best_model_1.pth
2026-04-02 21:29:24,085 INFO src.train.trainer: Last model at epoch 991 saved to checkpoints/rtpp_20260402-212800/last_model_1.pth
2026-04-02 21:29:24,085 INFO src.train.trainer: Epoch 992
2026-04-02 21:29:24,166 INFO src.train.trainer: Last model at epoch 992 saved to checkpoints/rtpp_20260402-212800/last_model_1.pth
2026-04-02 21:29:24,166 INFO src.train.trainer: Epoch 993
2026-04-02 21:29:24,251 INFO src.train.trainer: Last model at epoch 993 saved to checkpoints/rtpp_20260402-212800/last_model_1.pth
2026-04-02 21:29:24,251 INFO src.train.trainer: Epoch 994
2026-04-02 21:29:24,333 INFO src.train.trainer: Last model at epoch 994 saved to checkpoints/rtpp_20260402-212800/last_model_1.pth
2026-04-02 21:29:24,333 INFO src.train.trainer: Epoch 995
2026-04-02 21:29:24,417 INFO src.train.trainer: Last model at epoch 995 saved to checkpoints/rtpp_20260402-212800/last_model_1.pth
2026-04-02 21:29:24,417 INFO src.train.trainer: Epoch 996
2026-04-02 21:29:24,501 INFO src.train.trainer: Last model at epoch 996 saved to checkpoints/rtpp_20260402-212800/last_model_1.pth
2026-04-02 21:29:24,501 INFO src.train.trainer: Epoch 997
2026-04-02 21:29:24,585 INFO src.train.trainer: Last model at epoch 997 saved to checkpoints/rtpp_20260402-212800/last_model_1.pth
2026-04-02 21:29:24,586 INFO src.train.trainer: Epoch 998
2026-04-02 21:29:24,672 INFO src.train.trainer: New best validation loss: -6.3368, saved to checkpoints/rtpp_20260402-212800/best_model_1.pth
2026-04-02 21:29:24,675 INFO src.train.trainer: Last model at epoch 998 saved to checkpoints/rtpp_20260402-212800/last_model_1.pth
2026-04-02 21:29:24,675 INFO src.train.trainer: Epoch 999
2026-04-02 21:29:24,761 INFO src.train.trainer: Last model at epoch 999 saved to checkpoints/rtpp_20260402-212800/last_model_1.pth
2026-04-02 21:29:24,761 INFO src.train.trainer: Epoch 1000
2026-04-02 21:29:24,843 INFO src.train.trainer: Last model at epoch 1000 saved to checkpoints/rtpp_20260402-212800/last_model_1.pth
2026-04-02 21:29:24,843 INFO src.train.trainer: Epoch 1001
2026-04-02 21:29:24,927 INFO src.train.trainer: Last model at epoch 1001 saved to checkpoints/rtpp_20260402-212800/last_model_1.pth
2026-04-02 21:29:24,927 INFO src.train.trainer: Epoch 1002
2026-04-02 21:29:25,010 INFO src.train.trainer: Last model at epoch 1002 saved to checkpoints/rtpp_20260402-212800/last_model_1.pth
2026-04-02 21:29:25,011 INFO src.train.trainer: Epoch 1003
2026-04-02 21:29:25,094 INFO src.train.trainer: Last model at epoch 1003 saved to checkpoints/rtpp_20260402-212800/last_model_1.pth
2026-04-02 21:29:25,094 INFO src.train.trainer: Epoch 1004
2026-04-02 21:29:25,177 INFO src.train.trainer: Last model at epoch 1004 saved to checkpoints/rtpp_20260402-212800/last_model_1.pth
2026-04-02 21:29:25,177 INFO src.train.trainer: Epoch 1005
2026-04-02 21:29:25,262 INFO src.train.trainer: Last model at epoch 1005 saved to checkpoints/rtpp_20260402-212800/last_model_1.pth
2026-04-02 21:29:25,263 INFO src.train.trainer: Epoch 1006
2026-04-02 21:29:25,348 INFO src.train.trainer: Last model at epoch 1006 saved to checkpoints/rtpp_20260402-212800/last_model_1.pth
2026-04-02 21:29:25,348 INFO src.train.trainer: Epoch 1007
2026-04-02 21:29:25,435 INFO src.train.trainer: Last model at epoch 1007 saved to checkpoints/rtpp_20260402-212800/last_model_1.pth
2026-04-02 21:29:25,435 INFO src.train.trainer: Epoch 1008
2026-04-02 21:29:25,521 INFO src.train.trainer: Last model at epoch 1008 saved to checkpoints/rtpp_20260402-212800/last_model_1.pth
2026-04-02 21:29:25,521 INFO src.train.trainer: Epoch 1009
2026-04-02 21:29:25,607 INFO src.train.trainer: New best validation loss: -6.3382, saved to checkpoints/rtpp_20260402-212800/best_model_1.pth
2026-04-02 21:29:25,610 INFO src.train.trainer: Last model at epoch 1009 saved to checkpoints/rtpp_20260402-212800/last_model_1.pth
2026-04-02 21:29:25,610 INFO src.train.trainer: Epoch 1010
2026-04-02 21:29:25,694 INFO src.train.trainer: Last model at epoch 1010 saved to checkpoints/rtpp_20260402-212800/last_model_1.pth
2026-04-02 21:29:25,694 INFO src.train.trainer: Epoch 1011
2026-04-02 21:29:25,779 INFO src.train.trainer: Last model at epoch 1011 saved to checkpoints/rtpp_20260402-212800/last_model_1.pth
2026-04-02 21:29:25,779 INFO src.train.trainer: Epoch 1012
2026-04-02 21:29:25,863 INFO src.train.trainer: Last model at epoch 1012 saved to checkpoints/rtpp_20260402-212800/last_model_1.pth
2026-04-02 21:29:25,863 INFO src.train.trainer: Epoch 1013
2026-04-02 21:29:25,939 INFO src.train.trainer: Last model at epoch 1013 saved to checkpoints/rtpp_20260402-212800/last_model_1.pth
2026-04-02 21:29:25,939 INFO src.train.trainer: Epoch 1014
2026-04-02 21:29:26,014 INFO src.train.trainer: Last model at epoch 1014 saved to checkpoints/rtpp_20260402-212800/last_model_1.pth
2026-04-02 21:29:26,015 INFO src.train.trainer: Epoch 1015
2026-04-02 21:29:26,093 INFO src.train.trainer: Last model at epoch 1015 saved to checkpoints/rtpp_20260402-212800/last_model_1.pth
2026-04-02 21:29:26,093 INFO src.train.trainer: Epoch 1016
2026-04-02 21:29:26,172 INFO src.train.trainer: Last model at epoch 1016 saved to checkpoints/rtpp_20260402-212800/last_model_1.pth
2026-04-02 21:29:26,172 INFO src.train.trainer: Epoch 1017
2026-04-02 21:29:26,249 INFO src.train.trainer: Last model at epoch 1017 saved to checkpoints/rtpp_20260402-212800/last_model_1.pth
2026-04-02 21:29:26,249 INFO src.train.trainer: Epoch 1018
2026-04-02 21:29:26,329 INFO src.train.trainer: Last model at epoch 1018 saved to checkpoints/rtpp_20260402-212800/last_model_1.pth
2026-04-02 21:29:26,330 INFO src.train.trainer: Epoch 1019
2026-04-02 21:29:26,409 INFO src.train.trainer: Last model at epoch 1019 saved to checkpoints/rtpp_20260402-212800/last_model_1.pth
2026-04-02 21:29:26,409 INFO src.train.trainer: Epoch 1020
2026-04-02 21:29:26,490 INFO src.train.trainer: Last model at epoch 1020 saved to checkpoints/rtpp_20260402-212800/last_model_1.pth
2026-04-02 21:29:26,490 INFO src.train.trainer: Epoch 1021
2026-04-02 21:29:26,572 INFO src.train.trainer: Last model at epoch 1021 saved to checkpoints/rtpp_20260402-212800/last_model_1.pth
2026-04-02 21:29:26,572 INFO src.train.trainer: Epoch 1022
2026-04-02 21:29:26,651 INFO src.train.trainer: Last model at epoch 1022 saved to checkpoints/rtpp_20260402-212800/last_model_1.pth
2026-04-02 21:29:26,651 INFO src.train.trainer: Epoch 1023
2026-04-02 21:29:26,731 INFO src.train.trainer: Last model at epoch 1023 saved to checkpoints/rtpp_20260402-212800/last_model_1.pth
2026-04-02 21:29:26,731 INFO src.train.trainer: Epoch 1024
2026-04-02 21:29:26,814 INFO src.train.trainer: Last model at epoch 1024 saved to checkpoints/rtpp_20260402-212800/last_model_1.pth
2026-04-02 21:29:26,815 INFO src.train.trainer: Epoch 1025
2026-04-02 21:29:26,894 INFO src.train.trainer: Last model at epoch 1025 saved to checkpoints/rtpp_20260402-212800/last_model_1.pth
2026-04-02 21:29:26,894 INFO src.train.trainer: Epoch 1026
2026-04-02 21:29:26,975 INFO src.train.trainer: Last model at epoch 1026 saved to checkpoints/rtpp_20260402-212800/last_model_1.pth
2026-04-02 21:29:26,975 INFO src.train.trainer: Epoch 1027
2026-04-02 21:29:27,054 INFO src.train.trainer: Last model at epoch 1027 saved to checkpoints/rtpp_20260402-212800/last_model_1.pth
2026-04-02 21:29:27,055 INFO src.train.trainer: Epoch 1028
2026-04-02 21:29:27,134 INFO src.train.trainer: Last model at epoch 1028 saved to checkpoints/rtpp_20260402-212800/last_model_1.pth
2026-04-02 21:29:27,134 INFO src.train.trainer: Epoch 1029
2026-04-02 21:29:27,218 INFO src.train.trainer: Last model at epoch 1029 saved to checkpoints/rtpp_20260402-212800/last_model_1.pth
2026-04-02 21:29:27,218 INFO src.train.trainer: Epoch 1030
2026-04-02 21:29:27,297 INFO src.train.trainer: Last model at epoch 1030 saved to checkpoints/rtpp_20260402-212800/last_model_1.pth
2026-04-02 21:29:27,297 INFO src.train.trainer: Epoch 1031
2026-04-02 21:29:27,379 INFO src.train.trainer: Last model at epoch 1031 saved to checkpoints/rtpp_20260402-212800/last_model_1.pth
2026-04-02 21:29:27,379 INFO src.train.trainer: Epoch 1032
2026-04-02 21:29:27,458 INFO src.train.trainer: Last model at epoch 1032 saved to checkpoints/rtpp_20260402-212800/last_model_1.pth
2026-04-02 21:29:27,458 INFO src.train.trainer: Epoch 1033
2026-04-02 21:29:27,536 INFO src.train.trainer: Last model at epoch 1033 saved to checkpoints/rtpp_20260402-212800/last_model_1.pth
2026-04-02 21:29:27,536 INFO src.train.trainer: Epoch 1034
2026-04-02 21:29:27,614 INFO src.train.trainer: Last model at epoch 1034 saved to checkpoints/rtpp_20260402-212800/last_model_1.pth
2026-04-02 21:29:27,614 INFO src.train.trainer: Epoch 1035
2026-04-02 21:29:27,695 INFO src.train.trainer: Last model at epoch 1035 saved to checkpoints/rtpp_20260402-212800/last_model_1.pth
2026-04-02 21:29:27,696 INFO src.train.trainer: Epoch 1036
2026-04-02 21:29:27,776 INFO src.train.trainer: Last model at epoch 1036 saved to checkpoints/rtpp_20260402-212800/last_model_1.pth
2026-04-02 21:29:27,776 INFO src.train.trainer: Epoch 1037
2026-04-02 21:29:27,854 INFO src.train.trainer: Last model at epoch 1037 saved to checkpoints/rtpp_20260402-212800/last_model_1.pth
2026-04-02 21:29:27,854 INFO src.train.trainer: Epoch 1038
2026-04-02 21:29:27,934 INFO src.train.trainer: Last model at epoch 1038 saved to checkpoints/rtpp_20260402-212800/last_model_1.pth
2026-04-02 21:29:27,934 INFO src.train.trainer: Epoch 1039
2026-04-02 21:29:28,014 INFO src.train.trainer: Last model at epoch 1039 saved to checkpoints/rtpp_20260402-212800/last_model_1.pth
2026-04-02 21:29:28,014 INFO src.train.trainer: Epoch 1040
2026-04-02 21:29:28,092 INFO src.train.trainer: Last model at epoch 1040 saved to checkpoints/rtpp_20260402-212800/last_model_1.pth
2026-04-02 21:29:28,092 INFO src.train.trainer: Epoch 1041
2026-04-02 21:29:28,173 INFO src.train.trainer: Last model at epoch 1041 saved to checkpoints/rtpp_20260402-212800/last_model_1.pth
2026-04-02 21:29:28,173 INFO src.train.trainer: Epoch 1042
2026-04-02 21:29:28,252 INFO src.train.trainer: Last model at epoch 1042 saved to checkpoints/rtpp_20260402-212800/last_model_1.pth
2026-04-02 21:29:28,252 INFO src.train.trainer: Epoch 1043
2026-04-02 21:29:28,331 INFO src.train.trainer: Last model at epoch 1043 saved to checkpoints/rtpp_20260402-212800/last_model_1.pth
2026-04-02 21:29:28,331 INFO src.train.trainer: Epoch 1044
2026-04-02 21:29:28,414 INFO src.train.trainer: Last model at epoch 1044 saved to checkpoints/rtpp_20260402-212800/last_model_1.pth
2026-04-02 21:29:28,414 INFO src.train.trainer: Epoch 1045
2026-04-02 21:29:28,497 INFO src.train.trainer: Last model at epoch 1045 saved to checkpoints/rtpp_20260402-212800/last_model_1.pth
2026-04-02 21:29:28,497 INFO src.train.trainer: Epoch 1046
2026-04-02 21:29:28,577 INFO src.train.trainer: Last model at epoch 1046 saved to checkpoints/rtpp_20260402-212800/last_model_1.pth
2026-04-02 21:29:28,577 INFO src.train.trainer: Epoch 1047
2026-04-02 21:29:28,664 INFO src.train.trainer: Last model at epoch 1047 saved to checkpoints/rtpp_20260402-212800/last_model_1.pth
2026-04-02 21:29:28,665 INFO src.train.trainer: Epoch 1048
2026-04-02 21:29:28,760 INFO src.train.trainer: Last model at epoch 1048 saved to checkpoints/rtpp_20260402-212800/last_model_1.pth
2026-04-02 21:29:28,760 INFO src.train.trainer: Epoch 1049
2026-04-02 21:29:28,852 INFO src.train.trainer: Last model at epoch 1049 saved to checkpoints/rtpp_20260402-212800/last_model_1.pth
2026-04-02 21:29:28,852 INFO src.train.trainer: Epoch 1050
2026-04-02 21:29:28,933 INFO src.train.trainer: Last model at epoch 1050 saved to checkpoints/rtpp_20260402-212800/last_model_1.pth
2026-04-02 21:29:28,933 INFO src.train.trainer: Epoch 1051
2026-04-02 21:29:29,012 INFO src.train.trainer: Last model at epoch 1051 saved to checkpoints/rtpp_20260402-212800/last_model_1.pth
2026-04-02 21:29:29,012 INFO src.train.trainer: Epoch 1052
2026-04-02 21:29:29,091 INFO src.train.trainer: Last model at epoch 1052 saved to checkpoints/rtpp_20260402-212800/last_model_1.pth
2026-04-02 21:29:29,091 INFO src.train.trainer: Epoch 1053
2026-04-02 21:29:29,171 INFO src.train.trainer: Last model at epoch 1053 saved to checkpoints/rtpp_20260402-212800/last_model_1.pth
2026-04-02 21:29:29,171 INFO src.train.trainer: Epoch 1054
2026-04-02 21:29:29,253 INFO src.train.trainer: New best validation loss: -6.3391, saved to checkpoints/rtpp_20260402-212800/best_model_1.pth
2026-04-02 21:29:29,256 INFO src.train.trainer: Last model at epoch 1054 saved to checkpoints/rtpp_20260402-212800/last_model_1.pth
2026-04-02 21:29:29,256 INFO src.train.trainer: Epoch 1055
2026-04-02 21:29:29,336 INFO src.train.trainer: Last model at epoch 1055 saved to checkpoints/rtpp_20260402-212800/last_model_1.pth
2026-04-02 21:29:29,336 INFO src.train.trainer: Epoch 1056
2026-04-02 21:29:29,416 INFO src.train.trainer: Last model at epoch 1056 saved to checkpoints/rtpp_20260402-212800/last_model_1.pth
2026-04-02 21:29:29,416 INFO src.train.trainer: Epoch 1057
2026-04-02 21:29:29,497 INFO src.train.trainer: Last model at epoch 1057 saved to checkpoints/rtpp_20260402-212800/last_model_1.pth
2026-04-02 21:29:29,498 INFO src.train.trainer: Epoch 1058
2026-04-02 21:29:29,581 INFO src.train.trainer: Last model at epoch 1058 saved to checkpoints/rtpp_20260402-212800/last_model_1.pth
2026-04-02 21:29:29,582 INFO src.train.trainer: Epoch 1059
2026-04-02 21:29:29,666 INFO src.train.trainer: Last model at epoch 1059 saved to checkpoints/rtpp_20260402-212800/last_model_1.pth
2026-04-02 21:29:29,666 INFO src.train.trainer: Epoch 1060
2026-04-02 21:29:29,746 INFO src.train.trainer: Last model at epoch 1060 saved to checkpoints/rtpp_20260402-212800/last_model_1.pth
2026-04-02 21:29:29,746 INFO src.train.trainer: Epoch 1061
2026-04-02 21:29:29,821 INFO src.train.trainer: Last model at epoch 1061 saved to checkpoints/rtpp_20260402-212800/last_model_1.pth
2026-04-02 21:29:29,821 INFO src.train.trainer: Epoch 1062
2026-04-02 21:29:29,896 INFO src.train.trainer: Last model at epoch 1062 saved to checkpoints/rtpp_20260402-212800/last_model_1.pth
2026-04-02 21:29:29,897 INFO src.train.trainer: Epoch 1063
2026-04-02 21:29:29,973 INFO src.train.trainer: Last model at epoch 1063 saved to checkpoints/rtpp_20260402-212800/last_model_1.pth
2026-04-02 21:29:29,973 INFO src.train.trainer: Epoch 1064
2026-04-02 21:29:30,057 INFO src.train.trainer: Last model at epoch 1064 saved to checkpoints/rtpp_20260402-212800/last_model_1.pth
2026-04-02 21:29:30,058 INFO src.train.trainer: Epoch 1065
2026-04-02 21:29:30,139 INFO src.train.trainer: Last model at epoch 1065 saved to checkpoints/rtpp_20260402-212800/last_model_1.pth
2026-04-02 21:29:30,139 INFO src.train.trainer: Epoch 1066
2026-04-02 21:29:30,217 INFO src.train.trainer: New best validation loss: -6.3401, saved to checkpoints/rtpp_20260402-212800/best_model_1.pth
2026-04-02 21:29:30,256 INFO src.train.trainer: Last model at epoch 1066 saved to checkpoints/rtpp_20260402-212800/last_model_1.pth
2026-04-02 21:29:30,256 INFO src.train.trainer: Epoch 1067
2026-04-02 21:29:30,338 INFO src.train.trainer: Last model at epoch 1067 saved to checkpoints/rtpp_20260402-212800/last_model_1.pth
2026-04-02 21:29:30,339 INFO src.train.trainer: Epoch 1068
2026-04-02 21:29:30,425 INFO src.train.trainer: Last model at epoch 1068 saved to checkpoints/rtpp_20260402-212800/last_model_1.pth
2026-04-02 21:29:30,425 INFO src.train.trainer: Epoch 1069
2026-04-02 21:29:30,508 INFO src.train.trainer: Last model at epoch 1069 saved to checkpoints/rtpp_20260402-212800/last_model_1.pth
2026-04-02 21:29:30,509 INFO src.train.trainer: Epoch 1070
2026-04-02 21:29:30,591 INFO src.train.trainer: Last model at epoch 1070 saved to checkpoints/rtpp_20260402-212800/last_model_1.pth
2026-04-02 21:29:30,591 INFO src.train.trainer: Epoch 1071
2026-04-02 21:29:30,671 INFO src.train.trainer: Last model at epoch 1071 saved to checkpoints/rtpp_20260402-212800/last_model_1.pth
2026-04-02 21:29:30,671 INFO src.train.trainer: Epoch 1072
2026-04-02 21:29:30,752 INFO src.train.trainer: Last model at epoch 1072 saved to checkpoints/rtpp_20260402-212800/last_model_1.pth
2026-04-02 21:29:30,752 INFO src.train.trainer: Epoch 1073
2026-04-02 21:29:30,832 INFO src.train.trainer: Last model at epoch 1073 saved to checkpoints/rtpp_20260402-212800/last_model_1.pth
2026-04-02 21:29:30,832 INFO src.train.trainer: Epoch 1074
2026-04-02 21:29:30,917 INFO src.train.trainer: Last model at epoch 1074 saved to checkpoints/rtpp_20260402-212800/last_model_1.pth
2026-04-02 21:29:30,917 INFO src.train.trainer: Epoch 1075
2026-04-02 21:29:30,998 INFO src.train.trainer: Last model at epoch 1075 saved to checkpoints/rtpp_20260402-212800/last_model_1.pth
2026-04-02 21:29:30,998 INFO src.train.trainer: Epoch 1076
2026-04-02 21:29:31,078 INFO src.train.trainer: New best validation loss: -6.3529, saved to checkpoints/rtpp_20260402-212800/best_model_1.pth
2026-04-02 21:29:31,081 INFO src.train.trainer: Last model at epoch 1076 saved to checkpoints/rtpp_20260402-212800/last_model_1.pth
2026-04-02 21:29:31,081 INFO src.train.trainer: Epoch 1077
2026-04-02 21:29:31,163 INFO src.train.trainer: Last model at epoch 1077 saved to checkpoints/rtpp_20260402-212800/last_model_1.pth
2026-04-02 21:29:31,163 INFO src.train.trainer: Epoch 1078
2026-04-02 21:29:31,245 INFO src.train.trainer: Last model at epoch 1078 saved to checkpoints/rtpp_20260402-212800/last_model_1.pth
2026-04-02 21:29:31,245 INFO src.train.trainer: Epoch 1079
2026-04-02 21:29:31,327 INFO src.train.trainer: Last model at epoch 1079 saved to checkpoints/rtpp_20260402-212800/last_model_1.pth
2026-04-02 21:29:31,327 INFO src.train.trainer: Epoch 1080
2026-04-02 21:29:31,409 INFO src.train.trainer: Last model at epoch 1080 saved to checkpoints/rtpp_20260402-212800/last_model_1.pth
2026-04-02 21:29:31,409 INFO src.train.trainer: Epoch 1081
2026-04-02 21:29:31,491 INFO src.train.trainer: Last model at epoch 1081 saved to checkpoints/rtpp_20260402-212800/last_model_1.pth
2026-04-02 21:29:31,491 INFO src.train.trainer: Epoch 1082
2026-04-02 21:29:31,575 INFO src.train.trainer: Last model at epoch 1082 saved to checkpoints/rtpp_20260402-212800/last_model_1.pth
2026-04-02 21:29:31,575 INFO src.train.trainer: Epoch 1083
2026-04-02 21:29:31,658 INFO src.train.trainer: Last model at epoch 1083 saved to checkpoints/rtpp_20260402-212800/last_model_1.pth
2026-04-02 21:29:31,658 INFO src.train.trainer: Epoch 1084
2026-04-02 21:29:31,736 INFO src.train.trainer: Last model at epoch 1084 saved to checkpoints/rtpp_20260402-212800/last_model_1.pth
2026-04-02 21:29:31,737 INFO src.train.trainer: Epoch 1085
2026-04-02 21:29:31,814 INFO src.train.trainer: Last model at epoch 1085 saved to checkpoints/rtpp_20260402-212800/last_model_1.pth
2026-04-02 21:29:31,814 INFO src.train.trainer: Epoch 1086
2026-04-02 21:29:31,894 INFO src.train.trainer: Last model at epoch 1086 saved to checkpoints/rtpp_20260402-212800/last_model_1.pth
2026-04-02 21:29:31,894 INFO src.train.trainer: Epoch 1087
2026-04-02 21:29:31,974 INFO src.train.trainer: Last model at epoch 1087 saved to checkpoints/rtpp_20260402-212800/last_model_1.pth
2026-04-02 21:29:31,975 INFO src.train.trainer: Epoch 1088
2026-04-02 21:29:32,055 INFO src.train.trainer: Last model at epoch 1088 saved to checkpoints/rtpp_20260402-212800/last_model_1.pth
2026-04-02 21:29:32,055 INFO src.train.trainer: Epoch 1089
2026-04-02 21:29:32,134 INFO src.train.trainer: Last model at epoch 1089 saved to checkpoints/rtpp_20260402-212800/last_model_1.pth
2026-04-02 21:29:32,134 INFO src.train.trainer: Epoch 1090
2026-04-02 21:29:32,218 INFO src.train.trainer: Last model at epoch 1090 saved to checkpoints/rtpp_20260402-212800/last_model_1.pth
2026-04-02 21:29:32,218 INFO src.train.trainer: Epoch 1091
2026-04-02 21:29:32,300 INFO src.train.trainer: Last model at epoch 1091 saved to checkpoints/rtpp_20260402-212800/last_model_1.pth
2026-04-02 21:29:32,300 INFO src.train.trainer: Epoch 1092
2026-04-02 21:29:32,380 INFO src.train.trainer: Last model at epoch 1092 saved to checkpoints/rtpp_20260402-212800/last_model_1.pth
2026-04-02 21:29:32,380 INFO src.train.trainer: Epoch 1093
2026-04-02 21:29:32,465 INFO src.train.trainer: Last model at epoch 1093 saved to checkpoints/rtpp_20260402-212800/last_model_1.pth
2026-04-02 21:29:32,465 INFO src.train.trainer: Epoch 1094
2026-04-02 21:29:32,545 INFO src.train.trainer: Last model at epoch 1094 saved to checkpoints/rtpp_20260402-212800/last_model_1.pth
2026-04-02 21:29:32,545 INFO src.train.trainer: Epoch 1095
2026-04-02 21:29:32,627 INFO src.train.trainer: Last model at epoch 1095 saved to checkpoints/rtpp_20260402-212800/last_model_1.pth
2026-04-02 21:29:32,627 INFO src.train.trainer: Epoch 1096
2026-04-02 21:29:32,709 INFO src.train.trainer: Last model at epoch 1096 saved to checkpoints/rtpp_20260402-212800/last_model_1.pth
2026-04-02 21:29:32,709 INFO src.train.trainer: Epoch 1097
2026-04-02 21:29:32,791 INFO src.train.trainer: Last model at epoch 1097 saved to checkpoints/rtpp_20260402-212800/last_model_1.pth
2026-04-02 21:29:32,791 INFO src.train.trainer: Epoch 1098
2026-04-02 21:29:32,877 INFO src.train.trainer: Last model at epoch 1098 saved to checkpoints/rtpp_20260402-212800/last_model_1.pth
2026-04-02 21:29:32,877 INFO src.train.trainer: Epoch 1099
2026-04-02 21:29:32,962 INFO src.train.trainer: Last model at epoch 1099 saved to checkpoints/rtpp_20260402-212800/last_model_1.pth
2026-04-02 21:29:32,962 INFO src.train.trainer: Epoch 1100
2026-04-02 21:29:33,046 INFO src.train.trainer: Last model at epoch 1100 saved to checkpoints/rtpp_20260402-212800/last_model_1.pth
2026-04-02 21:29:33,046 INFO src.train.trainer: Epoch 1101
2026-04-02 21:29:33,128 INFO src.train.trainer: Last model at epoch 1101 saved to checkpoints/rtpp_20260402-212800/last_model_1.pth
2026-04-02 21:29:33,128 INFO src.train.trainer: Epoch 1102
2026-04-02 21:29:33,211 INFO src.train.trainer: Last model at epoch 1102 saved to checkpoints/rtpp_20260402-212800/last_model_1.pth
2026-04-02 21:29:33,211 INFO src.train.trainer: Epoch 1103
2026-04-02 21:29:33,294 INFO src.train.trainer: Last model at epoch 1103 saved to checkpoints/rtpp_20260402-212800/last_model_1.pth
2026-04-02 21:29:33,294 INFO src.train.trainer: Epoch 1104
2026-04-02 21:29:33,373 INFO src.train.trainer: Last model at epoch 1104 saved to checkpoints/rtpp_20260402-212800/last_model_1.pth
2026-04-02 21:29:33,374 INFO src.train.trainer: Epoch 1105
2026-04-02 21:29:33,453 INFO src.train.trainer: Last model at epoch 1105 saved to checkpoints/rtpp_20260402-212800/last_model_1.pth
2026-04-02 21:29:33,453 INFO src.train.trainer: Epoch 1106
2026-04-02 21:29:33,537 INFO src.train.trainer: Last model at epoch 1106 saved to checkpoints/rtpp_20260402-212800/last_model_1.pth
2026-04-02 21:29:33,537 INFO src.train.trainer: Epoch 1107
2026-04-02 21:29:33,621 INFO src.train.trainer: Last model at epoch 1107 saved to checkpoints/rtpp_20260402-212800/last_model_1.pth
2026-04-02 21:29:33,621 INFO src.train.trainer: Epoch 1108
2026-04-02 21:29:33,702 INFO src.train.trainer: Last model at epoch 1108 saved to checkpoints/rtpp_20260402-212800/last_model_1.pth
2026-04-02 21:29:33,702 INFO src.train.trainer: Epoch 1109
2026-04-02 21:29:33,782 INFO src.train.trainer: Last model at epoch 1109 saved to checkpoints/rtpp_20260402-212800/last_model_1.pth
2026-04-02 21:29:33,782 INFO src.train.trainer: Epoch 1110
2026-04-02 21:29:33,862 INFO src.train.trainer: Last model at epoch 1110 saved to checkpoints/rtpp_20260402-212800/last_model_1.pth
2026-04-02 21:29:33,862 INFO src.train.trainer: Epoch 1111
2026-04-02 21:29:33,944 INFO src.train.trainer: Last model at epoch 1111 saved to checkpoints/rtpp_20260402-212800/last_model_1.pth
2026-04-02 21:29:33,944 INFO src.train.trainer: Epoch 1112
2026-04-02 21:29:34,026 INFO src.train.trainer: Last model at epoch 1112 saved to checkpoints/rtpp_20260402-212800/last_model_1.pth
2026-04-02 21:29:34,027 INFO src.train.trainer: Epoch 1113
2026-04-02 21:29:34,107 INFO src.train.trainer: Last model at epoch 1113 saved to checkpoints/rtpp_20260402-212800/last_model_1.pth
2026-04-02 21:29:34,107 INFO src.train.trainer: Epoch 1114
2026-04-02 21:29:34,187 INFO src.train.trainer: Last model at epoch 1114 saved to checkpoints/rtpp_20260402-212800/last_model_1.pth
2026-04-02 21:29:34,188 INFO src.train.trainer: Epoch 1115
2026-04-02 21:29:34,278 INFO src.train.trainer: Last model at epoch 1115 saved to checkpoints/rtpp_20260402-212800/last_model_1.pth
2026-04-02 21:29:34,278 INFO src.train.trainer: Epoch 1116
2026-04-02 21:29:34,370 INFO src.train.trainer: Last model at epoch 1116 saved to checkpoints/rtpp_20260402-212800/last_model_1.pth
2026-04-02 21:29:34,370 INFO src.train.trainer: Epoch 1117
2026-04-02 21:29:34,451 INFO src.train.trainer: Last model at epoch 1117 saved to checkpoints/rtpp_20260402-212800/last_model_1.pth
2026-04-02 21:29:34,451 INFO src.train.trainer: Epoch 1118
2026-04-02 21:29:34,534 INFO src.train.trainer: Last model at epoch 1118 saved to checkpoints/rtpp_20260402-212800/last_model_1.pth
2026-04-02 21:29:34,534 INFO src.train.trainer: Epoch 1119
2026-04-02 21:29:34,615 INFO src.train.trainer: Last model at epoch 1119 saved to checkpoints/rtpp_20260402-212800/last_model_1.pth
2026-04-02 21:29:34,615 INFO src.train.trainer: Epoch 1120
2026-04-02 21:29:34,695 INFO src.train.trainer: Last model at epoch 1120 saved to checkpoints/rtpp_20260402-212800/last_model_1.pth
2026-04-02 21:29:34,695 INFO src.train.trainer: Epoch 1121
2026-04-02 21:29:34,783 INFO src.train.trainer: Last model at epoch 1121 saved to checkpoints/rtpp_20260402-212800/last_model_1.pth
2026-04-02 21:29:34,783 INFO src.train.trainer: Epoch 1122
2026-04-02 21:29:34,861 INFO src.train.trainer: Last model at epoch 1122 saved to checkpoints/rtpp_20260402-212800/last_model_1.pth
2026-04-02 21:29:34,861 INFO src.train.trainer: Epoch 1123
2026-04-02 21:29:34,942 INFO src.train.trainer: Last model at epoch 1123 saved to checkpoints/rtpp_20260402-212800/last_model_1.pth
2026-04-02 21:29:34,942 INFO src.train.trainer: Epoch 1124
2026-04-02 21:29:35,019 INFO src.train.trainer: Last model at epoch 1124 saved to checkpoints/rtpp_20260402-212800/last_model_1.pth
2026-04-02 21:29:35,020 INFO src.train.trainer: Epoch 1125
2026-04-02 21:29:35,101 INFO src.train.trainer: Last model at epoch 1125 saved to checkpoints/rtpp_20260402-212800/last_model_1.pth
2026-04-02 21:29:35,101 INFO src.train.trainer: Epoch 1126
2026-04-02 21:29:35,186 INFO src.train.trainer: Last model at epoch 1126 saved to checkpoints/rtpp_20260402-212800/last_model_1.pth
2026-04-02 21:29:35,186 INFO src.train.trainer: Epoch 1127
2026-04-02 21:29:35,269 INFO src.train.trainer: Last model at epoch 1127 saved to checkpoints/rtpp_20260402-212800/last_model_1.pth
2026-04-02 21:29:35,270 INFO src.train.trainer: Epoch 1128
2026-04-02 21:29:35,352 INFO src.train.trainer: Last model at epoch 1128 saved to checkpoints/rtpp_20260402-212800/last_model_1.pth
2026-04-02 21:29:35,352 INFO src.train.trainer: Epoch 1129
2026-04-02 21:29:35,434 INFO src.train.trainer: Last model at epoch 1129 saved to checkpoints/rtpp_20260402-212800/last_model_1.pth
2026-04-02 21:29:35,435 INFO src.train.trainer: Epoch 1130
2026-04-02 21:29:35,517 INFO src.train.trainer: Last model at epoch 1130 saved to checkpoints/rtpp_20260402-212800/last_model_1.pth
2026-04-02 21:29:35,517 INFO src.train.trainer: Epoch 1131
2026-04-02 21:29:35,600 INFO src.train.trainer: Last model at epoch 1131 saved to checkpoints/rtpp_20260402-212800/last_model_1.pth
2026-04-02 21:29:35,600 INFO src.train.trainer: Epoch 1132
2026-04-02 21:29:35,681 INFO src.train.trainer: Last model at epoch 1132 saved to checkpoints/rtpp_20260402-212800/last_model_1.pth
2026-04-02 21:29:35,681 INFO src.train.trainer: Epoch 1133
2026-04-02 21:29:35,762 INFO src.train.trainer: Last model at epoch 1133 saved to checkpoints/rtpp_20260402-212800/last_model_1.pth
2026-04-02 21:29:35,762 INFO src.train.trainer: Epoch 1134
2026-04-02 21:29:35,841 INFO src.train.trainer: Last model at epoch 1134 saved to checkpoints/rtpp_20260402-212800/last_model_1.pth
2026-04-02 21:29:35,841 INFO src.train.trainer: Epoch 1135
2026-04-02 21:29:35,922 INFO src.train.trainer: Last model at epoch 1135 saved to checkpoints/rtpp_20260402-212800/last_model_1.pth
2026-04-02 21:29:35,922 INFO src.train.trainer: Epoch 1136
2026-04-02 21:29:36,001 INFO src.train.trainer: Last model at epoch 1136 saved to checkpoints/rtpp_20260402-212800/last_model_1.pth
2026-04-02 21:29:36,001 INFO src.train.trainer: Epoch 1137
2026-04-02 21:29:36,082 INFO src.train.trainer: Last model at epoch 1137 saved to checkpoints/rtpp_20260402-212800/last_model_1.pth
2026-04-02 21:29:36,082 INFO src.train.trainer: Epoch 1138
2026-04-02 21:29:36,161 INFO src.train.trainer: Last model at epoch 1138 saved to checkpoints/rtpp_20260402-212800/last_model_1.pth
2026-04-02 21:29:36,162 INFO src.train.trainer: Epoch 1139
2026-04-02 21:29:36,242 INFO src.train.trainer: Last model at epoch 1139 saved to checkpoints/rtpp_20260402-212800/last_model_1.pth
2026-04-02 21:29:36,242 INFO src.train.trainer: Epoch 1140
2026-04-02 21:29:36,325 INFO src.train.trainer: Last model at epoch 1140 saved to checkpoints/rtpp_20260402-212800/last_model_1.pth
2026-04-02 21:29:36,325 INFO src.train.trainer: Epoch 1141
2026-04-02 21:29:36,407 INFO src.train.trainer: Last model at epoch 1141 saved to checkpoints/rtpp_20260402-212800/last_model_1.pth
2026-04-02 21:29:36,407 INFO src.train.trainer: Epoch 1142
2026-04-02 21:29:36,490 INFO src.train.trainer: Last model at epoch 1142 saved to checkpoints/rtpp_20260402-212800/last_model_1.pth
2026-04-02 21:29:36,490 INFO src.train.trainer: Epoch 1143
2026-04-02 21:29:36,570 INFO src.train.trainer: Last model at epoch 1143 saved to checkpoints/rtpp_20260402-212800/last_model_1.pth
2026-04-02 21:29:36,570 INFO src.train.trainer: Epoch 1144
2026-04-02 21:29:36,654 INFO src.train.trainer: Last model at epoch 1144 saved to checkpoints/rtpp_20260402-212800/last_model_1.pth
2026-04-02 21:29:36,654 INFO src.train.trainer: Epoch 1145
2026-04-02 21:29:36,736 INFO src.train.trainer: Last model at epoch 1145 saved to checkpoints/rtpp_20260402-212800/last_model_1.pth
2026-04-02 21:29:36,736 INFO src.train.trainer: Epoch 1146
2026-04-02 21:29:36,821 INFO src.train.trainer: Last model at epoch 1146 saved to checkpoints/rtpp_20260402-212800/last_model_1.pth
2026-04-02 21:29:36,821 INFO src.train.trainer: Epoch 1147
2026-04-02 21:29:36,904 INFO src.train.trainer: Last model at epoch 1147 saved to checkpoints/rtpp_20260402-212800/last_model_1.pth
2026-04-02 21:29:36,904 INFO src.train.trainer: Epoch 1148
2026-04-02 21:29:36,988 INFO src.train.trainer: Last model at epoch 1148 saved to checkpoints/rtpp_20260402-212800/last_model_1.pth
2026-04-02 21:29:36,989 INFO src.train.trainer: Epoch 1149
2026-04-02 21:29:37,068 INFO src.train.trainer: Last model at epoch 1149 saved to checkpoints/rtpp_20260402-212800/last_model_1.pth
2026-04-02 21:29:37,068 INFO src.train.trainer: Epoch 1150
2026-04-02 21:29:37,152 INFO src.train.trainer: Last model at epoch 1150 saved to checkpoints/rtpp_20260402-212800/last_model_1.pth
2026-04-02 21:29:37,152 INFO src.train.trainer: Epoch 1151
2026-04-02 21:29:37,233 INFO src.train.trainer: Last model at epoch 1151 saved to checkpoints/rtpp_20260402-212800/last_model_1.pth
2026-04-02 21:29:37,233 INFO src.train.trainer: Epoch 1152
2026-04-02 21:29:37,315 INFO src.train.trainer: Last model at epoch 1152 saved to checkpoints/rtpp_20260402-212800/last_model_1.pth
2026-04-02 21:29:37,315 INFO src.train.trainer: Epoch 1153
2026-04-02 21:29:37,396 INFO src.train.trainer: Last model at epoch 1153 saved to checkpoints/rtpp_20260402-212800/last_model_1.pth
2026-04-02 21:29:37,396 INFO src.train.trainer: Epoch 1154
2026-04-02 21:29:37,477 INFO src.train.trainer: New best validation loss: -6.3543, saved to checkpoints/rtpp_20260402-212800/best_model_1.pth
2026-04-02 21:29:37,480 INFO src.train.trainer: Last model at epoch 1154 saved to checkpoints/rtpp_20260402-212800/last_model_1.pth
2026-04-02 21:29:37,480 INFO src.train.trainer: Epoch 1155
2026-04-02 21:29:37,562 INFO src.train.trainer: Last model at epoch 1155 saved to checkpoints/rtpp_20260402-212800/last_model_1.pth
2026-04-02 21:29:37,562 INFO src.train.trainer: Epoch 1156
2026-04-02 21:29:37,646 INFO src.train.trainer: Last model at epoch 1156 saved to checkpoints/rtpp_20260402-212800/last_model_1.pth
2026-04-02 21:29:37,646 INFO src.train.trainer: Epoch 1157
2026-04-02 21:29:37,725 INFO src.train.trainer: Last model at epoch 1157 saved to checkpoints/rtpp_20260402-212800/last_model_1.pth
2026-04-02 21:29:37,725 INFO src.train.trainer: Epoch 1158
2026-04-02 21:29:37,806 INFO src.train.trainer: Last model at epoch 1158 saved to checkpoints/rtpp_20260402-212800/last_model_1.pth
2026-04-02 21:29:37,806 INFO src.train.trainer: Epoch 1159
2026-04-02 21:29:37,887 INFO src.train.trainer: Last model at epoch 1159 saved to checkpoints/rtpp_20260402-212800/last_model_1.pth
2026-04-02 21:29:37,887 INFO src.train.trainer: Epoch 1160
2026-04-02 21:29:37,969 INFO src.train.trainer: Last model at epoch 1160 saved to checkpoints/rtpp_20260402-212800/last_model_1.pth
2026-04-02 21:29:37,969 INFO src.train.trainer: Epoch 1161
2026-04-02 21:29:38,052 INFO src.train.trainer: Last model at epoch 1161 saved to checkpoints/rtpp_20260402-212800/last_model_1.pth
2026-04-02 21:29:38,052 INFO src.train.trainer: Epoch 1162
2026-04-02 21:29:38,131 INFO src.train.trainer: Last model at epoch 1162 saved to checkpoints/rtpp_20260402-212800/last_model_1.pth
2026-04-02 21:29:38,131 INFO src.train.trainer: Epoch 1163
2026-04-02 21:29:38,212 INFO src.train.trainer: Last model at epoch 1163 saved to checkpoints/rtpp_20260402-212800/last_model_1.pth
2026-04-02 21:29:38,213 INFO src.train.trainer: Epoch 1164
2026-04-02 21:29:38,296 INFO src.train.trainer: Last model at epoch 1164 saved to checkpoints/rtpp_20260402-212800/last_model_1.pth
2026-04-02 21:29:38,296 INFO src.train.trainer: Epoch 1165
2026-04-02 21:29:38,376 INFO src.train.trainer: Last model at epoch 1165 saved to checkpoints/rtpp_20260402-212800/last_model_1.pth
2026-04-02 21:29:38,376 INFO src.train.trainer: Epoch 1166
2026-04-02 21:29:38,458 INFO src.train.trainer: Last model at epoch 1166 saved to checkpoints/rtpp_20260402-212800/last_model_1.pth
2026-04-02 21:29:38,458 INFO src.train.trainer: Epoch 1167
2026-04-02 21:29:38,539 INFO src.train.trainer: Last model at epoch 1167 saved to checkpoints/rtpp_20260402-212800/last_model_1.pth
2026-04-02 21:29:38,539 INFO src.train.trainer: Epoch 1168
2026-04-02 21:29:38,619 INFO src.train.trainer: Last model at epoch 1168 saved to checkpoints/rtpp_20260402-212800/last_model_1.pth
2026-04-02 21:29:38,619 INFO src.train.trainer: Epoch 1169
2026-04-02 21:29:38,701 INFO src.train.trainer: Last model at epoch 1169 saved to checkpoints/rtpp_20260402-212800/last_model_1.pth
2026-04-02 21:29:38,701 INFO src.train.trainer: Epoch 1170
2026-04-02 21:29:38,782 INFO src.train.trainer: Last model at epoch 1170 saved to checkpoints/rtpp_20260402-212800/last_model_1.pth
2026-04-02 21:29:38,782 INFO src.train.trainer: Epoch 1171
2026-04-02 21:29:38,865 INFO src.train.trainer: Last model at epoch 1171 saved to checkpoints/rtpp_20260402-212800/last_model_1.pth
2026-04-02 21:29:38,865 INFO src.train.trainer: Epoch 1172
2026-04-02 21:29:38,946 INFO src.train.trainer: Last model at epoch 1172 saved to checkpoints/rtpp_20260402-212800/last_model_1.pth
2026-04-02 21:29:38,946 INFO src.train.trainer: Epoch 1173
2026-04-02 21:29:39,028 INFO src.train.trainer: Last model at epoch 1173 saved to checkpoints/rtpp_20260402-212800/last_model_1.pth
2026-04-02 21:29:39,028 INFO src.train.trainer: Epoch 1174
2026-04-02 21:29:39,110 INFO src.train.trainer: Last model at epoch 1174 saved to checkpoints/rtpp_20260402-212800/last_model_1.pth
2026-04-02 21:29:39,110 INFO src.train.trainer: Epoch 1175
2026-04-02 21:29:39,193 INFO src.train.trainer: Last model at epoch 1175 saved to checkpoints/rtpp_20260402-212800/last_model_1.pth
2026-04-02 21:29:39,193 INFO src.train.trainer: Epoch 1176
2026-04-02 21:29:39,274 INFO src.train.trainer: Last model at epoch 1176 saved to checkpoints/rtpp_20260402-212800/last_model_1.pth
2026-04-02 21:29:39,275 INFO src.train.trainer: Epoch 1177
2026-04-02 21:29:39,355 INFO src.train.trainer: Last model at epoch 1177 saved to checkpoints/rtpp_20260402-212800/last_model_1.pth
2026-04-02 21:29:39,355 INFO src.train.trainer: Epoch 1178
2026-04-02 21:29:39,435 INFO src.train.trainer: Last model at epoch 1178 saved to checkpoints/rtpp_20260402-212800/last_model_1.pth
2026-04-02 21:29:39,435 INFO src.train.trainer: Epoch 1179
2026-04-02 21:29:39,516 INFO src.train.trainer: Last model at epoch 1179 saved to checkpoints/rtpp_20260402-212800/last_model_1.pth
2026-04-02 21:29:39,516 INFO src.train.trainer: Epoch 1180
2026-04-02 21:29:39,596 INFO src.train.trainer: Last model at epoch 1180 saved to checkpoints/rtpp_20260402-212800/last_model_1.pth
2026-04-02 21:29:39,596 INFO src.train.trainer: Epoch 1181
2026-04-02 21:29:39,676 INFO src.train.trainer: Last model at epoch 1181 saved to checkpoints/rtpp_20260402-212800/last_model_1.pth
2026-04-02 21:29:39,676 INFO src.train.trainer: Epoch 1182
2026-04-02 21:29:39,759 INFO src.train.trainer: Last model at epoch 1182 saved to checkpoints/rtpp_20260402-212800/last_model_1.pth
2026-04-02 21:29:39,759 INFO src.train.trainer: Epoch 1183
2026-04-02 21:29:39,841 INFO src.train.trainer: Last model at epoch 1183 saved to checkpoints/rtpp_20260402-212800/last_model_1.pth
2026-04-02 21:29:39,841 INFO src.train.trainer: Epoch 1184
2026-04-02 21:29:39,922 INFO src.train.trainer: Last model at epoch 1184 saved to checkpoints/rtpp_20260402-212800/last_model_1.pth
2026-04-02 21:29:39,922 INFO src.train.trainer: Epoch 1185
2026-04-02 21:29:40,005 INFO src.train.trainer: Last model at epoch 1185 saved to checkpoints/rtpp_20260402-212800/last_model_1.pth
2026-04-02 21:29:40,005 INFO src.train.trainer: Epoch 1186
2026-04-02 21:29:40,094 INFO src.train.trainer: Last model at epoch 1186 saved to checkpoints/rtpp_20260402-212800/last_model_1.pth
2026-04-02 21:29:40,094 INFO src.train.trainer: Epoch 1187
2026-04-02 21:29:40,176 INFO src.train.trainer: Last model at epoch 1187 saved to checkpoints/rtpp_20260402-212800/last_model_1.pth
2026-04-02 21:29:40,176 INFO src.train.trainer: Epoch 1188
2026-04-02 21:29:40,258 INFO src.train.trainer: Last model at epoch 1188 saved to checkpoints/rtpp_20260402-212800/last_model_1.pth
2026-04-02 21:29:40,258 INFO src.train.trainer: Epoch 1189
2026-04-02 21:29:40,339 INFO src.train.trainer: Last model at epoch 1189 saved to checkpoints/rtpp_20260402-212800/last_model_1.pth
2026-04-02 21:29:40,339 INFO src.train.trainer: Epoch 1190
2026-04-02 21:29:40,419 INFO src.train.trainer: Last model at epoch 1190 saved to checkpoints/rtpp_20260402-212800/last_model_1.pth
2026-04-02 21:29:40,419 INFO src.train.trainer: Epoch 1191
2026-04-02 21:29:40,500 INFO src.train.trainer: Last model at epoch 1191 saved to checkpoints/rtpp_20260402-212800/last_model_1.pth
2026-04-02 21:29:40,501 INFO src.train.trainer: Epoch 1192
2026-04-02 21:29:40,581 INFO src.train.trainer: Last model at epoch 1192 saved to checkpoints/rtpp_20260402-212800/last_model_1.pth
2026-04-02 21:29:40,582 INFO src.train.trainer: Epoch 1193
2026-04-02 21:29:40,666 INFO src.train.trainer: Last model at epoch 1193 saved to checkpoints/rtpp_20260402-212800/last_model_1.pth
2026-04-02 21:29:40,667 INFO src.train.trainer: Epoch 1194
2026-04-02 21:29:40,747 INFO src.train.trainer: Last model at epoch 1194 saved to checkpoints/rtpp_20260402-212800/last_model_1.pth
2026-04-02 21:29:40,748 INFO src.train.trainer: Epoch 1195
2026-04-02 21:29:40,828 INFO src.train.trainer: Last model at epoch 1195 saved to checkpoints/rtpp_20260402-212800/last_model_1.pth
2026-04-02 21:29:40,828 INFO src.train.trainer: Epoch 1196
2026-04-02 21:29:40,908 INFO src.train.trainer: Last model at epoch 1196 saved to checkpoints/rtpp_20260402-212800/last_model_1.pth
2026-04-02 21:29:40,908 INFO src.train.trainer: Epoch 1197
2026-04-02 21:29:40,988 INFO src.train.trainer: Last model at epoch 1197 saved to checkpoints/rtpp_20260402-212800/last_model_1.pth
2026-04-02 21:29:40,988 INFO src.train.trainer: Epoch 1198
2026-04-02 21:29:41,070 INFO src.train.trainer: Last model at epoch 1198 saved to checkpoints/rtpp_20260402-212800/last_model_1.pth
2026-04-02 21:29:41,070 INFO src.train.trainer: Epoch 1199
2026-04-02 21:29:41,149 INFO src.train.trainer: Last model at epoch 1199 saved to checkpoints/rtpp_20260402-212800/last_model_1.pth
2026-04-02 21:29:41,149 INFO src.train.trainer: Epoch 1200
2026-04-02 21:29:41,230 INFO src.train.trainer: Last model at epoch 1200 saved to checkpoints/rtpp_20260402-212800/last_model_1.pth
2026-04-02 21:29:41,230 INFO src.train.trainer: Epoch 1201
2026-04-02 21:29:41,309 INFO src.train.trainer: Last model at epoch 1201 saved to checkpoints/rtpp_20260402-212800/last_model_1.pth
2026-04-02 21:29:41,310 INFO src.train.trainer: Epoch 1202
2026-04-02 21:29:41,390 INFO src.train.trainer: Last model at epoch 1202 saved to checkpoints/rtpp_20260402-212800/last_model_1.pth
2026-04-02 21:29:41,390 INFO src.train.trainer: Epoch 1203
2026-04-02 21:29:41,470 INFO src.train.trainer: Last model at epoch 1203 saved to checkpoints/rtpp_20260402-212800/last_model_1.pth
2026-04-02 21:29:41,470 INFO src.train.trainer: Epoch 1204
2026-04-02 21:29:41,550 INFO src.train.trainer: Last model at epoch 1204 saved to checkpoints/rtpp_20260402-212800/last_model_1.pth
2026-04-02 21:29:41,550 INFO src.train.trainer: Epoch 1205
2026-04-02 21:29:41,629 INFO src.train.trainer: Last model at epoch 1205 saved to checkpoints/rtpp_20260402-212800/last_model_1.pth
2026-04-02 21:29:41,630 INFO src.train.trainer: Epoch 1206
2026-04-02 21:29:41,710 INFO src.train.trainer: Last model at epoch 1206 saved to checkpoints/rtpp_20260402-212800/last_model_1.pth
2026-04-02 21:29:41,710 INFO src.train.trainer: Epoch 1207
2026-04-02 21:29:41,790 INFO src.train.trainer: Last model at epoch 1207 saved to checkpoints/rtpp_20260402-212800/last_model_1.pth
2026-04-02 21:29:41,790 INFO src.train.trainer: Epoch 1208
2026-04-02 21:29:41,871 INFO src.train.trainer: Last model at epoch 1208 saved to checkpoints/rtpp_20260402-212800/last_model_1.pth
2026-04-02 21:29:41,871 INFO src.train.trainer: Epoch 1209
2026-04-02 21:29:41,950 INFO src.train.trainer: Last model at epoch 1209 saved to checkpoints/rtpp_20260402-212800/last_model_1.pth
2026-04-02 21:29:41,950 INFO src.train.trainer: Epoch 1210
2026-04-02 21:29:42,035 INFO src.train.trainer: Last model at epoch 1210 saved to checkpoints/rtpp_20260402-212800/last_model_1.pth
2026-04-02 21:29:42,035 INFO src.train.trainer: Epoch 1211
2026-04-02 21:29:42,115 INFO src.train.trainer: Last model at epoch 1211 saved to checkpoints/rtpp_20260402-212800/last_model_1.pth
2026-04-02 21:29:42,115 INFO src.train.trainer: Epoch 1212
2026-04-02 21:29:42,196 INFO src.train.trainer: Last model at epoch 1212 saved to checkpoints/rtpp_20260402-212800/last_model_1.pth
2026-04-02 21:29:42,196 INFO src.train.trainer: Epoch 1213
2026-04-02 21:29:42,279 INFO src.train.trainer: Last model at epoch 1213 saved to checkpoints/rtpp_20260402-212800/last_model_1.pth
2026-04-02 21:29:42,279 INFO src.train.trainer: Epoch 1214
2026-04-02 21:29:42,358 INFO src.train.trainer: Last model at epoch 1214 saved to checkpoints/rtpp_20260402-212800/last_model_1.pth
2026-04-02 21:29:42,358 INFO src.train.trainer: Epoch 1215
2026-04-02 21:29:42,441 INFO src.train.trainer: Last model at epoch 1215 saved to checkpoints/rtpp_20260402-212800/last_model_1.pth
2026-04-02 21:29:42,441 INFO src.train.trainer: Epoch 1216
2026-04-02 21:29:42,525 INFO src.train.trainer: Last model at epoch 1216 saved to checkpoints/rtpp_20260402-212800/last_model_1.pth
2026-04-02 21:29:42,525 INFO src.train.trainer: Epoch 1217
2026-04-02 21:29:42,608 INFO src.train.trainer: Last model at epoch 1217 saved to checkpoints/rtpp_20260402-212800/last_model_1.pth
2026-04-02 21:29:42,608 INFO src.train.trainer: Epoch 1218
2026-04-02 21:29:42,691 INFO src.train.trainer: Last model at epoch 1218 saved to checkpoints/rtpp_20260402-212800/last_model_1.pth
2026-04-02 21:29:42,691 INFO src.train.trainer: Epoch 1219
2026-04-02 21:29:42,773 INFO src.train.trainer: Last model at epoch 1219 saved to checkpoints/rtpp_20260402-212800/last_model_1.pth
2026-04-02 21:29:42,773 INFO src.train.trainer: Epoch 1220
2026-04-02 21:29:42,858 INFO src.train.trainer: Last model at epoch 1220 saved to checkpoints/rtpp_20260402-212800/last_model_1.pth
2026-04-02 21:29:42,858 INFO src.train.trainer: Epoch 1221
2026-04-02 21:29:42,940 INFO src.train.trainer: Last model at epoch 1221 saved to checkpoints/rtpp_20260402-212800/last_model_1.pth
2026-04-02 21:29:42,940 INFO src.train.trainer: Epoch 1222
2026-04-02 21:29:43,025 INFO src.train.trainer: Last model at epoch 1222 saved to checkpoints/rtpp_20260402-212800/last_model_1.pth
2026-04-02 21:29:43,025 INFO src.train.trainer: Epoch 1223
2026-04-02 21:29:43,110 INFO src.train.trainer: Last model at epoch 1223 saved to checkpoints/rtpp_20260402-212800/last_model_1.pth
2026-04-02 21:29:43,110 INFO src.train.trainer: Epoch 1224
2026-04-02 21:29:43,196 INFO src.train.trainer: Last model at epoch 1224 saved to checkpoints/rtpp_20260402-212800/last_model_1.pth
2026-04-02 21:29:43,196 INFO src.train.trainer: Epoch 1225
2026-04-02 21:29:43,281 INFO src.train.trainer: Last model at epoch 1225 saved to checkpoints/rtpp_20260402-212800/last_model_1.pth
2026-04-02 21:29:43,281 INFO src.train.trainer: Epoch 1226
2026-04-02 21:29:43,369 INFO src.train.trainer: Last model at epoch 1226 saved to checkpoints/rtpp_20260402-212800/last_model_1.pth
2026-04-02 21:29:43,369 INFO src.train.trainer: Epoch 1227
2026-04-02 21:29:43,452 INFO src.train.trainer: Last model at epoch 1227 saved to checkpoints/rtpp_20260402-212800/last_model_1.pth
2026-04-02 21:29:43,452 INFO src.train.trainer: Epoch 1228
2026-04-02 21:29:43,536 INFO src.train.trainer: Last model at epoch 1228 saved to checkpoints/rtpp_20260402-212800/last_model_1.pth
2026-04-02 21:29:43,536 INFO src.train.trainer: Epoch 1229
2026-04-02 21:29:43,617 INFO src.train.trainer: Last model at epoch 1229 saved to checkpoints/rtpp_20260402-212800/last_model_1.pth
2026-04-02 21:29:43,617 INFO src.train.trainer: Epoch 1230
2026-04-02 21:29:43,698 INFO src.train.trainer: Last model at epoch 1230 saved to checkpoints/rtpp_20260402-212800/last_model_1.pth
2026-04-02 21:29:43,698 INFO src.train.trainer: Epoch 1231
2026-04-02 21:29:43,779 INFO src.train.trainer: Last model at epoch 1231 saved to checkpoints/rtpp_20260402-212800/last_model_1.pth
2026-04-02 21:29:43,779 INFO src.train.trainer: Epoch 1232
2026-04-02 21:29:43,861 INFO src.train.trainer: Last model at epoch 1232 saved to checkpoints/rtpp_20260402-212800/last_model_1.pth
2026-04-02 21:29:43,861 INFO src.train.trainer: Epoch 1233
2026-04-02 21:29:43,942 INFO src.train.trainer: Last model at epoch 1233 saved to checkpoints/rtpp_20260402-212800/last_model_1.pth
2026-04-02 21:29:43,943 INFO src.train.trainer: Epoch 1234
2026-04-02 21:29:44,024 INFO src.train.trainer: Last model at epoch 1234 saved to checkpoints/rtpp_20260402-212800/last_model_1.pth
2026-04-02 21:29:44,025 INFO src.train.trainer: Epoch 1235
2026-04-02 21:29:44,106 INFO src.train.trainer: Last model at epoch 1235 saved to checkpoints/rtpp_20260402-212800/last_model_1.pth
2026-04-02 21:29:44,106 INFO src.train.trainer: Epoch 1236
2026-04-02 21:29:44,189 INFO src.train.trainer: Last model at epoch 1236 saved to checkpoints/rtpp_20260402-212800/last_model_1.pth
2026-04-02 21:29:44,189 INFO src.train.trainer: Epoch 1237
2026-04-02 21:29:44,276 INFO src.train.trainer: Last model at epoch 1237 saved to checkpoints/rtpp_20260402-212800/last_model_1.pth
2026-04-02 21:29:44,276 INFO src.train.trainer: Epoch 1238
2026-04-02 21:29:44,360 INFO src.train.trainer: Last model at epoch 1238 saved to checkpoints/rtpp_20260402-212800/last_model_1.pth
2026-04-02 21:29:44,360 INFO src.train.trainer: Epoch 1239
2026-04-02 21:29:44,446 INFO src.train.trainer: Last model at epoch 1239 saved to checkpoints/rtpp_20260402-212800/last_model_1.pth
2026-04-02 21:29:44,446 INFO src.train.trainer: Epoch 1240
2026-04-02 21:29:44,529 INFO src.train.trainer: Last model at epoch 1240 saved to checkpoints/rtpp_20260402-212800/last_model_1.pth
2026-04-02 21:29:44,529 INFO src.train.trainer: Epoch 1241
2026-04-02 21:29:44,612 INFO src.train.trainer: Last model at epoch 1241 saved to checkpoints/rtpp_20260402-212800/last_model_1.pth
2026-04-02 21:29:44,612 INFO src.train.trainer: Epoch 1242
2026-04-02 21:29:44,694 INFO src.train.trainer: Last model at epoch 1242 saved to checkpoints/rtpp_20260402-212800/last_model_1.pth
2026-04-02 21:29:44,694 INFO src.train.trainer: Epoch 1243
2026-04-02 21:29:44,776 INFO src.train.trainer: Last model at epoch 1243 saved to checkpoints/rtpp_20260402-212800/last_model_1.pth
2026-04-02 21:29:44,776 INFO src.train.trainer: Epoch 1244
2026-04-02 21:29:44,865 INFO src.train.trainer: Last model at epoch 1244 saved to checkpoints/rtpp_20260402-212800/last_model_1.pth
2026-04-02 21:29:44,865 INFO src.train.trainer: Epoch 1245
2026-04-02 21:29:44,947 INFO src.train.trainer: Last model at epoch 1245 saved to checkpoints/rtpp_20260402-212800/last_model_1.pth
2026-04-02 21:29:44,947 INFO src.train.trainer: Epoch 1246
2026-04-02 21:29:45,033 INFO src.train.trainer: Last model at epoch 1246 saved to checkpoints/rtpp_20260402-212800/last_model_1.pth
2026-04-02 21:29:45,033 INFO src.train.trainer: Epoch 1247
2026-04-02 21:29:45,120 INFO src.train.trainer: Last model at epoch 1247 saved to checkpoints/rtpp_20260402-212800/last_model_1.pth
2026-04-02 21:29:45,120 INFO src.train.trainer: Epoch 1248
2026-04-02 21:29:45,204 INFO src.train.trainer: Last model at epoch 1248 saved to checkpoints/rtpp_20260402-212800/last_model_1.pth
2026-04-02 21:29:45,204 INFO src.train.trainer: Epoch 1249
2026-04-02 21:29:45,291 INFO src.train.trainer: Last model at epoch 1249 saved to checkpoints/rtpp_20260402-212800/last_model_1.pth
2026-04-02 21:29:45,292 INFO src.train.trainer: Epoch 1250
2026-04-02 21:29:45,380 INFO src.train.trainer: Last model at epoch 1250 saved to checkpoints/rtpp_20260402-212800/last_model_1.pth
2026-04-02 21:29:45,380 INFO src.train.trainer: Epoch 1251
2026-04-02 21:29:45,464 INFO src.train.trainer: Last model at epoch 1251 saved to checkpoints/rtpp_20260402-212800/last_model_1.pth
2026-04-02 21:29:45,464 INFO src.train.trainer: Epoch 1252
2026-04-02 21:29:45,548 INFO src.train.trainer: Last model at epoch 1252 saved to checkpoints/rtpp_20260402-212800/last_model_1.pth
2026-04-02 21:29:45,548 INFO src.train.trainer: Epoch 1253
2026-04-02 21:29:45,629 INFO src.train.trainer: Last model at epoch 1253 saved to checkpoints/rtpp_20260402-212800/last_model_1.pth
2026-04-02 21:29:45,629 INFO src.train.trainer: Epoch 1254
2026-04-02 21:29:45,711 INFO src.train.trainer: Last model at epoch 1254 saved to checkpoints/rtpp_20260402-212800/last_model_1.pth
2026-04-02 21:29:45,711 INFO src.train.trainer: Epoch 1255
2026-04-02 21:29:45,794 INFO src.train.trainer: Last model at epoch 1255 saved to checkpoints/rtpp_20260402-212800/last_model_1.pth
2026-04-02 21:29:45,794 INFO src.train.trainer: Epoch 1256
2026-04-02 21:29:45,876 INFO src.train.trainer: Last model at epoch 1256 saved to checkpoints/rtpp_20260402-212800/last_model_1.pth
2026-04-02 21:29:45,876 INFO src.train.trainer: Epoch 1257
2026-04-02 21:29:45,961 INFO src.train.trainer: Last model at epoch 1257 saved to checkpoints/rtpp_20260402-212800/last_model_1.pth
2026-04-02 21:29:45,961 INFO src.train.trainer: Epoch 1258
2026-04-02 21:29:46,044 INFO src.train.trainer: Last model at epoch 1258 saved to checkpoints/rtpp_20260402-212800/last_model_1.pth
2026-04-02 21:29:46,044 INFO src.train.trainer: Epoch 1259
2026-04-02 21:29:46,127 INFO src.train.trainer: Last model at epoch 1259 saved to checkpoints/rtpp_20260402-212800/last_model_1.pth
2026-04-02 21:29:46,127 INFO src.train.trainer: Epoch 1260
2026-04-02 21:29:46,211 INFO src.train.trainer: Last model at epoch 1260 saved to checkpoints/rtpp_20260402-212800/last_model_1.pth
2026-04-02 21:29:46,211 INFO src.train.trainer: Epoch 1261
2026-04-02 21:29:46,296 INFO src.train.trainer: Last model at epoch 1261 saved to checkpoints/rtpp_20260402-212800/last_model_1.pth
2026-04-02 21:29:46,296 INFO src.train.trainer: Epoch 1262
2026-04-02 21:29:46,381 INFO src.train.trainer: Last model at epoch 1262 saved to checkpoints/rtpp_20260402-212800/last_model_1.pth
2026-04-02 21:29:46,381 INFO src.train.trainer: Epoch 1263
2026-04-02 21:29:46,466 INFO src.train.trainer: Last model at epoch 1263 saved to checkpoints/rtpp_20260402-212800/last_model_1.pth
2026-04-02 21:29:46,466 INFO src.train.trainer: Epoch 1264
2026-04-02 21:29:46,550 INFO src.train.trainer: Last model at epoch 1264 saved to checkpoints/rtpp_20260402-212800/last_model_1.pth
2026-04-02 21:29:46,551 INFO src.train.trainer: Epoch 1265
2026-04-02 21:29:46,635 INFO src.train.trainer: Last model at epoch 1265 saved to checkpoints/rtpp_20260402-212800/last_model_1.pth
2026-04-02 21:29:46,635 INFO src.train.trainer: Epoch 1266
2026-04-02 21:29:46,721 INFO src.train.trainer: Last model at epoch 1266 saved to checkpoints/rtpp_20260402-212800/last_model_1.pth
2026-04-02 21:29:46,721 INFO src.train.trainer: Epoch 1267
2026-04-02 21:29:46,805 INFO src.train.trainer: Last model at epoch 1267 saved to checkpoints/rtpp_20260402-212800/last_model_1.pth
2026-04-02 21:29:46,806 INFO src.train.trainer: Epoch 1268
2026-04-02 21:29:46,892 INFO src.train.trainer: Last model at epoch 1268 saved to checkpoints/rtpp_20260402-212800/last_model_1.pth
2026-04-02 21:29:46,892 INFO src.train.trainer: Epoch 1269
2026-04-02 21:29:46,974 INFO src.train.trainer: Last model at epoch 1269 saved to checkpoints/rtpp_20260402-212800/last_model_1.pth
2026-04-02 21:29:46,974 INFO src.train.trainer: Epoch 1270
2026-04-02 21:29:47,058 INFO src.train.trainer: Last model at epoch 1270 saved to checkpoints/rtpp_20260402-212800/last_model_1.pth
2026-04-02 21:29:47,058 INFO src.train.trainer: Epoch 1271
2026-04-02 21:29:47,142 INFO src.train.trainer: Last model at epoch 1271 saved to checkpoints/rtpp_20260402-212800/last_model_1.pth
2026-04-02 21:29:47,142 INFO src.train.trainer: Epoch 1272
2026-04-02 21:29:47,228 INFO src.train.trainer: Last model at epoch 1272 saved to checkpoints/rtpp_20260402-212800/last_model_1.pth
2026-04-02 21:29:47,228 INFO src.train.trainer: Epoch 1273
2026-04-02 21:29:47,319 INFO src.train.trainer: Last model at epoch 1273 saved to checkpoints/rtpp_20260402-212800/last_model_1.pth
2026-04-02 21:29:47,319 INFO src.train.trainer: Epoch 1274
2026-04-02 21:29:47,399 INFO src.train.trainer: Last model at epoch 1274 saved to checkpoints/rtpp_20260402-212800/last_model_1.pth
2026-04-02 21:29:47,399 INFO src.train.trainer: Epoch 1275
2026-04-02 21:29:47,480 INFO src.train.trainer: Last model at epoch 1275 saved to checkpoints/rtpp_20260402-212800/last_model_1.pth
2026-04-02 21:29:47,480 INFO src.train.trainer: Epoch 1276
2026-04-02 21:29:47,558 INFO src.train.trainer: Last model at epoch 1276 saved to checkpoints/rtpp_20260402-212800/last_model_1.pth
2026-04-02 21:29:47,558 INFO src.train.trainer: Epoch 1277
2026-04-02 21:29:47,638 INFO src.train.trainer: Last model at epoch 1277 saved to checkpoints/rtpp_20260402-212800/last_model_1.pth
2026-04-02 21:29:47,638 INFO src.train.trainer: Epoch 1278
2026-04-02 21:29:47,717 INFO src.train.trainer: Last model at epoch 1278 saved to checkpoints/rtpp_20260402-212800/last_model_1.pth
2026-04-02 21:29:47,717 INFO src.train.trainer: Epoch 1279
2026-04-02 21:29:47,799 INFO src.train.trainer: Last model at epoch 1279 saved to checkpoints/rtpp_20260402-212800/last_model_1.pth
2026-04-02 21:29:47,799 INFO src.train.trainer: Epoch 1280
2026-04-02 21:29:47,879 INFO src.train.trainer: Last model at epoch 1280 saved to checkpoints/rtpp_20260402-212800/last_model_1.pth
2026-04-02 21:29:47,879 INFO src.train.trainer: Epoch 1281
2026-04-02 21:29:47,959 INFO src.train.trainer: Last model at epoch 1281 saved to checkpoints/rtpp_20260402-212800/last_model_1.pth
2026-04-02 21:29:47,959 INFO src.train.trainer: Epoch 1282
2026-04-02 21:29:48,043 INFO src.train.trainer: Last model at epoch 1282 saved to checkpoints/rtpp_20260402-212800/last_model_1.pth
2026-04-02 21:29:48,043 INFO src.train.trainer: Epoch 1283
2026-04-02 21:29:48,125 INFO src.train.trainer: Last model at epoch 1283 saved to checkpoints/rtpp_20260402-212800/last_model_1.pth
2026-04-02 21:29:48,125 INFO src.train.trainer: Epoch 1284
2026-04-02 21:29:48,206 INFO src.train.trainer: Last model at epoch 1284 saved to checkpoints/rtpp_20260402-212800/last_model_1.pth
2026-04-02 21:29:48,206 INFO src.train.trainer: Epoch 1285
2026-04-02 21:29:48,286 INFO src.train.trainer: Last model at epoch 1285 saved to checkpoints/rtpp_20260402-212800/last_model_1.pth
2026-04-02 21:29:48,286 INFO src.train.trainer: Epoch 1286
2026-04-02 21:29:48,369 INFO src.train.trainer: Last model at epoch 1286 saved to checkpoints/rtpp_20260402-212800/last_model_1.pth
2026-04-02 21:29:48,369 INFO src.train.trainer: Epoch 1287
2026-04-02 21:29:48,450 INFO src.train.trainer: Last model at epoch 1287 saved to checkpoints/rtpp_20260402-212800/last_model_1.pth
2026-04-02 21:29:48,450 INFO src.train.trainer: Epoch 1288
2026-04-02 21:29:48,533 INFO src.train.trainer: Last model at epoch 1288 saved to checkpoints/rtpp_20260402-212800/last_model_1.pth
2026-04-02 21:29:48,533 INFO src.train.trainer: Epoch 1289
2026-04-02 21:29:48,615 INFO src.train.trainer: Last model at epoch 1289 saved to checkpoints/rtpp_20260402-212800/last_model_1.pth
2026-04-02 21:29:48,615 INFO src.train.trainer: Epoch 1290
2026-04-02 21:29:48,697 INFO src.train.trainer: Last model at epoch 1290 saved to checkpoints/rtpp_20260402-212800/last_model_1.pth
2026-04-02 21:29:48,697 INFO src.train.trainer: Epoch 1291
2026-04-02 21:29:48,777 INFO src.train.trainer: Last model at epoch 1291 saved to checkpoints/rtpp_20260402-212800/last_model_1.pth
2026-04-02 21:29:48,777 INFO src.train.trainer: Epoch 1292
2026-04-02 21:29:48,859 INFO src.train.trainer: Last model at epoch 1292 saved to checkpoints/rtpp_20260402-212800/last_model_1.pth
2026-04-02 21:29:48,859 INFO src.train.trainer: Epoch 1293
2026-04-02 21:29:48,939 INFO src.train.trainer: Last model at epoch 1293 saved to checkpoints/rtpp_20260402-212800/last_model_1.pth
2026-04-02 21:29:48,939 INFO src.train.trainer: Epoch 1294
2026-04-02 21:29:49,021 INFO src.train.trainer: Last model at epoch 1294 saved to checkpoints/rtpp_20260402-212800/last_model_1.pth
2026-04-02 21:29:49,021 INFO src.train.trainer: Epoch 1295
2026-04-02 21:29:49,105 INFO src.train.trainer: Last model at epoch 1295 saved to checkpoints/rtpp_20260402-212800/last_model_1.pth
2026-04-02 21:29:49,105 INFO src.train.trainer: Epoch 1296
2026-04-02 21:29:49,189 INFO src.train.trainer: Last model at epoch 1296 saved to checkpoints/rtpp_20260402-212800/last_model_1.pth
2026-04-02 21:29:49,189 INFO src.train.trainer: Epoch 1297
2026-04-02 21:29:49,282 INFO src.train.trainer: Last model at epoch 1297 saved to checkpoints/rtpp_20260402-212800/last_model_1.pth
2026-04-02 21:29:49,282 INFO src.train.trainer: Epoch 1298
2026-04-02 21:29:49,357 INFO src.train.trainer: Last model at epoch 1298 saved to checkpoints/rtpp_20260402-212800/last_model_1.pth
2026-04-02 21:29:49,358 INFO src.train.trainer: Epoch 1299
2026-04-02 21:29:49,429 INFO src.train.trainer: Last model at epoch 1299 saved to checkpoints/rtpp_20260402-212800/last_model_1.pth
2026-04-02 21:29:49,429 INFO src.train.trainer: Epoch 1300
2026-04-02 21:29:49,503 INFO src.train.trainer: Last model at epoch 1300 saved to checkpoints/rtpp_20260402-212800/last_model_1.pth
2026-04-02 21:29:49,503 INFO src.train.trainer: Epoch 1301
2026-04-02 21:29:49,576 INFO src.train.trainer: Last model at epoch 1301 saved to checkpoints/rtpp_20260402-212800/last_model_1.pth
2026-04-02 21:29:49,576 INFO src.train.trainer: Epoch 1302
2026-04-02 21:29:49,651 INFO src.train.trainer: Last model at epoch 1302 saved to checkpoints/rtpp_20260402-212800/last_model_1.pth
2026-04-02 21:29:49,651 INFO src.train.trainer: Epoch 1303
2026-04-02 21:29:49,726 INFO src.train.trainer: Last model at epoch 1303 saved to checkpoints/rtpp_20260402-212800/last_model_1.pth
2026-04-02 21:29:49,726 INFO src.train.trainer: Epoch 1304
2026-04-02 21:29:49,801 INFO src.train.trainer: Last model at epoch 1304 saved to checkpoints/rtpp_20260402-212800/last_model_1.pth
2026-04-02 21:29:49,802 INFO src.train.trainer: Epoch 1305
2026-04-02 21:29:49,878 INFO src.train.trainer: Last model at epoch 1305 saved to checkpoints/rtpp_20260402-212800/last_model_1.pth
2026-04-02 21:29:49,878 INFO src.train.trainer: Epoch 1306
2026-04-02 21:29:49,955 INFO src.train.trainer: Last model at epoch 1306 saved to checkpoints/rtpp_20260402-212800/last_model_1.pth
2026-04-02 21:29:49,955 INFO src.train.trainer: Epoch 1307
2026-04-02 21:29:50,034 INFO src.train.trainer: Last model at epoch 1307 saved to checkpoints/rtpp_20260402-212800/last_model_1.pth
2026-04-02 21:29:50,034 INFO src.train.trainer: Epoch 1308
2026-04-02 21:29:50,115 INFO src.train.trainer: Last model at epoch 1308 saved to checkpoints/rtpp_20260402-212800/last_model_1.pth
2026-04-02 21:29:50,115 INFO src.train.trainer: Epoch 1309
2026-04-02 21:29:50,194 INFO src.train.trainer: Last model at epoch 1309 saved to checkpoints/rtpp_20260402-212800/last_model_1.pth
2026-04-02 21:29:50,194 INFO src.train.trainer: Epoch 1310
2026-04-02 21:29:50,276 INFO src.train.trainer: Last model at epoch 1310 saved to checkpoints/rtpp_20260402-212800/last_model_1.pth
2026-04-02 21:29:50,277 INFO src.train.trainer: Epoch 1311
2026-04-02 21:29:50,358 INFO src.train.trainer: Last model at epoch 1311 saved to checkpoints/rtpp_20260402-212800/last_model_1.pth
2026-04-02 21:29:50,358 INFO src.train.trainer: Epoch 1312
2026-04-02 21:29:50,440 INFO src.train.trainer: Last model at epoch 1312 saved to checkpoints/rtpp_20260402-212800/last_model_1.pth
2026-04-02 21:29:50,440 INFO src.train.trainer: Epoch 1313
2026-04-02 21:29:50,523 INFO src.train.trainer: Last model at epoch 1313 saved to checkpoints/rtpp_20260402-212800/last_model_1.pth
2026-04-02 21:29:50,523 INFO src.train.trainer: Epoch 1314
2026-04-02 21:29:50,603 INFO src.train.trainer: Last model at epoch 1314 saved to checkpoints/rtpp_20260402-212800/last_model_1.pth
2026-04-02 21:29:50,603 INFO src.train.trainer: Epoch 1315
2026-04-02 21:29:50,682 INFO src.train.trainer: Last model at epoch 1315 saved to checkpoints/rtpp_20260402-212800/last_model_1.pth
2026-04-02 21:29:50,683 INFO src.train.trainer: Epoch 1316
2026-04-02 21:29:50,762 INFO src.train.trainer: Last model at epoch 1316 saved to checkpoints/rtpp_20260402-212800/last_model_1.pth
2026-04-02 21:29:50,762 INFO src.train.trainer: Epoch 1317
2026-04-02 21:29:50,844 INFO src.train.trainer: Last model at epoch 1317 saved to checkpoints/rtpp_20260402-212800/last_model_1.pth
2026-04-02 21:29:50,844 INFO src.train.trainer: Epoch 1318
2026-04-02 21:29:50,924 INFO src.train.trainer: Last model at epoch 1318 saved to checkpoints/rtpp_20260402-212800/last_model_1.pth
2026-04-02 21:29:50,924 INFO src.train.trainer: Epoch 1319
2026-04-02 21:29:51,003 INFO src.train.trainer: Last model at epoch 1319 saved to checkpoints/rtpp_20260402-212800/last_model_1.pth
2026-04-02 21:29:51,003 INFO src.train.trainer: Epoch 1320
2026-04-02 21:29:51,084 INFO src.train.trainer: Last model at epoch 1320 saved to checkpoints/rtpp_20260402-212800/last_model_1.pth
2026-04-02 21:29:51,084 INFO src.train.trainer: Epoch 1321
2026-04-02 21:29:51,167 INFO src.train.trainer: Last model at epoch 1321 saved to checkpoints/rtpp_20260402-212800/last_model_1.pth
2026-04-02 21:29:51,167 INFO src.train.trainer: Epoch 1322
2026-04-02 21:29:51,247 INFO src.train.trainer: Last model at epoch 1322 saved to checkpoints/rtpp_20260402-212800/last_model_1.pth
2026-04-02 21:29:51,247 INFO src.train.trainer: Epoch 1323
2026-04-02 21:29:51,332 INFO src.train.trainer: Last model at epoch 1323 saved to checkpoints/rtpp_20260402-212800/last_model_1.pth
2026-04-02 21:29:51,332 INFO src.train.trainer: Epoch 1324
2026-04-02 21:29:51,407 INFO src.train.trainer: Last model at epoch 1324 saved to checkpoints/rtpp_20260402-212800/last_model_1.pth
2026-04-02 21:29:51,407 INFO src.train.trainer: Epoch 1325
2026-04-02 21:29:51,482 INFO src.train.trainer: Last model at epoch 1325 saved to checkpoints/rtpp_20260402-212800/last_model_1.pth
2026-04-02 21:29:51,482 INFO src.train.trainer: Epoch 1326
2026-04-02 21:29:51,559 INFO src.train.trainer: Last model at epoch 1326 saved to checkpoints/rtpp_20260402-212800/last_model_1.pth
2026-04-02 21:29:51,559 INFO src.train.trainer: Epoch 1327
2026-04-02 21:29:51,636 INFO src.train.trainer: Last model at epoch 1327 saved to checkpoints/rtpp_20260402-212800/last_model_1.pth
2026-04-02 21:29:51,636 INFO src.train.trainer: Epoch 1328
2026-04-02 21:29:51,711 INFO src.train.trainer: Last model at epoch 1328 saved to checkpoints/rtpp_20260402-212800/last_model_1.pth
2026-04-02 21:29:51,711 INFO src.train.trainer: Epoch 1329
2026-04-02 21:29:51,788 INFO src.train.trainer: Last model at epoch 1329 saved to checkpoints/rtpp_20260402-212800/last_model_1.pth
2026-04-02 21:29:51,788 INFO src.train.trainer: Epoch 1330
2026-04-02 21:29:51,865 INFO src.train.trainer: Last model at epoch 1330 saved to checkpoints/rtpp_20260402-212800/last_model_1.pth
2026-04-02 21:29:51,866 INFO src.train.trainer: Epoch 1331
2026-04-02 21:29:51,943 INFO src.train.trainer: Last model at epoch 1331 saved to checkpoints/rtpp_20260402-212800/last_model_1.pth
2026-04-02 21:29:51,943 INFO src.train.trainer: Epoch 1332
2026-04-02 21:29:52,021 INFO src.train.trainer: Last model at epoch 1332 saved to checkpoints/rtpp_20260402-212800/last_model_1.pth
2026-04-02 21:29:52,021 INFO src.train.trainer: Epoch 1333
2026-04-02 21:29:52,102 INFO src.train.trainer: Last model at epoch 1333 saved to checkpoints/rtpp_20260402-212800/last_model_1.pth
2026-04-02 21:29:52,102 INFO src.train.trainer: Epoch 1334
2026-04-02 21:29:52,182 INFO src.train.trainer: Last model at epoch 1334 saved to checkpoints/rtpp_20260402-212800/last_model_1.pth
2026-04-02 21:29:52,182 INFO src.train.trainer: Epoch 1335
2026-04-02 21:29:52,263 INFO src.train.trainer: Last model at epoch 1335 saved to checkpoints/rtpp_20260402-212800/last_model_1.pth
2026-04-02 21:29:52,263 INFO src.train.trainer: Epoch 1336
2026-04-02 21:29:52,344 INFO src.train.trainer: Last model at epoch 1336 saved to checkpoints/rtpp_20260402-212800/last_model_1.pth
2026-04-02 21:29:52,344 INFO src.train.trainer: Epoch 1337
2026-04-02 21:29:52,423 INFO src.train.trainer: Last model at epoch 1337 saved to checkpoints/rtpp_20260402-212800/last_model_1.pth
2026-04-02 21:29:52,423 INFO src.train.trainer: Epoch 1338
2026-04-02 21:29:52,503 INFO src.train.trainer: Last model at epoch 1338 saved to checkpoints/rtpp_20260402-212800/last_model_1.pth
2026-04-02 21:29:52,503 INFO src.train.trainer: Epoch 1339
2026-04-02 21:29:52,583 INFO src.train.trainer: Last model at epoch 1339 saved to checkpoints/rtpp_20260402-212800/last_model_1.pth
2026-04-02 21:29:52,583 INFO src.train.trainer: Epoch 1340
2026-04-02 21:29:52,663 INFO src.train.trainer: Last model at epoch 1340 saved to checkpoints/rtpp_20260402-212800/last_model_1.pth
2026-04-02 21:29:52,663 INFO src.train.trainer: Epoch 1341
2026-04-02 21:29:52,742 INFO src.train.trainer: Last model at epoch 1341 saved to checkpoints/rtpp_20260402-212800/last_model_1.pth
2026-04-02 21:29:52,742 INFO src.train.trainer: Epoch 1342
2026-04-02 21:29:52,821 INFO src.train.trainer: Last model at epoch 1342 saved to checkpoints/rtpp_20260402-212800/last_model_1.pth
2026-04-02 21:29:52,822 INFO src.train.trainer: Epoch 1343
2026-04-02 21:29:52,901 INFO src.train.trainer: Last model at epoch 1343 saved to checkpoints/rtpp_20260402-212800/last_model_1.pth
2026-04-02 21:29:52,901 INFO src.train.trainer: Epoch 1344
2026-04-02 21:29:52,981 INFO src.train.trainer: Last model at epoch 1344 saved to checkpoints/rtpp_20260402-212800/last_model_1.pth
2026-04-02 21:29:52,981 INFO src.train.trainer: Epoch 1345
2026-04-02 21:29:53,061 INFO src.train.trainer: Last model at epoch 1345 saved to checkpoints/rtpp_20260402-212800/last_model_1.pth
2026-04-02 21:29:53,062 INFO src.train.trainer: Epoch 1346
2026-04-02 21:29:53,142 INFO src.train.trainer: Last model at epoch 1346 saved to checkpoints/rtpp_20260402-212800/last_model_1.pth
2026-04-02 21:29:53,142 INFO src.train.trainer: Epoch 1347
2026-04-02 21:29:53,223 INFO src.train.trainer: Last model at epoch 1347 saved to checkpoints/rtpp_20260402-212800/last_model_1.pth
2026-04-02 21:29:53,223 INFO src.train.trainer: Epoch 1348
2026-04-02 21:29:53,302 INFO src.train.trainer: Last model at epoch 1348 saved to checkpoints/rtpp_20260402-212800/last_model_1.pth
2026-04-02 21:29:53,302 INFO src.train.trainer: Epoch 1349
2026-04-02 21:29:53,381 INFO src.train.trainer: Last model at epoch 1349 saved to checkpoints/rtpp_20260402-212800/last_model_1.pth
2026-04-02 21:29:53,381 INFO src.train.trainer: Epoch 1350
2026-04-02 21:29:53,460 INFO src.train.trainer: Last model at epoch 1350 saved to checkpoints/rtpp_20260402-212800/last_model_1.pth
2026-04-02 21:29:53,460 INFO src.train.trainer: Epoch 1351
2026-04-02 21:29:53,538 INFO src.train.trainer: Last model at epoch 1351 saved to checkpoints/rtpp_20260402-212800/last_model_1.pth
2026-04-02 21:29:53,538 INFO src.train.trainer: Epoch 1352
2026-04-02 21:29:53,619 INFO src.train.trainer: Last model at epoch 1352 saved to checkpoints/rtpp_20260402-212800/last_model_1.pth
2026-04-02 21:29:53,619 INFO src.train.trainer: Epoch 1353
2026-04-02 21:29:53,697 INFO src.train.trainer: Last model at epoch 1353 saved to checkpoints/rtpp_20260402-212800/last_model_1.pth
2026-04-02 21:29:53,697 INFO src.train.trainer: Epoch 1354
2026-04-02 21:29:53,779 INFO src.train.trainer: Last model at epoch 1354 saved to checkpoints/rtpp_20260402-212800/last_model_1.pth
2026-04-02 21:29:53,779 INFO src.train.trainer: Epoch 1355
2026-04-02 21:29:53,861 INFO src.train.trainer: Last model at epoch 1355 saved to checkpoints/rtpp_20260402-212800/last_model_1.pth
2026-04-02 21:29:53,861 INFO src.train.trainer: Epoch 1356
2026-04-02 21:29:53,941 INFO src.train.trainer: Last model at epoch 1356 saved to checkpoints/rtpp_20260402-212800/last_model_1.pth
2026-04-02 21:29:53,941 INFO src.train.trainer: Epoch 1357
2026-04-02 21:29:54,021 INFO src.train.trainer: Last model at epoch 1357 saved to checkpoints/rtpp_20260402-212800/last_model_1.pth
2026-04-02 21:29:54,021 INFO src.train.trainer: Epoch 1358
2026-04-02 21:29:54,102 INFO src.train.trainer: Last model at epoch 1358 saved to checkpoints/rtpp_20260402-212800/last_model_1.pth
2026-04-02 21:29:54,102 INFO src.train.trainer: Epoch 1359
2026-04-02 21:29:54,185 INFO src.train.trainer: Last model at epoch 1359 saved to checkpoints/rtpp_20260402-212800/last_model_1.pth
2026-04-02 21:29:54,185 INFO src.train.trainer: Epoch 1360
2026-04-02 21:29:54,265 INFO src.train.trainer: Last model at epoch 1360 saved to checkpoints/rtpp_20260402-212800/last_model_1.pth
2026-04-02 21:29:54,265 INFO src.train.trainer: Epoch 1361
2026-04-02 21:29:54,345 INFO src.train.trainer: Last model at epoch 1361 saved to checkpoints/rtpp_20260402-212800/last_model_1.pth
2026-04-02 21:29:54,345 INFO src.train.trainer: Epoch 1362
2026-04-02 21:29:54,427 INFO src.train.trainer: Last model at epoch 1362 saved to checkpoints/rtpp_20260402-212800/last_model_1.pth
2026-04-02 21:29:54,427 INFO src.train.trainer: Epoch 1363
2026-04-02 21:29:54,508 INFO src.train.trainer: Last model at epoch 1363 saved to checkpoints/rtpp_20260402-212800/last_model_1.pth
2026-04-02 21:29:54,508 INFO src.train.trainer: Epoch 1364
2026-04-02 21:29:54,588 INFO src.train.trainer: Last model at epoch 1364 saved to checkpoints/rtpp_20260402-212800/last_model_1.pth
2026-04-02 21:29:54,588 INFO src.train.trainer: Epoch 1365
2026-04-02 21:29:54,668 INFO src.train.trainer: Last model at epoch 1365 saved to checkpoints/rtpp_20260402-212800/last_model_1.pth
2026-04-02 21:29:54,668 INFO src.train.trainer: Epoch 1366
2026-04-02 21:29:54,747 INFO src.train.trainer: Last model at epoch 1366 saved to checkpoints/rtpp_20260402-212800/last_model_1.pth
2026-04-02 21:29:54,747 INFO src.train.trainer: Epoch 1367
2026-04-02 21:29:54,827 INFO src.train.trainer: Last model at epoch 1367 saved to checkpoints/rtpp_20260402-212800/last_model_1.pth
2026-04-02 21:29:54,827 INFO src.train.trainer: Epoch 1368
2026-04-02 21:29:54,907 INFO src.train.trainer: Last model at epoch 1368 saved to checkpoints/rtpp_20260402-212800/last_model_1.pth
2026-04-02 21:29:54,907 INFO src.train.trainer: Epoch 1369
2026-04-02 21:29:54,987 INFO src.train.trainer: Last model at epoch 1369 saved to checkpoints/rtpp_20260402-212800/last_model_1.pth
2026-04-02 21:29:54,987 INFO src.train.trainer: Epoch 1370
2026-04-02 21:29:55,069 INFO src.train.trainer: Last model at epoch 1370 saved to checkpoints/rtpp_20260402-212800/last_model_1.pth
2026-04-02 21:29:55,069 INFO src.train.trainer: Epoch 1371
2026-04-02 21:29:55,151 INFO src.train.trainer: Last model at epoch 1371 saved to checkpoints/rtpp_20260402-212800/last_model_1.pth
2026-04-02 21:29:55,151 INFO src.train.trainer: Epoch 1372
2026-04-02 21:29:55,237 INFO src.train.trainer: Last model at epoch 1372 saved to checkpoints/rtpp_20260402-212800/last_model_1.pth
2026-04-02 21:29:55,237 INFO src.train.trainer: Epoch 1373
2026-04-02 21:29:55,316 INFO src.train.trainer: Last model at epoch 1373 saved to checkpoints/rtpp_20260402-212800/last_model_1.pth
2026-04-02 21:29:55,317 INFO src.train.trainer: Epoch 1374
2026-04-02 21:29:55,396 INFO src.train.trainer: Last model at epoch 1374 saved to checkpoints/rtpp_20260402-212800/last_model_1.pth
2026-04-02 21:29:55,396 INFO src.train.trainer: Epoch 1375
2026-04-02 21:29:55,475 INFO src.train.trainer: Last model at epoch 1375 saved to checkpoints/rtpp_20260402-212800/last_model_1.pth
2026-04-02 21:29:55,475 INFO src.train.trainer: Epoch 1376
2026-04-02 21:29:55,556 INFO src.train.trainer: Last model at epoch 1376 saved to checkpoints/rtpp_20260402-212800/last_model_1.pth
2026-04-02 21:29:55,556 INFO src.train.trainer: Epoch 1377
2026-04-02 21:29:55,639 INFO src.train.trainer: Last model at epoch 1377 saved to checkpoints/rtpp_20260402-212800/last_model_1.pth
2026-04-02 21:29:55,639 INFO src.train.trainer: Epoch 1378
2026-04-02 21:29:55,719 INFO src.train.trainer: Last model at epoch 1378 saved to checkpoints/rtpp_20260402-212800/last_model_1.pth
2026-04-02 21:29:55,719 INFO src.train.trainer: Epoch 1379
2026-04-02 21:29:55,802 INFO src.train.trainer: Last model at epoch 1379 saved to checkpoints/rtpp_20260402-212800/last_model_1.pth
2026-04-02 21:29:55,802 INFO src.train.trainer: Epoch 1380
2026-04-02 21:29:55,882 INFO src.train.trainer: Last model at epoch 1380 saved to checkpoints/rtpp_20260402-212800/last_model_1.pth
2026-04-02 21:29:55,882 INFO src.train.trainer: Epoch 1381
2026-04-02 21:29:55,964 INFO src.train.trainer: Last model at epoch 1381 saved to checkpoints/rtpp_20260402-212800/last_model_1.pth
2026-04-02 21:29:55,965 INFO src.train.trainer: Epoch 1382
2026-04-02 21:29:56,045 INFO src.train.trainer: Last model at epoch 1382 saved to checkpoints/rtpp_20260402-212800/last_model_1.pth
2026-04-02 21:29:56,045 INFO src.train.trainer: Epoch 1383
2026-04-02 21:29:56,129 INFO src.train.trainer: Last model at epoch 1383 saved to checkpoints/rtpp_20260402-212800/last_model_1.pth
2026-04-02 21:29:56,129 INFO src.train.trainer: Epoch 1384
2026-04-02 21:29:56,210 INFO src.train.trainer: Last model at epoch 1384 saved to checkpoints/rtpp_20260402-212800/last_model_1.pth
2026-04-02 21:29:56,210 INFO src.train.trainer: Epoch 1385
2026-04-02 21:29:56,292 INFO src.train.trainer: Last model at epoch 1385 saved to checkpoints/rtpp_20260402-212800/last_model_1.pth
2026-04-02 21:29:56,292 INFO src.train.trainer: Epoch 1386
2026-04-02 21:29:56,373 INFO src.train.trainer: Last model at epoch 1386 saved to checkpoints/rtpp_20260402-212800/last_model_1.pth
2026-04-02 21:29:56,373 INFO src.train.trainer: Epoch 1387
2026-04-02 21:29:56,454 INFO src.train.trainer: Last model at epoch 1387 saved to checkpoints/rtpp_20260402-212800/last_model_1.pth
2026-04-02 21:29:56,454 INFO src.train.trainer: Epoch 1388
2026-04-02 21:29:56,533 INFO src.train.trainer: Last model at epoch 1388 saved to checkpoints/rtpp_20260402-212800/last_model_1.pth
2026-04-02 21:29:56,534 INFO src.train.trainer: Epoch 1389
2026-04-02 21:29:56,616 INFO src.train.trainer: Last model at epoch 1389 saved to checkpoints/rtpp_20260402-212800/last_model_1.pth
2026-04-02 21:29:56,616 INFO src.train.trainer: Epoch 1390
2026-04-02 21:29:56,696 INFO src.train.trainer: Last model at epoch 1390 saved to checkpoints/rtpp_20260402-212800/last_model_1.pth
2026-04-02 21:29:56,696 INFO src.train.trainer: Epoch 1391
2026-04-02 21:29:56,777 INFO src.train.trainer: Last model at epoch 1391 saved to checkpoints/rtpp_20260402-212800/last_model_1.pth
2026-04-02 21:29:56,777 INFO src.train.trainer: Epoch 1392
2026-04-02 21:29:56,857 INFO src.train.trainer: Last model at epoch 1392 saved to checkpoints/rtpp_20260402-212800/last_model_1.pth
2026-04-02 21:29:56,857 INFO src.train.trainer: Epoch 1393
2026-04-02 21:29:56,937 INFO src.train.trainer: Last model at epoch 1393 saved to checkpoints/rtpp_20260402-212800/last_model_1.pth
2026-04-02 21:29:56,938 INFO src.train.trainer: Epoch 1394
2026-04-02 21:29:57,017 INFO src.train.trainer: Last model at epoch 1394 saved to checkpoints/rtpp_20260402-212800/last_model_1.pth
2026-04-02 21:29:57,017 INFO src.train.trainer: Epoch 1395
2026-04-02 21:29:57,102 INFO src.train.trainer: Last model at epoch 1395 saved to checkpoints/rtpp_20260402-212800/last_model_1.pth
2026-04-02 21:29:57,102 INFO src.train.trainer: Epoch 1396
2026-04-02 21:29:57,187 INFO src.train.trainer: Last model at epoch 1396 saved to checkpoints/rtpp_20260402-212800/last_model_1.pth
2026-04-02 21:29:57,187 INFO src.train.trainer: Epoch 1397
2026-04-02 21:29:57,266 INFO src.train.trainer: Last model at epoch 1397 saved to checkpoints/rtpp_20260402-212800/last_model_1.pth
2026-04-02 21:29:57,266 INFO src.train.trainer: Epoch 1398
2026-04-02 21:29:57,346 INFO src.train.trainer: Last model at epoch 1398 saved to checkpoints/rtpp_20260402-212800/last_model_1.pth
2026-04-02 21:29:57,346 INFO src.train.trainer: Epoch 1399
2026-04-02 21:29:57,425 INFO src.train.trainer: Last model at epoch 1399 saved to checkpoints/rtpp_20260402-212800/last_model_1.pth
2026-04-02 21:29:57,425 INFO src.train.trainer: Epoch 1400
2026-04-02 21:29:57,504 INFO src.train.trainer: Last model at epoch 1400 saved to checkpoints/rtpp_20260402-212800/last_model_1.pth
2026-04-02 21:29:57,504 INFO src.train.trainer: Epoch 1401
2026-04-02 21:29:57,583 INFO src.train.trainer: Last model at epoch 1401 saved to checkpoints/rtpp_20260402-212800/last_model_1.pth
2026-04-02 21:29:57,583 INFO src.train.trainer: Epoch 1402
2026-04-02 21:29:57,663 INFO src.train.trainer: Last model at epoch 1402 saved to checkpoints/rtpp_20260402-212800/last_model_1.pth
2026-04-02 21:29:57,663 INFO src.train.trainer: Epoch 1403
2026-04-02 21:29:57,743 INFO src.train.trainer: Last model at epoch 1403 saved to checkpoints/rtpp_20260402-212800/last_model_1.pth
2026-04-02 21:29:57,743 INFO src.train.trainer: Epoch 1404
2026-04-02 21:29:57,822 INFO src.train.trainer: Last model at epoch 1404 saved to checkpoints/rtpp_20260402-212800/last_model_1.pth
2026-04-02 21:29:57,822 INFO src.train.trainer: Epoch 1405
2026-04-02 21:29:57,904 INFO src.train.trainer: Last model at epoch 1405 saved to checkpoints/rtpp_20260402-212800/last_model_1.pth
2026-04-02 21:29:57,904 INFO src.train.trainer: Epoch 1406
2026-04-02 21:29:57,983 INFO src.train.trainer: Last model at epoch 1406 saved to checkpoints/rtpp_20260402-212800/last_model_1.pth
2026-04-02 21:29:57,983 INFO src.train.trainer: Epoch 1407
2026-04-02 21:29:58,063 INFO src.train.trainer: Last model at epoch 1407 saved to checkpoints/rtpp_20260402-212800/last_model_1.pth
2026-04-02 21:29:58,063 INFO src.train.trainer: Epoch 1408
2026-04-02 21:29:58,143 INFO src.train.trainer: Last model at epoch 1408 saved to checkpoints/rtpp_20260402-212800/last_model_1.pth
2026-04-02 21:29:58,143 INFO src.train.trainer: Epoch 1409
2026-04-02 21:29:58,223 INFO src.train.trainer: Last model at epoch 1409 saved to checkpoints/rtpp_20260402-212800/last_model_1.pth
2026-04-02 21:29:58,224 INFO src.train.trainer: Epoch 1410
2026-04-02 21:29:58,305 INFO src.train.trainer: Last model at epoch 1410 saved to checkpoints/rtpp_20260402-212800/last_model_1.pth
2026-04-02 21:29:58,305 INFO src.train.trainer: Epoch 1411
2026-04-02 21:29:58,384 INFO src.train.trainer: Last model at epoch 1411 saved to checkpoints/rtpp_20260402-212800/last_model_1.pth
2026-04-02 21:29:58,384 INFO src.train.trainer: Epoch 1412
2026-04-02 21:29:58,466 INFO src.train.trainer: Last model at epoch 1412 saved to checkpoints/rtpp_20260402-212800/last_model_1.pth
2026-04-02 21:29:58,466 INFO src.train.trainer: Epoch 1413
2026-04-02 21:29:58,546 INFO src.train.trainer: Last model at epoch 1413 saved to checkpoints/rtpp_20260402-212800/last_model_1.pth
2026-04-02 21:29:58,546 INFO src.train.trainer: Epoch 1414
2026-04-02 21:29:58,626 INFO src.train.trainer: Last model at epoch 1414 saved to checkpoints/rtpp_20260402-212800/last_model_1.pth
2026-04-02 21:29:58,626 INFO src.train.trainer: Epoch 1415
2026-04-02 21:29:58,708 INFO src.train.trainer: Last model at epoch 1415 saved to checkpoints/rtpp_20260402-212800/last_model_1.pth
2026-04-02 21:29:58,708 INFO src.train.trainer: Epoch 1416
2026-04-02 21:29:58,792 INFO src.train.trainer: Last model at epoch 1416 saved to checkpoints/rtpp_20260402-212800/last_model_1.pth
2026-04-02 21:29:58,792 INFO src.train.trainer: Epoch 1417
2026-04-02 21:29:58,872 INFO src.train.trainer: Last model at epoch 1417 saved to checkpoints/rtpp_20260402-212800/last_model_1.pth
2026-04-02 21:29:58,872 INFO src.train.trainer: Epoch 1418
2026-04-02 21:29:58,951 INFO src.train.trainer: Last model at epoch 1418 saved to checkpoints/rtpp_20260402-212800/last_model_1.pth
2026-04-02 21:29:58,952 INFO src.train.trainer: Epoch 1419
2026-04-02 21:29:59,039 INFO src.train.trainer: Last model at epoch 1419 saved to checkpoints/rtpp_20260402-212800/last_model_1.pth
2026-04-02 21:29:59,039 INFO src.train.trainer: Epoch 1420
2026-04-02 21:29:59,118 INFO src.train.trainer: Last model at epoch 1420 saved to checkpoints/rtpp_20260402-212800/last_model_1.pth
2026-04-02 21:29:59,118 INFO src.train.trainer: Epoch 1421
2026-04-02 21:29:59,195 INFO src.train.trainer: Last model at epoch 1421 saved to checkpoints/rtpp_20260402-212800/last_model_1.pth
2026-04-02 21:29:59,195 INFO src.train.trainer: Epoch 1422
2026-04-02 21:29:59,274 INFO src.train.trainer: Last model at epoch 1422 saved to checkpoints/rtpp_20260402-212800/last_model_1.pth
2026-04-02 21:29:59,274 INFO src.train.trainer: Epoch 1423
2026-04-02 21:29:59,352 INFO src.train.trainer: Last model at epoch 1423 saved to checkpoints/rtpp_20260402-212800/last_model_1.pth
2026-04-02 21:29:59,352 INFO src.train.trainer: Epoch 1424
2026-04-02 21:29:59,431 INFO src.train.trainer: Last model at epoch 1424 saved to checkpoints/rtpp_20260402-212800/last_model_1.pth
2026-04-02 21:29:59,431 INFO src.train.trainer: Epoch 1425
2026-04-02 21:29:59,510 INFO src.train.trainer: Last model at epoch 1425 saved to checkpoints/rtpp_20260402-212800/last_model_1.pth
2026-04-02 21:29:59,510 INFO src.train.trainer: Epoch 1426
2026-04-02 21:29:59,590 INFO src.train.trainer: Last model at epoch 1426 saved to checkpoints/rtpp_20260402-212800/last_model_1.pth
2026-04-02 21:29:59,590 INFO src.train.trainer: Epoch 1427
2026-04-02 21:29:59,671 INFO src.train.trainer: Last model at epoch 1427 saved to checkpoints/rtpp_20260402-212800/last_model_1.pth
2026-04-02 21:29:59,671 INFO src.train.trainer: Epoch 1428
2026-04-02 21:29:59,751 INFO src.train.trainer: Last model at epoch 1428 saved to checkpoints/rtpp_20260402-212800/last_model_1.pth
2026-04-02 21:29:59,751 INFO src.train.trainer: Epoch 1429
2026-04-02 21:29:59,830 INFO src.train.trainer: Last model at epoch 1429 saved to checkpoints/rtpp_20260402-212800/last_model_1.pth
2026-04-02 21:29:59,830 INFO src.train.trainer: Epoch 1430
2026-04-02 21:29:59,910 INFO src.train.trainer: Last model at epoch 1430 saved to checkpoints/rtpp_20260402-212800/last_model_1.pth
2026-04-02 21:29:59,910 INFO src.train.trainer: Epoch 1431
2026-04-02 21:29:59,989 INFO src.train.trainer: Last model at epoch 1431 saved to checkpoints/rtpp_20260402-212800/last_model_1.pth
2026-04-02 21:29:59,989 INFO src.train.trainer: Epoch 1432
2026-04-02 21:30:00,072 INFO src.train.trainer: Last model at epoch 1432 saved to checkpoints/rtpp_20260402-212800/last_model_1.pth
2026-04-02 21:30:00,072 INFO src.train.trainer: Epoch 1433
2026-04-02 21:30:00,154 INFO src.train.trainer: Last model at epoch 1433 saved to checkpoints/rtpp_20260402-212800/last_model_1.pth
2026-04-02 21:30:00,154 INFO src.train.trainer: Epoch 1434
2026-04-02 21:30:00,239 INFO src.train.trainer: Last model at epoch 1434 saved to checkpoints/rtpp_20260402-212800/last_model_1.pth
2026-04-02 21:30:00,239 INFO src.train.trainer: Epoch 1435
2026-04-02 21:30:00,320 INFO src.train.trainer: Last model at epoch 1435 saved to checkpoints/rtpp_20260402-212800/last_model_1.pth
2026-04-02 21:30:00,320 INFO src.train.trainer: Epoch 1436
2026-04-02 21:30:00,403 INFO src.train.trainer: Last model at epoch 1436 saved to checkpoints/rtpp_20260402-212800/last_model_1.pth
2026-04-02 21:30:00,403 INFO src.train.trainer: Epoch 1437
2026-04-02 21:30:00,485 INFO src.train.trainer: Last model at epoch 1437 saved to checkpoints/rtpp_20260402-212800/last_model_1.pth
2026-04-02 21:30:00,485 INFO src.train.trainer: Epoch 1438
2026-04-02 21:30:00,566 INFO src.train.trainer: Last model at epoch 1438 saved to checkpoints/rtpp_20260402-212800/last_model_1.pth
2026-04-02 21:30:00,566 INFO src.train.trainer: Epoch 1439
2026-04-02 21:30:00,648 INFO src.train.trainer: Last model at epoch 1439 saved to checkpoints/rtpp_20260402-212800/last_model_1.pth
2026-04-02 21:30:00,648 INFO src.train.trainer: Epoch 1440
2026-04-02 21:30:00,729 INFO src.train.trainer: Last model at epoch 1440 saved to checkpoints/rtpp_20260402-212800/last_model_1.pth
2026-04-02 21:30:00,729 INFO src.train.trainer: Epoch 1441
2026-04-02 21:30:00,811 INFO src.train.trainer: Last model at epoch 1441 saved to checkpoints/rtpp_20260402-212800/last_model_1.pth
2026-04-02 21:30:00,811 INFO src.train.trainer: Epoch 1442
2026-04-02 21:30:00,896 INFO src.train.trainer: Last model at epoch 1442 saved to checkpoints/rtpp_20260402-212800/last_model_1.pth
2026-04-02 21:30:00,896 INFO src.train.trainer: Epoch 1443
2026-04-02 21:30:00,978 INFO src.train.trainer: Last model at epoch 1443 saved to checkpoints/rtpp_20260402-212800/last_model_1.pth
2026-04-02 21:30:00,978 INFO src.train.trainer: Epoch 1444
2026-04-02 21:30:01,066 INFO src.train.trainer: Last model at epoch 1444 saved to checkpoints/rtpp_20260402-212800/last_model_1.pth
2026-04-02 21:30:01,066 INFO src.train.trainer: Epoch 1445
2026-04-02 21:30:01,150 INFO src.train.trainer: Last model at epoch 1445 saved to checkpoints/rtpp_20260402-212800/last_model_1.pth
2026-04-02 21:30:01,150 INFO src.train.trainer: Epoch 1446
2026-04-02 21:30:01,234 INFO src.train.trainer: Last model at epoch 1446 saved to checkpoints/rtpp_20260402-212800/last_model_1.pth
2026-04-02 21:30:01,234 INFO src.train.trainer: Epoch 1447
2026-04-02 21:30:01,316 INFO src.train.trainer: Last model at epoch 1447 saved to checkpoints/rtpp_20260402-212800/last_model_1.pth
2026-04-02 21:30:01,316 INFO src.train.trainer: Epoch 1448
2026-04-02 21:30:01,395 INFO src.train.trainer: Last model at epoch 1448 saved to checkpoints/rtpp_20260402-212800/last_model_1.pth
2026-04-02 21:30:01,395 INFO src.train.trainer: Epoch 1449
2026-04-02 21:30:01,477 INFO src.train.trainer: Last model at epoch 1449 saved to checkpoints/rtpp_20260402-212800/last_model_1.pth
2026-04-02 21:30:01,477 INFO src.train.trainer: Epoch 1450
2026-04-02 21:30:01,556 INFO src.train.trainer: Last model at epoch 1450 saved to checkpoints/rtpp_20260402-212800/last_model_1.pth
2026-04-02 21:30:01,557 INFO src.train.trainer: Epoch 1451
2026-04-02 21:30:01,637 INFO src.train.trainer: Last model at epoch 1451 saved to checkpoints/rtpp_20260402-212800/last_model_1.pth
2026-04-02 21:30:01,637 INFO src.train.trainer: Epoch 1452
2026-04-02 21:30:01,719 INFO src.train.trainer: Last model at epoch 1452 saved to checkpoints/rtpp_20260402-212800/last_model_1.pth
2026-04-02 21:30:01,719 INFO src.train.trainer: Epoch 1453
2026-04-02 21:30:01,798 INFO src.train.trainer: Last model at epoch 1453 saved to checkpoints/rtpp_20260402-212800/last_model_1.pth
2026-04-02 21:30:01,798 INFO src.train.trainer: Epoch 1454
2026-04-02 21:30:01,878 INFO src.train.trainer: Last model at epoch 1454 saved to checkpoints/rtpp_20260402-212800/last_model_1.pth
2026-04-02 21:30:01,878 INFO src.train.trainer: Epoch 1455
2026-04-02 21:30:01,959 INFO src.train.trainer: Last model at epoch 1455 saved to checkpoints/rtpp_20260402-212800/last_model_1.pth
2026-04-02 21:30:01,960 INFO src.train.trainer: Epoch 1456
2026-04-02 21:30:02,041 INFO src.train.trainer: Last model at epoch 1456 saved to checkpoints/rtpp_20260402-212800/last_model_1.pth
2026-04-02 21:30:02,041 INFO src.train.trainer: Epoch 1457
2026-04-02 21:30:02,121 INFO src.train.trainer: Last model at epoch 1457 saved to checkpoints/rtpp_20260402-212800/last_model_1.pth
2026-04-02 21:30:02,121 INFO src.train.trainer: Epoch 1458
2026-04-02 21:30:02,202 INFO src.train.trainer: Last model at epoch 1458 saved to checkpoints/rtpp_20260402-212800/last_model_1.pth
2026-04-02 21:30:02,202 INFO src.train.trainer: Epoch 1459
2026-04-02 21:30:02,283 INFO src.train.trainer: Last model at epoch 1459 saved to checkpoints/rtpp_20260402-212800/last_model_1.pth
2026-04-02 21:30:02,283 INFO src.train.trainer: Epoch 1460
2026-04-02 21:30:02,364 INFO src.train.trainer: Last model at epoch 1460 saved to checkpoints/rtpp_20260402-212800/last_model_1.pth
2026-04-02 21:30:02,364 INFO src.train.trainer: Epoch 1461
2026-04-02 21:30:02,444 INFO src.train.trainer: Last model at epoch 1461 saved to checkpoints/rtpp_20260402-212800/last_model_1.pth
2026-04-02 21:30:02,444 INFO src.train.trainer: Epoch 1462
2026-04-02 21:30:02,525 INFO src.train.trainer: Last model at epoch 1462 saved to checkpoints/rtpp_20260402-212800/last_model_1.pth
2026-04-02 21:30:02,525 INFO src.train.trainer: Epoch 1463
2026-04-02 21:30:02,606 INFO src.train.trainer: Last model at epoch 1463 saved to checkpoints/rtpp_20260402-212800/last_model_1.pth
2026-04-02 21:30:02,606 INFO src.train.trainer: Epoch 1464
2026-04-02 21:30:02,689 INFO src.train.trainer: Last model at epoch 1464 saved to checkpoints/rtpp_20260402-212800/last_model_1.pth
2026-04-02 21:30:02,689 INFO src.train.trainer: Epoch 1465
2026-04-02 21:30:02,772 INFO src.train.trainer: Last model at epoch 1465 saved to checkpoints/rtpp_20260402-212800/last_model_1.pth
2026-04-02 21:30:02,772 INFO src.train.trainer: Epoch 1466
2026-04-02 21:30:02,852 INFO src.train.trainer: Last model at epoch 1466 saved to checkpoints/rtpp_20260402-212800/last_model_1.pth
2026-04-02 21:30:02,853 INFO src.train.trainer: Epoch 1467
2026-04-02 21:30:02,936 INFO src.train.trainer: Last model at epoch 1467 saved to checkpoints/rtpp_20260402-212800/last_model_1.pth
2026-04-02 21:30:02,936 INFO src.train.trainer: Epoch 1468
2026-04-02 21:30:03,022 INFO src.train.trainer: Last model at epoch 1468 saved to checkpoints/rtpp_20260402-212800/last_model_1.pth
2026-04-02 21:30:03,022 INFO src.train.trainer: Epoch 1469
2026-04-02 21:30:03,102 INFO src.train.trainer: Last model at epoch 1469 saved to checkpoints/rtpp_20260402-212800/last_model_1.pth
2026-04-02 21:30:03,103 INFO src.train.trainer: Epoch 1470
2026-04-02 21:30:03,182 INFO src.train.trainer: Last model at epoch 1470 saved to checkpoints/rtpp_20260402-212800/last_model_1.pth
2026-04-02 21:30:03,182 INFO src.train.trainer: Epoch 1471
2026-04-02 21:30:03,263 INFO src.train.trainer: Last model at epoch 1471 saved to checkpoints/rtpp_20260402-212800/last_model_1.pth
2026-04-02 21:30:03,263 INFO src.train.trainer: Epoch 1472
2026-04-02 21:30:03,343 INFO src.train.trainer: Last model at epoch 1472 saved to checkpoints/rtpp_20260402-212800/last_model_1.pth
2026-04-02 21:30:03,344 INFO src.train.trainer: Epoch 1473
2026-04-02 21:30:03,427 INFO src.train.trainer: Last model at epoch 1473 saved to checkpoints/rtpp_20260402-212800/last_model_1.pth
2026-04-02 21:30:03,427 INFO src.train.trainer: Epoch 1474
2026-04-02 21:30:03,509 INFO src.train.trainer: Last model at epoch 1474 saved to checkpoints/rtpp_20260402-212800/last_model_1.pth
2026-04-02 21:30:03,509 INFO src.train.trainer: Epoch 1475
2026-04-02 21:30:03,590 INFO src.train.trainer: Last model at epoch 1475 saved to checkpoints/rtpp_20260402-212800/last_model_1.pth
2026-04-02 21:30:03,590 INFO src.train.trainer: Epoch 1476
2026-04-02 21:30:03,670 INFO src.train.trainer: Last model at epoch 1476 saved to checkpoints/rtpp_20260402-212800/last_model_1.pth
2026-04-02 21:30:03,670 INFO src.train.trainer: Epoch 1477
2026-04-02 21:30:03,752 INFO src.train.trainer: Last model at epoch 1477 saved to checkpoints/rtpp_20260402-212800/last_model_1.pth
2026-04-02 21:30:03,753 INFO src.train.trainer: Epoch 1478
2026-04-02 21:30:03,833 INFO src.train.trainer: Last model at epoch 1478 saved to checkpoints/rtpp_20260402-212800/last_model_1.pth
2026-04-02 21:30:03,833 INFO src.train.trainer: Epoch 1479
2026-04-02 21:30:03,914 INFO src.train.trainer: Last model at epoch 1479 saved to checkpoints/rtpp_20260402-212800/last_model_1.pth
2026-04-02 21:30:03,914 INFO src.train.trainer: Epoch 1480
2026-04-02 21:30:03,993 INFO src.train.trainer: Last model at epoch 1480 saved to checkpoints/rtpp_20260402-212800/last_model_1.pth
2026-04-02 21:30:03,993 INFO src.train.trainer: Epoch 1481
2026-04-02 21:30:04,076 INFO src.train.trainer: Last model at epoch 1481 saved to checkpoints/rtpp_20260402-212800/last_model_1.pth
2026-04-02 21:30:04,077 INFO src.train.trainer: Epoch 1482
2026-04-02 21:30:04,157 INFO src.train.trainer: Last model at epoch 1482 saved to checkpoints/rtpp_20260402-212800/last_model_1.pth
2026-04-02 21:30:04,157 INFO src.train.trainer: Epoch 1483
2026-04-02 21:30:04,236 INFO src.train.trainer: Last model at epoch 1483 saved to checkpoints/rtpp_20260402-212800/last_model_1.pth
2026-04-02 21:30:04,236 INFO src.train.trainer: Epoch 1484
2026-04-02 21:30:04,318 INFO src.train.trainer: Last model at epoch 1484 saved to checkpoints/rtpp_20260402-212800/last_model_1.pth
2026-04-02 21:30:04,319 INFO src.train.trainer: Epoch 1485
2026-04-02 21:30:04,401 INFO src.train.trainer: Last model at epoch 1485 saved to checkpoints/rtpp_20260402-212800/last_model_1.pth
2026-04-02 21:30:04,401 INFO src.train.trainer: Epoch 1486
2026-04-02 21:30:04,481 INFO src.train.trainer: Last model at epoch 1486 saved to checkpoints/rtpp_20260402-212800/last_model_1.pth
2026-04-02 21:30:04,481 INFO src.train.trainer: Epoch 1487
2026-04-02 21:30:04,561 INFO src.train.trainer: Last model at epoch 1487 saved to checkpoints/rtpp_20260402-212800/last_model_1.pth
2026-04-02 21:30:04,561 INFO src.train.trainer: Epoch 1488
2026-04-02 21:30:04,644 INFO src.train.trainer: Last model at epoch 1488 saved to checkpoints/rtpp_20260402-212800/last_model_1.pth
2026-04-02 21:30:04,644 INFO src.train.trainer: Epoch 1489
2026-04-02 21:30:04,725 INFO src.train.trainer: Last model at epoch 1489 saved to checkpoints/rtpp_20260402-212800/last_model_1.pth
2026-04-02 21:30:04,725 INFO src.train.trainer: Epoch 1490
2026-04-02 21:30:04,808 INFO src.train.trainer: Last model at epoch 1490 saved to checkpoints/rtpp_20260402-212800/last_model_1.pth
2026-04-02 21:30:04,808 INFO src.train.trainer: Epoch 1491
2026-04-02 21:30:04,888 INFO src.train.trainer: Last model at epoch 1491 saved to checkpoints/rtpp_20260402-212800/last_model_1.pth
2026-04-02 21:30:04,888 INFO src.train.trainer: Epoch 1492
2026-04-02 21:30:04,969 INFO src.train.trainer: Last model at epoch 1492 saved to checkpoints/rtpp_20260402-212800/last_model_1.pth
2026-04-02 21:30:04,969 INFO src.train.trainer: Epoch 1493
2026-04-02 21:30:05,052 INFO src.train.trainer: Last model at epoch 1493 saved to checkpoints/rtpp_20260402-212800/last_model_1.pth
2026-04-02 21:30:05,052 INFO src.train.trainer: Epoch 1494
2026-04-02 21:30:05,135 INFO src.train.trainer: Last model at epoch 1494 saved to checkpoints/rtpp_20260402-212800/last_model_1.pth
2026-04-02 21:30:05,135 INFO src.train.trainer: Epoch 1495
2026-04-02 21:30:05,214 INFO src.train.trainer: Last model at epoch 1495 saved to checkpoints/rtpp_20260402-212800/last_model_1.pth
2026-04-02 21:30:05,214 INFO src.train.trainer: Epoch 1496
2026-04-02 21:30:05,293 INFO src.train.trainer: Last model at epoch 1496 saved to checkpoints/rtpp_20260402-212800/last_model_1.pth
2026-04-02 21:30:05,293 INFO src.train.trainer: Epoch 1497
2026-04-02 21:30:05,376 INFO src.train.trainer: Last model at epoch 1497 saved to checkpoints/rtpp_20260402-212800/last_model_1.pth
2026-04-02 21:30:05,376 INFO src.train.trainer: Epoch 1498
2026-04-02 21:30:05,459 INFO src.train.trainer: Last model at epoch 1498 saved to checkpoints/rtpp_20260402-212800/last_model_1.pth
2026-04-02 21:30:05,459 INFO src.train.trainer: Epoch 1499
2026-04-02 21:30:05,543 INFO src.train.trainer: Last model at epoch 1499 saved to checkpoints/rtpp_20260402-212800/last_model_1.pth
2026-04-02 21:30:05,543 INFO src.train.trainer: Epoch 1500
2026-04-02 21:30:05,624 INFO src.train.trainer: Last model at epoch 1500 saved to checkpoints/rtpp_20260402-212800/last_model_1.pth
2026-04-02 21:30:05,624 INFO src.train.trainer: Epoch 1501
2026-04-02 21:30:05,707 INFO src.train.trainer: Last model at epoch 1501 saved to checkpoints/rtpp_20260402-212800/last_model_1.pth
2026-04-02 21:30:05,707 INFO src.train.trainer: Epoch 1502
2026-04-02 21:30:05,789 INFO src.train.trainer: Last model at epoch 1502 saved to checkpoints/rtpp_20260402-212800/last_model_1.pth
2026-04-02 21:30:05,789 INFO src.train.trainer: Epoch 1503
2026-04-02 21:30:05,869 INFO src.train.trainer: Last model at epoch 1503 saved to checkpoints/rtpp_20260402-212800/last_model_1.pth
2026-04-02 21:30:05,869 INFO src.train.trainer: Epoch 1504
2026-04-02 21:30:05,949 INFO src.train.trainer: Last model at epoch 1504 saved to checkpoints/rtpp_20260402-212800/last_model_1.pth
2026-04-02 21:30:05,949 INFO src.train.trainer: Epoch 1505
2026-04-02 21:30:06,047 INFO src.train.trainer: Last model at epoch 1505 saved to checkpoints/rtpp_20260402-212800/last_model_1.pth
2026-04-02 21:30:06,047 INFO src.train.trainer: Epoch 1506
2026-04-02 21:30:06,129 INFO src.train.trainer: Last model at epoch 1506 saved to checkpoints/rtpp_20260402-212800/last_model_1.pth
2026-04-02 21:30:06,130 INFO src.train.trainer: Epoch 1507
2026-04-02 21:30:06,212 INFO src.train.trainer: Last model at epoch 1507 saved to checkpoints/rtpp_20260402-212800/last_model_1.pth
2026-04-02 21:30:06,212 INFO src.train.trainer: Epoch 1508
2026-04-02 21:30:06,297 INFO src.train.trainer: Last model at epoch 1508 saved to checkpoints/rtpp_20260402-212800/last_model_1.pth
2026-04-02 21:30:06,297 INFO src.train.trainer: Epoch 1509
2026-04-02 21:30:06,379 INFO src.train.trainer: Last model at epoch 1509 saved to checkpoints/rtpp_20260402-212800/last_model_1.pth
2026-04-02 21:30:06,379 INFO src.train.trainer: Epoch 1510
2026-04-02 21:30:06,461 INFO src.train.trainer: Last model at epoch 1510 saved to checkpoints/rtpp_20260402-212800/last_model_1.pth
2026-04-02 21:30:06,461 INFO src.train.trainer: Epoch 1511
2026-04-02 21:30:06,544 INFO src.train.trainer: Last model at epoch 1511 saved to checkpoints/rtpp_20260402-212800/last_model_1.pth
2026-04-02 21:30:06,544 INFO src.train.trainer: Epoch 1512
2026-04-02 21:30:06,627 INFO src.train.trainer: Last model at epoch 1512 saved to checkpoints/rtpp_20260402-212800/last_model_1.pth
2026-04-02 21:30:06,627 INFO src.train.trainer: Epoch 1513
2026-04-02 21:30:06,711 INFO src.train.trainer: Last model at epoch 1513 saved to checkpoints/rtpp_20260402-212800/last_model_1.pth
2026-04-02 21:30:06,711 INFO src.train.trainer: Epoch 1514
2026-04-02 21:30:06,795 INFO src.train.trainer: Last model at epoch 1514 saved to checkpoints/rtpp_20260402-212800/last_model_1.pth
2026-04-02 21:30:06,795 INFO src.train.trainer: Epoch 1515
2026-04-02 21:30:06,878 INFO src.train.trainer: Last model at epoch 1515 saved to checkpoints/rtpp_20260402-212800/last_model_1.pth
2026-04-02 21:30:06,878 INFO src.train.trainer: Epoch 1516
2026-04-02 21:30:06,962 INFO src.train.trainer: Last model at epoch 1516 saved to checkpoints/rtpp_20260402-212800/last_model_1.pth
2026-04-02 21:30:06,962 INFO src.train.trainer: Epoch 1517
2026-04-02 21:30:07,044 INFO src.train.trainer: Last model at epoch 1517 saved to checkpoints/rtpp_20260402-212800/last_model_1.pth
2026-04-02 21:30:07,045 INFO src.train.trainer: Epoch 1518
2026-04-02 21:30:07,129 INFO src.train.trainer: Last model at epoch 1518 saved to checkpoints/rtpp_20260402-212800/last_model_1.pth
2026-04-02 21:30:07,129 INFO src.train.trainer: Epoch 1519
2026-04-02 21:30:07,212 INFO src.train.trainer: Last model at epoch 1519 saved to checkpoints/rtpp_20260402-212800/last_model_1.pth
2026-04-02 21:30:07,213 INFO src.train.trainer: Epoch 1520
2026-04-02 21:30:07,296 INFO src.train.trainer: Last model at epoch 1520 saved to checkpoints/rtpp_20260402-212800/last_model_1.pth
2026-04-02 21:30:07,296 INFO src.train.trainer: Epoch 1521
2026-04-02 21:30:07,383 INFO src.train.trainer: Last model at epoch 1521 saved to checkpoints/rtpp_20260402-212800/last_model_1.pth
2026-04-02 21:30:07,383 INFO src.train.trainer: Epoch 1522
2026-04-02 21:30:07,470 INFO src.train.trainer: Last model at epoch 1522 saved to checkpoints/rtpp_20260402-212800/last_model_1.pth
2026-04-02 21:30:07,470 INFO src.train.trainer: Epoch 1523
2026-04-02 21:30:07,552 INFO src.train.trainer: Last model at epoch 1523 saved to checkpoints/rtpp_20260402-212800/last_model_1.pth
2026-04-02 21:30:07,553 INFO src.train.trainer: Epoch 1524
2026-04-02 21:30:07,634 INFO src.train.trainer: Last model at epoch 1524 saved to checkpoints/rtpp_20260402-212800/last_model_1.pth
2026-04-02 21:30:07,634 INFO src.train.trainer: Epoch 1525
2026-04-02 21:30:07,718 INFO src.train.trainer: Last model at epoch 1525 saved to checkpoints/rtpp_20260402-212800/last_model_1.pth
2026-04-02 21:30:07,718 INFO src.train.trainer: Epoch 1526
2026-04-02 21:30:07,802 INFO src.train.trainer: Last model at epoch 1526 saved to checkpoints/rtpp_20260402-212800/last_model_1.pth
2026-04-02 21:30:07,802 INFO src.train.trainer: Epoch 1527
2026-04-02 21:30:07,883 INFO src.train.trainer: Last model at epoch 1527 saved to checkpoints/rtpp_20260402-212800/last_model_1.pth
2026-04-02 21:30:07,884 INFO src.train.trainer: Epoch 1528
2026-04-02 21:30:07,965 INFO src.train.trainer: Last model at epoch 1528 saved to checkpoints/rtpp_20260402-212800/last_model_1.pth
2026-04-02 21:30:07,965 INFO src.train.trainer: Epoch 1529
2026-04-02 21:30:08,048 INFO src.train.trainer: Last model at epoch 1529 saved to checkpoints/rtpp_20260402-212800/last_model_1.pth
2026-04-02 21:30:08,048 INFO src.train.trainer: Epoch 1530
2026-04-02 21:30:08,132 INFO src.train.trainer: Last model at epoch 1530 saved to checkpoints/rtpp_20260402-212800/last_model_1.pth
2026-04-02 21:30:08,132 INFO src.train.trainer: Epoch 1531
2026-04-02 21:30:08,223 INFO src.train.trainer: Last model at epoch 1531 saved to checkpoints/rtpp_20260402-212800/last_model_1.pth
2026-04-02 21:30:08,223 INFO src.train.trainer: Epoch 1532
2026-04-02 21:30:08,312 INFO src.train.trainer: Last model at epoch 1532 saved to checkpoints/rtpp_20260402-212800/last_model_1.pth
2026-04-02 21:30:08,312 INFO src.train.trainer: Epoch 1533
2026-04-02 21:30:08,389 INFO src.train.trainer: Last model at epoch 1533 saved to checkpoints/rtpp_20260402-212800/last_model_1.pth
2026-04-02 21:30:08,389 INFO src.train.trainer: Epoch 1534
2026-04-02 21:30:08,475 INFO src.train.trainer: Last model at epoch 1534 saved to checkpoints/rtpp_20260402-212800/last_model_1.pth
2026-04-02 21:30:08,475 INFO src.train.trainer: Epoch 1535
2026-04-02 21:30:08,558 INFO src.train.trainer: Last model at epoch 1535 saved to checkpoints/rtpp_20260402-212800/last_model_1.pth
2026-04-02 21:30:08,558 INFO src.train.trainer: Epoch 1536
2026-04-02 21:30:08,639 INFO src.train.trainer: Last model at epoch 1536 saved to checkpoints/rtpp_20260402-212800/last_model_1.pth
2026-04-02 21:30:08,640 INFO src.train.trainer: Epoch 1537
2026-04-02 21:30:08,716 INFO src.train.trainer: Last model at epoch 1537 saved to checkpoints/rtpp_20260402-212800/last_model_1.pth
2026-04-02 21:30:08,716 INFO src.train.trainer: Epoch 1538
2026-04-02 21:30:08,794 INFO src.train.trainer: Last model at epoch 1538 saved to checkpoints/rtpp_20260402-212800/last_model_1.pth
2026-04-02 21:30:08,794 INFO src.train.trainer: Epoch 1539
2026-04-02 21:30:08,859 INFO src.train.trainer: Last model at epoch 1539 saved to checkpoints/rtpp_20260402-212800/last_model_1.pth
2026-04-02 21:30:08,859 INFO src.train.trainer: Epoch 1540
2026-04-02 21:30:08,933 INFO src.train.trainer: Last model at epoch 1540 saved to checkpoints/rtpp_20260402-212800/last_model_1.pth
2026-04-02 21:30:08,934 INFO src.train.trainer: Epoch 1541
2026-04-02 21:30:09,009 INFO src.train.trainer: Last model at epoch 1541 saved to checkpoints/rtpp_20260402-212800/last_model_1.pth
2026-04-02 21:30:09,009 INFO src.train.trainer: Epoch 1542
2026-04-02 21:30:09,085 INFO src.train.trainer: Last model at epoch 1542 saved to checkpoints/rtpp_20260402-212800/last_model_1.pth
2026-04-02 21:30:09,085 INFO src.train.trainer: Epoch 1543
2026-04-02 21:30:09,161 INFO src.train.trainer: Last model at epoch 1543 saved to checkpoints/rtpp_20260402-212800/last_model_1.pth
2026-04-02 21:30:09,161 INFO src.train.trainer: Epoch 1544
2026-04-02 21:30:09,236 INFO src.train.trainer: Last model at epoch 1544 saved to checkpoints/rtpp_20260402-212800/last_model_1.pth
2026-04-02 21:30:09,236 INFO src.train.trainer: Epoch 1545
2026-04-02 21:30:09,302 INFO src.train.trainer: Last model at epoch 1545 saved to checkpoints/rtpp_20260402-212800/last_model_1.pth
2026-04-02 21:30:09,302 INFO src.train.trainer: Epoch 1546
2026-04-02 21:30:09,367 INFO src.train.trainer: Last model at epoch 1546 saved to checkpoints/rtpp_20260402-212800/last_model_1.pth
2026-04-02 21:30:09,367 INFO src.train.trainer: Epoch 1547
2026-04-02 21:30:09,431 INFO src.train.trainer: Last model at epoch 1547 saved to checkpoints/rtpp_20260402-212800/last_model_1.pth
2026-04-02 21:30:09,431 INFO src.train.trainer: Epoch 1548
2026-04-02 21:30:09,494 INFO src.train.trainer: Last model at epoch 1548 saved to checkpoints/rtpp_20260402-212800/last_model_1.pth
2026-04-02 21:30:09,494 INFO src.train.trainer: Epoch 1549
2026-04-02 21:30:09,558 INFO src.train.trainer: Last model at epoch 1549 saved to checkpoints/rtpp_20260402-212800/last_model_1.pth
2026-04-02 21:30:09,559 INFO src.train.trainer: Epoch 1550
2026-04-02 21:30:09,623 INFO src.train.trainer: Last model at epoch 1550 saved to checkpoints/rtpp_20260402-212800/last_model_1.pth
2026-04-02 21:30:09,623 INFO src.train.trainer: Epoch 1551
2026-04-02 21:30:09,687 INFO src.train.trainer: Last model at epoch 1551 saved to checkpoints/rtpp_20260402-212800/last_model_1.pth
2026-04-02 21:30:09,687 INFO src.train.trainer: Epoch 1552
2026-04-02 21:30:09,752 INFO src.train.trainer: Last model at epoch 1552 saved to checkpoints/rtpp_20260402-212800/last_model_1.pth
2026-04-02 21:30:09,753 INFO src.train.trainer: Epoch 1553
2026-04-02 21:30:09,819 INFO src.train.trainer: Last model at epoch 1553 saved to checkpoints/rtpp_20260402-212800/last_model_1.pth
2026-04-02 21:30:09,819 INFO src.train.trainer: Epoch 1554
2026-04-02 21:30:09,883 INFO src.train.trainer: Last model at epoch 1554 saved to checkpoints/rtpp_20260402-212800/last_model_1.pth
2026-04-02 21:30:09,883 INFO src.train.trainer: Epoch 1555
2026-04-02 21:30:09,953 INFO src.train.trainer: Last model at epoch 1555 saved to checkpoints/rtpp_20260402-212800/last_model_1.pth
2026-04-02 21:30:09,953 INFO src.train.trainer: Epoch 1556
2026-04-02 21:30:10,017 INFO src.train.trainer: Last model at epoch 1556 saved to checkpoints/rtpp_20260402-212800/last_model_1.pth
2026-04-02 21:30:10,017 INFO src.train.trainer: Epoch 1557
2026-04-02 21:30:10,084 INFO src.train.trainer: Last model at epoch 1557 saved to checkpoints/rtpp_20260402-212800/last_model_1.pth
2026-04-02 21:30:10,084 INFO src.train.trainer: Epoch 1558
2026-04-02 21:30:10,148 INFO src.train.trainer: Last model at epoch 1558 saved to checkpoints/rtpp_20260402-212800/last_model_1.pth
2026-04-02 21:30:10,149 INFO src.train.trainer: Epoch 1559
2026-04-02 21:30:10,213 INFO src.train.trainer: Last model at epoch 1559 saved to checkpoints/rtpp_20260402-212800/last_model_1.pth
2026-04-02 21:30:10,213 INFO src.train.trainer: Epoch 1560
2026-04-02 21:30:10,276 INFO src.train.trainer: Last model at epoch 1560 saved to checkpoints/rtpp_20260402-212800/last_model_1.pth
2026-04-02 21:30:10,276 INFO src.train.trainer: Epoch 1561
2026-04-02 21:30:10,340 INFO src.train.trainer: Last model at epoch 1561 saved to checkpoints/rtpp_20260402-212800/last_model_1.pth
2026-04-02 21:30:10,340 INFO src.train.trainer: Epoch 1562
2026-04-02 21:30:10,404 INFO src.train.trainer: Last model at epoch 1562 saved to checkpoints/rtpp_20260402-212800/last_model_1.pth
2026-04-02 21:30:10,404 INFO src.train.trainer: Epoch 1563
2026-04-02 21:30:10,472 INFO src.train.trainer: Last model at epoch 1563 saved to checkpoints/rtpp_20260402-212800/last_model_1.pth
2026-04-02 21:30:10,472 INFO src.train.trainer: Epoch 1564
2026-04-02 21:30:10,547 INFO src.train.trainer: Last model at epoch 1564 saved to checkpoints/rtpp_20260402-212800/last_model_1.pth
2026-04-02 21:30:10,548 INFO src.train.trainer: Epoch 1565
2026-04-02 21:30:10,624 INFO src.train.trainer: Last model at epoch 1565 saved to checkpoints/rtpp_20260402-212800/last_model_1.pth
2026-04-02 21:30:10,624 INFO src.train.trainer: Epoch 1566
2026-04-02 21:30:10,704 INFO src.train.trainer: Last model at epoch 1566 saved to checkpoints/rtpp_20260402-212800/last_model_1.pth
2026-04-02 21:30:10,704 INFO src.train.trainer: Epoch 1567
2026-04-02 21:30:10,788 INFO src.train.trainer: Last model at epoch 1567 saved to checkpoints/rtpp_20260402-212800/last_model_1.pth
2026-04-02 21:30:10,788 INFO src.train.trainer: Epoch 1568
2026-04-02 21:30:10,871 INFO src.train.trainer: Last model at epoch 1568 saved to checkpoints/rtpp_20260402-212800/last_model_1.pth
2026-04-02 21:30:10,871 INFO src.train.trainer: Epoch 1569
2026-04-02 21:30:10,952 INFO src.train.trainer: Last model at epoch 1569 saved to checkpoints/rtpp_20260402-212800/last_model_1.pth
2026-04-02 21:30:10,952 INFO src.train.trainer: Epoch 1570
2026-04-02 21:30:11,030 INFO src.train.trainer: Last model at epoch 1570 saved to checkpoints/rtpp_20260402-212800/last_model_1.pth
2026-04-02 21:30:11,030 INFO src.train.trainer: Epoch 1571
2026-04-02 21:30:11,107 INFO src.train.trainer: Last model at epoch 1571 saved to checkpoints/rtpp_20260402-212800/last_model_1.pth
2026-04-02 21:30:11,107 INFO src.train.trainer: Epoch 1572
2026-04-02 21:30:11,186 INFO src.train.trainer: Last model at epoch 1572 saved to checkpoints/rtpp_20260402-212800/last_model_1.pth
2026-04-02 21:30:11,186 INFO src.train.trainer: Epoch 1573
2026-04-02 21:30:11,263 INFO src.train.trainer: Last model at epoch 1573 saved to checkpoints/rtpp_20260402-212800/last_model_1.pth
2026-04-02 21:30:11,263 INFO src.train.trainer: Epoch 1574
2026-04-02 21:30:11,343 INFO src.train.trainer: Last model at epoch 1574 saved to checkpoints/rtpp_20260402-212800/last_model_1.pth
2026-04-02 21:30:11,343 INFO src.train.trainer: Epoch 1575
2026-04-02 21:30:11,424 INFO src.train.trainer: Last model at epoch 1575 saved to checkpoints/rtpp_20260402-212800/last_model_1.pth
2026-04-02 21:30:11,424 INFO src.train.trainer: Epoch 1576
2026-04-02 21:30:11,504 INFO src.train.trainer: Last model at epoch 1576 saved to checkpoints/rtpp_20260402-212800/last_model_1.pth
2026-04-02 21:30:11,505 INFO src.train.trainer: Epoch 1577
2026-04-02 21:30:11,587 INFO src.train.trainer: Last model at epoch 1577 saved to checkpoints/rtpp_20260402-212800/last_model_1.pth
2026-04-02 21:30:11,587 INFO src.train.trainer: Epoch 1578
2026-04-02 21:30:11,676 INFO src.train.trainer: Last model at epoch 1578 saved to checkpoints/rtpp_20260402-212800/last_model_1.pth
2026-04-02 21:30:11,676 INFO src.train.trainer: Epoch 1579
2026-04-02 21:30:11,758 INFO src.train.trainer: Last model at epoch 1579 saved to checkpoints/rtpp_20260402-212800/last_model_1.pth
2026-04-02 21:30:11,758 INFO src.train.trainer: Epoch 1580
2026-04-02 21:30:11,843 INFO src.train.trainer: Last model at epoch 1580 saved to checkpoints/rtpp_20260402-212800/last_model_1.pth
2026-04-02 21:30:11,843 INFO src.train.trainer: Epoch 1581
2026-04-02 21:30:11,928 INFO src.train.trainer: Last model at epoch 1581 saved to checkpoints/rtpp_20260402-212800/last_model_1.pth
2026-04-02 21:30:11,928 INFO src.train.trainer: Epoch 1582
2026-04-02 21:30:12,012 INFO src.train.trainer: Last model at epoch 1582 saved to checkpoints/rtpp_20260402-212800/last_model_1.pth
2026-04-02 21:30:12,012 INFO src.train.trainer: Epoch 1583
2026-04-02 21:30:12,093 INFO src.train.trainer: Last model at epoch 1583 saved to checkpoints/rtpp_20260402-212800/last_model_1.pth
2026-04-02 21:30:12,093 INFO src.train.trainer: Epoch 1584
2026-04-02 21:30:12,174 INFO src.train.trainer: Last model at epoch 1584 saved to checkpoints/rtpp_20260402-212800/last_model_1.pth
2026-04-02 21:30:12,175 INFO src.train.trainer: Epoch 1585
2026-04-02 21:30:12,255 INFO src.train.trainer: Last model at epoch 1585 saved to checkpoints/rtpp_20260402-212800/last_model_1.pth
2026-04-02 21:30:12,255 INFO src.train.trainer: Epoch 1586
2026-04-02 21:30:12,336 INFO src.train.trainer: Last model at epoch 1586 saved to checkpoints/rtpp_20260402-212800/last_model_1.pth
2026-04-02 21:30:12,337 INFO src.train.trainer: Epoch 1587
2026-04-02 21:30:12,425 INFO src.train.trainer: Last model at epoch 1587 saved to checkpoints/rtpp_20260402-212800/last_model_1.pth
2026-04-02 21:30:12,425 INFO src.train.trainer: Epoch 1588
2026-04-02 21:30:12,507 INFO src.train.trainer: Last model at epoch 1588 saved to checkpoints/rtpp_20260402-212800/last_model_1.pth
2026-04-02 21:30:12,507 INFO src.train.trainer: Epoch 1589
2026-04-02 21:30:12,588 INFO src.train.trainer: Last model at epoch 1589 saved to checkpoints/rtpp_20260402-212800/last_model_1.pth
2026-04-02 21:30:12,588 INFO src.train.trainer: Epoch 1590
2026-04-02 21:30:12,671 INFO src.train.trainer: Last model at epoch 1590 saved to checkpoints/rtpp_20260402-212800/last_model_1.pth
2026-04-02 21:30:12,671 INFO src.train.trainer: Epoch 1591
2026-04-02 21:30:12,755 INFO src.train.trainer: Last model at epoch 1591 saved to checkpoints/rtpp_20260402-212800/last_model_1.pth
2026-04-02 21:30:12,755 INFO src.train.trainer: Epoch 1592
2026-04-02 21:30:12,836 INFO src.train.trainer: Last model at epoch 1592 saved to checkpoints/rtpp_20260402-212800/last_model_1.pth
2026-04-02 21:30:12,836 INFO src.train.trainer: Epoch 1593
2026-04-02 21:30:12,917 INFO src.train.trainer: Last model at epoch 1593 saved to checkpoints/rtpp_20260402-212800/last_model_1.pth
2026-04-02 21:30:12,917 INFO src.train.trainer: Epoch 1594
2026-04-02 21:30:13,002 INFO src.train.trainer: Last model at epoch 1594 saved to checkpoints/rtpp_20260402-212800/last_model_1.pth
2026-04-02 21:30:13,002 INFO src.train.trainer: Epoch 1595
2026-04-02 21:30:13,086 INFO src.train.trainer: Last model at epoch 1595 saved to checkpoints/rtpp_20260402-212800/last_model_1.pth
2026-04-02 21:30:13,086 INFO src.train.trainer: Epoch 1596
2026-04-02 21:30:13,172 INFO src.train.trainer: Last model at epoch 1596 saved to checkpoints/rtpp_20260402-212800/last_model_1.pth
2026-04-02 21:30:13,172 INFO src.train.trainer: Epoch 1597
2026-04-02 21:30:13,253 INFO src.train.trainer: Last model at epoch 1597 saved to checkpoints/rtpp_20260402-212800/last_model_1.pth
2026-04-02 21:30:13,253 INFO src.train.trainer: Epoch 1598
2026-04-02 21:30:13,336 INFO src.train.trainer: Last model at epoch 1598 saved to checkpoints/rtpp_20260402-212800/last_model_1.pth
2026-04-02 21:30:13,336 INFO src.train.trainer: Epoch 1599
2026-04-02 21:30:13,419 INFO src.train.trainer: Last model at epoch 1599 saved to checkpoints/rtpp_20260402-212800/last_model_1.pth
2026-04-02 21:30:13,420 INFO src.train.trainer: Epoch 1600
2026-04-02 21:30:13,504 INFO src.train.trainer: Last model at epoch 1600 saved to checkpoints/rtpp_20260402-212800/last_model_1.pth
2026-04-02 21:30:13,504 INFO src.train.trainer: Epoch 1601
2026-04-02 21:30:13,587 INFO src.train.trainer: Last model at epoch 1601 saved to checkpoints/rtpp_20260402-212800/last_model_1.pth
2026-04-02 21:30:13,587 INFO src.train.trainer: Epoch 1602
2026-04-02 21:30:13,670 INFO src.train.trainer: Last model at epoch 1602 saved to checkpoints/rtpp_20260402-212800/last_model_1.pth
2026-04-02 21:30:13,670 INFO src.train.trainer: Epoch 1603
2026-04-02 21:30:13,753 INFO src.train.trainer: Last model at epoch 1603 saved to checkpoints/rtpp_20260402-212800/last_model_1.pth
2026-04-02 21:30:13,753 INFO src.train.trainer: Epoch 1604
2026-04-02 21:30:13,836 INFO src.train.trainer: Last model at epoch 1604 saved to checkpoints/rtpp_20260402-212800/last_model_1.pth
2026-04-02 21:30:13,836 INFO src.train.trainer: Epoch 1605
2026-04-02 21:30:13,919 INFO src.train.trainer: Last model at epoch 1605 saved to checkpoints/rtpp_20260402-212800/last_model_1.pth
2026-04-02 21:30:13,920 INFO src.train.trainer: Epoch 1606
2026-04-02 21:30:14,001 INFO src.train.trainer: Last model at epoch 1606 saved to checkpoints/rtpp_20260402-212800/last_model_1.pth
2026-04-02 21:30:14,001 INFO src.train.trainer: Epoch 1607
2026-04-02 21:30:14,084 INFO src.train.trainer: Last model at epoch 1607 saved to checkpoints/rtpp_20260402-212800/last_model_1.pth
2026-04-02 21:30:14,084 INFO src.train.trainer: Epoch 1608
2026-04-02 21:30:14,168 INFO src.train.trainer: Last model at epoch 1608 saved to checkpoints/rtpp_20260402-212800/last_model_1.pth
2026-04-02 21:30:14,168 INFO src.train.trainer: Epoch 1609
2026-04-02 21:30:14,252 INFO src.train.trainer: Last model at epoch 1609 saved to checkpoints/rtpp_20260402-212800/last_model_1.pth
2026-04-02 21:30:14,252 INFO src.train.trainer: Epoch 1610
2026-04-02 21:30:14,335 INFO src.train.trainer: Last model at epoch 1610 saved to checkpoints/rtpp_20260402-212800/last_model_1.pth
2026-04-02 21:30:14,335 INFO src.train.trainer: Epoch 1611
2026-04-02 21:30:14,419 INFO src.train.trainer: Last model at epoch 1611 saved to checkpoints/rtpp_20260402-212800/last_model_1.pth
2026-04-02 21:30:14,419 INFO src.train.trainer: Epoch 1612
2026-04-02 21:30:14,505 INFO src.train.trainer: Last model at epoch 1612 saved to checkpoints/rtpp_20260402-212800/last_model_1.pth
2026-04-02 21:30:14,505 INFO src.train.trainer: Epoch 1613
2026-04-02 21:30:14,593 INFO src.train.trainer: Last model at epoch 1613 saved to checkpoints/rtpp_20260402-212800/last_model_1.pth
2026-04-02 21:30:14,593 INFO src.train.trainer: Epoch 1614
2026-04-02 21:30:14,676 INFO src.train.trainer: Last model at epoch 1614 saved to checkpoints/rtpp_20260402-212800/last_model_1.pth
2026-04-02 21:30:14,676 INFO src.train.trainer: Epoch 1615
2026-04-02 21:30:14,758 INFO src.train.trainer: Last model at epoch 1615 saved to checkpoints/rtpp_20260402-212800/last_model_1.pth
2026-04-02 21:30:14,758 INFO src.train.trainer: Epoch 1616
2026-04-02 21:30:14,840 INFO src.train.trainer: Last model at epoch 1616 saved to checkpoints/rtpp_20260402-212800/last_model_1.pth
2026-04-02 21:30:14,840 INFO src.train.trainer: Epoch 1617
2026-04-02 21:30:14,921 INFO src.train.trainer: Last model at epoch 1617 saved to checkpoints/rtpp_20260402-212800/last_model_1.pth
2026-04-02 21:30:14,921 INFO src.train.trainer: Epoch 1618
2026-04-02 21:30:15,003 INFO src.train.trainer: Last model at epoch 1618 saved to checkpoints/rtpp_20260402-212800/last_model_1.pth
2026-04-02 21:30:15,003 INFO src.train.trainer: Epoch 1619
2026-04-02 21:30:15,076 INFO src.train.trainer: Last model at epoch 1619 saved to checkpoints/rtpp_20260402-212800/last_model_1.pth
2026-04-02 21:30:15,076 INFO src.train.trainer: Epoch 1620
2026-04-02 21:30:15,145 INFO src.train.trainer: Last model at epoch 1620 saved to checkpoints/rtpp_20260402-212800/last_model_1.pth
2026-04-02 21:30:15,145 INFO src.train.trainer: Epoch 1621
2026-04-02 21:30:15,220 INFO src.train.trainer: Last model at epoch 1621 saved to checkpoints/rtpp_20260402-212800/last_model_1.pth
2026-04-02 21:30:15,220 INFO src.train.trainer: Epoch 1622
2026-04-02 21:30:15,297 INFO src.train.trainer: Last model at epoch 1622 saved to checkpoints/rtpp_20260402-212800/last_model_1.pth
2026-04-02 21:30:15,297 INFO src.train.trainer: Epoch 1623
2026-04-02 21:30:15,376 INFO src.train.trainer: Last model at epoch 1623 saved to checkpoints/rtpp_20260402-212800/last_model_1.pth
2026-04-02 21:30:15,376 INFO src.train.trainer: Epoch 1624
2026-04-02 21:30:15,456 INFO src.train.trainer: Last model at epoch 1624 saved to checkpoints/rtpp_20260402-212800/last_model_1.pth
2026-04-02 21:30:15,456 INFO src.train.trainer: Epoch 1625
2026-04-02 21:30:15,538 INFO src.train.trainer: Last model at epoch 1625 saved to checkpoints/rtpp_20260402-212800/last_model_1.pth
2026-04-02 21:30:15,538 INFO src.train.trainer: Epoch 1626
2026-04-02 21:30:15,618 INFO src.train.trainer: Last model at epoch 1626 saved to checkpoints/rtpp_20260402-212800/last_model_1.pth
2026-04-02 21:30:15,618 INFO src.train.trainer: Epoch 1627
2026-04-02 21:30:15,698 INFO src.train.trainer: Last model at epoch 1627 saved to checkpoints/rtpp_20260402-212800/last_model_1.pth
2026-04-02 21:30:15,698 INFO src.train.trainer: Epoch 1628
2026-04-02 21:30:15,778 INFO src.train.trainer: Last model at epoch 1628 saved to checkpoints/rtpp_20260402-212800/last_model_1.pth
2026-04-02 21:30:15,778 INFO src.train.trainer: Epoch 1629
2026-04-02 21:30:15,861 INFO src.train.trainer: Last model at epoch 1629 saved to checkpoints/rtpp_20260402-212800/last_model_1.pth
2026-04-02 21:30:15,861 INFO src.train.trainer: Epoch 1630
2026-04-02 21:30:15,945 INFO src.train.trainer: Last model at epoch 1630 saved to checkpoints/rtpp_20260402-212800/last_model_1.pth
2026-04-02 21:30:15,946 INFO src.train.trainer: Epoch 1631
2026-04-02 21:30:16,028 INFO src.train.trainer: Last model at epoch 1631 saved to checkpoints/rtpp_20260402-212800/last_model_1.pth
2026-04-02 21:30:16,028 INFO src.train.trainer: Epoch 1632
2026-04-02 21:30:16,110 INFO src.train.trainer: Last model at epoch 1632 saved to checkpoints/rtpp_20260402-212800/last_model_1.pth
2026-04-02 21:30:16,110 INFO src.train.trainer: Epoch 1633
2026-04-02 21:30:16,192 INFO src.train.trainer: Last model at epoch 1633 saved to checkpoints/rtpp_20260402-212800/last_model_1.pth
2026-04-02 21:30:16,192 INFO src.train.trainer: Epoch 1634
2026-04-02 21:30:16,274 INFO src.train.trainer: Last model at epoch 1634 saved to checkpoints/rtpp_20260402-212800/last_model_1.pth
2026-04-02 21:30:16,274 INFO src.train.trainer: Epoch 1635
2026-04-02 21:30:16,359 INFO src.train.trainer: Last model at epoch 1635 saved to checkpoints/rtpp_20260402-212800/last_model_1.pth
2026-04-02 21:30:16,359 INFO src.train.trainer: Epoch 1636
2026-04-02 21:30:16,444 INFO src.train.trainer: Last model at epoch 1636 saved to checkpoints/rtpp_20260402-212800/last_model_1.pth
2026-04-02 21:30:16,444 INFO src.train.trainer: Epoch 1637
2026-04-02 21:30:16,529 INFO src.train.trainer: Last model at epoch 1637 saved to checkpoints/rtpp_20260402-212800/last_model_1.pth
2026-04-02 21:30:16,529 INFO src.train.trainer: Epoch 1638
2026-04-02 21:30:16,604 INFO src.train.trainer: Last model at epoch 1638 saved to checkpoints/rtpp_20260402-212800/last_model_1.pth
2026-04-02 21:30:16,605 INFO src.train.trainer: Epoch 1639
2026-04-02 21:30:16,674 INFO src.train.trainer: Last model at epoch 1639 saved to checkpoints/rtpp_20260402-212800/last_model_1.pth
2026-04-02 21:30:16,674 INFO src.train.trainer: Epoch 1640
2026-04-02 21:30:16,753 INFO src.train.trainer: Last model at epoch 1640 saved to checkpoints/rtpp_20260402-212800/last_model_1.pth
2026-04-02 21:30:16,753 INFO src.train.trainer: Epoch 1641
2026-04-02 21:30:16,830 INFO src.train.trainer: Last model at epoch 1641 saved to checkpoints/rtpp_20260402-212800/last_model_1.pth
2026-04-02 21:30:16,831 INFO src.train.trainer: Epoch 1642
2026-04-02 21:30:16,907 INFO src.train.trainer: Last model at epoch 1642 saved to checkpoints/rtpp_20260402-212800/last_model_1.pth
2026-04-02 21:30:16,907 INFO src.train.trainer: Epoch 1643
2026-04-02 21:30:16,983 INFO src.train.trainer: Last model at epoch 1643 saved to checkpoints/rtpp_20260402-212800/last_model_1.pth
2026-04-02 21:30:16,983 INFO src.train.trainer: Epoch 1644
2026-04-02 21:30:17,060 INFO src.train.trainer: Last model at epoch 1644 saved to checkpoints/rtpp_20260402-212800/last_model_1.pth
2026-04-02 21:30:17,060 INFO src.train.trainer: Epoch 1645
2026-04-02 21:30:17,137 INFO src.train.trainer: Last model at epoch 1645 saved to checkpoints/rtpp_20260402-212800/last_model_1.pth
2026-04-02 21:30:17,137 INFO src.train.trainer: Epoch 1646
2026-04-02 21:30:17,217 INFO src.train.trainer: Last model at epoch 1646 saved to checkpoints/rtpp_20260402-212800/last_model_1.pth
2026-04-02 21:30:17,217 INFO src.train.trainer: Epoch 1647
2026-04-02 21:30:17,296 INFO src.train.trainer: Last model at epoch 1647 saved to checkpoints/rtpp_20260402-212800/last_model_1.pth
2026-04-02 21:30:17,296 INFO src.train.trainer: Epoch 1648
2026-04-02 21:30:17,379 INFO src.train.trainer: Last model at epoch 1648 saved to checkpoints/rtpp_20260402-212800/last_model_1.pth
2026-04-02 21:30:17,379 INFO src.train.trainer: Epoch 1649
2026-04-02 21:30:17,463 INFO src.train.trainer: Last model at epoch 1649 saved to checkpoints/rtpp_20260402-212800/last_model_1.pth
2026-04-02 21:30:17,463 INFO src.train.trainer: Epoch 1650
2026-04-02 21:30:17,547 INFO src.train.trainer: Last model at epoch 1650 saved to checkpoints/rtpp_20260402-212800/last_model_1.pth
2026-04-02 21:30:17,547 INFO src.train.trainer: Epoch 1651
2026-04-02 21:30:17,630 INFO src.train.trainer: Last model at epoch 1651 saved to checkpoints/rtpp_20260402-212800/last_model_1.pth
2026-04-02 21:30:17,630 INFO src.train.trainer: Epoch 1652
2026-04-02 21:30:17,712 INFO src.train.trainer: Last model at epoch 1652 saved to checkpoints/rtpp_20260402-212800/last_model_1.pth
2026-04-02 21:30:17,713 INFO src.train.trainer: Epoch 1653
2026-04-02 21:30:17,796 INFO src.train.trainer: Last model at epoch 1653 saved to checkpoints/rtpp_20260402-212800/last_model_1.pth
2026-04-02 21:30:17,796 INFO src.train.trainer: Epoch 1654
2026-04-02 21:30:17,880 INFO src.train.trainer: Last model at epoch 1654 saved to checkpoints/rtpp_20260402-212800/last_model_1.pth
2026-04-02 21:30:17,880 INFO src.train.trainer: Epoch 1655
2026-04-02 21:30:17,966 INFO src.train.trainer: Last model at epoch 1655 saved to checkpoints/rtpp_20260402-212800/last_model_1.pth
2026-04-02 21:30:17,966 INFO src.train.trainer: Epoch 1656
2026-04-02 21:30:18,052 INFO src.train.trainer: Last model at epoch 1656 saved to checkpoints/rtpp_20260402-212800/last_model_1.pth
2026-04-02 21:30:18,052 INFO src.train.trainer: Epoch 1657
2026-04-02 21:30:18,137 INFO src.train.trainer: Last model at epoch 1657 saved to checkpoints/rtpp_20260402-212800/last_model_1.pth
2026-04-02 21:30:18,137 INFO src.train.trainer: Epoch 1658
2026-04-02 21:30:18,221 INFO src.train.trainer: Last model at epoch 1658 saved to checkpoints/rtpp_20260402-212800/last_model_1.pth
2026-04-02 21:30:18,221 INFO src.train.trainer: Epoch 1659
2026-04-02 21:30:18,301 INFO src.train.trainer: Last model at epoch 1659 saved to checkpoints/rtpp_20260402-212800/last_model_1.pth
2026-04-02 21:30:18,301 INFO src.train.trainer: Epoch 1660
2026-04-02 21:30:18,385 INFO src.train.trainer: Last model at epoch 1660 saved to checkpoints/rtpp_20260402-212800/last_model_1.pth
2026-04-02 21:30:18,385 INFO src.train.trainer: Epoch 1661
2026-04-02 21:30:18,472 INFO src.train.trainer: Last model at epoch 1661 saved to checkpoints/rtpp_20260402-212800/last_model_1.pth
2026-04-02 21:30:18,472 INFO src.train.trainer: Epoch 1662
2026-04-02 21:30:18,557 INFO src.train.trainer: Last model at epoch 1662 saved to checkpoints/rtpp_20260402-212800/last_model_1.pth
2026-04-02 21:30:18,557 INFO src.train.trainer: Epoch 1663
2026-04-02 21:30:18,640 INFO src.train.trainer: Last model at epoch 1663 saved to checkpoints/rtpp_20260402-212800/last_model_1.pth
2026-04-02 21:30:18,640 INFO src.train.trainer: Epoch 1664
2026-04-02 21:30:18,719 INFO src.train.trainer: Last model at epoch 1664 saved to checkpoints/rtpp_20260402-212800/last_model_1.pth
2026-04-02 21:30:18,720 INFO src.train.trainer: Epoch 1665
2026-04-02 21:30:18,801 INFO src.train.trainer: Last model at epoch 1665 saved to checkpoints/rtpp_20260402-212800/last_model_1.pth
2026-04-02 21:30:18,801 INFO src.train.trainer: Epoch 1666
2026-04-02 21:30:18,880 INFO src.train.trainer: Last model at epoch 1666 saved to checkpoints/rtpp_20260402-212800/last_model_1.pth
2026-04-02 21:30:18,880 INFO src.train.trainer: Epoch 1667
2026-04-02 21:30:18,958 INFO src.train.trainer: Last model at epoch 1667 saved to checkpoints/rtpp_20260402-212800/last_model_1.pth
2026-04-02 21:30:18,959 INFO src.train.trainer: Epoch 1668
2026-04-02 21:30:19,040 INFO src.train.trainer: Last model at epoch 1668 saved to checkpoints/rtpp_20260402-212800/last_model_1.pth
2026-04-02 21:30:19,040 INFO src.train.trainer: Epoch 1669
2026-04-02 21:30:19,121 INFO src.train.trainer: Last model at epoch 1669 saved to checkpoints/rtpp_20260402-212800/last_model_1.pth
2026-04-02 21:30:19,121 INFO src.train.trainer: Epoch 1670
2026-04-02 21:30:19,201 INFO src.train.trainer: Last model at epoch 1670 saved to checkpoints/rtpp_20260402-212800/last_model_1.pth
2026-04-02 21:30:19,201 INFO src.train.trainer: Epoch 1671
2026-04-02 21:30:19,283 INFO src.train.trainer: Last model at epoch 1671 saved to checkpoints/rtpp_20260402-212800/last_model_1.pth
2026-04-02 21:30:19,283 INFO src.train.trainer: Epoch 1672
2026-04-02 21:30:19,362 INFO src.train.trainer: Last model at epoch 1672 saved to checkpoints/rtpp_20260402-212800/last_model_1.pth
2026-04-02 21:30:19,362 INFO src.train.trainer: Epoch 1673
2026-04-02 21:30:19,441 INFO src.train.trainer: Last model at epoch 1673 saved to checkpoints/rtpp_20260402-212800/last_model_1.pth
2026-04-02 21:30:19,441 INFO src.train.trainer: Epoch 1674
2026-04-02 21:30:19,521 INFO src.train.trainer: Last model at epoch 1674 saved to checkpoints/rtpp_20260402-212800/last_model_1.pth
2026-04-02 21:30:19,521 INFO src.train.trainer: Epoch 1675
2026-04-02 21:30:19,603 INFO src.train.trainer: Last model at epoch 1675 saved to checkpoints/rtpp_20260402-212800/last_model_1.pth
2026-04-02 21:30:19,603 INFO src.train.trainer: Epoch 1676
2026-04-02 21:30:19,682 INFO src.train.trainer: Last model at epoch 1676 saved to checkpoints/rtpp_20260402-212800/last_model_1.pth
2026-04-02 21:30:19,682 INFO src.train.trainer: Epoch 1677
2026-04-02 21:30:19,763 INFO src.train.trainer: Last model at epoch 1677 saved to checkpoints/rtpp_20260402-212800/last_model_1.pth
2026-04-02 21:30:19,763 INFO src.train.trainer: Epoch 1678
2026-04-02 21:30:19,846 INFO src.train.trainer: Last model at epoch 1678 saved to checkpoints/rtpp_20260402-212800/last_model_1.pth
2026-04-02 21:30:19,846 INFO src.train.trainer: Epoch 1679
2026-04-02 21:30:19,927 INFO src.train.trainer: Last model at epoch 1679 saved to checkpoints/rtpp_20260402-212800/last_model_1.pth
2026-04-02 21:30:19,927 INFO src.train.trainer: Epoch 1680
2026-04-02 21:30:20,011 INFO src.train.trainer: Last model at epoch 1680 saved to checkpoints/rtpp_20260402-212800/last_model_1.pth
2026-04-02 21:30:20,011 INFO src.train.trainer: Epoch 1681
2026-04-02 21:30:20,098 INFO src.train.trainer: Last model at epoch 1681 saved to checkpoints/rtpp_20260402-212800/last_model_1.pth
2026-04-02 21:30:20,098 INFO src.train.trainer: Epoch 1682
2026-04-02 21:30:20,181 INFO src.train.trainer: Last model at epoch 1682 saved to checkpoints/rtpp_20260402-212800/last_model_1.pth
2026-04-02 21:30:20,181 INFO src.train.trainer: Epoch 1683
2026-04-02 21:30:20,264 INFO src.train.trainer: Last model at epoch 1683 saved to checkpoints/rtpp_20260402-212800/last_model_1.pth
2026-04-02 21:30:20,264 INFO src.train.trainer: Epoch 1684
2026-04-02 21:30:20,347 INFO src.train.trainer: Last model at epoch 1684 saved to checkpoints/rtpp_20260402-212800/last_model_1.pth
2026-04-02 21:30:20,347 INFO src.train.trainer: Epoch 1685
2026-04-02 21:30:20,432 INFO src.train.trainer: Last model at epoch 1685 saved to checkpoints/rtpp_20260402-212800/last_model_1.pth
2026-04-02 21:30:20,432 INFO src.train.trainer: Epoch 1686
2026-04-02 21:30:20,519 INFO src.train.trainer: Last model at epoch 1686 saved to checkpoints/rtpp_20260402-212800/last_model_1.pth
2026-04-02 21:30:20,519 INFO src.train.trainer: Epoch 1687
2026-04-02 21:30:20,598 INFO src.train.trainer: Last model at epoch 1687 saved to checkpoints/rtpp_20260402-212800/last_model_1.pth
2026-04-02 21:30:20,598 INFO src.train.trainer: Epoch 1688
2026-04-02 21:30:20,671 INFO src.train.trainer: Last model at epoch 1688 saved to checkpoints/rtpp_20260402-212800/last_model_1.pth
2026-04-02 21:30:20,672 INFO src.train.trainer: Epoch 1689
2026-04-02 21:30:20,748 INFO src.train.trainer: Last model at epoch 1689 saved to checkpoints/rtpp_20260402-212800/last_model_1.pth
2026-04-02 21:30:20,748 INFO src.train.trainer: Epoch 1690
2026-04-02 21:30:20,851 INFO src.train.trainer: Last model at epoch 1690 saved to checkpoints/rtpp_20260402-212800/last_model_1.pth
2026-04-02 21:30:20,851 INFO src.train.trainer: Epoch 1691
2026-04-02 21:30:20,929 INFO src.train.trainer: Last model at epoch 1691 saved to checkpoints/rtpp_20260402-212800/last_model_1.pth
2026-04-02 21:30:20,930 INFO src.train.trainer: Epoch 1692
2026-04-02 21:30:21,011 INFO src.train.trainer: Last model at epoch 1692 saved to checkpoints/rtpp_20260402-212800/last_model_1.pth
2026-04-02 21:30:21,011 INFO src.train.trainer: Epoch 1693
2026-04-02 21:30:21,095 INFO src.train.trainer: Last model at epoch 1693 saved to checkpoints/rtpp_20260402-212800/last_model_1.pth
2026-04-02 21:30:21,095 INFO src.train.trainer: Epoch 1694
2026-04-02 21:30:21,179 INFO src.train.trainer: Last model at epoch 1694 saved to checkpoints/rtpp_20260402-212800/last_model_1.pth
2026-04-02 21:30:21,179 INFO src.train.trainer: Epoch 1695
2026-04-02 21:30:21,263 INFO src.train.trainer: Last model at epoch 1695 saved to checkpoints/rtpp_20260402-212800/last_model_1.pth
2026-04-02 21:30:21,263 INFO src.train.trainer: Epoch 1696
2026-04-02 21:30:21,347 INFO src.train.trainer: Last model at epoch 1696 saved to checkpoints/rtpp_20260402-212800/last_model_1.pth
2026-04-02 21:30:21,347 INFO src.train.trainer: Epoch 1697
2026-04-02 21:30:21,431 INFO src.train.trainer: Last model at epoch 1697 saved to checkpoints/rtpp_20260402-212800/last_model_1.pth
2026-04-02 21:30:21,432 INFO src.train.trainer: Epoch 1698
2026-04-02 21:30:21,516 INFO src.train.trainer: Last model at epoch 1698 saved to checkpoints/rtpp_20260402-212800/last_model_1.pth
2026-04-02 21:30:21,516 INFO src.train.trainer: Epoch 1699
2026-04-02 21:30:21,602 INFO src.train.trainer: Last model at epoch 1699 saved to checkpoints/rtpp_20260402-212800/last_model_1.pth
2026-04-02 21:30:21,602 INFO src.train.trainer: Epoch 1700
2026-04-02 21:30:21,689 INFO src.train.trainer: Last model at epoch 1700 saved to checkpoints/rtpp_20260402-212800/last_model_1.pth
2026-04-02 21:30:21,689 INFO src.train.trainer: Epoch 1701
2026-04-02 21:30:21,774 INFO src.train.trainer: Last model at epoch 1701 saved to checkpoints/rtpp_20260402-212800/last_model_1.pth
2026-04-02 21:30:21,774 INFO src.train.trainer: Epoch 1702
2026-04-02 21:30:21,857 INFO src.train.trainer: Last model at epoch 1702 saved to checkpoints/rtpp_20260402-212800/last_model_1.pth
2026-04-02 21:30:21,858 INFO src.train.trainer: Epoch 1703
2026-04-02 21:30:21,941 INFO src.train.trainer: Last model at epoch 1703 saved to checkpoints/rtpp_20260402-212800/last_model_1.pth
2026-04-02 21:30:21,941 INFO src.train.trainer: Epoch 1704
2026-04-02 21:30:22,025 INFO src.train.trainer: Last model at epoch 1704 saved to checkpoints/rtpp_20260402-212800/last_model_1.pth
2026-04-02 21:30:22,025 INFO src.train.trainer: Epoch 1705
2026-04-02 21:30:22,110 INFO src.train.trainer: Last model at epoch 1705 saved to checkpoints/rtpp_20260402-212800/last_model_1.pth
2026-04-02 21:30:22,110 INFO src.train.trainer: Epoch 1706
2026-04-02 21:30:22,193 INFO src.train.trainer: Last model at epoch 1706 saved to checkpoints/rtpp_20260402-212800/last_model_1.pth
2026-04-02 21:30:22,193 INFO src.train.trainer: Epoch 1707
2026-04-02 21:30:22,276 INFO src.train.trainer: Last model at epoch 1707 saved to checkpoints/rtpp_20260402-212800/last_model_1.pth
2026-04-02 21:30:22,276 INFO src.train.trainer: Epoch 1708
2026-04-02 21:30:22,351 INFO src.train.trainer: Last model at epoch 1708 saved to checkpoints/rtpp_20260402-212800/last_model_1.pth
2026-04-02 21:30:22,351 INFO src.train.trainer: Epoch 1709
2026-04-02 21:30:22,426 INFO src.train.trainer: Last model at epoch 1709 saved to checkpoints/rtpp_20260402-212800/last_model_1.pth
2026-04-02 21:30:22,426 INFO src.train.trainer: Epoch 1710
2026-04-02 21:30:22,500 INFO src.train.trainer: Last model at epoch 1710 saved to checkpoints/rtpp_20260402-212800/last_model_1.pth
2026-04-02 21:30:22,500 INFO src.train.trainer: Epoch 1711
2026-04-02 21:30:22,574 INFO src.train.trainer: Last model at epoch 1711 saved to checkpoints/rtpp_20260402-212800/last_model_1.pth
2026-04-02 21:30:22,575 INFO src.train.trainer: Epoch 1712
2026-04-02 21:30:22,649 INFO src.train.trainer: Last model at epoch 1712 saved to checkpoints/rtpp_20260402-212800/last_model_1.pth
2026-04-02 21:30:22,649 INFO src.train.trainer: Epoch 1713
2026-04-02 21:30:22,725 INFO src.train.trainer: Last model at epoch 1713 saved to checkpoints/rtpp_20260402-212800/last_model_1.pth
2026-04-02 21:30:22,726 INFO src.train.trainer: Epoch 1714
2026-04-02 21:30:22,803 INFO src.train.trainer: Last model at epoch 1714 saved to checkpoints/rtpp_20260402-212800/last_model_1.pth
2026-04-02 21:30:22,803 INFO src.train.trainer: Epoch 1715
2026-04-02 21:30:22,884 INFO src.train.trainer: Last model at epoch 1715 saved to checkpoints/rtpp_20260402-212800/last_model_1.pth
2026-04-02 21:30:22,884 INFO src.train.trainer: Epoch 1716
2026-04-02 21:30:22,958 INFO src.train.trainer: Last model at epoch 1716 saved to checkpoints/rtpp_20260402-212800/last_model_1.pth
2026-04-02 21:30:22,958 INFO src.train.trainer: Epoch 1717
2026-04-02 21:30:23,035 INFO src.train.trainer: Last model at epoch 1717 saved to checkpoints/rtpp_20260402-212800/last_model_1.pth
2026-04-02 21:30:23,035 INFO src.train.trainer: Epoch 1718
2026-04-02 21:30:23,115 INFO src.train.trainer: Last model at epoch 1718 saved to checkpoints/rtpp_20260402-212800/last_model_1.pth
2026-04-02 21:30:23,115 INFO src.train.trainer: Epoch 1719
2026-04-02 21:30:23,192 INFO src.train.trainer: Last model at epoch 1719 saved to checkpoints/rtpp_20260402-212800/last_model_1.pth
2026-04-02 21:30:23,193 INFO src.train.trainer: Epoch 1720
2026-04-02 21:30:23,269 INFO src.train.trainer: Last model at epoch 1720 saved to checkpoints/rtpp_20260402-212800/last_model_1.pth
2026-04-02 21:30:23,270 INFO src.train.trainer: Epoch 1721
2026-04-02 21:30:23,348 INFO src.train.trainer: Last model at epoch 1721 saved to checkpoints/rtpp_20260402-212800/last_model_1.pth
2026-04-02 21:30:23,348 INFO src.train.trainer: Epoch 1722
2026-04-02 21:30:23,427 INFO src.train.trainer: Last model at epoch 1722 saved to checkpoints/rtpp_20260402-212800/last_model_1.pth
2026-04-02 21:30:23,427 INFO src.train.trainer: Epoch 1723
2026-04-02 21:30:23,508 INFO src.train.trainer: Last model at epoch 1723 saved to checkpoints/rtpp_20260402-212800/last_model_1.pth
2026-04-02 21:30:23,508 INFO src.train.trainer: Epoch 1724
2026-04-02 21:30:23,607 INFO src.train.trainer: Last model at epoch 1724 saved to checkpoints/rtpp_20260402-212800/last_model_1.pth
2026-04-02 21:30:23,607 INFO src.train.trainer: Epoch 1725
2026-04-02 21:30:23,690 INFO src.train.trainer: Last model at epoch 1725 saved to checkpoints/rtpp_20260402-212800/last_model_1.pth
2026-04-02 21:30:23,690 INFO src.train.trainer: Epoch 1726
2026-04-02 21:30:23,770 INFO src.train.trainer: Last model at epoch 1726 saved to checkpoints/rtpp_20260402-212800/last_model_1.pth
2026-04-02 21:30:23,770 INFO src.train.trainer: Epoch 1727
2026-04-02 21:30:23,852 INFO src.train.trainer: Last model at epoch 1727 saved to checkpoints/rtpp_20260402-212800/last_model_1.pth
2026-04-02 21:30:23,852 INFO src.train.trainer: Epoch 1728
2026-04-02 21:30:23,932 INFO src.train.trainer: Last model at epoch 1728 saved to checkpoints/rtpp_20260402-212800/last_model_1.pth
2026-04-02 21:30:23,932 INFO src.train.trainer: Epoch 1729
2026-04-02 21:30:24,013 INFO src.train.trainer: Last model at epoch 1729 saved to checkpoints/rtpp_20260402-212800/last_model_1.pth
2026-04-02 21:30:24,013 INFO src.train.trainer: Epoch 1730
2026-04-02 21:30:24,094 INFO src.train.trainer: Last model at epoch 1730 saved to checkpoints/rtpp_20260402-212800/last_model_1.pth
2026-04-02 21:30:24,094 INFO src.train.trainer: Epoch 1731
2026-04-02 21:30:24,175 INFO src.train.trainer: Last model at epoch 1731 saved to checkpoints/rtpp_20260402-212800/last_model_1.pth
2026-04-02 21:30:24,175 INFO src.train.trainer: Epoch 1732
2026-04-02 21:30:24,255 INFO src.train.trainer: Last model at epoch 1732 saved to checkpoints/rtpp_20260402-212800/last_model_1.pth
2026-04-02 21:30:24,255 INFO src.train.trainer: Epoch 1733
2026-04-02 21:30:24,337 INFO src.train.trainer: Last model at epoch 1733 saved to checkpoints/rtpp_20260402-212800/last_model_1.pth
2026-04-02 21:30:24,337 INFO src.train.trainer: Epoch 1734
2026-04-02 21:30:24,416 INFO src.train.trainer: Last model at epoch 1734 saved to checkpoints/rtpp_20260402-212800/last_model_1.pth
2026-04-02 21:30:24,417 INFO src.train.trainer: Epoch 1735
2026-04-02 21:30:24,499 INFO src.train.trainer: Last model at epoch 1735 saved to checkpoints/rtpp_20260402-212800/last_model_1.pth
2026-04-02 21:30:24,499 INFO src.train.trainer: Epoch 1736
2026-04-02 21:30:24,579 INFO src.train.trainer: Last model at epoch 1736 saved to checkpoints/rtpp_20260402-212800/last_model_1.pth
2026-04-02 21:30:24,579 INFO src.train.trainer: Epoch 1737
2026-04-02 21:30:24,659 INFO src.train.trainer: Last model at epoch 1737 saved to checkpoints/rtpp_20260402-212800/last_model_1.pth
2026-04-02 21:30:24,659 INFO src.train.trainer: Epoch 1738
2026-04-02 21:30:24,739 INFO src.train.trainer: Last model at epoch 1738 saved to checkpoints/rtpp_20260402-212800/last_model_1.pth
2026-04-02 21:30:24,739 INFO src.train.trainer: Epoch 1739
2026-04-02 21:30:24,821 INFO src.train.trainer: Last model at epoch 1739 saved to checkpoints/rtpp_20260402-212800/last_model_1.pth
2026-04-02 21:30:24,821 INFO src.train.trainer: Epoch 1740
2026-04-02 21:30:24,906 INFO src.train.trainer: Last model at epoch 1740 saved to checkpoints/rtpp_20260402-212800/last_model_1.pth
2026-04-02 21:30:24,906 INFO src.train.trainer: Epoch 1741
2026-04-02 21:30:24,991 INFO src.train.trainer: Last model at epoch 1741 saved to checkpoints/rtpp_20260402-212800/last_model_1.pth
2026-04-02 21:30:24,991 INFO src.train.trainer: Epoch 1742
2026-04-02 21:30:25,072 INFO src.train.trainer: Last model at epoch 1742 saved to checkpoints/rtpp_20260402-212800/last_model_1.pth
2026-04-02 21:30:25,072 INFO src.train.trainer: Epoch 1743
2026-04-02 21:30:25,153 INFO src.train.trainer: Last model at epoch 1743 saved to checkpoints/rtpp_20260402-212800/last_model_1.pth
2026-04-02 21:30:25,153 INFO src.train.trainer: Epoch 1744
2026-04-02 21:30:25,237 INFO src.train.trainer: Last model at epoch 1744 saved to checkpoints/rtpp_20260402-212800/last_model_1.pth
2026-04-02 21:30:25,238 INFO src.train.trainer: Epoch 1745
2026-04-02 21:30:25,319 INFO src.train.trainer: Last model at epoch 1745 saved to checkpoints/rtpp_20260402-212800/last_model_1.pth
2026-04-02 21:30:25,319 INFO src.train.trainer: Epoch 1746
2026-04-02 21:30:25,404 INFO src.train.trainer: Last model at epoch 1746 saved to checkpoints/rtpp_20260402-212800/last_model_1.pth
2026-04-02 21:30:25,404 INFO src.train.trainer: Epoch 1747
2026-04-02 21:30:25,488 INFO src.train.trainer: Last model at epoch 1747 saved to checkpoints/rtpp_20260402-212800/last_model_1.pth
2026-04-02 21:30:25,488 INFO src.train.trainer: Epoch 1748
2026-04-02 21:30:25,570 INFO src.train.trainer: Last model at epoch 1748 saved to checkpoints/rtpp_20260402-212800/last_model_1.pth
2026-04-02 21:30:25,570 INFO src.train.trainer: Epoch 1749
2026-04-02 21:30:25,651 INFO src.train.trainer: Last model at epoch 1749 saved to checkpoints/rtpp_20260402-212800/last_model_1.pth
2026-04-02 21:30:25,651 INFO src.train.trainer: Epoch 1750
2026-04-02 21:30:25,733 INFO src.train.trainer: Last model at epoch 1750 saved to checkpoints/rtpp_20260402-212800/last_model_1.pth
2026-04-02 21:30:25,733 INFO src.train.trainer: Epoch 1751
2026-04-02 21:30:25,816 INFO src.train.trainer: Last model at epoch 1751 saved to checkpoints/rtpp_20260402-212800/last_model_1.pth
2026-04-02 21:30:25,817 INFO src.train.trainer: Epoch 1752
2026-04-02 21:30:25,901 INFO src.train.trainer: Last model at epoch 1752 saved to checkpoints/rtpp_20260402-212800/last_model_1.pth
2026-04-02 21:30:25,901 INFO src.train.trainer: Epoch 1753
2026-04-02 21:30:25,981 INFO src.train.trainer: Last model at epoch 1753 saved to checkpoints/rtpp_20260402-212800/last_model_1.pth
2026-04-02 21:30:25,981 INFO src.train.trainer: Epoch 1754
2026-04-02 21:30:26,061 INFO src.train.trainer: Last model at epoch 1754 saved to checkpoints/rtpp_20260402-212800/last_model_1.pth
2026-04-02 21:30:26,061 INFO src.train.trainer: Epoch 1755
2026-04-02 21:30:26,141 INFO src.train.trainer: Last model at epoch 1755 saved to checkpoints/rtpp_20260402-212800/last_model_1.pth
2026-04-02 21:30:26,141 INFO src.train.trainer: Epoch 1756
2026-04-02 21:30:26,223 INFO src.train.trainer: Last model at epoch 1756 saved to checkpoints/rtpp_20260402-212800/last_model_1.pth
2026-04-02 21:30:26,223 INFO src.train.trainer: Epoch 1757
2026-04-02 21:30:26,353 INFO src.train.trainer: Last model at epoch 1757 saved to checkpoints/rtpp_20260402-212800/last_model_1.pth
2026-04-02 21:30:26,353 INFO src.train.trainer: Epoch 1758
2026-04-02 21:30:26,443 INFO src.train.trainer: Last model at epoch 1758 saved to checkpoints/rtpp_20260402-212800/last_model_1.pth
2026-04-02 21:30:26,444 INFO src.train.trainer: Epoch 1759
2026-04-02 21:30:26,534 INFO src.train.trainer: Last model at epoch 1759 saved to checkpoints/rtpp_20260402-212800/last_model_1.pth
2026-04-02 21:30:26,534 INFO src.train.trainer: Epoch 1760
2026-04-02 21:30:26,624 INFO src.train.trainer: Last model at epoch 1760 saved to checkpoints/rtpp_20260402-212800/last_model_1.pth
2026-04-02 21:30:26,624 INFO src.train.trainer: Epoch 1761
2026-04-02 21:30:26,709 INFO src.train.trainer: Last model at epoch 1761 saved to checkpoints/rtpp_20260402-212800/last_model_1.pth
2026-04-02 21:30:26,709 INFO src.train.trainer: Epoch 1762
2026-04-02 21:30:26,794 INFO src.train.trainer: Last model at epoch 1762 saved to checkpoints/rtpp_20260402-212800/last_model_1.pth
2026-04-02 21:30:26,794 INFO src.train.trainer: Epoch 1763
2026-04-02 21:30:26,878 INFO src.train.trainer: Last model at epoch 1763 saved to checkpoints/rtpp_20260402-212800/last_model_1.pth
2026-04-02 21:30:26,878 INFO src.train.trainer: Epoch 1764
2026-04-02 21:30:26,963 INFO src.train.trainer: Last model at epoch 1764 saved to checkpoints/rtpp_20260402-212800/last_model_1.pth
2026-04-02 21:30:26,963 INFO src.train.trainer: Epoch 1765
2026-04-02 21:30:27,046 INFO src.train.trainer: Last model at epoch 1765 saved to checkpoints/rtpp_20260402-212800/last_model_1.pth
2026-04-02 21:30:27,046 INFO src.train.trainer: Epoch 1766
2026-04-02 21:30:27,127 INFO src.train.trainer: Last model at epoch 1766 saved to checkpoints/rtpp_20260402-212800/last_model_1.pth
2026-04-02 21:30:27,128 INFO src.train.trainer: Epoch 1767
2026-04-02 21:30:27,210 INFO src.train.trainer: Last model at epoch 1767 saved to checkpoints/rtpp_20260402-212800/last_model_1.pth
2026-04-02 21:30:27,210 INFO src.train.trainer: Epoch 1768
2026-04-02 21:30:27,293 INFO src.train.trainer: Last model at epoch 1768 saved to checkpoints/rtpp_20260402-212800/last_model_1.pth
2026-04-02 21:30:27,293 INFO src.train.trainer: Epoch 1769
2026-04-02 21:30:27,375 INFO src.train.trainer: Last model at epoch 1769 saved to checkpoints/rtpp_20260402-212800/last_model_1.pth
2026-04-02 21:30:27,375 INFO src.train.trainer: Epoch 1770
2026-04-02 21:30:27,465 INFO src.train.trainer: Last model at epoch 1770 saved to checkpoints/rtpp_20260402-212800/last_model_1.pth
2026-04-02 21:30:27,465 INFO src.train.trainer: Epoch 1771
2026-04-02 21:30:27,580 INFO src.train.trainer: Last model at epoch 1771 saved to checkpoints/rtpp_20260402-212800/last_model_1.pth
2026-04-02 21:30:27,581 INFO src.train.trainer: Epoch 1772
2026-04-02 21:30:27,668 INFO src.train.trainer: Last model at epoch 1772 saved to checkpoints/rtpp_20260402-212800/last_model_1.pth
2026-04-02 21:30:27,668 INFO src.train.trainer: Epoch 1773
2026-04-02 21:30:27,751 INFO src.train.trainer: Last model at epoch 1773 saved to checkpoints/rtpp_20260402-212800/last_model_1.pth
2026-04-02 21:30:27,751 INFO src.train.trainer: Epoch 1774
2026-04-02 21:30:27,836 INFO src.train.trainer: Last model at epoch 1774 saved to checkpoints/rtpp_20260402-212800/last_model_1.pth
2026-04-02 21:30:27,836 INFO src.train.trainer: Epoch 1775
2026-04-02 21:30:27,923 INFO src.train.trainer: Last model at epoch 1775 saved to checkpoints/rtpp_20260402-212800/last_model_1.pth
2026-04-02 21:30:27,923 INFO src.train.trainer: Epoch 1776
2026-04-02 21:30:28,010 INFO src.train.trainer: Last model at epoch 1776 saved to checkpoints/rtpp_20260402-212800/last_model_1.pth
2026-04-02 21:30:28,010 INFO src.train.trainer: Epoch 1777
2026-04-02 21:30:28,101 INFO src.train.trainer: Last model at epoch 1777 saved to checkpoints/rtpp_20260402-212800/last_model_1.pth
2026-04-02 21:30:28,101 INFO src.train.trainer: Epoch 1778
2026-04-02 21:30:28,196 INFO src.train.trainer: Last model at epoch 1778 saved to checkpoints/rtpp_20260402-212800/last_model_1.pth
2026-04-02 21:30:28,196 INFO src.train.trainer: Epoch 1779
2026-04-02 21:30:28,285 INFO src.train.trainer: Last model at epoch 1779 saved to checkpoints/rtpp_20260402-212800/last_model_1.pth
2026-04-02 21:30:28,285 INFO src.train.trainer: Epoch 1780
2026-04-02 21:30:28,366 INFO src.train.trainer: Last model at epoch 1780 saved to checkpoints/rtpp_20260402-212800/last_model_1.pth
2026-04-02 21:30:28,366 INFO src.train.trainer: Epoch 1781
2026-04-02 21:30:28,446 INFO src.train.trainer: Last model at epoch 1781 saved to checkpoints/rtpp_20260402-212800/last_model_1.pth
2026-04-02 21:30:28,446 INFO src.train.trainer: Epoch 1782
2026-04-02 21:30:28,525 INFO src.train.trainer: Last model at epoch 1782 saved to checkpoints/rtpp_20260402-212800/last_model_1.pth
2026-04-02 21:30:28,525 INFO src.train.trainer: Epoch 1783
2026-04-02 21:30:28,606 INFO src.train.trainer: Last model at epoch 1783 saved to checkpoints/rtpp_20260402-212800/last_model_1.pth
2026-04-02 21:30:28,606 INFO src.train.trainer: Epoch 1784
2026-04-02 21:30:28,686 INFO src.train.trainer: Last model at epoch 1784 saved to checkpoints/rtpp_20260402-212800/last_model_1.pth
2026-04-02 21:30:28,686 INFO src.train.trainer: Epoch 1785
2026-04-02 21:30:28,767 INFO src.train.trainer: Last model at epoch 1785 saved to checkpoints/rtpp_20260402-212800/last_model_1.pth
2026-04-02 21:30:28,767 INFO src.train.trainer: Epoch 1786
2026-04-02 21:30:28,848 INFO src.train.trainer: Last model at epoch 1786 saved to checkpoints/rtpp_20260402-212800/last_model_1.pth
2026-04-02 21:30:28,849 INFO src.train.trainer: Epoch 1787
2026-04-02 21:30:28,930 INFO src.train.trainer: Last model at epoch 1787 saved to checkpoints/rtpp_20260402-212800/last_model_1.pth
2026-04-02 21:30:28,930 INFO src.train.trainer: Epoch 1788
2026-04-02 21:30:29,010 INFO src.train.trainer: Last model at epoch 1788 saved to checkpoints/rtpp_20260402-212800/last_model_1.pth
2026-04-02 21:30:29,010 INFO src.train.trainer: Epoch 1789
2026-04-02 21:30:29,089 INFO src.train.trainer: Last model at epoch 1789 saved to checkpoints/rtpp_20260402-212800/last_model_1.pth
2026-04-02 21:30:29,089 INFO src.train.trainer: Epoch 1790
2026-04-02 21:30:29,170 INFO src.train.trainer: Last model at epoch 1790 saved to checkpoints/rtpp_20260402-212800/last_model_1.pth
2026-04-02 21:30:29,171 INFO src.train.trainer: Epoch 1791
2026-04-02 21:30:29,253 INFO src.train.trainer: Last model at epoch 1791 saved to checkpoints/rtpp_20260402-212800/last_model_1.pth
2026-04-02 21:30:29,253 INFO src.train.trainer: Epoch 1792
2026-04-02 21:30:29,332 INFO src.train.trainer: Last model at epoch 1792 saved to checkpoints/rtpp_20260402-212800/last_model_1.pth
2026-04-02 21:30:29,332 INFO src.train.trainer: Epoch 1793
2026-04-02 21:30:29,417 INFO src.train.trainer: Last model at epoch 1793 saved to checkpoints/rtpp_20260402-212800/last_model_1.pth
2026-04-02 21:30:29,417 INFO src.train.trainer: Epoch 1794
2026-04-02 21:30:29,499 INFO src.train.trainer: Last model at epoch 1794 saved to checkpoints/rtpp_20260402-212800/last_model_1.pth
2026-04-02 21:30:29,499 INFO src.train.trainer: Epoch 1795
2026-04-02 21:30:29,580 INFO src.train.trainer: Last model at epoch 1795 saved to checkpoints/rtpp_20260402-212800/last_model_1.pth
2026-04-02 21:30:29,580 INFO src.train.trainer: Epoch 1796
2026-04-02 21:30:29,658 INFO src.train.trainer: Last model at epoch 1796 saved to checkpoints/rtpp_20260402-212800/last_model_1.pth
2026-04-02 21:30:29,659 INFO src.train.trainer: Epoch 1797
2026-04-02 21:30:29,755 INFO src.train.trainer: Last model at epoch 1797 saved to checkpoints/rtpp_20260402-212800/last_model_1.pth
2026-04-02 21:30:29,755 INFO src.train.trainer: Epoch 1798
2026-04-02 21:30:29,837 INFO src.train.trainer: Last model at epoch 1798 saved to checkpoints/rtpp_20260402-212800/last_model_1.pth
2026-04-02 21:30:29,837 INFO src.train.trainer: Epoch 1799
2026-04-02 21:30:29,917 INFO src.train.trainer: Last model at epoch 1799 saved to checkpoints/rtpp_20260402-212800/last_model_1.pth
2026-04-02 21:30:29,917 INFO src.train.trainer: Epoch 1800
2026-04-02 21:30:29,998 INFO src.train.trainer: Last model at epoch 1800 saved to checkpoints/rtpp_20260402-212800/last_model_1.pth
2026-04-02 21:30:29,998 INFO src.train.trainer: Epoch 1801
2026-04-02 21:30:30,081 INFO src.train.trainer: Last model at epoch 1801 saved to checkpoints/rtpp_20260402-212800/last_model_1.pth
2026-04-02 21:30:30,082 INFO src.train.trainer: Epoch 1802
2026-04-02 21:30:30,167 INFO src.train.trainer: Last model at epoch 1802 saved to checkpoints/rtpp_20260402-212800/last_model_1.pth
2026-04-02 21:30:30,167 INFO src.train.trainer: Epoch 1803
2026-04-02 21:30:30,250 INFO src.train.trainer: Last model at epoch 1803 saved to checkpoints/rtpp_20260402-212800/last_model_1.pth
2026-04-02 21:30:30,250 INFO src.train.trainer: Epoch 1804
2026-04-02 21:30:30,331 INFO src.train.trainer: Last model at epoch 1804 saved to checkpoints/rtpp_20260402-212800/last_model_1.pth
2026-04-02 21:30:30,331 INFO src.train.trainer: Epoch 1805
2026-04-02 21:30:30,410 INFO src.train.trainer: Last model at epoch 1805 saved to checkpoints/rtpp_20260402-212800/last_model_1.pth
2026-04-02 21:30:30,410 INFO src.train.trainer: Epoch 1806
2026-04-02 21:30:30,489 INFO src.train.trainer: Last model at epoch 1806 saved to checkpoints/rtpp_20260402-212800/last_model_1.pth
2026-04-02 21:30:30,489 INFO src.train.trainer: Epoch 1807
2026-04-02 21:30:30,568 INFO src.train.trainer: Last model at epoch 1807 saved to checkpoints/rtpp_20260402-212800/last_model_1.pth
2026-04-02 21:30:30,569 INFO src.train.trainer: Epoch 1808
2026-04-02 21:30:30,649 INFO src.train.trainer: Last model at epoch 1808 saved to checkpoints/rtpp_20260402-212800/last_model_1.pth
2026-04-02 21:30:30,649 INFO src.train.trainer: Epoch 1809
2026-04-02 21:30:30,728 INFO src.train.trainer: Last model at epoch 1809 saved to checkpoints/rtpp_20260402-212800/last_model_1.pth
2026-04-02 21:30:30,728 INFO src.train.trainer: Epoch 1810
2026-04-02 21:30:30,808 INFO src.train.trainer: Last model at epoch 1810 saved to checkpoints/rtpp_20260402-212800/last_model_1.pth
2026-04-02 21:30:30,808 INFO src.train.trainer: Epoch 1811
2026-04-02 21:30:30,887 INFO src.train.trainer: Last model at epoch 1811 saved to checkpoints/rtpp_20260402-212800/last_model_1.pth
2026-04-02 21:30:30,887 INFO src.train.trainer: Epoch 1812
2026-04-02 21:30:30,966 INFO src.train.trainer: Last model at epoch 1812 saved to checkpoints/rtpp_20260402-212800/last_model_1.pth
2026-04-02 21:30:30,966 INFO src.train.trainer: Epoch 1813
2026-04-02 21:30:31,045 INFO src.train.trainer: Last model at epoch 1813 saved to checkpoints/rtpp_20260402-212800/last_model_1.pth
2026-04-02 21:30:31,045 INFO src.train.trainer: Epoch 1814
2026-04-02 21:30:31,124 INFO src.train.trainer: Last model at epoch 1814 saved to checkpoints/rtpp_20260402-212800/last_model_1.pth
2026-04-02 21:30:31,124 INFO src.train.trainer: Epoch 1815
2026-04-02 21:30:31,205 INFO src.train.trainer: Last model at epoch 1815 saved to checkpoints/rtpp_20260402-212800/last_model_1.pth
2026-04-02 21:30:31,205 INFO src.train.trainer: Epoch 1816
2026-04-02 21:30:31,286 INFO src.train.trainer: Last model at epoch 1816 saved to checkpoints/rtpp_20260402-212800/last_model_1.pth
2026-04-02 21:30:31,287 INFO src.train.trainer: Epoch 1817
2026-04-02 21:30:31,369 INFO src.train.trainer: Last model at epoch 1817 saved to checkpoints/rtpp_20260402-212800/last_model_1.pth
2026-04-02 21:30:31,370 INFO src.train.trainer: Epoch 1818
2026-04-02 21:30:31,448 INFO src.train.trainer: Last model at epoch 1818 saved to checkpoints/rtpp_20260402-212800/last_model_1.pth
2026-04-02 21:30:31,448 INFO src.train.trainer: Epoch 1819
2026-04-02 21:30:31,527 INFO src.train.trainer: Last model at epoch 1819 saved to checkpoints/rtpp_20260402-212800/last_model_1.pth
2026-04-02 21:30:31,528 INFO src.train.trainer: Epoch 1820
2026-04-02 21:30:31,608 INFO src.train.trainer: Last model at epoch 1820 saved to checkpoints/rtpp_20260402-212800/last_model_1.pth
2026-04-02 21:30:31,608 INFO src.train.trainer: Epoch 1821
2026-04-02 21:30:31,688 INFO src.train.trainer: Last model at epoch 1821 saved to checkpoints/rtpp_20260402-212800/last_model_1.pth
2026-04-02 21:30:31,688 INFO src.train.trainer: Epoch 1822
2026-04-02 21:30:31,767 INFO src.train.trainer: Last model at epoch 1822 saved to checkpoints/rtpp_20260402-212800/last_model_1.pth
2026-04-02 21:30:31,767 INFO src.train.trainer: Epoch 1823
2026-04-02 21:30:31,851 INFO src.train.trainer: Last model at epoch 1823 saved to checkpoints/rtpp_20260402-212800/last_model_1.pth
2026-04-02 21:30:31,851 INFO src.train.trainer: Epoch 1824
2026-04-02 21:30:31,934 INFO src.train.trainer: Last model at epoch 1824 saved to checkpoints/rtpp_20260402-212800/last_model_1.pth
2026-04-02 21:30:31,934 INFO src.train.trainer: Epoch 1825
2026-04-02 21:30:32,015 INFO src.train.trainer: Last model at epoch 1825 saved to checkpoints/rtpp_20260402-212800/last_model_1.pth
2026-04-02 21:30:32,015 INFO src.train.trainer: Epoch 1826
2026-04-02 21:30:32,100 INFO src.train.trainer: Last model at epoch 1826 saved to checkpoints/rtpp_20260402-212800/last_model_1.pth
2026-04-02 21:30:32,101 INFO src.train.trainer: Epoch 1827
2026-04-02 21:30:32,198 INFO src.train.trainer: Last model at epoch 1827 saved to checkpoints/rtpp_20260402-212800/last_model_1.pth
2026-04-02 21:30:32,198 INFO src.train.trainer: Epoch 1828
2026-04-02 21:30:32,291 INFO src.train.trainer: Last model at epoch 1828 saved to checkpoints/rtpp_20260402-212800/last_model_1.pth
2026-04-02 21:30:32,291 INFO src.train.trainer: Epoch 1829
2026-04-02 21:30:32,385 INFO src.train.trainer: Last model at epoch 1829 saved to checkpoints/rtpp_20260402-212800/last_model_1.pth
2026-04-02 21:30:32,385 INFO src.train.trainer: Epoch 1830
2026-04-02 21:30:32,478 INFO src.train.trainer: Last model at epoch 1830 saved to checkpoints/rtpp_20260402-212800/last_model_1.pth
2026-04-02 21:30:32,478 INFO src.train.trainer: Epoch 1831
2026-04-02 21:30:32,573 INFO src.train.trainer: Last model at epoch 1831 saved to checkpoints/rtpp_20260402-212800/last_model_1.pth
2026-04-02 21:30:32,573 INFO src.train.trainer: Epoch 1832
2026-04-02 21:30:32,667 INFO src.train.trainer: Last model at epoch 1832 saved to checkpoints/rtpp_20260402-212800/last_model_1.pth
2026-04-02 21:30:32,667 INFO src.train.trainer: Epoch 1833
2026-04-02 21:30:32,760 INFO src.train.trainer: Last model at epoch 1833 saved to checkpoints/rtpp_20260402-212800/last_model_1.pth
2026-04-02 21:30:32,760 INFO src.train.trainer: Epoch 1834
2026-04-02 21:30:32,852 INFO src.train.trainer: Last model at epoch 1834 saved to checkpoints/rtpp_20260402-212800/last_model_1.pth
2026-04-02 21:30:32,852 INFO src.train.trainer: Epoch 1835
2026-04-02 21:30:32,945 INFO src.train.trainer: Last model at epoch 1835 saved to checkpoints/rtpp_20260402-212800/last_model_1.pth
2026-04-02 21:30:32,945 INFO src.train.trainer: Epoch 1836
2026-04-02 21:30:33,036 INFO src.train.trainer: Last model at epoch 1836 saved to checkpoints/rtpp_20260402-212800/last_model_1.pth
2026-04-02 21:30:33,036 INFO src.train.trainer: Epoch 1837
2026-04-02 21:30:33,129 INFO src.train.trainer: Last model at epoch 1837 saved to checkpoints/rtpp_20260402-212800/last_model_1.pth
2026-04-02 21:30:33,129 INFO src.train.trainer: Epoch 1838
2026-04-02 21:30:33,221 INFO src.train.trainer: Last model at epoch 1838 saved to checkpoints/rtpp_20260402-212800/last_model_1.pth
2026-04-02 21:30:33,221 INFO src.train.trainer: Epoch 1839
2026-04-02 21:30:33,317 INFO src.train.trainer: Last model at epoch 1839 saved to checkpoints/rtpp_20260402-212800/last_model_1.pth
2026-04-02 21:30:33,317 INFO src.train.trainer: Epoch 1840
2026-04-02 21:30:33,408 INFO src.train.trainer: Last model at epoch 1840 saved to checkpoints/rtpp_20260402-212800/last_model_1.pth
2026-04-02 21:30:33,408 INFO src.train.trainer: Epoch 1841
2026-04-02 21:30:33,497 INFO src.train.trainer: Last model at epoch 1841 saved to checkpoints/rtpp_20260402-212800/last_model_1.pth
2026-04-02 21:30:33,497 INFO src.train.trainer: Epoch 1842
2026-04-02 21:30:33,587 INFO src.train.trainer: Last model at epoch 1842 saved to checkpoints/rtpp_20260402-212800/last_model_1.pth
2026-04-02 21:30:33,587 INFO src.train.trainer: Epoch 1843
2026-04-02 21:30:33,677 INFO src.train.trainer: Last model at epoch 1843 saved to checkpoints/rtpp_20260402-212800/last_model_1.pth
2026-04-02 21:30:33,677 INFO src.train.trainer: Epoch 1844
2026-04-02 21:30:33,767 INFO src.train.trainer: Last model at epoch 1844 saved to checkpoints/rtpp_20260402-212800/last_model_1.pth
2026-04-02 21:30:33,767 INFO src.train.trainer: Epoch 1845
2026-04-02 21:30:33,858 INFO src.train.trainer: Last model at epoch 1845 saved to checkpoints/rtpp_20260402-212800/last_model_1.pth
2026-04-02 21:30:33,858 INFO src.train.trainer: Epoch 1846
2026-04-02 21:30:33,950 INFO src.train.trainer: Last model at epoch 1846 saved to checkpoints/rtpp_20260402-212800/last_model_1.pth
2026-04-02 21:30:33,950 INFO src.train.trainer: Epoch 1847
2026-04-02 21:30:34,044 INFO src.train.trainer: Last model at epoch 1847 saved to checkpoints/rtpp_20260402-212800/last_model_1.pth
2026-04-02 21:30:34,044 INFO src.train.trainer: Epoch 1848
2026-04-02 21:30:34,136 INFO src.train.trainer: Last model at epoch 1848 saved to checkpoints/rtpp_20260402-212800/last_model_1.pth
2026-04-02 21:30:34,136 INFO src.train.trainer: Epoch 1849
2026-04-02 21:30:34,228 INFO src.train.trainer: Last model at epoch 1849 saved to checkpoints/rtpp_20260402-212800/last_model_1.pth
2026-04-02 21:30:34,228 INFO src.train.trainer: Epoch 1850
2026-04-02 21:30:34,321 INFO src.train.trainer: Last model at epoch 1850 saved to checkpoints/rtpp_20260402-212800/last_model_1.pth
2026-04-02 21:30:34,321 INFO src.train.trainer: Epoch 1851
2026-04-02 21:30:34,415 INFO src.train.trainer: Last model at epoch 1851 saved to checkpoints/rtpp_20260402-212800/last_model_1.pth
2026-04-02 21:30:34,416 INFO src.train.trainer: Epoch 1852
2026-04-02 21:30:34,509 INFO src.train.trainer: Last model at epoch 1852 saved to checkpoints/rtpp_20260402-212800/last_model_1.pth
2026-04-02 21:30:34,509 INFO src.train.trainer: Epoch 1853
2026-04-02 21:30:34,601 INFO src.train.trainer: Last model at epoch 1853 saved to checkpoints/rtpp_20260402-212800/last_model_1.pth
2026-04-02 21:30:34,601 INFO src.train.trainer: Epoch 1854
2026-04-02 21:30:34,694 INFO src.train.trainer: Last model at epoch 1854 saved to checkpoints/rtpp_20260402-212800/last_model_1.pth
2026-04-02 21:30:34,695 INFO src.train.trainer: Epoch 1855
2026-04-02 21:30:34,787 INFO src.train.trainer: Last model at epoch 1855 saved to checkpoints/rtpp_20260402-212800/last_model_1.pth
2026-04-02 21:30:34,787 INFO src.train.trainer: Epoch 1856
2026-04-02 21:30:34,879 INFO src.train.trainer: Last model at epoch 1856 saved to checkpoints/rtpp_20260402-212800/last_model_1.pth
2026-04-02 21:30:34,879 INFO src.train.trainer: Epoch 1857
2026-04-02 21:30:34,971 INFO src.train.trainer: Last model at epoch 1857 saved to checkpoints/rtpp_20260402-212800/last_model_1.pth
2026-04-02 21:30:34,971 INFO src.train.trainer: Epoch 1858
2026-04-02 21:30:35,067 INFO src.train.trainer: Last model at epoch 1858 saved to checkpoints/rtpp_20260402-212800/last_model_1.pth
2026-04-02 21:30:35,067 INFO src.train.trainer: Epoch 1859
2026-04-02 21:30:35,161 INFO src.train.trainer: Last model at epoch 1859 saved to checkpoints/rtpp_20260402-212800/last_model_1.pth
2026-04-02 21:30:35,161 INFO src.train.trainer: Epoch 1860
2026-04-02 21:30:35,254 INFO src.train.trainer: Last model at epoch 1860 saved to checkpoints/rtpp_20260402-212800/last_model_1.pth
2026-04-02 21:30:35,254 INFO src.train.trainer: Epoch 1861
2026-04-02 21:30:35,343 INFO src.train.trainer: Last model at epoch 1861 saved to checkpoints/rtpp_20260402-212800/last_model_1.pth
2026-04-02 21:30:35,344 INFO src.train.trainer: Epoch 1862
2026-04-02 21:30:35,437 INFO src.train.trainer: Last model at epoch 1862 saved to checkpoints/rtpp_20260402-212800/last_model_1.pth
2026-04-02 21:30:35,437 INFO src.train.trainer: Epoch 1863
2026-04-02 21:30:35,527 INFO src.train.trainer: Last model at epoch 1863 saved to checkpoints/rtpp_20260402-212800/last_model_1.pth
2026-04-02 21:30:35,527 INFO src.train.trainer: Epoch 1864
2026-04-02 21:30:35,617 INFO src.train.trainer: Last model at epoch 1864 saved to checkpoints/rtpp_20260402-212800/last_model_1.pth
2026-04-02 21:30:35,618 INFO src.train.trainer: Epoch 1865
2026-04-02 21:30:35,708 INFO src.train.trainer: Last model at epoch 1865 saved to checkpoints/rtpp_20260402-212800/last_model_1.pth
2026-04-02 21:30:35,708 INFO src.train.trainer: Epoch 1866
2026-04-02 21:30:35,800 INFO src.train.trainer: Last model at epoch 1866 saved to checkpoints/rtpp_20260402-212800/last_model_1.pth
2026-04-02 21:30:35,800 INFO src.train.trainer: Epoch 1867
2026-04-02 21:30:35,893 INFO src.train.trainer: Last model at epoch 1867 saved to checkpoints/rtpp_20260402-212800/last_model_1.pth
2026-04-02 21:30:35,893 INFO src.train.trainer: Epoch 1868
2026-04-02 21:30:35,984 INFO src.train.trainer: Last model at epoch 1868 saved to checkpoints/rtpp_20260402-212800/last_model_1.pth
2026-04-02 21:30:35,984 INFO src.train.trainer: Epoch 1869
2026-04-02 21:30:36,076 INFO src.train.trainer: Last model at epoch 1869 saved to checkpoints/rtpp_20260402-212800/last_model_1.pth
2026-04-02 21:30:36,076 INFO src.train.trainer: Epoch 1870
2026-04-02 21:30:36,167 INFO src.train.trainer: Last model at epoch 1870 saved to checkpoints/rtpp_20260402-212800/last_model_1.pth
2026-04-02 21:30:36,167 INFO src.train.trainer: Epoch 1871
2026-04-02 21:30:36,259 INFO src.train.trainer: Last model at epoch 1871 saved to checkpoints/rtpp_20260402-212800/last_model_1.pth
2026-04-02 21:30:36,259 INFO src.train.trainer: Epoch 1872
2026-04-02 21:30:36,352 INFO src.train.trainer: Last model at epoch 1872 saved to checkpoints/rtpp_20260402-212800/last_model_1.pth
2026-04-02 21:30:36,352 INFO src.train.trainer: Epoch 1873
2026-04-02 21:30:36,442 INFO src.train.trainer: Last model at epoch 1873 saved to checkpoints/rtpp_20260402-212800/last_model_1.pth
2026-04-02 21:30:36,442 INFO src.train.trainer: Epoch 1874
2026-04-02 21:30:36,534 INFO src.train.trainer: Last model at epoch 1874 saved to checkpoints/rtpp_20260402-212800/last_model_1.pth
2026-04-02 21:30:36,534 INFO src.train.trainer: Epoch 1875
2026-04-02 21:30:36,626 INFO src.train.trainer: Last model at epoch 1875 saved to checkpoints/rtpp_20260402-212800/last_model_1.pth
2026-04-02 21:30:36,626 INFO src.train.trainer: Epoch 1876
2026-04-02 21:30:36,719 INFO src.train.trainer: Last model at epoch 1876 saved to checkpoints/rtpp_20260402-212800/last_model_1.pth
2026-04-02 21:30:36,719 INFO src.train.trainer: Epoch 1877
2026-04-02 21:30:36,893 INFO src.train.trainer: Last model at epoch 1877 saved to checkpoints/rtpp_20260402-212800/last_model_1.pth
2026-04-02 21:30:36,893 INFO src.train.trainer: Epoch 1878
2026-04-02 21:30:37,044 INFO src.train.trainer: Last model at epoch 1878 saved to checkpoints/rtpp_20260402-212800/last_model_1.pth
2026-04-02 21:30:37,044 INFO src.train.trainer: Epoch 1879
2026-04-02 21:30:37,138 INFO src.train.trainer: Last model at epoch 1879 saved to checkpoints/rtpp_20260402-212800/last_model_1.pth
2026-04-02 21:30:37,138 INFO src.train.trainer: Epoch 1880
2026-04-02 21:30:37,219 INFO src.train.trainer: Last model at epoch 1880 saved to checkpoints/rtpp_20260402-212800/last_model_1.pth
2026-04-02 21:30:37,219 INFO src.train.trainer: Epoch 1881
2026-04-02 21:30:37,297 INFO src.train.trainer: Last model at epoch 1881 saved to checkpoints/rtpp_20260402-212800/last_model_1.pth
2026-04-02 21:30:37,297 INFO src.train.trainer: Epoch 1882
2026-04-02 21:30:37,373 INFO src.train.trainer: Last model at epoch 1882 saved to checkpoints/rtpp_20260402-212800/last_model_1.pth
2026-04-02 21:30:37,373 INFO src.train.trainer: Epoch 1883
2026-04-02 21:30:37,449 INFO src.train.trainer: Last model at epoch 1883 saved to checkpoints/rtpp_20260402-212800/last_model_1.pth
2026-04-02 21:30:37,449 INFO src.train.trainer: Epoch 1884
2026-04-02 21:30:37,526 INFO src.train.trainer: Last model at epoch 1884 saved to checkpoints/rtpp_20260402-212800/last_model_1.pth
2026-04-02 21:30:37,526 INFO src.train.trainer: Epoch 1885
2026-04-02 21:30:37,601 INFO src.train.trainer: Last model at epoch 1885 saved to checkpoints/rtpp_20260402-212800/last_model_1.pth
2026-04-02 21:30:37,601 INFO src.train.trainer: Epoch 1886
2026-04-02 21:30:37,680 INFO src.train.trainer: Last model at epoch 1886 saved to checkpoints/rtpp_20260402-212800/last_model_1.pth
2026-04-02 21:30:37,680 INFO src.train.trainer: Epoch 1887
2026-04-02 21:30:37,758 INFO src.train.trainer: Last model at epoch 1887 saved to checkpoints/rtpp_20260402-212800/last_model_1.pth
2026-04-02 21:30:37,758 INFO src.train.trainer: Epoch 1888
2026-04-02 21:30:37,837 INFO src.train.trainer: Last model at epoch 1888 saved to checkpoints/rtpp_20260402-212800/last_model_1.pth
2026-04-02 21:30:37,837 INFO src.train.trainer: Epoch 1889
2026-04-02 21:30:37,919 INFO src.train.trainer: Last model at epoch 1889 saved to checkpoints/rtpp_20260402-212800/last_model_1.pth
2026-04-02 21:30:37,919 INFO src.train.trainer: Epoch 1890
2026-04-02 21:30:38,000 INFO src.train.trainer: Last model at epoch 1890 saved to checkpoints/rtpp_20260402-212800/last_model_1.pth
2026-04-02 21:30:38,000 INFO src.train.trainer: Epoch 1891
2026-04-02 21:30:38,079 INFO src.train.trainer: Last model at epoch 1891 saved to checkpoints/rtpp_20260402-212800/last_model_1.pth
2026-04-02 21:30:38,079 INFO src.train.trainer: Epoch 1892
2026-04-02 21:30:38,158 INFO src.train.trainer: Last model at epoch 1892 saved to checkpoints/rtpp_20260402-212800/last_model_1.pth
2026-04-02 21:30:38,158 INFO src.train.trainer: Epoch 1893
2026-04-02 21:30:38,239 INFO src.train.trainer: Last model at epoch 1893 saved to checkpoints/rtpp_20260402-212800/last_model_1.pth
2026-04-02 21:30:38,239 INFO src.train.trainer: Epoch 1894
2026-04-02 21:30:38,318 INFO src.train.trainer: Last model at epoch 1894 saved to checkpoints/rtpp_20260402-212800/last_model_1.pth
2026-04-02 21:30:38,318 INFO src.train.trainer: Epoch 1895
2026-04-02 21:30:38,401 INFO src.train.trainer: Last model at epoch 1895 saved to checkpoints/rtpp_20260402-212800/last_model_1.pth
2026-04-02 21:30:38,401 INFO src.train.trainer: Epoch 1896
2026-04-02 21:30:38,481 INFO src.train.trainer: Last model at epoch 1896 saved to checkpoints/rtpp_20260402-212800/last_model_1.pth
2026-04-02 21:30:38,481 INFO src.train.trainer: Epoch 1897
2026-04-02 21:30:38,560 INFO src.train.trainer: Last model at epoch 1897 saved to checkpoints/rtpp_20260402-212800/last_model_1.pth
2026-04-02 21:30:38,560 INFO src.train.trainer: Epoch 1898
2026-04-02 21:30:38,639 INFO src.train.trainer: Last model at epoch 1898 saved to checkpoints/rtpp_20260402-212800/last_model_1.pth
2026-04-02 21:30:38,639 INFO src.train.trainer: Epoch 1899
2026-04-02 21:30:38,732 INFO src.train.trainer: Last model at epoch 1899 saved to checkpoints/rtpp_20260402-212800/last_model_1.pth
2026-04-02 21:30:38,732 INFO src.train.trainer: Epoch 1900
2026-04-02 21:30:38,824 INFO src.train.trainer: Last model at epoch 1900 saved to checkpoints/rtpp_20260402-212800/last_model_1.pth
2026-04-02 21:30:38,824 INFO src.train.trainer: Epoch 1901
2026-04-02 21:30:38,899 INFO src.train.trainer: Last model at epoch 1901 saved to checkpoints/rtpp_20260402-212800/last_model_1.pth
2026-04-02 21:30:38,899 INFO src.train.trainer: Epoch 1902
2026-04-02 21:30:38,977 INFO src.train.trainer: Last model at epoch 1902 saved to checkpoints/rtpp_20260402-212800/last_model_1.pth
2026-04-02 21:30:38,977 INFO src.train.trainer: Epoch 1903
2026-04-02 21:30:39,055 INFO src.train.trainer: Last model at epoch 1903 saved to checkpoints/rtpp_20260402-212800/last_model_1.pth
2026-04-02 21:30:39,055 INFO src.train.trainer: Epoch 1904
2026-04-02 21:30:39,132 INFO src.train.trainer: Last model at epoch 1904 saved to checkpoints/rtpp_20260402-212800/last_model_1.pth
2026-04-02 21:30:39,132 INFO src.train.trainer: Epoch 1905
2026-04-02 21:30:39,206 INFO src.train.trainer: Last model at epoch 1905 saved to checkpoints/rtpp_20260402-212800/last_model_1.pth
2026-04-02 21:30:39,206 INFO src.train.trainer: Epoch 1906
2026-04-02 21:30:39,280 INFO src.train.trainer: Last model at epoch 1906 saved to checkpoints/rtpp_20260402-212800/last_model_1.pth
2026-04-02 21:30:39,280 INFO src.train.trainer: Epoch 1907
2026-04-02 21:30:39,355 INFO src.train.trainer: Last model at epoch 1907 saved to checkpoints/rtpp_20260402-212800/last_model_1.pth
2026-04-02 21:30:39,355 INFO src.train.trainer: Epoch 1908
2026-04-02 21:30:39,430 INFO src.train.trainer: Last model at epoch 1908 saved to checkpoints/rtpp_20260402-212800/last_model_1.pth
2026-04-02 21:30:39,430 INFO src.train.trainer: Epoch 1909
2026-04-02 21:30:39,507 INFO src.train.trainer: Last model at epoch 1909 saved to checkpoints/rtpp_20260402-212800/last_model_1.pth
2026-04-02 21:30:39,507 INFO src.train.trainer: Epoch 1910
2026-04-02 21:30:39,590 INFO src.train.trainer: Last model at epoch 1910 saved to checkpoints/rtpp_20260402-212800/last_model_1.pth
2026-04-02 21:30:39,590 INFO src.train.trainer: Epoch 1911
2026-04-02 21:30:39,686 INFO src.train.trainer: Last model at epoch 1911 saved to checkpoints/rtpp_20260402-212800/last_model_1.pth
2026-04-02 21:30:39,686 INFO src.train.trainer: Epoch 1912
2026-04-02 21:30:39,779 INFO src.train.trainer: Last model at epoch 1912 saved to checkpoints/rtpp_20260402-212800/last_model_1.pth
2026-04-02 21:30:39,779 INFO src.train.trainer: Epoch 1913
2026-04-02 21:30:39,875 INFO src.train.trainer: Last model at epoch 1913 saved to checkpoints/rtpp_20260402-212800/last_model_1.pth
2026-04-02 21:30:39,875 INFO src.train.trainer: Epoch 1914
2026-04-02 21:30:39,968 INFO src.train.trainer: Last model at epoch 1914 saved to checkpoints/rtpp_20260402-212800/last_model_1.pth
2026-04-02 21:30:39,969 INFO src.train.trainer: Epoch 1915
2026-04-02 21:30:40,064 INFO src.train.trainer: Last model at epoch 1915 saved to checkpoints/rtpp_20260402-212800/last_model_1.pth
2026-04-02 21:30:40,064 INFO src.train.trainer: Epoch 1916
2026-04-02 21:30:40,156 INFO src.train.trainer: Last model at epoch 1916 saved to checkpoints/rtpp_20260402-212800/last_model_1.pth
2026-04-02 21:30:40,156 INFO src.train.trainer: Epoch 1917
2026-04-02 21:30:40,249 INFO src.train.trainer: Last model at epoch 1917 saved to checkpoints/rtpp_20260402-212800/last_model_1.pth
2026-04-02 21:30:40,250 INFO src.train.trainer: Epoch 1918
2026-04-02 21:30:40,342 INFO src.train.trainer: Last model at epoch 1918 saved to checkpoints/rtpp_20260402-212800/last_model_1.pth
2026-04-02 21:30:40,342 INFO src.train.trainer: Epoch 1919
2026-04-02 21:30:40,435 INFO src.train.trainer: Last model at epoch 1919 saved to checkpoints/rtpp_20260402-212800/last_model_1.pth
2026-04-02 21:30:40,436 INFO src.train.trainer: Epoch 1920
2026-04-02 21:30:40,529 INFO src.train.trainer: Last model at epoch 1920 saved to checkpoints/rtpp_20260402-212800/last_model_1.pth
2026-04-02 21:30:40,529 INFO src.train.trainer: Epoch 1921
2026-04-02 21:30:40,621 INFO src.train.trainer: Last model at epoch 1921 saved to checkpoints/rtpp_20260402-212800/last_model_1.pth
2026-04-02 21:30:40,621 INFO src.train.trainer: Epoch 1922
2026-04-02 21:30:40,715 INFO src.train.trainer: Last model at epoch 1922 saved to checkpoints/rtpp_20260402-212800/last_model_1.pth
2026-04-02 21:30:40,715 INFO src.train.trainer: Epoch 1923
2026-04-02 21:30:40,807 INFO src.train.trainer: Last model at epoch 1923 saved to checkpoints/rtpp_20260402-212800/last_model_1.pth
2026-04-02 21:30:40,807 INFO src.train.trainer: Epoch 1924
2026-04-02 21:30:40,899 INFO src.train.trainer: Last model at epoch 1924 saved to checkpoints/rtpp_20260402-212800/last_model_1.pth
2026-04-02 21:30:40,899 INFO src.train.trainer: Epoch 1925
2026-04-02 21:30:40,992 INFO src.train.trainer: Last model at epoch 1925 saved to checkpoints/rtpp_20260402-212800/last_model_1.pth
2026-04-02 21:30:40,992 INFO src.train.trainer: Epoch 1926
2026-04-02 21:30:41,085 INFO src.train.trainer: Last model at epoch 1926 saved to checkpoints/rtpp_20260402-212800/last_model_1.pth
2026-04-02 21:30:41,085 INFO src.train.trainer: Epoch 1927
2026-04-02 21:30:41,178 INFO src.train.trainer: Last model at epoch 1927 saved to checkpoints/rtpp_20260402-212800/last_model_1.pth
2026-04-02 21:30:41,178 INFO src.train.trainer: Epoch 1928
2026-04-02 21:30:41,269 INFO src.train.trainer: Last model at epoch 1928 saved to checkpoints/rtpp_20260402-212800/last_model_1.pth
2026-04-02 21:30:41,269 INFO src.train.trainer: Epoch 1929
2026-04-02 21:30:41,360 INFO src.train.trainer: Last model at epoch 1929 saved to checkpoints/rtpp_20260402-212800/last_model_1.pth
2026-04-02 21:30:41,360 INFO src.train.trainer: Epoch 1930
2026-04-02 21:30:41,448 INFO src.train.trainer: Last model at epoch 1930 saved to checkpoints/rtpp_20260402-212800/last_model_1.pth
2026-04-02 21:30:41,448 INFO src.train.trainer: Epoch 1931
2026-04-02 21:30:41,542 INFO src.train.trainer: Last model at epoch 1931 saved to checkpoints/rtpp_20260402-212800/last_model_1.pth
2026-04-02 21:30:41,542 INFO src.train.trainer: Epoch 1932
2026-04-02 21:30:41,635 INFO src.train.trainer: Last model at epoch 1932 saved to checkpoints/rtpp_20260402-212800/last_model_1.pth
2026-04-02 21:30:41,635 INFO src.train.trainer: Epoch 1933
2026-04-02 21:30:41,728 INFO src.train.trainer: Last model at epoch 1933 saved to checkpoints/rtpp_20260402-212800/last_model_1.pth
2026-04-02 21:30:41,728 INFO src.train.trainer: Epoch 1934
2026-04-02 21:30:41,821 INFO src.train.trainer: Last model at epoch 1934 saved to checkpoints/rtpp_20260402-212800/last_model_1.pth
2026-04-02 21:30:41,821 INFO src.train.trainer: Epoch 1935
2026-04-02 21:30:41,913 INFO src.train.trainer: Last model at epoch 1935 saved to checkpoints/rtpp_20260402-212800/last_model_1.pth
2026-04-02 21:30:41,913 INFO src.train.trainer: Epoch 1936
2026-04-02 21:30:42,005 INFO src.train.trainer: Last model at epoch 1936 saved to checkpoints/rtpp_20260402-212800/last_model_1.pth
2026-04-02 21:30:42,005 INFO src.train.trainer: Epoch 1937
2026-04-02 21:30:42,099 INFO src.train.trainer: Last model at epoch 1937 saved to checkpoints/rtpp_20260402-212800/last_model_1.pth
2026-04-02 21:30:42,099 INFO src.train.trainer: Epoch 1938
2026-04-02 21:30:42,779 INFO src.train.trainer: Last model at epoch 1938 saved to checkpoints/rtpp_20260402-212800/last_model_1.pth
2026-04-02 21:30:42,779 INFO src.train.trainer: Epoch 1939
2026-04-02 21:30:43,064 INFO src.train.trainer: Last model at epoch 1939 saved to checkpoints/rtpp_20260402-212800/last_model_1.pth
2026-04-02 21:30:43,064 INFO src.train.trainer: Epoch 1940
2026-04-02 21:30:43,178 INFO src.train.trainer: Last model at epoch 1940 saved to checkpoints/rtpp_20260402-212800/last_model_1.pth
2026-04-02 21:30:43,178 INFO src.train.trainer: Epoch 1941
2026-04-02 21:30:43,283 INFO src.train.trainer: Last model at epoch 1941 saved to checkpoints/rtpp_20260402-212800/last_model_1.pth
2026-04-02 21:30:43,283 INFO src.train.trainer: Epoch 1942
2026-04-02 21:30:43,381 INFO src.train.trainer: Last model at epoch 1942 saved to checkpoints/rtpp_20260402-212800/last_model_1.pth
2026-04-02 21:30:43,382 INFO src.train.trainer: Epoch 1943
2026-04-02 21:30:43,477 INFO src.train.trainer: Last model at epoch 1943 saved to checkpoints/rtpp_20260402-212800/last_model_1.pth
2026-04-02 21:30:43,477 INFO src.train.trainer: Epoch 1944
2026-04-02 21:30:43,572 INFO src.train.trainer: Last model at epoch 1944 saved to checkpoints/rtpp_20260402-212800/last_model_1.pth
2026-04-02 21:30:43,572 INFO src.train.trainer: Epoch 1945
2026-04-02 21:30:43,667 INFO src.train.trainer: Last model at epoch 1945 saved to checkpoints/rtpp_20260402-212800/last_model_1.pth
2026-04-02 21:30:43,668 INFO src.train.trainer: Epoch 1946
2026-04-02 21:30:43,760 INFO src.train.trainer: Last model at epoch 1946 saved to checkpoints/rtpp_20260402-212800/last_model_1.pth
2026-04-02 21:30:43,761 INFO src.train.trainer: Epoch 1947
2026-04-02 21:30:43,853 INFO src.train.trainer: Last model at epoch 1947 saved to checkpoints/rtpp_20260402-212800/last_model_1.pth
2026-04-02 21:30:43,853 INFO src.train.trainer: Epoch 1948
2026-04-02 21:30:43,947 INFO src.train.trainer: Last model at epoch 1948 saved to checkpoints/rtpp_20260402-212800/last_model_1.pth
2026-04-02 21:30:43,947 INFO src.train.trainer: Epoch 1949
2026-04-02 21:30:44,039 INFO src.train.trainer: Last model at epoch 1949 saved to checkpoints/rtpp_20260402-212800/last_model_1.pth
2026-04-02 21:30:44,039 INFO src.train.trainer: Epoch 1950
2026-04-02 21:30:44,133 INFO src.train.trainer: Last model at epoch 1950 saved to checkpoints/rtpp_20260402-212800/last_model_1.pth
2026-04-02 21:30:44,133 INFO src.train.trainer: Epoch 1951
2026-04-02 21:30:44,225 INFO src.train.trainer: Last model at epoch 1951 saved to checkpoints/rtpp_20260402-212800/last_model_1.pth
2026-04-02 21:30:44,226 INFO src.train.trainer: Epoch 1952
2026-04-02 21:30:44,318 INFO src.train.trainer: Last model at epoch 1952 saved to checkpoints/rtpp_20260402-212800/last_model_1.pth
2026-04-02 21:30:44,319 INFO src.train.trainer: Epoch 1953
2026-04-02 21:30:44,414 INFO src.train.trainer: Last model at epoch 1953 saved to checkpoints/rtpp_20260402-212800/last_model_1.pth
2026-04-02 21:30:44,414 INFO src.train.trainer: Epoch 1954
2026-04-02 21:30:44,508 INFO src.train.trainer: Last model at epoch 1954 saved to checkpoints/rtpp_20260402-212800/last_model_1.pth
2026-04-02 21:30:44,508 INFO src.train.trainer: Epoch 1955
2026-04-02 21:30:44,601 INFO src.train.trainer: Last model at epoch 1955 saved to checkpoints/rtpp_20260402-212800/last_model_1.pth
2026-04-02 21:30:44,601 INFO src.train.trainer: Epoch 1956
2026-04-02 21:30:44,693 INFO src.train.trainer: Last model at epoch 1956 saved to checkpoints/rtpp_20260402-212800/last_model_1.pth
2026-04-02 21:30:44,693 INFO src.train.trainer: Epoch 1957
2026-04-02 21:30:44,787 INFO src.train.trainer: Last model at epoch 1957 saved to checkpoints/rtpp_20260402-212800/last_model_1.pth
2026-04-02 21:30:44,788 INFO src.train.trainer: Epoch 1958
2026-04-02 21:30:44,882 INFO src.train.trainer: Last model at epoch 1958 saved to checkpoints/rtpp_20260402-212800/last_model_1.pth
2026-04-02 21:30:44,882 INFO src.train.trainer: Epoch 1959
2026-04-02 21:30:44,970 INFO src.train.trainer: Last model at epoch 1959 saved to checkpoints/rtpp_20260402-212800/last_model_1.pth
2026-04-02 21:30:44,971 INFO src.train.trainer: Epoch 1960
2026-04-02 21:30:45,064 INFO src.train.trainer: Last model at epoch 1960 saved to checkpoints/rtpp_20260402-212800/last_model_1.pth
2026-04-02 21:30:45,064 INFO src.train.trainer: Epoch 1961
2026-04-02 21:30:45,157 INFO src.train.trainer: Last model at epoch 1961 saved to checkpoints/rtpp_20260402-212800/last_model_1.pth
2026-04-02 21:30:45,157 INFO src.train.trainer: Epoch 1962
2026-04-02 21:30:45,330 INFO src.train.trainer: Last model at epoch 1962 saved to checkpoints/rtpp_20260402-212800/last_model_1.pth
2026-04-02 21:30:45,330 INFO src.train.trainer: Epoch 1963
2026-04-02 21:30:45,426 INFO src.train.trainer: Last model at epoch 1963 saved to checkpoints/rtpp_20260402-212800/last_model_1.pth
2026-04-02 21:30:45,426 INFO src.train.trainer: Epoch 1964
2026-04-02 21:30:45,523 INFO src.train.trainer: Last model at epoch 1964 saved to checkpoints/rtpp_20260402-212800/last_model_1.pth
2026-04-02 21:30:45,523 INFO src.train.trainer: Epoch 1965
2026-04-02 21:30:45,618 INFO src.train.trainer: Last model at epoch 1965 saved to checkpoints/rtpp_20260402-212800/last_model_1.pth
2026-04-02 21:30:45,618 INFO src.train.trainer: Epoch 1966
2026-04-02 21:30:45,713 INFO src.train.trainer: Last model at epoch 1966 saved to checkpoints/rtpp_20260402-212800/last_model_1.pth
2026-04-02 21:30:45,713 INFO src.train.trainer: Epoch 1967
2026-04-02 21:30:45,805 INFO src.train.trainer: Last model at epoch 1967 saved to checkpoints/rtpp_20260402-212800/last_model_1.pth
2026-04-02 21:30:45,805 INFO src.train.trainer: Epoch 1968
2026-04-02 21:30:45,897 INFO src.train.trainer: Last model at epoch 1968 saved to checkpoints/rtpp_20260402-212800/last_model_1.pth
2026-04-02 21:30:45,897 INFO src.train.trainer: Epoch 1969
2026-04-02 21:30:45,989 INFO src.train.trainer: Last model at epoch 1969 saved to checkpoints/rtpp_20260402-212800/last_model_1.pth
2026-04-02 21:30:45,989 INFO src.train.trainer: Epoch 1970
2026-04-02 21:30:46,081 INFO src.train.trainer: Last model at epoch 1970 saved to checkpoints/rtpp_20260402-212800/last_model_1.pth
2026-04-02 21:30:46,081 INFO src.train.trainer: Epoch 1971
2026-04-02 21:30:46,173 INFO src.train.trainer: Last model at epoch 1971 saved to checkpoints/rtpp_20260402-212800/last_model_1.pth
2026-04-02 21:30:46,173 INFO src.train.trainer: Epoch 1972
2026-04-02 21:30:46,265 INFO src.train.trainer: Last model at epoch 1972 saved to checkpoints/rtpp_20260402-212800/last_model_1.pth
2026-04-02 21:30:46,265 INFO src.train.trainer: Epoch 1973
2026-04-02 21:30:46,356 INFO src.train.trainer: Last model at epoch 1973 saved to checkpoints/rtpp_20260402-212800/last_model_1.pth
2026-04-02 21:30:46,357 INFO src.train.trainer: Epoch 1974
2026-04-02 21:30:46,448 INFO src.train.trainer: Last model at epoch 1974 saved to checkpoints/rtpp_20260402-212800/last_model_1.pth
2026-04-02 21:30:46,448 INFO src.train.trainer: Epoch 1975
2026-04-02 21:30:46,541 INFO src.train.trainer: Last model at epoch 1975 saved to checkpoints/rtpp_20260402-212800/last_model_1.pth
2026-04-02 21:30:46,541 INFO src.train.trainer: Epoch 1976
2026-04-02 21:30:46,633 INFO src.train.trainer: Last model at epoch 1976 saved to checkpoints/rtpp_20260402-212800/last_model_1.pth
2026-04-02 21:30:46,633 INFO src.train.trainer: Epoch 1977
2026-04-02 21:30:46,731 INFO src.train.trainer: Last model at epoch 1977 saved to checkpoints/rtpp_20260402-212800/last_model_1.pth
2026-04-02 21:30:46,731 INFO src.train.trainer: Epoch 1978
2026-04-02 21:30:46,837 INFO src.train.trainer: Last model at epoch 1978 saved to checkpoints/rtpp_20260402-212800/last_model_1.pth
2026-04-02 21:30:46,837 INFO src.train.trainer: Epoch 1979
2026-04-02 21:30:46,931 INFO src.train.trainer: Last model at epoch 1979 saved to checkpoints/rtpp_20260402-212800/last_model_1.pth
2026-04-02 21:30:46,931 INFO src.train.trainer: Epoch 1980
2026-04-02 21:30:47,026 INFO src.train.trainer: Last model at epoch 1980 saved to checkpoints/rtpp_20260402-212800/last_model_1.pth
2026-04-02 21:30:47,026 INFO src.train.trainer: Epoch 1981
2026-04-02 21:30:47,118 INFO src.train.trainer: Last model at epoch 1981 saved to checkpoints/rtpp_20260402-212800/last_model_1.pth
2026-04-02 21:30:47,118 INFO src.train.trainer: Epoch 1982
2026-04-02 21:30:47,209 INFO src.train.trainer: Last model at epoch 1982 saved to checkpoints/rtpp_20260402-212800/last_model_1.pth
2026-04-02 21:30:47,209 INFO src.train.trainer: Epoch 1983
2026-04-02 21:30:47,300 INFO src.train.trainer: Last model at epoch 1983 saved to checkpoints/rtpp_20260402-212800/last_model_1.pth
2026-04-02 21:30:47,300 INFO src.train.trainer: Epoch 1984
2026-04-02 21:30:47,392 INFO src.train.trainer: Last model at epoch 1984 saved to checkpoints/rtpp_20260402-212800/last_model_1.pth
2026-04-02 21:30:47,393 INFO src.train.trainer: Epoch 1985
2026-04-02 21:30:47,485 INFO src.train.trainer: Last model at epoch 1985 saved to checkpoints/rtpp_20260402-212800/last_model_1.pth
2026-04-02 21:30:47,485 INFO src.train.trainer: Epoch 1986
2026-04-02 21:30:47,578 INFO src.train.trainer: Last model at epoch 1986 saved to checkpoints/rtpp_20260402-212800/last_model_1.pth
2026-04-02 21:30:47,578 INFO src.train.trainer: Epoch 1987
2026-04-02 21:30:47,669 INFO src.train.trainer: Last model at epoch 1987 saved to checkpoints/rtpp_20260402-212800/last_model_1.pth
2026-04-02 21:30:47,669 INFO src.train.trainer: Epoch 1988
2026-04-02 21:30:47,763 INFO src.train.trainer: Last model at epoch 1988 saved to checkpoints/rtpp_20260402-212800/last_model_1.pth
2026-04-02 21:30:47,764 INFO src.train.trainer: Epoch 1989
2026-04-02 21:30:47,856 INFO src.train.trainer: Last model at epoch 1989 saved to checkpoints/rtpp_20260402-212800/last_model_1.pth
2026-04-02 21:30:47,856 INFO src.train.trainer: Epoch 1990
2026-04-02 21:30:47,948 INFO src.train.trainer: Last model at epoch 1990 saved to checkpoints/rtpp_20260402-212800/last_model_1.pth
2026-04-02 21:30:47,948 INFO src.train.trainer: Epoch 1991
2026-04-02 21:30:48,040 INFO src.train.trainer: Last model at epoch 1991 saved to checkpoints/rtpp_20260402-212800/last_model_1.pth
2026-04-02 21:30:48,040 INFO src.train.trainer: Epoch 1992
2026-04-02 21:30:48,132 INFO src.train.trainer: Last model at epoch 1992 saved to checkpoints/rtpp_20260402-212800/last_model_1.pth
2026-04-02 21:30:48,132 INFO src.train.trainer: Epoch 1993
2026-04-02 21:30:48,225 INFO src.train.trainer: Last model at epoch 1993 saved to checkpoints/rtpp_20260402-212800/last_model_1.pth
2026-04-02 21:30:48,225 INFO src.train.trainer: Epoch 1994
2026-04-02 21:30:48,316 INFO src.train.trainer: Last model at epoch 1994 saved to checkpoints/rtpp_20260402-212800/last_model_1.pth
2026-04-02 21:30:48,316 INFO src.train.trainer: Epoch 1995
2026-04-02 21:30:48,407 INFO src.train.trainer: Last model at epoch 1995 saved to checkpoints/rtpp_20260402-212800/last_model_1.pth
2026-04-02 21:30:48,407 INFO src.train.trainer: Epoch 1996
2026-04-02 21:30:48,499 INFO src.train.trainer: Last model at epoch 1996 saved to checkpoints/rtpp_20260402-212800/last_model_1.pth
2026-04-02 21:30:48,499 INFO src.train.trainer: Epoch 1997
2026-04-02 21:30:48,593 INFO src.train.trainer: Last model at epoch 1997 saved to checkpoints/rtpp_20260402-212800/last_model_1.pth
2026-04-02 21:30:48,593 INFO src.train.trainer: Epoch 1998
2026-04-02 21:30:48,689 INFO src.train.trainer: Last model at epoch 1998 saved to checkpoints/rtpp_20260402-212800/last_model_1.pth
2026-04-02 21:30:48,689 INFO src.train.trainer: Epoch 1999
2026-04-02 21:30:48,780 INFO src.train.trainer: Last model at epoch 1999 saved to checkpoints/rtpp_20260402-212800/last_model_1.pth
2026-04-02 21:30:48,780 INFO src.train.trainer: Epoch 2000
2026-04-02 21:30:48,870 INFO src.train.trainer: Last model at epoch 2000 saved to checkpoints/rtpp_20260402-212800/last_model_1.pth
2026-04-02 21:31:17,767 INFO src.data.catalog: Loading existing catalog from /root/autodl-tmp/em_eqf/data/PNR_1z/catalogs/2e94e6c6.
2026-04-02 21:31:17,800 INFO src.data.preparation: Number of training events: 3049
2026-04-02 21:31:17,801 INFO src.data.preparation: Number of validation events: 1204
2026-04-02 21:31:17,801 INFO src.data.preparation: Number of test events: 850
2026-04-02 21:31:18,443 INFO src.train.config_setup: load_specific_parts: None
2026-04-02 21:31:18,444 INFO src.train.config_setup: Checkpoint loaded: <All keys matched successfully>
2026-04-02 21:31:18,444 INFO src.train.config_setup: hyperparameters: {'model': 'rtpp', 'num_event_types': 1, 'pad_token_id': 1, 'task_type': 'tpp', 'bg_model': 'conv_mlp', 'bg_model_cfg': {'d_feature': 1, 'scale_init': 1000.0, 'mlp_bias': False, 'conv_bias': False}, 'batch_size': 1, 'accumulation_steps': 1, 'warmup_ratio': 0.1, 'learning_rate': 0.001, 'weight_decay': 1e-05, 'loss_reduction': 'per_event', 'scheduler_factor': None, 'scheduler_patience': None, 'scheduler_threshold': None, 'scheduler_min_lr': 1e-06, 'scheduler_type': 'hf_cosine', 'step_lr_step_size_ratio': 0.2, 'step_lr_gamma': 0.8, 'rnn_type': 'GRU', 'd_model': 64, 'rnn_dropout': 0.3, 'scale_range': 'positive', 'num_components': 32, 'num_rnn_layers': 2, 'dim': 1, 'epochs': 2000, 'save_dir': 'checkpoints/rtpp_20260402-212800', 'cuda_id': '0', 'dataset': 'PNR_1z', 'seed': 0, 'minibatch_training': False, 'split_by_time': True, 'time_order': ['train', 'val', 'test'], 'catalog_cfg': {'freq': '1D', 'mag_completeness': -1.5}, 'cuda': True, 'tau_mean': 0.00913934875279665, 'time_min': 0.0, 'tau_min': 3.832500539147077e-09, 'tau_max': 1.2314236164093018, 'tau_q05': 0.00027777778450399637, 'tau_q025': 1.1574074051168282e-05, 'mag_mean': -1.1534992456436157, 'time_max': 37.66666793823242, 'time_mean': 9.714783668518066, 'mag_completeness': -1.5, 'richter_b_mle': 1.235543527348802, 'precision': 32, 'num_events_train': 3049, 'num_events_val': 1204, 'num_events_test': 850, 'start_epoch': 0, 'best_val_loss': inf}
2026-04-02 21:31:18,444 INFO src.train.config_setup: train_metrics: {'avg_time_nll': -5.862281322479248, 'avg_total_nll': -5.951907157897949, 'avg_bg_nll': -0.08962610363960266}
2026-04-02 21:31:18,444 INFO src.train.config_setup: val_metrics: {'avg_time_nll': -6.166737079620361, 'avg_total_nll': -6.354269504547119, 'avg_bg_nll': -0.1875324696302414}
2026-04-02 21:31:18,922 INFO __main__: Saved test metrics to checkpoints/rtpp_20260402-212800/metrics_test_best_1.json
2026-04-02 21:31:18,923 INFO __main__: Metrics: {'nll_train_time': -5.894867420196533, 'nll_train_total': -5.9778947830200195, 'nll_train_bg': -0.08302722126245499, 'nll_val_time': -6.166737079620361, 'nll_val_total': -6.354269504547119, 'nll_val_bg': -0.1875324696302414, 'nll_test_time': -6.128777503967285, 'nll_test_total': -6.186127662658691, 'nll_test_bg': -0.057350318878889084, 'num_events_train': 3049, 'num_events_val': 1204, 'num_events_test': 850}
