2026-05-28 11:19:33,611 INFO src.data.catalog: Loading existing catalog from /root/autodl-tmp/em_eqf/data/PNR_1z/catalogs/2e94e6c6.
2026-05-28 11:19:33,643 INFO src.data.preparation_modules.tpp: Number of training events: 3049
2026-05-28 11:19:33,643 INFO src.data.preparation_modules.tpp: Number of validation events: 1204
2026-05-28 11:19:33,643 INFO src.data.preparation_modules.tpp: Number of test events: 850
2026-05-28 11:19:33,644 INFO src.cli.workflows: No resume path provided. Training will start from scratch.
2026-05-28 11:19:34,049 INFO src.train.config_setup: No checkpoint restore requested; initializing model from scratch.
2026-05-28 11:19:34,049 INFO src.train.config_setup: Freeze skipped (fresh_init): freeze_parts is empty.
2026-05-28 11:19:34,050 INFO src.train.trainer: Epoch 1
2026-05-28 11:19:34,556 INFO src.train.trainer: New best validation loss: -3.3020, saved to checkpoints/etas_20260528-111933/best_model_1.pth
2026-05-28 11:19:34,557 INFO src.train.trainer: Last model at epoch 1 saved to checkpoints/etas_20260528-111933/last_model_1.pth
2026-05-28 11:19:34,557 INFO src.train.trainer: Epoch 2
2026-05-28 11:19:34,613 INFO src.train.trainer: New best validation loss: -3.3028, saved to checkpoints/etas_20260528-111933/best_model_1.pth
2026-05-28 11:19:34,615 INFO src.train.trainer: Last model at epoch 2 saved to checkpoints/etas_20260528-111933/last_model_1.pth
2026-05-28 11:19:34,615 INFO src.train.trainer: Epoch 3
2026-05-28 11:19:34,670 INFO src.train.trainer: New best validation loss: -3.3040, saved to checkpoints/etas_20260528-111933/best_model_1.pth
2026-05-28 11:19:34,672 INFO src.train.trainer: Last model at epoch 3 saved to checkpoints/etas_20260528-111933/last_model_1.pth
2026-05-28 11:19:34,672 INFO src.train.trainer: Epoch 4
2026-05-28 11:19:34,725 INFO src.train.trainer: New best validation loss: -3.3056, saved to checkpoints/etas_20260528-111933/best_model_1.pth
2026-05-28 11:19:34,727 INFO src.train.trainer: Last model at epoch 4 saved to checkpoints/etas_20260528-111933/last_model_1.pth
2026-05-28 11:19:34,727 INFO src.train.trainer: Epoch 5
2026-05-28 11:19:34,780 INFO src.train.trainer: New best validation loss: -3.3076, saved to checkpoints/etas_20260528-111933/best_model_1.pth
2026-05-28 11:19:34,782 INFO src.train.trainer: Last model at epoch 5 saved to checkpoints/etas_20260528-111933/last_model_1.pth
2026-05-28 11:19:34,782 INFO src.train.trainer: Epoch 6
2026-05-28 11:19:34,835 INFO src.train.trainer: New best validation loss: -3.3101, saved to checkpoints/etas_20260528-111933/best_model_1.pth
2026-05-28 11:19:34,837 INFO src.train.trainer: Last model at epoch 6 saved to checkpoints/etas_20260528-111933/last_model_1.pth
2026-05-28 11:19:34,837 INFO src.train.trainer: Epoch 7
2026-05-28 11:19:34,891 INFO src.train.trainer: New best validation loss: -3.3129, saved to checkpoints/etas_20260528-111933/best_model_1.pth
2026-05-28 11:19:34,893 INFO src.train.trainer: Last model at epoch 7 saved to checkpoints/etas_20260528-111933/last_model_1.pth
2026-05-28 11:19:34,893 INFO src.train.trainer: Epoch 8
2026-05-28 11:19:34,947 INFO src.train.trainer: New best validation loss: -3.3161, saved to checkpoints/etas_20260528-111933/best_model_1.pth
2026-05-28 11:19:34,949 INFO src.train.trainer: Last model at epoch 8 saved to checkpoints/etas_20260528-111933/last_model_1.pth
2026-05-28 11:19:34,949 INFO src.train.trainer: Epoch 9
2026-05-28 11:19:35,004 INFO src.train.trainer: New best validation loss: -3.3198, saved to checkpoints/etas_20260528-111933/best_model_1.pth
2026-05-28 11:19:35,006 INFO src.train.trainer: Last model at epoch 9 saved to checkpoints/etas_20260528-111933/last_model_1.pth
2026-05-28 11:19:35,006 INFO src.train.trainer: Epoch 10
2026-05-28 11:19:35,063 INFO src.train.trainer: New best validation loss: -3.3238, saved to checkpoints/etas_20260528-111933/best_model_1.pth
2026-05-28 11:19:35,065 INFO src.train.trainer: Last model at epoch 10 saved to checkpoints/etas_20260528-111933/last_model_1.pth
2026-05-28 11:19:35,065 INFO src.train.trainer: Epoch 11
2026-05-28 11:19:35,129 INFO src.train.trainer: New best validation loss: -3.3283, saved to checkpoints/etas_20260528-111933/best_model_1.pth
2026-05-28 11:19:35,130 INFO src.train.trainer: Last model at epoch 11 saved to checkpoints/etas_20260528-111933/last_model_1.pth
2026-05-28 11:19:35,131 INFO src.train.trainer: Epoch 12
2026-05-28 11:19:35,190 INFO src.train.trainer: New best validation loss: -3.3332, saved to checkpoints/etas_20260528-111933/best_model_1.pth
2026-05-28 11:19:35,192 INFO src.train.trainer: Last model at epoch 12 saved to checkpoints/etas_20260528-111933/last_model_1.pth
2026-05-28 11:19:35,193 INFO src.train.trainer: Epoch 13
2026-05-28 11:19:35,256 INFO src.train.trainer: New best validation loss: -3.3385, saved to checkpoints/etas_20260528-111933/best_model_1.pth
2026-05-28 11:19:35,259 INFO src.train.trainer: Last model at epoch 13 saved to checkpoints/etas_20260528-111933/last_model_1.pth
2026-05-28 11:19:35,259 INFO src.train.trainer: Epoch 14
2026-05-28 11:19:35,326 INFO src.train.trainer: New best validation loss: -3.3442, saved to checkpoints/etas_20260528-111933/best_model_1.pth
2026-05-28 11:19:35,328 INFO src.train.trainer: Last model at epoch 14 saved to checkpoints/etas_20260528-111933/last_model_1.pth
2026-05-28 11:19:35,328 INFO src.train.trainer: Epoch 15
2026-05-28 11:19:35,395 INFO src.train.trainer: New best validation loss: -3.3504, saved to checkpoints/etas_20260528-111933/best_model_1.pth
2026-05-28 11:19:35,397 INFO src.train.trainer: Last model at epoch 15 saved to checkpoints/etas_20260528-111933/last_model_1.pth
2026-05-28 11:19:35,397 INFO src.train.trainer: Epoch 16
2026-05-28 11:19:35,462 INFO src.train.trainer: New best validation loss: -3.3570, saved to checkpoints/etas_20260528-111933/best_model_1.pth
2026-05-28 11:19:35,464 INFO src.train.trainer: Last model at epoch 16 saved to checkpoints/etas_20260528-111933/last_model_1.pth
2026-05-28 11:19:35,464 INFO src.train.trainer: Epoch 17
2026-05-28 11:19:35,530 INFO src.train.trainer: New best validation loss: -3.3640, saved to checkpoints/etas_20260528-111933/best_model_1.pth
2026-05-28 11:19:35,532 INFO src.train.trainer: Last model at epoch 17 saved to checkpoints/etas_20260528-111933/last_model_1.pth
2026-05-28 11:19:35,532 INFO src.train.trainer: Epoch 18
2026-05-28 11:19:35,599 INFO src.train.trainer: New best validation loss: -3.3715, saved to checkpoints/etas_20260528-111933/best_model_1.pth
2026-05-28 11:19:35,602 INFO src.train.trainer: Last model at epoch 18 saved to checkpoints/etas_20260528-111933/last_model_1.pth
2026-05-28 11:19:35,602 INFO src.train.trainer: Epoch 19
2026-05-28 11:19:35,670 INFO src.train.trainer: New best validation loss: -3.3794, saved to checkpoints/etas_20260528-111933/best_model_1.pth
2026-05-28 11:19:35,673 INFO src.train.trainer: Last model at epoch 19 saved to checkpoints/etas_20260528-111933/last_model_1.pth
2026-05-28 11:19:35,673 INFO src.train.trainer: Epoch 20
2026-05-28 11:19:35,741 INFO src.train.trainer: New best validation loss: -3.3882, saved to checkpoints/etas_20260528-111933/best_model_1.pth
2026-05-28 11:19:35,743 INFO src.train.trainer: Last model at epoch 20 saved to checkpoints/etas_20260528-111933/last_model_1.pth
2026-05-28 11:19:35,744 INFO src.train.trainer: Epoch 21
2026-05-28 11:19:35,813 INFO src.train.trainer: New best validation loss: -3.4029, saved to checkpoints/etas_20260528-111933/best_model_1.pth
2026-05-28 11:19:35,815 INFO src.train.trainer: Last model at epoch 21 saved to checkpoints/etas_20260528-111933/last_model_1.pth
2026-05-28 11:19:35,815 INFO src.train.trainer: Epoch 22
2026-05-28 11:19:35,884 INFO src.train.trainer: New best validation loss: -3.4278, saved to checkpoints/etas_20260528-111933/best_model_1.pth
2026-05-28 11:19:35,887 INFO src.train.trainer: Last model at epoch 22 saved to checkpoints/etas_20260528-111933/last_model_1.pth
2026-05-28 11:19:35,887 INFO src.train.trainer: Epoch 23
2026-05-28 11:19:35,958 INFO src.train.trainer: New best validation loss: -3.4549, saved to checkpoints/etas_20260528-111933/best_model_1.pth
2026-05-28 11:19:35,961 INFO src.train.trainer: Last model at epoch 23 saved to checkpoints/etas_20260528-111933/last_model_1.pth
2026-05-28 11:19:35,961 INFO src.train.trainer: Epoch 24
2026-05-28 11:19:36,037 INFO src.train.trainer: New best validation loss: -3.4847, saved to checkpoints/etas_20260528-111933/best_model_1.pth
2026-05-28 11:19:36,040 INFO src.train.trainer: Last model at epoch 24 saved to checkpoints/etas_20260528-111933/last_model_1.pth
2026-05-28 11:19:36,040 INFO src.train.trainer: Epoch 25
2026-05-28 11:19:36,114 INFO src.train.trainer: New best validation loss: -3.5189, saved to checkpoints/etas_20260528-111933/best_model_1.pth
2026-05-28 11:19:36,116 INFO src.train.trainer: Last model at epoch 25 saved to checkpoints/etas_20260528-111933/last_model_1.pth
2026-05-28 11:19:36,117 INFO src.train.trainer: Epoch 26
2026-05-28 11:19:36,190 INFO src.train.trainer: New best validation loss: -3.5551, saved to checkpoints/etas_20260528-111933/best_model_1.pth
2026-05-28 11:19:36,193 INFO src.train.trainer: Last model at epoch 26 saved to checkpoints/etas_20260528-111933/last_model_1.pth
2026-05-28 11:19:36,193 INFO src.train.trainer: Epoch 27
2026-05-28 11:19:36,265 INFO src.train.trainer: New best validation loss: -3.5917, saved to checkpoints/etas_20260528-111933/best_model_1.pth
2026-05-28 11:19:36,268 INFO src.train.trainer: Last model at epoch 27 saved to checkpoints/etas_20260528-111933/last_model_1.pth
2026-05-28 11:19:36,268 INFO src.train.trainer: Epoch 28
2026-05-28 11:19:36,342 INFO src.train.trainer: New best validation loss: -3.6293, saved to checkpoints/etas_20260528-111933/best_model_1.pth
2026-05-28 11:19:36,345 INFO src.train.trainer: Last model at epoch 28 saved to checkpoints/etas_20260528-111933/last_model_1.pth
2026-05-28 11:19:36,345 INFO src.train.trainer: Epoch 29
2026-05-28 11:19:36,421 INFO src.train.trainer: New best validation loss: -3.6671, saved to checkpoints/etas_20260528-111933/best_model_1.pth
2026-05-28 11:19:36,424 INFO src.train.trainer: Last model at epoch 29 saved to checkpoints/etas_20260528-111933/last_model_1.pth
2026-05-28 11:19:36,424 INFO src.train.trainer: Epoch 30
2026-05-28 11:19:36,500 INFO src.train.trainer: New best validation loss: -3.7049, saved to checkpoints/etas_20260528-111933/best_model_1.pth
2026-05-28 11:19:36,503 INFO src.train.trainer: Last model at epoch 30 saved to checkpoints/etas_20260528-111933/last_model_1.pth
2026-05-28 11:19:36,503 INFO src.train.trainer: Epoch 31
2026-05-28 11:19:36,577 INFO src.train.trainer: New best validation loss: -3.7422, saved to checkpoints/etas_20260528-111933/best_model_1.pth
2026-05-28 11:19:36,580 INFO src.train.trainer: Last model at epoch 31 saved to checkpoints/etas_20260528-111933/last_model_1.pth
2026-05-28 11:19:36,580 INFO src.train.trainer: Epoch 32
2026-05-28 11:19:36,653 INFO src.train.trainer: New best validation loss: -3.7792, saved to checkpoints/etas_20260528-111933/best_model_1.pth
2026-05-28 11:19:36,656 INFO src.train.trainer: Last model at epoch 32 saved to checkpoints/etas_20260528-111933/last_model_1.pth
2026-05-28 11:19:36,656 INFO src.train.trainer: Epoch 33
2026-05-28 11:19:36,731 INFO src.train.trainer: New best validation loss: -3.8160, saved to checkpoints/etas_20260528-111933/best_model_1.pth
2026-05-28 11:19:36,734 INFO src.train.trainer: Last model at epoch 33 saved to checkpoints/etas_20260528-111933/last_model_1.pth
2026-05-28 11:19:36,734 INFO src.train.trainer: Epoch 34
2026-05-28 11:19:36,808 INFO src.train.trainer: New best validation loss: -3.8524, saved to checkpoints/etas_20260528-111933/best_model_1.pth
2026-05-28 11:19:36,811 INFO src.train.trainer: Last model at epoch 34 saved to checkpoints/etas_20260528-111933/last_model_1.pth
2026-05-28 11:19:36,811 INFO src.train.trainer: Epoch 35
2026-05-28 11:19:36,885 INFO src.train.trainer: New best validation loss: -3.8885, saved to checkpoints/etas_20260528-111933/best_model_1.pth
2026-05-28 11:19:36,888 INFO src.train.trainer: Last model at epoch 35 saved to checkpoints/etas_20260528-111933/last_model_1.pth
2026-05-28 11:19:36,888 INFO src.train.trainer: Epoch 36
2026-05-28 11:19:36,962 INFO src.train.trainer: New best validation loss: -3.9243, saved to checkpoints/etas_20260528-111933/best_model_1.pth
2026-05-28 11:19:36,965 INFO src.train.trainer: Last model at epoch 36 saved to checkpoints/etas_20260528-111933/last_model_1.pth
2026-05-28 11:19:36,965 INFO src.train.trainer: Epoch 37
2026-05-28 11:19:37,039 INFO src.train.trainer: New best validation loss: -3.9598, saved to checkpoints/etas_20260528-111933/best_model_1.pth
2026-05-28 11:19:37,042 INFO src.train.trainer: Last model at epoch 37 saved to checkpoints/etas_20260528-111933/last_model_1.pth
2026-05-28 11:19:37,042 INFO src.train.trainer: Epoch 38
2026-05-28 11:19:37,117 INFO src.train.trainer: New best validation loss: -3.9951, saved to checkpoints/etas_20260528-111933/best_model_1.pth
2026-05-28 11:19:37,119 INFO src.train.trainer: Last model at epoch 38 saved to checkpoints/etas_20260528-111933/last_model_1.pth
2026-05-28 11:19:37,120 INFO src.train.trainer: Epoch 39
2026-05-28 11:19:37,194 INFO src.train.trainer: New best validation loss: -4.0301, saved to checkpoints/etas_20260528-111933/best_model_1.pth
2026-05-28 11:19:37,197 INFO src.train.trainer: Last model at epoch 39 saved to checkpoints/etas_20260528-111933/last_model_1.pth
2026-05-28 11:19:37,197 INFO src.train.trainer: Epoch 40
2026-05-28 11:19:37,272 INFO src.train.trainer: New best validation loss: -4.0648, saved to checkpoints/etas_20260528-111933/best_model_1.pth
2026-05-28 11:19:37,276 INFO src.train.trainer: Last model at epoch 40 saved to checkpoints/etas_20260528-111933/last_model_1.pth
2026-05-28 11:19:37,276 INFO src.train.trainer: Epoch 41
2026-05-28 11:19:37,351 INFO src.train.trainer: New best validation loss: -4.0991, saved to checkpoints/etas_20260528-111933/best_model_1.pth
2026-05-28 11:19:37,354 INFO src.train.trainer: Last model at epoch 41 saved to checkpoints/etas_20260528-111933/last_model_1.pth
2026-05-28 11:19:37,354 INFO src.train.trainer: Epoch 42
2026-05-28 11:19:37,428 INFO src.train.trainer: New best validation loss: -4.1331, saved to checkpoints/etas_20260528-111933/best_model_1.pth
2026-05-28 11:19:37,432 INFO src.train.trainer: Last model at epoch 42 saved to checkpoints/etas_20260528-111933/last_model_1.pth
2026-05-28 11:19:37,432 INFO src.train.trainer: Epoch 43
2026-05-28 11:19:37,517 INFO src.train.trainer: New best validation loss: -4.1666, saved to checkpoints/etas_20260528-111933/best_model_1.pth
2026-05-28 11:19:37,519 INFO src.train.trainer: Last model at epoch 43 saved to checkpoints/etas_20260528-111933/last_model_1.pth
2026-05-28 11:19:37,520 INFO src.train.trainer: Epoch 44
2026-05-28 11:19:37,595 INFO src.train.trainer: New best validation loss: -4.1998, saved to checkpoints/etas_20260528-111933/best_model_1.pth
2026-05-28 11:19:37,597 INFO src.train.trainer: Last model at epoch 44 saved to checkpoints/etas_20260528-111933/last_model_1.pth
2026-05-28 11:19:37,598 INFO src.train.trainer: Epoch 45
2026-05-28 11:19:37,670 INFO src.train.trainer: New best validation loss: -4.2325, saved to checkpoints/etas_20260528-111933/best_model_1.pth
2026-05-28 11:19:37,672 INFO src.train.trainer: Last model at epoch 45 saved to checkpoints/etas_20260528-111933/last_model_1.pth
2026-05-28 11:19:37,672 INFO src.train.trainer: Epoch 46
2026-05-28 11:19:37,744 INFO src.train.trainer: New best validation loss: -4.2648, saved to checkpoints/etas_20260528-111933/best_model_1.pth
2026-05-28 11:19:37,746 INFO src.train.trainer: Last model at epoch 46 saved to checkpoints/etas_20260528-111933/last_model_1.pth
2026-05-28 11:19:37,747 INFO src.train.trainer: Epoch 47
2026-05-28 11:19:37,820 INFO src.train.trainer: New best validation loss: -4.2965, saved to checkpoints/etas_20260528-111933/best_model_1.pth
2026-05-28 11:19:37,823 INFO src.train.trainer: Last model at epoch 47 saved to checkpoints/etas_20260528-111933/last_model_1.pth
2026-05-28 11:19:37,823 INFO src.train.trainer: Epoch 48
2026-05-28 11:19:37,898 INFO src.train.trainer: New best validation loss: -4.3278, saved to checkpoints/etas_20260528-111933/best_model_1.pth
2026-05-28 11:19:37,900 INFO src.train.trainer: Last model at epoch 48 saved to checkpoints/etas_20260528-111933/last_model_1.pth
2026-05-28 11:19:37,901 INFO src.train.trainer: Epoch 49
2026-05-28 11:19:37,974 INFO src.train.trainer: New best validation loss: -4.3586, saved to checkpoints/etas_20260528-111933/best_model_1.pth
2026-05-28 11:19:37,976 INFO src.train.trainer: Last model at epoch 49 saved to checkpoints/etas_20260528-111933/last_model_1.pth
2026-05-28 11:19:37,977 INFO src.train.trainer: Epoch 50
2026-05-28 11:19:38,050 INFO src.train.trainer: New best validation loss: -4.3888, saved to checkpoints/etas_20260528-111933/best_model_1.pth
2026-05-28 11:19:38,052 INFO src.train.trainer: Last model at epoch 50 saved to checkpoints/etas_20260528-111933/last_model_1.pth
2026-05-28 11:19:38,052 INFO src.train.trainer: Epoch 51
2026-05-28 11:19:38,126 INFO src.train.trainer: New best validation loss: -4.4183, saved to checkpoints/etas_20260528-111933/best_model_1.pth
2026-05-28 11:19:38,129 INFO src.train.trainer: Last model at epoch 51 saved to checkpoints/etas_20260528-111933/last_model_1.pth
2026-05-28 11:19:38,129 INFO src.train.trainer: Epoch 52
2026-05-28 11:19:38,204 INFO src.train.trainer: New best validation loss: -4.4471, saved to checkpoints/etas_20260528-111933/best_model_1.pth
2026-05-28 11:19:38,207 INFO src.train.trainer: Last model at epoch 52 saved to checkpoints/etas_20260528-111933/last_model_1.pth
2026-05-28 11:19:38,207 INFO src.train.trainer: Epoch 53
2026-05-28 11:19:38,281 INFO src.train.trainer: New best validation loss: -4.4752, saved to checkpoints/etas_20260528-111933/best_model_1.pth
2026-05-28 11:19:38,284 INFO src.train.trainer: Last model at epoch 53 saved to checkpoints/etas_20260528-111933/last_model_1.pth
2026-05-28 11:19:38,284 INFO src.train.trainer: Epoch 54
2026-05-28 11:19:38,358 INFO src.train.trainer: New best validation loss: -4.5024, saved to checkpoints/etas_20260528-111933/best_model_1.pth
2026-05-28 11:19:38,360 INFO src.train.trainer: Last model at epoch 54 saved to checkpoints/etas_20260528-111933/last_model_1.pth
2026-05-28 11:19:38,360 INFO src.train.trainer: Epoch 55
2026-05-28 11:19:38,433 INFO src.train.trainer: New best validation loss: -4.5287, saved to checkpoints/etas_20260528-111933/best_model_1.pth
2026-05-28 11:19:38,436 INFO src.train.trainer: Last model at epoch 55 saved to checkpoints/etas_20260528-111933/last_model_1.pth
2026-05-28 11:19:38,436 INFO src.train.trainer: Epoch 56
2026-05-28 11:19:38,509 INFO src.train.trainer: New best validation loss: -4.5539, saved to checkpoints/etas_20260528-111933/best_model_1.pth
2026-05-28 11:19:38,512 INFO src.train.trainer: Last model at epoch 56 saved to checkpoints/etas_20260528-111933/last_model_1.pth
2026-05-28 11:19:38,512 INFO src.train.trainer: Epoch 57
2026-05-28 11:19:38,586 INFO src.train.trainer: New best validation loss: -4.5778, saved to checkpoints/etas_20260528-111933/best_model_1.pth
2026-05-28 11:19:38,589 INFO src.train.trainer: Last model at epoch 57 saved to checkpoints/etas_20260528-111933/last_model_1.pth
2026-05-28 11:19:38,589 INFO src.train.trainer: Epoch 58
2026-05-28 11:19:38,663 INFO src.train.trainer: New best validation loss: -4.6005, saved to checkpoints/etas_20260528-111933/best_model_1.pth
2026-05-28 11:19:38,666 INFO src.train.trainer: Last model at epoch 58 saved to checkpoints/etas_20260528-111933/last_model_1.pth
2026-05-28 11:19:38,666 INFO src.train.trainer: Epoch 59
2026-05-28 11:19:38,745 INFO src.train.trainer: New best validation loss: -4.6216, saved to checkpoints/etas_20260528-111933/best_model_1.pth
2026-05-28 11:19:38,747 INFO src.train.trainer: Last model at epoch 59 saved to checkpoints/etas_20260528-111933/last_model_1.pth
2026-05-28 11:19:38,747 INFO src.train.trainer: Epoch 60
2026-05-28 11:19:38,820 INFO src.train.trainer: New best validation loss: -4.6409, saved to checkpoints/etas_20260528-111933/best_model_1.pth
2026-05-28 11:19:38,822 INFO src.train.trainer: Last model at epoch 60 saved to checkpoints/etas_20260528-111933/last_model_1.pth
2026-05-28 11:19:38,823 INFO src.train.trainer: Epoch 61
2026-05-28 11:19:38,893 INFO src.train.trainer: New best validation loss: -4.6583, saved to checkpoints/etas_20260528-111933/best_model_1.pth
2026-05-28 11:19:38,896 INFO src.train.trainer: Last model at epoch 61 saved to checkpoints/etas_20260528-111933/last_model_1.pth
2026-05-28 11:19:38,896 INFO src.train.trainer: Epoch 62
2026-05-28 11:19:38,967 INFO src.train.trainer: New best validation loss: -4.6735, saved to checkpoints/etas_20260528-111933/best_model_1.pth
2026-05-28 11:19:38,970 INFO src.train.trainer: Last model at epoch 62 saved to checkpoints/etas_20260528-111933/last_model_1.pth
2026-05-28 11:19:38,970 INFO src.train.trainer: Epoch 63
2026-05-28 11:19:39,042 INFO src.train.trainer: New best validation loss: -4.6861, saved to checkpoints/etas_20260528-111933/best_model_1.pth
2026-05-28 11:19:39,045 INFO src.train.trainer: Last model at epoch 63 saved to checkpoints/etas_20260528-111933/last_model_1.pth
2026-05-28 11:19:39,045 INFO src.train.trainer: Epoch 64
2026-05-28 11:19:39,117 INFO src.train.trainer: New best validation loss: -4.6959, saved to checkpoints/etas_20260528-111933/best_model_1.pth
2026-05-28 11:19:39,120 INFO src.train.trainer: Last model at epoch 64 saved to checkpoints/etas_20260528-111933/last_model_1.pth
2026-05-28 11:19:39,120 INFO src.train.trainer: Epoch 65
2026-05-28 11:19:39,193 INFO src.train.trainer: New best validation loss: -4.7025, saved to checkpoints/etas_20260528-111933/best_model_1.pth
2026-05-28 11:19:39,196 INFO src.train.trainer: Last model at epoch 65 saved to checkpoints/etas_20260528-111933/last_model_1.pth
2026-05-28 11:19:39,196 INFO src.train.trainer: Epoch 66
2026-05-28 11:19:39,269 INFO src.train.trainer: New best validation loss: -4.7055, saved to checkpoints/etas_20260528-111933/best_model_1.pth
2026-05-28 11:19:39,271 INFO src.train.trainer: Last model at epoch 66 saved to checkpoints/etas_20260528-111933/last_model_1.pth
2026-05-28 11:19:39,271 INFO src.train.trainer: Epoch 67
2026-05-28 11:19:39,344 INFO src.train.trainer: Last model at epoch 67 saved to checkpoints/etas_20260528-111933/last_model_1.pth
2026-05-28 11:19:39,344 INFO src.train.trainer: Epoch 68
2026-05-28 11:19:39,420 INFO src.train.trainer: Last model at epoch 68 saved to checkpoints/etas_20260528-111933/last_model_1.pth
2026-05-28 11:19:39,420 INFO src.train.trainer: Epoch 69
2026-05-28 11:19:39,471 WARNING src.models.tpp.etas: Branching ratio: 1.1647041709854287
2026-05-28 11:19:39,472 WARNING src.models.tpp.etas: Branching ratio: 1.1647041709854287
2026-05-28 11:19:39,473 WARNING src.models.tpp.etas: Branching ratio: 1.1647041709854287
2026-05-28 11:19:39,495 INFO src.train.trainer: Last model at epoch 69 saved to checkpoints/etas_20260528-111933/last_model_1.pth
2026-05-28 11:19:39,496 INFO src.train.trainer: Epoch 70
2026-05-28 11:19:39,547 WARNING src.models.tpp.etas: Branching ratio: 1.3919355979210843
2026-05-28 11:19:39,548 WARNING src.models.tpp.etas: Branching ratio: 1.3919355979210843
2026-05-28 11:19:39,548 WARNING src.models.tpp.etas: Branching ratio: 1.3919355979210843
2026-05-28 11:19:39,571 INFO src.train.trainer: Last model at epoch 70 saved to checkpoints/etas_20260528-111933/last_model_1.pth
2026-05-28 11:19:39,571 INFO src.train.trainer: Epoch 71
2026-05-28 11:19:39,623 WARNING src.models.tpp.etas: Branching ratio: 1.6682600575951054
2026-05-28 11:19:39,624 WARNING src.models.tpp.etas: Branching ratio: 1.6682600575951054
2026-05-28 11:19:39,624 WARNING src.models.tpp.etas: Branching ratio: 1.6682600575951054
2026-05-28 11:19:39,647 INFO src.train.trainer: Last model at epoch 71 saved to checkpoints/etas_20260528-111933/last_model_1.pth
2026-05-28 11:19:39,647 INFO src.train.trainer: Epoch 72
2026-05-28 11:19:39,699 WARNING src.models.tpp.etas: Branching ratio: 2.002657220381845
2026-05-28 11:19:39,700 WARNING src.models.tpp.etas: Branching ratio: 2.002657220381845
2026-05-28 11:19:39,700 WARNING src.models.tpp.etas: Branching ratio: 2.002657220381845
2026-05-28 11:19:39,723 INFO src.train.trainer: Last model at epoch 72 saved to checkpoints/etas_20260528-111933/last_model_1.pth
2026-05-28 11:19:39,723 INFO src.train.trainer: Epoch 73
2026-05-28 11:19:39,777 WARNING src.models.tpp.etas: Branching ratio: 2.4043624143389803
2026-05-28 11:19:39,777 WARNING src.models.tpp.etas: Branching ratio: 2.4043624143389803
2026-05-28 11:19:39,778 WARNING src.models.tpp.etas: Branching ratio: 2.4043624143389803
2026-05-28 11:19:39,801 INFO src.train.trainer: Last model at epoch 73 saved to checkpoints/etas_20260528-111933/last_model_1.pth
2026-05-28 11:19:39,802 INFO src.train.trainer: Epoch 74
2026-05-28 11:19:39,849 WARNING src.models.tpp.etas: Branching ratio: 2.881905131478632
2026-05-28 11:19:39,850 WARNING src.models.tpp.etas: Branching ratio: 2.881905131478632
2026-05-28 11:19:39,851 WARNING src.models.tpp.etas: Branching ratio: 2.881905131478632
2026-05-28 11:19:39,874 INFO src.train.trainer: Last model at epoch 74 saved to checkpoints/etas_20260528-111933/last_model_1.pth
2026-05-28 11:19:39,874 INFO src.train.trainer: Epoch 75
2026-05-28 11:19:39,917 WARNING src.models.tpp.etas: Branching ratio: 3.4415815483305665
2026-05-28 11:19:39,918 WARNING src.models.tpp.etas: Branching ratio: 3.4415815483305665
2026-05-28 11:19:39,918 WARNING src.models.tpp.etas: Branching ratio: 3.4415815483305665
2026-05-28 11:19:39,940 INFO src.train.trainer: Last model at epoch 75 saved to checkpoints/etas_20260528-111933/last_model_1.pth
2026-05-28 11:19:39,941 INFO src.train.trainer: Epoch 76
2026-05-28 11:19:39,982 WARNING src.models.tpp.etas: Branching ratio: 4.085243488174474
2026-05-28 11:19:39,982 WARNING src.models.tpp.etas: Branching ratio: 4.085243488174474
2026-05-28 11:19:39,983 WARNING src.models.tpp.etas: Branching ratio: 4.085243488174474
2026-05-28 11:19:40,005 INFO src.train.trainer: Last model at epoch 76 saved to checkpoints/etas_20260528-111933/last_model_1.pth
2026-05-28 11:19:40,005 INFO src.train.trainer: Epoch 77
2026-05-28 11:19:40,046 WARNING src.models.tpp.etas: Branching ratio: 4.807483109410576
2026-05-28 11:19:40,046 WARNING src.models.tpp.etas: Branching ratio: 4.807483109410576
2026-05-28 11:19:40,047 WARNING src.models.tpp.etas: Branching ratio: 4.807483109410576
2026-05-28 11:19:40,068 INFO src.train.trainer: Last model at epoch 77 saved to checkpoints/etas_20260528-111933/last_model_1.pth
2026-05-28 11:19:40,068 INFO src.train.trainer: Epoch 78
2026-05-28 11:19:40,109 WARNING src.models.tpp.etas: Branching ratio: 5.592472213024093
2026-05-28 11:19:40,110 WARNING src.models.tpp.etas: Branching ratio: 5.592472213024093
2026-05-28 11:19:40,110 WARNING src.models.tpp.etas: Branching ratio: 5.592472213024093
2026-05-28 11:19:40,131 INFO src.train.trainer: Last model at epoch 78 saved to checkpoints/etas_20260528-111933/last_model_1.pth
2026-05-28 11:19:40,132 INFO src.train.trainer: Epoch 79
2026-05-28 11:19:40,174 WARNING src.models.tpp.etas: Branching ratio: 6.411266957077876
2026-05-28 11:19:40,174 WARNING src.models.tpp.etas: Branching ratio: 6.411266957077876
2026-05-28 11:19:40,175 WARNING src.models.tpp.etas: Branching ratio: 6.411266957077876
2026-05-28 11:19:40,195 INFO src.train.trainer: Last model at epoch 79 saved to checkpoints/etas_20260528-111933/last_model_1.pth
2026-05-28 11:19:40,195 INFO src.train.trainer: Epoch 80
2026-05-28 11:19:40,239 WARNING src.models.tpp.etas: Branching ratio: 7.220539604107223
2026-05-28 11:19:40,239 WARNING src.models.tpp.etas: Branching ratio: 7.220539604107223
2026-05-28 11:19:40,239 WARNING src.models.tpp.etas: Branching ratio: 7.220539604107223
2026-05-28 11:19:40,260 INFO src.train.trainer: Last model at epoch 80 saved to checkpoints/etas_20260528-111933/last_model_1.pth
2026-05-28 11:19:40,260 INFO src.train.trainer: Epoch 81
2026-05-28 11:19:40,304 WARNING src.models.tpp.etas: Branching ratio: 7.964302605430587
2026-05-28 11:19:40,305 WARNING src.models.tpp.etas: Branching ratio: 7.964302605430587
2026-05-28 11:19:40,305 WARNING src.models.tpp.etas: Branching ratio: 7.964302605430587
2026-05-28 11:19:40,326 INFO src.train.trainer: Last model at epoch 81 saved to checkpoints/etas_20260528-111933/last_model_1.pth
2026-05-28 11:19:40,326 INFO src.train.trainer: Epoch 82
2026-05-28 11:19:40,372 WARNING src.models.tpp.etas: Branching ratio: 8.579582020144809
2026-05-28 11:19:40,372 WARNING src.models.tpp.etas: Branching ratio: 8.579582020144809
2026-05-28 11:19:40,373 WARNING src.models.tpp.etas: Branching ratio: 8.579582020144809
2026-05-28 11:19:40,395 INFO src.train.trainer: Last model at epoch 82 saved to checkpoints/etas_20260528-111933/last_model_1.pth
2026-05-28 11:19:40,395 INFO src.train.trainer: Epoch 83
2026-05-28 11:19:40,441 WARNING src.models.tpp.etas: Branching ratio: 9.005820598460243
2026-05-28 11:19:40,441 WARNING src.models.tpp.etas: Branching ratio: 9.005820598460243
2026-05-28 11:19:40,442 WARNING src.models.tpp.etas: Branching ratio: 9.005820598460243
2026-05-28 11:19:40,463 INFO src.train.trainer: Last model at epoch 83 saved to checkpoints/etas_20260528-111933/last_model_1.pth
2026-05-28 11:19:40,463 INFO src.train.trainer: Epoch 84
2026-05-28 11:19:40,511 WARNING src.models.tpp.etas: Branching ratio: 9.19629493569811
2026-05-28 11:19:40,512 WARNING src.models.tpp.etas: Branching ratio: 9.19629493569811
2026-05-28 11:19:40,512 WARNING src.models.tpp.etas: Branching ratio: 9.19629493569811
2026-05-28 11:19:40,534 INFO src.train.trainer: Last model at epoch 84 saved to checkpoints/etas_20260528-111933/last_model_1.pth
2026-05-28 11:19:40,534 INFO src.train.trainer: Epoch 85
2026-05-28 11:19:40,582 WARNING src.models.tpp.etas: Branching ratio: 9.128303107879052
2026-05-28 11:19:40,582 WARNING src.models.tpp.etas: Branching ratio: 9.128303107879052
2026-05-28 11:19:40,583 WARNING src.models.tpp.etas: Branching ratio: 9.128303107879052
2026-05-28 11:19:40,605 INFO src.train.trainer: Last model at epoch 85 saved to checkpoints/etas_20260528-111933/last_model_1.pth
2026-05-28 11:19:40,605 INFO src.train.trainer: Epoch 86
2026-05-28 11:19:40,654 WARNING src.models.tpp.etas: Branching ratio: 8.808454618872585
2026-05-28 11:19:40,654 WARNING src.models.tpp.etas: Branching ratio: 8.808454618872585
2026-05-28 11:19:40,655 WARNING src.models.tpp.etas: Branching ratio: 8.808454618872585
2026-05-28 11:19:40,677 INFO src.train.trainer: Last model at epoch 86 saved to checkpoints/etas_20260528-111933/last_model_1.pth
2026-05-28 11:19:40,677 INFO src.train.trainer: Epoch 87
2026-05-28 11:19:40,726 WARNING src.models.tpp.etas: Branching ratio: 8.271275444993769
2026-05-28 11:19:40,726 WARNING src.models.tpp.etas: Branching ratio: 8.271275444993769
2026-05-28 11:19:40,727 WARNING src.models.tpp.etas: Branching ratio: 8.271275444993769
2026-05-28 11:19:40,749 INFO src.train.trainer: Last model at epoch 87 saved to checkpoints/etas_20260528-111933/last_model_1.pth
2026-05-28 11:19:40,749 INFO src.train.trainer: Epoch 88
2026-05-28 11:19:40,800 WARNING src.models.tpp.etas: Branching ratio: 7.571422835745081
2026-05-28 11:19:40,801 WARNING src.models.tpp.etas: Branching ratio: 7.571422835745081
2026-05-28 11:19:40,801 WARNING src.models.tpp.etas: Branching ratio: 7.571422835745081
2026-05-28 11:19:40,824 INFO src.train.trainer: Last model at epoch 88 saved to checkpoints/etas_20260528-111933/last_model_1.pth
2026-05-28 11:19:40,824 INFO src.train.trainer: Epoch 89
2026-05-28 11:19:40,875 WARNING src.models.tpp.etas: Branching ratio: 6.772816121013518
2026-05-28 11:19:40,876 WARNING src.models.tpp.etas: Branching ratio: 6.772816121013518
2026-05-28 11:19:40,876 WARNING src.models.tpp.etas: Branching ratio: 6.772816121013518
2026-05-28 11:19:40,899 INFO src.train.trainer: Last model at epoch 89 saved to checkpoints/etas_20260528-111933/last_model_1.pth
2026-05-28 11:19:40,899 INFO src.train.trainer: Epoch 90
2026-05-28 11:19:40,952 WARNING src.models.tpp.etas: Branching ratio: 5.937574230852273
2026-05-28 11:19:40,953 WARNING src.models.tpp.etas: Branching ratio: 5.937574230852273
2026-05-28 11:19:40,953 WARNING src.models.tpp.etas: Branching ratio: 5.937574230852273
2026-05-28 11:19:40,977 INFO src.train.trainer: Last model at epoch 90 saved to checkpoints/etas_20260528-111933/last_model_1.pth
2026-05-28 11:19:40,977 INFO src.train.trainer: Epoch 91
2026-05-28 11:19:41,031 WARNING src.models.tpp.etas: Branching ratio: 5.117855673774894
2026-05-28 11:19:41,031 WARNING src.models.tpp.etas: Branching ratio: 5.117855673774894
2026-05-28 11:19:41,032 WARNING src.models.tpp.etas: Branching ratio: 5.117855673774894
2026-05-28 11:19:41,055 INFO src.train.trainer: Last model at epoch 91 saved to checkpoints/etas_20260528-111933/last_model_1.pth
2026-05-28 11:19:41,056 INFO src.train.trainer: Epoch 92
2026-05-28 11:19:41,108 WARNING src.models.tpp.etas: Branching ratio: 4.351696212144365
2026-05-28 11:19:41,108 WARNING src.models.tpp.etas: Branching ratio: 4.351696212144365
2026-05-28 11:19:41,109 WARNING src.models.tpp.etas: Branching ratio: 4.351696212144365
2026-05-28 11:19:41,132 INFO src.train.trainer: Last model at epoch 92 saved to checkpoints/etas_20260528-111933/last_model_1.pth
2026-05-28 11:19:41,132 INFO src.train.trainer: Epoch 93
2026-05-28 11:19:41,184 WARNING src.models.tpp.etas: Branching ratio: 3.6624981463379873
2026-05-28 11:19:41,184 WARNING src.models.tpp.etas: Branching ratio: 3.6624981463379873
2026-05-28 11:19:41,185 WARNING src.models.tpp.etas: Branching ratio: 3.6624981463379873
2026-05-28 11:19:41,208 INFO src.train.trainer: Last model at epoch 93 saved to checkpoints/etas_20260528-111933/last_model_1.pth
2026-05-28 11:19:41,208 INFO src.train.trainer: Epoch 94
2026-05-28 11:19:41,259 WARNING src.models.tpp.etas: Branching ratio: 3.060903797903899
2026-05-28 11:19:41,260 WARNING src.models.tpp.etas: Branching ratio: 3.060903797903899
2026-05-28 11:19:41,260 WARNING src.models.tpp.etas: Branching ratio: 3.060903797903899
2026-05-28 11:19:41,283 INFO src.train.trainer: Last model at epoch 94 saved to checkpoints/etas_20260528-111933/last_model_1.pth
2026-05-28 11:19:41,284 INFO src.train.trainer: Epoch 95
2026-05-28 11:19:41,335 WARNING src.models.tpp.etas: Branching ratio: 2.547976069109484
2026-05-28 11:19:41,336 WARNING src.models.tpp.etas: Branching ratio: 2.547976069109484
2026-05-28 11:19:41,337 WARNING src.models.tpp.etas: Branching ratio: 2.547976069109484
2026-05-28 11:19:41,359 INFO src.train.trainer: Last model at epoch 95 saved to checkpoints/etas_20260528-111933/last_model_1.pth
2026-05-28 11:19:41,360 INFO src.train.trainer: Epoch 96
2026-05-28 11:19:41,411 WARNING src.models.tpp.etas: Branching ratio: 2.1184233921968665
2026-05-28 11:19:41,412 WARNING src.models.tpp.etas: Branching ratio: 2.1184233921968665
2026-05-28 11:19:41,412 WARNING src.models.tpp.etas: Branching ratio: 2.1184233921968665
2026-05-28 11:19:41,435 INFO src.train.trainer: Last model at epoch 96 saved to checkpoints/etas_20260528-111933/last_model_1.pth
2026-05-28 11:19:41,435 INFO src.train.trainer: Epoch 97
2026-05-28 11:19:41,487 WARNING src.models.tpp.etas: Branching ratio: 1.7634413872777537
2026-05-28 11:19:41,488 WARNING src.models.tpp.etas: Branching ratio: 1.7634413872777537
2026-05-28 11:19:41,488 WARNING src.models.tpp.etas: Branching ratio: 1.7634413872777537
2026-05-28 11:19:41,511 INFO src.train.trainer: Last model at epoch 97 saved to checkpoints/etas_20260528-111933/last_model_1.pth
2026-05-28 11:19:41,511 INFO src.train.trainer: Epoch 98
2026-05-28 11:19:41,563 WARNING src.models.tpp.etas: Branching ratio: 1.4728073439667362
2026-05-28 11:19:41,564 WARNING src.models.tpp.etas: Branching ratio: 1.4728073439667362
2026-05-28 11:19:41,564 WARNING src.models.tpp.etas: Branching ratio: 1.4728073439667362
2026-05-28 11:19:41,587 INFO src.train.trainer: New best validation loss: -4.7737, saved to checkpoints/etas_20260528-111933/best_model_1.pth
2026-05-28 11:19:41,590 INFO src.train.trainer: Last model at epoch 98 saved to checkpoints/etas_20260528-111933/last_model_1.pth
2026-05-28 11:19:41,590 INFO src.train.trainer: Epoch 99
2026-05-28 11:19:41,642 WARNING src.models.tpp.etas: Branching ratio: 1.2362662218463552
2026-05-28 11:19:41,643 WARNING src.models.tpp.etas: Branching ratio: 1.2362662218463552
2026-05-28 11:19:41,643 WARNING src.models.tpp.etas: Branching ratio: 1.2362662218463552
2026-05-28 11:19:41,666 INFO src.train.trainer: New best validation loss: -4.8510, saved to checkpoints/etas_20260528-111933/best_model_1.pth
2026-05-28 11:19:41,668 INFO src.train.trainer: Last model at epoch 99 saved to checkpoints/etas_20260528-111933/last_model_1.pth
2026-05-28 11:19:41,669 INFO src.train.trainer: Epoch 100
2026-05-28 11:19:41,720 WARNING src.models.tpp.etas: Branching ratio: 1.0443392404619933
2026-05-28 11:19:41,721 WARNING src.models.tpp.etas: Branching ratio: 1.0443392404619933
2026-05-28 11:19:41,721 WARNING src.models.tpp.etas: Branching ratio: 1.0443392404619933
2026-05-28 11:19:41,744 INFO src.train.trainer: New best validation loss: -4.9244, saved to checkpoints/etas_20260528-111933/best_model_1.pth
2026-05-28 11:19:41,746 INFO src.train.trainer: Last model at epoch 100 saved to checkpoints/etas_20260528-111933/last_model_1.pth
2026-05-28 11:19:41,746 INFO src.train.trainer: Epoch 101
2026-05-28 11:19:41,820 INFO src.train.trainer: New best validation loss: -4.9941, saved to checkpoints/etas_20260528-111933/best_model_1.pth
2026-05-28 11:19:41,823 INFO src.train.trainer: Last model at epoch 101 saved to checkpoints/etas_20260528-111933/last_model_1.pth
2026-05-28 11:19:41,823 INFO src.train.trainer: Epoch 102
2026-05-28 11:19:41,896 INFO src.train.trainer: New best validation loss: -5.0593, saved to checkpoints/etas_20260528-111933/best_model_1.pth
2026-05-28 11:19:41,899 INFO src.train.trainer: Last model at epoch 102 saved to checkpoints/etas_20260528-111933/last_model_1.pth
2026-05-28 11:19:41,899 INFO src.train.trainer: Epoch 103
2026-05-28 11:19:41,973 INFO src.train.trainer: New best validation loss: -5.1204, saved to checkpoints/etas_20260528-111933/best_model_1.pth
2026-05-28 11:19:41,976 INFO src.train.trainer: Last model at epoch 103 saved to checkpoints/etas_20260528-111933/last_model_1.pth
2026-05-28 11:19:41,976 INFO src.train.trainer: Epoch 104
2026-05-28 11:19:42,051 INFO src.train.trainer: New best validation loss: -5.1778, saved to checkpoints/etas_20260528-111933/best_model_1.pth
2026-05-28 11:19:42,054 INFO src.train.trainer: Last model at epoch 104 saved to checkpoints/etas_20260528-111933/last_model_1.pth
2026-05-28 11:19:42,055 INFO src.train.trainer: Epoch 105
2026-05-28 11:19:42,131 INFO src.train.trainer: New best validation loss: -5.2316, saved to checkpoints/etas_20260528-111933/best_model_1.pth
2026-05-28 11:19:42,134 INFO src.train.trainer: Last model at epoch 105 saved to checkpoints/etas_20260528-111933/last_model_1.pth
2026-05-28 11:19:42,134 INFO src.train.trainer: Epoch 106
2026-05-28 11:19:42,212 INFO src.train.trainer: New best validation loss: -5.2823, saved to checkpoints/etas_20260528-111933/best_model_1.pth
2026-05-28 11:19:42,215 INFO src.train.trainer: Last model at epoch 106 saved to checkpoints/etas_20260528-111933/last_model_1.pth
2026-05-28 11:19:42,215 INFO src.train.trainer: Epoch 107
2026-05-28 11:19:42,290 INFO src.train.trainer: New best validation loss: -5.3303, saved to checkpoints/etas_20260528-111933/best_model_1.pth
2026-05-28 11:19:42,292 INFO src.train.trainer: Last model at epoch 107 saved to checkpoints/etas_20260528-111933/last_model_1.pth
2026-05-28 11:19:42,292 INFO src.train.trainer: Epoch 108
2026-05-28 11:19:42,366 INFO src.train.trainer: New best validation loss: -5.3758, saved to checkpoints/etas_20260528-111933/best_model_1.pth
2026-05-28 11:19:42,369 INFO src.train.trainer: Last model at epoch 108 saved to checkpoints/etas_20260528-111933/last_model_1.pth
2026-05-28 11:19:42,369 INFO src.train.trainer: Epoch 109
2026-05-28 11:19:42,444 INFO src.train.trainer: New best validation loss: -5.4192, saved to checkpoints/etas_20260528-111933/best_model_1.pth
2026-05-28 11:19:42,447 INFO src.train.trainer: Last model at epoch 109 saved to checkpoints/etas_20260528-111933/last_model_1.pth
2026-05-28 11:19:42,447 INFO src.train.trainer: Epoch 110
2026-05-28 11:19:42,521 INFO src.train.trainer: New best validation loss: -5.4606, saved to checkpoints/etas_20260528-111933/best_model_1.pth
2026-05-28 11:19:42,523 INFO src.train.trainer: Last model at epoch 110 saved to checkpoints/etas_20260528-111933/last_model_1.pth
2026-05-28 11:19:42,524 INFO src.train.trainer: Epoch 111
2026-05-28 11:19:42,597 INFO src.train.trainer: New best validation loss: -5.5004, saved to checkpoints/etas_20260528-111933/best_model_1.pth
2026-05-28 11:19:42,599 INFO src.train.trainer: Last model at epoch 111 saved to checkpoints/etas_20260528-111933/last_model_1.pth
2026-05-28 11:19:42,600 INFO src.train.trainer: Epoch 112
2026-05-28 11:19:42,672 INFO src.train.trainer: New best validation loss: -5.5387, saved to checkpoints/etas_20260528-111933/best_model_1.pth
2026-05-28 11:19:42,675 INFO src.train.trainer: Last model at epoch 112 saved to checkpoints/etas_20260528-111933/last_model_1.pth
2026-05-28 11:19:42,675 INFO src.train.trainer: Epoch 113
2026-05-28 11:19:42,751 INFO src.train.trainer: New best validation loss: -5.5757, saved to checkpoints/etas_20260528-111933/best_model_1.pth
2026-05-28 11:19:42,754 INFO src.train.trainer: Last model at epoch 113 saved to checkpoints/etas_20260528-111933/last_model_1.pth
2026-05-28 11:19:42,754 INFO src.train.trainer: Epoch 114
2026-05-28 11:19:42,829 INFO src.train.trainer: New best validation loss: -5.6117, saved to checkpoints/etas_20260528-111933/best_model_1.pth
2026-05-28 11:19:42,832 INFO src.train.trainer: Last model at epoch 114 saved to checkpoints/etas_20260528-111933/last_model_1.pth
2026-05-28 11:19:42,832 INFO src.train.trainer: Epoch 115
2026-05-28 11:19:42,908 INFO src.train.trainer: New best validation loss: -5.6466, saved to checkpoints/etas_20260528-111933/best_model_1.pth
2026-05-28 11:19:42,911 INFO src.train.trainer: Last model at epoch 115 saved to checkpoints/etas_20260528-111933/last_model_1.pth
2026-05-28 11:19:42,911 INFO src.train.trainer: Epoch 116
2026-05-28 11:19:42,985 INFO src.train.trainer: New best validation loss: -5.6807, saved to checkpoints/etas_20260528-111933/best_model_1.pth
2026-05-28 11:19:42,988 INFO src.train.trainer: Last model at epoch 116 saved to checkpoints/etas_20260528-111933/last_model_1.pth
2026-05-28 11:19:42,988 INFO src.train.trainer: Epoch 117
2026-05-28 11:19:43,062 INFO src.train.trainer: New best validation loss: -5.7141, saved to checkpoints/etas_20260528-111933/best_model_1.pth
2026-05-28 11:19:43,065 INFO src.train.trainer: Last model at epoch 117 saved to checkpoints/etas_20260528-111933/last_model_1.pth
2026-05-28 11:19:43,065 INFO src.train.trainer: Epoch 118
2026-05-28 11:19:43,140 INFO src.train.trainer: New best validation loss: -5.7468, saved to checkpoints/etas_20260528-111933/best_model_1.pth
2026-05-28 11:19:43,144 INFO src.train.trainer: Last model at epoch 118 saved to checkpoints/etas_20260528-111933/last_model_1.pth
2026-05-28 11:19:43,144 INFO src.train.trainer: Epoch 119
2026-05-28 11:19:43,221 INFO src.train.trainer: New best validation loss: -5.7788, saved to checkpoints/etas_20260528-111933/best_model_1.pth
2026-05-28 11:19:43,224 INFO src.train.trainer: Last model at epoch 119 saved to checkpoints/etas_20260528-111933/last_model_1.pth
2026-05-28 11:19:43,224 INFO src.train.trainer: Epoch 120
2026-05-28 11:19:43,299 INFO src.train.trainer: New best validation loss: -5.8102, saved to checkpoints/etas_20260528-111933/best_model_1.pth
2026-05-28 11:19:43,302 INFO src.train.trainer: Last model at epoch 120 saved to checkpoints/etas_20260528-111933/last_model_1.pth
2026-05-28 11:19:43,302 INFO src.train.trainer: Epoch 121
2026-05-28 11:19:43,375 INFO src.train.trainer: New best validation loss: -5.8409, saved to checkpoints/etas_20260528-111933/best_model_1.pth
2026-05-28 11:19:43,378 INFO src.train.trainer: Last model at epoch 121 saved to checkpoints/etas_20260528-111933/last_model_1.pth
2026-05-28 11:19:43,378 INFO src.train.trainer: Epoch 122
2026-05-28 11:19:43,451 INFO src.train.trainer: New best validation loss: -5.8709, saved to checkpoints/etas_20260528-111933/best_model_1.pth
2026-05-28 11:19:43,454 INFO src.train.trainer: Last model at epoch 122 saved to checkpoints/etas_20260528-111933/last_model_1.pth
2026-05-28 11:19:43,454 INFO src.train.trainer: Epoch 123
2026-05-28 11:19:43,528 INFO src.train.trainer: New best validation loss: -5.9003, saved to checkpoints/etas_20260528-111933/best_model_1.pth
2026-05-28 11:19:43,531 INFO src.train.trainer: Last model at epoch 123 saved to checkpoints/etas_20260528-111933/last_model_1.pth
2026-05-28 11:19:43,531 INFO src.train.trainer: Epoch 124
2026-05-28 11:19:43,604 INFO src.train.trainer: New best validation loss: -5.9288, saved to checkpoints/etas_20260528-111933/best_model_1.pth
2026-05-28 11:19:43,607 INFO src.train.trainer: Last model at epoch 124 saved to checkpoints/etas_20260528-111933/last_model_1.pth
2026-05-28 11:19:43,607 INFO src.train.trainer: Epoch 125
2026-05-28 11:19:43,681 INFO src.train.trainer: New best validation loss: -5.9563, saved to checkpoints/etas_20260528-111933/best_model_1.pth
2026-05-28 11:19:43,684 INFO src.train.trainer: Last model at epoch 125 saved to checkpoints/etas_20260528-111933/last_model_1.pth
2026-05-28 11:19:43,684 INFO src.train.trainer: Epoch 126
2026-05-28 11:19:43,761 INFO src.train.trainer: New best validation loss: -5.9828, saved to checkpoints/etas_20260528-111933/best_model_1.pth
2026-05-28 11:19:43,764 INFO src.train.trainer: Last model at epoch 126 saved to checkpoints/etas_20260528-111933/last_model_1.pth
2026-05-28 11:19:43,764 INFO src.train.trainer: Epoch 127
2026-05-28 11:19:43,839 INFO src.train.trainer: New best validation loss: -6.0082, saved to checkpoints/etas_20260528-111933/best_model_1.pth
2026-05-28 11:19:43,842 INFO src.train.trainer: Last model at epoch 127 saved to checkpoints/etas_20260528-111933/last_model_1.pth
2026-05-28 11:19:43,842 INFO src.train.trainer: Epoch 128
2026-05-28 11:19:43,919 INFO src.train.trainer: New best validation loss: -6.0322, saved to checkpoints/etas_20260528-111933/best_model_1.pth
2026-05-28 11:19:43,922 INFO src.train.trainer: Last model at epoch 128 saved to checkpoints/etas_20260528-111933/last_model_1.pth
2026-05-28 11:19:43,922 INFO src.train.trainer: Epoch 129
2026-05-28 11:19:43,996 INFO src.train.trainer: New best validation loss: -6.0549, saved to checkpoints/etas_20260528-111933/best_model_1.pth
2026-05-28 11:19:43,999 INFO src.train.trainer: Last model at epoch 129 saved to checkpoints/etas_20260528-111933/last_model_1.pth
2026-05-28 11:19:43,999 INFO src.train.trainer: Epoch 130
2026-05-28 11:19:44,078 INFO src.train.trainer: New best validation loss: -6.0760, saved to checkpoints/etas_20260528-111933/best_model_1.pth
2026-05-28 11:19:44,081 INFO src.train.trainer: Last model at epoch 130 saved to checkpoints/etas_20260528-111933/last_model_1.pth
2026-05-28 11:19:44,082 INFO src.train.trainer: Epoch 131
2026-05-28 11:19:44,156 INFO src.train.trainer: New best validation loss: -6.0956, saved to checkpoints/etas_20260528-111933/best_model_1.pth
2026-05-28 11:19:44,159 INFO src.train.trainer: Last model at epoch 131 saved to checkpoints/etas_20260528-111933/last_model_1.pth
2026-05-28 11:19:44,159 INFO src.train.trainer: Epoch 132
2026-05-28 11:19:44,233 INFO src.train.trainer: New best validation loss: -6.1135, saved to checkpoints/etas_20260528-111933/best_model_1.pth
2026-05-28 11:19:44,236 INFO src.train.trainer: Last model at epoch 132 saved to checkpoints/etas_20260528-111933/last_model_1.pth
2026-05-28 11:19:44,236 INFO src.train.trainer: Epoch 133
2026-05-28 11:19:44,305 INFO src.train.trainer: New best validation loss: -6.1297, saved to checkpoints/etas_20260528-111933/best_model_1.pth
2026-05-28 11:19:44,307 INFO src.train.trainer: Last model at epoch 133 saved to checkpoints/etas_20260528-111933/last_model_1.pth
2026-05-28 11:19:44,307 INFO src.train.trainer: Epoch 134
2026-05-28 11:19:44,374 INFO src.train.trainer: New best validation loss: -6.1443, saved to checkpoints/etas_20260528-111933/best_model_1.pth
2026-05-28 11:19:44,376 INFO src.train.trainer: Last model at epoch 134 saved to checkpoints/etas_20260528-111933/last_model_1.pth
2026-05-28 11:19:44,376 INFO src.train.trainer: Epoch 135
2026-05-28 11:19:44,439 INFO src.train.trainer: New best validation loss: -6.1572, saved to checkpoints/etas_20260528-111933/best_model_1.pth
2026-05-28 11:19:44,442 INFO src.train.trainer: Last model at epoch 135 saved to checkpoints/etas_20260528-111933/last_model_1.pth
2026-05-28 11:19:44,442 INFO src.train.trainer: Epoch 136
2026-05-28 11:19:44,502 INFO src.train.trainer: New best validation loss: -6.1684, saved to checkpoints/etas_20260528-111933/best_model_1.pth
2026-05-28 11:19:44,504 INFO src.train.trainer: Last model at epoch 136 saved to checkpoints/etas_20260528-111933/last_model_1.pth
2026-05-28 11:19:44,505 INFO src.train.trainer: Epoch 137
2026-05-28 11:19:44,565 INFO src.train.trainer: New best validation loss: -6.1781, saved to checkpoints/etas_20260528-111933/best_model_1.pth
2026-05-28 11:19:44,568 INFO src.train.trainer: Last model at epoch 137 saved to checkpoints/etas_20260528-111933/last_model_1.pth
2026-05-28 11:19:44,568 INFO src.train.trainer: Epoch 138
2026-05-28 11:19:44,630 INFO src.train.trainer: New best validation loss: -6.1864, saved to checkpoints/etas_20260528-111933/best_model_1.pth
2026-05-28 11:19:44,632 INFO src.train.trainer: Last model at epoch 138 saved to checkpoints/etas_20260528-111933/last_model_1.pth
2026-05-28 11:19:44,632 INFO src.train.trainer: Epoch 139
2026-05-28 11:19:44,698 INFO src.train.trainer: New best validation loss: -6.1932, saved to checkpoints/etas_20260528-111933/best_model_1.pth
2026-05-28 11:19:44,700 INFO src.train.trainer: Last model at epoch 139 saved to checkpoints/etas_20260528-111933/last_model_1.pth
2026-05-28 11:19:44,700 INFO src.train.trainer: Epoch 140
2026-05-28 11:19:44,763 INFO src.train.trainer: New best validation loss: -6.1988, saved to checkpoints/etas_20260528-111933/best_model_1.pth
2026-05-28 11:19:44,766 INFO src.train.trainer: Last model at epoch 140 saved to checkpoints/etas_20260528-111933/last_model_1.pth
2026-05-28 11:19:44,766 INFO src.train.trainer: Epoch 141
2026-05-28 11:19:44,833 INFO src.train.trainer: New best validation loss: -6.2032, saved to checkpoints/etas_20260528-111933/best_model_1.pth
2026-05-28 11:19:44,836 INFO src.train.trainer: Last model at epoch 141 saved to checkpoints/etas_20260528-111933/last_model_1.pth
2026-05-28 11:19:44,836 INFO src.train.trainer: Epoch 142
2026-05-28 11:19:44,900 INFO src.train.trainer: New best validation loss: -6.2066, saved to checkpoints/etas_20260528-111933/best_model_1.pth
2026-05-28 11:19:44,903 INFO src.train.trainer: Last model at epoch 142 saved to checkpoints/etas_20260528-111933/last_model_1.pth
2026-05-28 11:19:44,903 INFO src.train.trainer: Epoch 143
2026-05-28 11:19:44,969 INFO src.train.trainer: New best validation loss: -6.2091, saved to checkpoints/etas_20260528-111933/best_model_1.pth
2026-05-28 11:19:44,971 INFO src.train.trainer: Last model at epoch 143 saved to checkpoints/etas_20260528-111933/last_model_1.pth
2026-05-28 11:19:44,971 INFO src.train.trainer: Epoch 144
2026-05-28 11:19:45,041 INFO src.train.trainer: New best validation loss: -6.2107, saved to checkpoints/etas_20260528-111933/best_model_1.pth
2026-05-28 11:19:45,044 INFO src.train.trainer: Last model at epoch 144 saved to checkpoints/etas_20260528-111933/last_model_1.pth
2026-05-28 11:19:45,044 INFO src.train.trainer: Epoch 145
2026-05-28 11:19:45,114 INFO src.train.trainer: New best validation loss: -6.2118, saved to checkpoints/etas_20260528-111933/best_model_1.pth
2026-05-28 11:19:45,116 INFO src.train.trainer: Last model at epoch 145 saved to checkpoints/etas_20260528-111933/last_model_1.pth
2026-05-28 11:19:45,116 INFO src.train.trainer: Epoch 146
2026-05-28 11:19:45,186 INFO src.train.trainer: New best validation loss: -6.2123, saved to checkpoints/etas_20260528-111933/best_model_1.pth
2026-05-28 11:19:45,188 INFO src.train.trainer: Last model at epoch 146 saved to checkpoints/etas_20260528-111933/last_model_1.pth
2026-05-28 11:19:45,189 INFO src.train.trainer: Epoch 147
2026-05-28 11:19:45,258 INFO src.train.trainer: New best validation loss: -6.2124, saved to checkpoints/etas_20260528-111933/best_model_1.pth
2026-05-28 11:19:45,260 INFO src.train.trainer: Last model at epoch 147 saved to checkpoints/etas_20260528-111933/last_model_1.pth
2026-05-28 11:19:45,260 INFO src.train.trainer: Epoch 148
2026-05-28 11:19:45,330 INFO src.train.trainer: Last model at epoch 148 saved to checkpoints/etas_20260528-111933/last_model_1.pth
2026-05-28 11:19:45,330 INFO src.train.trainer: Epoch 149
2026-05-28 11:19:45,403 INFO src.train.trainer: Last model at epoch 149 saved to checkpoints/etas_20260528-111933/last_model_1.pth
2026-05-28 11:19:45,403 INFO src.train.trainer: Epoch 150
2026-05-28 11:19:45,477 INFO src.train.trainer: Last model at epoch 150 saved to checkpoints/etas_20260528-111933/last_model_1.pth
2026-05-28 11:19:45,477 INFO src.train.trainer: Epoch 151
2026-05-28 11:19:45,552 INFO src.train.trainer: Last model at epoch 151 saved to checkpoints/etas_20260528-111933/last_model_1.pth
2026-05-28 11:19:45,553 INFO src.train.trainer: Epoch 152
2026-05-28 11:19:45,626 INFO src.train.trainer: Last model at epoch 152 saved to checkpoints/etas_20260528-111933/last_model_1.pth
2026-05-28 11:19:45,627 INFO src.train.trainer: Epoch 153
2026-05-28 11:19:45,700 INFO src.train.trainer: Last model at epoch 153 saved to checkpoints/etas_20260528-111933/last_model_1.pth
2026-05-28 11:19:45,701 INFO src.train.trainer: Epoch 154
2026-05-28 11:19:45,779 INFO src.train.trainer: Last model at epoch 154 saved to checkpoints/etas_20260528-111933/last_model_1.pth
2026-05-28 11:19:45,779 INFO src.train.trainer: Epoch 155
2026-05-28 11:19:45,854 INFO src.train.trainer: Last model at epoch 155 saved to checkpoints/etas_20260528-111933/last_model_1.pth
2026-05-28 11:19:45,855 INFO src.train.trainer: Epoch 156
2026-05-28 11:19:45,932 INFO src.train.trainer: New best validation loss: -6.2126, saved to checkpoints/etas_20260528-111933/best_model_1.pth
2026-05-28 11:19:45,935 INFO src.train.trainer: Last model at epoch 156 saved to checkpoints/etas_20260528-111933/last_model_1.pth
2026-05-28 11:19:45,935 INFO src.train.trainer: Epoch 157
2026-05-28 11:19:46,011 INFO src.train.trainer: New best validation loss: -6.2139, saved to checkpoints/etas_20260528-111933/best_model_1.pth
2026-05-28 11:19:46,015 INFO src.train.trainer: Last model at epoch 157 saved to checkpoints/etas_20260528-111933/last_model_1.pth
2026-05-28 11:19:46,015 INFO src.train.trainer: Epoch 158
2026-05-28 11:19:46,090 INFO src.train.trainer: New best validation loss: -6.2155, saved to checkpoints/etas_20260528-111933/best_model_1.pth
2026-05-28 11:19:46,093 INFO src.train.trainer: Last model at epoch 158 saved to checkpoints/etas_20260528-111933/last_model_1.pth
2026-05-28 11:19:46,093 INFO src.train.trainer: Epoch 159
2026-05-28 11:19:46,170 INFO src.train.trainer: New best validation loss: -6.2175, saved to checkpoints/etas_20260528-111933/best_model_1.pth
2026-05-28 11:19:46,174 INFO src.train.trainer: Last model at epoch 159 saved to checkpoints/etas_20260528-111933/last_model_1.pth
2026-05-28 11:19:46,174 INFO src.train.trainer: Epoch 160
2026-05-28 11:19:46,251 INFO src.train.trainer: New best validation loss: -6.2199, saved to checkpoints/etas_20260528-111933/best_model_1.pth
2026-05-28 11:19:46,254 INFO src.train.trainer: Last model at epoch 160 saved to checkpoints/etas_20260528-111933/last_model_1.pth
2026-05-28 11:19:46,254 INFO src.train.trainer: Epoch 161
2026-05-28 11:19:46,328 INFO src.train.trainer: New best validation loss: -6.2227, saved to checkpoints/etas_20260528-111933/best_model_1.pth
2026-05-28 11:19:46,331 INFO src.train.trainer: Last model at epoch 161 saved to checkpoints/etas_20260528-111933/last_model_1.pth
2026-05-28 11:19:46,331 INFO src.train.trainer: Epoch 162
2026-05-28 11:19:46,405 INFO src.train.trainer: New best validation loss: -6.2258, saved to checkpoints/etas_20260528-111933/best_model_1.pth
2026-05-28 11:19:46,407 INFO src.train.trainer: Last model at epoch 162 saved to checkpoints/etas_20260528-111933/last_model_1.pth
2026-05-28 11:19:46,408 INFO src.train.trainer: Epoch 163
2026-05-28 11:19:46,483 INFO src.train.trainer: New best validation loss: -6.2293, saved to checkpoints/etas_20260528-111933/best_model_1.pth
2026-05-28 11:19:46,486 INFO src.train.trainer: Last model at epoch 163 saved to checkpoints/etas_20260528-111933/last_model_1.pth
2026-05-28 11:19:46,486 INFO src.train.trainer: Epoch 164
2026-05-28 11:19:46,564 INFO src.train.trainer: New best validation loss: -6.2332, saved to checkpoints/etas_20260528-111933/best_model_1.pth
2026-05-28 11:19:46,567 INFO src.train.trainer: Last model at epoch 164 saved to checkpoints/etas_20260528-111933/last_model_1.pth
2026-05-28 11:19:46,568 INFO src.train.trainer: Epoch 165
2026-05-28 11:19:46,645 INFO src.train.trainer: New best validation loss: -6.2373, saved to checkpoints/etas_20260528-111933/best_model_1.pth
2026-05-28 11:19:46,648 INFO src.train.trainer: Last model at epoch 165 saved to checkpoints/etas_20260528-111933/last_model_1.pth
2026-05-28 11:19:46,648 INFO src.train.trainer: Epoch 166
2026-05-28 11:19:46,721 INFO src.train.trainer: New best validation loss: -6.2417, saved to checkpoints/etas_20260528-111933/best_model_1.pth
2026-05-28 11:19:46,724 INFO src.train.trainer: Last model at epoch 166 saved to checkpoints/etas_20260528-111933/last_model_1.pth
2026-05-28 11:19:46,724 INFO src.train.trainer: Epoch 167
2026-05-28 11:19:46,802 INFO src.train.trainer: New best validation loss: -6.2462, saved to checkpoints/etas_20260528-111933/best_model_1.pth
2026-05-28 11:19:46,805 INFO src.train.trainer: Last model at epoch 167 saved to checkpoints/etas_20260528-111933/last_model_1.pth
2026-05-28 11:19:46,805 INFO src.train.trainer: Epoch 168
2026-05-28 11:19:46,879 INFO src.train.trainer: New best validation loss: -6.2509, saved to checkpoints/etas_20260528-111933/best_model_1.pth
2026-05-28 11:19:46,882 INFO src.train.trainer: Last model at epoch 168 saved to checkpoints/etas_20260528-111933/last_model_1.pth
2026-05-28 11:19:46,882 INFO src.train.trainer: Epoch 169
2026-05-28 11:19:46,958 INFO src.train.trainer: New best validation loss: -6.2557, saved to checkpoints/etas_20260528-111933/best_model_1.pth
2026-05-28 11:19:46,961 INFO src.train.trainer: Last model at epoch 169 saved to checkpoints/etas_20260528-111933/last_model_1.pth
2026-05-28 11:19:46,961 INFO src.train.trainer: Epoch 170
2026-05-28 11:19:47,038 INFO src.train.trainer: New best validation loss: -6.2606, saved to checkpoints/etas_20260528-111933/best_model_1.pth
2026-05-28 11:19:47,040 INFO src.train.trainer: Last model at epoch 170 saved to checkpoints/etas_20260528-111933/last_model_1.pth
2026-05-28 11:19:47,040 INFO src.train.trainer: Epoch 171
2026-05-28 11:19:47,116 INFO src.train.trainer: New best validation loss: -6.2654, saved to checkpoints/etas_20260528-111933/best_model_1.pth
2026-05-28 11:19:47,119 INFO src.train.trainer: Last model at epoch 171 saved to checkpoints/etas_20260528-111933/last_model_1.pth
2026-05-28 11:19:47,119 INFO src.train.trainer: Epoch 172
2026-05-28 11:19:47,194 INFO src.train.trainer: New best validation loss: -6.2703, saved to checkpoints/etas_20260528-111933/best_model_1.pth
2026-05-28 11:19:47,197 INFO src.train.trainer: Last model at epoch 172 saved to checkpoints/etas_20260528-111933/last_model_1.pth
2026-05-28 11:19:47,197 INFO src.train.trainer: Epoch 173
2026-05-28 11:19:47,273 INFO src.train.trainer: New best validation loss: -6.2750, saved to checkpoints/etas_20260528-111933/best_model_1.pth
2026-05-28 11:19:47,276 INFO src.train.trainer: Last model at epoch 173 saved to checkpoints/etas_20260528-111933/last_model_1.pth
2026-05-28 11:19:47,277 INFO src.train.trainer: Epoch 174
2026-05-28 11:19:47,354 INFO src.train.trainer: New best validation loss: -6.2797, saved to checkpoints/etas_20260528-111933/best_model_1.pth
2026-05-28 11:19:47,357 INFO src.train.trainer: Last model at epoch 174 saved to checkpoints/etas_20260528-111933/last_model_1.pth
2026-05-28 11:19:47,357 INFO src.train.trainer: Epoch 175
2026-05-28 11:19:47,430 INFO src.train.trainer: New best validation loss: -6.2842, saved to checkpoints/etas_20260528-111933/best_model_1.pth
2026-05-28 11:19:47,433 INFO src.train.trainer: Last model at epoch 175 saved to checkpoints/etas_20260528-111933/last_model_1.pth
2026-05-28 11:19:47,433 INFO src.train.trainer: Epoch 176
2026-05-28 11:19:47,510 INFO src.train.trainer: New best validation loss: -6.2886, saved to checkpoints/etas_20260528-111933/best_model_1.pth
2026-05-28 11:19:47,513 INFO src.train.trainer: Last model at epoch 176 saved to checkpoints/etas_20260528-111933/last_model_1.pth
2026-05-28 11:19:47,513 INFO src.train.trainer: Epoch 177
2026-05-28 11:19:47,587 INFO src.train.trainer: New best validation loss: -6.2928, saved to checkpoints/etas_20260528-111933/best_model_1.pth
2026-05-28 11:19:47,590 INFO src.train.trainer: Last model at epoch 177 saved to checkpoints/etas_20260528-111933/last_model_1.pth
2026-05-28 11:19:47,590 INFO src.train.trainer: Epoch 178
2026-05-28 11:19:47,666 INFO src.train.trainer: New best validation loss: -6.2969, saved to checkpoints/etas_20260528-111933/best_model_1.pth
2026-05-28 11:19:47,669 INFO src.train.trainer: Last model at epoch 178 saved to checkpoints/etas_20260528-111933/last_model_1.pth
2026-05-28 11:19:47,669 INFO src.train.trainer: Epoch 179
2026-05-28 11:19:47,751 INFO src.train.trainer: New best validation loss: -6.3007, saved to checkpoints/etas_20260528-111933/best_model_1.pth
2026-05-28 11:19:47,755 INFO src.train.trainer: Last model at epoch 179 saved to checkpoints/etas_20260528-111933/last_model_1.pth
2026-05-28 11:19:47,755 INFO src.train.trainer: Epoch 180
2026-05-28 11:19:47,829 INFO src.train.trainer: New best validation loss: -6.3044, saved to checkpoints/etas_20260528-111933/best_model_1.pth
2026-05-28 11:19:47,831 INFO src.train.trainer: Last model at epoch 180 saved to checkpoints/etas_20260528-111933/last_model_1.pth
2026-05-28 11:19:47,832 INFO src.train.trainer: Epoch 181
2026-05-28 11:19:47,906 INFO src.train.trainer: New best validation loss: -6.3079, saved to checkpoints/etas_20260528-111933/best_model_1.pth
2026-05-28 11:19:47,909 INFO src.train.trainer: Last model at epoch 181 saved to checkpoints/etas_20260528-111933/last_model_1.pth
2026-05-28 11:19:47,909 INFO src.train.trainer: Epoch 182
2026-05-28 11:19:47,984 INFO src.train.trainer: New best validation loss: -6.3112, saved to checkpoints/etas_20260528-111933/best_model_1.pth
2026-05-28 11:19:47,987 INFO src.train.trainer: Last model at epoch 182 saved to checkpoints/etas_20260528-111933/last_model_1.pth
2026-05-28 11:19:47,987 INFO src.train.trainer: Epoch 183
2026-05-28 11:19:48,062 INFO src.train.trainer: New best validation loss: -6.3143, saved to checkpoints/etas_20260528-111933/best_model_1.pth
2026-05-28 11:19:48,065 INFO src.train.trainer: Last model at epoch 183 saved to checkpoints/etas_20260528-111933/last_model_1.pth
2026-05-28 11:19:48,065 INFO src.train.trainer: Epoch 184
2026-05-28 11:19:48,139 INFO src.train.trainer: New best validation loss: -6.3173, saved to checkpoints/etas_20260528-111933/best_model_1.pth
2026-05-28 11:19:48,141 INFO src.train.trainer: Last model at epoch 184 saved to checkpoints/etas_20260528-111933/last_model_1.pth
2026-05-28 11:19:48,142 INFO src.train.trainer: Epoch 185
2026-05-28 11:19:48,215 INFO src.train.trainer: New best validation loss: -6.3201, saved to checkpoints/etas_20260528-111933/best_model_1.pth
2026-05-28 11:19:48,218 INFO src.train.trainer: Last model at epoch 185 saved to checkpoints/etas_20260528-111933/last_model_1.pth
2026-05-28 11:19:48,218 INFO src.train.trainer: Epoch 186
2026-05-28 11:19:48,291 INFO src.train.trainer: New best validation loss: -6.3228, saved to checkpoints/etas_20260528-111933/best_model_1.pth
2026-05-28 11:19:48,294 INFO src.train.trainer: Last model at epoch 186 saved to checkpoints/etas_20260528-111933/last_model_1.pth
2026-05-28 11:19:48,294 INFO src.train.trainer: Epoch 187
2026-05-28 11:19:48,370 INFO src.train.trainer: New best validation loss: -6.3253, saved to checkpoints/etas_20260528-111933/best_model_1.pth
2026-05-28 11:19:48,373 INFO src.train.trainer: Last model at epoch 187 saved to checkpoints/etas_20260528-111933/last_model_1.pth
2026-05-28 11:19:48,373 INFO src.train.trainer: Epoch 188
2026-05-28 11:19:48,448 INFO src.train.trainer: New best validation loss: -6.3278, saved to checkpoints/etas_20260528-111933/best_model_1.pth
2026-05-28 11:19:48,451 INFO src.train.trainer: Last model at epoch 188 saved to checkpoints/etas_20260528-111933/last_model_1.pth
2026-05-28 11:19:48,451 INFO src.train.trainer: Epoch 189
2026-05-28 11:19:48,525 INFO src.train.trainer: New best validation loss: -6.3302, saved to checkpoints/etas_20260528-111933/best_model_1.pth
2026-05-28 11:19:48,528 INFO src.train.trainer: Last model at epoch 189 saved to checkpoints/etas_20260528-111933/last_model_1.pth
2026-05-28 11:19:48,529 INFO src.train.trainer: Epoch 190
2026-05-28 11:19:48,602 INFO src.train.trainer: New best validation loss: -6.3324, saved to checkpoints/etas_20260528-111933/best_model_1.pth
2026-05-28 11:19:48,605 INFO src.train.trainer: Last model at epoch 190 saved to checkpoints/etas_20260528-111933/last_model_1.pth
2026-05-28 11:19:48,605 INFO src.train.trainer: Epoch 191
2026-05-28 11:19:48,680 INFO src.train.trainer: New best validation loss: -6.3347, saved to checkpoints/etas_20260528-111933/best_model_1.pth
2026-05-28 11:19:48,683 INFO src.train.trainer: Last model at epoch 191 saved to checkpoints/etas_20260528-111933/last_model_1.pth
2026-05-28 11:19:48,683 INFO src.train.trainer: Epoch 192
2026-05-28 11:19:48,750 INFO src.train.trainer: New best validation loss: -6.3368, saved to checkpoints/etas_20260528-111933/best_model_1.pth
2026-05-28 11:19:48,753 INFO src.train.trainer: Last model at epoch 192 saved to checkpoints/etas_20260528-111933/last_model_1.pth
2026-05-28 11:19:48,753 INFO src.train.trainer: Epoch 193
2026-05-28 11:19:48,819 INFO src.train.trainer: New best validation loss: -6.3389, saved to checkpoints/etas_20260528-111933/best_model_1.pth
2026-05-28 11:19:48,821 INFO src.train.trainer: Last model at epoch 193 saved to checkpoints/etas_20260528-111933/last_model_1.pth
2026-05-28 11:19:48,821 INFO src.train.trainer: Epoch 194
2026-05-28 11:19:48,883 INFO src.train.trainer: New best validation loss: -6.3410, saved to checkpoints/etas_20260528-111933/best_model_1.pth
2026-05-28 11:19:48,886 INFO src.train.trainer: Last model at epoch 194 saved to checkpoints/etas_20260528-111933/last_model_1.pth
2026-05-28 11:19:48,886 INFO src.train.trainer: Epoch 195
2026-05-28 11:19:48,947 INFO src.train.trainer: New best validation loss: -6.3431, saved to checkpoints/etas_20260528-111933/best_model_1.pth
2026-05-28 11:19:48,950 INFO src.train.trainer: Last model at epoch 195 saved to checkpoints/etas_20260528-111933/last_model_1.pth
2026-05-28 11:19:48,950 INFO src.train.trainer: Epoch 196
2026-05-28 11:19:49,011 INFO src.train.trainer: New best validation loss: -6.3451, saved to checkpoints/etas_20260528-111933/best_model_1.pth
2026-05-28 11:19:49,013 INFO src.train.trainer: Last model at epoch 196 saved to checkpoints/etas_20260528-111933/last_model_1.pth
2026-05-28 11:19:49,013 INFO src.train.trainer: Epoch 197
2026-05-28 11:19:49,075 INFO src.train.trainer: New best validation loss: -6.3471, saved to checkpoints/etas_20260528-111933/best_model_1.pth
2026-05-28 11:19:49,077 INFO src.train.trainer: Last model at epoch 197 saved to checkpoints/etas_20260528-111933/last_model_1.pth
2026-05-28 11:19:49,077 INFO src.train.trainer: Epoch 198
2026-05-28 11:19:49,141 INFO src.train.trainer: New best validation loss: -6.3491, saved to checkpoints/etas_20260528-111933/best_model_1.pth
2026-05-28 11:19:49,143 INFO src.train.trainer: Last model at epoch 198 saved to checkpoints/etas_20260528-111933/last_model_1.pth
2026-05-28 11:19:49,143 INFO src.train.trainer: Epoch 199
2026-05-28 11:19:49,206 INFO src.train.trainer: New best validation loss: -6.3511, saved to checkpoints/etas_20260528-111933/best_model_1.pth
2026-05-28 11:19:49,208 INFO src.train.trainer: Last model at epoch 199 saved to checkpoints/etas_20260528-111933/last_model_1.pth
2026-05-28 11:19:49,209 INFO src.train.trainer: Epoch 200
2026-05-28 11:19:49,273 INFO src.train.trainer: New best validation loss: -6.3531, saved to checkpoints/etas_20260528-111933/best_model_1.pth
2026-05-28 11:19:49,276 INFO src.train.trainer: Last model at epoch 200 saved to checkpoints/etas_20260528-111933/last_model_1.pth
2026-05-28 11:19:49,276 INFO src.train.trainer: Epoch 201
2026-05-28 11:19:49,342 INFO src.train.trainer: New best validation loss: -6.3550, saved to checkpoints/etas_20260528-111933/best_model_1.pth
2026-05-28 11:19:49,344 INFO src.train.trainer: Last model at epoch 201 saved to checkpoints/etas_20260528-111933/last_model_1.pth
2026-05-28 11:19:49,345 INFO src.train.trainer: Epoch 202
2026-05-28 11:19:49,415 INFO src.train.trainer: New best validation loss: -6.3570, saved to checkpoints/etas_20260528-111933/best_model_1.pth
2026-05-28 11:19:49,418 INFO src.train.trainer: Last model at epoch 202 saved to checkpoints/etas_20260528-111933/last_model_1.pth
2026-05-28 11:19:49,418 INFO src.train.trainer: Epoch 203
2026-05-28 11:19:49,492 INFO src.train.trainer: New best validation loss: -6.3589, saved to checkpoints/etas_20260528-111933/best_model_1.pth
2026-05-28 11:19:49,496 INFO src.train.trainer: Last model at epoch 203 saved to checkpoints/etas_20260528-111933/last_model_1.pth
2026-05-28 11:19:49,496 INFO src.train.trainer: Epoch 204
2026-05-28 11:19:49,566 INFO src.train.trainer: New best validation loss: -6.3609, saved to checkpoints/etas_20260528-111933/best_model_1.pth
2026-05-28 11:19:49,569 INFO src.train.trainer: Last model at epoch 204 saved to checkpoints/etas_20260528-111933/last_model_1.pth
2026-05-28 11:19:49,569 INFO src.train.trainer: Epoch 205
2026-05-28 11:19:49,638 INFO src.train.trainer: New best validation loss: -6.3628, saved to checkpoints/etas_20260528-111933/best_model_1.pth
2026-05-28 11:19:49,641 INFO src.train.trainer: Last model at epoch 205 saved to checkpoints/etas_20260528-111933/last_model_1.pth
2026-05-28 11:19:49,641 INFO src.train.trainer: Epoch 206
2026-05-28 11:19:49,712 INFO src.train.trainer: New best validation loss: -6.3647, saved to checkpoints/etas_20260528-111933/best_model_1.pth
2026-05-28 11:19:49,716 INFO src.train.trainer: Last model at epoch 206 saved to checkpoints/etas_20260528-111933/last_model_1.pth
2026-05-28 11:19:49,716 INFO src.train.trainer: Epoch 207
2026-05-28 11:19:49,790 INFO src.train.trainer: New best validation loss: -6.3666, saved to checkpoints/etas_20260528-111933/best_model_1.pth
2026-05-28 11:19:49,792 INFO src.train.trainer: Last model at epoch 207 saved to checkpoints/etas_20260528-111933/last_model_1.pth
2026-05-28 11:19:49,792 INFO src.train.trainer: Epoch 208
2026-05-28 11:19:49,866 INFO src.train.trainer: New best validation loss: -6.3685, saved to checkpoints/etas_20260528-111933/best_model_1.pth
2026-05-28 11:19:49,869 INFO src.train.trainer: Last model at epoch 208 saved to checkpoints/etas_20260528-111933/last_model_1.pth
2026-05-28 11:19:49,869 INFO src.train.trainer: Epoch 209
2026-05-28 11:19:49,945 INFO src.train.trainer: New best validation loss: -6.3704, saved to checkpoints/etas_20260528-111933/best_model_1.pth
2026-05-28 11:19:49,948 INFO src.train.trainer: Last model at epoch 209 saved to checkpoints/etas_20260528-111933/last_model_1.pth
2026-05-28 11:19:49,948 INFO src.train.trainer: Epoch 210
2026-05-28 11:19:50,024 INFO src.train.trainer: New best validation loss: -6.3723, saved to checkpoints/etas_20260528-111933/best_model_1.pth
2026-05-28 11:19:50,027 INFO src.train.trainer: Last model at epoch 210 saved to checkpoints/etas_20260528-111933/last_model_1.pth
2026-05-28 11:19:50,027 INFO src.train.trainer: Epoch 211
2026-05-28 11:19:50,102 INFO src.train.trainer: New best validation loss: -6.3741, saved to checkpoints/etas_20260528-111933/best_model_1.pth
2026-05-28 11:19:50,105 INFO src.train.trainer: Last model at epoch 211 saved to checkpoints/etas_20260528-111933/last_model_1.pth
2026-05-28 11:19:50,105 INFO src.train.trainer: Epoch 212
2026-05-28 11:19:50,182 INFO src.train.trainer: New best validation loss: -6.3760, saved to checkpoints/etas_20260528-111933/best_model_1.pth
2026-05-28 11:19:50,185 INFO src.train.trainer: Last model at epoch 212 saved to checkpoints/etas_20260528-111933/last_model_1.pth
2026-05-28 11:19:50,185 INFO src.train.trainer: Epoch 213
2026-05-28 11:19:50,258 INFO src.train.trainer: New best validation loss: -6.3779, saved to checkpoints/etas_20260528-111933/best_model_1.pth
2026-05-28 11:19:50,261 INFO src.train.trainer: Last model at epoch 213 saved to checkpoints/etas_20260528-111933/last_model_1.pth
2026-05-28 11:19:50,261 INFO src.train.trainer: Epoch 214
2026-05-28 11:19:50,338 INFO src.train.trainer: New best validation loss: -6.3797, saved to checkpoints/etas_20260528-111933/best_model_1.pth
2026-05-28 11:19:50,341 INFO src.train.trainer: Last model at epoch 214 saved to checkpoints/etas_20260528-111933/last_model_1.pth
2026-05-28 11:19:50,341 INFO src.train.trainer: Epoch 215
2026-05-28 11:19:50,413 INFO src.train.trainer: New best validation loss: -6.3815, saved to checkpoints/etas_20260528-111933/best_model_1.pth
2026-05-28 11:19:50,416 INFO src.train.trainer: Last model at epoch 215 saved to checkpoints/etas_20260528-111933/last_model_1.pth
2026-05-28 11:19:50,416 INFO src.train.trainer: Epoch 216
2026-05-28 11:19:50,490 INFO src.train.trainer: New best validation loss: -6.3834, saved to checkpoints/etas_20260528-111933/best_model_1.pth
2026-05-28 11:19:50,493 INFO src.train.trainer: Last model at epoch 216 saved to checkpoints/etas_20260528-111933/last_model_1.pth
2026-05-28 11:19:50,493 INFO src.train.trainer: Epoch 217
2026-05-28 11:19:50,567 INFO src.train.trainer: New best validation loss: -6.3852, saved to checkpoints/etas_20260528-111933/best_model_1.pth
2026-05-28 11:19:50,569 INFO src.train.trainer: Last model at epoch 217 saved to checkpoints/etas_20260528-111933/last_model_1.pth
2026-05-28 11:19:50,570 INFO src.train.trainer: Epoch 218
2026-05-28 11:19:50,643 INFO src.train.trainer: New best validation loss: -6.3870, saved to checkpoints/etas_20260528-111933/best_model_1.pth
2026-05-28 11:19:50,645 INFO src.train.trainer: Last model at epoch 218 saved to checkpoints/etas_20260528-111933/last_model_1.pth
2026-05-28 11:19:50,646 INFO src.train.trainer: Epoch 219
2026-05-28 11:19:50,720 INFO src.train.trainer: New best validation loss: -6.3888, saved to checkpoints/etas_20260528-111933/best_model_1.pth
2026-05-28 11:19:50,723 INFO src.train.trainer: Last model at epoch 219 saved to checkpoints/etas_20260528-111933/last_model_1.pth
2026-05-28 11:19:50,723 INFO src.train.trainer: Epoch 220
2026-05-28 11:19:50,796 INFO src.train.trainer: New best validation loss: -6.3906, saved to checkpoints/etas_20260528-111933/best_model_1.pth
2026-05-28 11:19:50,799 INFO src.train.trainer: Last model at epoch 220 saved to checkpoints/etas_20260528-111933/last_model_1.pth
2026-05-28 11:19:50,799 INFO src.train.trainer: Epoch 221
2026-05-28 11:19:50,872 INFO src.train.trainer: New best validation loss: -6.3924, saved to checkpoints/etas_20260528-111933/best_model_1.pth
2026-05-28 11:19:50,877 INFO src.train.trainer: Last model at epoch 221 saved to checkpoints/etas_20260528-111933/last_model_1.pth
2026-05-28 11:19:50,877 INFO src.train.trainer: Epoch 222
2026-05-28 11:19:50,951 INFO src.train.trainer: New best validation loss: -6.3941, saved to checkpoints/etas_20260528-111933/best_model_1.pth
2026-05-28 11:19:50,954 INFO src.train.trainer: Last model at epoch 222 saved to checkpoints/etas_20260528-111933/last_model_1.pth
2026-05-28 11:19:50,954 INFO src.train.trainer: Epoch 223
2026-05-28 11:19:51,031 INFO src.train.trainer: New best validation loss: -6.3959, saved to checkpoints/etas_20260528-111933/best_model_1.pth
2026-05-28 11:19:51,034 INFO src.train.trainer: Last model at epoch 223 saved to checkpoints/etas_20260528-111933/last_model_1.pth
2026-05-28 11:19:51,034 INFO src.train.trainer: Epoch 224
2026-05-28 11:19:51,112 INFO src.train.trainer: New best validation loss: -6.3976, saved to checkpoints/etas_20260528-111933/best_model_1.pth
2026-05-28 11:19:51,115 INFO src.train.trainer: Last model at epoch 224 saved to checkpoints/etas_20260528-111933/last_model_1.pth
2026-05-28 11:19:51,115 INFO src.train.trainer: Epoch 225
2026-05-28 11:19:51,190 INFO src.train.trainer: New best validation loss: -6.3993, saved to checkpoints/etas_20260528-111933/best_model_1.pth
2026-05-28 11:19:51,192 INFO src.train.trainer: Last model at epoch 225 saved to checkpoints/etas_20260528-111933/last_model_1.pth
2026-05-28 11:19:51,193 INFO src.train.trainer: Epoch 226
2026-05-28 11:19:51,266 INFO src.train.trainer: New best validation loss: -6.4010, saved to checkpoints/etas_20260528-111933/best_model_1.pth
2026-05-28 11:19:51,269 INFO src.train.trainer: Last model at epoch 226 saved to checkpoints/etas_20260528-111933/last_model_1.pth
2026-05-28 11:19:51,269 INFO src.train.trainer: Epoch 227
2026-05-28 11:19:51,342 INFO src.train.trainer: New best validation loss: -6.4027, saved to checkpoints/etas_20260528-111933/best_model_1.pth
2026-05-28 11:19:51,344 INFO src.train.trainer: Last model at epoch 227 saved to checkpoints/etas_20260528-111933/last_model_1.pth
2026-05-28 11:19:51,345 INFO src.train.trainer: Epoch 228
2026-05-28 11:19:51,417 INFO src.train.trainer: New best validation loss: -6.4043, saved to checkpoints/etas_20260528-111933/best_model_1.pth
2026-05-28 11:19:51,420 INFO src.train.trainer: Last model at epoch 228 saved to checkpoints/etas_20260528-111933/last_model_1.pth
2026-05-28 11:19:51,420 INFO src.train.trainer: Epoch 229
2026-05-28 11:19:51,493 INFO src.train.trainer: New best validation loss: -6.4060, saved to checkpoints/etas_20260528-111933/best_model_1.pth
2026-05-28 11:19:51,495 INFO src.train.trainer: Last model at epoch 229 saved to checkpoints/etas_20260528-111933/last_model_1.pth
2026-05-28 11:19:51,496 INFO src.train.trainer: Epoch 230
2026-05-28 11:19:51,569 INFO src.train.trainer: New best validation loss: -6.4075, saved to checkpoints/etas_20260528-111933/best_model_1.pth
2026-05-28 11:19:51,571 INFO src.train.trainer: Last model at epoch 230 saved to checkpoints/etas_20260528-111933/last_model_1.pth
2026-05-28 11:19:51,572 INFO src.train.trainer: Epoch 231
2026-05-28 11:19:51,642 INFO src.train.trainer: New best validation loss: -6.4091, saved to checkpoints/etas_20260528-111933/best_model_1.pth
2026-05-28 11:19:51,645 INFO src.train.trainer: Last model at epoch 231 saved to checkpoints/etas_20260528-111933/last_model_1.pth
2026-05-28 11:19:51,645 INFO src.train.trainer: Epoch 232
2026-05-28 11:19:51,717 INFO src.train.trainer: New best validation loss: -6.4106, saved to checkpoints/etas_20260528-111933/best_model_1.pth
2026-05-28 11:19:51,720 INFO src.train.trainer: Last model at epoch 232 saved to checkpoints/etas_20260528-111933/last_model_1.pth
2026-05-28 11:19:51,720 INFO src.train.trainer: Epoch 233
2026-05-28 11:19:51,792 INFO src.train.trainer: New best validation loss: -6.4121, saved to checkpoints/etas_20260528-111933/best_model_1.pth
2026-05-28 11:19:51,795 INFO src.train.trainer: Last model at epoch 233 saved to checkpoints/etas_20260528-111933/last_model_1.pth
2026-05-28 11:19:51,795 INFO src.train.trainer: Epoch 234
2026-05-28 11:19:51,870 INFO src.train.trainer: New best validation loss: -6.4136, saved to checkpoints/etas_20260528-111933/best_model_1.pth
2026-05-28 11:19:51,873 INFO src.train.trainer: Last model at epoch 234 saved to checkpoints/etas_20260528-111933/last_model_1.pth
2026-05-28 11:19:51,873 INFO src.train.trainer: Epoch 235
2026-05-28 11:19:51,949 INFO src.train.trainer: New best validation loss: -6.4150, saved to checkpoints/etas_20260528-111933/best_model_1.pth
2026-05-28 11:19:51,951 INFO src.train.trainer: Last model at epoch 235 saved to checkpoints/etas_20260528-111933/last_model_1.pth
2026-05-28 11:19:51,951 INFO src.train.trainer: Epoch 236
2026-05-28 11:19:52,022 INFO src.train.trainer: New best validation loss: -6.4164, saved to checkpoints/etas_20260528-111933/best_model_1.pth
2026-05-28 11:19:52,025 INFO src.train.trainer: Last model at epoch 236 saved to checkpoints/etas_20260528-111933/last_model_1.pth
2026-05-28 11:19:52,025 INFO src.train.trainer: Epoch 237
2026-05-28 11:19:52,101 INFO src.train.trainer: New best validation loss: -6.4178, saved to checkpoints/etas_20260528-111933/best_model_1.pth
2026-05-28 11:19:52,104 INFO src.train.trainer: Last model at epoch 237 saved to checkpoints/etas_20260528-111933/last_model_1.pth
2026-05-28 11:19:52,104 INFO src.train.trainer: Epoch 238
2026-05-28 11:19:52,181 INFO src.train.trainer: New best validation loss: -6.4192, saved to checkpoints/etas_20260528-111933/best_model_1.pth
2026-05-28 11:19:52,184 INFO src.train.trainer: Last model at epoch 238 saved to checkpoints/etas_20260528-111933/last_model_1.pth
2026-05-28 11:19:52,184 INFO src.train.trainer: Epoch 239
2026-05-28 11:19:52,260 INFO src.train.trainer: New best validation loss: -6.4206, saved to checkpoints/etas_20260528-111933/best_model_1.pth
2026-05-28 11:19:52,263 INFO src.train.trainer: Last model at epoch 239 saved to checkpoints/etas_20260528-111933/last_model_1.pth
2026-05-28 11:19:52,263 INFO src.train.trainer: Epoch 240
2026-05-28 11:19:52,337 INFO src.train.trainer: New best validation loss: -6.4219, saved to checkpoints/etas_20260528-111933/best_model_1.pth
2026-05-28 11:19:52,340 INFO src.train.trainer: Last model at epoch 240 saved to checkpoints/etas_20260528-111933/last_model_1.pth
2026-05-28 11:19:52,340 INFO src.train.trainer: Epoch 241
2026-05-28 11:19:52,414 INFO src.train.trainer: New best validation loss: -6.4232, saved to checkpoints/etas_20260528-111933/best_model_1.pth
2026-05-28 11:19:52,418 INFO src.train.trainer: Last model at epoch 241 saved to checkpoints/etas_20260528-111933/last_model_1.pth
2026-05-28 11:19:52,418 INFO src.train.trainer: Epoch 242
2026-05-28 11:19:52,493 INFO src.train.trainer: New best validation loss: -6.4245, saved to checkpoints/etas_20260528-111933/best_model_1.pth
2026-05-28 11:19:52,496 INFO src.train.trainer: Last model at epoch 242 saved to checkpoints/etas_20260528-111933/last_model_1.pth
2026-05-28 11:19:52,496 INFO src.train.trainer: Epoch 243
2026-05-28 11:19:52,571 INFO src.train.trainer: New best validation loss: -6.4258, saved to checkpoints/etas_20260528-111933/best_model_1.pth
2026-05-28 11:19:52,574 INFO src.train.trainer: Last model at epoch 243 saved to checkpoints/etas_20260528-111933/last_model_1.pth
2026-05-28 11:19:52,574 INFO src.train.trainer: Epoch 244
2026-05-28 11:19:52,649 INFO src.train.trainer: New best validation loss: -6.4270, saved to checkpoints/etas_20260528-111933/best_model_1.pth
2026-05-28 11:19:52,652 INFO src.train.trainer: Last model at epoch 244 saved to checkpoints/etas_20260528-111933/last_model_1.pth
2026-05-28 11:19:52,652 INFO src.train.trainer: Epoch 245
2026-05-28 11:19:52,726 INFO src.train.trainer: New best validation loss: -6.4283, saved to checkpoints/etas_20260528-111933/best_model_1.pth
2026-05-28 11:19:52,729 INFO src.train.trainer: Last model at epoch 245 saved to checkpoints/etas_20260528-111933/last_model_1.pth
2026-05-28 11:19:52,729 INFO src.train.trainer: Epoch 246
2026-05-28 11:19:52,804 INFO src.train.trainer: New best validation loss: -6.4295, saved to checkpoints/etas_20260528-111933/best_model_1.pth
2026-05-28 11:19:52,807 INFO src.train.trainer: Last model at epoch 246 saved to checkpoints/etas_20260528-111933/last_model_1.pth
2026-05-28 11:19:52,807 INFO src.train.trainer: Epoch 247
2026-05-28 11:19:52,882 INFO src.train.trainer: New best validation loss: -6.4308, saved to checkpoints/etas_20260528-111933/best_model_1.pth
2026-05-28 11:19:52,885 INFO src.train.trainer: Last model at epoch 247 saved to checkpoints/etas_20260528-111933/last_model_1.pth
2026-05-28 11:19:52,885 INFO src.train.trainer: Epoch 248
2026-05-28 11:19:52,960 INFO src.train.trainer: New best validation loss: -6.4320, saved to checkpoints/etas_20260528-111933/best_model_1.pth
2026-05-28 11:19:52,962 INFO src.train.trainer: Last model at epoch 248 saved to checkpoints/etas_20260528-111933/last_model_1.pth
2026-05-28 11:19:52,963 INFO src.train.trainer: Epoch 249
2026-05-28 11:19:53,037 INFO src.train.trainer: New best validation loss: -6.4332, saved to checkpoints/etas_20260528-111933/best_model_1.pth
2026-05-28 11:19:53,041 INFO src.train.trainer: Last model at epoch 249 saved to checkpoints/etas_20260528-111933/last_model_1.pth
2026-05-28 11:19:53,041 INFO src.train.trainer: Epoch 250
2026-05-28 11:19:53,115 INFO src.train.trainer: New best validation loss: -6.4344, saved to checkpoints/etas_20260528-111933/best_model_1.pth
2026-05-28 11:19:53,118 INFO src.train.trainer: Last model at epoch 250 saved to checkpoints/etas_20260528-111933/last_model_1.pth
2026-05-28 11:19:53,118 INFO src.train.trainer: Epoch 251
2026-05-28 11:19:53,194 INFO src.train.trainer: New best validation loss: -6.4356, saved to checkpoints/etas_20260528-111933/best_model_1.pth
2026-05-28 11:19:53,197 INFO src.train.trainer: Last model at epoch 251 saved to checkpoints/etas_20260528-111933/last_model_1.pth
2026-05-28 11:19:53,197 INFO src.train.trainer: Epoch 252
2026-05-28 11:19:53,265 INFO src.train.trainer: New best validation loss: -6.4368, saved to checkpoints/etas_20260528-111933/best_model_1.pth
2026-05-28 11:19:53,268 INFO src.train.trainer: Last model at epoch 252 saved to checkpoints/etas_20260528-111933/last_model_1.pth
2026-05-28 11:19:53,268 INFO src.train.trainer: Epoch 253
2026-05-28 11:19:53,335 INFO src.train.trainer: New best validation loss: -6.4379, saved to checkpoints/etas_20260528-111933/best_model_1.pth
2026-05-28 11:19:53,338 INFO src.train.trainer: Last model at epoch 253 saved to checkpoints/etas_20260528-111933/last_model_1.pth
2026-05-28 11:19:53,338 INFO src.train.trainer: Epoch 254
2026-05-28 11:19:53,402 INFO src.train.trainer: New best validation loss: -6.4391, saved to checkpoints/etas_20260528-111933/best_model_1.pth
2026-05-28 11:19:53,404 INFO src.train.trainer: Last model at epoch 254 saved to checkpoints/etas_20260528-111933/last_model_1.pth
2026-05-28 11:19:53,404 INFO src.train.trainer: Epoch 255
2026-05-28 11:19:53,464 INFO src.train.trainer: New best validation loss: -6.4402, saved to checkpoints/etas_20260528-111933/best_model_1.pth
2026-05-28 11:19:53,466 INFO src.train.trainer: Last model at epoch 255 saved to checkpoints/etas_20260528-111933/last_model_1.pth
2026-05-28 11:19:53,466 INFO src.train.trainer: Epoch 256
2026-05-28 11:19:53,526 INFO src.train.trainer: New best validation loss: -6.4413, saved to checkpoints/etas_20260528-111933/best_model_1.pth
2026-05-28 11:19:53,528 INFO src.train.trainer: Last model at epoch 256 saved to checkpoints/etas_20260528-111933/last_model_1.pth
2026-05-28 11:19:53,529 INFO src.train.trainer: Epoch 257
2026-05-28 11:19:53,591 INFO src.train.trainer: New best validation loss: -6.4425, saved to checkpoints/etas_20260528-111933/best_model_1.pth
2026-05-28 11:19:53,593 INFO src.train.trainer: Last model at epoch 257 saved to checkpoints/etas_20260528-111933/last_model_1.pth
2026-05-28 11:19:53,593 INFO src.train.trainer: Epoch 258
2026-05-28 11:19:53,655 INFO src.train.trainer: New best validation loss: -6.4436, saved to checkpoints/etas_20260528-111933/best_model_1.pth
2026-05-28 11:19:53,657 INFO src.train.trainer: Last model at epoch 258 saved to checkpoints/etas_20260528-111933/last_model_1.pth
2026-05-28 11:19:53,658 INFO src.train.trainer: Epoch 259
2026-05-28 11:19:53,722 INFO src.train.trainer: New best validation loss: -6.4447, saved to checkpoints/etas_20260528-111933/best_model_1.pth
2026-05-28 11:19:53,725 INFO src.train.trainer: Last model at epoch 259 saved to checkpoints/etas_20260528-111933/last_model_1.pth
2026-05-28 11:19:53,725 INFO src.train.trainer: Epoch 260
2026-05-28 11:19:53,789 INFO src.train.trainer: New best validation loss: -6.4457, saved to checkpoints/etas_20260528-111933/best_model_1.pth
2026-05-28 11:19:53,791 INFO src.train.trainer: Last model at epoch 260 saved to checkpoints/etas_20260528-111933/last_model_1.pth
2026-05-28 11:19:53,791 INFO src.train.trainer: Epoch 261
2026-05-28 11:19:53,858 INFO src.train.trainer: New best validation loss: -6.4468, saved to checkpoints/etas_20260528-111933/best_model_1.pth
2026-05-28 11:19:53,860 INFO src.train.trainer: Last model at epoch 261 saved to checkpoints/etas_20260528-111933/last_model_1.pth
2026-05-28 11:19:53,860 INFO src.train.trainer: Epoch 262
2026-05-28 11:19:53,929 INFO src.train.trainer: New best validation loss: -6.4479, saved to checkpoints/etas_20260528-111933/best_model_1.pth
2026-05-28 11:19:53,932 INFO src.train.trainer: Last model at epoch 262 saved to checkpoints/etas_20260528-111933/last_model_1.pth
2026-05-28 11:19:53,932 INFO src.train.trainer: Epoch 263
2026-05-28 11:19:54,001 INFO src.train.trainer: New best validation loss: -6.4489, saved to checkpoints/etas_20260528-111933/best_model_1.pth
2026-05-28 11:19:54,003 INFO src.train.trainer: Last model at epoch 263 saved to checkpoints/etas_20260528-111933/last_model_1.pth
2026-05-28 11:19:54,003 INFO src.train.trainer: Epoch 264
2026-05-28 11:19:54,072 INFO src.train.trainer: New best validation loss: -6.4500, saved to checkpoints/etas_20260528-111933/best_model_1.pth
2026-05-28 11:19:54,075 INFO src.train.trainer: Last model at epoch 264 saved to checkpoints/etas_20260528-111933/last_model_1.pth
2026-05-28 11:19:54,075 INFO src.train.trainer: Epoch 265
2026-05-28 11:19:54,145 INFO src.train.trainer: New best validation loss: -6.4510, saved to checkpoints/etas_20260528-111933/best_model_1.pth
2026-05-28 11:19:54,148 INFO src.train.trainer: Last model at epoch 265 saved to checkpoints/etas_20260528-111933/last_model_1.pth
2026-05-28 11:19:54,148 INFO src.train.trainer: Epoch 266
2026-05-28 11:19:54,218 INFO src.train.trainer: New best validation loss: -6.4520, saved to checkpoints/etas_20260528-111933/best_model_1.pth
2026-05-28 11:19:54,221 INFO src.train.trainer: Last model at epoch 266 saved to checkpoints/etas_20260528-111933/last_model_1.pth
2026-05-28 11:19:54,221 INFO src.train.trainer: Epoch 267
2026-05-28 11:19:54,292 INFO src.train.trainer: New best validation loss: -6.4530, saved to checkpoints/etas_20260528-111933/best_model_1.pth
2026-05-28 11:19:54,294 INFO src.train.trainer: Last model at epoch 267 saved to checkpoints/etas_20260528-111933/last_model_1.pth
2026-05-28 11:19:54,295 INFO src.train.trainer: Epoch 268
2026-05-28 11:19:54,370 INFO src.train.trainer: New best validation loss: -6.4540, saved to checkpoints/etas_20260528-111933/best_model_1.pth
2026-05-28 11:19:54,373 INFO src.train.trainer: Last model at epoch 268 saved to checkpoints/etas_20260528-111933/last_model_1.pth
2026-05-28 11:19:54,373 INFO src.train.trainer: Epoch 269
2026-05-28 11:19:54,449 INFO src.train.trainer: New best validation loss: -6.4550, saved to checkpoints/etas_20260528-111933/best_model_1.pth
2026-05-28 11:19:54,452 INFO src.train.trainer: Last model at epoch 269 saved to checkpoints/etas_20260528-111933/last_model_1.pth
2026-05-28 11:19:54,452 INFO src.train.trainer: Epoch 270
2026-05-28 11:19:54,526 INFO src.train.trainer: New best validation loss: -6.4560, saved to checkpoints/etas_20260528-111933/best_model_1.pth
2026-05-28 11:19:54,529 INFO src.train.trainer: Last model at epoch 270 saved to checkpoints/etas_20260528-111933/last_model_1.pth
2026-05-28 11:19:54,529 INFO src.train.trainer: Epoch 271
2026-05-28 11:19:54,603 INFO src.train.trainer: New best validation loss: -6.4570, saved to checkpoints/etas_20260528-111933/best_model_1.pth
2026-05-28 11:19:54,606 INFO src.train.trainer: Last model at epoch 271 saved to checkpoints/etas_20260528-111933/last_model_1.pth
2026-05-28 11:19:54,606 INFO src.train.trainer: Epoch 272
2026-05-28 11:19:54,681 INFO src.train.trainer: New best validation loss: -6.4579, saved to checkpoints/etas_20260528-111933/best_model_1.pth
2026-05-28 11:19:54,684 INFO src.train.trainer: Last model at epoch 272 saved to checkpoints/etas_20260528-111933/last_model_1.pth
2026-05-28 11:19:54,684 INFO src.train.trainer: Epoch 273
2026-05-28 11:19:54,759 INFO src.train.trainer: New best validation loss: -6.4589, saved to checkpoints/etas_20260528-111933/best_model_1.pth
2026-05-28 11:19:54,762 INFO src.train.trainer: Last model at epoch 273 saved to checkpoints/etas_20260528-111933/last_model_1.pth
2026-05-28 11:19:54,762 INFO src.train.trainer: Epoch 274
2026-05-28 11:19:54,837 INFO src.train.trainer: New best validation loss: -6.4598, saved to checkpoints/etas_20260528-111933/best_model_1.pth
2026-05-28 11:19:54,840 INFO src.train.trainer: Last model at epoch 274 saved to checkpoints/etas_20260528-111933/last_model_1.pth
2026-05-28 11:19:54,841 INFO src.train.trainer: Epoch 275
2026-05-28 11:19:54,916 INFO src.train.trainer: New best validation loss: -6.4607, saved to checkpoints/etas_20260528-111933/best_model_1.pth
2026-05-28 11:19:54,918 INFO src.train.trainer: Last model at epoch 275 saved to checkpoints/etas_20260528-111933/last_model_1.pth
2026-05-28 11:19:54,919 INFO src.train.trainer: Epoch 276
2026-05-28 11:19:54,993 INFO src.train.trainer: New best validation loss: -6.4616, saved to checkpoints/etas_20260528-111933/best_model_1.pth
2026-05-28 11:19:54,995 INFO src.train.trainer: Last model at epoch 276 saved to checkpoints/etas_20260528-111933/last_model_1.pth
2026-05-28 11:19:54,996 INFO src.train.trainer: Epoch 277
2026-05-28 11:19:55,071 INFO src.train.trainer: New best validation loss: -6.4625, saved to checkpoints/etas_20260528-111933/best_model_1.pth
2026-05-28 11:19:55,074 INFO src.train.trainer: Last model at epoch 277 saved to checkpoints/etas_20260528-111933/last_model_1.pth
2026-05-28 11:19:55,074 INFO src.train.trainer: Epoch 278
2026-05-28 11:19:55,149 INFO src.train.trainer: New best validation loss: -6.4634, saved to checkpoints/etas_20260528-111933/best_model_1.pth
2026-05-28 11:19:55,152 INFO src.train.trainer: Last model at epoch 278 saved to checkpoints/etas_20260528-111933/last_model_1.pth
2026-05-28 11:19:55,152 INFO src.train.trainer: Epoch 279
2026-05-28 11:19:55,226 INFO src.train.trainer: New best validation loss: -6.4643, saved to checkpoints/etas_20260528-111933/best_model_1.pth
2026-05-28 11:19:55,229 INFO src.train.trainer: Last model at epoch 279 saved to checkpoints/etas_20260528-111933/last_model_1.pth
2026-05-28 11:19:55,229 INFO src.train.trainer: Epoch 280
2026-05-28 11:19:55,302 INFO src.train.trainer: New best validation loss: -6.4652, saved to checkpoints/etas_20260528-111933/best_model_1.pth
2026-05-28 11:19:55,305 INFO src.train.trainer: Last model at epoch 280 saved to checkpoints/etas_20260528-111933/last_model_1.pth
2026-05-28 11:19:55,305 INFO src.train.trainer: Epoch 281
2026-05-28 11:19:55,379 INFO src.train.trainer: New best validation loss: -6.4660, saved to checkpoints/etas_20260528-111933/best_model_1.pth
2026-05-28 11:19:55,382 INFO src.train.trainer: Last model at epoch 281 saved to checkpoints/etas_20260528-111933/last_model_1.pth
2026-05-28 11:19:55,382 INFO src.train.trainer: Epoch 282
2026-05-28 11:19:55,457 INFO src.train.trainer: New best validation loss: -6.4669, saved to checkpoints/etas_20260528-111933/best_model_1.pth
2026-05-28 11:19:55,460 INFO src.train.trainer: Last model at epoch 282 saved to checkpoints/etas_20260528-111933/last_model_1.pth
2026-05-28 11:19:55,460 INFO src.train.trainer: Epoch 283
2026-05-28 11:19:55,537 INFO src.train.trainer: New best validation loss: -6.4677, saved to checkpoints/etas_20260528-111933/best_model_1.pth
2026-05-28 11:19:55,540 INFO src.train.trainer: Last model at epoch 283 saved to checkpoints/etas_20260528-111933/last_model_1.pth
2026-05-28 11:19:55,540 INFO src.train.trainer: Epoch 284
2026-05-28 11:19:55,631 INFO src.train.trainer: New best validation loss: -6.4686, saved to checkpoints/etas_20260528-111933/best_model_1.pth
2026-05-28 11:19:55,633 INFO src.train.trainer: Last model at epoch 284 saved to checkpoints/etas_20260528-111933/last_model_1.pth
2026-05-28 11:19:55,634 INFO src.train.trainer: Epoch 285
2026-05-28 11:19:55,702 INFO src.train.trainer: New best validation loss: -6.4694, saved to checkpoints/etas_20260528-111933/best_model_1.pth
2026-05-28 11:19:55,704 INFO src.train.trainer: Last model at epoch 285 saved to checkpoints/etas_20260528-111933/last_model_1.pth
2026-05-28 11:19:55,705 INFO src.train.trainer: Epoch 286
2026-05-28 11:19:55,774 INFO src.train.trainer: New best validation loss: -6.4702, saved to checkpoints/etas_20260528-111933/best_model_1.pth
2026-05-28 11:19:55,777 INFO src.train.trainer: Last model at epoch 286 saved to checkpoints/etas_20260528-111933/last_model_1.pth
2026-05-28 11:19:55,777 INFO src.train.trainer: Epoch 287
2026-05-28 11:19:55,847 INFO src.train.trainer: New best validation loss: -6.4711, saved to checkpoints/etas_20260528-111933/best_model_1.pth
2026-05-28 11:19:55,850 INFO src.train.trainer: Last model at epoch 287 saved to checkpoints/etas_20260528-111933/last_model_1.pth
2026-05-28 11:19:55,850 INFO src.train.trainer: Epoch 288
2026-05-28 11:19:55,921 INFO src.train.trainer: New best validation loss: -6.4719, saved to checkpoints/etas_20260528-111933/best_model_1.pth
2026-05-28 11:19:55,924 INFO src.train.trainer: Last model at epoch 288 saved to checkpoints/etas_20260528-111933/last_model_1.pth
2026-05-28 11:19:55,924 INFO src.train.trainer: Epoch 289
2026-05-28 11:19:55,995 INFO src.train.trainer: New best validation loss: -6.4727, saved to checkpoints/etas_20260528-111933/best_model_1.pth
2026-05-28 11:19:55,998 INFO src.train.trainer: Last model at epoch 289 saved to checkpoints/etas_20260528-111933/last_model_1.pth
2026-05-28 11:19:55,998 INFO src.train.trainer: Epoch 290
2026-05-28 11:19:56,070 INFO src.train.trainer: New best validation loss: -6.4735, saved to checkpoints/etas_20260528-111933/best_model_1.pth
2026-05-28 11:19:56,073 INFO src.train.trainer: Last model at epoch 290 saved to checkpoints/etas_20260528-111933/last_model_1.pth
2026-05-28 11:19:56,073 INFO src.train.trainer: Epoch 291
2026-05-28 11:19:56,148 INFO src.train.trainer: New best validation loss: -6.4743, saved to checkpoints/etas_20260528-111933/best_model_1.pth
2026-05-28 11:19:56,151 INFO src.train.trainer: Last model at epoch 291 saved to checkpoints/etas_20260528-111933/last_model_1.pth
2026-05-28 11:19:56,151 INFO src.train.trainer: Epoch 292
2026-05-28 11:19:56,227 INFO src.train.trainer: New best validation loss: -6.4751, saved to checkpoints/etas_20260528-111933/best_model_1.pth
2026-05-28 11:19:56,230 INFO src.train.trainer: Last model at epoch 292 saved to checkpoints/etas_20260528-111933/last_model_1.pth
2026-05-28 11:19:56,230 INFO src.train.trainer: Epoch 293
2026-05-28 11:19:56,304 INFO src.train.trainer: New best validation loss: -6.4758, saved to checkpoints/etas_20260528-111933/best_model_1.pth
2026-05-28 11:19:56,307 INFO src.train.trainer: Last model at epoch 293 saved to checkpoints/etas_20260528-111933/last_model_1.pth
2026-05-28 11:19:56,307 INFO src.train.trainer: Epoch 294
2026-05-28 11:19:56,379 INFO src.train.trainer: New best validation loss: -6.4766, saved to checkpoints/etas_20260528-111933/best_model_1.pth
2026-05-28 11:19:56,382 INFO src.train.trainer: Last model at epoch 294 saved to checkpoints/etas_20260528-111933/last_model_1.pth
2026-05-28 11:19:56,382 INFO src.train.trainer: Epoch 295
2026-05-28 11:19:56,455 INFO src.train.trainer: New best validation loss: -6.4774, saved to checkpoints/etas_20260528-111933/best_model_1.pth
2026-05-28 11:19:56,457 INFO src.train.trainer: Last model at epoch 295 saved to checkpoints/etas_20260528-111933/last_model_1.pth
2026-05-28 11:19:56,458 INFO src.train.trainer: Epoch 296
2026-05-28 11:19:56,535 INFO src.train.trainer: New best validation loss: -6.4781, saved to checkpoints/etas_20260528-111933/best_model_1.pth
2026-05-28 11:19:56,538 INFO src.train.trainer: Last model at epoch 296 saved to checkpoints/etas_20260528-111933/last_model_1.pth
2026-05-28 11:19:56,538 INFO src.train.trainer: Epoch 297
2026-05-28 11:19:56,616 INFO src.train.trainer: New best validation loss: -6.4789, saved to checkpoints/etas_20260528-111933/best_model_1.pth
2026-05-28 11:19:56,618 INFO src.train.trainer: Last model at epoch 297 saved to checkpoints/etas_20260528-111933/last_model_1.pth
2026-05-28 11:19:56,619 INFO src.train.trainer: Epoch 298
2026-05-28 11:19:56,694 INFO src.train.trainer: New best validation loss: -6.4796, saved to checkpoints/etas_20260528-111933/best_model_1.pth
2026-05-28 11:19:56,697 INFO src.train.trainer: Last model at epoch 298 saved to checkpoints/etas_20260528-111933/last_model_1.pth
2026-05-28 11:19:56,697 INFO src.train.trainer: Epoch 299
2026-05-28 11:19:56,780 INFO src.train.trainer: New best validation loss: -6.4804, saved to checkpoints/etas_20260528-111933/best_model_1.pth
2026-05-28 11:19:56,784 INFO src.train.trainer: Last model at epoch 299 saved to checkpoints/etas_20260528-111933/last_model_1.pth
2026-05-28 11:19:56,785 INFO src.train.trainer: Epoch 300
2026-05-28 11:19:56,857 INFO src.train.trainer: New best validation loss: -6.4811, saved to checkpoints/etas_20260528-111933/best_model_1.pth
2026-05-28 11:19:56,860 INFO src.train.trainer: Last model at epoch 300 saved to checkpoints/etas_20260528-111933/last_model_1.pth
2026-05-28 11:19:56,860 INFO src.train.trainer: Epoch 301
2026-05-28 11:19:56,931 INFO src.train.trainer: New best validation loss: -6.4817, saved to checkpoints/etas_20260528-111933/best_model_1.pth
2026-05-28 11:19:56,934 INFO src.train.trainer: Last model at epoch 301 saved to checkpoints/etas_20260528-111933/last_model_1.pth
2026-05-28 11:19:56,934 INFO src.train.trainer: Epoch 302
2026-05-28 11:19:57,004 INFO src.train.trainer: New best validation loss: -6.4823, saved to checkpoints/etas_20260528-111933/best_model_1.pth
2026-05-28 11:19:57,007 INFO src.train.trainer: Last model at epoch 302 saved to checkpoints/etas_20260528-111933/last_model_1.pth
2026-05-28 11:19:57,007 INFO src.train.trainer: Epoch 303
2026-05-28 11:19:57,078 INFO src.train.trainer: New best validation loss: -6.4829, saved to checkpoints/etas_20260528-111933/best_model_1.pth
2026-05-28 11:19:57,080 INFO src.train.trainer: Last model at epoch 303 saved to checkpoints/etas_20260528-111933/last_model_1.pth
2026-05-28 11:19:57,081 INFO src.train.trainer: Epoch 304
2026-05-28 11:19:57,151 INFO src.train.trainer: New best validation loss: -6.4835, saved to checkpoints/etas_20260528-111933/best_model_1.pth
2026-05-28 11:19:57,154 INFO src.train.trainer: Last model at epoch 304 saved to checkpoints/etas_20260528-111933/last_model_1.pth
2026-05-28 11:19:57,154 INFO src.train.trainer: Epoch 305
2026-05-28 11:19:57,225 INFO src.train.trainer: New best validation loss: -6.4841, saved to checkpoints/etas_20260528-111933/best_model_1.pth
2026-05-28 11:19:57,228 INFO src.train.trainer: Last model at epoch 305 saved to checkpoints/etas_20260528-111933/last_model_1.pth
2026-05-28 11:19:57,228 INFO src.train.trainer: Epoch 306
2026-05-28 11:19:57,300 INFO src.train.trainer: New best validation loss: -6.4846, saved to checkpoints/etas_20260528-111933/best_model_1.pth
2026-05-28 11:19:57,303 INFO src.train.trainer: Last model at epoch 306 saved to checkpoints/etas_20260528-111933/last_model_1.pth
2026-05-28 11:19:57,304 INFO src.train.trainer: Epoch 307
2026-05-28 11:19:57,379 INFO src.train.trainer: New best validation loss: -6.4852, saved to checkpoints/etas_20260528-111933/best_model_1.pth
2026-05-28 11:19:57,382 INFO src.train.trainer: Last model at epoch 307 saved to checkpoints/etas_20260528-111933/last_model_1.pth
2026-05-28 11:19:57,382 INFO src.train.trainer: Epoch 308
2026-05-28 11:19:57,456 INFO src.train.trainer: New best validation loss: -6.4858, saved to checkpoints/etas_20260528-111933/best_model_1.pth
2026-05-28 11:19:57,459 INFO src.train.trainer: Last model at epoch 308 saved to checkpoints/etas_20260528-111933/last_model_1.pth
2026-05-28 11:19:57,459 INFO src.train.trainer: Epoch 309
2026-05-28 11:19:57,534 INFO src.train.trainer: New best validation loss: -6.4864, saved to checkpoints/etas_20260528-111933/best_model_1.pth
2026-05-28 11:19:57,537 INFO src.train.trainer: Last model at epoch 309 saved to checkpoints/etas_20260528-111933/last_model_1.pth
2026-05-28 11:19:57,537 INFO src.train.trainer: Epoch 310
2026-05-28 11:19:57,611 INFO src.train.trainer: New best validation loss: -6.4870, saved to checkpoints/etas_20260528-111933/best_model_1.pth
2026-05-28 11:19:57,614 INFO src.train.trainer: Last model at epoch 310 saved to checkpoints/etas_20260528-111933/last_model_1.pth
2026-05-28 11:19:57,614 INFO src.train.trainer: Epoch 311
2026-05-28 11:19:57,690 INFO src.train.trainer: New best validation loss: -6.4875, saved to checkpoints/etas_20260528-111933/best_model_1.pth
2026-05-28 11:19:57,693 INFO src.train.trainer: Last model at epoch 311 saved to checkpoints/etas_20260528-111933/last_model_1.pth
2026-05-28 11:19:57,693 INFO src.train.trainer: Epoch 312
2026-05-28 11:19:57,759 INFO src.train.trainer: New best validation loss: -6.4881, saved to checkpoints/etas_20260528-111933/best_model_1.pth
2026-05-28 11:19:57,762 INFO src.train.trainer: Last model at epoch 312 saved to checkpoints/etas_20260528-111933/last_model_1.pth
2026-05-28 11:19:57,762 INFO src.train.trainer: Epoch 313
2026-05-28 11:19:57,828 INFO src.train.trainer: New best validation loss: -6.4887, saved to checkpoints/etas_20260528-111933/best_model_1.pth
2026-05-28 11:19:57,831 INFO src.train.trainer: Last model at epoch 313 saved to checkpoints/etas_20260528-111933/last_model_1.pth
2026-05-28 11:19:57,831 INFO src.train.trainer: Epoch 314
2026-05-28 11:19:57,894 INFO src.train.trainer: New best validation loss: -6.4892, saved to checkpoints/etas_20260528-111933/best_model_1.pth
2026-05-28 11:19:57,897 INFO src.train.trainer: Last model at epoch 314 saved to checkpoints/etas_20260528-111933/last_model_1.pth
2026-05-28 11:19:57,897 INFO src.train.trainer: Epoch 315
2026-05-28 11:19:57,960 INFO src.train.trainer: New best validation loss: -6.4898, saved to checkpoints/etas_20260528-111933/best_model_1.pth
2026-05-28 11:19:57,963 INFO src.train.trainer: Last model at epoch 315 saved to checkpoints/etas_20260528-111933/last_model_1.pth
2026-05-28 11:19:57,963 INFO src.train.trainer: Epoch 316
2026-05-28 11:19:58,027 INFO src.train.trainer: New best validation loss: -6.4904, saved to checkpoints/etas_20260528-111933/best_model_1.pth
2026-05-28 11:19:58,029 INFO src.train.trainer: Last model at epoch 316 saved to checkpoints/etas_20260528-111933/last_model_1.pth
2026-05-28 11:19:58,030 INFO src.train.trainer: Epoch 317
2026-05-28 11:19:58,095 INFO src.train.trainer: New best validation loss: -6.4909, saved to checkpoints/etas_20260528-111933/best_model_1.pth
2026-05-28 11:19:58,097 INFO src.train.trainer: Last model at epoch 317 saved to checkpoints/etas_20260528-111933/last_model_1.pth
2026-05-28 11:19:58,097 INFO src.train.trainer: Epoch 318
2026-05-28 11:19:58,163 INFO src.train.trainer: New best validation loss: -6.4915, saved to checkpoints/etas_20260528-111933/best_model_1.pth
2026-05-28 11:19:58,165 INFO src.train.trainer: Last model at epoch 318 saved to checkpoints/etas_20260528-111933/last_model_1.pth
2026-05-28 11:19:58,166 INFO src.train.trainer: Epoch 319
2026-05-28 11:19:58,234 INFO src.train.trainer: New best validation loss: -6.4920, saved to checkpoints/etas_20260528-111933/best_model_1.pth
2026-05-28 11:19:58,237 INFO src.train.trainer: Last model at epoch 319 saved to checkpoints/etas_20260528-111933/last_model_1.pth
2026-05-28 11:19:58,237 INFO src.train.trainer: Epoch 320
2026-05-28 11:19:58,306 INFO src.train.trainer: New best validation loss: -6.4926, saved to checkpoints/etas_20260528-111933/best_model_1.pth
2026-05-28 11:19:58,308 INFO src.train.trainer: Last model at epoch 320 saved to checkpoints/etas_20260528-111933/last_model_1.pth
2026-05-28 11:19:58,308 INFO src.train.trainer: Epoch 321
2026-05-28 11:19:58,380 INFO src.train.trainer: New best validation loss: -6.4931, saved to checkpoints/etas_20260528-111933/best_model_1.pth
2026-05-28 11:19:58,383 INFO src.train.trainer: Last model at epoch 321 saved to checkpoints/etas_20260528-111933/last_model_1.pth
2026-05-28 11:19:58,383 INFO src.train.trainer: Epoch 322
2026-05-28 11:19:58,454 INFO src.train.trainer: New best validation loss: -6.4937, saved to checkpoints/etas_20260528-111933/best_model_1.pth
2026-05-28 11:19:58,456 INFO src.train.trainer: Last model at epoch 322 saved to checkpoints/etas_20260528-111933/last_model_1.pth
2026-05-28 11:19:58,456 INFO src.train.trainer: Epoch 323
2026-05-28 11:19:58,526 INFO src.train.trainer: New best validation loss: -6.4942, saved to checkpoints/etas_20260528-111933/best_model_1.pth
2026-05-28 11:19:58,528 INFO src.train.trainer: Last model at epoch 323 saved to checkpoints/etas_20260528-111933/last_model_1.pth
2026-05-28 11:19:58,528 INFO src.train.trainer: Epoch 324
2026-05-28 11:19:58,597 INFO src.train.trainer: New best validation loss: -6.4948, saved to checkpoints/etas_20260528-111933/best_model_1.pth
2026-05-28 11:19:58,600 INFO src.train.trainer: Last model at epoch 324 saved to checkpoints/etas_20260528-111933/last_model_1.pth
2026-05-28 11:19:58,600 INFO src.train.trainer: Epoch 325
2026-05-28 11:19:58,669 INFO src.train.trainer: New best validation loss: -6.4953, saved to checkpoints/etas_20260528-111933/best_model_1.pth
2026-05-28 11:19:58,672 INFO src.train.trainer: Last model at epoch 325 saved to checkpoints/etas_20260528-111933/last_model_1.pth
2026-05-28 11:19:58,672 INFO src.train.trainer: Epoch 326
2026-05-28 11:19:58,741 INFO src.train.trainer: New best validation loss: -6.4959, saved to checkpoints/etas_20260528-111933/best_model_1.pth
2026-05-28 11:19:58,744 INFO src.train.trainer: Last model at epoch 326 saved to checkpoints/etas_20260528-111933/last_model_1.pth
2026-05-28 11:19:58,744 INFO src.train.trainer: Epoch 327
2026-05-28 11:19:58,817 INFO src.train.trainer: New best validation loss: -6.4964, saved to checkpoints/etas_20260528-111933/best_model_1.pth
2026-05-28 11:19:58,820 INFO src.train.trainer: Last model at epoch 327 saved to checkpoints/etas_20260528-111933/last_model_1.pth
2026-05-28 11:19:58,820 INFO src.train.trainer: Epoch 328
2026-05-28 11:19:58,893 INFO src.train.trainer: New best validation loss: -6.4970, saved to checkpoints/etas_20260528-111933/best_model_1.pth
2026-05-28 11:19:58,896 INFO src.train.trainer: Last model at epoch 328 saved to checkpoints/etas_20260528-111933/last_model_1.pth
2026-05-28 11:19:58,896 INFO src.train.trainer: Epoch 329
2026-05-28 11:19:58,970 INFO src.train.trainer: New best validation loss: -6.4975, saved to checkpoints/etas_20260528-111933/best_model_1.pth
2026-05-28 11:19:58,972 INFO src.train.trainer: Last model at epoch 329 saved to checkpoints/etas_20260528-111933/last_model_1.pth
2026-05-28 11:19:58,973 INFO src.train.trainer: Epoch 330
2026-05-28 11:19:59,043 INFO src.train.trainer: New best validation loss: -6.4981, saved to checkpoints/etas_20260528-111933/best_model_1.pth
2026-05-28 11:19:59,046 INFO src.train.trainer: Last model at epoch 330 saved to checkpoints/etas_20260528-111933/last_model_1.pth
2026-05-28 11:19:59,046 INFO src.train.trainer: Epoch 331
2026-05-28 11:19:59,118 INFO src.train.trainer: New best validation loss: -6.4986, saved to checkpoints/etas_20260528-111933/best_model_1.pth
2026-05-28 11:19:59,121 INFO src.train.trainer: Last model at epoch 331 saved to checkpoints/etas_20260528-111933/last_model_1.pth
2026-05-28 11:19:59,121 INFO src.train.trainer: Epoch 332
2026-05-28 11:19:59,192 INFO src.train.trainer: New best validation loss: -6.4991, saved to checkpoints/etas_20260528-111933/best_model_1.pth
2026-05-28 11:19:59,195 INFO src.train.trainer: Last model at epoch 332 saved to checkpoints/etas_20260528-111933/last_model_1.pth
2026-05-28 11:19:59,195 INFO src.train.trainer: Epoch 333
2026-05-28 11:19:59,265 INFO src.train.trainer: New best validation loss: -6.4997, saved to checkpoints/etas_20260528-111933/best_model_1.pth
2026-05-28 11:19:59,268 INFO src.train.trainer: Last model at epoch 333 saved to checkpoints/etas_20260528-111933/last_model_1.pth
2026-05-28 11:19:59,268 INFO src.train.trainer: Epoch 334
2026-05-28 11:19:59,337 INFO src.train.trainer: New best validation loss: -6.5002, saved to checkpoints/etas_20260528-111933/best_model_1.pth
2026-05-28 11:19:59,340 INFO src.train.trainer: Last model at epoch 334 saved to checkpoints/etas_20260528-111933/last_model_1.pth
2026-05-28 11:19:59,340 INFO src.train.trainer: Epoch 335
2026-05-28 11:19:59,409 INFO src.train.trainer: New best validation loss: -6.5007, saved to checkpoints/etas_20260528-111933/best_model_1.pth
2026-05-28 11:19:59,411 INFO src.train.trainer: Last model at epoch 335 saved to checkpoints/etas_20260528-111933/last_model_1.pth
2026-05-28 11:19:59,411 INFO src.train.trainer: Epoch 336
2026-05-28 11:19:59,481 INFO src.train.trainer: New best validation loss: -6.5013, saved to checkpoints/etas_20260528-111933/best_model_1.pth
2026-05-28 11:19:59,483 INFO src.train.trainer: Last model at epoch 336 saved to checkpoints/etas_20260528-111933/last_model_1.pth
2026-05-28 11:19:59,483 INFO src.train.trainer: Epoch 337
2026-05-28 11:19:59,554 INFO src.train.trainer: New best validation loss: -6.5018, saved to checkpoints/etas_20260528-111933/best_model_1.pth
2026-05-28 11:19:59,556 INFO src.train.trainer: Last model at epoch 337 saved to checkpoints/etas_20260528-111933/last_model_1.pth
2026-05-28 11:19:59,557 INFO src.train.trainer: Epoch 338
2026-05-28 11:19:59,626 INFO src.train.trainer: New best validation loss: -6.5023, saved to checkpoints/etas_20260528-111933/best_model_1.pth
2026-05-28 11:19:59,629 INFO src.train.trainer: Last model at epoch 338 saved to checkpoints/etas_20260528-111933/last_model_1.pth
2026-05-28 11:19:59,629 INFO src.train.trainer: Epoch 339
2026-05-28 11:19:59,699 INFO src.train.trainer: New best validation loss: -6.5029, saved to checkpoints/etas_20260528-111933/best_model_1.pth
2026-05-28 11:19:59,702 INFO src.train.trainer: Last model at epoch 339 saved to checkpoints/etas_20260528-111933/last_model_1.pth
2026-05-28 11:19:59,702 INFO src.train.trainer: Epoch 340
2026-05-28 11:19:59,776 INFO src.train.trainer: New best validation loss: -6.5034, saved to checkpoints/etas_20260528-111933/best_model_1.pth
2026-05-28 11:19:59,778 INFO src.train.trainer: Last model at epoch 340 saved to checkpoints/etas_20260528-111933/last_model_1.pth
2026-05-28 11:19:59,779 INFO src.train.trainer: Epoch 341
2026-05-28 11:19:59,852 INFO src.train.trainer: New best validation loss: -6.5039, saved to checkpoints/etas_20260528-111933/best_model_1.pth
2026-05-28 11:19:59,855 INFO src.train.trainer: Last model at epoch 341 saved to checkpoints/etas_20260528-111933/last_model_1.pth
2026-05-28 11:19:59,855 INFO src.train.trainer: Epoch 342
2026-05-28 11:19:59,931 INFO src.train.trainer: New best validation loss: -6.5044, saved to checkpoints/etas_20260528-111933/best_model_1.pth
2026-05-28 11:19:59,934 INFO src.train.trainer: Last model at epoch 342 saved to checkpoints/etas_20260528-111933/last_model_1.pth
2026-05-28 11:19:59,935 INFO src.train.trainer: Epoch 343
2026-05-28 11:20:00,011 INFO src.train.trainer: New best validation loss: -6.5050, saved to checkpoints/etas_20260528-111933/best_model_1.pth
2026-05-28 11:20:00,014 INFO src.train.trainer: Last model at epoch 343 saved to checkpoints/etas_20260528-111933/last_model_1.pth
2026-05-28 11:20:00,014 INFO src.train.trainer: Epoch 344
2026-05-28 11:20:00,104 INFO src.train.trainer: New best validation loss: -6.5055, saved to checkpoints/etas_20260528-111933/best_model_1.pth
2026-05-28 11:20:00,107 INFO src.train.trainer: Last model at epoch 344 saved to checkpoints/etas_20260528-111933/last_model_1.pth
2026-05-28 11:20:00,107 INFO src.train.trainer: Epoch 345
2026-05-28 11:20:00,176 INFO src.train.trainer: New best validation loss: -6.5060, saved to checkpoints/etas_20260528-111933/best_model_1.pth
2026-05-28 11:20:00,180 INFO src.train.trainer: Last model at epoch 345 saved to checkpoints/etas_20260528-111933/last_model_1.pth
2026-05-28 11:20:00,181 INFO src.train.trainer: Epoch 346
2026-05-28 11:20:00,249 INFO src.train.trainer: New best validation loss: -6.5065, saved to checkpoints/etas_20260528-111933/best_model_1.pth
2026-05-28 11:20:00,252 INFO src.train.trainer: Last model at epoch 346 saved to checkpoints/etas_20260528-111933/last_model_1.pth
2026-05-28 11:20:00,252 INFO src.train.trainer: Epoch 347
2026-05-28 11:20:00,321 INFO src.train.trainer: New best validation loss: -6.5071, saved to checkpoints/etas_20260528-111933/best_model_1.pth
2026-05-28 11:20:00,324 INFO src.train.trainer: Last model at epoch 347 saved to checkpoints/etas_20260528-111933/last_model_1.pth
2026-05-28 11:20:00,324 INFO src.train.trainer: Epoch 348
2026-05-28 11:20:00,392 INFO src.train.trainer: New best validation loss: -6.5076, saved to checkpoints/etas_20260528-111933/best_model_1.pth
2026-05-28 11:20:00,395 INFO src.train.trainer: Last model at epoch 348 saved to checkpoints/etas_20260528-111933/last_model_1.pth
2026-05-28 11:20:00,395 INFO src.train.trainer: Epoch 349
2026-05-28 11:20:00,479 INFO src.train.trainer: New best validation loss: -6.5081, saved to checkpoints/etas_20260528-111933/best_model_1.pth
2026-05-28 11:20:00,482 INFO src.train.trainer: Last model at epoch 349 saved to checkpoints/etas_20260528-111933/last_model_1.pth
2026-05-28 11:20:00,482 INFO src.train.trainer: Epoch 350
2026-05-28 11:20:00,559 INFO src.train.trainer: New best validation loss: -6.5086, saved to checkpoints/etas_20260528-111933/best_model_1.pth
2026-05-28 11:20:00,562 INFO src.train.trainer: Last model at epoch 350 saved to checkpoints/etas_20260528-111933/last_model_1.pth
2026-05-28 11:20:00,562 INFO src.train.trainer: Epoch 351
2026-05-28 11:20:00,636 INFO src.train.trainer: New best validation loss: -6.5091, saved to checkpoints/etas_20260528-111933/best_model_1.pth
2026-05-28 11:20:00,639 INFO src.train.trainer: Last model at epoch 351 saved to checkpoints/etas_20260528-111933/last_model_1.pth
2026-05-28 11:20:00,639 INFO src.train.trainer: Epoch 352
2026-05-28 11:20:00,711 INFO src.train.trainer: New best validation loss: -6.5096, saved to checkpoints/etas_20260528-111933/best_model_1.pth
2026-05-28 11:20:00,714 INFO src.train.trainer: Last model at epoch 352 saved to checkpoints/etas_20260528-111933/last_model_1.pth
2026-05-28 11:20:00,714 INFO src.train.trainer: Epoch 353
2026-05-28 11:20:00,788 INFO src.train.trainer: New best validation loss: -6.5101, saved to checkpoints/etas_20260528-111933/best_model_1.pth
2026-05-28 11:20:00,791 INFO src.train.trainer: Last model at epoch 353 saved to checkpoints/etas_20260528-111933/last_model_1.pth
2026-05-28 11:20:00,791 INFO src.train.trainer: Epoch 354
2026-05-28 11:20:00,865 INFO src.train.trainer: New best validation loss: -6.5106, saved to checkpoints/etas_20260528-111933/best_model_1.pth
2026-05-28 11:20:00,868 INFO src.train.trainer: Last model at epoch 354 saved to checkpoints/etas_20260528-111933/last_model_1.pth
2026-05-28 11:20:00,868 INFO src.train.trainer: Epoch 355
2026-05-28 11:20:00,942 INFO src.train.trainer: New best validation loss: -6.5112, saved to checkpoints/etas_20260528-111933/best_model_1.pth
2026-05-28 11:20:00,945 INFO src.train.trainer: Last model at epoch 355 saved to checkpoints/etas_20260528-111933/last_model_1.pth
2026-05-28 11:20:00,945 INFO src.train.trainer: Epoch 356
2026-05-28 11:20:01,022 INFO src.train.trainer: New best validation loss: -6.5117, saved to checkpoints/etas_20260528-111933/best_model_1.pth
2026-05-28 11:20:01,025 INFO src.train.trainer: Last model at epoch 356 saved to checkpoints/etas_20260528-111933/last_model_1.pth
2026-05-28 11:20:01,025 INFO src.train.trainer: Epoch 357
2026-05-28 11:20:01,101 INFO src.train.trainer: New best validation loss: -6.5122, saved to checkpoints/etas_20260528-111933/best_model_1.pth
2026-05-28 11:20:01,104 INFO src.train.trainer: Last model at epoch 357 saved to checkpoints/etas_20260528-111933/last_model_1.pth
2026-05-28 11:20:01,104 INFO src.train.trainer: Epoch 358
2026-05-28 11:20:01,178 INFO src.train.trainer: New best validation loss: -6.5127, saved to checkpoints/etas_20260528-111933/best_model_1.pth
2026-05-28 11:20:01,181 INFO src.train.trainer: Last model at epoch 358 saved to checkpoints/etas_20260528-111933/last_model_1.pth
2026-05-28 11:20:01,181 INFO src.train.trainer: Epoch 359
2026-05-28 11:20:01,254 INFO src.train.trainer: New best validation loss: -6.5132, saved to checkpoints/etas_20260528-111933/best_model_1.pth
2026-05-28 11:20:01,257 INFO src.train.trainer: Last model at epoch 359 saved to checkpoints/etas_20260528-111933/last_model_1.pth
2026-05-28 11:20:01,257 INFO src.train.trainer: Epoch 360
2026-05-28 11:20:01,330 INFO src.train.trainer: New best validation loss: -6.5137, saved to checkpoints/etas_20260528-111933/best_model_1.pth
2026-05-28 11:20:01,333 INFO src.train.trainer: Last model at epoch 360 saved to checkpoints/etas_20260528-111933/last_model_1.pth
2026-05-28 11:20:01,333 INFO src.train.trainer: Epoch 361
2026-05-28 11:20:01,409 INFO src.train.trainer: New best validation loss: -6.5142, saved to checkpoints/etas_20260528-111933/best_model_1.pth
2026-05-28 11:20:01,412 INFO src.train.trainer: Last model at epoch 361 saved to checkpoints/etas_20260528-111933/last_model_1.pth
2026-05-28 11:20:01,412 INFO src.train.trainer: Epoch 362
2026-05-28 11:20:01,483 INFO src.train.trainer: New best validation loss: -6.5147, saved to checkpoints/etas_20260528-111933/best_model_1.pth
2026-05-28 11:20:01,486 INFO src.train.trainer: Last model at epoch 362 saved to checkpoints/etas_20260528-111933/last_model_1.pth
2026-05-28 11:20:01,486 INFO src.train.trainer: Epoch 363
2026-05-28 11:20:01,559 INFO src.train.trainer: New best validation loss: -6.5152, saved to checkpoints/etas_20260528-111933/best_model_1.pth
2026-05-28 11:20:01,562 INFO src.train.trainer: Last model at epoch 363 saved to checkpoints/etas_20260528-111933/last_model_1.pth
2026-05-28 11:20:01,562 INFO src.train.trainer: Epoch 364
2026-05-28 11:20:01,634 INFO src.train.trainer: New best validation loss: -6.5156, saved to checkpoints/etas_20260528-111933/best_model_1.pth
2026-05-28 11:20:01,637 INFO src.train.trainer: Last model at epoch 364 saved to checkpoints/etas_20260528-111933/last_model_1.pth
2026-05-28 11:20:01,637 INFO src.train.trainer: Epoch 365
2026-05-28 11:20:01,709 INFO src.train.trainer: New best validation loss: -6.5161, saved to checkpoints/etas_20260528-111933/best_model_1.pth
2026-05-28 11:20:01,712 INFO src.train.trainer: Last model at epoch 365 saved to checkpoints/etas_20260528-111933/last_model_1.pth
2026-05-28 11:20:01,712 INFO src.train.trainer: Epoch 366
2026-05-28 11:20:01,786 INFO src.train.trainer: New best validation loss: -6.5166, saved to checkpoints/etas_20260528-111933/best_model_1.pth
2026-05-28 11:20:01,788 INFO src.train.trainer: Last model at epoch 366 saved to checkpoints/etas_20260528-111933/last_model_1.pth
2026-05-28 11:20:01,789 INFO src.train.trainer: Epoch 367
2026-05-28 11:20:01,862 INFO src.train.trainer: New best validation loss: -6.5171, saved to checkpoints/etas_20260528-111933/best_model_1.pth
2026-05-28 11:20:01,865 INFO src.train.trainer: Last model at epoch 367 saved to checkpoints/etas_20260528-111933/last_model_1.pth
2026-05-28 11:20:01,865 INFO src.train.trainer: Epoch 368
2026-05-28 11:20:01,938 INFO src.train.trainer: New best validation loss: -6.5176, saved to checkpoints/etas_20260528-111933/best_model_1.pth
2026-05-28 11:20:01,941 INFO src.train.trainer: Last model at epoch 368 saved to checkpoints/etas_20260528-111933/last_model_1.pth
2026-05-28 11:20:01,941 INFO src.train.trainer: Epoch 369
2026-05-28 11:20:02,015 INFO src.train.trainer: New best validation loss: -6.5181, saved to checkpoints/etas_20260528-111933/best_model_1.pth
2026-05-28 11:20:02,017 INFO src.train.trainer: Last model at epoch 369 saved to checkpoints/etas_20260528-111933/last_model_1.pth
2026-05-28 11:20:02,018 INFO src.train.trainer: Epoch 370
2026-05-28 11:20:02,090 INFO src.train.trainer: New best validation loss: -6.5186, saved to checkpoints/etas_20260528-111933/best_model_1.pth
2026-05-28 11:20:02,093 INFO src.train.trainer: Last model at epoch 370 saved to checkpoints/etas_20260528-111933/last_model_1.pth
2026-05-28 11:20:02,093 INFO src.train.trainer: Epoch 371
2026-05-28 11:20:02,160 INFO src.train.trainer: New best validation loss: -6.5190, saved to checkpoints/etas_20260528-111933/best_model_1.pth
2026-05-28 11:20:02,163 INFO src.train.trainer: Last model at epoch 371 saved to checkpoints/etas_20260528-111933/last_model_1.pth
2026-05-28 11:20:02,163 INFO src.train.trainer: Epoch 372
2026-05-28 11:20:02,228 INFO src.train.trainer: New best validation loss: -6.5195, saved to checkpoints/etas_20260528-111933/best_model_1.pth
2026-05-28 11:20:02,230 INFO src.train.trainer: Last model at epoch 372 saved to checkpoints/etas_20260528-111933/last_model_1.pth
2026-05-28 11:20:02,230 INFO src.train.trainer: Epoch 373
2026-05-28 11:20:02,292 INFO src.train.trainer: New best validation loss: -6.5200, saved to checkpoints/etas_20260528-111933/best_model_1.pth
2026-05-28 11:20:02,294 INFO src.train.trainer: Last model at epoch 373 saved to checkpoints/etas_20260528-111933/last_model_1.pth
2026-05-28 11:20:02,294 INFO src.train.trainer: Epoch 374
2026-05-28 11:20:02,354 INFO src.train.trainer: New best validation loss: -6.5205, saved to checkpoints/etas_20260528-111933/best_model_1.pth
2026-05-28 11:20:02,356 INFO src.train.trainer: Last model at epoch 374 saved to checkpoints/etas_20260528-111933/last_model_1.pth
2026-05-28 11:20:02,356 INFO src.train.trainer: Epoch 375
2026-05-28 11:20:02,416 INFO src.train.trainer: New best validation loss: -6.5209, saved to checkpoints/etas_20260528-111933/best_model_1.pth
2026-05-28 11:20:02,418 INFO src.train.trainer: Last model at epoch 375 saved to checkpoints/etas_20260528-111933/last_model_1.pth
2026-05-28 11:20:02,419 INFO src.train.trainer: Epoch 376
2026-05-28 11:20:02,480 INFO src.train.trainer: New best validation loss: -6.5214, saved to checkpoints/etas_20260528-111933/best_model_1.pth
2026-05-28 11:20:02,483 INFO src.train.trainer: Last model at epoch 376 saved to checkpoints/etas_20260528-111933/last_model_1.pth
2026-05-28 11:20:02,483 INFO src.train.trainer: Epoch 377
2026-05-28 11:20:02,545 INFO src.train.trainer: New best validation loss: -6.5219, saved to checkpoints/etas_20260528-111933/best_model_1.pth
2026-05-28 11:20:02,547 INFO src.train.trainer: Last model at epoch 377 saved to checkpoints/etas_20260528-111933/last_model_1.pth
2026-05-28 11:20:02,547 INFO src.train.trainer: Epoch 378
2026-05-28 11:20:02,610 INFO src.train.trainer: New best validation loss: -6.5224, saved to checkpoints/etas_20260528-111933/best_model_1.pth
2026-05-28 11:20:02,612 INFO src.train.trainer: Last model at epoch 378 saved to checkpoints/etas_20260528-111933/last_model_1.pth
2026-05-28 11:20:02,612 INFO src.train.trainer: Epoch 379
2026-05-28 11:20:02,675 INFO src.train.trainer: New best validation loss: -6.5228, saved to checkpoints/etas_20260528-111933/best_model_1.pth
2026-05-28 11:20:02,677 INFO src.train.trainer: Last model at epoch 379 saved to checkpoints/etas_20260528-111933/last_model_1.pth
2026-05-28 11:20:02,678 INFO src.train.trainer: Epoch 380
2026-05-28 11:20:02,742 INFO src.train.trainer: New best validation loss: -6.5233, saved to checkpoints/etas_20260528-111933/best_model_1.pth
2026-05-28 11:20:02,745 INFO src.train.trainer: Last model at epoch 380 saved to checkpoints/etas_20260528-111933/last_model_1.pth
2026-05-28 11:20:02,745 INFO src.train.trainer: Epoch 381
2026-05-28 11:20:02,811 INFO src.train.trainer: New best validation loss: -6.5238, saved to checkpoints/etas_20260528-111933/best_model_1.pth
2026-05-28 11:20:02,814 INFO src.train.trainer: Last model at epoch 381 saved to checkpoints/etas_20260528-111933/last_model_1.pth
2026-05-28 11:20:02,814 INFO src.train.trainer: Epoch 382
2026-05-28 11:20:02,879 INFO src.train.trainer: New best validation loss: -6.5242, saved to checkpoints/etas_20260528-111933/best_model_1.pth
2026-05-28 11:20:02,881 INFO src.train.trainer: Last model at epoch 382 saved to checkpoints/etas_20260528-111933/last_model_1.pth
2026-05-28 11:20:02,882 INFO src.train.trainer: Epoch 383
2026-05-28 11:20:02,950 INFO src.train.trainer: New best validation loss: -6.5247, saved to checkpoints/etas_20260528-111933/best_model_1.pth
2026-05-28 11:20:02,953 INFO src.train.trainer: Last model at epoch 383 saved to checkpoints/etas_20260528-111933/last_model_1.pth
2026-05-28 11:20:02,953 INFO src.train.trainer: Epoch 384
2026-05-28 11:20:03,024 INFO src.train.trainer: New best validation loss: -6.5251, saved to checkpoints/etas_20260528-111933/best_model_1.pth
2026-05-28 11:20:03,027 INFO src.train.trainer: Last model at epoch 384 saved to checkpoints/etas_20260528-111933/last_model_1.pth
2026-05-28 11:20:03,027 INFO src.train.trainer: Epoch 385
2026-05-28 11:20:03,096 INFO src.train.trainer: New best validation loss: -6.5256, saved to checkpoints/etas_20260528-111933/best_model_1.pth
2026-05-28 11:20:03,099 INFO src.train.trainer: Last model at epoch 385 saved to checkpoints/etas_20260528-111933/last_model_1.pth
2026-05-28 11:20:03,099 INFO src.train.trainer: Epoch 386
2026-05-28 11:20:03,168 INFO src.train.trainer: New best validation loss: -6.5261, saved to checkpoints/etas_20260528-111933/best_model_1.pth
2026-05-28 11:20:03,171 INFO src.train.trainer: Last model at epoch 386 saved to checkpoints/etas_20260528-111933/last_model_1.pth
2026-05-28 11:20:03,171 INFO src.train.trainer: Epoch 387
2026-05-28 11:20:03,243 INFO src.train.trainer: New best validation loss: -6.5265, saved to checkpoints/etas_20260528-111933/best_model_1.pth
2026-05-28 11:20:03,246 INFO src.train.trainer: Last model at epoch 387 saved to checkpoints/etas_20260528-111933/last_model_1.pth
2026-05-28 11:20:03,246 INFO src.train.trainer: Epoch 388
2026-05-28 11:20:03,319 INFO src.train.trainer: New best validation loss: -6.5270, saved to checkpoints/etas_20260528-111933/best_model_1.pth
2026-05-28 11:20:03,321 INFO src.train.trainer: Last model at epoch 388 saved to checkpoints/etas_20260528-111933/last_model_1.pth
2026-05-28 11:20:03,321 INFO src.train.trainer: Epoch 389
2026-05-28 11:20:03,392 INFO src.train.trainer: New best validation loss: -6.5274, saved to checkpoints/etas_20260528-111933/best_model_1.pth
2026-05-28 11:20:03,395 INFO src.train.trainer: Last model at epoch 389 saved to checkpoints/etas_20260528-111933/last_model_1.pth
2026-05-28 11:20:03,395 INFO src.train.trainer: Epoch 390
2026-05-28 11:20:03,464 INFO src.train.trainer: New best validation loss: -6.5279, saved to checkpoints/etas_20260528-111933/best_model_1.pth
2026-05-28 11:20:03,467 INFO src.train.trainer: Last model at epoch 390 saved to checkpoints/etas_20260528-111933/last_model_1.pth
2026-05-28 11:20:03,467 INFO src.train.trainer: Epoch 391
2026-05-28 11:20:03,537 INFO src.train.trainer: New best validation loss: -6.5283, saved to checkpoints/etas_20260528-111933/best_model_1.pth
2026-05-28 11:20:03,540 INFO src.train.trainer: Last model at epoch 391 saved to checkpoints/etas_20260528-111933/last_model_1.pth
2026-05-28 11:20:03,540 INFO src.train.trainer: Epoch 392
2026-05-28 11:20:03,611 INFO src.train.trainer: New best validation loss: -6.5288, saved to checkpoints/etas_20260528-111933/best_model_1.pth
2026-05-28 11:20:03,614 INFO src.train.trainer: Last model at epoch 392 saved to checkpoints/etas_20260528-111933/last_model_1.pth
2026-05-28 11:20:03,614 INFO src.train.trainer: Epoch 393
2026-05-28 11:20:03,686 INFO src.train.trainer: New best validation loss: -6.5293, saved to checkpoints/etas_20260528-111933/best_model_1.pth
2026-05-28 11:20:03,689 INFO src.train.trainer: Last model at epoch 393 saved to checkpoints/etas_20260528-111933/last_model_1.pth
2026-05-28 11:20:03,689 INFO src.train.trainer: Epoch 394
2026-05-28 11:20:03,761 INFO src.train.trainer: New best validation loss: -6.5297, saved to checkpoints/etas_20260528-111933/best_model_1.pth
2026-05-28 11:20:03,764 INFO src.train.trainer: Last model at epoch 394 saved to checkpoints/etas_20260528-111933/last_model_1.pth
2026-05-28 11:20:03,764 INFO src.train.trainer: Epoch 395
2026-05-28 11:20:03,837 INFO src.train.trainer: New best validation loss: -6.5302, saved to checkpoints/etas_20260528-111933/best_model_1.pth
2026-05-28 11:20:03,840 INFO src.train.trainer: Last model at epoch 395 saved to checkpoints/etas_20260528-111933/last_model_1.pth
2026-05-28 11:20:03,840 INFO src.train.trainer: Epoch 396
2026-05-28 11:20:03,913 INFO src.train.trainer: New best validation loss: -6.5306, saved to checkpoints/etas_20260528-111933/best_model_1.pth
2026-05-28 11:20:03,916 INFO src.train.trainer: Last model at epoch 396 saved to checkpoints/etas_20260528-111933/last_model_1.pth
2026-05-28 11:20:03,916 INFO src.train.trainer: Epoch 397
2026-05-28 11:20:03,990 INFO src.train.trainer: New best validation loss: -6.5311, saved to checkpoints/etas_20260528-111933/best_model_1.pth
2026-05-28 11:20:03,993 INFO src.train.trainer: Last model at epoch 397 saved to checkpoints/etas_20260528-111933/last_model_1.pth
2026-05-28 11:20:03,993 INFO src.train.trainer: Epoch 398
2026-05-28 11:20:04,067 INFO src.train.trainer: New best validation loss: -6.5315, saved to checkpoints/etas_20260528-111933/best_model_1.pth
2026-05-28 11:20:04,070 INFO src.train.trainer: Last model at epoch 398 saved to checkpoints/etas_20260528-111933/last_model_1.pth
2026-05-28 11:20:04,070 INFO src.train.trainer: Epoch 399
2026-05-28 11:20:04,144 INFO src.train.trainer: New best validation loss: -6.5320, saved to checkpoints/etas_20260528-111933/best_model_1.pth
2026-05-28 11:20:04,147 INFO src.train.trainer: Last model at epoch 399 saved to checkpoints/etas_20260528-111933/last_model_1.pth
2026-05-28 11:20:04,147 INFO src.train.trainer: Epoch 400
2026-05-28 11:20:04,221 INFO src.train.trainer: New best validation loss: -6.5325, saved to checkpoints/etas_20260528-111933/best_model_1.pth
2026-05-28 11:20:04,223 INFO src.train.trainer: Last model at epoch 400 saved to checkpoints/etas_20260528-111933/last_model_1.pth
2026-05-28 11:20:04,223 INFO src.train.trainer: Epoch 401
2026-05-28 11:20:04,297 INFO src.train.trainer: New best validation loss: -6.5329, saved to checkpoints/etas_20260528-111933/best_model_1.pth
2026-05-28 11:20:04,300 INFO src.train.trainer: Last model at epoch 401 saved to checkpoints/etas_20260528-111933/last_model_1.pth
2026-05-28 11:20:04,300 INFO src.train.trainer: Epoch 402
2026-05-28 11:20:04,378 INFO src.train.trainer: New best validation loss: -6.5334, saved to checkpoints/etas_20260528-111933/best_model_1.pth
2026-05-28 11:20:04,381 INFO src.train.trainer: Last model at epoch 402 saved to checkpoints/etas_20260528-111933/last_model_1.pth
2026-05-28 11:20:04,381 INFO src.train.trainer: Epoch 403
2026-05-28 11:20:04,457 INFO src.train.trainer: New best validation loss: -6.5339, saved to checkpoints/etas_20260528-111933/best_model_1.pth
2026-05-28 11:20:04,460 INFO src.train.trainer: Last model at epoch 403 saved to checkpoints/etas_20260528-111933/last_model_1.pth
2026-05-28 11:20:04,460 INFO src.train.trainer: Epoch 404
2026-05-28 11:20:04,534 INFO src.train.trainer: New best validation loss: -6.5343, saved to checkpoints/etas_20260528-111933/best_model_1.pth
2026-05-28 11:20:04,537 INFO src.train.trainer: Last model at epoch 404 saved to checkpoints/etas_20260528-111933/last_model_1.pth
2026-05-28 11:20:04,537 INFO src.train.trainer: Epoch 405
2026-05-28 11:20:04,610 INFO src.train.trainer: New best validation loss: -6.5348, saved to checkpoints/etas_20260528-111933/best_model_1.pth
2026-05-28 11:20:04,613 INFO src.train.trainer: Last model at epoch 405 saved to checkpoints/etas_20260528-111933/last_model_1.pth
2026-05-28 11:20:04,613 INFO src.train.trainer: Epoch 406
2026-05-28 11:20:04,686 INFO src.train.trainer: New best validation loss: -6.5353, saved to checkpoints/etas_20260528-111933/best_model_1.pth
2026-05-28 11:20:04,689 INFO src.train.trainer: Last model at epoch 406 saved to checkpoints/etas_20260528-111933/last_model_1.pth
2026-05-28 11:20:04,689 INFO src.train.trainer: Epoch 407
2026-05-28 11:20:04,762 INFO src.train.trainer: New best validation loss: -6.5358, saved to checkpoints/etas_20260528-111933/best_model_1.pth
2026-05-28 11:20:04,765 INFO src.train.trainer: Last model at epoch 407 saved to checkpoints/etas_20260528-111933/last_model_1.pth
2026-05-28 11:20:04,765 INFO src.train.trainer: Epoch 408
2026-05-28 11:20:04,838 INFO src.train.trainer: New best validation loss: -6.5363, saved to checkpoints/etas_20260528-111933/best_model_1.pth
2026-05-28 11:20:04,840 INFO src.train.trainer: Last model at epoch 408 saved to checkpoints/etas_20260528-111933/last_model_1.pth
2026-05-28 11:20:04,841 INFO src.train.trainer: Epoch 409
2026-05-28 11:20:04,913 INFO src.train.trainer: New best validation loss: -6.5368, saved to checkpoints/etas_20260528-111933/best_model_1.pth
2026-05-28 11:20:04,916 INFO src.train.trainer: Last model at epoch 409 saved to checkpoints/etas_20260528-111933/last_model_1.pth
2026-05-28 11:20:04,916 INFO src.train.trainer: Epoch 410
2026-05-28 11:20:04,991 INFO src.train.trainer: New best validation loss: -6.5373, saved to checkpoints/etas_20260528-111933/best_model_1.pth
2026-05-28 11:20:04,994 INFO src.train.trainer: Last model at epoch 410 saved to checkpoints/etas_20260528-111933/last_model_1.pth
2026-05-28 11:20:04,994 INFO src.train.trainer: Epoch 411
2026-05-28 11:20:05,069 INFO src.train.trainer: New best validation loss: -6.5378, saved to checkpoints/etas_20260528-111933/best_model_1.pth
2026-05-28 11:20:05,072 INFO src.train.trainer: Last model at epoch 411 saved to checkpoints/etas_20260528-111933/last_model_1.pth
2026-05-28 11:20:05,072 INFO src.train.trainer: Epoch 412
2026-05-28 11:20:05,147 INFO src.train.trainer: New best validation loss: -6.5383, saved to checkpoints/etas_20260528-111933/best_model_1.pth
2026-05-28 11:20:05,150 INFO src.train.trainer: Last model at epoch 412 saved to checkpoints/etas_20260528-111933/last_model_1.pth
2026-05-28 11:20:05,150 INFO src.train.trainer: Epoch 413
2026-05-28 11:20:05,224 INFO src.train.trainer: New best validation loss: -6.5388, saved to checkpoints/etas_20260528-111933/best_model_1.pth
2026-05-28 11:20:05,227 INFO src.train.trainer: Last model at epoch 413 saved to checkpoints/etas_20260528-111933/last_model_1.pth
2026-05-28 11:20:05,227 INFO src.train.trainer: Epoch 414
2026-05-28 11:20:05,300 INFO src.train.trainer: New best validation loss: -6.5393, saved to checkpoints/etas_20260528-111933/best_model_1.pth
2026-05-28 11:20:05,303 INFO src.train.trainer: Last model at epoch 414 saved to checkpoints/etas_20260528-111933/last_model_1.pth
2026-05-28 11:20:05,303 INFO src.train.trainer: Epoch 415
2026-05-28 11:20:05,377 INFO src.train.trainer: New best validation loss: -6.5398, saved to checkpoints/etas_20260528-111933/best_model_1.pth
2026-05-28 11:20:05,380 INFO src.train.trainer: Last model at epoch 415 saved to checkpoints/etas_20260528-111933/last_model_1.pth
2026-05-28 11:20:05,380 INFO src.train.trainer: Epoch 416
2026-05-28 11:20:05,459 INFO src.train.trainer: New best validation loss: -6.5404, saved to checkpoints/etas_20260528-111933/best_model_1.pth
2026-05-28 11:20:05,462 INFO src.train.trainer: Last model at epoch 416 saved to checkpoints/etas_20260528-111933/last_model_1.pth
2026-05-28 11:20:05,462 INFO src.train.trainer: Epoch 417
2026-05-28 11:20:05,536 INFO src.train.trainer: New best validation loss: -6.5409, saved to checkpoints/etas_20260528-111933/best_model_1.pth
2026-05-28 11:20:05,539 INFO src.train.trainer: Last model at epoch 417 saved to checkpoints/etas_20260528-111933/last_model_1.pth
2026-05-28 11:20:05,539 INFO src.train.trainer: Epoch 418
2026-05-28 11:20:05,612 INFO src.train.trainer: New best validation loss: -6.5414, saved to checkpoints/etas_20260528-111933/best_model_1.pth
2026-05-28 11:20:05,615 INFO src.train.trainer: Last model at epoch 418 saved to checkpoints/etas_20260528-111933/last_model_1.pth
2026-05-28 11:20:05,615 INFO src.train.trainer: Epoch 419
2026-05-28 11:20:05,686 INFO src.train.trainer: New best validation loss: -6.5420, saved to checkpoints/etas_20260528-111933/best_model_1.pth
2026-05-28 11:20:05,688 INFO src.train.trainer: Last model at epoch 419 saved to checkpoints/etas_20260528-111933/last_model_1.pth
2026-05-28 11:20:05,688 INFO src.train.trainer: Epoch 420
2026-05-28 11:20:05,762 INFO src.train.trainer: New best validation loss: -6.5425, saved to checkpoints/etas_20260528-111933/best_model_1.pth
2026-05-28 11:20:05,765 INFO src.train.trainer: Last model at epoch 420 saved to checkpoints/etas_20260528-111933/last_model_1.pth
2026-05-28 11:20:05,765 INFO src.train.trainer: Epoch 421
2026-05-28 11:20:05,839 INFO src.train.trainer: New best validation loss: -6.5431, saved to checkpoints/etas_20260528-111933/best_model_1.pth
2026-05-28 11:20:05,842 INFO src.train.trainer: Last model at epoch 421 saved to checkpoints/etas_20260528-111933/last_model_1.pth
2026-05-28 11:20:05,842 INFO src.train.trainer: Epoch 422
2026-05-28 11:20:05,915 INFO src.train.trainer: New best validation loss: -6.5436, saved to checkpoints/etas_20260528-111933/best_model_1.pth
2026-05-28 11:20:05,918 INFO src.train.trainer: Last model at epoch 422 saved to checkpoints/etas_20260528-111933/last_model_1.pth
2026-05-28 11:20:05,918 INFO src.train.trainer: Epoch 423
2026-05-28 11:20:05,993 INFO src.train.trainer: New best validation loss: -6.5442, saved to checkpoints/etas_20260528-111933/best_model_1.pth
2026-05-28 11:20:05,997 INFO src.train.trainer: Last model at epoch 423 saved to checkpoints/etas_20260528-111933/last_model_1.pth
2026-05-28 11:20:05,997 INFO src.train.trainer: Epoch 424
2026-05-28 11:20:06,073 INFO src.train.trainer: New best validation loss: -6.5447, saved to checkpoints/etas_20260528-111933/best_model_1.pth
2026-05-28 11:20:06,076 INFO src.train.trainer: Last model at epoch 424 saved to checkpoints/etas_20260528-111933/last_model_1.pth
2026-05-28 11:20:06,076 INFO src.train.trainer: Epoch 425
2026-05-28 11:20:06,151 INFO src.train.trainer: New best validation loss: -6.5453, saved to checkpoints/etas_20260528-111933/best_model_1.pth
2026-05-28 11:20:06,154 INFO src.train.trainer: Last model at epoch 425 saved to checkpoints/etas_20260528-111933/last_model_1.pth
2026-05-28 11:20:06,155 INFO src.train.trainer: Epoch 426
2026-05-28 11:20:06,229 INFO src.train.trainer: New best validation loss: -6.5458, saved to checkpoints/etas_20260528-111933/best_model_1.pth
2026-05-28 11:20:06,232 INFO src.train.trainer: Last model at epoch 426 saved to checkpoints/etas_20260528-111933/last_model_1.pth
2026-05-28 11:20:06,232 INFO src.train.trainer: Epoch 427
2026-05-28 11:20:06,307 INFO src.train.trainer: New best validation loss: -6.5464, saved to checkpoints/etas_20260528-111933/best_model_1.pth
2026-05-28 11:20:06,310 INFO src.train.trainer: Last model at epoch 427 saved to checkpoints/etas_20260528-111933/last_model_1.pth
2026-05-28 11:20:06,310 INFO src.train.trainer: Epoch 428
2026-05-28 11:20:06,384 INFO src.train.trainer: New best validation loss: -6.5469, saved to checkpoints/etas_20260528-111933/best_model_1.pth
2026-05-28 11:20:06,387 INFO src.train.trainer: Last model at epoch 428 saved to checkpoints/etas_20260528-111933/last_model_1.pth
2026-05-28 11:20:06,387 INFO src.train.trainer: Epoch 429
2026-05-28 11:20:06,461 INFO src.train.trainer: New best validation loss: -6.5475, saved to checkpoints/etas_20260528-111933/best_model_1.pth
2026-05-28 11:20:06,465 INFO src.train.trainer: Last model at epoch 429 saved to checkpoints/etas_20260528-111933/last_model_1.pth
2026-05-28 11:20:06,465 INFO src.train.trainer: Epoch 430
2026-05-28 11:20:06,541 INFO src.train.trainer: New best validation loss: -6.5480, saved to checkpoints/etas_20260528-111933/best_model_1.pth
2026-05-28 11:20:06,544 INFO src.train.trainer: Last model at epoch 430 saved to checkpoints/etas_20260528-111933/last_model_1.pth
2026-05-28 11:20:06,544 INFO src.train.trainer: Epoch 431
2026-05-28 11:20:06,612 INFO src.train.trainer: New best validation loss: -6.5485, saved to checkpoints/etas_20260528-111933/best_model_1.pth
2026-05-28 11:20:06,615 INFO src.train.trainer: Last model at epoch 431 saved to checkpoints/etas_20260528-111933/last_model_1.pth
2026-05-28 11:20:06,615 INFO src.train.trainer: Epoch 432
2026-05-28 11:20:06,681 INFO src.train.trainer: New best validation loss: -6.5490, saved to checkpoints/etas_20260528-111933/best_model_1.pth
2026-05-28 11:20:06,683 INFO src.train.trainer: Last model at epoch 432 saved to checkpoints/etas_20260528-111933/last_model_1.pth
2026-05-28 11:20:06,684 INFO src.train.trainer: Epoch 433
2026-05-28 11:20:06,746 INFO src.train.trainer: New best validation loss: -6.5496, saved to checkpoints/etas_20260528-111933/best_model_1.pth
2026-05-28 11:20:06,749 INFO src.train.trainer: Last model at epoch 433 saved to checkpoints/etas_20260528-111933/last_model_1.pth
2026-05-28 11:20:06,749 INFO src.train.trainer: Epoch 434
2026-05-28 11:20:06,809 INFO src.train.trainer: New best validation loss: -6.5500, saved to checkpoints/etas_20260528-111933/best_model_1.pth
2026-05-28 11:20:06,812 INFO src.train.trainer: Last model at epoch 434 saved to checkpoints/etas_20260528-111933/last_model_1.pth
2026-05-28 11:20:06,812 INFO src.train.trainer: Epoch 435
2026-05-28 11:20:06,873 INFO src.train.trainer: New best validation loss: -6.5505, saved to checkpoints/etas_20260528-111933/best_model_1.pth
2026-05-28 11:20:06,875 INFO src.train.trainer: Last model at epoch 435 saved to checkpoints/etas_20260528-111933/last_model_1.pth
2026-05-28 11:20:06,875 INFO src.train.trainer: Epoch 436
2026-05-28 11:20:06,937 INFO src.train.trainer: New best validation loss: -6.5510, saved to checkpoints/etas_20260528-111933/best_model_1.pth
2026-05-28 11:20:06,940 INFO src.train.trainer: Last model at epoch 436 saved to checkpoints/etas_20260528-111933/last_model_1.pth
2026-05-28 11:20:06,940 INFO src.train.trainer: Epoch 437
2026-05-28 11:20:07,003 INFO src.train.trainer: New best validation loss: -6.5515, saved to checkpoints/etas_20260528-111933/best_model_1.pth
2026-05-28 11:20:07,005 INFO src.train.trainer: Last model at epoch 437 saved to checkpoints/etas_20260528-111933/last_model_1.pth
2026-05-28 11:20:07,006 INFO src.train.trainer: Epoch 438
2026-05-28 11:20:07,071 INFO src.train.trainer: New best validation loss: -6.5519, saved to checkpoints/etas_20260528-111933/best_model_1.pth
2026-05-28 11:20:07,074 INFO src.train.trainer: Last model at epoch 438 saved to checkpoints/etas_20260528-111933/last_model_1.pth
2026-05-28 11:20:07,074 INFO src.train.trainer: Epoch 439
2026-05-28 11:20:07,139 INFO src.train.trainer: New best validation loss: -6.5524, saved to checkpoints/etas_20260528-111933/best_model_1.pth
2026-05-28 11:20:07,142 INFO src.train.trainer: Last model at epoch 439 saved to checkpoints/etas_20260528-111933/last_model_1.pth
2026-05-28 11:20:07,142 INFO src.train.trainer: Epoch 440
2026-05-28 11:20:07,212 INFO src.train.trainer: New best validation loss: -6.5528, saved to checkpoints/etas_20260528-111933/best_model_1.pth
2026-05-28 11:20:07,215 INFO src.train.trainer: Last model at epoch 440 saved to checkpoints/etas_20260528-111933/last_model_1.pth
2026-05-28 11:20:07,215 INFO src.train.trainer: Epoch 441
2026-05-28 11:20:07,283 INFO src.train.trainer: New best validation loss: -6.5532, saved to checkpoints/etas_20260528-111933/best_model_1.pth
2026-05-28 11:20:07,286 INFO src.train.trainer: Last model at epoch 441 saved to checkpoints/etas_20260528-111933/last_model_1.pth
2026-05-28 11:20:07,286 INFO src.train.trainer: Epoch 442
2026-05-28 11:20:07,355 INFO src.train.trainer: New best validation loss: -6.5536, saved to checkpoints/etas_20260528-111933/best_model_1.pth
2026-05-28 11:20:07,358 INFO src.train.trainer: Last model at epoch 442 saved to checkpoints/etas_20260528-111933/last_model_1.pth
2026-05-28 11:20:07,358 INFO src.train.trainer: Epoch 443
2026-05-28 11:20:07,427 INFO src.train.trainer: New best validation loss: -6.5540, saved to checkpoints/etas_20260528-111933/best_model_1.pth
2026-05-28 11:20:07,432 INFO src.train.trainer: Last model at epoch 443 saved to checkpoints/etas_20260528-111933/last_model_1.pth
2026-05-28 11:20:07,432 INFO src.train.trainer: Epoch 444
2026-05-28 11:20:07,502 INFO src.train.trainer: New best validation loss: -6.5544, saved to checkpoints/etas_20260528-111933/best_model_1.pth
2026-05-28 11:20:07,505 INFO src.train.trainer: Last model at epoch 444 saved to checkpoints/etas_20260528-111933/last_model_1.pth
2026-05-28 11:20:07,505 INFO src.train.trainer: Epoch 445
2026-05-28 11:20:07,575 INFO src.train.trainer: New best validation loss: -6.5548, saved to checkpoints/etas_20260528-111933/best_model_1.pth
2026-05-28 11:20:07,578 INFO src.train.trainer: Last model at epoch 445 saved to checkpoints/etas_20260528-111933/last_model_1.pth
2026-05-28 11:20:07,578 INFO src.train.trainer: Epoch 446
2026-05-28 11:20:07,657 INFO src.train.trainer: New best validation loss: -6.5552, saved to checkpoints/etas_20260528-111933/best_model_1.pth
2026-05-28 11:20:07,660 INFO src.train.trainer: Last model at epoch 446 saved to checkpoints/etas_20260528-111933/last_model_1.pth
2026-05-28 11:20:07,660 INFO src.train.trainer: Epoch 447
2026-05-28 11:20:07,735 INFO src.train.trainer: New best validation loss: -6.5556, saved to checkpoints/etas_20260528-111933/best_model_1.pth
2026-05-28 11:20:07,738 INFO src.train.trainer: Last model at epoch 447 saved to checkpoints/etas_20260528-111933/last_model_1.pth
2026-05-28 11:20:07,738 INFO src.train.trainer: Epoch 448
2026-05-28 11:20:07,816 INFO src.train.trainer: New best validation loss: -6.5559, saved to checkpoints/etas_20260528-111933/best_model_1.pth
2026-05-28 11:20:07,819 INFO src.train.trainer: Last model at epoch 448 saved to checkpoints/etas_20260528-111933/last_model_1.pth
2026-05-28 11:20:07,819 INFO src.train.trainer: Epoch 449
2026-05-28 11:20:07,893 INFO src.train.trainer: New best validation loss: -6.5563, saved to checkpoints/etas_20260528-111933/best_model_1.pth
2026-05-28 11:20:07,896 INFO src.train.trainer: Last model at epoch 449 saved to checkpoints/etas_20260528-111933/last_model_1.pth
2026-05-28 11:20:07,896 INFO src.train.trainer: Epoch 450
2026-05-28 11:20:07,972 INFO src.train.trainer: New best validation loss: -6.5566, saved to checkpoints/etas_20260528-111933/best_model_1.pth
2026-05-28 11:20:07,975 INFO src.train.trainer: Last model at epoch 450 saved to checkpoints/etas_20260528-111933/last_model_1.pth
2026-05-28 11:20:07,975 INFO src.train.trainer: Epoch 451
2026-05-28 11:20:08,049 INFO src.train.trainer: New best validation loss: -6.5569, saved to checkpoints/etas_20260528-111933/best_model_1.pth
2026-05-28 11:20:08,052 INFO src.train.trainer: Last model at epoch 451 saved to checkpoints/etas_20260528-111933/last_model_1.pth
2026-05-28 11:20:08,052 INFO src.train.trainer: Epoch 452
2026-05-28 11:20:08,125 INFO src.train.trainer: New best validation loss: -6.5572, saved to checkpoints/etas_20260528-111933/best_model_1.pth
2026-05-28 11:20:08,128 INFO src.train.trainer: Last model at epoch 452 saved to checkpoints/etas_20260528-111933/last_model_1.pth
2026-05-28 11:20:08,128 INFO src.train.trainer: Epoch 453
2026-05-28 11:20:08,204 INFO src.train.trainer: New best validation loss: -6.5576, saved to checkpoints/etas_20260528-111933/best_model_1.pth
2026-05-28 11:20:08,206 INFO src.train.trainer: Last model at epoch 453 saved to checkpoints/etas_20260528-111933/last_model_1.pth
2026-05-28 11:20:08,207 INFO src.train.trainer: Epoch 454
2026-05-28 11:20:08,280 INFO src.train.trainer: New best validation loss: -6.5579, saved to checkpoints/etas_20260528-111933/best_model_1.pth
2026-05-28 11:20:08,283 INFO src.train.trainer: Last model at epoch 454 saved to checkpoints/etas_20260528-111933/last_model_1.pth
2026-05-28 11:20:08,283 INFO src.train.trainer: Epoch 455
2026-05-28 11:20:08,363 INFO src.train.trainer: New best validation loss: -6.5582, saved to checkpoints/etas_20260528-111933/best_model_1.pth
2026-05-28 11:20:08,366 INFO src.train.trainer: Last model at epoch 455 saved to checkpoints/etas_20260528-111933/last_model_1.pth
2026-05-28 11:20:08,366 INFO src.train.trainer: Epoch 456
2026-05-28 11:20:08,438 INFO src.train.trainer: New best validation loss: -6.5585, saved to checkpoints/etas_20260528-111933/best_model_1.pth
2026-05-28 11:20:08,441 INFO src.train.trainer: Last model at epoch 456 saved to checkpoints/etas_20260528-111933/last_model_1.pth
2026-05-28 11:20:08,441 INFO src.train.trainer: Epoch 457
2026-05-28 11:20:08,514 INFO src.train.trainer: New best validation loss: -6.5588, saved to checkpoints/etas_20260528-111933/best_model_1.pth
2026-05-28 11:20:08,517 INFO src.train.trainer: Last model at epoch 457 saved to checkpoints/etas_20260528-111933/last_model_1.pth
2026-05-28 11:20:08,518 INFO src.train.trainer: Epoch 458
2026-05-28 11:20:08,592 INFO src.train.trainer: New best validation loss: -6.5591, saved to checkpoints/etas_20260528-111933/best_model_1.pth
2026-05-28 11:20:08,595 INFO src.train.trainer: Last model at epoch 458 saved to checkpoints/etas_20260528-111933/last_model_1.pth
2026-05-28 11:20:08,595 INFO src.train.trainer: Epoch 459
2026-05-28 11:20:08,666 INFO src.train.trainer: New best validation loss: -6.5594, saved to checkpoints/etas_20260528-111933/best_model_1.pth
2026-05-28 11:20:08,669 INFO src.train.trainer: Last model at epoch 459 saved to checkpoints/etas_20260528-111933/last_model_1.pth
2026-05-28 11:20:08,669 INFO src.train.trainer: Epoch 460
2026-05-28 11:20:08,743 INFO src.train.trainer: New best validation loss: -6.5597, saved to checkpoints/etas_20260528-111933/best_model_1.pth
2026-05-28 11:20:08,746 INFO src.train.trainer: Last model at epoch 460 saved to checkpoints/etas_20260528-111933/last_model_1.pth
2026-05-28 11:20:08,746 INFO src.train.trainer: Epoch 461
2026-05-28 11:20:08,818 INFO src.train.trainer: New best validation loss: -6.5600, saved to checkpoints/etas_20260528-111933/best_model_1.pth
2026-05-28 11:20:08,821 INFO src.train.trainer: Last model at epoch 461 saved to checkpoints/etas_20260528-111933/last_model_1.pth
2026-05-28 11:20:08,821 INFO src.train.trainer: Epoch 462
2026-05-28 11:20:08,896 INFO src.train.trainer: New best validation loss: -6.5602, saved to checkpoints/etas_20260528-111933/best_model_1.pth
2026-05-28 11:20:08,898 INFO src.train.trainer: Last model at epoch 462 saved to checkpoints/etas_20260528-111933/last_model_1.pth
2026-05-28 11:20:08,899 INFO src.train.trainer: Epoch 463
2026-05-28 11:20:08,971 INFO src.train.trainer: New best validation loss: -6.5605, saved to checkpoints/etas_20260528-111933/best_model_1.pth
2026-05-28 11:20:08,974 INFO src.train.trainer: Last model at epoch 463 saved to checkpoints/etas_20260528-111933/last_model_1.pth
2026-05-28 11:20:08,974 INFO src.train.trainer: Epoch 464
2026-05-28 11:20:09,046 INFO src.train.trainer: New best validation loss: -6.5608, saved to checkpoints/etas_20260528-111933/best_model_1.pth
2026-05-28 11:20:09,048 INFO src.train.trainer: Last model at epoch 464 saved to checkpoints/etas_20260528-111933/last_model_1.pth
2026-05-28 11:20:09,049 INFO src.train.trainer: Epoch 465
2026-05-28 11:20:09,121 INFO src.train.trainer: New best validation loss: -6.5611, saved to checkpoints/etas_20260528-111933/best_model_1.pth
2026-05-28 11:20:09,124 INFO src.train.trainer: Last model at epoch 465 saved to checkpoints/etas_20260528-111933/last_model_1.pth
2026-05-28 11:20:09,124 INFO src.train.trainer: Epoch 466
2026-05-28 11:20:09,198 INFO src.train.trainer: New best validation loss: -6.5614, saved to checkpoints/etas_20260528-111933/best_model_1.pth
2026-05-28 11:20:09,201 INFO src.train.trainer: Last model at epoch 466 saved to checkpoints/etas_20260528-111933/last_model_1.pth
2026-05-28 11:20:09,201 INFO src.train.trainer: Epoch 467
2026-05-28 11:20:09,272 INFO src.train.trainer: New best validation loss: -6.5617, saved to checkpoints/etas_20260528-111933/best_model_1.pth
2026-05-28 11:20:09,275 INFO src.train.trainer: Last model at epoch 467 saved to checkpoints/etas_20260528-111933/last_model_1.pth
2026-05-28 11:20:09,275 INFO src.train.trainer: Epoch 468
2026-05-28 11:20:09,350 INFO src.train.trainer: New best validation loss: -6.5620, saved to checkpoints/etas_20260528-111933/best_model_1.pth
2026-05-28 11:20:09,353 INFO src.train.trainer: Last model at epoch 468 saved to checkpoints/etas_20260528-111933/last_model_1.pth
2026-05-28 11:20:09,353 INFO src.train.trainer: Epoch 469
2026-05-28 11:20:09,425 INFO src.train.trainer: New best validation loss: -6.5622, saved to checkpoints/etas_20260528-111933/best_model_1.pth
2026-05-28 11:20:09,428 INFO src.train.trainer: Last model at epoch 469 saved to checkpoints/etas_20260528-111933/last_model_1.pth
2026-05-28 11:20:09,428 INFO src.train.trainer: Epoch 470
2026-05-28 11:20:09,504 INFO src.train.trainer: New best validation loss: -6.5625, saved to checkpoints/etas_20260528-111933/best_model_1.pth
2026-05-28 11:20:09,507 INFO src.train.trainer: Last model at epoch 470 saved to checkpoints/etas_20260528-111933/last_model_1.pth
2026-05-28 11:20:09,507 INFO src.train.trainer: Epoch 471
2026-05-28 11:20:09,581 INFO src.train.trainer: New best validation loss: -6.5628, saved to checkpoints/etas_20260528-111933/best_model_1.pth
2026-05-28 11:20:09,584 INFO src.train.trainer: Last model at epoch 471 saved to checkpoints/etas_20260528-111933/last_model_1.pth
2026-05-28 11:20:09,584 INFO src.train.trainer: Epoch 472
2026-05-28 11:20:09,658 INFO src.train.trainer: New best validation loss: -6.5631, saved to checkpoints/etas_20260528-111933/best_model_1.pth
2026-05-28 11:20:09,661 INFO src.train.trainer: Last model at epoch 472 saved to checkpoints/etas_20260528-111933/last_model_1.pth
2026-05-28 11:20:09,662 INFO src.train.trainer: Epoch 473
2026-05-28 11:20:09,734 INFO src.train.trainer: New best validation loss: -6.5634, saved to checkpoints/etas_20260528-111933/best_model_1.pth
2026-05-28 11:20:09,737 INFO src.train.trainer: Last model at epoch 473 saved to checkpoints/etas_20260528-111933/last_model_1.pth
2026-05-28 11:20:09,737 INFO src.train.trainer: Epoch 474
2026-05-28 11:20:09,814 INFO src.train.trainer: New best validation loss: -6.5637, saved to checkpoints/etas_20260528-111933/best_model_1.pth
2026-05-28 11:20:09,817 INFO src.train.trainer: Last model at epoch 474 saved to checkpoints/etas_20260528-111933/last_model_1.pth
2026-05-28 11:20:09,817 INFO src.train.trainer: Epoch 475
2026-05-28 11:20:09,890 INFO src.train.trainer: New best validation loss: -6.5639, saved to checkpoints/etas_20260528-111933/best_model_1.pth
2026-05-28 11:20:09,893 INFO src.train.trainer: Last model at epoch 475 saved to checkpoints/etas_20260528-111933/last_model_1.pth
2026-05-28 11:20:09,893 INFO src.train.trainer: Epoch 476
2026-05-28 11:20:09,971 INFO src.train.trainer: New best validation loss: -6.5642, saved to checkpoints/etas_20260528-111933/best_model_1.pth
2026-05-28 11:20:09,974 INFO src.train.trainer: Last model at epoch 476 saved to checkpoints/etas_20260528-111933/last_model_1.pth
2026-05-28 11:20:09,975 INFO src.train.trainer: Epoch 477
2026-05-28 11:20:10,048 INFO src.train.trainer: New best validation loss: -6.5645, saved to checkpoints/etas_20260528-111933/best_model_1.pth
2026-05-28 11:20:10,051 INFO src.train.trainer: Last model at epoch 477 saved to checkpoints/etas_20260528-111933/last_model_1.pth
2026-05-28 11:20:10,051 INFO src.train.trainer: Epoch 478
2026-05-28 11:20:10,128 INFO src.train.trainer: New best validation loss: -6.5648, saved to checkpoints/etas_20260528-111933/best_model_1.pth
2026-05-28 11:20:10,131 INFO src.train.trainer: Last model at epoch 478 saved to checkpoints/etas_20260528-111933/last_model_1.pth
2026-05-28 11:20:10,132 INFO src.train.trainer: Epoch 479
2026-05-28 11:20:10,206 INFO src.train.trainer: New best validation loss: -6.5651, saved to checkpoints/etas_20260528-111933/best_model_1.pth
2026-05-28 11:20:10,209 INFO src.train.trainer: Last model at epoch 479 saved to checkpoints/etas_20260528-111933/last_model_1.pth
2026-05-28 11:20:10,209 INFO src.train.trainer: Epoch 480
2026-05-28 11:20:10,283 INFO src.train.trainer: New best validation loss: -6.5654, saved to checkpoints/etas_20260528-111933/best_model_1.pth
2026-05-28 11:20:10,286 INFO src.train.trainer: Last model at epoch 480 saved to checkpoints/etas_20260528-111933/last_model_1.pth
2026-05-28 11:20:10,286 INFO src.train.trainer: Epoch 481
2026-05-28 11:20:10,363 INFO src.train.trainer: New best validation loss: -6.5657, saved to checkpoints/etas_20260528-111933/best_model_1.pth
2026-05-28 11:20:10,366 INFO src.train.trainer: Last model at epoch 481 saved to checkpoints/etas_20260528-111933/last_model_1.pth
2026-05-28 11:20:10,366 INFO src.train.trainer: Epoch 482
2026-05-28 11:20:10,442 INFO src.train.trainer: New best validation loss: -6.5659, saved to checkpoints/etas_20260528-111933/best_model_1.pth
2026-05-28 11:20:10,445 INFO src.train.trainer: Last model at epoch 482 saved to checkpoints/etas_20260528-111933/last_model_1.pth
2026-05-28 11:20:10,445 INFO src.train.trainer: Epoch 483
2026-05-28 11:20:10,521 INFO src.train.trainer: New best validation loss: -6.5662, saved to checkpoints/etas_20260528-111933/best_model_1.pth
2026-05-28 11:20:10,524 INFO src.train.trainer: Last model at epoch 483 saved to checkpoints/etas_20260528-111933/last_model_1.pth
2026-05-28 11:20:10,524 INFO src.train.trainer: Epoch 484
2026-05-28 11:20:10,598 INFO src.train.trainer: New best validation loss: -6.5665, saved to checkpoints/etas_20260528-111933/best_model_1.pth
2026-05-28 11:20:10,602 INFO src.train.trainer: Last model at epoch 484 saved to checkpoints/etas_20260528-111933/last_model_1.pth
2026-05-28 11:20:10,602 INFO src.train.trainer: Epoch 485
2026-05-28 11:20:10,675 INFO src.train.trainer: New best validation loss: -6.5668, saved to checkpoints/etas_20260528-111933/best_model_1.pth
2026-05-28 11:20:10,678 INFO src.train.trainer: Last model at epoch 485 saved to checkpoints/etas_20260528-111933/last_model_1.pth
2026-05-28 11:20:10,678 INFO src.train.trainer: Epoch 486
2026-05-28 11:20:10,757 INFO src.train.trainer: New best validation loss: -6.5671, saved to checkpoints/etas_20260528-111933/best_model_1.pth
2026-05-28 11:20:10,760 INFO src.train.trainer: Last model at epoch 486 saved to checkpoints/etas_20260528-111933/last_model_1.pth
2026-05-28 11:20:10,760 INFO src.train.trainer: Epoch 487
2026-05-28 11:20:10,840 INFO src.train.trainer: New best validation loss: -6.5673, saved to checkpoints/etas_20260528-111933/best_model_1.pth
2026-05-28 11:20:10,844 INFO src.train.trainer: Last model at epoch 487 saved to checkpoints/etas_20260528-111933/last_model_1.pth
2026-05-28 11:20:10,844 INFO src.train.trainer: Epoch 488
2026-05-28 11:20:10,919 INFO src.train.trainer: New best validation loss: -6.5676, saved to checkpoints/etas_20260528-111933/best_model_1.pth
2026-05-28 11:20:10,922 INFO src.train.trainer: Last model at epoch 488 saved to checkpoints/etas_20260528-111933/last_model_1.pth
2026-05-28 11:20:10,922 INFO src.train.trainer: Epoch 489
2026-05-28 11:20:10,995 INFO src.train.trainer: New best validation loss: -6.5679, saved to checkpoints/etas_20260528-111933/best_model_1.pth
2026-05-28 11:20:10,998 INFO src.train.trainer: Last model at epoch 489 saved to checkpoints/etas_20260528-111933/last_model_1.pth
2026-05-28 11:20:10,998 INFO src.train.trainer: Epoch 490
2026-05-28 11:20:11,073 INFO src.train.trainer: New best validation loss: -6.5682, saved to checkpoints/etas_20260528-111933/best_model_1.pth
2026-05-28 11:20:11,076 INFO src.train.trainer: Last model at epoch 490 saved to checkpoints/etas_20260528-111933/last_model_1.pth
2026-05-28 11:20:11,076 INFO src.train.trainer: Epoch 491
2026-05-28 11:20:11,152 INFO src.train.trainer: New best validation loss: -6.5685, saved to checkpoints/etas_20260528-111933/best_model_1.pth
2026-05-28 11:20:11,155 INFO src.train.trainer: Last model at epoch 491 saved to checkpoints/etas_20260528-111933/last_model_1.pth
2026-05-28 11:20:11,155 INFO src.train.trainer: Epoch 492
2026-05-28 11:20:11,228 INFO src.train.trainer: New best validation loss: -6.5687, saved to checkpoints/etas_20260528-111933/best_model_1.pth
2026-05-28 11:20:11,231 INFO src.train.trainer: Last model at epoch 492 saved to checkpoints/etas_20260528-111933/last_model_1.pth
2026-05-28 11:20:11,231 INFO src.train.trainer: Epoch 493
2026-05-28 11:20:11,301 INFO src.train.trainer: New best validation loss: -6.5690, saved to checkpoints/etas_20260528-111933/best_model_1.pth
2026-05-28 11:20:11,304 INFO src.train.trainer: Last model at epoch 493 saved to checkpoints/etas_20260528-111933/last_model_1.pth
2026-05-28 11:20:11,304 INFO src.train.trainer: Epoch 494
2026-05-28 11:20:11,373 INFO src.train.trainer: New best validation loss: -6.5693, saved to checkpoints/etas_20260528-111933/best_model_1.pth
2026-05-28 11:20:11,376 INFO src.train.trainer: Last model at epoch 494 saved to checkpoints/etas_20260528-111933/last_model_1.pth
2026-05-28 11:20:11,376 INFO src.train.trainer: Epoch 495
2026-05-28 11:20:11,445 INFO src.train.trainer: New best validation loss: -6.5695, saved to checkpoints/etas_20260528-111933/best_model_1.pth
2026-05-28 11:20:11,447 INFO src.train.trainer: Last model at epoch 495 saved to checkpoints/etas_20260528-111933/last_model_1.pth
2026-05-28 11:20:11,448 INFO src.train.trainer: Epoch 496
2026-05-28 11:20:11,520 INFO src.train.trainer: New best validation loss: -6.5698, saved to checkpoints/etas_20260528-111933/best_model_1.pth
2026-05-28 11:20:11,523 INFO src.train.trainer: Last model at epoch 496 saved to checkpoints/etas_20260528-111933/last_model_1.pth
2026-05-28 11:20:11,523 INFO src.train.trainer: Epoch 497
2026-05-28 11:20:11,592 INFO src.train.trainer: New best validation loss: -6.5701, saved to checkpoints/etas_20260528-111933/best_model_1.pth
2026-05-28 11:20:11,595 INFO src.train.trainer: Last model at epoch 497 saved to checkpoints/etas_20260528-111933/last_model_1.pth
2026-05-28 11:20:11,595 INFO src.train.trainer: Epoch 498
2026-05-28 11:20:11,667 INFO src.train.trainer: New best validation loss: -6.5703, saved to checkpoints/etas_20260528-111933/best_model_1.pth
2026-05-28 11:20:11,670 INFO src.train.trainer: Last model at epoch 498 saved to checkpoints/etas_20260528-111933/last_model_1.pth
2026-05-28 11:20:11,670 INFO src.train.trainer: Epoch 499
2026-05-28 11:20:11,741 INFO src.train.trainer: New best validation loss: -6.5706, saved to checkpoints/etas_20260528-111933/best_model_1.pth
2026-05-28 11:20:11,744 INFO src.train.trainer: Last model at epoch 499 saved to checkpoints/etas_20260528-111933/last_model_1.pth
2026-05-28 11:20:11,744 INFO src.train.trainer: Epoch 500
2026-05-28 11:20:11,819 INFO src.train.trainer: New best validation loss: -6.5709, saved to checkpoints/etas_20260528-111933/best_model_1.pth
2026-05-28 11:20:11,822 INFO src.train.trainer: Last model at epoch 500 saved to checkpoints/etas_20260528-111933/last_model_1.pth
2026-05-28 11:20:11,822 INFO src.train.trainer: Epoch 501
2026-05-28 11:20:11,895 INFO src.train.trainer: New best validation loss: -6.5711, saved to checkpoints/etas_20260528-111933/best_model_1.pth
2026-05-28 11:20:11,898 INFO src.train.trainer: Last model at epoch 501 saved to checkpoints/etas_20260528-111933/last_model_1.pth
2026-05-28 11:20:11,898 INFO src.train.trainer: Epoch 502
2026-05-28 11:20:11,977 INFO src.train.trainer: New best validation loss: -6.5713, saved to checkpoints/etas_20260528-111933/best_model_1.pth
2026-05-28 11:20:11,980 INFO src.train.trainer: Last model at epoch 502 saved to checkpoints/etas_20260528-111933/last_model_1.pth
2026-05-28 11:20:11,980 INFO src.train.trainer: Epoch 503
2026-05-28 11:20:12,052 INFO src.train.trainer: New best validation loss: -6.5715, saved to checkpoints/etas_20260528-111933/best_model_1.pth
2026-05-28 11:20:12,055 INFO src.train.trainer: Last model at epoch 503 saved to checkpoints/etas_20260528-111933/last_model_1.pth
2026-05-28 11:20:12,055 INFO src.train.trainer: Epoch 504
2026-05-28 11:20:12,128 INFO src.train.trainer: New best validation loss: -6.5717, saved to checkpoints/etas_20260528-111933/best_model_1.pth
2026-05-28 11:20:12,131 INFO src.train.trainer: Last model at epoch 504 saved to checkpoints/etas_20260528-111933/last_model_1.pth
2026-05-28 11:20:12,131 INFO src.train.trainer: Epoch 505
2026-05-28 11:20:12,205 INFO src.train.trainer: New best validation loss: -6.5719, saved to checkpoints/etas_20260528-111933/best_model_1.pth
2026-05-28 11:20:12,208 INFO src.train.trainer: Last model at epoch 505 saved to checkpoints/etas_20260528-111933/last_model_1.pth
2026-05-28 11:20:12,208 INFO src.train.trainer: Epoch 506
2026-05-28 11:20:12,280 INFO src.train.trainer: New best validation loss: -6.5721, saved to checkpoints/etas_20260528-111933/best_model_1.pth
2026-05-28 11:20:12,283 INFO src.train.trainer: Last model at epoch 506 saved to checkpoints/etas_20260528-111933/last_model_1.pth
2026-05-28 11:20:12,283 INFO src.train.trainer: Epoch 507
2026-05-28 11:20:12,355 INFO src.train.trainer: New best validation loss: -6.5723, saved to checkpoints/etas_20260528-111933/best_model_1.pth
2026-05-28 11:20:12,357 INFO src.train.trainer: Last model at epoch 507 saved to checkpoints/etas_20260528-111933/last_model_1.pth
2026-05-28 11:20:12,358 INFO src.train.trainer: Epoch 508
2026-05-28 11:20:12,431 INFO src.train.trainer: New best validation loss: -6.5725, saved to checkpoints/etas_20260528-111933/best_model_1.pth
2026-05-28 11:20:12,434 INFO src.train.trainer: Last model at epoch 508 saved to checkpoints/etas_20260528-111933/last_model_1.pth
2026-05-28 11:20:12,434 INFO src.train.trainer: Epoch 509
2026-05-28 11:20:12,507 INFO src.train.trainer: New best validation loss: -6.5726, saved to checkpoints/etas_20260528-111933/best_model_1.pth
2026-05-28 11:20:12,510 INFO src.train.trainer: Last model at epoch 509 saved to checkpoints/etas_20260528-111933/last_model_1.pth
2026-05-28 11:20:12,510 INFO src.train.trainer: Epoch 510
2026-05-28 11:20:12,586 INFO src.train.trainer: New best validation loss: -6.5728, saved to checkpoints/etas_20260528-111933/best_model_1.pth
2026-05-28 11:20:12,589 INFO src.train.trainer: Last model at epoch 510 saved to checkpoints/etas_20260528-111933/last_model_1.pth
2026-05-28 11:20:12,589 INFO src.train.trainer: Epoch 511
2026-05-28 11:20:12,660 INFO src.train.trainer: New best validation loss: -6.5730, saved to checkpoints/etas_20260528-111933/best_model_1.pth
2026-05-28 11:20:12,663 INFO src.train.trainer: Last model at epoch 511 saved to checkpoints/etas_20260528-111933/last_model_1.pth
2026-05-28 11:20:12,663 INFO src.train.trainer: Epoch 512
2026-05-28 11:20:12,738 INFO src.train.trainer: New best validation loss: -6.5732, saved to checkpoints/etas_20260528-111933/best_model_1.pth
2026-05-28 11:20:12,741 INFO src.train.trainer: Last model at epoch 512 saved to checkpoints/etas_20260528-111933/last_model_1.pth
2026-05-28 11:20:12,741 INFO src.train.trainer: Epoch 513
2026-05-28 11:20:12,814 INFO src.train.trainer: New best validation loss: -6.5734, saved to checkpoints/etas_20260528-111933/best_model_1.pth
2026-05-28 11:20:12,817 INFO src.train.trainer: Last model at epoch 513 saved to checkpoints/etas_20260528-111933/last_model_1.pth
2026-05-28 11:20:12,817 INFO src.train.trainer: Epoch 514
2026-05-28 11:20:12,889 INFO src.train.trainer: New best validation loss: -6.5736, saved to checkpoints/etas_20260528-111933/best_model_1.pth
2026-05-28 11:20:12,893 INFO src.train.trainer: Last model at epoch 514 saved to checkpoints/etas_20260528-111933/last_model_1.pth
2026-05-28 11:20:12,893 INFO src.train.trainer: Epoch 515
2026-05-28 11:20:12,969 INFO src.train.trainer: New best validation loss: -6.5738, saved to checkpoints/etas_20260528-111933/best_model_1.pth
2026-05-28 11:20:12,971 INFO src.train.trainer: Last model at epoch 515 saved to checkpoints/etas_20260528-111933/last_model_1.pth
2026-05-28 11:20:12,971 INFO src.train.trainer: Epoch 516
2026-05-28 11:20:13,045 INFO src.train.trainer: New best validation loss: -6.5740, saved to checkpoints/etas_20260528-111933/best_model_1.pth
2026-05-28 11:20:13,047 INFO src.train.trainer: Last model at epoch 516 saved to checkpoints/etas_20260528-111933/last_model_1.pth
2026-05-28 11:20:13,048 INFO src.train.trainer: Epoch 517
2026-05-28 11:20:13,121 INFO src.train.trainer: New best validation loss: -6.5742, saved to checkpoints/etas_20260528-111933/best_model_1.pth
2026-05-28 11:20:13,124 INFO src.train.trainer: Last model at epoch 517 saved to checkpoints/etas_20260528-111933/last_model_1.pth
2026-05-28 11:20:13,124 INFO src.train.trainer: Epoch 518
2026-05-28 11:20:13,201 INFO src.train.trainer: New best validation loss: -6.5743, saved to checkpoints/etas_20260528-111933/best_model_1.pth
2026-05-28 11:20:13,204 INFO src.train.trainer: Last model at epoch 518 saved to checkpoints/etas_20260528-111933/last_model_1.pth
2026-05-28 11:20:13,204 INFO src.train.trainer: Epoch 519
2026-05-28 11:20:13,282 INFO src.train.trainer: New best validation loss: -6.5745, saved to checkpoints/etas_20260528-111933/best_model_1.pth
2026-05-28 11:20:13,286 INFO src.train.trainer: Last model at epoch 519 saved to checkpoints/etas_20260528-111933/last_model_1.pth
2026-05-28 11:20:13,286 INFO src.train.trainer: Epoch 520
2026-05-28 11:20:13,365 INFO src.train.trainer: New best validation loss: -6.5747, saved to checkpoints/etas_20260528-111933/best_model_1.pth
2026-05-28 11:20:13,367 INFO src.train.trainer: Last model at epoch 520 saved to checkpoints/etas_20260528-111933/last_model_1.pth
2026-05-28 11:20:13,368 INFO src.train.trainer: Epoch 521
2026-05-28 11:20:13,442 INFO src.train.trainer: New best validation loss: -6.5749, saved to checkpoints/etas_20260528-111933/best_model_1.pth
2026-05-28 11:20:13,445 INFO src.train.trainer: Last model at epoch 521 saved to checkpoints/etas_20260528-111933/last_model_1.pth
2026-05-28 11:20:13,445 INFO src.train.trainer: Epoch 522
2026-05-28 11:20:13,524 INFO src.train.trainer: New best validation loss: -6.5751, saved to checkpoints/etas_20260528-111933/best_model_1.pth
2026-05-28 11:20:13,526 INFO src.train.trainer: Last model at epoch 522 saved to checkpoints/etas_20260528-111933/last_model_1.pth
2026-05-28 11:20:13,527 INFO src.train.trainer: Epoch 523
2026-05-28 11:20:13,600 INFO src.train.trainer: New best validation loss: -6.5753, saved to checkpoints/etas_20260528-111933/best_model_1.pth
2026-05-28 11:20:13,603 INFO src.train.trainer: Last model at epoch 523 saved to checkpoints/etas_20260528-111933/last_model_1.pth
2026-05-28 11:20:13,603 INFO src.train.trainer: Epoch 524
2026-05-28 11:20:13,676 INFO src.train.trainer: New best validation loss: -6.5754, saved to checkpoints/etas_20260528-111933/best_model_1.pth
2026-05-28 11:20:13,681 INFO src.train.trainer: Last model at epoch 524 saved to checkpoints/etas_20260528-111933/last_model_1.pth
2026-05-28 11:20:13,682 INFO src.train.trainer: Epoch 525
2026-05-28 11:20:13,757 INFO src.train.trainer: New best validation loss: -6.5756, saved to checkpoints/etas_20260528-111933/best_model_1.pth
2026-05-28 11:20:13,759 INFO src.train.trainer: Last model at epoch 525 saved to checkpoints/etas_20260528-111933/last_model_1.pth
2026-05-28 11:20:13,759 INFO src.train.trainer: Epoch 526
2026-05-28 11:20:13,831 INFO src.train.trainer: New best validation loss: -6.5758, saved to checkpoints/etas_20260528-111933/best_model_1.pth
2026-05-28 11:20:13,834 INFO src.train.trainer: Last model at epoch 526 saved to checkpoints/etas_20260528-111933/last_model_1.pth
2026-05-28 11:20:13,834 INFO src.train.trainer: Epoch 527
2026-05-28 11:20:13,907 INFO src.train.trainer: New best validation loss: -6.5760, saved to checkpoints/etas_20260528-111933/best_model_1.pth
2026-05-28 11:20:13,910 INFO src.train.trainer: Last model at epoch 527 saved to checkpoints/etas_20260528-111933/last_model_1.pth
2026-05-28 11:20:13,911 INFO src.train.trainer: Epoch 528
2026-05-28 11:20:13,985 INFO src.train.trainer: New best validation loss: -6.5761, saved to checkpoints/etas_20260528-111933/best_model_1.pth
2026-05-28 11:20:13,988 INFO src.train.trainer: Last model at epoch 528 saved to checkpoints/etas_20260528-111933/last_model_1.pth
2026-05-28 11:20:13,988 INFO src.train.trainer: Epoch 529
2026-05-28 11:20:14,063 INFO src.train.trainer: New best validation loss: -6.5763, saved to checkpoints/etas_20260528-111933/best_model_1.pth
2026-05-28 11:20:14,066 INFO src.train.trainer: Last model at epoch 529 saved to checkpoints/etas_20260528-111933/last_model_1.pth
2026-05-28 11:20:14,066 INFO src.train.trainer: Epoch 530
2026-05-28 11:20:14,141 INFO src.train.trainer: New best validation loss: -6.5765, saved to checkpoints/etas_20260528-111933/best_model_1.pth
2026-05-28 11:20:14,144 INFO src.train.trainer: Last model at epoch 530 saved to checkpoints/etas_20260528-111933/last_model_1.pth
2026-05-28 11:20:14,144 INFO src.train.trainer: Epoch 531
2026-05-28 11:20:14,219 INFO src.train.trainer: New best validation loss: -6.5767, saved to checkpoints/etas_20260528-111933/best_model_1.pth
2026-05-28 11:20:14,222 INFO src.train.trainer: Last model at epoch 531 saved to checkpoints/etas_20260528-111933/last_model_1.pth
2026-05-28 11:20:14,222 INFO src.train.trainer: Epoch 532
2026-05-28 11:20:14,297 INFO src.train.trainer: New best validation loss: -6.5769, saved to checkpoints/etas_20260528-111933/best_model_1.pth
2026-05-28 11:20:14,300 INFO src.train.trainer: Last model at epoch 532 saved to checkpoints/etas_20260528-111933/last_model_1.pth
2026-05-28 11:20:14,300 INFO src.train.trainer: Epoch 533
2026-05-28 11:20:14,380 INFO src.train.trainer: New best validation loss: -6.5770, saved to checkpoints/etas_20260528-111933/best_model_1.pth
2026-05-28 11:20:14,383 INFO src.train.trainer: Last model at epoch 533 saved to checkpoints/etas_20260528-111933/last_model_1.pth
2026-05-28 11:20:14,383 INFO src.train.trainer: Epoch 534
2026-05-28 11:20:14,456 INFO src.train.trainer: New best validation loss: -6.5772, saved to checkpoints/etas_20260528-111933/best_model_1.pth
2026-05-28 11:20:14,459 INFO src.train.trainer: Last model at epoch 534 saved to checkpoints/etas_20260528-111933/last_model_1.pth
2026-05-28 11:20:14,459 INFO src.train.trainer: Epoch 535
2026-05-28 11:20:14,529 INFO src.train.trainer: New best validation loss: -6.5774, saved to checkpoints/etas_20260528-111933/best_model_1.pth
2026-05-28 11:20:14,532 INFO src.train.trainer: Last model at epoch 535 saved to checkpoints/etas_20260528-111933/last_model_1.pth
2026-05-28 11:20:14,532 INFO src.train.trainer: Epoch 536
2026-05-28 11:20:14,607 INFO src.train.trainer: New best validation loss: -6.5775, saved to checkpoints/etas_20260528-111933/best_model_1.pth
2026-05-28 11:20:14,610 INFO src.train.trainer: Last model at epoch 536 saved to checkpoints/etas_20260528-111933/last_model_1.pth
2026-05-28 11:20:14,610 INFO src.train.trainer: Epoch 537
2026-05-28 11:20:14,681 INFO src.train.trainer: New best validation loss: -6.5777, saved to checkpoints/etas_20260528-111933/best_model_1.pth
2026-05-28 11:20:14,684 INFO src.train.trainer: Last model at epoch 537 saved to checkpoints/etas_20260528-111933/last_model_1.pth
2026-05-28 11:20:14,684 INFO src.train.trainer: Epoch 538
2026-05-28 11:20:14,756 INFO src.train.trainer: New best validation loss: -6.5779, saved to checkpoints/etas_20260528-111933/best_model_1.pth
2026-05-28 11:20:14,759 INFO src.train.trainer: Last model at epoch 538 saved to checkpoints/etas_20260528-111933/last_model_1.pth
2026-05-28 11:20:14,759 INFO src.train.trainer: Epoch 539
2026-05-28 11:20:14,832 INFO src.train.trainer: New best validation loss: -6.5781, saved to checkpoints/etas_20260528-111933/best_model_1.pth
2026-05-28 11:20:14,835 INFO src.train.trainer: Last model at epoch 539 saved to checkpoints/etas_20260528-111933/last_model_1.pth
2026-05-28 11:20:14,835 INFO src.train.trainer: Epoch 540
2026-05-28 11:20:14,908 INFO src.train.trainer: New best validation loss: -6.5782, saved to checkpoints/etas_20260528-111933/best_model_1.pth
2026-05-28 11:20:14,911 INFO src.train.trainer: Last model at epoch 540 saved to checkpoints/etas_20260528-111933/last_model_1.pth
2026-05-28 11:20:14,911 INFO src.train.trainer: Epoch 541
2026-05-28 11:20:14,985 INFO src.train.trainer: New best validation loss: -6.5784, saved to checkpoints/etas_20260528-111933/best_model_1.pth
2026-05-28 11:20:14,988 INFO src.train.trainer: Last model at epoch 541 saved to checkpoints/etas_20260528-111933/last_model_1.pth
2026-05-28 11:20:14,988 INFO src.train.trainer: Epoch 542
2026-05-28 11:20:15,062 INFO src.train.trainer: New best validation loss: -6.5786, saved to checkpoints/etas_20260528-111933/best_model_1.pth
2026-05-28 11:20:15,065 INFO src.train.trainer: Last model at epoch 542 saved to checkpoints/etas_20260528-111933/last_model_1.pth
2026-05-28 11:20:15,065 INFO src.train.trainer: Epoch 543
2026-05-28 11:20:15,141 INFO src.train.trainer: New best validation loss: -6.5787, saved to checkpoints/etas_20260528-111933/best_model_1.pth
2026-05-28 11:20:15,144 INFO src.train.trainer: Last model at epoch 543 saved to checkpoints/etas_20260528-111933/last_model_1.pth
2026-05-28 11:20:15,145 INFO src.train.trainer: Epoch 544
2026-05-28 11:20:15,218 INFO src.train.trainer: New best validation loss: -6.5789, saved to checkpoints/etas_20260528-111933/best_model_1.pth
2026-05-28 11:20:15,221 INFO src.train.trainer: Last model at epoch 544 saved to checkpoints/etas_20260528-111933/last_model_1.pth
2026-05-28 11:20:15,221 INFO src.train.trainer: Epoch 545
2026-05-28 11:20:15,292 INFO src.train.trainer: New best validation loss: -6.5791, saved to checkpoints/etas_20260528-111933/best_model_1.pth
2026-05-28 11:20:15,295 INFO src.train.trainer: Last model at epoch 545 saved to checkpoints/etas_20260528-111933/last_model_1.pth
2026-05-28 11:20:15,295 INFO src.train.trainer: Epoch 546
2026-05-28 11:20:15,370 INFO src.train.trainer: New best validation loss: -6.5792, saved to checkpoints/etas_20260528-111933/best_model_1.pth
2026-05-28 11:20:15,373 INFO src.train.trainer: Last model at epoch 546 saved to checkpoints/etas_20260528-111933/last_model_1.pth
2026-05-28 11:20:15,373 INFO src.train.trainer: Epoch 547
2026-05-28 11:20:15,449 INFO src.train.trainer: New best validation loss: -6.5794, saved to checkpoints/etas_20260528-111933/best_model_1.pth
2026-05-28 11:20:15,452 INFO src.train.trainer: Last model at epoch 547 saved to checkpoints/etas_20260528-111933/last_model_1.pth
2026-05-28 11:20:15,452 INFO src.train.trainer: Epoch 548
2026-05-28 11:20:15,528 INFO src.train.trainer: New best validation loss: -6.5796, saved to checkpoints/etas_20260528-111933/best_model_1.pth
2026-05-28 11:20:15,531 INFO src.train.trainer: Last model at epoch 548 saved to checkpoints/etas_20260528-111933/last_model_1.pth
2026-05-28 11:20:15,531 INFO src.train.trainer: Epoch 549
2026-05-28 11:20:15,606 INFO src.train.trainer: New best validation loss: -6.5797, saved to checkpoints/etas_20260528-111933/best_model_1.pth
2026-05-28 11:20:15,609 INFO src.train.trainer: Last model at epoch 549 saved to checkpoints/etas_20260528-111933/last_model_1.pth
2026-05-28 11:20:15,609 INFO src.train.trainer: Epoch 550
2026-05-28 11:20:15,680 INFO src.train.trainer: New best validation loss: -6.5799, saved to checkpoints/etas_20260528-111933/best_model_1.pth
2026-05-28 11:20:15,683 INFO src.train.trainer: Last model at epoch 550 saved to checkpoints/etas_20260528-111933/last_model_1.pth
2026-05-28 11:20:15,683 INFO src.train.trainer: Epoch 551
2026-05-28 11:20:15,756 INFO src.train.trainer: New best validation loss: -6.5801, saved to checkpoints/etas_20260528-111933/best_model_1.pth
2026-05-28 11:20:15,759 INFO src.train.trainer: Last model at epoch 551 saved to checkpoints/etas_20260528-111933/last_model_1.pth
2026-05-28 11:20:15,759 INFO src.train.trainer: Epoch 552
2026-05-28 11:20:15,834 INFO src.train.trainer: New best validation loss: -6.5802, saved to checkpoints/etas_20260528-111933/best_model_1.pth
2026-05-28 11:20:15,837 INFO src.train.trainer: Last model at epoch 552 saved to checkpoints/etas_20260528-111933/last_model_1.pth
2026-05-28 11:20:15,837 INFO src.train.trainer: Epoch 553
2026-05-28 11:20:15,907 INFO src.train.trainer: New best validation loss: -6.5804, saved to checkpoints/etas_20260528-111933/best_model_1.pth
2026-05-28 11:20:15,910 INFO src.train.trainer: Last model at epoch 553 saved to checkpoints/etas_20260528-111933/last_model_1.pth
2026-05-28 11:20:15,910 INFO src.train.trainer: Epoch 554
2026-05-28 11:20:15,983 INFO src.train.trainer: New best validation loss: -6.5806, saved to checkpoints/etas_20260528-111933/best_model_1.pth
2026-05-28 11:20:15,985 INFO src.train.trainer: Last model at epoch 554 saved to checkpoints/etas_20260528-111933/last_model_1.pth
2026-05-28 11:20:15,985 INFO src.train.trainer: Epoch 555
2026-05-28 11:20:16,059 INFO src.train.trainer: New best validation loss: -6.5807, saved to checkpoints/etas_20260528-111933/best_model_1.pth
2026-05-28 11:20:16,063 INFO src.train.trainer: Last model at epoch 555 saved to checkpoints/etas_20260528-111933/last_model_1.pth
2026-05-28 11:20:16,064 INFO src.train.trainer: Epoch 556
2026-05-28 11:20:16,138 INFO src.train.trainer: New best validation loss: -6.5809, saved to checkpoints/etas_20260528-111933/best_model_1.pth
2026-05-28 11:20:16,141 INFO src.train.trainer: Last model at epoch 556 saved to checkpoints/etas_20260528-111933/last_model_1.pth
2026-05-28 11:20:16,141 INFO src.train.trainer: Epoch 557
2026-05-28 11:20:16,216 INFO src.train.trainer: New best validation loss: -6.5810, saved to checkpoints/etas_20260528-111933/best_model_1.pth
2026-05-28 11:20:16,219 INFO src.train.trainer: Last model at epoch 557 saved to checkpoints/etas_20260528-111933/last_model_1.pth
2026-05-28 11:20:16,219 INFO src.train.trainer: Epoch 558
2026-05-28 11:20:16,293 INFO src.train.trainer: New best validation loss: -6.5812, saved to checkpoints/etas_20260528-111933/best_model_1.pth
2026-05-28 11:20:16,296 INFO src.train.trainer: Last model at epoch 558 saved to checkpoints/etas_20260528-111933/last_model_1.pth
2026-05-28 11:20:16,296 INFO src.train.trainer: Epoch 559
2026-05-28 11:20:16,369 INFO src.train.trainer: New best validation loss: -6.5814, saved to checkpoints/etas_20260528-111933/best_model_1.pth
2026-05-28 11:20:16,372 INFO src.train.trainer: Last model at epoch 559 saved to checkpoints/etas_20260528-111933/last_model_1.pth
2026-05-28 11:20:16,372 INFO src.train.trainer: Epoch 560
2026-05-28 11:20:16,446 INFO src.train.trainer: New best validation loss: -6.5815, saved to checkpoints/etas_20260528-111933/best_model_1.pth
2026-05-28 11:20:16,449 INFO src.train.trainer: Last model at epoch 560 saved to checkpoints/etas_20260528-111933/last_model_1.pth
2026-05-28 11:20:16,449 INFO src.train.trainer: Epoch 561
2026-05-28 11:20:16,524 INFO src.train.trainer: New best validation loss: -6.5817, saved to checkpoints/etas_20260528-111933/best_model_1.pth
2026-05-28 11:20:16,527 INFO src.train.trainer: Last model at epoch 561 saved to checkpoints/etas_20260528-111933/last_model_1.pth
2026-05-28 11:20:16,527 INFO src.train.trainer: Epoch 562
2026-05-28 11:20:16,604 INFO src.train.trainer: New best validation loss: -6.5818, saved to checkpoints/etas_20260528-111933/best_model_1.pth
2026-05-28 11:20:16,607 INFO src.train.trainer: Last model at epoch 562 saved to checkpoints/etas_20260528-111933/last_model_1.pth
2026-05-28 11:20:16,607 INFO src.train.trainer: Epoch 563
2026-05-28 11:20:16,681 INFO src.train.trainer: New best validation loss: -6.5820, saved to checkpoints/etas_20260528-111933/best_model_1.pth
2026-05-28 11:20:16,685 INFO src.train.trainer: Last model at epoch 563 saved to checkpoints/etas_20260528-111933/last_model_1.pth
2026-05-28 11:20:16,685 INFO src.train.trainer: Epoch 564
2026-05-28 11:20:16,760 INFO src.train.trainer: New best validation loss: -6.5822, saved to checkpoints/etas_20260528-111933/best_model_1.pth
2026-05-28 11:20:16,762 INFO src.train.trainer: Last model at epoch 564 saved to checkpoints/etas_20260528-111933/last_model_1.pth
2026-05-28 11:20:16,763 INFO src.train.trainer: Epoch 565
2026-05-28 11:20:16,837 INFO src.train.trainer: New best validation loss: -6.5823, saved to checkpoints/etas_20260528-111933/best_model_1.pth
2026-05-28 11:20:16,840 INFO src.train.trainer: Last model at epoch 565 saved to checkpoints/etas_20260528-111933/last_model_1.pth
2026-05-28 11:20:16,840 INFO src.train.trainer: Epoch 566
2026-05-28 11:20:16,915 INFO src.train.trainer: New best validation loss: -6.5825, saved to checkpoints/etas_20260528-111933/best_model_1.pth
2026-05-28 11:20:16,918 INFO src.train.trainer: Last model at epoch 566 saved to checkpoints/etas_20260528-111933/last_model_1.pth
2026-05-28 11:20:16,918 INFO src.train.trainer: Epoch 567
2026-05-28 11:20:16,992 INFO src.train.trainer: New best validation loss: -6.5826, saved to checkpoints/etas_20260528-111933/best_model_1.pth
2026-05-28 11:20:16,995 INFO src.train.trainer: Last model at epoch 567 saved to checkpoints/etas_20260528-111933/last_model_1.pth
2026-05-28 11:20:16,995 INFO src.train.trainer: Epoch 568
2026-05-28 11:20:17,068 INFO src.train.trainer: New best validation loss: -6.5828, saved to checkpoints/etas_20260528-111933/best_model_1.pth
2026-05-28 11:20:17,071 INFO src.train.trainer: Last model at epoch 568 saved to checkpoints/etas_20260528-111933/last_model_1.pth
2026-05-28 11:20:17,071 INFO src.train.trainer: Epoch 569
2026-05-28 11:20:17,148 INFO src.train.trainer: New best validation loss: -6.5829, saved to checkpoints/etas_20260528-111933/best_model_1.pth
2026-05-28 11:20:17,150 INFO src.train.trainer: Last model at epoch 569 saved to checkpoints/etas_20260528-111933/last_model_1.pth
2026-05-28 11:20:17,150 INFO src.train.trainer: Epoch 570
2026-05-28 11:20:17,225 INFO src.train.trainer: New best validation loss: -6.5831, saved to checkpoints/etas_20260528-111933/best_model_1.pth
2026-05-28 11:20:17,227 INFO src.train.trainer: Last model at epoch 570 saved to checkpoints/etas_20260528-111933/last_model_1.pth
2026-05-28 11:20:17,228 INFO src.train.trainer: Epoch 571
2026-05-28 11:20:17,302 INFO src.train.trainer: New best validation loss: -6.5832, saved to checkpoints/etas_20260528-111933/best_model_1.pth
2026-05-28 11:20:17,305 INFO src.train.trainer: Last model at epoch 571 saved to checkpoints/etas_20260528-111933/last_model_1.pth
2026-05-28 11:20:17,305 INFO src.train.trainer: Epoch 572
2026-05-28 11:20:17,379 INFO src.train.trainer: New best validation loss: -6.5834, saved to checkpoints/etas_20260528-111933/best_model_1.pth
2026-05-28 11:20:17,382 INFO src.train.trainer: Last model at epoch 572 saved to checkpoints/etas_20260528-111933/last_model_1.pth
2026-05-28 11:20:17,382 INFO src.train.trainer: Epoch 573
2026-05-28 11:20:17,457 INFO src.train.trainer: New best validation loss: -6.5835, saved to checkpoints/etas_20260528-111933/best_model_1.pth
2026-05-28 11:20:17,460 INFO src.train.trainer: Last model at epoch 573 saved to checkpoints/etas_20260528-111933/last_model_1.pth
2026-05-28 11:20:17,460 INFO src.train.trainer: Epoch 574
2026-05-28 11:20:17,534 INFO src.train.trainer: New best validation loss: -6.5837, saved to checkpoints/etas_20260528-111933/best_model_1.pth
2026-05-28 11:20:17,537 INFO src.train.trainer: Last model at epoch 574 saved to checkpoints/etas_20260528-111933/last_model_1.pth
2026-05-28 11:20:17,538 INFO src.train.trainer: Epoch 575
2026-05-28 11:20:17,614 INFO src.train.trainer: New best validation loss: -6.5838, saved to checkpoints/etas_20260528-111933/best_model_1.pth
2026-05-28 11:20:17,617 INFO src.train.trainer: Last model at epoch 575 saved to checkpoints/etas_20260528-111933/last_model_1.pth
2026-05-28 11:20:17,617 INFO src.train.trainer: Epoch 576
2026-05-28 11:20:17,693 INFO src.train.trainer: New best validation loss: -6.5840, saved to checkpoints/etas_20260528-111933/best_model_1.pth
2026-05-28 11:20:17,696 INFO src.train.trainer: Last model at epoch 576 saved to checkpoints/etas_20260528-111933/last_model_1.pth
2026-05-28 11:20:17,696 INFO src.train.trainer: Epoch 577
2026-05-28 11:20:17,771 INFO src.train.trainer: New best validation loss: -6.5842, saved to checkpoints/etas_20260528-111933/best_model_1.pth
2026-05-28 11:20:17,774 INFO src.train.trainer: Last model at epoch 577 saved to checkpoints/etas_20260528-111933/last_model_1.pth
2026-05-28 11:20:17,774 INFO src.train.trainer: Epoch 578
2026-05-28 11:20:17,850 INFO src.train.trainer: New best validation loss: -6.5843, saved to checkpoints/etas_20260528-111933/best_model_1.pth
2026-05-28 11:20:17,853 INFO src.train.trainer: Last model at epoch 578 saved to checkpoints/etas_20260528-111933/last_model_1.pth
2026-05-28 11:20:17,853 INFO src.train.trainer: Epoch 579
2026-05-28 11:20:17,929 INFO src.train.trainer: New best validation loss: -6.5845, saved to checkpoints/etas_20260528-111933/best_model_1.pth
2026-05-28 11:20:17,932 INFO src.train.trainer: Last model at epoch 579 saved to checkpoints/etas_20260528-111933/last_model_1.pth
2026-05-28 11:20:17,932 INFO src.train.trainer: Epoch 580
2026-05-28 11:20:18,008 INFO src.train.trainer: New best validation loss: -6.5846, saved to checkpoints/etas_20260528-111933/best_model_1.pth
2026-05-28 11:20:18,011 INFO src.train.trainer: Last model at epoch 580 saved to checkpoints/etas_20260528-111933/last_model_1.pth
2026-05-28 11:20:18,011 INFO src.train.trainer: Epoch 581
2026-05-28 11:20:18,086 INFO src.train.trainer: New best validation loss: -6.5848, saved to checkpoints/etas_20260528-111933/best_model_1.pth
2026-05-28 11:20:18,089 INFO src.train.trainer: Last model at epoch 581 saved to checkpoints/etas_20260528-111933/last_model_1.pth
2026-05-28 11:20:18,089 INFO src.train.trainer: Epoch 582
2026-05-28 11:20:18,164 INFO src.train.trainer: New best validation loss: -6.5849, saved to checkpoints/etas_20260528-111933/best_model_1.pth
2026-05-28 11:20:18,167 INFO src.train.trainer: Last model at epoch 582 saved to checkpoints/etas_20260528-111933/last_model_1.pth
2026-05-28 11:20:18,168 INFO src.train.trainer: Epoch 583
2026-05-28 11:20:18,244 INFO src.train.trainer: New best validation loss: -6.5851, saved to checkpoints/etas_20260528-111933/best_model_1.pth
2026-05-28 11:20:18,247 INFO src.train.trainer: Last model at epoch 583 saved to checkpoints/etas_20260528-111933/last_model_1.pth
2026-05-28 11:20:18,247 INFO src.train.trainer: Epoch 584
2026-05-28 11:20:18,323 INFO src.train.trainer: New best validation loss: -6.5852, saved to checkpoints/etas_20260528-111933/best_model_1.pth
2026-05-28 11:20:18,326 INFO src.train.trainer: Last model at epoch 584 saved to checkpoints/etas_20260528-111933/last_model_1.pth
2026-05-28 11:20:18,326 INFO src.train.trainer: Epoch 585
2026-05-28 11:20:18,404 INFO src.train.trainer: New best validation loss: -6.5853, saved to checkpoints/etas_20260528-111933/best_model_1.pth
2026-05-28 11:20:18,410 INFO src.train.trainer: Last model at epoch 585 saved to checkpoints/etas_20260528-111933/last_model_1.pth
2026-05-28 11:20:18,410 INFO src.train.trainer: Epoch 586
2026-05-28 11:20:18,482 INFO src.train.trainer: New best validation loss: -6.5855, saved to checkpoints/etas_20260528-111933/best_model_1.pth
2026-05-28 11:20:18,485 INFO src.train.trainer: Last model at epoch 586 saved to checkpoints/etas_20260528-111933/last_model_1.pth
2026-05-28 11:20:18,485 INFO src.train.trainer: Epoch 587
2026-05-28 11:20:18,555 INFO src.train.trainer: New best validation loss: -6.5856, saved to checkpoints/etas_20260528-111933/best_model_1.pth
2026-05-28 11:20:18,558 INFO src.train.trainer: Last model at epoch 587 saved to checkpoints/etas_20260528-111933/last_model_1.pth
2026-05-28 11:20:18,559 INFO src.train.trainer: Epoch 588
2026-05-28 11:20:18,629 INFO src.train.trainer: New best validation loss: -6.5858, saved to checkpoints/etas_20260528-111933/best_model_1.pth
2026-05-28 11:20:18,632 INFO src.train.trainer: Last model at epoch 588 saved to checkpoints/etas_20260528-111933/last_model_1.pth
2026-05-28 11:20:18,632 INFO src.train.trainer: Epoch 589
2026-05-28 11:20:18,706 INFO src.train.trainer: New best validation loss: -6.5859, saved to checkpoints/etas_20260528-111933/best_model_1.pth
2026-05-28 11:20:18,709 INFO src.train.trainer: Last model at epoch 589 saved to checkpoints/etas_20260528-111933/last_model_1.pth
2026-05-28 11:20:18,709 INFO src.train.trainer: Epoch 590
2026-05-28 11:20:18,783 INFO src.train.trainer: New best validation loss: -6.5861, saved to checkpoints/etas_20260528-111933/best_model_1.pth
2026-05-28 11:20:18,786 INFO src.train.trainer: Last model at epoch 590 saved to checkpoints/etas_20260528-111933/last_model_1.pth
2026-05-28 11:20:18,786 INFO src.train.trainer: Epoch 591
2026-05-28 11:20:18,859 INFO src.train.trainer: New best validation loss: -6.5862, saved to checkpoints/etas_20260528-111933/best_model_1.pth
2026-05-28 11:20:18,862 INFO src.train.trainer: Last model at epoch 591 saved to checkpoints/etas_20260528-111933/last_model_1.pth
2026-05-28 11:20:18,862 INFO src.train.trainer: Epoch 592
2026-05-28 11:20:18,935 INFO src.train.trainer: New best validation loss: -6.5864, saved to checkpoints/etas_20260528-111933/best_model_1.pth
2026-05-28 11:20:18,938 INFO src.train.trainer: Last model at epoch 592 saved to checkpoints/etas_20260528-111933/last_model_1.pth
2026-05-28 11:20:18,938 INFO src.train.trainer: Epoch 593
2026-05-28 11:20:19,013 INFO src.train.trainer: New best validation loss: -6.5865, saved to checkpoints/etas_20260528-111933/best_model_1.pth
2026-05-28 11:20:19,016 INFO src.train.trainer: Last model at epoch 593 saved to checkpoints/etas_20260528-111933/last_model_1.pth
2026-05-28 11:20:19,016 INFO src.train.trainer: Epoch 594
2026-05-28 11:20:19,088 INFO src.train.trainer: New best validation loss: -6.5867, saved to checkpoints/etas_20260528-111933/best_model_1.pth
2026-05-28 11:20:19,091 INFO src.train.trainer: Last model at epoch 594 saved to checkpoints/etas_20260528-111933/last_model_1.pth
2026-05-28 11:20:19,091 INFO src.train.trainer: Epoch 595
2026-05-28 11:20:19,163 INFO src.train.trainer: New best validation loss: -6.5868, saved to checkpoints/etas_20260528-111933/best_model_1.pth
2026-05-28 11:20:19,166 INFO src.train.trainer: Last model at epoch 595 saved to checkpoints/etas_20260528-111933/last_model_1.pth
2026-05-28 11:20:19,166 INFO src.train.trainer: Epoch 596
2026-05-28 11:20:19,239 INFO src.train.trainer: New best validation loss: -6.5870, saved to checkpoints/etas_20260528-111933/best_model_1.pth
2026-05-28 11:20:19,242 INFO src.train.trainer: Last model at epoch 596 saved to checkpoints/etas_20260528-111933/last_model_1.pth
2026-05-28 11:20:19,242 INFO src.train.trainer: Epoch 597
2026-05-28 11:20:19,315 INFO src.train.trainer: New best validation loss: -6.5871, saved to checkpoints/etas_20260528-111933/best_model_1.pth
2026-05-28 11:20:19,318 INFO src.train.trainer: Last model at epoch 597 saved to checkpoints/etas_20260528-111933/last_model_1.pth
2026-05-28 11:20:19,318 INFO src.train.trainer: Epoch 598
2026-05-28 11:20:19,393 INFO src.train.trainer: New best validation loss: -6.5873, saved to checkpoints/etas_20260528-111933/best_model_1.pth
2026-05-28 11:20:19,396 INFO src.train.trainer: Last model at epoch 598 saved to checkpoints/etas_20260528-111933/last_model_1.pth
2026-05-28 11:20:19,396 INFO src.train.trainer: Epoch 599
2026-05-28 11:20:19,470 INFO src.train.trainer: New best validation loss: -6.5874, saved to checkpoints/etas_20260528-111933/best_model_1.pth
2026-05-28 11:20:19,473 INFO src.train.trainer: Last model at epoch 599 saved to checkpoints/etas_20260528-111933/last_model_1.pth
2026-05-28 11:20:19,473 INFO src.train.trainer: Epoch 600
2026-05-28 11:20:19,547 INFO src.train.trainer: New best validation loss: -6.5875, saved to checkpoints/etas_20260528-111933/best_model_1.pth
2026-05-28 11:20:19,550 INFO src.train.trainer: Last model at epoch 600 saved to checkpoints/etas_20260528-111933/last_model_1.pth
2026-05-28 11:20:19,550 INFO src.train.trainer: Epoch 601
2026-05-28 11:20:19,624 INFO src.train.trainer: New best validation loss: -6.5877, saved to checkpoints/etas_20260528-111933/best_model_1.pth
2026-05-28 11:20:19,627 INFO src.train.trainer: Last model at epoch 601 saved to checkpoints/etas_20260528-111933/last_model_1.pth
2026-05-28 11:20:19,627 INFO src.train.trainer: Epoch 602
2026-05-28 11:20:19,701 INFO src.train.trainer: New best validation loss: -6.5878, saved to checkpoints/etas_20260528-111933/best_model_1.pth
2026-05-28 11:20:19,704 INFO src.train.trainer: Last model at epoch 602 saved to checkpoints/etas_20260528-111933/last_model_1.pth
2026-05-28 11:20:19,704 INFO src.train.trainer: Epoch 603
2026-05-28 11:20:19,778 INFO src.train.trainer: New best validation loss: -6.5880, saved to checkpoints/etas_20260528-111933/best_model_1.pth
2026-05-28 11:20:19,781 INFO src.train.trainer: Last model at epoch 603 saved to checkpoints/etas_20260528-111933/last_model_1.pth
2026-05-28 11:20:19,781 INFO src.train.trainer: Epoch 604
2026-05-28 11:20:19,857 INFO src.train.trainer: New best validation loss: -6.5881, saved to checkpoints/etas_20260528-111933/best_model_1.pth
2026-05-28 11:20:19,860 INFO src.train.trainer: Last model at epoch 604 saved to checkpoints/etas_20260528-111933/last_model_1.pth
2026-05-28 11:20:19,860 INFO src.train.trainer: Epoch 605
2026-05-28 11:20:19,938 INFO src.train.trainer: New best validation loss: -6.5883, saved to checkpoints/etas_20260528-111933/best_model_1.pth
2026-05-28 11:20:19,941 INFO src.train.trainer: Last model at epoch 605 saved to checkpoints/etas_20260528-111933/last_model_1.pth
2026-05-28 11:20:19,941 INFO src.train.trainer: Epoch 606
2026-05-28 11:20:20,017 INFO src.train.trainer: New best validation loss: -6.5884, saved to checkpoints/etas_20260528-111933/best_model_1.pth
2026-05-28 11:20:20,020 INFO src.train.trainer: Last model at epoch 606 saved to checkpoints/etas_20260528-111933/last_model_1.pth
2026-05-28 11:20:20,020 INFO src.train.trainer: Epoch 607
2026-05-28 11:20:20,095 INFO src.train.trainer: New best validation loss: -6.5886, saved to checkpoints/etas_20260528-111933/best_model_1.pth
2026-05-28 11:20:20,098 INFO src.train.trainer: Last model at epoch 607 saved to checkpoints/etas_20260528-111933/last_model_1.pth
2026-05-28 11:20:20,098 INFO src.train.trainer: Epoch 608
2026-05-28 11:20:20,176 INFO src.train.trainer: New best validation loss: -6.5887, saved to checkpoints/etas_20260528-111933/best_model_1.pth
2026-05-28 11:20:20,179 INFO src.train.trainer: Last model at epoch 608 saved to checkpoints/etas_20260528-111933/last_model_1.pth
2026-05-28 11:20:20,179 INFO src.train.trainer: Epoch 609
2026-05-28 11:20:20,254 INFO src.train.trainer: New best validation loss: -6.5888, saved to checkpoints/etas_20260528-111933/best_model_1.pth
2026-05-28 11:20:20,257 INFO src.train.trainer: Last model at epoch 609 saved to checkpoints/etas_20260528-111933/last_model_1.pth
2026-05-28 11:20:20,257 INFO src.train.trainer: Epoch 610
2026-05-28 11:20:20,331 INFO src.train.trainer: New best validation loss: -6.5890, saved to checkpoints/etas_20260528-111933/best_model_1.pth
2026-05-28 11:20:20,334 INFO src.train.trainer: Last model at epoch 610 saved to checkpoints/etas_20260528-111933/last_model_1.pth
2026-05-28 11:20:20,334 INFO src.train.trainer: Epoch 611
2026-05-28 11:20:20,408 INFO src.train.trainer: New best validation loss: -6.5891, saved to checkpoints/etas_20260528-111933/best_model_1.pth
2026-05-28 11:20:20,410 INFO src.train.trainer: Last model at epoch 611 saved to checkpoints/etas_20260528-111933/last_model_1.pth
2026-05-28 11:20:20,411 INFO src.train.trainer: Epoch 612
2026-05-28 11:20:20,484 INFO src.train.trainer: New best validation loss: -6.5893, saved to checkpoints/etas_20260528-111933/best_model_1.pth
2026-05-28 11:20:20,487 INFO src.train.trainer: Last model at epoch 612 saved to checkpoints/etas_20260528-111933/last_model_1.pth
2026-05-28 11:20:20,487 INFO src.train.trainer: Epoch 613
2026-05-28 11:20:20,563 INFO src.train.trainer: New best validation loss: -6.5894, saved to checkpoints/etas_20260528-111933/best_model_1.pth
2026-05-28 11:20:20,566 INFO src.train.trainer: Last model at epoch 613 saved to checkpoints/etas_20260528-111933/last_model_1.pth
2026-05-28 11:20:20,566 INFO src.train.trainer: Epoch 614
2026-05-28 11:20:20,637 INFO src.train.trainer: New best validation loss: -6.5896, saved to checkpoints/etas_20260528-111933/best_model_1.pth
2026-05-28 11:20:20,641 INFO src.train.trainer: Last model at epoch 614 saved to checkpoints/etas_20260528-111933/last_model_1.pth
2026-05-28 11:20:20,641 INFO src.train.trainer: Epoch 615
2026-05-28 11:20:20,722 INFO src.train.trainer: New best validation loss: -6.5897, saved to checkpoints/etas_20260528-111933/best_model_1.pth
2026-05-28 11:20:20,725 INFO src.train.trainer: Last model at epoch 615 saved to checkpoints/etas_20260528-111933/last_model_1.pth
2026-05-28 11:20:20,726 INFO src.train.trainer: Epoch 616
2026-05-28 11:20:20,802 INFO src.train.trainer: New best validation loss: -6.5898, saved to checkpoints/etas_20260528-111933/best_model_1.pth
2026-05-28 11:20:20,805 INFO src.train.trainer: Last model at epoch 616 saved to checkpoints/etas_20260528-111933/last_model_1.pth
2026-05-28 11:20:20,805 INFO src.train.trainer: Epoch 617
2026-05-28 11:20:20,875 INFO src.train.trainer: New best validation loss: -6.5900, saved to checkpoints/etas_20260528-111933/best_model_1.pth
2026-05-28 11:20:20,877 INFO src.train.trainer: Last model at epoch 617 saved to checkpoints/etas_20260528-111933/last_model_1.pth
2026-05-28 11:20:20,877 INFO src.train.trainer: Epoch 618
2026-05-28 11:20:20,953 INFO src.train.trainer: New best validation loss: -6.5901, saved to checkpoints/etas_20260528-111933/best_model_1.pth
2026-05-28 11:20:20,956 INFO src.train.trainer: Last model at epoch 618 saved to checkpoints/etas_20260528-111933/last_model_1.pth
2026-05-28 11:20:20,956 INFO src.train.trainer: Epoch 619
2026-05-28 11:20:21,026 INFO src.train.trainer: New best validation loss: -6.5903, saved to checkpoints/etas_20260528-111933/best_model_1.pth
2026-05-28 11:20:21,028 INFO src.train.trainer: Last model at epoch 619 saved to checkpoints/etas_20260528-111933/last_model_1.pth
2026-05-28 11:20:21,028 INFO src.train.trainer: Epoch 620
2026-05-28 11:20:21,098 INFO src.train.trainer: New best validation loss: -6.5904, saved to checkpoints/etas_20260528-111933/best_model_1.pth
2026-05-28 11:20:21,101 INFO src.train.trainer: Last model at epoch 620 saved to checkpoints/etas_20260528-111933/last_model_1.pth
2026-05-28 11:20:21,101 INFO src.train.trainer: Epoch 621
2026-05-28 11:20:21,171 INFO src.train.trainer: New best validation loss: -6.5906, saved to checkpoints/etas_20260528-111933/best_model_1.pth
2026-05-28 11:20:21,175 INFO src.train.trainer: Last model at epoch 621 saved to checkpoints/etas_20260528-111933/last_model_1.pth
2026-05-28 11:20:21,175 INFO src.train.trainer: Epoch 622
2026-05-28 11:20:21,244 INFO src.train.trainer: New best validation loss: -6.5907, saved to checkpoints/etas_20260528-111933/best_model_1.pth
2026-05-28 11:20:21,247 INFO src.train.trainer: Last model at epoch 622 saved to checkpoints/etas_20260528-111933/last_model_1.pth
2026-05-28 11:20:21,247 INFO src.train.trainer: Epoch 623
2026-05-28 11:20:21,319 INFO src.train.trainer: New best validation loss: -6.5909, saved to checkpoints/etas_20260528-111933/best_model_1.pth
2026-05-28 11:20:21,322 INFO src.train.trainer: Last model at epoch 623 saved to checkpoints/etas_20260528-111933/last_model_1.pth
2026-05-28 11:20:21,323 INFO src.train.trainer: Epoch 624
2026-05-28 11:20:21,392 INFO src.train.trainer: New best validation loss: -6.5910, saved to checkpoints/etas_20260528-111933/best_model_1.pth
2026-05-28 11:20:21,394 INFO src.train.trainer: Last model at epoch 624 saved to checkpoints/etas_20260528-111933/last_model_1.pth
2026-05-28 11:20:21,394 INFO src.train.trainer: Epoch 625
2026-05-28 11:20:21,468 INFO src.train.trainer: New best validation loss: -6.5911, saved to checkpoints/etas_20260528-111933/best_model_1.pth
2026-05-28 11:20:21,471 INFO src.train.trainer: Last model at epoch 625 saved to checkpoints/etas_20260528-111933/last_model_1.pth
2026-05-28 11:20:21,471 INFO src.train.trainer: Epoch 626
2026-05-28 11:20:21,545 INFO src.train.trainer: New best validation loss: -6.5913, saved to checkpoints/etas_20260528-111933/best_model_1.pth
2026-05-28 11:20:21,548 INFO src.train.trainer: Last model at epoch 626 saved to checkpoints/etas_20260528-111933/last_model_1.pth
2026-05-28 11:20:21,548 INFO src.train.trainer: Epoch 627
2026-05-28 11:20:21,624 INFO src.train.trainer: New best validation loss: -6.5914, saved to checkpoints/etas_20260528-111933/best_model_1.pth
2026-05-28 11:20:21,627 INFO src.train.trainer: Last model at epoch 627 saved to checkpoints/etas_20260528-111933/last_model_1.pth
2026-05-28 11:20:21,627 INFO src.train.trainer: Epoch 628
2026-05-28 11:20:21,700 INFO src.train.trainer: New best validation loss: -6.5916, saved to checkpoints/etas_20260528-111933/best_model_1.pth
2026-05-28 11:20:21,702 INFO src.train.trainer: Last model at epoch 628 saved to checkpoints/etas_20260528-111933/last_model_1.pth
2026-05-28 11:20:21,703 INFO src.train.trainer: Epoch 629
2026-05-28 11:20:21,775 INFO src.train.trainer: New best validation loss: -6.5917, saved to checkpoints/etas_20260528-111933/best_model_1.pth
2026-05-28 11:20:21,778 INFO src.train.trainer: Last model at epoch 629 saved to checkpoints/etas_20260528-111933/last_model_1.pth
2026-05-28 11:20:21,778 INFO src.train.trainer: Epoch 630
2026-05-28 11:20:21,854 INFO src.train.trainer: New best validation loss: -6.5919, saved to checkpoints/etas_20260528-111933/best_model_1.pth
2026-05-28 11:20:21,857 INFO src.train.trainer: Last model at epoch 630 saved to checkpoints/etas_20260528-111933/last_model_1.pth
2026-05-28 11:20:21,857 INFO src.train.trainer: Epoch 631
2026-05-28 11:20:21,929 INFO src.train.trainer: New best validation loss: -6.5920, saved to checkpoints/etas_20260528-111933/best_model_1.pth
2026-05-28 11:20:21,932 INFO src.train.trainer: Last model at epoch 631 saved to checkpoints/etas_20260528-111933/last_model_1.pth
2026-05-28 11:20:21,932 INFO src.train.trainer: Epoch 632
2026-05-28 11:20:22,009 INFO src.train.trainer: New best validation loss: -6.5922, saved to checkpoints/etas_20260528-111933/best_model_1.pth
2026-05-28 11:20:22,012 INFO src.train.trainer: Last model at epoch 632 saved to checkpoints/etas_20260528-111933/last_model_1.pth
2026-05-28 11:20:22,012 INFO src.train.trainer: Epoch 633
2026-05-28 11:20:22,085 INFO src.train.trainer: New best validation loss: -6.5923, saved to checkpoints/etas_20260528-111933/best_model_1.pth
2026-05-28 11:20:22,088 INFO src.train.trainer: Last model at epoch 633 saved to checkpoints/etas_20260528-111933/last_model_1.pth
2026-05-28 11:20:22,088 INFO src.train.trainer: Epoch 634
2026-05-28 11:20:22,162 INFO src.train.trainer: New best validation loss: -6.5924, saved to checkpoints/etas_20260528-111933/best_model_1.pth
2026-05-28 11:20:22,165 INFO src.train.trainer: Last model at epoch 634 saved to checkpoints/etas_20260528-111933/last_model_1.pth
2026-05-28 11:20:22,165 INFO src.train.trainer: Epoch 635
2026-05-28 11:20:22,238 INFO src.train.trainer: New best validation loss: -6.5926, saved to checkpoints/etas_20260528-111933/best_model_1.pth
2026-05-28 11:20:22,241 INFO src.train.trainer: Last model at epoch 635 saved to checkpoints/etas_20260528-111933/last_model_1.pth
2026-05-28 11:20:22,241 INFO src.train.trainer: Epoch 636
2026-05-28 11:20:22,316 INFO src.train.trainer: New best validation loss: -6.5927, saved to checkpoints/etas_20260528-111933/best_model_1.pth
2026-05-28 11:20:22,319 INFO src.train.trainer: Last model at epoch 636 saved to checkpoints/etas_20260528-111933/last_model_1.pth
2026-05-28 11:20:22,319 INFO src.train.trainer: Epoch 637
2026-05-28 11:20:22,392 INFO src.train.trainer: New best validation loss: -6.5929, saved to checkpoints/etas_20260528-111933/best_model_1.pth
2026-05-28 11:20:22,395 INFO src.train.trainer: Last model at epoch 637 saved to checkpoints/etas_20260528-111933/last_model_1.pth
2026-05-28 11:20:22,395 INFO src.train.trainer: Epoch 638
2026-05-28 11:20:22,467 INFO src.train.trainer: New best validation loss: -6.5930, saved to checkpoints/etas_20260528-111933/best_model_1.pth
2026-05-28 11:20:22,470 INFO src.train.trainer: Last model at epoch 638 saved to checkpoints/etas_20260528-111933/last_model_1.pth
2026-05-28 11:20:22,470 INFO src.train.trainer: Epoch 639
2026-05-28 11:20:22,543 INFO src.train.trainer: New best validation loss: -6.5932, saved to checkpoints/etas_20260528-111933/best_model_1.pth
2026-05-28 11:20:22,546 INFO src.train.trainer: Last model at epoch 639 saved to checkpoints/etas_20260528-111933/last_model_1.pth
2026-05-28 11:20:22,546 INFO src.train.trainer: Epoch 640
2026-05-28 11:20:22,619 INFO src.train.trainer: New best validation loss: -6.5933, saved to checkpoints/etas_20260528-111933/best_model_1.pth
2026-05-28 11:20:22,622 INFO src.train.trainer: Last model at epoch 640 saved to checkpoints/etas_20260528-111933/last_model_1.pth
2026-05-28 11:20:22,622 INFO src.train.trainer: Epoch 641
2026-05-28 11:20:22,696 INFO src.train.trainer: New best validation loss: -6.5935, saved to checkpoints/etas_20260528-111933/best_model_1.pth
2026-05-28 11:20:22,699 INFO src.train.trainer: Last model at epoch 641 saved to checkpoints/etas_20260528-111933/last_model_1.pth
2026-05-28 11:20:22,699 INFO src.train.trainer: Epoch 642
2026-05-28 11:20:22,776 INFO src.train.trainer: New best validation loss: -6.5936, saved to checkpoints/etas_20260528-111933/best_model_1.pth
2026-05-28 11:20:22,779 INFO src.train.trainer: Last model at epoch 642 saved to checkpoints/etas_20260528-111933/last_model_1.pth
2026-05-28 11:20:22,779 INFO src.train.trainer: Epoch 643
2026-05-28 11:20:22,853 INFO src.train.trainer: New best validation loss: -6.5938, saved to checkpoints/etas_20260528-111933/best_model_1.pth
2026-05-28 11:20:22,856 INFO src.train.trainer: Last model at epoch 643 saved to checkpoints/etas_20260528-111933/last_model_1.pth
2026-05-28 11:20:22,856 INFO src.train.trainer: Epoch 644
2026-05-28 11:20:22,930 INFO src.train.trainer: New best validation loss: -6.5939, saved to checkpoints/etas_20260528-111933/best_model_1.pth
2026-05-28 11:20:22,933 INFO src.train.trainer: Last model at epoch 644 saved to checkpoints/etas_20260528-111933/last_model_1.pth
2026-05-28 11:20:22,933 INFO src.train.trainer: Epoch 645
2026-05-28 11:20:23,005 INFO src.train.trainer: New best validation loss: -6.5941, saved to checkpoints/etas_20260528-111933/best_model_1.pth
2026-05-28 11:20:23,008 INFO src.train.trainer: Last model at epoch 645 saved to checkpoints/etas_20260528-111933/last_model_1.pth
2026-05-28 11:20:23,008 INFO src.train.trainer: Epoch 646
2026-05-28 11:20:23,085 INFO src.train.trainer: New best validation loss: -6.5942, saved to checkpoints/etas_20260528-111933/best_model_1.pth
2026-05-28 11:20:23,088 INFO src.train.trainer: Last model at epoch 646 saved to checkpoints/etas_20260528-111933/last_model_1.pth
2026-05-28 11:20:23,088 INFO src.train.trainer: Epoch 647
2026-05-28 11:20:23,160 INFO src.train.trainer: New best validation loss: -6.5944, saved to checkpoints/etas_20260528-111933/best_model_1.pth
2026-05-28 11:20:23,163 INFO src.train.trainer: Last model at epoch 647 saved to checkpoints/etas_20260528-111933/last_model_1.pth
2026-05-28 11:20:23,163 INFO src.train.trainer: Epoch 648
2026-05-28 11:20:23,239 INFO src.train.trainer: New best validation loss: -6.5945, saved to checkpoints/etas_20260528-111933/best_model_1.pth
2026-05-28 11:20:23,242 INFO src.train.trainer: Last model at epoch 648 saved to checkpoints/etas_20260528-111933/last_model_1.pth
2026-05-28 11:20:23,242 INFO src.train.trainer: Epoch 649
2026-05-28 11:20:23,317 INFO src.train.trainer: New best validation loss: -6.5947, saved to checkpoints/etas_20260528-111933/best_model_1.pth
2026-05-28 11:20:23,320 INFO src.train.trainer: Last model at epoch 649 saved to checkpoints/etas_20260528-111933/last_model_1.pth
2026-05-28 11:20:23,320 INFO src.train.trainer: Epoch 650
2026-05-28 11:20:23,390 INFO src.train.trainer: New best validation loss: -6.5948, saved to checkpoints/etas_20260528-111933/best_model_1.pth
2026-05-28 11:20:23,393 INFO src.train.trainer: Last model at epoch 650 saved to checkpoints/etas_20260528-111933/last_model_1.pth
2026-05-28 11:20:23,393 INFO src.train.trainer: Epoch 651
2026-05-28 11:20:23,463 INFO src.train.trainer: New best validation loss: -6.5950, saved to checkpoints/etas_20260528-111933/best_model_1.pth
2026-05-28 11:20:23,465 INFO src.train.trainer: Last model at epoch 651 saved to checkpoints/etas_20260528-111933/last_model_1.pth
2026-05-28 11:20:23,466 INFO src.train.trainer: Epoch 652
2026-05-28 11:20:23,535 INFO src.train.trainer: New best validation loss: -6.5951, saved to checkpoints/etas_20260528-111933/best_model_1.pth
2026-05-28 11:20:23,538 INFO src.train.trainer: Last model at epoch 652 saved to checkpoints/etas_20260528-111933/last_model_1.pth
2026-05-28 11:20:23,538 INFO src.train.trainer: Epoch 653
2026-05-28 11:20:23,610 INFO src.train.trainer: New best validation loss: -6.5953, saved to checkpoints/etas_20260528-111933/best_model_1.pth
2026-05-28 11:20:23,614 INFO src.train.trainer: Last model at epoch 653 saved to checkpoints/etas_20260528-111933/last_model_1.pth
2026-05-28 11:20:23,614 INFO src.train.trainer: Epoch 654
2026-05-28 11:20:23,687 INFO src.train.trainer: New best validation loss: -6.5955, saved to checkpoints/etas_20260528-111933/best_model_1.pth
2026-05-28 11:20:23,690 INFO src.train.trainer: Last model at epoch 654 saved to checkpoints/etas_20260528-111933/last_model_1.pth
2026-05-28 11:20:23,690 INFO src.train.trainer: Epoch 655
2026-05-28 11:20:23,763 INFO src.train.trainer: New best validation loss: -6.5956, saved to checkpoints/etas_20260528-111933/best_model_1.pth
2026-05-28 11:20:23,766 INFO src.train.trainer: Last model at epoch 655 saved to checkpoints/etas_20260528-111933/last_model_1.pth
2026-05-28 11:20:23,766 INFO src.train.trainer: Epoch 656
2026-05-28 11:20:23,839 INFO src.train.trainer: New best validation loss: -6.5958, saved to checkpoints/etas_20260528-111933/best_model_1.pth
2026-05-28 11:20:23,842 INFO src.train.trainer: Last model at epoch 656 saved to checkpoints/etas_20260528-111933/last_model_1.pth
2026-05-28 11:20:23,842 INFO src.train.trainer: Epoch 657
2026-05-28 11:20:23,915 INFO src.train.trainer: New best validation loss: -6.5959, saved to checkpoints/etas_20260528-111933/best_model_1.pth
2026-05-28 11:20:23,918 INFO src.train.trainer: Last model at epoch 657 saved to checkpoints/etas_20260528-111933/last_model_1.pth
2026-05-28 11:20:23,918 INFO src.train.trainer: Epoch 658
2026-05-28 11:20:23,994 INFO src.train.trainer: New best validation loss: -6.5961, saved to checkpoints/etas_20260528-111933/best_model_1.pth
2026-05-28 11:20:23,997 INFO src.train.trainer: Last model at epoch 658 saved to checkpoints/etas_20260528-111933/last_model_1.pth
2026-05-28 11:20:23,997 INFO src.train.trainer: Epoch 659
2026-05-28 11:20:24,067 INFO src.train.trainer: New best validation loss: -6.5962, saved to checkpoints/etas_20260528-111933/best_model_1.pth
2026-05-28 11:20:24,070 INFO src.train.trainer: Last model at epoch 659 saved to checkpoints/etas_20260528-111933/last_model_1.pth
2026-05-28 11:20:24,070 INFO src.train.trainer: Epoch 660
2026-05-28 11:20:24,144 INFO src.train.trainer: New best validation loss: -6.5964, saved to checkpoints/etas_20260528-111933/best_model_1.pth
2026-05-28 11:20:24,147 INFO src.train.trainer: Last model at epoch 660 saved to checkpoints/etas_20260528-111933/last_model_1.pth
2026-05-28 11:20:24,147 INFO src.train.trainer: Epoch 661
2026-05-28 11:20:24,220 INFO src.train.trainer: New best validation loss: -6.5966, saved to checkpoints/etas_20260528-111933/best_model_1.pth
2026-05-28 11:20:24,223 INFO src.train.trainer: Last model at epoch 661 saved to checkpoints/etas_20260528-111933/last_model_1.pth
2026-05-28 11:20:24,224 INFO src.train.trainer: Epoch 662
2026-05-28 11:20:24,297 INFO src.train.trainer: New best validation loss: -6.5967, saved to checkpoints/etas_20260528-111933/best_model_1.pth
2026-05-28 11:20:24,300 INFO src.train.trainer: Last model at epoch 662 saved to checkpoints/etas_20260528-111933/last_model_1.pth
2026-05-28 11:20:24,301 INFO src.train.trainer: Epoch 663
2026-05-28 11:20:24,376 INFO src.train.trainer: New best validation loss: -6.5969, saved to checkpoints/etas_20260528-111933/best_model_1.pth
2026-05-28 11:20:24,379 INFO src.train.trainer: Last model at epoch 663 saved to checkpoints/etas_20260528-111933/last_model_1.pth
2026-05-28 11:20:24,379 INFO src.train.trainer: Epoch 664
2026-05-28 11:20:24,453 INFO src.train.trainer: New best validation loss: -6.5970, saved to checkpoints/etas_20260528-111933/best_model_1.pth
2026-05-28 11:20:24,456 INFO src.train.trainer: Last model at epoch 664 saved to checkpoints/etas_20260528-111933/last_model_1.pth
2026-05-28 11:20:24,456 INFO src.train.trainer: Epoch 665
2026-05-28 11:20:24,530 INFO src.train.trainer: New best validation loss: -6.5972, saved to checkpoints/etas_20260528-111933/best_model_1.pth
2026-05-28 11:20:24,533 INFO src.train.trainer: Last model at epoch 665 saved to checkpoints/etas_20260528-111933/last_model_1.pth
2026-05-28 11:20:24,533 INFO src.train.trainer: Epoch 666
2026-05-28 11:20:24,609 INFO src.train.trainer: New best validation loss: -6.5974, saved to checkpoints/etas_20260528-111933/best_model_1.pth
2026-05-28 11:20:24,612 INFO src.train.trainer: Last model at epoch 666 saved to checkpoints/etas_20260528-111933/last_model_1.pth
2026-05-28 11:20:24,612 INFO src.train.trainer: Epoch 667
2026-05-28 11:20:24,686 INFO src.train.trainer: New best validation loss: -6.5975, saved to checkpoints/etas_20260528-111933/best_model_1.pth
2026-05-28 11:20:24,689 INFO src.train.trainer: Last model at epoch 667 saved to checkpoints/etas_20260528-111933/last_model_1.pth
2026-05-28 11:20:24,689 INFO src.train.trainer: Epoch 668
2026-05-28 11:20:24,766 INFO src.train.trainer: New best validation loss: -6.5977, saved to checkpoints/etas_20260528-111933/best_model_1.pth
2026-05-28 11:20:24,769 INFO src.train.trainer: Last model at epoch 668 saved to checkpoints/etas_20260528-111933/last_model_1.pth
2026-05-28 11:20:24,769 INFO src.train.trainer: Epoch 669
2026-05-28 11:20:24,844 INFO src.train.trainer: New best validation loss: -6.5978, saved to checkpoints/etas_20260528-111933/best_model_1.pth
2026-05-28 11:20:24,847 INFO src.train.trainer: Last model at epoch 669 saved to checkpoints/etas_20260528-111933/last_model_1.pth
2026-05-28 11:20:24,847 INFO src.train.trainer: Epoch 670
2026-05-28 11:20:24,922 INFO src.train.trainer: New best validation loss: -6.5980, saved to checkpoints/etas_20260528-111933/best_model_1.pth
2026-05-28 11:20:24,925 INFO src.train.trainer: Last model at epoch 670 saved to checkpoints/etas_20260528-111933/last_model_1.pth
2026-05-28 11:20:24,925 INFO src.train.trainer: Epoch 671
2026-05-28 11:20:24,999 INFO src.train.trainer: New best validation loss: -6.5982, saved to checkpoints/etas_20260528-111933/best_model_1.pth
2026-05-28 11:20:25,002 INFO src.train.trainer: Last model at epoch 671 saved to checkpoints/etas_20260528-111933/last_model_1.pth
2026-05-28 11:20:25,002 INFO src.train.trainer: Epoch 672
2026-05-28 11:20:25,080 INFO src.train.trainer: New best validation loss: -6.5983, saved to checkpoints/etas_20260528-111933/best_model_1.pth
2026-05-28 11:20:25,083 INFO src.train.trainer: Last model at epoch 672 saved to checkpoints/etas_20260528-111933/last_model_1.pth
2026-05-28 11:20:25,083 INFO src.train.trainer: Epoch 673
2026-05-28 11:20:25,159 INFO src.train.trainer: New best validation loss: -6.5985, saved to checkpoints/etas_20260528-111933/best_model_1.pth
2026-05-28 11:20:25,163 INFO src.train.trainer: Last model at epoch 673 saved to checkpoints/etas_20260528-111933/last_model_1.pth
2026-05-28 11:20:25,163 INFO src.train.trainer: Epoch 674
2026-05-28 11:20:25,239 INFO src.train.trainer: New best validation loss: -6.5987, saved to checkpoints/etas_20260528-111933/best_model_1.pth
2026-05-28 11:20:25,244 INFO src.train.trainer: Last model at epoch 674 saved to checkpoints/etas_20260528-111933/last_model_1.pth
2026-05-28 11:20:25,244 INFO src.train.trainer: Epoch 675
2026-05-28 11:20:25,323 INFO src.train.trainer: New best validation loss: -6.5988, saved to checkpoints/etas_20260528-111933/best_model_1.pth
2026-05-28 11:20:25,326 INFO src.train.trainer: Last model at epoch 675 saved to checkpoints/etas_20260528-111933/last_model_1.pth
2026-05-28 11:20:25,327 INFO src.train.trainer: Epoch 676
2026-05-28 11:20:25,408 INFO src.train.trainer: New best validation loss: -6.5990, saved to checkpoints/etas_20260528-111933/best_model_1.pth
2026-05-28 11:20:25,411 INFO src.train.trainer: Last model at epoch 676 saved to checkpoints/etas_20260528-111933/last_model_1.pth
2026-05-28 11:20:25,411 INFO src.train.trainer: Epoch 677
2026-05-28 11:20:25,475 INFO src.train.trainer: New best validation loss: -6.5992, saved to checkpoints/etas_20260528-111933/best_model_1.pth
2026-05-28 11:20:25,478 INFO src.train.trainer: Last model at epoch 677 saved to checkpoints/etas_20260528-111933/last_model_1.pth
2026-05-28 11:20:25,478 INFO src.train.trainer: Epoch 678
2026-05-28 11:20:25,539 INFO src.train.trainer: New best validation loss: -6.5993, saved to checkpoints/etas_20260528-111933/best_model_1.pth
2026-05-28 11:20:25,541 INFO src.train.trainer: Last model at epoch 678 saved to checkpoints/etas_20260528-111933/last_model_1.pth
2026-05-28 11:20:25,542 INFO src.train.trainer: Epoch 679
2026-05-28 11:20:25,601 INFO src.train.trainer: New best validation loss: -6.5995, saved to checkpoints/etas_20260528-111933/best_model_1.pth
2026-05-28 11:20:25,604 INFO src.train.trainer: Last model at epoch 679 saved to checkpoints/etas_20260528-111933/last_model_1.pth
2026-05-28 11:20:25,604 INFO src.train.trainer: Epoch 680
2026-05-28 11:20:25,669 INFO src.train.trainer: New best validation loss: -6.5997, saved to checkpoints/etas_20260528-111933/best_model_1.pth
2026-05-28 11:20:25,671 INFO src.train.trainer: Last model at epoch 680 saved to checkpoints/etas_20260528-111933/last_model_1.pth
2026-05-28 11:20:25,671 INFO src.train.trainer: Epoch 681
2026-05-28 11:20:25,738 INFO src.train.trainer: New best validation loss: -6.5999, saved to checkpoints/etas_20260528-111933/best_model_1.pth
2026-05-28 11:20:25,740 INFO src.train.trainer: Last model at epoch 681 saved to checkpoints/etas_20260528-111933/last_model_1.pth
2026-05-28 11:20:25,740 INFO src.train.trainer: Epoch 682
2026-05-28 11:20:25,805 INFO src.train.trainer: New best validation loss: -6.6000, saved to checkpoints/etas_20260528-111933/best_model_1.pth
2026-05-28 11:20:25,808 INFO src.train.trainer: Last model at epoch 682 saved to checkpoints/etas_20260528-111933/last_model_1.pth
2026-05-28 11:20:25,808 INFO src.train.trainer: Epoch 683
2026-05-28 11:20:25,874 INFO src.train.trainer: New best validation loss: -6.6002, saved to checkpoints/etas_20260528-111933/best_model_1.pth
2026-05-28 11:20:25,876 INFO src.train.trainer: Last model at epoch 683 saved to checkpoints/etas_20260528-111933/last_model_1.pth
2026-05-28 11:20:25,876 INFO src.train.trainer: Epoch 684
2026-05-28 11:20:25,943 INFO src.train.trainer: New best validation loss: -6.6004, saved to checkpoints/etas_20260528-111933/best_model_1.pth
2026-05-28 11:20:25,945 INFO src.train.trainer: Last model at epoch 684 saved to checkpoints/etas_20260528-111933/last_model_1.pth
2026-05-28 11:20:25,945 INFO src.train.trainer: Epoch 685
2026-05-28 11:20:26,014 INFO src.train.trainer: New best validation loss: -6.6006, saved to checkpoints/etas_20260528-111933/best_model_1.pth
2026-05-28 11:20:26,016 INFO src.train.trainer: Last model at epoch 685 saved to checkpoints/etas_20260528-111933/last_model_1.pth
2026-05-28 11:20:26,016 INFO src.train.trainer: Epoch 686
2026-05-28 11:20:26,087 INFO src.train.trainer: New best validation loss: -6.6007, saved to checkpoints/etas_20260528-111933/best_model_1.pth
2026-05-28 11:20:26,090 INFO src.train.trainer: Last model at epoch 686 saved to checkpoints/etas_20260528-111933/last_model_1.pth
2026-05-28 11:20:26,090 INFO src.train.trainer: Epoch 687
2026-05-28 11:20:26,159 INFO src.train.trainer: New best validation loss: -6.6009, saved to checkpoints/etas_20260528-111933/best_model_1.pth
2026-05-28 11:20:26,161 INFO src.train.trainer: Last model at epoch 687 saved to checkpoints/etas_20260528-111933/last_model_1.pth
2026-05-28 11:20:26,161 INFO src.train.trainer: Epoch 688
2026-05-28 11:20:26,233 INFO src.train.trainer: New best validation loss: -6.6011, saved to checkpoints/etas_20260528-111933/best_model_1.pth
2026-05-28 11:20:26,236 INFO src.train.trainer: Last model at epoch 688 saved to checkpoints/etas_20260528-111933/last_model_1.pth
2026-05-28 11:20:26,236 INFO src.train.trainer: Epoch 689
2026-05-28 11:20:26,312 INFO src.train.trainer: New best validation loss: -6.6012, saved to checkpoints/etas_20260528-111933/best_model_1.pth
2026-05-28 11:20:26,314 INFO src.train.trainer: Last model at epoch 689 saved to checkpoints/etas_20260528-111933/last_model_1.pth
2026-05-28 11:20:26,314 INFO src.train.trainer: Epoch 690
2026-05-28 11:20:26,382 INFO src.train.trainer: New best validation loss: -6.6014, saved to checkpoints/etas_20260528-111933/best_model_1.pth
2026-05-28 11:20:26,384 INFO src.train.trainer: Last model at epoch 690 saved to checkpoints/etas_20260528-111933/last_model_1.pth
2026-05-28 11:20:26,385 INFO src.train.trainer: Epoch 691
2026-05-28 11:20:26,454 INFO src.train.trainer: New best validation loss: -6.6016, saved to checkpoints/etas_20260528-111933/best_model_1.pth
2026-05-28 11:20:26,456 INFO src.train.trainer: Last model at epoch 691 saved to checkpoints/etas_20260528-111933/last_model_1.pth
2026-05-28 11:20:26,456 INFO src.train.trainer: Epoch 692
2026-05-28 11:20:26,522 INFO src.train.trainer: New best validation loss: -6.6018, saved to checkpoints/etas_20260528-111933/best_model_1.pth
2026-05-28 11:20:26,524 INFO src.train.trainer: Last model at epoch 692 saved to checkpoints/etas_20260528-111933/last_model_1.pth
2026-05-28 11:20:26,525 INFO src.train.trainer: Epoch 693
2026-05-28 11:20:26,591 INFO src.train.trainer: New best validation loss: -6.6019, saved to checkpoints/etas_20260528-111933/best_model_1.pth
2026-05-28 11:20:26,593 INFO src.train.trainer: Last model at epoch 693 saved to checkpoints/etas_20260528-111933/last_model_1.pth
2026-05-28 11:20:26,593 INFO src.train.trainer: Epoch 694
2026-05-28 11:20:26,658 INFO src.train.trainer: New best validation loss: -6.6021, saved to checkpoints/etas_20260528-111933/best_model_1.pth
2026-05-28 11:20:26,661 INFO src.train.trainer: Last model at epoch 694 saved to checkpoints/etas_20260528-111933/last_model_1.pth
2026-05-28 11:20:26,661 INFO src.train.trainer: Epoch 695
2026-05-28 11:20:26,730 INFO src.train.trainer: New best validation loss: -6.6023, saved to checkpoints/etas_20260528-111933/best_model_1.pth
2026-05-28 11:20:26,733 INFO src.train.trainer: Last model at epoch 695 saved to checkpoints/etas_20260528-111933/last_model_1.pth
2026-05-28 11:20:26,733 INFO src.train.trainer: Epoch 696
2026-05-28 11:20:26,796 INFO src.train.trainer: New best validation loss: -6.6025, saved to checkpoints/etas_20260528-111933/best_model_1.pth
2026-05-28 11:20:26,798 INFO src.train.trainer: Last model at epoch 696 saved to checkpoints/etas_20260528-111933/last_model_1.pth
2026-05-28 11:20:26,798 INFO src.train.trainer: Epoch 697
2026-05-28 11:20:26,856 INFO src.train.trainer: New best validation loss: -6.6026, saved to checkpoints/etas_20260528-111933/best_model_1.pth
2026-05-28 11:20:26,858 INFO src.train.trainer: Last model at epoch 697 saved to checkpoints/etas_20260528-111933/last_model_1.pth
2026-05-28 11:20:26,858 INFO src.train.trainer: Epoch 698
2026-05-28 11:20:26,915 INFO src.train.trainer: New best validation loss: -6.6028, saved to checkpoints/etas_20260528-111933/best_model_1.pth
2026-05-28 11:20:26,917 INFO src.train.trainer: Last model at epoch 698 saved to checkpoints/etas_20260528-111933/last_model_1.pth
2026-05-28 11:20:26,917 INFO src.train.trainer: Epoch 699
2026-05-28 11:20:26,974 INFO src.train.trainer: New best validation loss: -6.6030, saved to checkpoints/etas_20260528-111933/best_model_1.pth
2026-05-28 11:20:26,977 INFO src.train.trainer: Last model at epoch 699 saved to checkpoints/etas_20260528-111933/last_model_1.pth
2026-05-28 11:20:26,977 INFO src.train.trainer: Epoch 700
2026-05-28 11:20:27,033 INFO src.train.trainer: New best validation loss: -6.6031, saved to checkpoints/etas_20260528-111933/best_model_1.pth
2026-05-28 11:20:27,035 INFO src.train.trainer: Last model at epoch 700 saved to checkpoints/etas_20260528-111933/last_model_1.pth
2026-05-28 11:20:27,035 INFO src.train.trainer: Epoch 701
2026-05-28 11:20:27,093 INFO src.train.trainer: New best validation loss: -6.6033, saved to checkpoints/etas_20260528-111933/best_model_1.pth
2026-05-28 11:20:27,096 INFO src.train.trainer: Last model at epoch 701 saved to checkpoints/etas_20260528-111933/last_model_1.pth
2026-05-28 11:20:27,096 INFO src.train.trainer: Epoch 702
2026-05-28 11:20:27,156 INFO src.train.trainer: New best validation loss: -6.6034, saved to checkpoints/etas_20260528-111933/best_model_1.pth
2026-05-28 11:20:27,158 INFO src.train.trainer: Last model at epoch 702 saved to checkpoints/etas_20260528-111933/last_model_1.pth
2026-05-28 11:20:27,159 INFO src.train.trainer: Epoch 703
2026-05-28 11:20:27,215 INFO src.train.trainer: New best validation loss: -6.6035, saved to checkpoints/etas_20260528-111933/best_model_1.pth
2026-05-28 11:20:27,217 INFO src.train.trainer: Last model at epoch 703 saved to checkpoints/etas_20260528-111933/last_model_1.pth
2026-05-28 11:20:27,217 INFO src.train.trainer: Epoch 704
2026-05-28 11:20:27,273 INFO src.train.trainer: New best validation loss: -6.6037, saved to checkpoints/etas_20260528-111933/best_model_1.pth
2026-05-28 11:20:27,275 INFO src.train.trainer: Last model at epoch 704 saved to checkpoints/etas_20260528-111933/last_model_1.pth
2026-05-28 11:20:27,275 INFO src.train.trainer: Epoch 705
2026-05-28 11:20:27,330 INFO src.train.trainer: New best validation loss: -6.6038, saved to checkpoints/etas_20260528-111933/best_model_1.pth
2026-05-28 11:20:27,332 INFO src.train.trainer: Last model at epoch 705 saved to checkpoints/etas_20260528-111933/last_model_1.pth
2026-05-28 11:20:27,332 INFO src.train.trainer: Epoch 706
2026-05-28 11:20:27,391 INFO src.train.trainer: New best validation loss: -6.6039, saved to checkpoints/etas_20260528-111933/best_model_1.pth
2026-05-28 11:20:27,394 INFO src.train.trainer: Last model at epoch 706 saved to checkpoints/etas_20260528-111933/last_model_1.pth
2026-05-28 11:20:27,394 INFO src.train.trainer: Epoch 707
2026-05-28 11:20:27,450 INFO src.train.trainer: New best validation loss: -6.6041, saved to checkpoints/etas_20260528-111933/best_model_1.pth
2026-05-28 11:20:27,452 INFO src.train.trainer: Last model at epoch 707 saved to checkpoints/etas_20260528-111933/last_model_1.pth
2026-05-28 11:20:27,452 INFO src.train.trainer: Epoch 708
2026-05-28 11:20:27,507 INFO src.train.trainer: New best validation loss: -6.6042, saved to checkpoints/etas_20260528-111933/best_model_1.pth
2026-05-28 11:20:27,509 INFO src.train.trainer: Last model at epoch 708 saved to checkpoints/etas_20260528-111933/last_model_1.pth
2026-05-28 11:20:27,509 INFO src.train.trainer: Epoch 709
2026-05-28 11:20:27,565 INFO src.train.trainer: New best validation loss: -6.6043, saved to checkpoints/etas_20260528-111933/best_model_1.pth
2026-05-28 11:20:27,567 INFO src.train.trainer: Last model at epoch 709 saved to checkpoints/etas_20260528-111933/last_model_1.pth
2026-05-28 11:20:27,567 INFO src.train.trainer: Epoch 710
2026-05-28 11:20:27,624 INFO src.train.trainer: New best validation loss: -6.6045, saved to checkpoints/etas_20260528-111933/best_model_1.pth
2026-05-28 11:20:27,626 INFO src.train.trainer: Last model at epoch 710 saved to checkpoints/etas_20260528-111933/last_model_1.pth
2026-05-28 11:20:27,626 INFO src.train.trainer: Epoch 711
2026-05-28 11:20:27,684 INFO src.train.trainer: New best validation loss: -6.6046, saved to checkpoints/etas_20260528-111933/best_model_1.pth
2026-05-28 11:20:27,687 INFO src.train.trainer: Last model at epoch 711 saved to checkpoints/etas_20260528-111933/last_model_1.pth
2026-05-28 11:20:27,687 INFO src.train.trainer: Epoch 712
2026-05-28 11:20:27,743 INFO src.train.trainer: New best validation loss: -6.6047, saved to checkpoints/etas_20260528-111933/best_model_1.pth
2026-05-28 11:20:27,745 INFO src.train.trainer: Last model at epoch 712 saved to checkpoints/etas_20260528-111933/last_model_1.pth
2026-05-28 11:20:27,745 INFO src.train.trainer: Epoch 713
2026-05-28 11:20:27,802 INFO src.train.trainer: New best validation loss: -6.6048, saved to checkpoints/etas_20260528-111933/best_model_1.pth
2026-05-28 11:20:27,805 INFO src.train.trainer: Last model at epoch 713 saved to checkpoints/etas_20260528-111933/last_model_1.pth
2026-05-28 11:20:27,805 INFO src.train.trainer: Epoch 714
2026-05-28 11:20:27,867 INFO src.train.trainer: New best validation loss: -6.6050, saved to checkpoints/etas_20260528-111933/best_model_1.pth
2026-05-28 11:20:27,870 INFO src.train.trainer: Last model at epoch 714 saved to checkpoints/etas_20260528-111933/last_model_1.pth
2026-05-28 11:20:27,870 INFO src.train.trainer: Epoch 715
2026-05-28 11:20:27,934 INFO src.train.trainer: New best validation loss: -6.6051, saved to checkpoints/etas_20260528-111933/best_model_1.pth
2026-05-28 11:20:27,936 INFO src.train.trainer: Last model at epoch 715 saved to checkpoints/etas_20260528-111933/last_model_1.pth
2026-05-28 11:20:27,936 INFO src.train.trainer: Epoch 716
2026-05-28 11:20:27,999 INFO src.train.trainer: New best validation loss: -6.6052, saved to checkpoints/etas_20260528-111933/best_model_1.pth
2026-05-28 11:20:28,003 INFO src.train.trainer: Last model at epoch 716 saved to checkpoints/etas_20260528-111933/last_model_1.pth
2026-05-28 11:20:28,003 INFO src.train.trainer: Epoch 717
2026-05-28 11:20:28,072 INFO src.train.trainer: New best validation loss: -6.6053, saved to checkpoints/etas_20260528-111933/best_model_1.pth
2026-05-28 11:20:28,074 INFO src.train.trainer: Last model at epoch 717 saved to checkpoints/etas_20260528-111933/last_model_1.pth
2026-05-28 11:20:28,074 INFO src.train.trainer: Epoch 718
2026-05-28 11:20:28,138 INFO src.train.trainer: New best validation loss: -6.6054, saved to checkpoints/etas_20260528-111933/best_model_1.pth
2026-05-28 11:20:28,140 INFO src.train.trainer: Last model at epoch 718 saved to checkpoints/etas_20260528-111933/last_model_1.pth
2026-05-28 11:20:28,140 INFO src.train.trainer: Epoch 719
2026-05-28 11:20:28,207 INFO src.train.trainer: New best validation loss: -6.6055, saved to checkpoints/etas_20260528-111933/best_model_1.pth
2026-05-28 11:20:28,209 INFO src.train.trainer: Last model at epoch 719 saved to checkpoints/etas_20260528-111933/last_model_1.pth
2026-05-28 11:20:28,209 INFO src.train.trainer: Epoch 720
2026-05-28 11:20:28,275 INFO src.train.trainer: New best validation loss: -6.6056, saved to checkpoints/etas_20260528-111933/best_model_1.pth
2026-05-28 11:20:28,277 INFO src.train.trainer: Last model at epoch 720 saved to checkpoints/etas_20260528-111933/last_model_1.pth
2026-05-28 11:20:28,277 INFO src.train.trainer: Epoch 721
2026-05-28 11:20:28,343 INFO src.train.trainer: New best validation loss: -6.6058, saved to checkpoints/etas_20260528-111933/best_model_1.pth
2026-05-28 11:20:28,345 INFO src.train.trainer: Last model at epoch 721 saved to checkpoints/etas_20260528-111933/last_model_1.pth
2026-05-28 11:20:28,345 INFO src.train.trainer: Epoch 722
2026-05-28 11:20:28,411 INFO src.train.trainer: New best validation loss: -6.6059, saved to checkpoints/etas_20260528-111933/best_model_1.pth
2026-05-28 11:20:28,414 INFO src.train.trainer: Last model at epoch 722 saved to checkpoints/etas_20260528-111933/last_model_1.pth
2026-05-28 11:20:28,414 INFO src.train.trainer: Epoch 723
2026-05-28 11:20:28,479 INFO src.train.trainer: New best validation loss: -6.6060, saved to checkpoints/etas_20260528-111933/best_model_1.pth
2026-05-28 11:20:28,481 INFO src.train.trainer: Last model at epoch 723 saved to checkpoints/etas_20260528-111933/last_model_1.pth
2026-05-28 11:20:28,481 INFO src.train.trainer: Epoch 724
2026-05-28 11:20:28,547 INFO src.train.trainer: New best validation loss: -6.6061, saved to checkpoints/etas_20260528-111933/best_model_1.pth
2026-05-28 11:20:28,549 INFO src.train.trainer: Last model at epoch 724 saved to checkpoints/etas_20260528-111933/last_model_1.pth
2026-05-28 11:20:28,549 INFO src.train.trainer: Epoch 725
2026-05-28 11:20:28,615 INFO src.train.trainer: New best validation loss: -6.6062, saved to checkpoints/etas_20260528-111933/best_model_1.pth
2026-05-28 11:20:28,617 INFO src.train.trainer: Last model at epoch 725 saved to checkpoints/etas_20260528-111933/last_model_1.pth
2026-05-28 11:20:28,617 INFO src.train.trainer: Epoch 726
2026-05-28 11:20:28,683 INFO src.train.trainer: New best validation loss: -6.6062, saved to checkpoints/etas_20260528-111933/best_model_1.pth
2026-05-28 11:20:28,685 INFO src.train.trainer: Last model at epoch 726 saved to checkpoints/etas_20260528-111933/last_model_1.pth
2026-05-28 11:20:28,686 INFO src.train.trainer: Epoch 727
2026-05-28 11:20:28,752 INFO src.train.trainer: New best validation loss: -6.6063, saved to checkpoints/etas_20260528-111933/best_model_1.pth
2026-05-28 11:20:28,755 INFO src.train.trainer: Last model at epoch 727 saved to checkpoints/etas_20260528-111933/last_model_1.pth
2026-05-28 11:20:28,755 INFO src.train.trainer: Epoch 728
2026-05-28 11:20:28,822 INFO src.train.trainer: New best validation loss: -6.6064, saved to checkpoints/etas_20260528-111933/best_model_1.pth
2026-05-28 11:20:28,825 INFO src.train.trainer: Last model at epoch 728 saved to checkpoints/etas_20260528-111933/last_model_1.pth
2026-05-28 11:20:28,825 INFO src.train.trainer: Epoch 729
2026-05-28 11:20:28,894 INFO src.train.trainer: New best validation loss: -6.6065, saved to checkpoints/etas_20260528-111933/best_model_1.pth
2026-05-28 11:20:28,896 INFO src.train.trainer: Last model at epoch 729 saved to checkpoints/etas_20260528-111933/last_model_1.pth
2026-05-28 11:20:28,896 INFO src.train.trainer: Epoch 730
2026-05-28 11:20:28,962 INFO src.train.trainer: New best validation loss: -6.6066, saved to checkpoints/etas_20260528-111933/best_model_1.pth
2026-05-28 11:20:28,964 INFO src.train.trainer: Last model at epoch 730 saved to checkpoints/etas_20260528-111933/last_model_1.pth
2026-05-28 11:20:28,964 INFO src.train.trainer: Epoch 731
2026-05-28 11:20:29,033 INFO src.train.trainer: New best validation loss: -6.6067, saved to checkpoints/etas_20260528-111933/best_model_1.pth
2026-05-28 11:20:29,035 INFO src.train.trainer: Last model at epoch 731 saved to checkpoints/etas_20260528-111933/last_model_1.pth
2026-05-28 11:20:29,035 INFO src.train.trainer: Epoch 732
2026-05-28 11:20:29,102 INFO src.train.trainer: New best validation loss: -6.6068, saved to checkpoints/etas_20260528-111933/best_model_1.pth
2026-05-28 11:20:29,104 INFO src.train.trainer: Last model at epoch 732 saved to checkpoints/etas_20260528-111933/last_model_1.pth
2026-05-28 11:20:29,104 INFO src.train.trainer: Epoch 733
2026-05-28 11:20:29,173 INFO src.train.trainer: New best validation loss: -6.6068, saved to checkpoints/etas_20260528-111933/best_model_1.pth
2026-05-28 11:20:29,175 INFO src.train.trainer: Last model at epoch 733 saved to checkpoints/etas_20260528-111933/last_model_1.pth
2026-05-28 11:20:29,175 INFO src.train.trainer: Epoch 734
2026-05-28 11:20:29,241 INFO src.train.trainer: New best validation loss: -6.6069, saved to checkpoints/etas_20260528-111933/best_model_1.pth
2026-05-28 11:20:29,244 INFO src.train.trainer: Last model at epoch 734 saved to checkpoints/etas_20260528-111933/last_model_1.pth
2026-05-28 11:20:29,244 INFO src.train.trainer: Epoch 735
2026-05-28 11:20:29,310 INFO src.train.trainer: New best validation loss: -6.6070, saved to checkpoints/etas_20260528-111933/best_model_1.pth
2026-05-28 11:20:29,312 INFO src.train.trainer: Last model at epoch 735 saved to checkpoints/etas_20260528-111933/last_model_1.pth
2026-05-28 11:20:29,312 INFO src.train.trainer: Epoch 736
2026-05-28 11:20:29,384 INFO src.train.trainer: New best validation loss: -6.6071, saved to checkpoints/etas_20260528-111933/best_model_1.pth
2026-05-28 11:20:29,387 INFO src.train.trainer: Last model at epoch 736 saved to checkpoints/etas_20260528-111933/last_model_1.pth
2026-05-28 11:20:29,387 INFO src.train.trainer: Epoch 737
2026-05-28 11:20:29,459 INFO src.train.trainer: New best validation loss: -6.6071, saved to checkpoints/etas_20260528-111933/best_model_1.pth
2026-05-28 11:20:29,461 INFO src.train.trainer: Last model at epoch 737 saved to checkpoints/etas_20260528-111933/last_model_1.pth
2026-05-28 11:20:29,461 INFO src.train.trainer: Epoch 738
2026-05-28 11:20:29,531 INFO src.train.trainer: New best validation loss: -6.6072, saved to checkpoints/etas_20260528-111933/best_model_1.pth
2026-05-28 11:20:29,533 INFO src.train.trainer: Last model at epoch 738 saved to checkpoints/etas_20260528-111933/last_model_1.pth
2026-05-28 11:20:29,533 INFO src.train.trainer: Epoch 739
2026-05-28 11:20:29,605 INFO src.train.trainer: New best validation loss: -6.6072, saved to checkpoints/etas_20260528-111933/best_model_1.pth
2026-05-28 11:20:29,608 INFO src.train.trainer: Last model at epoch 739 saved to checkpoints/etas_20260528-111933/last_model_1.pth
2026-05-28 11:20:29,608 INFO src.train.trainer: Epoch 740
2026-05-28 11:20:29,675 INFO src.train.trainer: New best validation loss: -6.6073, saved to checkpoints/etas_20260528-111933/best_model_1.pth
2026-05-28 11:20:29,677 INFO src.train.trainer: Last model at epoch 740 saved to checkpoints/etas_20260528-111933/last_model_1.pth
2026-05-28 11:20:29,678 INFO src.train.trainer: Epoch 741
2026-05-28 11:20:29,745 INFO src.train.trainer: New best validation loss: -6.6073, saved to checkpoints/etas_20260528-111933/best_model_1.pth
2026-05-28 11:20:29,747 INFO src.train.trainer: Last model at epoch 741 saved to checkpoints/etas_20260528-111933/last_model_1.pth
2026-05-28 11:20:29,747 INFO src.train.trainer: Epoch 742
2026-05-28 11:20:29,817 INFO src.train.trainer: New best validation loss: -6.6074, saved to checkpoints/etas_20260528-111933/best_model_1.pth
2026-05-28 11:20:29,819 INFO src.train.trainer: Last model at epoch 742 saved to checkpoints/etas_20260528-111933/last_model_1.pth
2026-05-28 11:20:29,819 INFO src.train.trainer: Epoch 743
2026-05-28 11:20:29,886 INFO src.train.trainer: New best validation loss: -6.6074, saved to checkpoints/etas_20260528-111933/best_model_1.pth
2026-05-28 11:20:29,888 INFO src.train.trainer: Last model at epoch 743 saved to checkpoints/etas_20260528-111933/last_model_1.pth
2026-05-28 11:20:29,888 INFO src.train.trainer: Epoch 744
2026-05-28 11:20:29,957 INFO src.train.trainer: New best validation loss: -6.6075, saved to checkpoints/etas_20260528-111933/best_model_1.pth
2026-05-28 11:20:29,959 INFO src.train.trainer: Last model at epoch 744 saved to checkpoints/etas_20260528-111933/last_model_1.pth
2026-05-28 11:20:29,960 INFO src.train.trainer: Epoch 745
2026-05-28 11:20:30,030 INFO src.train.trainer: New best validation loss: -6.6075, saved to checkpoints/etas_20260528-111933/best_model_1.pth
2026-05-28 11:20:30,032 INFO src.train.trainer: Last model at epoch 745 saved to checkpoints/etas_20260528-111933/last_model_1.pth
2026-05-28 11:20:30,032 INFO src.train.trainer: Epoch 746
2026-05-28 11:20:30,103 INFO src.train.trainer: New best validation loss: -6.6076, saved to checkpoints/etas_20260528-111933/best_model_1.pth
2026-05-28 11:20:30,106 INFO src.train.trainer: Last model at epoch 746 saved to checkpoints/etas_20260528-111933/last_model_1.pth
2026-05-28 11:20:30,106 INFO src.train.trainer: Epoch 747
2026-05-28 11:20:30,176 INFO src.train.trainer: New best validation loss: -6.6076, saved to checkpoints/etas_20260528-111933/best_model_1.pth
2026-05-28 11:20:30,180 INFO src.train.trainer: Last model at epoch 747 saved to checkpoints/etas_20260528-111933/last_model_1.pth
2026-05-28 11:20:30,180 INFO src.train.trainer: Epoch 748
2026-05-28 11:20:30,249 INFO src.train.trainer: New best validation loss: -6.6077, saved to checkpoints/etas_20260528-111933/best_model_1.pth
2026-05-28 11:20:30,251 INFO src.train.trainer: Last model at epoch 748 saved to checkpoints/etas_20260528-111933/last_model_1.pth
2026-05-28 11:20:30,252 INFO src.train.trainer: Epoch 749
2026-05-28 11:20:30,321 INFO src.train.trainer: New best validation loss: -6.6077, saved to checkpoints/etas_20260528-111933/best_model_1.pth
2026-05-28 11:20:30,323 INFO src.train.trainer: Last model at epoch 749 saved to checkpoints/etas_20260528-111933/last_model_1.pth
2026-05-28 11:20:30,323 INFO src.train.trainer: Epoch 750
2026-05-28 11:20:30,387 INFO src.train.trainer: New best validation loss: -6.6077, saved to checkpoints/etas_20260528-111933/best_model_1.pth
2026-05-28 11:20:30,389 INFO src.train.trainer: Last model at epoch 750 saved to checkpoints/etas_20260528-111933/last_model_1.pth
2026-05-28 11:20:30,389 INFO src.train.trainer: Epoch 751
2026-05-28 11:20:30,448 INFO src.train.trainer: Last model at epoch 751 saved to checkpoints/etas_20260528-111933/last_model_1.pth
2026-05-28 11:20:30,448 INFO src.train.trainer: Epoch 752
2026-05-28 11:20:30,505 INFO src.train.trainer: New best validation loss: -6.6078, saved to checkpoints/etas_20260528-111933/best_model_1.pth
2026-05-28 11:20:30,507 INFO src.train.trainer: Last model at epoch 752 saved to checkpoints/etas_20260528-111933/last_model_1.pth
2026-05-28 11:20:30,507 INFO src.train.trainer: Epoch 753
2026-05-28 11:20:30,564 INFO src.train.trainer: Last model at epoch 753 saved to checkpoints/etas_20260528-111933/last_model_1.pth
2026-05-28 11:20:30,564 INFO src.train.trainer: Epoch 754
2026-05-28 11:20:30,627 INFO src.train.trainer: New best validation loss: -6.6080, saved to checkpoints/etas_20260528-111933/best_model_1.pth
2026-05-28 11:20:30,629 INFO src.train.trainer: Last model at epoch 754 saved to checkpoints/etas_20260528-111933/last_model_1.pth
2026-05-28 11:20:30,629 INFO src.train.trainer: Epoch 755
2026-05-28 11:20:30,691 INFO src.train.trainer: Last model at epoch 755 saved to checkpoints/etas_20260528-111933/last_model_1.pth
2026-05-28 11:20:30,692 INFO src.train.trainer: Epoch 756
2026-05-28 11:20:30,753 INFO src.train.trainer: New best validation loss: -6.6081, saved to checkpoints/etas_20260528-111933/best_model_1.pth
2026-05-28 11:20:30,756 INFO src.train.trainer: Last model at epoch 756 saved to checkpoints/etas_20260528-111933/last_model_1.pth
2026-05-28 11:20:30,756 INFO src.train.trainer: Epoch 757
2026-05-28 11:20:30,823 INFO src.train.trainer: Last model at epoch 757 saved to checkpoints/etas_20260528-111933/last_model_1.pth
2026-05-28 11:20:30,823 INFO src.train.trainer: Epoch 758
2026-05-28 11:20:30,889 INFO src.train.trainer: Last model at epoch 758 saved to checkpoints/etas_20260528-111933/last_model_1.pth
2026-05-28 11:20:30,889 INFO src.train.trainer: Epoch 759
2026-05-28 11:20:30,955 INFO src.train.trainer: New best validation loss: -6.6081, saved to checkpoints/etas_20260528-111933/best_model_1.pth
2026-05-28 11:20:30,957 INFO src.train.trainer: Last model at epoch 759 saved to checkpoints/etas_20260528-111933/last_model_1.pth
2026-05-28 11:20:30,958 INFO src.train.trainer: Epoch 760
2026-05-28 11:20:31,023 INFO src.train.trainer: Last model at epoch 760 saved to checkpoints/etas_20260528-111933/last_model_1.pth
2026-05-28 11:20:31,023 INFO src.train.trainer: Epoch 761
2026-05-28 11:20:31,091 INFO src.train.trainer: Last model at epoch 761 saved to checkpoints/etas_20260528-111933/last_model_1.pth
2026-05-28 11:20:31,091 INFO src.train.trainer: Epoch 762
2026-05-28 11:20:31,161 INFO src.train.trainer: Last model at epoch 762 saved to checkpoints/etas_20260528-111933/last_model_1.pth
2026-05-28 11:20:31,161 INFO src.train.trainer: Epoch 763
2026-05-28 11:20:31,232 INFO src.train.trainer: Last model at epoch 763 saved to checkpoints/etas_20260528-111933/last_model_1.pth
2026-05-28 11:20:31,232 INFO src.train.trainer: Epoch 764
2026-05-28 11:20:31,303 INFO src.train.trainer: New best validation loss: -6.6081, saved to checkpoints/etas_20260528-111933/best_model_1.pth
2026-05-28 11:20:31,306 INFO src.train.trainer: Last model at epoch 764 saved to checkpoints/etas_20260528-111933/last_model_1.pth
2026-05-28 11:20:31,306 INFO src.train.trainer: Epoch 765
2026-05-28 11:20:31,377 INFO src.train.trainer: Last model at epoch 765 saved to checkpoints/etas_20260528-111933/last_model_1.pth
2026-05-28 11:20:31,377 INFO src.train.trainer: Epoch 766
2026-05-28 11:20:31,448 INFO src.train.trainer: Last model at epoch 766 saved to checkpoints/etas_20260528-111933/last_model_1.pth
2026-05-28 11:20:31,448 INFO src.train.trainer: Epoch 767
2026-05-28 11:20:31,520 INFO src.train.trainer: New best validation loss: -6.6081, saved to checkpoints/etas_20260528-111933/best_model_1.pth
2026-05-28 11:20:31,523 INFO src.train.trainer: Last model at epoch 767 saved to checkpoints/etas_20260528-111933/last_model_1.pth
2026-05-28 11:20:31,523 INFO src.train.trainer: Epoch 768
2026-05-28 11:20:31,596 INFO src.train.trainer: Last model at epoch 768 saved to checkpoints/etas_20260528-111933/last_model_1.pth
2026-05-28 11:20:31,596 INFO src.train.trainer: Epoch 769
2026-05-28 11:20:31,670 INFO src.train.trainer: Last model at epoch 769 saved to checkpoints/etas_20260528-111933/last_model_1.pth
2026-05-28 11:20:31,670 INFO src.train.trainer: Epoch 770
2026-05-28 11:20:31,746 INFO src.train.trainer: New best validation loss: -6.6081, saved to checkpoints/etas_20260528-111933/best_model_1.pth
2026-05-28 11:20:31,749 INFO src.train.trainer: Last model at epoch 770 saved to checkpoints/etas_20260528-111933/last_model_1.pth
2026-05-28 11:20:31,749 INFO src.train.trainer: Epoch 771
2026-05-28 11:20:31,825 INFO src.train.trainer: Last model at epoch 771 saved to checkpoints/etas_20260528-111933/last_model_1.pth
2026-05-28 11:20:31,825 INFO src.train.trainer: Epoch 772
2026-05-28 11:20:31,902 INFO src.train.trainer: Last model at epoch 772 saved to checkpoints/etas_20260528-111933/last_model_1.pth
2026-05-28 11:20:31,902 INFO src.train.trainer: Epoch 773
2026-05-28 11:20:31,977 INFO src.train.trainer: Last model at epoch 773 saved to checkpoints/etas_20260528-111933/last_model_1.pth
2026-05-28 11:20:31,977 INFO src.train.trainer: Epoch 774
2026-05-28 11:20:32,053 INFO src.train.trainer: Last model at epoch 774 saved to checkpoints/etas_20260528-111933/last_model_1.pth
2026-05-28 11:20:32,053 INFO src.train.trainer: Epoch 775
2026-05-28 11:20:32,130 INFO src.train.trainer: Last model at epoch 775 saved to checkpoints/etas_20260528-111933/last_model_1.pth
2026-05-28 11:20:32,130 INFO src.train.trainer: Epoch 776
2026-05-28 11:20:32,208 INFO src.train.trainer: New best validation loss: -6.6082, saved to checkpoints/etas_20260528-111933/best_model_1.pth
2026-05-28 11:20:32,211 INFO src.train.trainer: Last model at epoch 776 saved to checkpoints/etas_20260528-111933/last_model_1.pth
2026-05-28 11:20:32,211 INFO src.train.trainer: Epoch 777
2026-05-28 11:20:32,287 INFO src.train.trainer: Last model at epoch 777 saved to checkpoints/etas_20260528-111933/last_model_1.pth
2026-05-28 11:20:32,288 INFO src.train.trainer: Epoch 778
2026-05-28 11:20:32,365 INFO src.train.trainer: Last model at epoch 778 saved to checkpoints/etas_20260528-111933/last_model_1.pth
2026-05-28 11:20:32,365 INFO src.train.trainer: Epoch 779
2026-05-28 11:20:32,442 INFO src.train.trainer: New best validation loss: -6.6082, saved to checkpoints/etas_20260528-111933/best_model_1.pth
2026-05-28 11:20:32,446 INFO src.train.trainer: Last model at epoch 779 saved to checkpoints/etas_20260528-111933/last_model_1.pth
2026-05-28 11:20:32,446 INFO src.train.trainer: Epoch 780
2026-05-28 11:20:32,524 INFO src.train.trainer: Last model at epoch 780 saved to checkpoints/etas_20260528-111933/last_model_1.pth
2026-05-28 11:20:32,524 INFO src.train.trainer: Epoch 781
2026-05-28 11:20:32,602 INFO src.train.trainer: New best validation loss: -6.6082, saved to checkpoints/etas_20260528-111933/best_model_1.pth
2026-05-28 11:20:32,605 INFO src.train.trainer: Last model at epoch 781 saved to checkpoints/etas_20260528-111933/last_model_1.pth
2026-05-28 11:20:32,605 INFO src.train.trainer: Epoch 782
2026-05-28 11:20:32,682 INFO src.train.trainer: Last model at epoch 782 saved to checkpoints/etas_20260528-111933/last_model_1.pth
2026-05-28 11:20:32,682 INFO src.train.trainer: Epoch 783
2026-05-28 11:20:32,758 INFO src.train.trainer: Last model at epoch 783 saved to checkpoints/etas_20260528-111933/last_model_1.pth
2026-05-28 11:20:32,759 INFO src.train.trainer: Epoch 784
2026-05-28 11:20:32,835 INFO src.train.trainer: New best validation loss: -6.6082, saved to checkpoints/etas_20260528-111933/best_model_1.pth
2026-05-28 11:20:32,838 INFO src.train.trainer: Last model at epoch 784 saved to checkpoints/etas_20260528-111933/last_model_1.pth
2026-05-28 11:20:32,838 INFO src.train.trainer: Epoch 785
2026-05-28 11:20:32,913 INFO src.train.trainer: Last model at epoch 785 saved to checkpoints/etas_20260528-111933/last_model_1.pth
2026-05-28 11:20:32,914 INFO src.train.trainer: Epoch 786
2026-05-28 11:20:32,987 INFO src.train.trainer: Last model at epoch 786 saved to checkpoints/etas_20260528-111933/last_model_1.pth
2026-05-28 11:20:32,988 INFO src.train.trainer: Epoch 787
2026-05-28 11:20:33,063 INFO src.train.trainer: New best validation loss: -6.6083, saved to checkpoints/etas_20260528-111933/best_model_1.pth
2026-05-28 11:20:33,066 INFO src.train.trainer: Last model at epoch 787 saved to checkpoints/etas_20260528-111933/last_model_1.pth
2026-05-28 11:20:33,066 INFO src.train.trainer: Epoch 788
2026-05-28 11:20:33,142 INFO src.train.trainer: Last model at epoch 788 saved to checkpoints/etas_20260528-111933/last_model_1.pth
2026-05-28 11:20:33,142 INFO src.train.trainer: Epoch 789
2026-05-28 11:20:33,217 INFO src.train.trainer: Last model at epoch 789 saved to checkpoints/etas_20260528-111933/last_model_1.pth
2026-05-28 11:20:33,217 INFO src.train.trainer: Epoch 790
2026-05-28 11:20:33,293 INFO src.train.trainer: New best validation loss: -6.6083, saved to checkpoints/etas_20260528-111933/best_model_1.pth
2026-05-28 11:20:33,296 INFO src.train.trainer: Last model at epoch 790 saved to checkpoints/etas_20260528-111933/last_model_1.pth
2026-05-28 11:20:33,296 INFO src.train.trainer: Epoch 791
2026-05-28 11:20:33,370 INFO src.train.trainer: Last model at epoch 791 saved to checkpoints/etas_20260528-111933/last_model_1.pth
2026-05-28 11:20:33,371 INFO src.train.trainer: Epoch 792
2026-05-28 11:20:33,446 INFO src.train.trainer: New best validation loss: -6.6083, saved to checkpoints/etas_20260528-111933/best_model_1.pth
2026-05-28 11:20:33,449 INFO src.train.trainer: Last model at epoch 792 saved to checkpoints/etas_20260528-111933/last_model_1.pth
2026-05-28 11:20:33,449 INFO src.train.trainer: Epoch 793
2026-05-28 11:20:33,526 INFO src.train.trainer: Last model at epoch 793 saved to checkpoints/etas_20260528-111933/last_model_1.pth
2026-05-28 11:20:33,526 INFO src.train.trainer: Epoch 794
2026-05-28 11:20:33,603 INFO src.train.trainer: Last model at epoch 794 saved to checkpoints/etas_20260528-111933/last_model_1.pth
2026-05-28 11:20:33,603 INFO src.train.trainer: Epoch 795
2026-05-28 11:20:33,680 INFO src.train.trainer: New best validation loss: -6.6083, saved to checkpoints/etas_20260528-111933/best_model_1.pth
2026-05-28 11:20:33,683 INFO src.train.trainer: Last model at epoch 795 saved to checkpoints/etas_20260528-111933/last_model_1.pth
2026-05-28 11:20:33,684 INFO src.train.trainer: Epoch 796
2026-05-28 11:20:33,760 INFO src.train.trainer: Last model at epoch 796 saved to checkpoints/etas_20260528-111933/last_model_1.pth
2026-05-28 11:20:33,760 INFO src.train.trainer: Epoch 797
2026-05-28 11:20:33,836 INFO src.train.trainer: Last model at epoch 797 saved to checkpoints/etas_20260528-111933/last_model_1.pth
2026-05-28 11:20:33,836 INFO src.train.trainer: Epoch 798
2026-05-28 11:20:33,912 INFO src.train.trainer: New best validation loss: -6.6083, saved to checkpoints/etas_20260528-111933/best_model_1.pth
2026-05-28 11:20:33,916 INFO src.train.trainer: Last model at epoch 798 saved to checkpoints/etas_20260528-111933/last_model_1.pth
2026-05-28 11:20:33,916 INFO src.train.trainer: Epoch 799
2026-05-28 11:20:33,992 INFO src.train.trainer: Last model at epoch 799 saved to checkpoints/etas_20260528-111933/last_model_1.pth
2026-05-28 11:20:33,992 INFO src.train.trainer: Epoch 800
2026-05-28 11:20:34,073 INFO src.train.trainer: New best validation loss: -6.6083, saved to checkpoints/etas_20260528-111933/best_model_1.pth
2026-05-28 11:20:34,076 INFO src.train.trainer: Last model at epoch 800 saved to checkpoints/etas_20260528-111933/last_model_1.pth
2026-05-28 11:20:34,076 INFO src.train.trainer: Epoch 801
2026-05-28 11:20:34,152 INFO src.train.trainer: Last model at epoch 801 saved to checkpoints/etas_20260528-111933/last_model_1.pth
2026-05-28 11:20:34,152 INFO src.train.trainer: Epoch 802
2026-05-28 11:20:34,227 INFO src.train.trainer: New best validation loss: -6.6083, saved to checkpoints/etas_20260528-111933/best_model_1.pth
2026-05-28 11:20:34,230 INFO src.train.trainer: Last model at epoch 802 saved to checkpoints/etas_20260528-111933/last_model_1.pth
2026-05-28 11:20:34,230 INFO src.train.trainer: Epoch 803
2026-05-28 11:20:34,305 INFO src.train.trainer: New best validation loss: -6.6084, saved to checkpoints/etas_20260528-111933/best_model_1.pth
2026-05-28 11:20:34,308 INFO src.train.trainer: Last model at epoch 803 saved to checkpoints/etas_20260528-111933/last_model_1.pth
2026-05-28 11:20:34,308 INFO src.train.trainer: Epoch 804
2026-05-28 11:20:34,383 INFO src.train.trainer: Last model at epoch 804 saved to checkpoints/etas_20260528-111933/last_model_1.pth
2026-05-28 11:20:34,383 INFO src.train.trainer: Epoch 805
2026-05-28 11:20:34,458 INFO src.train.trainer: New best validation loss: -6.6084, saved to checkpoints/etas_20260528-111933/best_model_1.pth
2026-05-28 11:20:34,461 INFO src.train.trainer: Last model at epoch 805 saved to checkpoints/etas_20260528-111933/last_model_1.pth
2026-05-28 11:20:34,461 INFO src.train.trainer: Epoch 806
2026-05-28 11:20:34,538 INFO src.train.trainer: Last model at epoch 806 saved to checkpoints/etas_20260528-111933/last_model_1.pth
2026-05-28 11:20:34,538 INFO src.train.trainer: Epoch 807
2026-05-28 11:20:34,618 INFO src.train.trainer: New best validation loss: -6.6084, saved to checkpoints/etas_20260528-111933/best_model_1.pth
2026-05-28 11:20:34,621 INFO src.train.trainer: Last model at epoch 807 saved to checkpoints/etas_20260528-111933/last_model_1.pth
2026-05-28 11:20:34,621 INFO src.train.trainer: Epoch 808
2026-05-28 11:20:34,695 INFO src.train.trainer: New best validation loss: -6.6084, saved to checkpoints/etas_20260528-111933/best_model_1.pth
2026-05-28 11:20:34,698 INFO src.train.trainer: Last model at epoch 808 saved to checkpoints/etas_20260528-111933/last_model_1.pth
2026-05-28 11:20:34,698 INFO src.train.trainer: Epoch 809
2026-05-28 11:20:34,776 INFO src.train.trainer: Last model at epoch 809 saved to checkpoints/etas_20260528-111933/last_model_1.pth
2026-05-28 11:20:34,776 INFO src.train.trainer: Epoch 810
2026-05-28 11:20:34,850 INFO src.train.trainer: New best validation loss: -6.6085, saved to checkpoints/etas_20260528-111933/best_model_1.pth
2026-05-28 11:20:34,853 INFO src.train.trainer: Last model at epoch 810 saved to checkpoints/etas_20260528-111933/last_model_1.pth
2026-05-28 11:20:34,853 INFO src.train.trainer: Epoch 811
2026-05-28 11:20:34,929 INFO src.train.trainer: Last model at epoch 811 saved to checkpoints/etas_20260528-111933/last_model_1.pth
2026-05-28 11:20:34,929 INFO src.train.trainer: Epoch 812
2026-05-28 11:20:35,006 INFO src.train.trainer: New best validation loss: -6.6085, saved to checkpoints/etas_20260528-111933/best_model_1.pth
2026-05-28 11:20:35,009 INFO src.train.trainer: Last model at epoch 812 saved to checkpoints/etas_20260528-111933/last_model_1.pth
2026-05-28 11:20:35,009 INFO src.train.trainer: Epoch 813
2026-05-28 11:20:35,085 INFO src.train.trainer: Last model at epoch 813 saved to checkpoints/etas_20260528-111933/last_model_1.pth
2026-05-28 11:20:35,085 INFO src.train.trainer: Epoch 814
2026-05-28 11:20:35,160 INFO src.train.trainer: New best validation loss: -6.6085, saved to checkpoints/etas_20260528-111933/best_model_1.pth
2026-05-28 11:20:35,163 INFO src.train.trainer: Last model at epoch 814 saved to checkpoints/etas_20260528-111933/last_model_1.pth
2026-05-28 11:20:35,164 INFO src.train.trainer: Epoch 815
2026-05-28 11:20:35,239 INFO src.train.trainer: New best validation loss: -6.6085, saved to checkpoints/etas_20260528-111933/best_model_1.pth
2026-05-28 11:20:35,242 INFO src.train.trainer: Last model at epoch 815 saved to checkpoints/etas_20260528-111933/last_model_1.pth
2026-05-28 11:20:35,242 INFO src.train.trainer: Epoch 816
2026-05-28 11:20:35,317 INFO src.train.trainer: New best validation loss: -6.6085, saved to checkpoints/etas_20260528-111933/best_model_1.pth
2026-05-28 11:20:35,321 INFO src.train.trainer: Last model at epoch 816 saved to checkpoints/etas_20260528-111933/last_model_1.pth
2026-05-28 11:20:35,321 INFO src.train.trainer: Epoch 817
2026-05-28 11:20:35,396 INFO src.train.trainer: New best validation loss: -6.6085, saved to checkpoints/etas_20260528-111933/best_model_1.pth
2026-05-28 11:20:35,399 INFO src.train.trainer: Last model at epoch 817 saved to checkpoints/etas_20260528-111933/last_model_1.pth
2026-05-28 11:20:35,399 INFO src.train.trainer: Epoch 818
2026-05-28 11:20:35,474 INFO src.train.trainer: Last model at epoch 818 saved to checkpoints/etas_20260528-111933/last_model_1.pth
2026-05-28 11:20:35,474 INFO src.train.trainer: Epoch 819
2026-05-28 11:20:35,550 INFO src.train.trainer: New best validation loss: -6.6085, saved to checkpoints/etas_20260528-111933/best_model_1.pth
2026-05-28 11:20:35,553 INFO src.train.trainer: Last model at epoch 819 saved to checkpoints/etas_20260528-111933/last_model_1.pth
2026-05-28 11:20:35,553 INFO src.train.trainer: Epoch 820
2026-05-28 11:20:35,628 INFO src.train.trainer: Last model at epoch 820 saved to checkpoints/etas_20260528-111933/last_model_1.pth
2026-05-28 11:20:35,628 INFO src.train.trainer: Epoch 821
2026-05-28 11:20:35,705 INFO src.train.trainer: New best validation loss: -6.6086, saved to checkpoints/etas_20260528-111933/best_model_1.pth
2026-05-28 11:20:35,708 INFO src.train.trainer: Last model at epoch 821 saved to checkpoints/etas_20260528-111933/last_model_1.pth
2026-05-28 11:20:35,708 INFO src.train.trainer: Epoch 822
2026-05-28 11:20:35,784 INFO src.train.trainer: Last model at epoch 822 saved to checkpoints/etas_20260528-111933/last_model_1.pth
2026-05-28 11:20:35,784 INFO src.train.trainer: Epoch 823
2026-05-28 11:20:35,858 INFO src.train.trainer: New best validation loss: -6.6086, saved to checkpoints/etas_20260528-111933/best_model_1.pth
2026-05-28 11:20:35,862 INFO src.train.trainer: Last model at epoch 823 saved to checkpoints/etas_20260528-111933/last_model_1.pth
2026-05-28 11:20:35,862 INFO src.train.trainer: Epoch 824
2026-05-28 11:20:35,937 INFO src.train.trainer: Last model at epoch 824 saved to checkpoints/etas_20260528-111933/last_model_1.pth
2026-05-28 11:20:35,937 INFO src.train.trainer: Epoch 825
2026-05-28 11:20:36,012 INFO src.train.trainer: New best validation loss: -6.6087, saved to checkpoints/etas_20260528-111933/best_model_1.pth
2026-05-28 11:20:36,015 INFO src.train.trainer: Last model at epoch 825 saved to checkpoints/etas_20260528-111933/last_model_1.pth
2026-05-28 11:20:36,015 INFO src.train.trainer: Epoch 826
2026-05-28 11:20:36,091 INFO src.train.trainer: Last model at epoch 826 saved to checkpoints/etas_20260528-111933/last_model_1.pth
2026-05-28 11:20:36,091 INFO src.train.trainer: Epoch 827
2026-05-28 11:20:36,169 INFO src.train.trainer: New best validation loss: -6.6087, saved to checkpoints/etas_20260528-111933/best_model_1.pth
2026-05-28 11:20:36,172 INFO src.train.trainer: Last model at epoch 827 saved to checkpoints/etas_20260528-111933/last_model_1.pth
2026-05-28 11:20:36,172 INFO src.train.trainer: Epoch 828
2026-05-28 11:20:36,247 INFO src.train.trainer: Last model at epoch 828 saved to checkpoints/etas_20260528-111933/last_model_1.pth
2026-05-28 11:20:36,247 INFO src.train.trainer: Epoch 829
2026-05-28 11:20:36,322 INFO src.train.trainer: New best validation loss: -6.6088, saved to checkpoints/etas_20260528-111933/best_model_1.pth
2026-05-28 11:20:36,325 INFO src.train.trainer: Last model at epoch 829 saved to checkpoints/etas_20260528-111933/last_model_1.pth
2026-05-28 11:20:36,325 INFO src.train.trainer: Epoch 830
2026-05-28 11:20:36,401 INFO src.train.trainer: Last model at epoch 830 saved to checkpoints/etas_20260528-111933/last_model_1.pth
2026-05-28 11:20:36,401 INFO src.train.trainer: Epoch 831
2026-05-28 11:20:36,478 INFO src.train.trainer: Last model at epoch 831 saved to checkpoints/etas_20260528-111933/last_model_1.pth
2026-05-28 11:20:36,478 INFO src.train.trainer: Epoch 832
2026-05-28 11:20:36,556 INFO src.train.trainer: Last model at epoch 832 saved to checkpoints/etas_20260528-111933/last_model_1.pth
2026-05-28 11:20:36,556 INFO src.train.trainer: Epoch 833
2026-05-28 11:20:36,635 INFO src.train.trainer: Last model at epoch 833 saved to checkpoints/etas_20260528-111933/last_model_1.pth
2026-05-28 11:20:36,635 INFO src.train.trainer: Epoch 834
2026-05-28 11:20:36,712 INFO src.train.trainer: New best validation loss: -6.6088, saved to checkpoints/etas_20260528-111933/best_model_1.pth
2026-05-28 11:20:36,715 INFO src.train.trainer: Last model at epoch 834 saved to checkpoints/etas_20260528-111933/last_model_1.pth
2026-05-28 11:20:36,715 INFO src.train.trainer: Epoch 835
2026-05-28 11:20:36,792 INFO src.train.trainer: Last model at epoch 835 saved to checkpoints/etas_20260528-111933/last_model_1.pth
2026-05-28 11:20:36,792 INFO src.train.trainer: Epoch 836
2026-05-28 11:20:36,869 INFO src.train.trainer: Last model at epoch 836 saved to checkpoints/etas_20260528-111933/last_model_1.pth
2026-05-28 11:20:36,869 INFO src.train.trainer: Epoch 837
2026-05-28 11:20:36,948 INFO src.train.trainer: Last model at epoch 837 saved to checkpoints/etas_20260528-111933/last_model_1.pth
2026-05-28 11:20:36,948 INFO src.train.trainer: Epoch 838
2026-05-28 11:20:37,024 INFO src.train.trainer: Last model at epoch 838 saved to checkpoints/etas_20260528-111933/last_model_1.pth
2026-05-28 11:20:37,025 INFO src.train.trainer: Epoch 839
2026-05-28 11:20:37,102 INFO src.train.trainer: New best validation loss: -6.6089, saved to checkpoints/etas_20260528-111933/best_model_1.pth
2026-05-28 11:20:37,105 INFO src.train.trainer: Last model at epoch 839 saved to checkpoints/etas_20260528-111933/last_model_1.pth
2026-05-28 11:20:37,106 INFO src.train.trainer: Epoch 840
2026-05-28 11:20:37,181 INFO src.train.trainer: Last model at epoch 840 saved to checkpoints/etas_20260528-111933/last_model_1.pth
2026-05-28 11:20:37,181 INFO src.train.trainer: Epoch 841
2026-05-28 11:20:37,258 INFO src.train.trainer: Last model at epoch 841 saved to checkpoints/etas_20260528-111933/last_model_1.pth
2026-05-28 11:20:37,258 INFO src.train.trainer: Epoch 842
2026-05-28 11:20:37,335 INFO src.train.trainer: Last model at epoch 842 saved to checkpoints/etas_20260528-111933/last_model_1.pth
2026-05-28 11:20:37,336 INFO src.train.trainer: Epoch 843
2026-05-28 11:20:37,413 INFO src.train.trainer: Last model at epoch 843 saved to checkpoints/etas_20260528-111933/last_model_1.pth
2026-05-28 11:20:37,413 INFO src.train.trainer: Epoch 844
2026-05-28 11:20:37,490 INFO src.train.trainer: New best validation loss: -6.6089, saved to checkpoints/etas_20260528-111933/best_model_1.pth
2026-05-28 11:20:37,494 INFO src.train.trainer: Last model at epoch 844 saved to checkpoints/etas_20260528-111933/last_model_1.pth
2026-05-28 11:20:37,494 INFO src.train.trainer: Epoch 845
2026-05-28 11:20:37,570 INFO src.train.trainer: Last model at epoch 845 saved to checkpoints/etas_20260528-111933/last_model_1.pth
2026-05-28 11:20:37,570 INFO src.train.trainer: Epoch 846
2026-05-28 11:20:37,647 INFO src.train.trainer: Last model at epoch 846 saved to checkpoints/etas_20260528-111933/last_model_1.pth
2026-05-28 11:20:37,647 INFO src.train.trainer: Epoch 847
2026-05-28 11:20:37,723 INFO src.train.trainer: New best validation loss: -6.6089, saved to checkpoints/etas_20260528-111933/best_model_1.pth
2026-05-28 11:20:37,727 INFO src.train.trainer: Last model at epoch 847 saved to checkpoints/etas_20260528-111933/last_model_1.pth
2026-05-28 11:20:37,727 INFO src.train.trainer: Epoch 848
2026-05-28 11:20:37,803 INFO src.train.trainer: Last model at epoch 848 saved to checkpoints/etas_20260528-111933/last_model_1.pth
2026-05-28 11:20:37,803 INFO src.train.trainer: Epoch 849
2026-05-28 11:20:37,880 INFO src.train.trainer: New best validation loss: -6.6090, saved to checkpoints/etas_20260528-111933/best_model_1.pth
2026-05-28 11:20:37,883 INFO src.train.trainer: Last model at epoch 849 saved to checkpoints/etas_20260528-111933/last_model_1.pth
2026-05-28 11:20:37,884 INFO src.train.trainer: Epoch 850
2026-05-28 11:20:37,957 INFO src.train.trainer: Last model at epoch 850 saved to checkpoints/etas_20260528-111933/last_model_1.pth
2026-05-28 11:20:37,957 INFO src.train.trainer: Epoch 851
2026-05-28 11:20:38,030 INFO src.train.trainer: Last model at epoch 851 saved to checkpoints/etas_20260528-111933/last_model_1.pth
2026-05-28 11:20:38,030 INFO src.train.trainer: Epoch 852
2026-05-28 11:20:38,109 INFO src.train.trainer: New best validation loss: -6.6090, saved to checkpoints/etas_20260528-111933/best_model_1.pth
2026-05-28 11:20:38,112 INFO src.train.trainer: Last model at epoch 852 saved to checkpoints/etas_20260528-111933/last_model_1.pth
2026-05-28 11:20:38,112 INFO src.train.trainer: Epoch 853
2026-05-28 11:20:38,185 INFO src.train.trainer: Last model at epoch 853 saved to checkpoints/etas_20260528-111933/last_model_1.pth
2026-05-28 11:20:38,186 INFO src.train.trainer: Epoch 854
2026-05-28 11:20:38,262 INFO src.train.trainer: New best validation loss: -6.6091, saved to checkpoints/etas_20260528-111933/best_model_1.pth
2026-05-28 11:20:38,265 INFO src.train.trainer: Last model at epoch 854 saved to checkpoints/etas_20260528-111933/last_model_1.pth
2026-05-28 11:20:38,265 INFO src.train.trainer: Epoch 855
2026-05-28 11:20:38,341 INFO src.train.trainer: Last model at epoch 855 saved to checkpoints/etas_20260528-111933/last_model_1.pth
2026-05-28 11:20:38,342 INFO src.train.trainer: Epoch 856
2026-05-28 11:20:38,420 INFO src.train.trainer: Last model at epoch 856 saved to checkpoints/etas_20260528-111933/last_model_1.pth
2026-05-28 11:20:38,420 INFO src.train.trainer: Epoch 857
2026-05-28 11:20:38,498 INFO src.train.trainer: New best validation loss: -6.6091, saved to checkpoints/etas_20260528-111933/best_model_1.pth
2026-05-28 11:20:38,501 INFO src.train.trainer: Last model at epoch 857 saved to checkpoints/etas_20260528-111933/last_model_1.pth
2026-05-28 11:20:38,501 INFO src.train.trainer: Epoch 858
2026-05-28 11:20:38,578 INFO src.train.trainer: New best validation loss: -6.6091, saved to checkpoints/etas_20260528-111933/best_model_1.pth
2026-05-28 11:20:38,581 INFO src.train.trainer: Last model at epoch 858 saved to checkpoints/etas_20260528-111933/last_model_1.pth
2026-05-28 11:20:38,581 INFO src.train.trainer: Epoch 859
2026-05-28 11:20:38,657 INFO src.train.trainer: New best validation loss: -6.6091, saved to checkpoints/etas_20260528-111933/best_model_1.pth
2026-05-28 11:20:38,660 INFO src.train.trainer: Last model at epoch 859 saved to checkpoints/etas_20260528-111933/last_model_1.pth
2026-05-28 11:20:38,660 INFO src.train.trainer: Epoch 860
2026-05-28 11:20:38,735 INFO src.train.trainer: Last model at epoch 860 saved to checkpoints/etas_20260528-111933/last_model_1.pth
2026-05-28 11:20:38,736 INFO src.train.trainer: Epoch 861
2026-05-28 11:20:38,811 INFO src.train.trainer: New best validation loss: -6.6091, saved to checkpoints/etas_20260528-111933/best_model_1.pth
2026-05-28 11:20:38,814 INFO src.train.trainer: Last model at epoch 861 saved to checkpoints/etas_20260528-111933/last_model_1.pth
2026-05-28 11:20:38,814 INFO src.train.trainer: Epoch 862
2026-05-28 11:20:38,886 INFO src.train.trainer: Last model at epoch 862 saved to checkpoints/etas_20260528-111933/last_model_1.pth
2026-05-28 11:20:38,887 INFO src.train.trainer: Epoch 863
2026-05-28 11:20:38,957 INFO src.train.trainer: New best validation loss: -6.6092, saved to checkpoints/etas_20260528-111933/best_model_1.pth
2026-05-28 11:20:38,960 INFO src.train.trainer: Last model at epoch 863 saved to checkpoints/etas_20260528-111933/last_model_1.pth
2026-05-28 11:20:38,960 INFO src.train.trainer: Epoch 864
2026-05-28 11:20:39,033 INFO src.train.trainer: Last model at epoch 864 saved to checkpoints/etas_20260528-111933/last_model_1.pth
2026-05-28 11:20:39,033 INFO src.train.trainer: Epoch 865
2026-05-28 11:20:39,104 INFO src.train.trainer: New best validation loss: -6.6092, saved to checkpoints/etas_20260528-111933/best_model_1.pth
2026-05-28 11:20:39,107 INFO src.train.trainer: Last model at epoch 865 saved to checkpoints/etas_20260528-111933/last_model_1.pth
2026-05-28 11:20:39,107 INFO src.train.trainer: Epoch 866
2026-05-28 11:20:39,180 INFO src.train.trainer: New best validation loss: -6.6092, saved to checkpoints/etas_20260528-111933/best_model_1.pth
2026-05-28 11:20:39,182 INFO src.train.trainer: Last model at epoch 866 saved to checkpoints/etas_20260528-111933/last_model_1.pth
2026-05-28 11:20:39,183 INFO src.train.trainer: Epoch 867
2026-05-28 11:20:39,253 INFO src.train.trainer: New best validation loss: -6.6092, saved to checkpoints/etas_20260528-111933/best_model_1.pth
2026-05-28 11:20:39,256 INFO src.train.trainer: Last model at epoch 867 saved to checkpoints/etas_20260528-111933/last_model_1.pth
2026-05-28 11:20:39,256 INFO src.train.trainer: Epoch 868
2026-05-28 11:20:39,327 INFO src.train.trainer: New best validation loss: -6.6093, saved to checkpoints/etas_20260528-111933/best_model_1.pth
2026-05-28 11:20:39,330 INFO src.train.trainer: Last model at epoch 868 saved to checkpoints/etas_20260528-111933/last_model_1.pth
2026-05-28 11:20:39,330 INFO src.train.trainer: Epoch 869
2026-05-28 11:20:39,402 INFO src.train.trainer: Last model at epoch 869 saved to checkpoints/etas_20260528-111933/last_model_1.pth
2026-05-28 11:20:39,402 INFO src.train.trainer: Epoch 870
2026-05-28 11:20:39,477 INFO src.train.trainer: New best validation loss: -6.6093, saved to checkpoints/etas_20260528-111933/best_model_1.pth
2026-05-28 11:20:39,480 INFO src.train.trainer: Last model at epoch 870 saved to checkpoints/etas_20260528-111933/last_model_1.pth
2026-05-28 11:20:39,480 INFO src.train.trainer: Epoch 871
2026-05-28 11:20:39,555 INFO src.train.trainer: Last model at epoch 871 saved to checkpoints/etas_20260528-111933/last_model_1.pth
2026-05-28 11:20:39,555 INFO src.train.trainer: Epoch 872
2026-05-28 11:20:39,630 INFO src.train.trainer: New best validation loss: -6.6094, saved to checkpoints/etas_20260528-111933/best_model_1.pth
2026-05-28 11:20:39,633 INFO src.train.trainer: Last model at epoch 872 saved to checkpoints/etas_20260528-111933/last_model_1.pth
2026-05-28 11:20:39,633 INFO src.train.trainer: Epoch 873
2026-05-28 11:20:39,708 INFO src.train.trainer: Last model at epoch 873 saved to checkpoints/etas_20260528-111933/last_model_1.pth
2026-05-28 11:20:39,708 INFO src.train.trainer: Epoch 874
2026-05-28 11:20:39,782 INFO src.train.trainer: New best validation loss: -6.6094, saved to checkpoints/etas_20260528-111933/best_model_1.pth
2026-05-28 11:20:39,785 INFO src.train.trainer: Last model at epoch 874 saved to checkpoints/etas_20260528-111933/last_model_1.pth
2026-05-28 11:20:39,786 INFO src.train.trainer: Epoch 875
2026-05-28 11:20:39,861 INFO src.train.trainer: Last model at epoch 875 saved to checkpoints/etas_20260528-111933/last_model_1.pth
2026-05-28 11:20:39,861 INFO src.train.trainer: Epoch 876
2026-05-28 11:20:39,938 INFO src.train.trainer: New best validation loss: -6.6095, saved to checkpoints/etas_20260528-111933/best_model_1.pth
2026-05-28 11:20:39,941 INFO src.train.trainer: Last model at epoch 876 saved to checkpoints/etas_20260528-111933/last_model_1.pth
2026-05-28 11:20:39,941 INFO src.train.trainer: Epoch 877
2026-05-28 11:20:40,016 INFO src.train.trainer: Last model at epoch 877 saved to checkpoints/etas_20260528-111933/last_model_1.pth
2026-05-28 11:20:40,016 INFO src.train.trainer: Epoch 878
2026-05-28 11:20:40,091 INFO src.train.trainer: Last model at epoch 878 saved to checkpoints/etas_20260528-111933/last_model_1.pth
2026-05-28 11:20:40,091 INFO src.train.trainer: Epoch 879
2026-05-28 11:20:40,166 INFO src.train.trainer: Last model at epoch 879 saved to checkpoints/etas_20260528-111933/last_model_1.pth
2026-05-28 11:20:40,166 INFO src.train.trainer: Epoch 880
2026-05-28 11:20:40,241 INFO src.train.trainer: Last model at epoch 880 saved to checkpoints/etas_20260528-111933/last_model_1.pth
2026-05-28 11:20:40,241 INFO src.train.trainer: Epoch 881
2026-05-28 11:20:40,315 INFO src.train.trainer: New best validation loss: -6.6095, saved to checkpoints/etas_20260528-111933/best_model_1.pth
2026-05-28 11:20:40,318 INFO src.train.trainer: Last model at epoch 881 saved to checkpoints/etas_20260528-111933/last_model_1.pth
2026-05-28 11:20:40,319 INFO src.train.trainer: Epoch 882
2026-05-28 11:20:40,393 INFO src.train.trainer: Last model at epoch 882 saved to checkpoints/etas_20260528-111933/last_model_1.pth
2026-05-28 11:20:40,393 INFO src.train.trainer: Epoch 883
2026-05-28 11:20:40,468 INFO src.train.trainer: New best validation loss: -6.6096, saved to checkpoints/etas_20260528-111933/best_model_1.pth
2026-05-28 11:20:40,471 INFO src.train.trainer: Last model at epoch 883 saved to checkpoints/etas_20260528-111933/last_model_1.pth
2026-05-28 11:20:40,471 INFO src.train.trainer: Epoch 884
2026-05-28 11:20:40,547 INFO src.train.trainer: Last model at epoch 884 saved to checkpoints/etas_20260528-111933/last_model_1.pth
2026-05-28 11:20:40,547 INFO src.train.trainer: Epoch 885
2026-05-28 11:20:40,620 INFO src.train.trainer: New best validation loss: -6.6096, saved to checkpoints/etas_20260528-111933/best_model_1.pth
2026-05-28 11:20:40,623 INFO src.train.trainer: Last model at epoch 885 saved to checkpoints/etas_20260528-111933/last_model_1.pth
2026-05-28 11:20:40,623 INFO src.train.trainer: Epoch 886
2026-05-28 11:20:40,697 INFO src.train.trainer: New best validation loss: -6.6096, saved to checkpoints/etas_20260528-111933/best_model_1.pth
2026-05-28 11:20:40,700 INFO src.train.trainer: Last model at epoch 886 saved to checkpoints/etas_20260528-111933/last_model_1.pth
2026-05-28 11:20:40,700 INFO src.train.trainer: Epoch 887
2026-05-28 11:20:40,773 INFO src.train.trainer: Last model at epoch 887 saved to checkpoints/etas_20260528-111933/last_model_1.pth
2026-05-28 11:20:40,773 INFO src.train.trainer: Epoch 888
2026-05-28 11:20:40,846 INFO src.train.trainer: New best validation loss: -6.6097, saved to checkpoints/etas_20260528-111933/best_model_1.pth
2026-05-28 11:20:40,849 INFO src.train.trainer: Last model at epoch 888 saved to checkpoints/etas_20260528-111933/last_model_1.pth
2026-05-28 11:20:40,849 INFO src.train.trainer: Epoch 889
2026-05-28 11:20:40,922 INFO src.train.trainer: Last model at epoch 889 saved to checkpoints/etas_20260528-111933/last_model_1.pth
2026-05-28 11:20:40,922 INFO src.train.trainer: Epoch 890
2026-05-28 11:20:40,997 INFO src.train.trainer: New best validation loss: -6.6097, saved to checkpoints/etas_20260528-111933/best_model_1.pth
2026-05-28 11:20:41,000 INFO src.train.trainer: Last model at epoch 890 saved to checkpoints/etas_20260528-111933/last_model_1.pth
2026-05-28 11:20:41,000 INFO src.train.trainer: Epoch 891
2026-05-28 11:20:41,074 INFO src.train.trainer: New best validation loss: -6.6097, saved to checkpoints/etas_20260528-111933/best_model_1.pth
2026-05-28 11:20:41,077 INFO src.train.trainer: Last model at epoch 891 saved to checkpoints/etas_20260528-111933/last_model_1.pth
2026-05-28 11:20:41,078 INFO src.train.trainer: Epoch 892
2026-05-28 11:20:41,152 INFO src.train.trainer: New best validation loss: -6.6097, saved to checkpoints/etas_20260528-111933/best_model_1.pth
2026-05-28 11:20:41,155 INFO src.train.trainer: Last model at epoch 892 saved to checkpoints/etas_20260528-111933/last_model_1.pth
2026-05-28 11:20:41,155 INFO src.train.trainer: Epoch 893
2026-05-28 11:20:41,232 INFO src.train.trainer: New best validation loss: -6.6098, saved to checkpoints/etas_20260528-111933/best_model_1.pth
2026-05-28 11:20:41,235 INFO src.train.trainer: Last model at epoch 893 saved to checkpoints/etas_20260528-111933/last_model_1.pth
2026-05-28 11:20:41,235 INFO src.train.trainer: Epoch 894
2026-05-28 11:20:41,313 INFO src.train.trainer: New best validation loss: -6.6098, saved to checkpoints/etas_20260528-111933/best_model_1.pth
2026-05-28 11:20:41,316 INFO src.train.trainer: Last model at epoch 894 saved to checkpoints/etas_20260528-111933/last_model_1.pth
2026-05-28 11:20:41,316 INFO src.train.trainer: Epoch 895
2026-05-28 11:20:41,393 INFO src.train.trainer: New best validation loss: -6.6098, saved to checkpoints/etas_20260528-111933/best_model_1.pth
2026-05-28 11:20:41,397 INFO src.train.trainer: Last model at epoch 895 saved to checkpoints/etas_20260528-111933/last_model_1.pth
2026-05-28 11:20:41,397 INFO src.train.trainer: Epoch 896
2026-05-28 11:20:41,476 INFO src.train.trainer: Last model at epoch 896 saved to checkpoints/etas_20260528-111933/last_model_1.pth
2026-05-28 11:20:41,476 INFO src.train.trainer: Epoch 897
2026-05-28 11:20:41,551 INFO src.train.trainer: New best validation loss: -6.6098, saved to checkpoints/etas_20260528-111933/best_model_1.pth
2026-05-28 11:20:41,554 INFO src.train.trainer: Last model at epoch 897 saved to checkpoints/etas_20260528-111933/last_model_1.pth
2026-05-28 11:20:41,554 INFO src.train.trainer: Epoch 898
2026-05-28 11:20:41,624 INFO src.train.trainer: New best validation loss: -6.6099, saved to checkpoints/etas_20260528-111933/best_model_1.pth
2026-05-28 11:20:41,626 INFO src.train.trainer: Last model at epoch 898 saved to checkpoints/etas_20260528-111933/last_model_1.pth
2026-05-28 11:20:41,627 INFO src.train.trainer: Epoch 899
2026-05-28 11:20:41,697 INFO src.train.trainer: New best validation loss: -6.6099, saved to checkpoints/etas_20260528-111933/best_model_1.pth
2026-05-28 11:20:41,700 INFO src.train.trainer: Last model at epoch 899 saved to checkpoints/etas_20260528-111933/last_model_1.pth
2026-05-28 11:20:41,700 INFO src.train.trainer: Epoch 900
2026-05-28 11:20:41,769 INFO src.train.trainer: New best validation loss: -6.6099, saved to checkpoints/etas_20260528-111933/best_model_1.pth
2026-05-28 11:20:41,772 INFO src.train.trainer: Last model at epoch 900 saved to checkpoints/etas_20260528-111933/last_model_1.pth
2026-05-28 11:20:41,772 INFO src.train.trainer: Epoch 901
2026-05-28 11:20:41,839 INFO src.train.trainer: New best validation loss: -6.6099, saved to checkpoints/etas_20260528-111933/best_model_1.pth
2026-05-28 11:20:41,841 INFO src.train.trainer: Last model at epoch 901 saved to checkpoints/etas_20260528-111933/last_model_1.pth
2026-05-28 11:20:41,841 INFO src.train.trainer: Epoch 902
2026-05-28 11:20:41,907 INFO src.train.trainer: New best validation loss: -6.6099, saved to checkpoints/etas_20260528-111933/best_model_1.pth
2026-05-28 11:20:41,910 INFO src.train.trainer: Last model at epoch 902 saved to checkpoints/etas_20260528-111933/last_model_1.pth
2026-05-28 11:20:41,910 INFO src.train.trainer: Epoch 903
2026-05-28 11:20:41,975 INFO src.train.trainer: New best validation loss: -6.6100, saved to checkpoints/etas_20260528-111933/best_model_1.pth
2026-05-28 11:20:41,978 INFO src.train.trainer: Last model at epoch 903 saved to checkpoints/etas_20260528-111933/last_model_1.pth
2026-05-28 11:20:41,978 INFO src.train.trainer: Epoch 904
2026-05-28 11:20:42,044 INFO src.train.trainer: New best validation loss: -6.6100, saved to checkpoints/etas_20260528-111933/best_model_1.pth
2026-05-28 11:20:42,047 INFO src.train.trainer: Last model at epoch 904 saved to checkpoints/etas_20260528-111933/last_model_1.pth
2026-05-28 11:20:42,047 INFO src.train.trainer: Epoch 905
2026-05-28 11:20:42,113 INFO src.train.trainer: New best validation loss: -6.6100, saved to checkpoints/etas_20260528-111933/best_model_1.pth
2026-05-28 11:20:42,115 INFO src.train.trainer: Last model at epoch 905 saved to checkpoints/etas_20260528-111933/last_model_1.pth
2026-05-28 11:20:42,115 INFO src.train.trainer: Epoch 906
2026-05-28 11:20:42,182 INFO src.train.trainer: New best validation loss: -6.6100, saved to checkpoints/etas_20260528-111933/best_model_1.pth
2026-05-28 11:20:42,185 INFO src.train.trainer: Last model at epoch 906 saved to checkpoints/etas_20260528-111933/last_model_1.pth
2026-05-28 11:20:42,185 INFO src.train.trainer: Epoch 907
2026-05-28 11:20:42,252 INFO src.train.trainer: New best validation loss: -6.6100, saved to checkpoints/etas_20260528-111933/best_model_1.pth
2026-05-28 11:20:42,254 INFO src.train.trainer: Last model at epoch 907 saved to checkpoints/etas_20260528-111933/last_model_1.pth
2026-05-28 11:20:42,254 INFO src.train.trainer: Epoch 908
2026-05-28 11:20:42,320 INFO src.train.trainer: New best validation loss: -6.6101, saved to checkpoints/etas_20260528-111933/best_model_1.pth
2026-05-28 11:20:42,323 INFO src.train.trainer: Last model at epoch 908 saved to checkpoints/etas_20260528-111933/last_model_1.pth
2026-05-28 11:20:42,323 INFO src.train.trainer: Epoch 909
2026-05-28 11:20:42,388 INFO src.train.trainer: New best validation loss: -6.6101, saved to checkpoints/etas_20260528-111933/best_model_1.pth
2026-05-28 11:20:42,391 INFO src.train.trainer: Last model at epoch 909 saved to checkpoints/etas_20260528-111933/last_model_1.pth
2026-05-28 11:20:42,391 INFO src.train.trainer: Epoch 910
2026-05-28 11:20:42,457 INFO src.train.trainer: New best validation loss: -6.6101, saved to checkpoints/etas_20260528-111933/best_model_1.pth
2026-05-28 11:20:42,460 INFO src.train.trainer: Last model at epoch 910 saved to checkpoints/etas_20260528-111933/last_model_1.pth
2026-05-28 11:20:42,460 INFO src.train.trainer: Epoch 911
2026-05-28 11:20:42,527 INFO src.train.trainer: New best validation loss: -6.6101, saved to checkpoints/etas_20260528-111933/best_model_1.pth
2026-05-28 11:20:42,529 INFO src.train.trainer: Last model at epoch 911 saved to checkpoints/etas_20260528-111933/last_model_1.pth
2026-05-28 11:20:42,529 INFO src.train.trainer: Epoch 912
2026-05-28 11:20:42,596 INFO src.train.trainer: New best validation loss: -6.6101, saved to checkpoints/etas_20260528-111933/best_model_1.pth
2026-05-28 11:20:42,598 INFO src.train.trainer: Last model at epoch 912 saved to checkpoints/etas_20260528-111933/last_model_1.pth
2026-05-28 11:20:42,598 INFO src.train.trainer: Epoch 913
2026-05-28 11:20:42,665 INFO src.train.trainer: New best validation loss: -6.6102, saved to checkpoints/etas_20260528-111933/best_model_1.pth
2026-05-28 11:20:42,667 INFO src.train.trainer: Last model at epoch 913 saved to checkpoints/etas_20260528-111933/last_model_1.pth
2026-05-28 11:20:42,667 INFO src.train.trainer: Epoch 914
2026-05-28 11:20:42,734 INFO src.train.trainer: New best validation loss: -6.6102, saved to checkpoints/etas_20260528-111933/best_model_1.pth
2026-05-28 11:20:42,736 INFO src.train.trainer: Last model at epoch 914 saved to checkpoints/etas_20260528-111933/last_model_1.pth
2026-05-28 11:20:42,736 INFO src.train.trainer: Epoch 915
2026-05-28 11:20:42,802 INFO src.train.trainer: New best validation loss: -6.6102, saved to checkpoints/etas_20260528-111933/best_model_1.pth
2026-05-28 11:20:42,805 INFO src.train.trainer: Last model at epoch 915 saved to checkpoints/etas_20260528-111933/last_model_1.pth
2026-05-28 11:20:42,805 INFO src.train.trainer: Epoch 916
2026-05-28 11:20:42,870 INFO src.train.trainer: New best validation loss: -6.6102, saved to checkpoints/etas_20260528-111933/best_model_1.pth
2026-05-28 11:20:42,872 INFO src.train.trainer: Last model at epoch 916 saved to checkpoints/etas_20260528-111933/last_model_1.pth
2026-05-28 11:20:42,872 INFO src.train.trainer: Epoch 917
2026-05-28 11:20:42,943 INFO src.train.trainer: New best validation loss: -6.6102, saved to checkpoints/etas_20260528-111933/best_model_1.pth
2026-05-28 11:20:42,946 INFO src.train.trainer: Last model at epoch 917 saved to checkpoints/etas_20260528-111933/last_model_1.pth
2026-05-28 11:20:42,946 INFO src.train.trainer: Epoch 918
2026-05-28 11:20:43,011 INFO src.train.trainer: New best validation loss: -6.6102, saved to checkpoints/etas_20260528-111933/best_model_1.pth
2026-05-28 11:20:43,013 INFO src.train.trainer: Last model at epoch 918 saved to checkpoints/etas_20260528-111933/last_model_1.pth
2026-05-28 11:20:43,013 INFO src.train.trainer: Epoch 919
2026-05-28 11:20:43,082 INFO src.train.trainer: New best validation loss: -6.6103, saved to checkpoints/etas_20260528-111933/best_model_1.pth
2026-05-28 11:20:43,084 INFO src.train.trainer: Last model at epoch 919 saved to checkpoints/etas_20260528-111933/last_model_1.pth
2026-05-28 11:20:43,085 INFO src.train.trainer: Epoch 920
2026-05-28 11:20:43,152 INFO src.train.trainer: New best validation loss: -6.6103, saved to checkpoints/etas_20260528-111933/best_model_1.pth
2026-05-28 11:20:43,154 INFO src.train.trainer: Last model at epoch 920 saved to checkpoints/etas_20260528-111933/last_model_1.pth
2026-05-28 11:20:43,154 INFO src.train.trainer: Epoch 921
2026-05-28 11:20:43,221 INFO src.train.trainer: New best validation loss: -6.6103, saved to checkpoints/etas_20260528-111933/best_model_1.pth
2026-05-28 11:20:43,223 INFO src.train.trainer: Last model at epoch 921 saved to checkpoints/etas_20260528-111933/last_model_1.pth
2026-05-28 11:20:43,224 INFO src.train.trainer: Epoch 922
2026-05-28 11:20:43,290 INFO src.train.trainer: New best validation loss: -6.6103, saved to checkpoints/etas_20260528-111933/best_model_1.pth
2026-05-28 11:20:43,293 INFO src.train.trainer: Last model at epoch 922 saved to checkpoints/etas_20260528-111933/last_model_1.pth
2026-05-28 11:20:43,293 INFO src.train.trainer: Epoch 923
2026-05-28 11:20:43,360 INFO src.train.trainer: New best validation loss: -6.6103, saved to checkpoints/etas_20260528-111933/best_model_1.pth
2026-05-28 11:20:43,362 INFO src.train.trainer: Last model at epoch 923 saved to checkpoints/etas_20260528-111933/last_model_1.pth
2026-05-28 11:20:43,362 INFO src.train.trainer: Epoch 924
2026-05-28 11:20:43,427 INFO src.train.trainer: New best validation loss: -6.6104, saved to checkpoints/etas_20260528-111933/best_model_1.pth
2026-05-28 11:20:43,430 INFO src.train.trainer: Last model at epoch 924 saved to checkpoints/etas_20260528-111933/last_model_1.pth
2026-05-28 11:20:43,430 INFO src.train.trainer: Epoch 925
2026-05-28 11:20:43,497 INFO src.train.trainer: New best validation loss: -6.6104, saved to checkpoints/etas_20260528-111933/best_model_1.pth
2026-05-28 11:20:43,499 INFO src.train.trainer: Last model at epoch 925 saved to checkpoints/etas_20260528-111933/last_model_1.pth
2026-05-28 11:20:43,500 INFO src.train.trainer: Epoch 926
2026-05-28 11:20:43,566 INFO src.train.trainer: New best validation loss: -6.6104, saved to checkpoints/etas_20260528-111933/best_model_1.pth
2026-05-28 11:20:43,569 INFO src.train.trainer: Last model at epoch 926 saved to checkpoints/etas_20260528-111933/last_model_1.pth
2026-05-28 11:20:43,569 INFO src.train.trainer: Epoch 927
2026-05-28 11:20:43,639 INFO src.train.trainer: New best validation loss: -6.6104, saved to checkpoints/etas_20260528-111933/best_model_1.pth
2026-05-28 11:20:43,641 INFO src.train.trainer: Last model at epoch 927 saved to checkpoints/etas_20260528-111933/last_model_1.pth
2026-05-28 11:20:43,641 INFO src.train.trainer: Epoch 928
2026-05-28 11:20:43,708 INFO src.train.trainer: New best validation loss: -6.6104, saved to checkpoints/etas_20260528-111933/best_model_1.pth
2026-05-28 11:20:43,711 INFO src.train.trainer: Last model at epoch 928 saved to checkpoints/etas_20260528-111933/last_model_1.pth
2026-05-28 11:20:43,711 INFO src.train.trainer: Epoch 929
2026-05-28 11:20:43,780 INFO src.train.trainer: New best validation loss: -6.6104, saved to checkpoints/etas_20260528-111933/best_model_1.pth
2026-05-28 11:20:43,783 INFO src.train.trainer: Last model at epoch 929 saved to checkpoints/etas_20260528-111933/last_model_1.pth
2026-05-28 11:20:43,783 INFO src.train.trainer: Epoch 930
2026-05-28 11:20:43,852 INFO src.train.trainer: New best validation loss: -6.6105, saved to checkpoints/etas_20260528-111933/best_model_1.pth
2026-05-28 11:20:43,855 INFO src.train.trainer: Last model at epoch 930 saved to checkpoints/etas_20260528-111933/last_model_1.pth
2026-05-28 11:20:43,855 INFO src.train.trainer: Epoch 931
2026-05-28 11:20:43,926 INFO src.train.trainer: New best validation loss: -6.6105, saved to checkpoints/etas_20260528-111933/best_model_1.pth
2026-05-28 11:20:43,929 INFO src.train.trainer: Last model at epoch 931 saved to checkpoints/etas_20260528-111933/last_model_1.pth
2026-05-28 11:20:43,929 INFO src.train.trainer: Epoch 932
2026-05-28 11:20:44,001 INFO src.train.trainer: New best validation loss: -6.6105, saved to checkpoints/etas_20260528-111933/best_model_1.pth
2026-05-28 11:20:44,004 INFO src.train.trainer: Last model at epoch 932 saved to checkpoints/etas_20260528-111933/last_model_1.pth
2026-05-28 11:20:44,004 INFO src.train.trainer: Epoch 933
2026-05-28 11:20:44,074 INFO src.train.trainer: New best validation loss: -6.6105, saved to checkpoints/etas_20260528-111933/best_model_1.pth
2026-05-28 11:20:44,077 INFO src.train.trainer: Last model at epoch 933 saved to checkpoints/etas_20260528-111933/last_model_1.pth
2026-05-28 11:20:44,077 INFO src.train.trainer: Epoch 934
2026-05-28 11:20:44,147 INFO src.train.trainer: New best validation loss: -6.6106, saved to checkpoints/etas_20260528-111933/best_model_1.pth
2026-05-28 11:20:44,149 INFO src.train.trainer: Last model at epoch 934 saved to checkpoints/etas_20260528-111933/last_model_1.pth
2026-05-28 11:20:44,149 INFO src.train.trainer: Epoch 935
2026-05-28 11:20:44,218 INFO src.train.trainer: New best validation loss: -6.6106, saved to checkpoints/etas_20260528-111933/best_model_1.pth
2026-05-28 11:20:44,221 INFO src.train.trainer: Last model at epoch 935 saved to checkpoints/etas_20260528-111933/last_model_1.pth
2026-05-28 11:20:44,221 INFO src.train.trainer: Epoch 936
2026-05-28 11:20:44,290 INFO src.train.trainer: New best validation loss: -6.6106, saved to checkpoints/etas_20260528-111933/best_model_1.pth
2026-05-28 11:20:44,293 INFO src.train.trainer: Last model at epoch 936 saved to checkpoints/etas_20260528-111933/last_model_1.pth
2026-05-28 11:20:44,293 INFO src.train.trainer: Epoch 937
2026-05-28 11:20:44,362 INFO src.train.trainer: New best validation loss: -6.6106, saved to checkpoints/etas_20260528-111933/best_model_1.pth
2026-05-28 11:20:44,364 INFO src.train.trainer: Last model at epoch 937 saved to checkpoints/etas_20260528-111933/last_model_1.pth
2026-05-28 11:20:44,364 INFO src.train.trainer: Epoch 938
2026-05-28 11:20:44,434 INFO src.train.trainer: New best validation loss: -6.6106, saved to checkpoints/etas_20260528-111933/best_model_1.pth
2026-05-28 11:20:44,436 INFO src.train.trainer: Last model at epoch 938 saved to checkpoints/etas_20260528-111933/last_model_1.pth
2026-05-28 11:20:44,436 INFO src.train.trainer: Epoch 939
2026-05-28 11:20:44,506 INFO src.train.trainer: Last model at epoch 939 saved to checkpoints/etas_20260528-111933/last_model_1.pth
2026-05-28 11:20:44,506 INFO src.train.trainer: Epoch 940
2026-05-28 11:20:44,575 INFO src.train.trainer: New best validation loss: -6.6107, saved to checkpoints/etas_20260528-111933/best_model_1.pth
2026-05-28 11:20:44,577 INFO src.train.trainer: Last model at epoch 940 saved to checkpoints/etas_20260528-111933/last_model_1.pth
2026-05-28 11:20:44,577 INFO src.train.trainer: Epoch 941
2026-05-28 11:20:44,646 INFO src.train.trainer: Last model at epoch 941 saved to checkpoints/etas_20260528-111933/last_model_1.pth
2026-05-28 11:20:44,646 INFO src.train.trainer: Epoch 942
2026-05-28 11:20:44,715 INFO src.train.trainer: New best validation loss: -6.6107, saved to checkpoints/etas_20260528-111933/best_model_1.pth
2026-05-28 11:20:44,717 INFO src.train.trainer: Last model at epoch 942 saved to checkpoints/etas_20260528-111933/last_model_1.pth
2026-05-28 11:20:44,718 INFO src.train.trainer: Epoch 943
2026-05-28 11:20:44,788 INFO src.train.trainer: Last model at epoch 943 saved to checkpoints/etas_20260528-111933/last_model_1.pth
2026-05-28 11:20:44,788 INFO src.train.trainer: Epoch 944
2026-05-28 11:20:44,858 INFO src.train.trainer: Last model at epoch 944 saved to checkpoints/etas_20260528-111933/last_model_1.pth
2026-05-28 11:20:44,858 INFO src.train.trainer: Epoch 945
2026-05-28 11:20:44,928 INFO src.train.trainer: New best validation loss: -6.6108, saved to checkpoints/etas_20260528-111933/best_model_1.pth
2026-05-28 11:20:44,930 INFO src.train.trainer: Last model at epoch 945 saved to checkpoints/etas_20260528-111933/last_model_1.pth
2026-05-28 11:20:44,930 INFO src.train.trainer: Epoch 946
2026-05-28 11:20:44,998 INFO src.train.trainer: New best validation loss: -6.6108, saved to checkpoints/etas_20260528-111933/best_model_1.pth
2026-05-28 11:20:45,000 INFO src.train.trainer: Last model at epoch 946 saved to checkpoints/etas_20260528-111933/last_model_1.pth
2026-05-28 11:20:45,001 INFO src.train.trainer: Epoch 947
2026-05-28 11:20:45,071 INFO src.train.trainer: Last model at epoch 947 saved to checkpoints/etas_20260528-111933/last_model_1.pth
2026-05-28 11:20:45,071 INFO src.train.trainer: Epoch 948
2026-05-28 11:20:45,143 INFO src.train.trainer: New best validation loss: -6.6108, saved to checkpoints/etas_20260528-111933/best_model_1.pth
2026-05-28 11:20:45,146 INFO src.train.trainer: Last model at epoch 948 saved to checkpoints/etas_20260528-111933/last_model_1.pth
2026-05-28 11:20:45,146 INFO src.train.trainer: Epoch 949
2026-05-28 11:20:45,218 INFO src.train.trainer: Last model at epoch 949 saved to checkpoints/etas_20260528-111933/last_model_1.pth
2026-05-28 11:20:45,218 INFO src.train.trainer: Epoch 950
2026-05-28 11:20:45,289 INFO src.train.trainer: Last model at epoch 950 saved to checkpoints/etas_20260528-111933/last_model_1.pth
2026-05-28 11:20:45,289 INFO src.train.trainer: Epoch 951
2026-05-28 11:20:45,359 INFO src.train.trainer: New best validation loss: -6.6109, saved to checkpoints/etas_20260528-111933/best_model_1.pth
2026-05-28 11:20:45,362 INFO src.train.trainer: Last model at epoch 951 saved to checkpoints/etas_20260528-111933/last_model_1.pth
2026-05-28 11:20:45,362 INFO src.train.trainer: Epoch 952
2026-05-28 11:20:45,432 INFO src.train.trainer: Last model at epoch 952 saved to checkpoints/etas_20260528-111933/last_model_1.pth
2026-05-28 11:20:45,432 INFO src.train.trainer: Epoch 953
2026-05-28 11:20:45,504 INFO src.train.trainer: New best validation loss: -6.6109, saved to checkpoints/etas_20260528-111933/best_model_1.pth
2026-05-28 11:20:45,507 INFO src.train.trainer: Last model at epoch 953 saved to checkpoints/etas_20260528-111933/last_model_1.pth
2026-05-28 11:20:45,507 INFO src.train.trainer: Epoch 954
2026-05-28 11:20:45,581 INFO src.train.trainer: New best validation loss: -6.6110, saved to checkpoints/etas_20260528-111933/best_model_1.pth
2026-05-28 11:20:45,584 INFO src.train.trainer: Last model at epoch 954 saved to checkpoints/etas_20260528-111933/last_model_1.pth
2026-05-28 11:20:45,584 INFO src.train.trainer: Epoch 955
2026-05-28 11:20:45,658 INFO src.train.trainer: Last model at epoch 955 saved to checkpoints/etas_20260528-111933/last_model_1.pth
2026-05-28 11:20:45,658 INFO src.train.trainer: Epoch 956
2026-05-28 11:20:45,732 INFO src.train.trainer: New best validation loss: -6.6110, saved to checkpoints/etas_20260528-111933/best_model_1.pth
2026-05-28 11:20:45,735 INFO src.train.trainer: Last model at epoch 956 saved to checkpoints/etas_20260528-111933/last_model_1.pth
2026-05-28 11:20:45,735 INFO src.train.trainer: Epoch 957
2026-05-28 11:20:45,808 INFO src.train.trainer: New best validation loss: -6.6110, saved to checkpoints/etas_20260528-111933/best_model_1.pth
2026-05-28 11:20:45,811 INFO src.train.trainer: Last model at epoch 957 saved to checkpoints/etas_20260528-111933/last_model_1.pth
2026-05-28 11:20:45,811 INFO src.train.trainer: Epoch 958
2026-05-28 11:20:45,884 INFO src.train.trainer: Last model at epoch 958 saved to checkpoints/etas_20260528-111933/last_model_1.pth
2026-05-28 11:20:45,884 INFO src.train.trainer: Epoch 959
2026-05-28 11:20:45,957 INFO src.train.trainer: New best validation loss: -6.6111, saved to checkpoints/etas_20260528-111933/best_model_1.pth
2026-05-28 11:20:45,960 INFO src.train.trainer: Last model at epoch 959 saved to checkpoints/etas_20260528-111933/last_model_1.pth
2026-05-28 11:20:45,960 INFO src.train.trainer: Epoch 960
2026-05-28 11:20:46,033 INFO src.train.trainer: Last model at epoch 960 saved to checkpoints/etas_20260528-111933/last_model_1.pth
2026-05-28 11:20:46,033 INFO src.train.trainer: Epoch 961
2026-05-28 11:20:46,107 INFO src.train.trainer: New best validation loss: -6.6111, saved to checkpoints/etas_20260528-111933/best_model_1.pth
2026-05-28 11:20:46,110 INFO src.train.trainer: Last model at epoch 961 saved to checkpoints/etas_20260528-111933/last_model_1.pth
2026-05-28 11:20:46,110 INFO src.train.trainer: Epoch 962
2026-05-28 11:20:46,186 INFO src.train.trainer: New best validation loss: -6.6111, saved to checkpoints/etas_20260528-111933/best_model_1.pth
2026-05-28 11:20:46,189 INFO src.train.trainer: Last model at epoch 962 saved to checkpoints/etas_20260528-111933/last_model_1.pth
2026-05-28 11:20:46,189 INFO src.train.trainer: Epoch 963
2026-05-28 11:20:46,264 INFO src.train.trainer: Last model at epoch 963 saved to checkpoints/etas_20260528-111933/last_model_1.pth
2026-05-28 11:20:46,264 INFO src.train.trainer: Epoch 964
2026-05-28 11:20:46,340 INFO src.train.trainer: New best validation loss: -6.6111, saved to checkpoints/etas_20260528-111933/best_model_1.pth
2026-05-28 11:20:46,343 INFO src.train.trainer: Last model at epoch 964 saved to checkpoints/etas_20260528-111933/last_model_1.pth
2026-05-28 11:20:46,343 INFO src.train.trainer: Epoch 965
2026-05-28 11:20:46,417 INFO src.train.trainer: New best validation loss: -6.6111, saved to checkpoints/etas_20260528-111933/best_model_1.pth
2026-05-28 11:20:46,420 INFO src.train.trainer: Last model at epoch 965 saved to checkpoints/etas_20260528-111933/last_model_1.pth
2026-05-28 11:20:46,421 INFO src.train.trainer: Epoch 966
2026-05-28 11:20:46,494 INFO src.train.trainer: Last model at epoch 966 saved to checkpoints/etas_20260528-111933/last_model_1.pth
2026-05-28 11:20:46,494 INFO src.train.trainer: Epoch 967
2026-05-28 11:20:46,567 INFO src.train.trainer: New best validation loss: -6.6112, saved to checkpoints/etas_20260528-111933/best_model_1.pth
2026-05-28 11:20:46,570 INFO src.train.trainer: Last model at epoch 967 saved to checkpoints/etas_20260528-111933/last_model_1.pth
2026-05-28 11:20:46,571 INFO src.train.trainer: Epoch 968
2026-05-28 11:20:46,643 INFO src.train.trainer: Last model at epoch 968 saved to checkpoints/etas_20260528-111933/last_model_1.pth
2026-05-28 11:20:46,644 INFO src.train.trainer: Epoch 969
2026-05-28 11:20:46,718 INFO src.train.trainer: New best validation loss: -6.6112, saved to checkpoints/etas_20260528-111933/best_model_1.pth
2026-05-28 11:20:46,739 INFO src.train.trainer: Last model at epoch 969 saved to checkpoints/etas_20260528-111933/last_model_1.pth
2026-05-28 11:20:46,739 INFO src.train.trainer: Epoch 970
2026-05-28 11:20:46,811 INFO src.train.trainer: New best validation loss: -6.6112, saved to checkpoints/etas_20260528-111933/best_model_1.pth
2026-05-28 11:20:46,814 INFO src.train.trainer: Last model at epoch 970 saved to checkpoints/etas_20260528-111933/last_model_1.pth
2026-05-28 11:20:46,814 INFO src.train.trainer: Epoch 971
2026-05-28 11:20:46,886 INFO src.train.trainer: Last model at epoch 971 saved to checkpoints/etas_20260528-111933/last_model_1.pth
2026-05-28 11:20:46,886 INFO src.train.trainer: Epoch 972
2026-05-28 11:20:46,959 INFO src.train.trainer: New best validation loss: -6.6113, saved to checkpoints/etas_20260528-111933/best_model_1.pth
2026-05-28 11:20:46,961 INFO src.train.trainer: Last model at epoch 972 saved to checkpoints/etas_20260528-111933/last_model_1.pth
2026-05-28 11:20:46,962 INFO src.train.trainer: Epoch 973
2026-05-28 11:20:47,211 INFO src.train.trainer: New best validation loss: -6.6113, saved to checkpoints/etas_20260528-111933/best_model_1.pth
2026-05-28 11:20:47,218 INFO src.train.trainer: Last model at epoch 973 saved to checkpoints/etas_20260528-111933/last_model_1.pth
2026-05-28 11:20:47,218 INFO src.train.trainer: Epoch 974
2026-05-28 11:20:47,331 INFO src.train.trainer: New best validation loss: -6.6113, saved to checkpoints/etas_20260528-111933/best_model_1.pth
2026-05-28 11:20:47,338 INFO src.train.trainer: Last model at epoch 974 saved to checkpoints/etas_20260528-111933/last_model_1.pth
2026-05-28 11:20:47,338 INFO src.train.trainer: Epoch 975
2026-05-28 11:20:47,431 INFO src.train.trainer: New best validation loss: -6.6113, saved to checkpoints/etas_20260528-111933/best_model_1.pth
2026-05-28 11:20:47,437 INFO src.train.trainer: Last model at epoch 975 saved to checkpoints/etas_20260528-111933/last_model_1.pth
2026-05-28 11:20:47,438 INFO src.train.trainer: Epoch 976
2026-05-28 11:20:47,633 INFO src.train.trainer: Last model at epoch 976 saved to checkpoints/etas_20260528-111933/last_model_1.pth
2026-05-28 11:20:47,633 INFO src.train.trainer: Epoch 977
2026-05-28 11:20:47,731 INFO src.train.trainer: New best validation loss: -6.6114, saved to checkpoints/etas_20260528-111933/best_model_1.pth
2026-05-28 11:20:47,736 INFO src.train.trainer: Last model at epoch 977 saved to checkpoints/etas_20260528-111933/last_model_1.pth
2026-05-28 11:20:47,737 INFO src.train.trainer: Epoch 978
2026-05-28 11:20:47,829 INFO src.train.trainer: Last model at epoch 978 saved to checkpoints/etas_20260528-111933/last_model_1.pth
2026-05-28 11:20:47,829 INFO src.train.trainer: Epoch 979
2026-05-28 11:20:47,916 INFO src.train.trainer: New best validation loss: -6.6114, saved to checkpoints/etas_20260528-111933/best_model_1.pth
2026-05-28 11:20:47,920 INFO src.train.trainer: Last model at epoch 979 saved to checkpoints/etas_20260528-111933/last_model_1.pth
2026-05-28 11:20:47,921 INFO src.train.trainer: Epoch 980
2026-05-28 11:20:48,003 INFO src.train.trainer: New best validation loss: -6.6114, saved to checkpoints/etas_20260528-111933/best_model_1.pth
2026-05-28 11:20:48,007 INFO src.train.trainer: Last model at epoch 980 saved to checkpoints/etas_20260528-111933/last_model_1.pth
2026-05-28 11:20:48,007 INFO src.train.trainer: Epoch 981
2026-05-28 11:20:48,088 INFO src.train.trainer: New best validation loss: -6.6114, saved to checkpoints/etas_20260528-111933/best_model_1.pth
2026-05-28 11:20:48,091 INFO src.train.trainer: Last model at epoch 981 saved to checkpoints/etas_20260528-111933/last_model_1.pth
2026-05-28 11:20:48,091 INFO src.train.trainer: Epoch 982
2026-05-28 11:20:48,168 INFO src.train.trainer: New best validation loss: -6.6114, saved to checkpoints/etas_20260528-111933/best_model_1.pth
2026-05-28 11:20:48,171 INFO src.train.trainer: Last model at epoch 982 saved to checkpoints/etas_20260528-111933/last_model_1.pth
2026-05-28 11:20:48,171 INFO src.train.trainer: Epoch 983
2026-05-28 11:20:48,246 INFO src.train.trainer: Last model at epoch 983 saved to checkpoints/etas_20260528-111933/last_model_1.pth
2026-05-28 11:20:48,247 INFO src.train.trainer: Epoch 984
2026-05-28 11:20:48,322 INFO src.train.trainer: New best validation loss: -6.6114, saved to checkpoints/etas_20260528-111933/best_model_1.pth
2026-05-28 11:20:48,325 INFO src.train.trainer: Last model at epoch 984 saved to checkpoints/etas_20260528-111933/last_model_1.pth
2026-05-28 11:20:48,326 INFO src.train.trainer: Epoch 985
2026-05-28 11:20:48,401 INFO src.train.trainer: Last model at epoch 985 saved to checkpoints/etas_20260528-111933/last_model_1.pth
2026-05-28 11:20:48,401 INFO src.train.trainer: Epoch 986
2026-05-28 11:20:48,478 INFO src.train.trainer: New best validation loss: -6.6115, saved to checkpoints/etas_20260528-111933/best_model_1.pth
2026-05-28 11:20:48,482 INFO src.train.trainer: Last model at epoch 986 saved to checkpoints/etas_20260528-111933/last_model_1.pth
2026-05-28 11:20:48,482 INFO src.train.trainer: Epoch 987
2026-05-28 11:20:48,560 INFO src.train.trainer: Last model at epoch 987 saved to checkpoints/etas_20260528-111933/last_model_1.pth
2026-05-28 11:20:48,560 INFO src.train.trainer: Epoch 988
2026-05-28 11:20:48,637 INFO src.train.trainer: New best validation loss: -6.6115, saved to checkpoints/etas_20260528-111933/best_model_1.pth
2026-05-28 11:20:48,640 INFO src.train.trainer: Last model at epoch 988 saved to checkpoints/etas_20260528-111933/last_model_1.pth
2026-05-28 11:20:48,640 INFO src.train.trainer: Epoch 989
2026-05-28 11:20:48,715 INFO src.train.trainer: Last model at epoch 989 saved to checkpoints/etas_20260528-111933/last_model_1.pth
2026-05-28 11:20:48,715 INFO src.train.trainer: Epoch 990
2026-05-28 11:20:48,789 INFO src.train.trainer: New best validation loss: -6.6115, saved to checkpoints/etas_20260528-111933/best_model_1.pth
2026-05-28 11:20:48,792 INFO src.train.trainer: Last model at epoch 990 saved to checkpoints/etas_20260528-111933/last_model_1.pth
2026-05-28 11:20:48,793 INFO src.train.trainer: Epoch 991
2026-05-28 11:20:48,867 INFO src.train.trainer: Last model at epoch 991 saved to checkpoints/etas_20260528-111933/last_model_1.pth
2026-05-28 11:20:48,867 INFO src.train.trainer: Epoch 992
2026-05-28 11:20:48,941 INFO src.train.trainer: New best validation loss: -6.6115, saved to checkpoints/etas_20260528-111933/best_model_1.pth
2026-05-28 11:20:48,944 INFO src.train.trainer: Last model at epoch 992 saved to checkpoints/etas_20260528-111933/last_model_1.pth
2026-05-28 11:20:48,944 INFO src.train.trainer: Epoch 993
2026-05-28 11:20:49,018 INFO src.train.trainer: Last model at epoch 993 saved to checkpoints/etas_20260528-111933/last_model_1.pth
2026-05-28 11:20:49,018 INFO src.train.trainer: Epoch 994
2026-05-28 11:20:49,092 INFO src.train.trainer: New best validation loss: -6.6116, saved to checkpoints/etas_20260528-111933/best_model_1.pth
2026-05-28 11:20:49,095 INFO src.train.trainer: Last model at epoch 994 saved to checkpoints/etas_20260528-111933/last_model_1.pth
2026-05-28 11:20:49,095 INFO src.train.trainer: Epoch 995
2026-05-28 11:20:49,170 INFO src.train.trainer: Last model at epoch 995 saved to checkpoints/etas_20260528-111933/last_model_1.pth
2026-05-28 11:20:49,170 INFO src.train.trainer: Epoch 996
2026-05-28 11:20:49,244 INFO src.train.trainer: New best validation loss: -6.6116, saved to checkpoints/etas_20260528-111933/best_model_1.pth
2026-05-28 11:20:49,247 INFO src.train.trainer: Last model at epoch 996 saved to checkpoints/etas_20260528-111933/last_model_1.pth
2026-05-28 11:20:49,247 INFO src.train.trainer: Epoch 997
2026-05-28 11:20:49,322 INFO src.train.trainer: Last model at epoch 997 saved to checkpoints/etas_20260528-111933/last_model_1.pth
2026-05-28 11:20:49,322 INFO src.train.trainer: Epoch 998
2026-05-28 11:20:49,397 INFO src.train.trainer: Last model at epoch 998 saved to checkpoints/etas_20260528-111933/last_model_1.pth
2026-05-28 11:20:49,397 INFO src.train.trainer: Epoch 999
2026-05-28 11:20:49,473 INFO src.train.trainer: Last model at epoch 999 saved to checkpoints/etas_20260528-111933/last_model_1.pth
2026-05-28 11:20:49,473 INFO src.train.trainer: Epoch 1000
2026-05-28 11:20:49,551 INFO src.train.trainer: Last model at epoch 1000 saved to checkpoints/etas_20260528-111933/last_model_1.pth
2026-05-28 11:36:33,058 INFO src.data.catalog: Loading existing catalog from /root/autodl-tmp/em_eqf/data/PNR_1z/catalogs/2e94e6c6.
2026-05-28 11:36:33,086 INFO src.data.preparation_modules.tpp: Number of training events: 3049
2026-05-28 11:36:33,087 INFO src.data.preparation_modules.tpp: Number of validation events: 1204
2026-05-28 11:36:33,087 INFO src.data.preparation_modules.tpp: Number of test events: 850
2026-05-28 11:36:33,343 INFO src.train.config_setup: Restoring model from checkpoint.
2026-05-28 11:36:33,343 INFO src.train.config_setup: Loading model weights: load_specific_parts=None
2026-05-28 11:36:33,344 INFO src.train.config_setup: Checkpoint loaded: <All keys matched successfully>
2026-05-28 11:36:33,344 INFO src.train.config_setup: Full load summary: loaded=20, missing=0, unexpected=0
2026-05-28 11:36:33,344 INFO src.train.config_setup: Checkpoint hyperparameters loaded.
2026-05-28 11:36:33,344 INFO src.train.config_setup: Checkpoint train metrics available.
2026-05-28 11:36:33,344 INFO src.train.config_setup: Checkpoint val metrics available.
2026-05-28 11:36:33,344 INFO src.train.config_setup: Freeze skipped (checkpoint_restore): freeze_parts is empty.
2026-05-28 11:36:33,345 INFO src.train.config_setup: Not resuming optimizer/scheduler state; reset training state to start_epoch=0, best_val_loss=inf.
2026-05-28 11:36:33,645 INFO src.cli.common: Saved test metrics to checkpoints/etas_20260528-111933/metrics_test_best_1.json
2026-05-28 11:36:33,645 INFO src.cli.common: Metrics: {'nll_train_time': -6.0177106857299805, 'nll_train_total': -6.046163082122803, 'nll_train_bg_norm': -0.1422625631093979, 'nll_val_time': -6.54625129699707, 'nll_val_total': -6.611580848693848, 'nll_val_bg_norm': -0.32664749026298523, 'nll_test_time': -6.394982814788818, 'nll_test_total': -6.431388854980469, 'nll_test_bg_norm': -0.1820312887430191, 'num_events_train': 3049, 'num_events_val': 1204, 'num_events_test': 850}
