2026-05-15 15:56:09,450 INFO src.data.catalog: Loading existing catalog from /root/autodl-tmp/em_eqf/data/ChuanDian/catalogs/181d780e.
2026-05-15 15:56:10,305 INFO src.data.preparation_modules.tpp: Using b-value updater 'BayesianGRBUpdater' (BayesianGRBUpdater), mag_completeness=3.0
2026-05-15 15:56:10,306 INFO src.data.preparation_modules.tpp: Number of training events: 4498
2026-05-15 15:56:10,307 INFO src.data.preparation_modules.tpp: Number of validation events: 567
2026-05-15 15:56:10,307 INFO src.data.preparation_modules.tpp: Number of test events: 1043
2026-05-15 15:56:10,308 INFO src.cli.workflows: No resume path provided. Training will start from scratch.
2026-05-15 15:56:10,817 INFO src.models.adapters.mixer_tpp: using time scale base 1.6484907865524292 (key: tau_mean)
2026-05-15 15:56:10,817 INFO src.models.adapters.mixer_tpp: tau mean: tensor(1.6485)
2026-05-15 15:56:10,821 INFO src.train.config_setup: No checkpoint restore requested; initializing model from scratch.
2026-05-15 15:56:10,821 INFO src.train.config_setup: Freeze skipped (fresh_init): freeze_parts is empty.
2026-05-15 15:56:10,822 INFO src.train.trainer: Epoch 1
2026-05-15 15:56:36,995 INFO src.train.trainer: New best validation loss: 1.4089, saved to /root/autodl-tmp/em_eqf/experiments/mixer_tpp_ablation_chuandian/runs/mixer_tpp_ablation_tpp_b_seed_0/best_model_1.pth
2026-05-15 15:56:37,000 INFO src.train.trainer: Last model at epoch 1 saved to /root/autodl-tmp/em_eqf/experiments/mixer_tpp_ablation_chuandian/runs/mixer_tpp_ablation_tpp_b_seed_0/last_model_1.pth
2026-05-15 15:56:37,000 INFO src.train.trainer: Epoch 2
2026-05-15 15:56:37,106 INFO src.train.trainer: New best validation loss: 1.3876, saved to /root/autodl-tmp/em_eqf/experiments/mixer_tpp_ablation_chuandian/runs/mixer_tpp_ablation_tpp_b_seed_0/best_model_1.pth
2026-05-15 15:56:37,113 INFO src.train.trainer: Last model at epoch 2 saved to /root/autodl-tmp/em_eqf/experiments/mixer_tpp_ablation_chuandian/runs/mixer_tpp_ablation_tpp_b_seed_0/last_model_1.pth
2026-05-15 15:56:37,113 INFO src.train.trainer: Epoch 3
2026-05-15 15:56:37,215 INFO src.train.trainer: New best validation loss: 1.3690, saved to /root/autodl-tmp/em_eqf/experiments/mixer_tpp_ablation_chuandian/runs/mixer_tpp_ablation_tpp_b_seed_0/best_model_1.pth
2026-05-15 15:56:37,221 INFO src.train.trainer: Last model at epoch 3 saved to /root/autodl-tmp/em_eqf/experiments/mixer_tpp_ablation_chuandian/runs/mixer_tpp_ablation_tpp_b_seed_0/last_model_1.pth
2026-05-15 15:56:37,221 INFO src.train.trainer: Epoch 4
2026-05-15 15:56:37,321 INFO src.train.trainer: New best validation loss: 1.3605, saved to /root/autodl-tmp/em_eqf/experiments/mixer_tpp_ablation_chuandian/runs/mixer_tpp_ablation_tpp_b_seed_0/best_model_1.pth
2026-05-15 15:56:37,327 INFO src.train.trainer: Last model at epoch 4 saved to /root/autodl-tmp/em_eqf/experiments/mixer_tpp_ablation_chuandian/runs/mixer_tpp_ablation_tpp_b_seed_0/last_model_1.pth
2026-05-15 15:56:37,327 INFO src.train.trainer: Epoch 5
2026-05-15 15:56:37,424 INFO src.train.trainer: New best validation loss: 1.2632, saved to /root/autodl-tmp/em_eqf/experiments/mixer_tpp_ablation_chuandian/runs/mixer_tpp_ablation_tpp_b_seed_0/best_model_1.pth
2026-05-15 15:56:37,430 INFO src.train.trainer: Last model at epoch 5 saved to /root/autodl-tmp/em_eqf/experiments/mixer_tpp_ablation_chuandian/runs/mixer_tpp_ablation_tpp_b_seed_0/last_model_1.pth
2026-05-15 15:56:37,430 INFO src.train.trainer: Epoch 6
2026-05-15 15:56:37,530 INFO src.train.trainer: New best validation loss: 0.9854, saved to /root/autodl-tmp/em_eqf/experiments/mixer_tpp_ablation_chuandian/runs/mixer_tpp_ablation_tpp_b_seed_0/best_model_1.pth
2026-05-15 15:56:37,535 INFO src.train.trainer: Last model at epoch 6 saved to /root/autodl-tmp/em_eqf/experiments/mixer_tpp_ablation_chuandian/runs/mixer_tpp_ablation_tpp_b_seed_0/last_model_1.pth
2026-05-15 15:56:37,536 INFO src.train.trainer: Epoch 7
2026-05-15 15:56:37,629 INFO src.train.trainer: New best validation loss: 0.9750, saved to /root/autodl-tmp/em_eqf/experiments/mixer_tpp_ablation_chuandian/runs/mixer_tpp_ablation_tpp_b_seed_0/best_model_1.pth
2026-05-15 15:56:37,635 INFO src.train.trainer: Last model at epoch 7 saved to /root/autodl-tmp/em_eqf/experiments/mixer_tpp_ablation_chuandian/runs/mixer_tpp_ablation_tpp_b_seed_0/last_model_1.pth
2026-05-15 15:56:37,635 INFO src.train.trainer: Epoch 8
2026-05-15 15:56:37,741 INFO src.train.trainer: Last model at epoch 8 saved to /root/autodl-tmp/em_eqf/experiments/mixer_tpp_ablation_chuandian/runs/mixer_tpp_ablation_tpp_b_seed_0/last_model_1.pth
2026-05-15 15:56:37,741 INFO src.train.trainer: Epoch 9
2026-05-15 15:56:37,849 INFO src.train.trainer: Last model at epoch 9 saved to /root/autodl-tmp/em_eqf/experiments/mixer_tpp_ablation_chuandian/runs/mixer_tpp_ablation_tpp_b_seed_0/last_model_1.pth
2026-05-15 15:56:37,849 INFO src.train.trainer: Epoch 10
2026-05-15 15:56:37,965 INFO src.train.trainer: Last model at epoch 10 saved to /root/autodl-tmp/em_eqf/experiments/mixer_tpp_ablation_chuandian/runs/mixer_tpp_ablation_tpp_b_seed_0/last_model_1.pth
2026-05-15 15:56:37,965 INFO src.train.trainer: Epoch 11
2026-05-15 15:56:38,077 INFO src.train.trainer: Last model at epoch 11 saved to /root/autodl-tmp/em_eqf/experiments/mixer_tpp_ablation_chuandian/runs/mixer_tpp_ablation_tpp_b_seed_0/last_model_1.pth
2026-05-15 15:56:38,077 INFO src.train.trainer: Epoch 12
2026-05-15 15:56:38,186 INFO src.train.trainer: Last model at epoch 12 saved to /root/autodl-tmp/em_eqf/experiments/mixer_tpp_ablation_chuandian/runs/mixer_tpp_ablation_tpp_b_seed_0/last_model_1.pth
2026-05-15 15:56:38,186 INFO src.train.trainer: Epoch 13
2026-05-15 15:56:38,299 INFO src.train.trainer: Last model at epoch 13 saved to /root/autodl-tmp/em_eqf/experiments/mixer_tpp_ablation_chuandian/runs/mixer_tpp_ablation_tpp_b_seed_0/last_model_1.pth
2026-05-15 15:56:38,299 INFO src.train.trainer: Epoch 14
2026-05-15 15:56:38,406 INFO src.train.trainer: Last model at epoch 14 saved to /root/autodl-tmp/em_eqf/experiments/mixer_tpp_ablation_chuandian/runs/mixer_tpp_ablation_tpp_b_seed_0/last_model_1.pth
2026-05-15 15:56:38,406 INFO src.train.trainer: Epoch 15
2026-05-15 15:56:38,517 INFO src.train.trainer: New best validation loss: 0.9485, saved to /root/autodl-tmp/em_eqf/experiments/mixer_tpp_ablation_chuandian/runs/mixer_tpp_ablation_tpp_b_seed_0/best_model_1.pth
2026-05-15 15:56:38,522 INFO src.train.trainer: Last model at epoch 15 saved to /root/autodl-tmp/em_eqf/experiments/mixer_tpp_ablation_chuandian/runs/mixer_tpp_ablation_tpp_b_seed_0/last_model_1.pth
2026-05-15 15:56:38,522 INFO src.train.trainer: Epoch 16
2026-05-15 15:56:38,631 INFO src.train.trainer: New best validation loss: 0.9396, saved to /root/autodl-tmp/em_eqf/experiments/mixer_tpp_ablation_chuandian/runs/mixer_tpp_ablation_tpp_b_seed_0/best_model_1.pth
2026-05-15 15:56:38,637 INFO src.train.trainer: Last model at epoch 16 saved to /root/autodl-tmp/em_eqf/experiments/mixer_tpp_ablation_chuandian/runs/mixer_tpp_ablation_tpp_b_seed_0/last_model_1.pth
2026-05-15 15:56:38,637 INFO src.train.trainer: Epoch 17
2026-05-15 15:56:38,745 INFO src.train.trainer: Last model at epoch 17 saved to /root/autodl-tmp/em_eqf/experiments/mixer_tpp_ablation_chuandian/runs/mixer_tpp_ablation_tpp_b_seed_0/last_model_1.pth
2026-05-15 15:56:38,746 INFO src.train.trainer: Epoch 18
2026-05-15 15:56:38,857 INFO src.train.trainer: Last model at epoch 18 saved to /root/autodl-tmp/em_eqf/experiments/mixer_tpp_ablation_chuandian/runs/mixer_tpp_ablation_tpp_b_seed_0/last_model_1.pth
2026-05-15 15:56:38,857 INFO src.train.trainer: Epoch 19
2026-05-15 15:56:38,970 INFO src.train.trainer: Last model at epoch 19 saved to /root/autodl-tmp/em_eqf/experiments/mixer_tpp_ablation_chuandian/runs/mixer_tpp_ablation_tpp_b_seed_0/last_model_1.pth
2026-05-15 15:56:38,970 INFO src.train.trainer: Epoch 20
2026-05-15 15:56:39,086 INFO src.train.trainer: Last model at epoch 20 saved to /root/autodl-tmp/em_eqf/experiments/mixer_tpp_ablation_chuandian/runs/mixer_tpp_ablation_tpp_b_seed_0/last_model_1.pth
2026-05-15 15:56:39,086 INFO src.train.trainer: Epoch 21
2026-05-15 15:56:39,217 INFO src.train.trainer: Last model at epoch 21 saved to /root/autodl-tmp/em_eqf/experiments/mixer_tpp_ablation_chuandian/runs/mixer_tpp_ablation_tpp_b_seed_0/last_model_1.pth
2026-05-15 15:56:39,217 INFO src.train.trainer: Epoch 22
2026-05-15 15:56:39,348 INFO src.train.trainer: Last model at epoch 22 saved to /root/autodl-tmp/em_eqf/experiments/mixer_tpp_ablation_chuandian/runs/mixer_tpp_ablation_tpp_b_seed_0/last_model_1.pth
2026-05-15 15:56:39,348 INFO src.train.trainer: Epoch 23
2026-05-15 15:56:39,465 INFO src.train.trainer: Last model at epoch 23 saved to /root/autodl-tmp/em_eqf/experiments/mixer_tpp_ablation_chuandian/runs/mixer_tpp_ablation_tpp_b_seed_0/last_model_1.pth
2026-05-15 15:56:39,465 INFO src.train.trainer: Epoch 24
2026-05-15 15:56:39,570 INFO src.train.trainer: Last model at epoch 24 saved to /root/autodl-tmp/em_eqf/experiments/mixer_tpp_ablation_chuandian/runs/mixer_tpp_ablation_tpp_b_seed_0/last_model_1.pth
2026-05-15 15:56:39,570 INFO src.train.trainer: Epoch 25
2026-05-15 15:56:39,680 INFO src.train.trainer: Last model at epoch 25 saved to /root/autodl-tmp/em_eqf/experiments/mixer_tpp_ablation_chuandian/runs/mixer_tpp_ablation_tpp_b_seed_0/last_model_1.pth
2026-05-15 15:56:39,681 INFO src.train.trainer: Epoch 26
2026-05-15 15:56:39,801 INFO src.train.trainer: Last model at epoch 26 saved to /root/autodl-tmp/em_eqf/experiments/mixer_tpp_ablation_chuandian/runs/mixer_tpp_ablation_tpp_b_seed_0/last_model_1.pth
2026-05-15 15:56:39,801 INFO src.train.trainer: Epoch 27
2026-05-15 15:56:39,920 INFO src.train.trainer: Last model at epoch 27 saved to /root/autodl-tmp/em_eqf/experiments/mixer_tpp_ablation_chuandian/runs/mixer_tpp_ablation_tpp_b_seed_0/last_model_1.pth
2026-05-15 15:56:39,920 INFO src.train.trainer: Epoch 28
2026-05-15 15:56:40,034 INFO src.train.trainer: Last model at epoch 28 saved to /root/autodl-tmp/em_eqf/experiments/mixer_tpp_ablation_chuandian/runs/mixer_tpp_ablation_tpp_b_seed_0/last_model_1.pth
2026-05-15 15:56:40,034 INFO src.train.trainer: Epoch 29
2026-05-15 15:56:40,146 INFO src.train.trainer: Last model at epoch 29 saved to /root/autodl-tmp/em_eqf/experiments/mixer_tpp_ablation_chuandian/runs/mixer_tpp_ablation_tpp_b_seed_0/last_model_1.pth
2026-05-15 15:56:40,146 INFO src.train.trainer: Epoch 30
2026-05-15 15:56:40,259 INFO src.train.trainer: Last model at epoch 30 saved to /root/autodl-tmp/em_eqf/experiments/mixer_tpp_ablation_chuandian/runs/mixer_tpp_ablation_tpp_b_seed_0/last_model_1.pth
2026-05-15 15:56:40,260 INFO src.train.trainer: Epoch 31
2026-05-15 15:56:40,374 INFO src.train.trainer: Last model at epoch 31 saved to /root/autodl-tmp/em_eqf/experiments/mixer_tpp_ablation_chuandian/runs/mixer_tpp_ablation_tpp_b_seed_0/last_model_1.pth
2026-05-15 15:56:40,375 INFO src.train.trainer: Epoch 32
2026-05-15 15:56:40,493 INFO src.train.trainer: Last model at epoch 32 saved to /root/autodl-tmp/em_eqf/experiments/mixer_tpp_ablation_chuandian/runs/mixer_tpp_ablation_tpp_b_seed_0/last_model_1.pth
2026-05-15 15:56:40,494 INFO src.train.trainer: Epoch 33
2026-05-15 15:56:40,612 INFO src.train.trainer: Last model at epoch 33 saved to /root/autodl-tmp/em_eqf/experiments/mixer_tpp_ablation_chuandian/runs/mixer_tpp_ablation_tpp_b_seed_0/last_model_1.pth
2026-05-15 15:56:40,612 INFO src.train.trainer: Epoch 34
2026-05-15 15:56:40,726 INFO src.train.trainer: Last model at epoch 34 saved to /root/autodl-tmp/em_eqf/experiments/mixer_tpp_ablation_chuandian/runs/mixer_tpp_ablation_tpp_b_seed_0/last_model_1.pth
2026-05-15 15:56:40,727 INFO src.train.trainer: Epoch 35
2026-05-15 15:56:40,837 INFO src.train.trainer: Last model at epoch 35 saved to /root/autodl-tmp/em_eqf/experiments/mixer_tpp_ablation_chuandian/runs/mixer_tpp_ablation_tpp_b_seed_0/last_model_1.pth
2026-05-15 15:56:40,837 INFO src.train.trainer: Epoch 36
2026-05-15 15:56:40,954 INFO src.train.trainer: Last model at epoch 36 saved to /root/autodl-tmp/em_eqf/experiments/mixer_tpp_ablation_chuandian/runs/mixer_tpp_ablation_tpp_b_seed_0/last_model_1.pth
2026-05-15 15:56:40,954 INFO src.train.trainer: Epoch 37
2026-05-15 15:56:41,069 INFO src.train.trainer: Last model at epoch 37 saved to /root/autodl-tmp/em_eqf/experiments/mixer_tpp_ablation_chuandian/runs/mixer_tpp_ablation_tpp_b_seed_0/last_model_1.pth
2026-05-15 15:56:41,069 INFO src.train.trainer: Epoch 38
2026-05-15 15:56:41,185 INFO src.train.trainer: Last model at epoch 38 saved to /root/autodl-tmp/em_eqf/experiments/mixer_tpp_ablation_chuandian/runs/mixer_tpp_ablation_tpp_b_seed_0/last_model_1.pth
2026-05-15 15:56:41,185 INFO src.train.trainer: Epoch 39
2026-05-15 15:56:41,300 INFO src.train.trainer: Last model at epoch 39 saved to /root/autodl-tmp/em_eqf/experiments/mixer_tpp_ablation_chuandian/runs/mixer_tpp_ablation_tpp_b_seed_0/last_model_1.pth
2026-05-15 15:56:41,301 INFO src.train.trainer: Epoch 40
2026-05-15 15:56:41,434 INFO src.train.trainer: Last model at epoch 40 saved to /root/autodl-tmp/em_eqf/experiments/mixer_tpp_ablation_chuandian/runs/mixer_tpp_ablation_tpp_b_seed_0/last_model_1.pth
2026-05-15 15:56:41,435 INFO src.train.trainer: Epoch 41
2026-05-15 15:56:41,537 INFO src.train.trainer: Last model at epoch 41 saved to /root/autodl-tmp/em_eqf/experiments/mixer_tpp_ablation_chuandian/runs/mixer_tpp_ablation_tpp_b_seed_0/last_model_1.pth
2026-05-15 15:56:41,537 INFO src.train.trainer: Epoch 42
2026-05-15 15:56:41,661 INFO src.train.trainer: Last model at epoch 42 saved to /root/autodl-tmp/em_eqf/experiments/mixer_tpp_ablation_chuandian/runs/mixer_tpp_ablation_tpp_b_seed_0/last_model_1.pth
2026-05-15 15:56:41,661 INFO src.train.trainer: Epoch 43
2026-05-15 15:56:41,779 INFO src.train.trainer: Last model at epoch 43 saved to /root/autodl-tmp/em_eqf/experiments/mixer_tpp_ablation_chuandian/runs/mixer_tpp_ablation_tpp_b_seed_0/last_model_1.pth
2026-05-15 15:56:41,779 INFO src.train.trainer: Epoch 44
2026-05-15 15:56:41,898 INFO src.train.trainer: Last model at epoch 44 saved to /root/autodl-tmp/em_eqf/experiments/mixer_tpp_ablation_chuandian/runs/mixer_tpp_ablation_tpp_b_seed_0/last_model_1.pth
2026-05-15 15:56:41,899 INFO src.train.trainer: Epoch 45
2026-05-15 15:56:42,011 INFO src.train.trainer: Last model at epoch 45 saved to /root/autodl-tmp/em_eqf/experiments/mixer_tpp_ablation_chuandian/runs/mixer_tpp_ablation_tpp_b_seed_0/last_model_1.pth
2026-05-15 15:56:42,011 INFO src.train.trainer: Epoch 46
2026-05-15 15:56:42,122 INFO src.train.trainer: Last model at epoch 46 saved to /root/autodl-tmp/em_eqf/experiments/mixer_tpp_ablation_chuandian/runs/mixer_tpp_ablation_tpp_b_seed_0/last_model_1.pth
2026-05-15 15:56:42,122 INFO src.train.trainer: Epoch 47
2026-05-15 15:56:42,235 INFO src.train.trainer: Last model at epoch 47 saved to /root/autodl-tmp/em_eqf/experiments/mixer_tpp_ablation_chuandian/runs/mixer_tpp_ablation_tpp_b_seed_0/last_model_1.pth
2026-05-15 15:56:42,235 INFO src.train.trainer: Epoch 48
2026-05-15 15:56:42,348 INFO src.train.trainer: Last model at epoch 48 saved to /root/autodl-tmp/em_eqf/experiments/mixer_tpp_ablation_chuandian/runs/mixer_tpp_ablation_tpp_b_seed_0/last_model_1.pth
2026-05-15 15:56:42,349 INFO src.train.trainer: Epoch 49
2026-05-15 15:56:42,457 INFO src.train.trainer: Last model at epoch 49 saved to /root/autodl-tmp/em_eqf/experiments/mixer_tpp_ablation_chuandian/runs/mixer_tpp_ablation_tpp_b_seed_0/last_model_1.pth
2026-05-15 15:56:42,457 INFO src.train.trainer: Epoch 50
2026-05-15 15:56:42,568 INFO src.train.trainer: Last model at epoch 50 saved to /root/autodl-tmp/em_eqf/experiments/mixer_tpp_ablation_chuandian/runs/mixer_tpp_ablation_tpp_b_seed_0/last_model_1.pth
2026-05-15 15:56:42,568 INFO src.train.trainer: Epoch 51
2026-05-15 15:56:42,691 INFO src.train.trainer: Last model at epoch 51 saved to /root/autodl-tmp/em_eqf/experiments/mixer_tpp_ablation_chuandian/runs/mixer_tpp_ablation_tpp_b_seed_0/last_model_1.pth
2026-05-15 15:56:42,691 INFO src.train.trainer: Epoch 52
2026-05-15 15:56:42,804 INFO src.train.trainer: Last model at epoch 52 saved to /root/autodl-tmp/em_eqf/experiments/mixer_tpp_ablation_chuandian/runs/mixer_tpp_ablation_tpp_b_seed_0/last_model_1.pth
2026-05-15 15:56:42,804 INFO src.train.trainer: Epoch 53
2026-05-15 15:56:42,947 INFO src.train.trainer: Last model at epoch 53 saved to /root/autodl-tmp/em_eqf/experiments/mixer_tpp_ablation_chuandian/runs/mixer_tpp_ablation_tpp_b_seed_0/last_model_1.pth
2026-05-15 15:56:42,947 INFO src.train.trainer: Epoch 54
2026-05-15 15:56:43,062 INFO src.train.trainer: Last model at epoch 54 saved to /root/autodl-tmp/em_eqf/experiments/mixer_tpp_ablation_chuandian/runs/mixer_tpp_ablation_tpp_b_seed_0/last_model_1.pth
2026-05-15 15:56:43,062 INFO src.train.trainer: Epoch 55
2026-05-15 15:56:43,185 INFO src.train.trainer: Last model at epoch 55 saved to /root/autodl-tmp/em_eqf/experiments/mixer_tpp_ablation_chuandian/runs/mixer_tpp_ablation_tpp_b_seed_0/last_model_1.pth
2026-05-15 15:56:43,185 INFO src.train.trainer: Epoch 56
2026-05-15 15:56:43,296 INFO src.train.trainer: Last model at epoch 56 saved to /root/autodl-tmp/em_eqf/experiments/mixer_tpp_ablation_chuandian/runs/mixer_tpp_ablation_tpp_b_seed_0/last_model_1.pth
2026-05-15 15:56:43,296 INFO src.train.trainer: Epoch 57
2026-05-15 15:56:43,411 INFO src.train.trainer: Last model at epoch 57 saved to /root/autodl-tmp/em_eqf/experiments/mixer_tpp_ablation_chuandian/runs/mixer_tpp_ablation_tpp_b_seed_0/last_model_1.pth
2026-05-15 15:56:43,411 INFO src.train.trainer: Epoch 58
2026-05-15 15:56:43,524 INFO src.train.trainer: Last model at epoch 58 saved to /root/autodl-tmp/em_eqf/experiments/mixer_tpp_ablation_chuandian/runs/mixer_tpp_ablation_tpp_b_seed_0/last_model_1.pth
2026-05-15 15:56:43,524 INFO src.train.trainer: Epoch 59
2026-05-15 15:56:43,640 INFO src.train.trainer: Last model at epoch 59 saved to /root/autodl-tmp/em_eqf/experiments/mixer_tpp_ablation_chuandian/runs/mixer_tpp_ablation_tpp_b_seed_0/last_model_1.pth
2026-05-15 15:56:43,640 INFO src.train.trainer: Epoch 60
2026-05-15 15:56:43,754 INFO src.train.trainer: Last model at epoch 60 saved to /root/autodl-tmp/em_eqf/experiments/mixer_tpp_ablation_chuandian/runs/mixer_tpp_ablation_tpp_b_seed_0/last_model_1.pth
2026-05-15 15:56:43,754 INFO src.train.trainer: Epoch 61
2026-05-15 15:56:43,865 INFO src.train.trainer: Last model at epoch 61 saved to /root/autodl-tmp/em_eqf/experiments/mixer_tpp_ablation_chuandian/runs/mixer_tpp_ablation_tpp_b_seed_0/last_model_1.pth
2026-05-15 15:56:43,865 INFO src.train.trainer: Epoch 62
2026-05-15 15:56:43,979 INFO src.train.trainer: Last model at epoch 62 saved to /root/autodl-tmp/em_eqf/experiments/mixer_tpp_ablation_chuandian/runs/mixer_tpp_ablation_tpp_b_seed_0/last_model_1.pth
2026-05-15 15:56:43,979 INFO src.train.trainer: Epoch 63
2026-05-15 15:56:44,090 INFO src.train.trainer: Last model at epoch 63 saved to /root/autodl-tmp/em_eqf/experiments/mixer_tpp_ablation_chuandian/runs/mixer_tpp_ablation_tpp_b_seed_0/last_model_1.pth
2026-05-15 15:56:44,090 INFO src.train.trainer: Epoch 64
2026-05-15 15:56:44,206 INFO src.train.trainer: Last model at epoch 64 saved to /root/autodl-tmp/em_eqf/experiments/mixer_tpp_ablation_chuandian/runs/mixer_tpp_ablation_tpp_b_seed_0/last_model_1.pth
2026-05-15 15:56:44,206 INFO src.train.trainer: Epoch 65
2026-05-15 15:56:44,320 INFO src.train.trainer: Last model at epoch 65 saved to /root/autodl-tmp/em_eqf/experiments/mixer_tpp_ablation_chuandian/runs/mixer_tpp_ablation_tpp_b_seed_0/last_model_1.pth
2026-05-15 15:56:44,320 INFO src.train.trainer: Epoch 66
2026-05-15 15:56:44,433 INFO src.train.trainer: Last model at epoch 66 saved to /root/autodl-tmp/em_eqf/experiments/mixer_tpp_ablation_chuandian/runs/mixer_tpp_ablation_tpp_b_seed_0/last_model_1.pth
2026-05-15 15:56:44,433 INFO src.train.trainer: Epoch 67
2026-05-15 15:56:44,547 INFO src.train.trainer: Last model at epoch 67 saved to /root/autodl-tmp/em_eqf/experiments/mixer_tpp_ablation_chuandian/runs/mixer_tpp_ablation_tpp_b_seed_0/last_model_1.pth
2026-05-15 15:56:44,547 INFO src.train.trainer: Epoch 68
2026-05-15 15:56:44,675 INFO src.train.trainer: New best validation loss: 0.9335, saved to /root/autodl-tmp/em_eqf/experiments/mixer_tpp_ablation_chuandian/runs/mixer_tpp_ablation_tpp_b_seed_0/best_model_1.pth
2026-05-15 15:56:44,681 INFO src.train.trainer: Last model at epoch 68 saved to /root/autodl-tmp/em_eqf/experiments/mixer_tpp_ablation_chuandian/runs/mixer_tpp_ablation_tpp_b_seed_0/last_model_1.pth
2026-05-15 15:56:44,681 INFO src.train.trainer: Epoch 69
2026-05-15 15:56:44,794 INFO src.train.trainer: New best validation loss: 0.9265, saved to /root/autodl-tmp/em_eqf/experiments/mixer_tpp_ablation_chuandian/runs/mixer_tpp_ablation_tpp_b_seed_0/best_model_1.pth
2026-05-15 15:56:44,800 INFO src.train.trainer: Last model at epoch 69 saved to /root/autodl-tmp/em_eqf/experiments/mixer_tpp_ablation_chuandian/runs/mixer_tpp_ablation_tpp_b_seed_0/last_model_1.pth
2026-05-15 15:56:44,800 INFO src.train.trainer: Epoch 70
2026-05-15 15:56:44,904 INFO src.train.trainer: New best validation loss: 0.9223, saved to /root/autodl-tmp/em_eqf/experiments/mixer_tpp_ablation_chuandian/runs/mixer_tpp_ablation_tpp_b_seed_0/best_model_1.pth
2026-05-15 15:56:44,911 INFO src.train.trainer: Last model at epoch 70 saved to /root/autodl-tmp/em_eqf/experiments/mixer_tpp_ablation_chuandian/runs/mixer_tpp_ablation_tpp_b_seed_0/last_model_1.pth
2026-05-15 15:56:44,911 INFO src.train.trainer: Epoch 71
2026-05-15 15:56:45,016 INFO src.train.trainer: New best validation loss: 0.9198, saved to /root/autodl-tmp/em_eqf/experiments/mixer_tpp_ablation_chuandian/runs/mixer_tpp_ablation_tpp_b_seed_0/best_model_1.pth
2026-05-15 15:56:45,022 INFO src.train.trainer: Last model at epoch 71 saved to /root/autodl-tmp/em_eqf/experiments/mixer_tpp_ablation_chuandian/runs/mixer_tpp_ablation_tpp_b_seed_0/last_model_1.pth
2026-05-15 15:56:45,022 INFO src.train.trainer: Epoch 72
2026-05-15 15:56:45,131 INFO src.train.trainer: New best validation loss: 0.9188, saved to /root/autodl-tmp/em_eqf/experiments/mixer_tpp_ablation_chuandian/runs/mixer_tpp_ablation_tpp_b_seed_0/best_model_1.pth
2026-05-15 15:56:45,138 INFO src.train.trainer: Last model at epoch 72 saved to /root/autodl-tmp/em_eqf/experiments/mixer_tpp_ablation_chuandian/runs/mixer_tpp_ablation_tpp_b_seed_0/last_model_1.pth
2026-05-15 15:56:45,138 INFO src.train.trainer: Epoch 73
2026-05-15 15:56:45,242 INFO src.train.trainer: New best validation loss: 0.9175, saved to /root/autodl-tmp/em_eqf/experiments/mixer_tpp_ablation_chuandian/runs/mixer_tpp_ablation_tpp_b_seed_0/best_model_1.pth
2026-05-15 15:56:45,248 INFO src.train.trainer: Last model at epoch 73 saved to /root/autodl-tmp/em_eqf/experiments/mixer_tpp_ablation_chuandian/runs/mixer_tpp_ablation_tpp_b_seed_0/last_model_1.pth
2026-05-15 15:56:45,248 INFO src.train.trainer: Epoch 74
2026-05-15 15:56:45,353 INFO src.train.trainer: Last model at epoch 74 saved to /root/autodl-tmp/em_eqf/experiments/mixer_tpp_ablation_chuandian/runs/mixer_tpp_ablation_tpp_b_seed_0/last_model_1.pth
2026-05-15 15:56:45,353 INFO src.train.trainer: Epoch 75
2026-05-15 15:56:45,464 INFO src.train.trainer: Last model at epoch 75 saved to /root/autodl-tmp/em_eqf/experiments/mixer_tpp_ablation_chuandian/runs/mixer_tpp_ablation_tpp_b_seed_0/last_model_1.pth
2026-05-15 15:56:45,464 INFO src.train.trainer: Epoch 76
2026-05-15 15:56:45,573 INFO src.train.trainer: Last model at epoch 76 saved to /root/autodl-tmp/em_eqf/experiments/mixer_tpp_ablation_chuandian/runs/mixer_tpp_ablation_tpp_b_seed_0/last_model_1.pth
2026-05-15 15:56:45,573 INFO src.train.trainer: Epoch 77
2026-05-15 15:56:45,680 INFO src.train.trainer: Last model at epoch 77 saved to /root/autodl-tmp/em_eqf/experiments/mixer_tpp_ablation_chuandian/runs/mixer_tpp_ablation_tpp_b_seed_0/last_model_1.pth
2026-05-15 15:56:45,680 INFO src.train.trainer: Epoch 78
2026-05-15 15:56:45,789 INFO src.train.trainer: Last model at epoch 78 saved to /root/autodl-tmp/em_eqf/experiments/mixer_tpp_ablation_chuandian/runs/mixer_tpp_ablation_tpp_b_seed_0/last_model_1.pth
2026-05-15 15:56:45,789 INFO src.train.trainer: Epoch 79
2026-05-15 15:56:45,901 INFO src.train.trainer: Last model at epoch 79 saved to /root/autodl-tmp/em_eqf/experiments/mixer_tpp_ablation_chuandian/runs/mixer_tpp_ablation_tpp_b_seed_0/last_model_1.pth
2026-05-15 15:56:45,902 INFO src.train.trainer: Epoch 80
2026-05-15 15:56:46,016 INFO src.train.trainer: Last model at epoch 80 saved to /root/autodl-tmp/em_eqf/experiments/mixer_tpp_ablation_chuandian/runs/mixer_tpp_ablation_tpp_b_seed_0/last_model_1.pth
2026-05-15 15:56:46,016 INFO src.train.trainer: Epoch 81
2026-05-15 15:56:46,129 INFO src.train.trainer: Last model at epoch 81 saved to /root/autodl-tmp/em_eqf/experiments/mixer_tpp_ablation_chuandian/runs/mixer_tpp_ablation_tpp_b_seed_0/last_model_1.pth
2026-05-15 15:56:46,129 INFO src.train.trainer: Epoch 82
2026-05-15 15:56:46,238 INFO src.train.trainer: Last model at epoch 82 saved to /root/autodl-tmp/em_eqf/experiments/mixer_tpp_ablation_chuandian/runs/mixer_tpp_ablation_tpp_b_seed_0/last_model_1.pth
2026-05-15 15:56:46,238 INFO src.train.trainer: Epoch 83
2026-05-15 15:56:46,352 INFO src.train.trainer: Last model at epoch 83 saved to /root/autodl-tmp/em_eqf/experiments/mixer_tpp_ablation_chuandian/runs/mixer_tpp_ablation_tpp_b_seed_0/last_model_1.pth
2026-05-15 15:56:46,352 INFO src.train.trainer: Epoch 84
2026-05-15 15:56:46,471 INFO src.train.trainer: Last model at epoch 84 saved to /root/autodl-tmp/em_eqf/experiments/mixer_tpp_ablation_chuandian/runs/mixer_tpp_ablation_tpp_b_seed_0/last_model_1.pth
2026-05-15 15:56:46,471 INFO src.train.trainer: Epoch 85
2026-05-15 15:56:46,583 INFO src.train.trainer: Last model at epoch 85 saved to /root/autodl-tmp/em_eqf/experiments/mixer_tpp_ablation_chuandian/runs/mixer_tpp_ablation_tpp_b_seed_0/last_model_1.pth
2026-05-15 15:56:46,583 INFO src.train.trainer: Epoch 86
2026-05-15 15:56:46,696 INFO src.train.trainer: Last model at epoch 86 saved to /root/autodl-tmp/em_eqf/experiments/mixer_tpp_ablation_chuandian/runs/mixer_tpp_ablation_tpp_b_seed_0/last_model_1.pth
2026-05-15 15:56:46,696 INFO src.train.trainer: Epoch 87
2026-05-15 15:56:46,817 INFO src.train.trainer: Last model at epoch 87 saved to /root/autodl-tmp/em_eqf/experiments/mixer_tpp_ablation_chuandian/runs/mixer_tpp_ablation_tpp_b_seed_0/last_model_1.pth
2026-05-15 15:56:46,817 INFO src.train.trainer: Epoch 88
2026-05-15 15:56:46,933 INFO src.train.trainer: Last model at epoch 88 saved to /root/autodl-tmp/em_eqf/experiments/mixer_tpp_ablation_chuandian/runs/mixer_tpp_ablation_tpp_b_seed_0/last_model_1.pth
2026-05-15 15:56:46,933 INFO src.train.trainer: Epoch 89
2026-05-15 15:56:47,076 INFO src.train.trainer: New best validation loss: 0.9153, saved to /root/autodl-tmp/em_eqf/experiments/mixer_tpp_ablation_chuandian/runs/mixer_tpp_ablation_tpp_b_seed_0/best_model_1.pth
2026-05-15 15:56:47,081 INFO src.train.trainer: Last model at epoch 89 saved to /root/autodl-tmp/em_eqf/experiments/mixer_tpp_ablation_chuandian/runs/mixer_tpp_ablation_tpp_b_seed_0/last_model_1.pth
2026-05-15 15:56:47,081 INFO src.train.trainer: Epoch 90
2026-05-15 15:56:47,205 INFO src.train.trainer: Last model at epoch 90 saved to /root/autodl-tmp/em_eqf/experiments/mixer_tpp_ablation_chuandian/runs/mixer_tpp_ablation_tpp_b_seed_0/last_model_1.pth
2026-05-15 15:56:47,205 INFO src.train.trainer: Epoch 91
2026-05-15 15:56:47,319 INFO src.train.trainer: Last model at epoch 91 saved to /root/autodl-tmp/em_eqf/experiments/mixer_tpp_ablation_chuandian/runs/mixer_tpp_ablation_tpp_b_seed_0/last_model_1.pth
2026-05-15 15:56:47,319 INFO src.train.trainer: Epoch 92
2026-05-15 15:56:47,427 INFO src.train.trainer: New best validation loss: 0.9136, saved to /root/autodl-tmp/em_eqf/experiments/mixer_tpp_ablation_chuandian/runs/mixer_tpp_ablation_tpp_b_seed_0/best_model_1.pth
2026-05-15 15:56:47,433 INFO src.train.trainer: Last model at epoch 92 saved to /root/autodl-tmp/em_eqf/experiments/mixer_tpp_ablation_chuandian/runs/mixer_tpp_ablation_tpp_b_seed_0/last_model_1.pth
2026-05-15 15:56:47,433 INFO src.train.trainer: Epoch 93
2026-05-15 15:56:47,558 INFO src.train.trainer: Last model at epoch 93 saved to /root/autodl-tmp/em_eqf/experiments/mixer_tpp_ablation_chuandian/runs/mixer_tpp_ablation_tpp_b_seed_0/last_model_1.pth
2026-05-15 15:56:47,558 INFO src.train.trainer: Epoch 94
2026-05-15 15:56:47,703 INFO src.train.trainer: Last model at epoch 94 saved to /root/autodl-tmp/em_eqf/experiments/mixer_tpp_ablation_chuandian/runs/mixer_tpp_ablation_tpp_b_seed_0/last_model_1.pth
2026-05-15 15:56:47,703 INFO src.train.trainer: Epoch 95
2026-05-15 15:56:47,833 INFO src.train.trainer: Last model at epoch 95 saved to /root/autodl-tmp/em_eqf/experiments/mixer_tpp_ablation_chuandian/runs/mixer_tpp_ablation_tpp_b_seed_0/last_model_1.pth
2026-05-15 15:56:47,834 INFO src.train.trainer: Epoch 96
2026-05-15 15:56:47,940 INFO src.train.trainer: Last model at epoch 96 saved to /root/autodl-tmp/em_eqf/experiments/mixer_tpp_ablation_chuandian/runs/mixer_tpp_ablation_tpp_b_seed_0/last_model_1.pth
2026-05-15 15:56:47,940 INFO src.train.trainer: Epoch 97
2026-05-15 15:56:48,048 INFO src.train.trainer: Last model at epoch 97 saved to /root/autodl-tmp/em_eqf/experiments/mixer_tpp_ablation_chuandian/runs/mixer_tpp_ablation_tpp_b_seed_0/last_model_1.pth
2026-05-15 15:56:48,048 INFO src.train.trainer: Epoch 98
2026-05-15 15:56:48,162 INFO src.train.trainer: Last model at epoch 98 saved to /root/autodl-tmp/em_eqf/experiments/mixer_tpp_ablation_chuandian/runs/mixer_tpp_ablation_tpp_b_seed_0/last_model_1.pth
2026-05-15 15:56:48,162 INFO src.train.trainer: Epoch 99
2026-05-15 15:56:48,274 INFO src.train.trainer: Last model at epoch 99 saved to /root/autodl-tmp/em_eqf/experiments/mixer_tpp_ablation_chuandian/runs/mixer_tpp_ablation_tpp_b_seed_0/last_model_1.pth
2026-05-15 15:56:48,274 INFO src.train.trainer: Epoch 100
2026-05-15 15:56:48,385 INFO src.train.trainer: Last model at epoch 100 saved to /root/autodl-tmp/em_eqf/experiments/mixer_tpp_ablation_chuandian/runs/mixer_tpp_ablation_tpp_b_seed_0/last_model_1.pth
2026-05-15 15:56:48,385 INFO src.train.trainer: Epoch 101
2026-05-15 15:56:48,499 INFO src.train.trainer: New best validation loss: 0.9131, saved to /root/autodl-tmp/em_eqf/experiments/mixer_tpp_ablation_chuandian/runs/mixer_tpp_ablation_tpp_b_seed_0/best_model_1.pth
2026-05-15 15:56:48,504 INFO src.train.trainer: Last model at epoch 101 saved to /root/autodl-tmp/em_eqf/experiments/mixer_tpp_ablation_chuandian/runs/mixer_tpp_ablation_tpp_b_seed_0/last_model_1.pth
2026-05-15 15:56:48,504 INFO src.train.trainer: Epoch 102
2026-05-15 15:56:48,625 INFO src.train.trainer: New best validation loss: 0.9127, saved to /root/autodl-tmp/em_eqf/experiments/mixer_tpp_ablation_chuandian/runs/mixer_tpp_ablation_tpp_b_seed_0/best_model_1.pth
2026-05-15 15:56:48,630 INFO src.train.trainer: Last model at epoch 102 saved to /root/autodl-tmp/em_eqf/experiments/mixer_tpp_ablation_chuandian/runs/mixer_tpp_ablation_tpp_b_seed_0/last_model_1.pth
2026-05-15 15:56:48,631 INFO src.train.trainer: Epoch 103
2026-05-15 15:56:48,753 INFO src.train.trainer: Last model at epoch 103 saved to /root/autodl-tmp/em_eqf/experiments/mixer_tpp_ablation_chuandian/runs/mixer_tpp_ablation_tpp_b_seed_0/last_model_1.pth
2026-05-15 15:56:48,753 INFO src.train.trainer: Epoch 104
2026-05-15 15:56:48,868 INFO src.train.trainer: Last model at epoch 104 saved to /root/autodl-tmp/em_eqf/experiments/mixer_tpp_ablation_chuandian/runs/mixer_tpp_ablation_tpp_b_seed_0/last_model_1.pth
2026-05-15 15:56:48,869 INFO src.train.trainer: Epoch 105
2026-05-15 15:56:48,986 INFO src.train.trainer: New best validation loss: 0.9114, saved to /root/autodl-tmp/em_eqf/experiments/mixer_tpp_ablation_chuandian/runs/mixer_tpp_ablation_tpp_b_seed_0/best_model_1.pth
2026-05-15 15:56:48,992 INFO src.train.trainer: Last model at epoch 105 saved to /root/autodl-tmp/em_eqf/experiments/mixer_tpp_ablation_chuandian/runs/mixer_tpp_ablation_tpp_b_seed_0/last_model_1.pth
2026-05-15 15:56:48,992 INFO src.train.trainer: Epoch 106
2026-05-15 15:56:49,115 INFO src.train.trainer: Last model at epoch 106 saved to /root/autodl-tmp/em_eqf/experiments/mixer_tpp_ablation_chuandian/runs/mixer_tpp_ablation_tpp_b_seed_0/last_model_1.pth
2026-05-15 15:56:49,115 INFO src.train.trainer: Epoch 107
2026-05-15 15:56:49,236 INFO src.train.trainer: Last model at epoch 107 saved to /root/autodl-tmp/em_eqf/experiments/mixer_tpp_ablation_chuandian/runs/mixer_tpp_ablation_tpp_b_seed_0/last_model_1.pth
2026-05-15 15:56:49,236 INFO src.train.trainer: Epoch 108
2026-05-15 15:56:49,345 INFO src.train.trainer: Last model at epoch 108 saved to /root/autodl-tmp/em_eqf/experiments/mixer_tpp_ablation_chuandian/runs/mixer_tpp_ablation_tpp_b_seed_0/last_model_1.pth
2026-05-15 15:56:49,345 INFO src.train.trainer: Epoch 109
2026-05-15 15:56:49,464 INFO src.train.trainer: Last model at epoch 109 saved to /root/autodl-tmp/em_eqf/experiments/mixer_tpp_ablation_chuandian/runs/mixer_tpp_ablation_tpp_b_seed_0/last_model_1.pth
2026-05-15 15:56:49,464 INFO src.train.trainer: Epoch 110
2026-05-15 15:56:49,576 INFO src.train.trainer: Last model at epoch 110 saved to /root/autodl-tmp/em_eqf/experiments/mixer_tpp_ablation_chuandian/runs/mixer_tpp_ablation_tpp_b_seed_0/last_model_1.pth
2026-05-15 15:56:49,576 INFO src.train.trainer: Epoch 111
2026-05-15 15:56:49,688 INFO src.train.trainer: Last model at epoch 111 saved to /root/autodl-tmp/em_eqf/experiments/mixer_tpp_ablation_chuandian/runs/mixer_tpp_ablation_tpp_b_seed_0/last_model_1.pth
2026-05-15 15:56:49,688 INFO src.train.trainer: Epoch 112
2026-05-15 15:56:49,804 INFO src.train.trainer: Last model at epoch 112 saved to /root/autodl-tmp/em_eqf/experiments/mixer_tpp_ablation_chuandian/runs/mixer_tpp_ablation_tpp_b_seed_0/last_model_1.pth
2026-05-15 15:56:49,804 INFO src.train.trainer: Epoch 113
2026-05-15 15:56:49,929 INFO src.train.trainer: Last model at epoch 113 saved to /root/autodl-tmp/em_eqf/experiments/mixer_tpp_ablation_chuandian/runs/mixer_tpp_ablation_tpp_b_seed_0/last_model_1.pth
2026-05-15 15:56:49,929 INFO src.train.trainer: Epoch 114
2026-05-15 15:56:50,048 INFO src.train.trainer: Last model at epoch 114 saved to /root/autodl-tmp/em_eqf/experiments/mixer_tpp_ablation_chuandian/runs/mixer_tpp_ablation_tpp_b_seed_0/last_model_1.pth
2026-05-15 15:56:50,048 INFO src.train.trainer: Epoch 115
2026-05-15 15:56:50,166 INFO src.train.trainer: Last model at epoch 115 saved to /root/autodl-tmp/em_eqf/experiments/mixer_tpp_ablation_chuandian/runs/mixer_tpp_ablation_tpp_b_seed_0/last_model_1.pth
2026-05-15 15:56:50,166 INFO src.train.trainer: Epoch 116
2026-05-15 15:56:50,283 INFO src.train.trainer: Last model at epoch 116 saved to /root/autodl-tmp/em_eqf/experiments/mixer_tpp_ablation_chuandian/runs/mixer_tpp_ablation_tpp_b_seed_0/last_model_1.pth
2026-05-15 15:56:50,284 INFO src.train.trainer: Epoch 117
2026-05-15 15:56:50,398 INFO src.train.trainer: Last model at epoch 117 saved to /root/autodl-tmp/em_eqf/experiments/mixer_tpp_ablation_chuandian/runs/mixer_tpp_ablation_tpp_b_seed_0/last_model_1.pth
2026-05-15 15:56:50,398 INFO src.train.trainer: Epoch 118
2026-05-15 15:56:50,512 INFO src.train.trainer: Last model at epoch 118 saved to /root/autodl-tmp/em_eqf/experiments/mixer_tpp_ablation_chuandian/runs/mixer_tpp_ablation_tpp_b_seed_0/last_model_1.pth
2026-05-15 15:56:50,513 INFO src.train.trainer: Epoch 119
2026-05-15 15:56:50,636 INFO src.train.trainer: Last model at epoch 119 saved to /root/autodl-tmp/em_eqf/experiments/mixer_tpp_ablation_chuandian/runs/mixer_tpp_ablation_tpp_b_seed_0/last_model_1.pth
2026-05-15 15:56:50,636 INFO src.train.trainer: Epoch 120
2026-05-15 15:56:50,786 INFO src.train.trainer: Last model at epoch 120 saved to /root/autodl-tmp/em_eqf/experiments/mixer_tpp_ablation_chuandian/runs/mixer_tpp_ablation_tpp_b_seed_0/last_model_1.pth
2026-05-15 15:56:50,786 INFO src.train.trainer: Epoch 121
2026-05-15 15:56:50,916 INFO src.train.trainer: Last model at epoch 121 saved to /root/autodl-tmp/em_eqf/experiments/mixer_tpp_ablation_chuandian/runs/mixer_tpp_ablation_tpp_b_seed_0/last_model_1.pth
2026-05-15 15:56:50,916 INFO src.train.trainer: Epoch 122
2026-05-15 15:56:51,030 INFO src.train.trainer: Last model at epoch 122 saved to /root/autodl-tmp/em_eqf/experiments/mixer_tpp_ablation_chuandian/runs/mixer_tpp_ablation_tpp_b_seed_0/last_model_1.pth
2026-05-15 15:56:51,030 INFO src.train.trainer: Epoch 123
2026-05-15 15:56:51,137 INFO src.train.trainer: New best validation loss: 0.9111, saved to /root/autodl-tmp/em_eqf/experiments/mixer_tpp_ablation_chuandian/runs/mixer_tpp_ablation_tpp_b_seed_0/best_model_1.pth
2026-05-15 15:56:51,143 INFO src.train.trainer: Last model at epoch 123 saved to /root/autodl-tmp/em_eqf/experiments/mixer_tpp_ablation_chuandian/runs/mixer_tpp_ablation_tpp_b_seed_0/last_model_1.pth
2026-05-15 15:56:51,143 INFO src.train.trainer: Epoch 124
2026-05-15 15:56:51,269 INFO src.train.trainer: New best validation loss: 0.9095, saved to /root/autodl-tmp/em_eqf/experiments/mixer_tpp_ablation_chuandian/runs/mixer_tpp_ablation_tpp_b_seed_0/best_model_1.pth
2026-05-15 15:56:51,275 INFO src.train.trainer: Last model at epoch 124 saved to /root/autodl-tmp/em_eqf/experiments/mixer_tpp_ablation_chuandian/runs/mixer_tpp_ablation_tpp_b_seed_0/last_model_1.pth
2026-05-15 15:56:51,275 INFO src.train.trainer: Epoch 125
2026-05-15 15:56:51,417 INFO src.train.trainer: Last model at epoch 125 saved to /root/autodl-tmp/em_eqf/experiments/mixer_tpp_ablation_chuandian/runs/mixer_tpp_ablation_tpp_b_seed_0/last_model_1.pth
2026-05-15 15:56:51,418 INFO src.train.trainer: Epoch 126
2026-05-15 15:56:51,528 INFO src.train.trainer: Last model at epoch 126 saved to /root/autodl-tmp/em_eqf/experiments/mixer_tpp_ablation_chuandian/runs/mixer_tpp_ablation_tpp_b_seed_0/last_model_1.pth
2026-05-15 15:56:51,528 INFO src.train.trainer: Epoch 127
2026-05-15 15:56:51,660 INFO src.train.trainer: New best validation loss: 0.9086, saved to /root/autodl-tmp/em_eqf/experiments/mixer_tpp_ablation_chuandian/runs/mixer_tpp_ablation_tpp_b_seed_0/best_model_1.pth
2026-05-15 15:56:51,666 INFO src.train.trainer: Last model at epoch 127 saved to /root/autodl-tmp/em_eqf/experiments/mixer_tpp_ablation_chuandian/runs/mixer_tpp_ablation_tpp_b_seed_0/last_model_1.pth
2026-05-15 15:56:51,666 INFO src.train.trainer: Epoch 128
2026-05-15 15:56:51,795 INFO src.train.trainer: Last model at epoch 128 saved to /root/autodl-tmp/em_eqf/experiments/mixer_tpp_ablation_chuandian/runs/mixer_tpp_ablation_tpp_b_seed_0/last_model_1.pth
2026-05-15 15:56:51,795 INFO src.train.trainer: Epoch 129
2026-05-15 15:56:51,946 INFO src.train.trainer: Last model at epoch 129 saved to /root/autodl-tmp/em_eqf/experiments/mixer_tpp_ablation_chuandian/runs/mixer_tpp_ablation_tpp_b_seed_0/last_model_1.pth
2026-05-15 15:56:51,947 INFO src.train.trainer: Epoch 130
2026-05-15 15:56:52,063 INFO src.train.trainer: Last model at epoch 130 saved to /root/autodl-tmp/em_eqf/experiments/mixer_tpp_ablation_chuandian/runs/mixer_tpp_ablation_tpp_b_seed_0/last_model_1.pth
2026-05-15 15:56:52,063 INFO src.train.trainer: Epoch 131
2026-05-15 15:56:52,174 INFO src.train.trainer: Last model at epoch 131 saved to /root/autodl-tmp/em_eqf/experiments/mixer_tpp_ablation_chuandian/runs/mixer_tpp_ablation_tpp_b_seed_0/last_model_1.pth
2026-05-15 15:56:52,175 INFO src.train.trainer: Epoch 132
2026-05-15 15:56:52,300 INFO src.train.trainer: Last model at epoch 132 saved to /root/autodl-tmp/em_eqf/experiments/mixer_tpp_ablation_chuandian/runs/mixer_tpp_ablation_tpp_b_seed_0/last_model_1.pth
2026-05-15 15:56:52,300 INFO src.train.trainer: Epoch 133
2026-05-15 15:56:52,418 INFO src.train.trainer: Last model at epoch 133 saved to /root/autodl-tmp/em_eqf/experiments/mixer_tpp_ablation_chuandian/runs/mixer_tpp_ablation_tpp_b_seed_0/last_model_1.pth
2026-05-15 15:56:52,418 INFO src.train.trainer: Epoch 134
2026-05-15 15:56:52,540 INFO src.train.trainer: New best validation loss: 0.9070, saved to /root/autodl-tmp/em_eqf/experiments/mixer_tpp_ablation_chuandian/runs/mixer_tpp_ablation_tpp_b_seed_0/best_model_1.pth
2026-05-15 15:56:52,546 INFO src.train.trainer: Last model at epoch 134 saved to /root/autodl-tmp/em_eqf/experiments/mixer_tpp_ablation_chuandian/runs/mixer_tpp_ablation_tpp_b_seed_0/last_model_1.pth
2026-05-15 15:56:52,546 INFO src.train.trainer: Epoch 135
2026-05-15 15:56:52,682 INFO src.train.trainer: New best validation loss: 0.9060, saved to /root/autodl-tmp/em_eqf/experiments/mixer_tpp_ablation_chuandian/runs/mixer_tpp_ablation_tpp_b_seed_0/best_model_1.pth
2026-05-15 15:56:52,689 INFO src.train.trainer: Last model at epoch 135 saved to /root/autodl-tmp/em_eqf/experiments/mixer_tpp_ablation_chuandian/runs/mixer_tpp_ablation_tpp_b_seed_0/last_model_1.pth
2026-05-15 15:56:52,689 INFO src.train.trainer: Epoch 136
2026-05-15 15:56:52,802 INFO src.train.trainer: Last model at epoch 136 saved to /root/autodl-tmp/em_eqf/experiments/mixer_tpp_ablation_chuandian/runs/mixer_tpp_ablation_tpp_b_seed_0/last_model_1.pth
2026-05-15 15:56:52,802 INFO src.train.trainer: Epoch 137
2026-05-15 15:56:52,927 INFO src.train.trainer: Last model at epoch 137 saved to /root/autodl-tmp/em_eqf/experiments/mixer_tpp_ablation_chuandian/runs/mixer_tpp_ablation_tpp_b_seed_0/last_model_1.pth
2026-05-15 15:56:52,927 INFO src.train.trainer: Epoch 138
2026-05-15 15:56:53,041 INFO src.train.trainer: Last model at epoch 138 saved to /root/autodl-tmp/em_eqf/experiments/mixer_tpp_ablation_chuandian/runs/mixer_tpp_ablation_tpp_b_seed_0/last_model_1.pth
2026-05-15 15:56:53,041 INFO src.train.trainer: Epoch 139
2026-05-15 15:56:53,159 INFO src.train.trainer: Last model at epoch 139 saved to /root/autodl-tmp/em_eqf/experiments/mixer_tpp_ablation_chuandian/runs/mixer_tpp_ablation_tpp_b_seed_0/last_model_1.pth
2026-05-15 15:56:53,159 INFO src.train.trainer: Epoch 140
2026-05-15 15:56:53,292 INFO src.train.trainer: Last model at epoch 140 saved to /root/autodl-tmp/em_eqf/experiments/mixer_tpp_ablation_chuandian/runs/mixer_tpp_ablation_tpp_b_seed_0/last_model_1.pth
2026-05-15 15:56:53,292 INFO src.train.trainer: Epoch 141
2026-05-15 15:56:53,423 INFO src.train.trainer: Last model at epoch 141 saved to /root/autodl-tmp/em_eqf/experiments/mixer_tpp_ablation_chuandian/runs/mixer_tpp_ablation_tpp_b_seed_0/last_model_1.pth
2026-05-15 15:56:53,423 INFO src.train.trainer: Epoch 142
2026-05-15 15:56:53,536 INFO src.train.trainer: Last model at epoch 142 saved to /root/autodl-tmp/em_eqf/experiments/mixer_tpp_ablation_chuandian/runs/mixer_tpp_ablation_tpp_b_seed_0/last_model_1.pth
2026-05-15 15:56:53,536 INFO src.train.trainer: Epoch 143
2026-05-15 15:56:53,649 INFO src.train.trainer: Last model at epoch 143 saved to /root/autodl-tmp/em_eqf/experiments/mixer_tpp_ablation_chuandian/runs/mixer_tpp_ablation_tpp_b_seed_0/last_model_1.pth
2026-05-15 15:56:53,649 INFO src.train.trainer: Epoch 144
2026-05-15 15:56:53,781 INFO src.train.trainer: New best validation loss: 0.9045, saved to /root/autodl-tmp/em_eqf/experiments/mixer_tpp_ablation_chuandian/runs/mixer_tpp_ablation_tpp_b_seed_0/best_model_1.pth
2026-05-15 15:56:53,787 INFO src.train.trainer: Last model at epoch 144 saved to /root/autodl-tmp/em_eqf/experiments/mixer_tpp_ablation_chuandian/runs/mixer_tpp_ablation_tpp_b_seed_0/last_model_1.pth
2026-05-15 15:56:53,787 INFO src.train.trainer: Epoch 145
2026-05-15 15:56:53,894 INFO src.train.trainer: Last model at epoch 145 saved to /root/autodl-tmp/em_eqf/experiments/mixer_tpp_ablation_chuandian/runs/mixer_tpp_ablation_tpp_b_seed_0/last_model_1.pth
2026-05-15 15:56:53,894 INFO src.train.trainer: Epoch 146
2026-05-15 15:56:54,009 INFO src.train.trainer: Last model at epoch 146 saved to /root/autodl-tmp/em_eqf/experiments/mixer_tpp_ablation_chuandian/runs/mixer_tpp_ablation_tpp_b_seed_0/last_model_1.pth
2026-05-15 15:56:54,009 INFO src.train.trainer: Epoch 147
2026-05-15 15:56:54,143 INFO src.train.trainer: Last model at epoch 147 saved to /root/autodl-tmp/em_eqf/experiments/mixer_tpp_ablation_chuandian/runs/mixer_tpp_ablation_tpp_b_seed_0/last_model_1.pth
2026-05-15 15:56:54,143 INFO src.train.trainer: Epoch 148
2026-05-15 15:56:54,274 INFO src.train.trainer: Last model at epoch 148 saved to /root/autodl-tmp/em_eqf/experiments/mixer_tpp_ablation_chuandian/runs/mixer_tpp_ablation_tpp_b_seed_0/last_model_1.pth
2026-05-15 15:56:54,274 INFO src.train.trainer: Epoch 149
2026-05-15 15:56:54,381 INFO src.train.trainer: Last model at epoch 149 saved to /root/autodl-tmp/em_eqf/experiments/mixer_tpp_ablation_chuandian/runs/mixer_tpp_ablation_tpp_b_seed_0/last_model_1.pth
2026-05-15 15:56:54,381 INFO src.train.trainer: Epoch 150
2026-05-15 15:56:54,497 INFO src.train.trainer: Last model at epoch 150 saved to /root/autodl-tmp/em_eqf/experiments/mixer_tpp_ablation_chuandian/runs/mixer_tpp_ablation_tpp_b_seed_0/last_model_1.pth
2026-05-15 15:56:54,498 INFO src.train.trainer: Epoch 151
2026-05-15 15:56:54,614 INFO src.train.trainer: Last model at epoch 151 saved to /root/autodl-tmp/em_eqf/experiments/mixer_tpp_ablation_chuandian/runs/mixer_tpp_ablation_tpp_b_seed_0/last_model_1.pth
2026-05-15 15:56:54,614 INFO src.train.trainer: Epoch 152
2026-05-15 15:56:54,724 INFO src.train.trainer: New best validation loss: 0.9031, saved to /root/autodl-tmp/em_eqf/experiments/mixer_tpp_ablation_chuandian/runs/mixer_tpp_ablation_tpp_b_seed_0/best_model_1.pth
2026-05-15 15:56:54,731 INFO src.train.trainer: Last model at epoch 152 saved to /root/autodl-tmp/em_eqf/experiments/mixer_tpp_ablation_chuandian/runs/mixer_tpp_ablation_tpp_b_seed_0/last_model_1.pth
2026-05-15 15:56:54,731 INFO src.train.trainer: Epoch 153
2026-05-15 15:56:54,854 INFO src.train.trainer: Last model at epoch 153 saved to /root/autodl-tmp/em_eqf/experiments/mixer_tpp_ablation_chuandian/runs/mixer_tpp_ablation_tpp_b_seed_0/last_model_1.pth
2026-05-15 15:56:54,855 INFO src.train.trainer: Epoch 154
2026-05-15 15:56:54,969 INFO src.train.trainer: Last model at epoch 154 saved to /root/autodl-tmp/em_eqf/experiments/mixer_tpp_ablation_chuandian/runs/mixer_tpp_ablation_tpp_b_seed_0/last_model_1.pth
2026-05-15 15:56:54,969 INFO src.train.trainer: Epoch 155
2026-05-15 15:56:55,088 INFO src.train.trainer: Last model at epoch 155 saved to /root/autodl-tmp/em_eqf/experiments/mixer_tpp_ablation_chuandian/runs/mixer_tpp_ablation_tpp_b_seed_0/last_model_1.pth
2026-05-15 15:56:55,088 INFO src.train.trainer: Epoch 156
2026-05-15 15:56:55,235 INFO src.train.trainer: Last model at epoch 156 saved to /root/autodl-tmp/em_eqf/experiments/mixer_tpp_ablation_chuandian/runs/mixer_tpp_ablation_tpp_b_seed_0/last_model_1.pth
2026-05-15 15:56:55,235 INFO src.train.trainer: Epoch 157
2026-05-15 15:56:55,361 INFO src.train.trainer: Last model at epoch 157 saved to /root/autodl-tmp/em_eqf/experiments/mixer_tpp_ablation_chuandian/runs/mixer_tpp_ablation_tpp_b_seed_0/last_model_1.pth
2026-05-15 15:56:55,362 INFO src.train.trainer: Epoch 158
2026-05-15 15:56:55,472 INFO src.train.trainer: Last model at epoch 158 saved to /root/autodl-tmp/em_eqf/experiments/mixer_tpp_ablation_chuandian/runs/mixer_tpp_ablation_tpp_b_seed_0/last_model_1.pth
2026-05-15 15:56:55,473 INFO src.train.trainer: Epoch 159
2026-05-15 15:56:55,591 INFO src.train.trainer: Last model at epoch 159 saved to /root/autodl-tmp/em_eqf/experiments/mixer_tpp_ablation_chuandian/runs/mixer_tpp_ablation_tpp_b_seed_0/last_model_1.pth
2026-05-15 15:56:55,591 INFO src.train.trainer: Epoch 160
2026-05-15 15:56:55,705 INFO src.train.trainer: Last model at epoch 160 saved to /root/autodl-tmp/em_eqf/experiments/mixer_tpp_ablation_chuandian/runs/mixer_tpp_ablation_tpp_b_seed_0/last_model_1.pth
2026-05-15 15:56:55,705 INFO src.train.trainer: Epoch 161
2026-05-15 15:56:55,817 INFO src.train.trainer: Last model at epoch 161 saved to /root/autodl-tmp/em_eqf/experiments/mixer_tpp_ablation_chuandian/runs/mixer_tpp_ablation_tpp_b_seed_0/last_model_1.pth
2026-05-15 15:56:55,817 INFO src.train.trainer: Epoch 162
2026-05-15 15:56:55,929 INFO src.train.trainer: Last model at epoch 162 saved to /root/autodl-tmp/em_eqf/experiments/mixer_tpp_ablation_chuandian/runs/mixer_tpp_ablation_tpp_b_seed_0/last_model_1.pth
2026-05-15 15:56:55,929 INFO src.train.trainer: Epoch 163
2026-05-15 15:56:56,048 INFO src.train.trainer: Last model at epoch 163 saved to /root/autodl-tmp/em_eqf/experiments/mixer_tpp_ablation_chuandian/runs/mixer_tpp_ablation_tpp_b_seed_0/last_model_1.pth
2026-05-15 15:56:56,049 INFO src.train.trainer: Epoch 164
2026-05-15 15:56:56,184 INFO src.train.trainer: Last model at epoch 164 saved to /root/autodl-tmp/em_eqf/experiments/mixer_tpp_ablation_chuandian/runs/mixer_tpp_ablation_tpp_b_seed_0/last_model_1.pth
2026-05-15 15:56:56,184 INFO src.train.trainer: Epoch 165
2026-05-15 15:56:56,300 INFO src.train.trainer: Last model at epoch 165 saved to /root/autodl-tmp/em_eqf/experiments/mixer_tpp_ablation_chuandian/runs/mixer_tpp_ablation_tpp_b_seed_0/last_model_1.pth
2026-05-15 15:56:56,301 INFO src.train.trainer: Epoch 166
2026-05-15 15:56:56,418 INFO src.train.trainer: Last model at epoch 166 saved to /root/autodl-tmp/em_eqf/experiments/mixer_tpp_ablation_chuandian/runs/mixer_tpp_ablation_tpp_b_seed_0/last_model_1.pth
2026-05-15 15:56:56,418 INFO src.train.trainer: Epoch 167
2026-05-15 15:56:56,546 INFO src.train.trainer: Last model at epoch 167 saved to /root/autodl-tmp/em_eqf/experiments/mixer_tpp_ablation_chuandian/runs/mixer_tpp_ablation_tpp_b_seed_0/last_model_1.pth
2026-05-15 15:56:56,546 INFO src.train.trainer: Epoch 168
2026-05-15 15:56:56,659 INFO src.train.trainer: Last model at epoch 168 saved to /root/autodl-tmp/em_eqf/experiments/mixer_tpp_ablation_chuandian/runs/mixer_tpp_ablation_tpp_b_seed_0/last_model_1.pth
2026-05-15 15:56:56,659 INFO src.train.trainer: Epoch 169
2026-05-15 15:56:56,776 INFO src.train.trainer: Last model at epoch 169 saved to /root/autodl-tmp/em_eqf/experiments/mixer_tpp_ablation_chuandian/runs/mixer_tpp_ablation_tpp_b_seed_0/last_model_1.pth
2026-05-15 15:56:56,776 INFO src.train.trainer: Epoch 170
2026-05-15 15:56:56,877 INFO src.train.trainer: Last model at epoch 170 saved to /root/autodl-tmp/em_eqf/experiments/mixer_tpp_ablation_chuandian/runs/mixer_tpp_ablation_tpp_b_seed_0/last_model_1.pth
2026-05-15 15:56:56,877 INFO src.train.trainer: Epoch 171
2026-05-15 15:56:57,004 INFO src.train.trainer: Last model at epoch 171 saved to /root/autodl-tmp/em_eqf/experiments/mixer_tpp_ablation_chuandian/runs/mixer_tpp_ablation_tpp_b_seed_0/last_model_1.pth
2026-05-15 15:56:57,004 INFO src.train.trainer: Epoch 172
2026-05-15 15:56:57,139 INFO src.train.trainer: Last model at epoch 172 saved to /root/autodl-tmp/em_eqf/experiments/mixer_tpp_ablation_chuandian/runs/mixer_tpp_ablation_tpp_b_seed_0/last_model_1.pth
2026-05-15 15:56:57,139 INFO src.train.trainer: Epoch 173
2026-05-15 15:56:57,257 INFO src.train.trainer: Last model at epoch 173 saved to /root/autodl-tmp/em_eqf/experiments/mixer_tpp_ablation_chuandian/runs/mixer_tpp_ablation_tpp_b_seed_0/last_model_1.pth
2026-05-15 15:56:57,257 INFO src.train.trainer: Epoch 174
2026-05-15 15:56:57,371 INFO src.train.trainer: Last model at epoch 174 saved to /root/autodl-tmp/em_eqf/experiments/mixer_tpp_ablation_chuandian/runs/mixer_tpp_ablation_tpp_b_seed_0/last_model_1.pth
2026-05-15 15:56:57,371 INFO src.train.trainer: Epoch 175
2026-05-15 15:56:57,483 INFO src.train.trainer: Last model at epoch 175 saved to /root/autodl-tmp/em_eqf/experiments/mixer_tpp_ablation_chuandian/runs/mixer_tpp_ablation_tpp_b_seed_0/last_model_1.pth
2026-05-15 15:56:57,483 INFO src.train.trainer: Epoch 176
2026-05-15 15:56:57,613 INFO src.train.trainer: Last model at epoch 176 saved to /root/autodl-tmp/em_eqf/experiments/mixer_tpp_ablation_chuandian/runs/mixer_tpp_ablation_tpp_b_seed_0/last_model_1.pth
2026-05-15 15:56:57,613 INFO src.train.trainer: Epoch 177
2026-05-15 15:56:57,728 INFO src.train.trainer: Last model at epoch 177 saved to /root/autodl-tmp/em_eqf/experiments/mixer_tpp_ablation_chuandian/runs/mixer_tpp_ablation_tpp_b_seed_0/last_model_1.pth
2026-05-15 15:56:57,728 INFO src.train.trainer: Epoch 178
2026-05-15 15:56:57,838 INFO src.train.trainer: Last model at epoch 178 saved to /root/autodl-tmp/em_eqf/experiments/mixer_tpp_ablation_chuandian/runs/mixer_tpp_ablation_tpp_b_seed_0/last_model_1.pth
2026-05-15 15:56:57,838 INFO src.train.trainer: Epoch 179
2026-05-15 15:56:57,947 INFO src.train.trainer: Last model at epoch 179 saved to /root/autodl-tmp/em_eqf/experiments/mixer_tpp_ablation_chuandian/runs/mixer_tpp_ablation_tpp_b_seed_0/last_model_1.pth
2026-05-15 15:56:57,947 INFO src.train.trainer: Epoch 180
2026-05-15 15:56:58,052 INFO src.train.trainer: Last model at epoch 180 saved to /root/autodl-tmp/em_eqf/experiments/mixer_tpp_ablation_chuandian/runs/mixer_tpp_ablation_tpp_b_seed_0/last_model_1.pth
2026-05-15 15:56:58,052 INFO src.train.trainer: Epoch 181
2026-05-15 15:56:58,167 INFO src.train.trainer: Last model at epoch 181 saved to /root/autodl-tmp/em_eqf/experiments/mixer_tpp_ablation_chuandian/runs/mixer_tpp_ablation_tpp_b_seed_0/last_model_1.pth
2026-05-15 15:56:58,167 INFO src.train.trainer: Epoch 182
2026-05-15 15:56:58,275 INFO src.train.trainer: Last model at epoch 182 saved to /root/autodl-tmp/em_eqf/experiments/mixer_tpp_ablation_chuandian/runs/mixer_tpp_ablation_tpp_b_seed_0/last_model_1.pth
2026-05-15 15:56:58,275 INFO src.train.trainer: Epoch 183
2026-05-15 15:56:58,384 INFO src.train.trainer: Last model at epoch 183 saved to /root/autodl-tmp/em_eqf/experiments/mixer_tpp_ablation_chuandian/runs/mixer_tpp_ablation_tpp_b_seed_0/last_model_1.pth
2026-05-15 15:56:58,384 INFO src.train.trainer: Epoch 184
2026-05-15 15:56:58,496 INFO src.train.trainer: Last model at epoch 184 saved to /root/autodl-tmp/em_eqf/experiments/mixer_tpp_ablation_chuandian/runs/mixer_tpp_ablation_tpp_b_seed_0/last_model_1.pth
2026-05-15 15:56:58,496 INFO src.train.trainer: Epoch 185
2026-05-15 15:56:58,612 INFO src.train.trainer: Last model at epoch 185 saved to /root/autodl-tmp/em_eqf/experiments/mixer_tpp_ablation_chuandian/runs/mixer_tpp_ablation_tpp_b_seed_0/last_model_1.pth
2026-05-15 15:56:58,612 INFO src.train.trainer: Epoch 186
2026-05-15 15:56:58,733 INFO src.train.trainer: Last model at epoch 186 saved to /root/autodl-tmp/em_eqf/experiments/mixer_tpp_ablation_chuandian/runs/mixer_tpp_ablation_tpp_b_seed_0/last_model_1.pth
2026-05-15 15:56:58,733 INFO src.train.trainer: Epoch 187
2026-05-15 15:56:58,846 INFO src.train.trainer: Last model at epoch 187 saved to /root/autodl-tmp/em_eqf/experiments/mixer_tpp_ablation_chuandian/runs/mixer_tpp_ablation_tpp_b_seed_0/last_model_1.pth
2026-05-15 15:56:58,846 INFO src.train.trainer: Epoch 188
2026-05-15 15:56:58,958 INFO src.train.trainer: Last model at epoch 188 saved to /root/autodl-tmp/em_eqf/experiments/mixer_tpp_ablation_chuandian/runs/mixer_tpp_ablation_tpp_b_seed_0/last_model_1.pth
2026-05-15 15:56:58,958 INFO src.train.trainer: Epoch 189
2026-05-15 15:56:59,075 INFO src.train.trainer: Last model at epoch 189 saved to /root/autodl-tmp/em_eqf/experiments/mixer_tpp_ablation_chuandian/runs/mixer_tpp_ablation_tpp_b_seed_0/last_model_1.pth
2026-05-15 15:56:59,075 INFO src.train.trainer: Epoch 190
2026-05-15 15:56:59,191 INFO src.train.trainer: Last model at epoch 190 saved to /root/autodl-tmp/em_eqf/experiments/mixer_tpp_ablation_chuandian/runs/mixer_tpp_ablation_tpp_b_seed_0/last_model_1.pth
2026-05-15 15:56:59,192 INFO src.train.trainer: Epoch 191
2026-05-15 15:56:59,309 INFO src.train.trainer: Last model at epoch 191 saved to /root/autodl-tmp/em_eqf/experiments/mixer_tpp_ablation_chuandian/runs/mixer_tpp_ablation_tpp_b_seed_0/last_model_1.pth
2026-05-15 15:56:59,309 INFO src.train.trainer: Epoch 192
2026-05-15 15:56:59,429 INFO src.train.trainer: Last model at epoch 192 saved to /root/autodl-tmp/em_eqf/experiments/mixer_tpp_ablation_chuandian/runs/mixer_tpp_ablation_tpp_b_seed_0/last_model_1.pth
2026-05-15 15:56:59,429 INFO src.train.trainer: Epoch 193
2026-05-15 15:56:59,546 INFO src.train.trainer: New best validation loss: 0.9024, saved to /root/autodl-tmp/em_eqf/experiments/mixer_tpp_ablation_chuandian/runs/mixer_tpp_ablation_tpp_b_seed_0/best_model_1.pth
2026-05-15 15:56:59,551 INFO src.train.trainer: Last model at epoch 193 saved to /root/autodl-tmp/em_eqf/experiments/mixer_tpp_ablation_chuandian/runs/mixer_tpp_ablation_tpp_b_seed_0/last_model_1.pth
2026-05-15 15:56:59,551 INFO src.train.trainer: Epoch 194
2026-05-15 15:56:59,664 INFO src.train.trainer: Last model at epoch 194 saved to /root/autodl-tmp/em_eqf/experiments/mixer_tpp_ablation_chuandian/runs/mixer_tpp_ablation_tpp_b_seed_0/last_model_1.pth
2026-05-15 15:56:59,664 INFO src.train.trainer: Epoch 195
2026-05-15 15:56:59,781 INFO src.train.trainer: Last model at epoch 195 saved to /root/autodl-tmp/em_eqf/experiments/mixer_tpp_ablation_chuandian/runs/mixer_tpp_ablation_tpp_b_seed_0/last_model_1.pth
2026-05-15 15:56:59,781 INFO src.train.trainer: Epoch 196
2026-05-15 15:56:59,895 INFO src.train.trainer: Last model at epoch 196 saved to /root/autodl-tmp/em_eqf/experiments/mixer_tpp_ablation_chuandian/runs/mixer_tpp_ablation_tpp_b_seed_0/last_model_1.pth
2026-05-15 15:56:59,895 INFO src.train.trainer: Epoch 197
2026-05-15 15:57:00,014 INFO src.train.trainer: Last model at epoch 197 saved to /root/autodl-tmp/em_eqf/experiments/mixer_tpp_ablation_chuandian/runs/mixer_tpp_ablation_tpp_b_seed_0/last_model_1.pth
2026-05-15 15:57:00,014 INFO src.train.trainer: Epoch 198
2026-05-15 15:57:00,118 INFO src.train.trainer: Last model at epoch 198 saved to /root/autodl-tmp/em_eqf/experiments/mixer_tpp_ablation_chuandian/runs/mixer_tpp_ablation_tpp_b_seed_0/last_model_1.pth
2026-05-15 15:57:00,118 INFO src.train.trainer: Epoch 199
2026-05-15 15:57:00,226 INFO src.train.trainer: Last model at epoch 199 saved to /root/autodl-tmp/em_eqf/experiments/mixer_tpp_ablation_chuandian/runs/mixer_tpp_ablation_tpp_b_seed_0/last_model_1.pth
2026-05-15 15:57:00,226 INFO src.train.trainer: Epoch 200
2026-05-15 15:57:00,333 INFO src.train.trainer: Last model at epoch 200 saved to /root/autodl-tmp/em_eqf/experiments/mixer_tpp_ablation_chuandian/runs/mixer_tpp_ablation_tpp_b_seed_0/last_model_1.pth
2026-05-15 15:57:00,333 INFO src.train.trainer: Epoch 201
2026-05-15 15:57:00,443 INFO src.train.trainer: Last model at epoch 201 saved to /root/autodl-tmp/em_eqf/experiments/mixer_tpp_ablation_chuandian/runs/mixer_tpp_ablation_tpp_b_seed_0/last_model_1.pth
2026-05-15 15:57:00,444 INFO src.train.trainer: Epoch 202
2026-05-15 15:57:00,561 INFO src.train.trainer: Last model at epoch 202 saved to /root/autodl-tmp/em_eqf/experiments/mixer_tpp_ablation_chuandian/runs/mixer_tpp_ablation_tpp_b_seed_0/last_model_1.pth
2026-05-15 15:57:00,561 INFO src.train.trainer: Epoch 203
2026-05-15 15:57:00,695 INFO src.train.trainer: Last model at epoch 203 saved to /root/autodl-tmp/em_eqf/experiments/mixer_tpp_ablation_chuandian/runs/mixer_tpp_ablation_tpp_b_seed_0/last_model_1.pth
2026-05-15 15:57:00,695 INFO src.train.trainer: Epoch 204
2026-05-15 15:57:00,834 INFO src.train.trainer: Last model at epoch 204 saved to /root/autodl-tmp/em_eqf/experiments/mixer_tpp_ablation_chuandian/runs/mixer_tpp_ablation_tpp_b_seed_0/last_model_1.pth
2026-05-15 15:57:00,834 INFO src.train.trainer: Epoch 205
2026-05-15 15:57:00,964 INFO src.train.trainer: Last model at epoch 205 saved to /root/autodl-tmp/em_eqf/experiments/mixer_tpp_ablation_chuandian/runs/mixer_tpp_ablation_tpp_b_seed_0/last_model_1.pth
2026-05-15 15:57:00,964 INFO src.train.trainer: Epoch 206
2026-05-15 15:57:01,070 INFO src.train.trainer: Last model at epoch 206 saved to /root/autodl-tmp/em_eqf/experiments/mixer_tpp_ablation_chuandian/runs/mixer_tpp_ablation_tpp_b_seed_0/last_model_1.pth
2026-05-15 15:57:01,070 INFO src.train.trainer: Epoch 207
2026-05-15 15:57:01,187 INFO src.train.trainer: Last model at epoch 207 saved to /root/autodl-tmp/em_eqf/experiments/mixer_tpp_ablation_chuandian/runs/mixer_tpp_ablation_tpp_b_seed_0/last_model_1.pth
2026-05-15 15:57:01,187 INFO src.train.trainer: Epoch 208
2026-05-15 15:57:01,303 INFO src.train.trainer: Last model at epoch 208 saved to /root/autodl-tmp/em_eqf/experiments/mixer_tpp_ablation_chuandian/runs/mixer_tpp_ablation_tpp_b_seed_0/last_model_1.pth
2026-05-15 15:57:01,303 INFO src.train.trainer: Epoch 209
2026-05-15 15:57:01,417 INFO src.train.trainer: Last model at epoch 209 saved to /root/autodl-tmp/em_eqf/experiments/mixer_tpp_ablation_chuandian/runs/mixer_tpp_ablation_tpp_b_seed_0/last_model_1.pth
2026-05-15 15:57:01,417 INFO src.train.trainer: Epoch 210
2026-05-15 15:57:01,533 INFO src.train.trainer: Last model at epoch 210 saved to /root/autodl-tmp/em_eqf/experiments/mixer_tpp_ablation_chuandian/runs/mixer_tpp_ablation_tpp_b_seed_0/last_model_1.pth
2026-05-15 15:57:01,533 INFO src.train.trainer: Epoch 211
2026-05-15 15:57:01,648 INFO src.train.trainer: Last model at epoch 211 saved to /root/autodl-tmp/em_eqf/experiments/mixer_tpp_ablation_chuandian/runs/mixer_tpp_ablation_tpp_b_seed_0/last_model_1.pth
2026-05-15 15:57:01,648 INFO src.train.trainer: Epoch 212
2026-05-15 15:57:01,765 INFO src.train.trainer: New best validation loss: 0.9023, saved to /root/autodl-tmp/em_eqf/experiments/mixer_tpp_ablation_chuandian/runs/mixer_tpp_ablation_tpp_b_seed_0/best_model_1.pth
2026-05-15 15:57:01,770 INFO src.train.trainer: Last model at epoch 212 saved to /root/autodl-tmp/em_eqf/experiments/mixer_tpp_ablation_chuandian/runs/mixer_tpp_ablation_tpp_b_seed_0/last_model_1.pth
2026-05-15 15:57:01,771 INFO src.train.trainer: Epoch 213
2026-05-15 15:57:01,881 INFO src.train.trainer: Last model at epoch 213 saved to /root/autodl-tmp/em_eqf/experiments/mixer_tpp_ablation_chuandian/runs/mixer_tpp_ablation_tpp_b_seed_0/last_model_1.pth
2026-05-15 15:57:01,881 INFO src.train.trainer: Epoch 214
2026-05-15 15:57:02,014 INFO src.train.trainer: Last model at epoch 214 saved to /root/autodl-tmp/em_eqf/experiments/mixer_tpp_ablation_chuandian/runs/mixer_tpp_ablation_tpp_b_seed_0/last_model_1.pth
2026-05-15 15:57:02,015 INFO src.train.trainer: Epoch 215
2026-05-15 15:57:02,128 INFO src.train.trainer: Last model at epoch 215 saved to /root/autodl-tmp/em_eqf/experiments/mixer_tpp_ablation_chuandian/runs/mixer_tpp_ablation_tpp_b_seed_0/last_model_1.pth
2026-05-15 15:57:02,128 INFO src.train.trainer: Epoch 216
2026-05-15 15:57:02,244 INFO src.train.trainer: Last model at epoch 216 saved to /root/autodl-tmp/em_eqf/experiments/mixer_tpp_ablation_chuandian/runs/mixer_tpp_ablation_tpp_b_seed_0/last_model_1.pth
2026-05-15 15:57:02,245 INFO src.train.trainer: Epoch 217
2026-05-15 15:57:02,361 INFO src.train.trainer: Last model at epoch 217 saved to /root/autodl-tmp/em_eqf/experiments/mixer_tpp_ablation_chuandian/runs/mixer_tpp_ablation_tpp_b_seed_0/last_model_1.pth
2026-05-15 15:57:02,361 INFO src.train.trainer: Epoch 218
2026-05-15 15:57:02,477 INFO src.train.trainer: Last model at epoch 218 saved to /root/autodl-tmp/em_eqf/experiments/mixer_tpp_ablation_chuandian/runs/mixer_tpp_ablation_tpp_b_seed_0/last_model_1.pth
2026-05-15 15:57:02,477 INFO src.train.trainer: Epoch 219
2026-05-15 15:57:02,592 INFO src.train.trainer: Last model at epoch 219 saved to /root/autodl-tmp/em_eqf/experiments/mixer_tpp_ablation_chuandian/runs/mixer_tpp_ablation_tpp_b_seed_0/last_model_1.pth
2026-05-15 15:57:02,592 INFO src.train.trainer: Epoch 220
2026-05-15 15:57:02,707 INFO src.train.trainer: Last model at epoch 220 saved to /root/autodl-tmp/em_eqf/experiments/mixer_tpp_ablation_chuandian/runs/mixer_tpp_ablation_tpp_b_seed_0/last_model_1.pth
2026-05-15 15:57:02,707 INFO src.train.trainer: Epoch 221
2026-05-15 15:57:02,819 INFO src.train.trainer: Last model at epoch 221 saved to /root/autodl-tmp/em_eqf/experiments/mixer_tpp_ablation_chuandian/runs/mixer_tpp_ablation_tpp_b_seed_0/last_model_1.pth
2026-05-15 15:57:02,819 INFO src.train.trainer: Epoch 222
2026-05-15 15:57:02,936 INFO src.train.trainer: Last model at epoch 222 saved to /root/autodl-tmp/em_eqf/experiments/mixer_tpp_ablation_chuandian/runs/mixer_tpp_ablation_tpp_b_seed_0/last_model_1.pth
2026-05-15 15:57:02,936 INFO src.train.trainer: Epoch 223
2026-05-15 15:57:03,045 INFO src.train.trainer: Last model at epoch 223 saved to /root/autodl-tmp/em_eqf/experiments/mixer_tpp_ablation_chuandian/runs/mixer_tpp_ablation_tpp_b_seed_0/last_model_1.pth
2026-05-15 15:57:03,045 INFO src.train.trainer: Epoch 224
2026-05-15 15:57:03,161 INFO src.train.trainer: Last model at epoch 224 saved to /root/autodl-tmp/em_eqf/experiments/mixer_tpp_ablation_chuandian/runs/mixer_tpp_ablation_tpp_b_seed_0/last_model_1.pth
2026-05-15 15:57:03,161 INFO src.train.trainer: Epoch 225
2026-05-15 15:57:03,275 INFO src.train.trainer: Last model at epoch 225 saved to /root/autodl-tmp/em_eqf/experiments/mixer_tpp_ablation_chuandian/runs/mixer_tpp_ablation_tpp_b_seed_0/last_model_1.pth
2026-05-15 15:57:03,275 INFO src.train.trainer: Epoch 226
2026-05-15 15:57:03,390 INFO src.train.trainer: Last model at epoch 226 saved to /root/autodl-tmp/em_eqf/experiments/mixer_tpp_ablation_chuandian/runs/mixer_tpp_ablation_tpp_b_seed_0/last_model_1.pth
2026-05-15 15:57:03,390 INFO src.train.trainer: Epoch 227
2026-05-15 15:57:03,506 INFO src.train.trainer: Last model at epoch 227 saved to /root/autodl-tmp/em_eqf/experiments/mixer_tpp_ablation_chuandian/runs/mixer_tpp_ablation_tpp_b_seed_0/last_model_1.pth
2026-05-15 15:57:03,506 INFO src.train.trainer: Epoch 228
2026-05-15 15:57:03,621 INFO src.train.trainer: Last model at epoch 228 saved to /root/autodl-tmp/em_eqf/experiments/mixer_tpp_ablation_chuandian/runs/mixer_tpp_ablation_tpp_b_seed_0/last_model_1.pth
2026-05-15 15:57:03,622 INFO src.train.trainer: Epoch 229
2026-05-15 15:57:03,733 INFO src.train.trainer: Last model at epoch 229 saved to /root/autodl-tmp/em_eqf/experiments/mixer_tpp_ablation_chuandian/runs/mixer_tpp_ablation_tpp_b_seed_0/last_model_1.pth
2026-05-15 15:57:03,733 INFO src.train.trainer: Epoch 230
2026-05-15 15:57:03,847 INFO src.train.trainer: Last model at epoch 230 saved to /root/autodl-tmp/em_eqf/experiments/mixer_tpp_ablation_chuandian/runs/mixer_tpp_ablation_tpp_b_seed_0/last_model_1.pth
2026-05-15 15:57:03,847 INFO src.train.trainer: Epoch 231
2026-05-15 15:57:03,969 INFO src.train.trainer: Last model at epoch 231 saved to /root/autodl-tmp/em_eqf/experiments/mixer_tpp_ablation_chuandian/runs/mixer_tpp_ablation_tpp_b_seed_0/last_model_1.pth
2026-05-15 15:57:03,969 INFO src.train.trainer: Epoch 232
2026-05-15 15:57:04,106 INFO src.train.trainer: Last model at epoch 232 saved to /root/autodl-tmp/em_eqf/experiments/mixer_tpp_ablation_chuandian/runs/mixer_tpp_ablation_tpp_b_seed_0/last_model_1.pth
2026-05-15 15:57:04,107 INFO src.train.trainer: Epoch 233
2026-05-15 15:57:04,237 INFO src.train.trainer: Last model at epoch 233 saved to /root/autodl-tmp/em_eqf/experiments/mixer_tpp_ablation_chuandian/runs/mixer_tpp_ablation_tpp_b_seed_0/last_model_1.pth
2026-05-15 15:57:04,237 INFO src.train.trainer: Epoch 234
2026-05-15 15:57:04,348 INFO src.train.trainer: Last model at epoch 234 saved to /root/autodl-tmp/em_eqf/experiments/mixer_tpp_ablation_chuandian/runs/mixer_tpp_ablation_tpp_b_seed_0/last_model_1.pth
2026-05-15 15:57:04,348 INFO src.train.trainer: Epoch 235
2026-05-15 15:57:04,455 INFO src.train.trainer: Last model at epoch 235 saved to /root/autodl-tmp/em_eqf/experiments/mixer_tpp_ablation_chuandian/runs/mixer_tpp_ablation_tpp_b_seed_0/last_model_1.pth
2026-05-15 15:57:04,455 INFO src.train.trainer: Epoch 236
2026-05-15 15:57:04,562 INFO src.train.trainer: Last model at epoch 236 saved to /root/autodl-tmp/em_eqf/experiments/mixer_tpp_ablation_chuandian/runs/mixer_tpp_ablation_tpp_b_seed_0/last_model_1.pth
2026-05-15 15:57:04,562 INFO src.train.trainer: Epoch 237
2026-05-15 15:57:04,667 INFO src.train.trainer: Last model at epoch 237 saved to /root/autodl-tmp/em_eqf/experiments/mixer_tpp_ablation_chuandian/runs/mixer_tpp_ablation_tpp_b_seed_0/last_model_1.pth
2026-05-15 15:57:04,667 INFO src.train.trainer: Epoch 238
2026-05-15 15:57:04,775 INFO src.train.trainer: Last model at epoch 238 saved to /root/autodl-tmp/em_eqf/experiments/mixer_tpp_ablation_chuandian/runs/mixer_tpp_ablation_tpp_b_seed_0/last_model_1.pth
2026-05-15 15:57:04,775 INFO src.train.trainer: Epoch 239
2026-05-15 15:57:04,885 INFO src.train.trainer: Last model at epoch 239 saved to /root/autodl-tmp/em_eqf/experiments/mixer_tpp_ablation_chuandian/runs/mixer_tpp_ablation_tpp_b_seed_0/last_model_1.pth
2026-05-15 15:57:04,885 INFO src.train.trainer: Epoch 240
2026-05-15 15:57:04,994 INFO src.train.trainer: Last model at epoch 240 saved to /root/autodl-tmp/em_eqf/experiments/mixer_tpp_ablation_chuandian/runs/mixer_tpp_ablation_tpp_b_seed_0/last_model_1.pth
2026-05-15 15:57:04,994 INFO src.train.trainer: Epoch 241
2026-05-15 15:57:05,109 INFO src.train.trainer: Last model at epoch 241 saved to /root/autodl-tmp/em_eqf/experiments/mixer_tpp_ablation_chuandian/runs/mixer_tpp_ablation_tpp_b_seed_0/last_model_1.pth
2026-05-15 15:57:05,109 INFO src.train.trainer: Epoch 242
2026-05-15 15:57:05,222 INFO src.train.trainer: Last model at epoch 242 saved to /root/autodl-tmp/em_eqf/experiments/mixer_tpp_ablation_chuandian/runs/mixer_tpp_ablation_tpp_b_seed_0/last_model_1.pth
2026-05-15 15:57:05,222 INFO src.train.trainer: Epoch 243
2026-05-15 15:57:05,395 INFO src.train.trainer: Last model at epoch 243 saved to /root/autodl-tmp/em_eqf/experiments/mixer_tpp_ablation_chuandian/runs/mixer_tpp_ablation_tpp_b_seed_0/last_model_1.pth
2026-05-15 15:57:05,395 INFO src.train.trainer: Epoch 244
2026-05-15 15:57:05,517 INFO src.train.trainer: Last model at epoch 244 saved to /root/autodl-tmp/em_eqf/experiments/mixer_tpp_ablation_chuandian/runs/mixer_tpp_ablation_tpp_b_seed_0/last_model_1.pth
2026-05-15 15:57:05,517 INFO src.train.trainer: Epoch 245
2026-05-15 15:57:05,637 INFO src.train.trainer: Last model at epoch 245 saved to /root/autodl-tmp/em_eqf/experiments/mixer_tpp_ablation_chuandian/runs/mixer_tpp_ablation_tpp_b_seed_0/last_model_1.pth
2026-05-15 15:57:05,638 INFO src.train.trainer: Epoch 246
2026-05-15 15:57:05,750 INFO src.train.trainer: Last model at epoch 246 saved to /root/autodl-tmp/em_eqf/experiments/mixer_tpp_ablation_chuandian/runs/mixer_tpp_ablation_tpp_b_seed_0/last_model_1.pth
2026-05-15 15:57:05,750 INFO src.train.trainer: Epoch 247
2026-05-15 15:57:05,899 INFO src.train.trainer: Last model at epoch 247 saved to /root/autodl-tmp/em_eqf/experiments/mixer_tpp_ablation_chuandian/runs/mixer_tpp_ablation_tpp_b_seed_0/last_model_1.pth
2026-05-15 15:57:05,899 INFO src.train.trainer: Epoch 248
2026-05-15 15:57:06,010 INFO src.train.trainer: Last model at epoch 248 saved to /root/autodl-tmp/em_eqf/experiments/mixer_tpp_ablation_chuandian/runs/mixer_tpp_ablation_tpp_b_seed_0/last_model_1.pth
2026-05-15 15:57:06,011 INFO src.train.trainer: Epoch 249
2026-05-15 15:57:06,122 INFO src.train.trainer: Last model at epoch 249 saved to /root/autodl-tmp/em_eqf/experiments/mixer_tpp_ablation_chuandian/runs/mixer_tpp_ablation_tpp_b_seed_0/last_model_1.pth
2026-05-15 15:57:06,122 INFO src.train.trainer: Epoch 250
2026-05-15 15:57:06,233 INFO src.train.trainer: Last model at epoch 250 saved to /root/autodl-tmp/em_eqf/experiments/mixer_tpp_ablation_chuandian/runs/mixer_tpp_ablation_tpp_b_seed_0/last_model_1.pth
2026-05-15 15:57:06,233 INFO src.train.trainer: Epoch 251
2026-05-15 15:57:06,348 INFO src.train.trainer: Last model at epoch 251 saved to /root/autodl-tmp/em_eqf/experiments/mixer_tpp_ablation_chuandian/runs/mixer_tpp_ablation_tpp_b_seed_0/last_model_1.pth
2026-05-15 15:57:06,348 INFO src.train.trainer: Epoch 252
2026-05-15 15:57:06,474 INFO src.train.trainer: Last model at epoch 252 saved to /root/autodl-tmp/em_eqf/experiments/mixer_tpp_ablation_chuandian/runs/mixer_tpp_ablation_tpp_b_seed_0/last_model_1.pth
2026-05-15 15:57:06,474 INFO src.train.trainer: Epoch 253
2026-05-15 15:57:06,574 INFO src.train.trainer: Last model at epoch 253 saved to /root/autodl-tmp/em_eqf/experiments/mixer_tpp_ablation_chuandian/runs/mixer_tpp_ablation_tpp_b_seed_0/last_model_1.pth
2026-05-15 15:57:06,574 INFO src.train.trainer: Epoch 254
2026-05-15 15:57:06,689 INFO src.train.trainer: Last model at epoch 254 saved to /root/autodl-tmp/em_eqf/experiments/mixer_tpp_ablation_chuandian/runs/mixer_tpp_ablation_tpp_b_seed_0/last_model_1.pth
2026-05-15 15:57:06,690 INFO src.train.trainer: Epoch 255
2026-05-15 15:57:06,809 INFO src.train.trainer: Last model at epoch 255 saved to /root/autodl-tmp/em_eqf/experiments/mixer_tpp_ablation_chuandian/runs/mixer_tpp_ablation_tpp_b_seed_0/last_model_1.pth
2026-05-15 15:57:06,809 INFO src.train.trainer: Epoch 256
2026-05-15 15:57:06,925 INFO src.train.trainer: Last model at epoch 256 saved to /root/autodl-tmp/em_eqf/experiments/mixer_tpp_ablation_chuandian/runs/mixer_tpp_ablation_tpp_b_seed_0/last_model_1.pth
2026-05-15 15:57:06,925 INFO src.train.trainer: Epoch 257
2026-05-15 15:57:07,041 INFO src.train.trainer: Last model at epoch 257 saved to /root/autodl-tmp/em_eqf/experiments/mixer_tpp_ablation_chuandian/runs/mixer_tpp_ablation_tpp_b_seed_0/last_model_1.pth
2026-05-15 15:57:07,041 INFO src.train.trainer: Epoch 258
2026-05-15 15:57:07,159 INFO src.train.trainer: Last model at epoch 258 saved to /root/autodl-tmp/em_eqf/experiments/mixer_tpp_ablation_chuandian/runs/mixer_tpp_ablation_tpp_b_seed_0/last_model_1.pth
2026-05-15 15:57:07,160 INFO src.train.trainer: Epoch 259
2026-05-15 15:57:07,262 INFO src.train.trainer: Last model at epoch 259 saved to /root/autodl-tmp/em_eqf/experiments/mixer_tpp_ablation_chuandian/runs/mixer_tpp_ablation_tpp_b_seed_0/last_model_1.pth
2026-05-15 15:57:07,262 INFO src.train.trainer: Epoch 260
2026-05-15 15:57:07,369 INFO src.train.trainer: Last model at epoch 260 saved to /root/autodl-tmp/em_eqf/experiments/mixer_tpp_ablation_chuandian/runs/mixer_tpp_ablation_tpp_b_seed_0/last_model_1.pth
2026-05-15 15:57:07,369 INFO src.train.trainer: Epoch 261
2026-05-15 15:57:07,476 INFO src.train.trainer: Last model at epoch 261 saved to /root/autodl-tmp/em_eqf/experiments/mixer_tpp_ablation_chuandian/runs/mixer_tpp_ablation_tpp_b_seed_0/last_model_1.pth
2026-05-15 15:57:07,476 INFO src.train.trainer: Epoch 262
2026-05-15 15:57:07,588 INFO src.train.trainer: Last model at epoch 262 saved to /root/autodl-tmp/em_eqf/experiments/mixer_tpp_ablation_chuandian/runs/mixer_tpp_ablation_tpp_b_seed_0/last_model_1.pth
2026-05-15 15:57:07,588 INFO src.train.trainer: Epoch 263
2026-05-15 15:57:07,695 INFO src.train.trainer: Last model at epoch 263 saved to /root/autodl-tmp/em_eqf/experiments/mixer_tpp_ablation_chuandian/runs/mixer_tpp_ablation_tpp_b_seed_0/last_model_1.pth
2026-05-15 15:57:07,695 INFO src.train.trainer: Epoch 264
2026-05-15 15:57:07,815 INFO src.train.trainer: Last model at epoch 264 saved to /root/autodl-tmp/em_eqf/experiments/mixer_tpp_ablation_chuandian/runs/mixer_tpp_ablation_tpp_b_seed_0/last_model_1.pth
2026-05-15 15:57:07,815 INFO src.train.trainer: Epoch 265
2026-05-15 15:57:07,929 INFO src.train.trainer: Last model at epoch 265 saved to /root/autodl-tmp/em_eqf/experiments/mixer_tpp_ablation_chuandian/runs/mixer_tpp_ablation_tpp_b_seed_0/last_model_1.pth
2026-05-15 15:57:07,929 INFO src.train.trainer: Epoch 266
2026-05-15 15:57:08,053 INFO src.train.trainer: Last model at epoch 266 saved to /root/autodl-tmp/em_eqf/experiments/mixer_tpp_ablation_chuandian/runs/mixer_tpp_ablation_tpp_b_seed_0/last_model_1.pth
2026-05-15 15:57:08,053 INFO src.train.trainer: Epoch 267
2026-05-15 15:57:08,175 INFO src.train.trainer: Last model at epoch 267 saved to /root/autodl-tmp/em_eqf/experiments/mixer_tpp_ablation_chuandian/runs/mixer_tpp_ablation_tpp_b_seed_0/last_model_1.pth
2026-05-15 15:57:08,175 INFO src.train.trainer: Epoch 268
2026-05-15 15:57:08,309 INFO src.train.trainer: Last model at epoch 268 saved to /root/autodl-tmp/em_eqf/experiments/mixer_tpp_ablation_chuandian/runs/mixer_tpp_ablation_tpp_b_seed_0/last_model_1.pth
2026-05-15 15:57:08,309 INFO src.train.trainer: Epoch 269
2026-05-15 15:57:08,438 INFO src.train.trainer: Last model at epoch 269 saved to /root/autodl-tmp/em_eqf/experiments/mixer_tpp_ablation_chuandian/runs/mixer_tpp_ablation_tpp_b_seed_0/last_model_1.pth
2026-05-15 15:57:08,439 INFO src.train.trainer: Epoch 270
2026-05-15 15:57:08,544 INFO src.train.trainer: Last model at epoch 270 saved to /root/autodl-tmp/em_eqf/experiments/mixer_tpp_ablation_chuandian/runs/mixer_tpp_ablation_tpp_b_seed_0/last_model_1.pth
2026-05-15 15:57:08,544 INFO src.train.trainer: Epoch 271
2026-05-15 15:57:08,681 INFO src.train.trainer: Last model at epoch 271 saved to /root/autodl-tmp/em_eqf/experiments/mixer_tpp_ablation_chuandian/runs/mixer_tpp_ablation_tpp_b_seed_0/last_model_1.pth
2026-05-15 15:57:08,681 INFO src.train.trainer: Epoch 272
2026-05-15 15:57:08,796 INFO src.train.trainer: Last model at epoch 272 saved to /root/autodl-tmp/em_eqf/experiments/mixer_tpp_ablation_chuandian/runs/mixer_tpp_ablation_tpp_b_seed_0/last_model_1.pth
2026-05-15 15:57:08,796 INFO src.train.trainer: Epoch 273
2026-05-15 15:57:08,910 INFO src.train.trainer: Last model at epoch 273 saved to /root/autodl-tmp/em_eqf/experiments/mixer_tpp_ablation_chuandian/runs/mixer_tpp_ablation_tpp_b_seed_0/last_model_1.pth
2026-05-15 15:57:08,910 INFO src.train.trainer: Epoch 274
2026-05-15 15:57:09,020 INFO src.train.trainer: Last model at epoch 274 saved to /root/autodl-tmp/em_eqf/experiments/mixer_tpp_ablation_chuandian/runs/mixer_tpp_ablation_tpp_b_seed_0/last_model_1.pth
2026-05-15 15:57:09,020 INFO src.train.trainer: Epoch 275
2026-05-15 15:57:09,131 INFO src.train.trainer: Last model at epoch 275 saved to /root/autodl-tmp/em_eqf/experiments/mixer_tpp_ablation_chuandian/runs/mixer_tpp_ablation_tpp_b_seed_0/last_model_1.pth
2026-05-15 15:57:09,131 INFO src.train.trainer: Epoch 276
2026-05-15 15:57:09,260 INFO src.train.trainer: Last model at epoch 276 saved to /root/autodl-tmp/em_eqf/experiments/mixer_tpp_ablation_chuandian/runs/mixer_tpp_ablation_tpp_b_seed_0/last_model_1.pth
2026-05-15 15:57:09,260 INFO src.train.trainer: Epoch 277
2026-05-15 15:57:09,388 INFO src.train.trainer: Last model at epoch 277 saved to /root/autodl-tmp/em_eqf/experiments/mixer_tpp_ablation_chuandian/runs/mixer_tpp_ablation_tpp_b_seed_0/last_model_1.pth
2026-05-15 15:57:09,389 INFO src.train.trainer: Epoch 278
2026-05-15 15:57:09,510 INFO src.train.trainer: Last model at epoch 278 saved to /root/autodl-tmp/em_eqf/experiments/mixer_tpp_ablation_chuandian/runs/mixer_tpp_ablation_tpp_b_seed_0/last_model_1.pth
2026-05-15 15:57:09,511 INFO src.train.trainer: Epoch 279
2026-05-15 15:57:09,625 INFO src.train.trainer: Last model at epoch 279 saved to /root/autodl-tmp/em_eqf/experiments/mixer_tpp_ablation_chuandian/runs/mixer_tpp_ablation_tpp_b_seed_0/last_model_1.pth
2026-05-15 15:57:09,626 INFO src.train.trainer: Epoch 280
2026-05-15 15:57:09,747 INFO src.train.trainer: Last model at epoch 280 saved to /root/autodl-tmp/em_eqf/experiments/mixer_tpp_ablation_chuandian/runs/mixer_tpp_ablation_tpp_b_seed_0/last_model_1.pth
2026-05-15 15:57:09,747 INFO src.train.trainer: Epoch 281
2026-05-15 15:57:09,877 INFO src.train.trainer: Last model at epoch 281 saved to /root/autodl-tmp/em_eqf/experiments/mixer_tpp_ablation_chuandian/runs/mixer_tpp_ablation_tpp_b_seed_0/last_model_1.pth
2026-05-15 15:57:09,878 INFO src.train.trainer: Epoch 282
2026-05-15 15:57:09,992 INFO src.train.trainer: Last model at epoch 282 saved to /root/autodl-tmp/em_eqf/experiments/mixer_tpp_ablation_chuandian/runs/mixer_tpp_ablation_tpp_b_seed_0/last_model_1.pth
2026-05-15 15:57:09,992 INFO src.train.trainer: Epoch 283
2026-05-15 15:57:10,106 INFO src.train.trainer: Last model at epoch 283 saved to /root/autodl-tmp/em_eqf/experiments/mixer_tpp_ablation_chuandian/runs/mixer_tpp_ablation_tpp_b_seed_0/last_model_1.pth
2026-05-15 15:57:10,107 INFO src.train.trainer: Epoch 284
2026-05-15 15:57:10,241 INFO src.train.trainer: Last model at epoch 284 saved to /root/autodl-tmp/em_eqf/experiments/mixer_tpp_ablation_chuandian/runs/mixer_tpp_ablation_tpp_b_seed_0/last_model_1.pth
2026-05-15 15:57:10,241 INFO src.train.trainer: Epoch 285
2026-05-15 15:57:10,354 INFO src.train.trainer: Last model at epoch 285 saved to /root/autodl-tmp/em_eqf/experiments/mixer_tpp_ablation_chuandian/runs/mixer_tpp_ablation_tpp_b_seed_0/last_model_1.pth
2026-05-15 15:57:10,354 INFO src.train.trainer: Epoch 286
2026-05-15 15:57:10,466 INFO src.train.trainer: Last model at epoch 286 saved to /root/autodl-tmp/em_eqf/experiments/mixer_tpp_ablation_chuandian/runs/mixer_tpp_ablation_tpp_b_seed_0/last_model_1.pth
2026-05-15 15:57:10,467 INFO src.train.trainer: Epoch 287
2026-05-15 15:57:10,578 INFO src.train.trainer: Last model at epoch 287 saved to /root/autodl-tmp/em_eqf/experiments/mixer_tpp_ablation_chuandian/runs/mixer_tpp_ablation_tpp_b_seed_0/last_model_1.pth
2026-05-15 15:57:10,578 INFO src.train.trainer: Epoch 288
2026-05-15 15:57:10,687 INFO src.train.trainer: Last model at epoch 288 saved to /root/autodl-tmp/em_eqf/experiments/mixer_tpp_ablation_chuandian/runs/mixer_tpp_ablation_tpp_b_seed_0/last_model_1.pth
2026-05-15 15:57:10,687 INFO src.train.trainer: Epoch 289
2026-05-15 15:57:10,797 INFO src.train.trainer: Last model at epoch 289 saved to /root/autodl-tmp/em_eqf/experiments/mixer_tpp_ablation_chuandian/runs/mixer_tpp_ablation_tpp_b_seed_0/last_model_1.pth
2026-05-15 15:57:10,797 INFO src.train.trainer: Epoch 290
2026-05-15 15:57:10,910 INFO src.train.trainer: Last model at epoch 290 saved to /root/autodl-tmp/em_eqf/experiments/mixer_tpp_ablation_chuandian/runs/mixer_tpp_ablation_tpp_b_seed_0/last_model_1.pth
2026-05-15 15:57:10,910 INFO src.train.trainer: Epoch 291
2026-05-15 15:57:11,022 INFO src.train.trainer: Last model at epoch 291 saved to /root/autodl-tmp/em_eqf/experiments/mixer_tpp_ablation_chuandian/runs/mixer_tpp_ablation_tpp_b_seed_0/last_model_1.pth
2026-05-15 15:57:11,022 INFO src.train.trainer: Epoch 292
2026-05-15 15:57:11,132 INFO src.train.trainer: Last model at epoch 292 saved to /root/autodl-tmp/em_eqf/experiments/mixer_tpp_ablation_chuandian/runs/mixer_tpp_ablation_tpp_b_seed_0/last_model_1.pth
2026-05-15 15:57:11,132 INFO src.train.trainer: Epoch 293
2026-05-15 15:57:11,241 INFO src.train.trainer: Last model at epoch 293 saved to /root/autodl-tmp/em_eqf/experiments/mixer_tpp_ablation_chuandian/runs/mixer_tpp_ablation_tpp_b_seed_0/last_model_1.pth
2026-05-15 15:57:11,241 INFO src.train.trainer: Epoch 294
2026-05-15 15:57:11,354 INFO src.train.trainer: Last model at epoch 294 saved to /root/autodl-tmp/em_eqf/experiments/mixer_tpp_ablation_chuandian/runs/mixer_tpp_ablation_tpp_b_seed_0/last_model_1.pth
2026-05-15 15:57:11,354 INFO src.train.trainer: Epoch 295
2026-05-15 15:57:11,505 INFO src.train.trainer: Last model at epoch 295 saved to /root/autodl-tmp/em_eqf/experiments/mixer_tpp_ablation_chuandian/runs/mixer_tpp_ablation_tpp_b_seed_0/last_model_1.pth
2026-05-15 15:57:11,506 INFO src.train.trainer: Epoch 296
2026-05-15 15:57:11,624 INFO src.train.trainer: Last model at epoch 296 saved to /root/autodl-tmp/em_eqf/experiments/mixer_tpp_ablation_chuandian/runs/mixer_tpp_ablation_tpp_b_seed_0/last_model_1.pth
2026-05-15 15:57:11,624 INFO src.train.trainer: Epoch 297
2026-05-15 15:57:11,746 INFO src.train.trainer: Last model at epoch 297 saved to /root/autodl-tmp/em_eqf/experiments/mixer_tpp_ablation_chuandian/runs/mixer_tpp_ablation_tpp_b_seed_0/last_model_1.pth
2026-05-15 15:57:11,747 INFO src.train.trainer: Epoch 298
2026-05-15 15:57:11,858 INFO src.train.trainer: Last model at epoch 298 saved to /root/autodl-tmp/em_eqf/experiments/mixer_tpp_ablation_chuandian/runs/mixer_tpp_ablation_tpp_b_seed_0/last_model_1.pth
2026-05-15 15:57:11,858 INFO src.train.trainer: Epoch 299
2026-05-15 15:57:11,971 INFO src.train.trainer: Last model at epoch 299 saved to /root/autodl-tmp/em_eqf/experiments/mixer_tpp_ablation_chuandian/runs/mixer_tpp_ablation_tpp_b_seed_0/last_model_1.pth
2026-05-15 15:57:11,971 INFO src.train.trainer: Epoch 300
2026-05-15 15:57:12,082 INFO src.train.trainer: Last model at epoch 300 saved to /root/autodl-tmp/em_eqf/experiments/mixer_tpp_ablation_chuandian/runs/mixer_tpp_ablation_tpp_b_seed_0/last_model_1.pth
2026-05-15 15:57:12,083 INFO src.train.trainer: Epoch 301
2026-05-15 15:57:12,194 INFO src.train.trainer: Last model at epoch 301 saved to /root/autodl-tmp/em_eqf/experiments/mixer_tpp_ablation_chuandian/runs/mixer_tpp_ablation_tpp_b_seed_0/last_model_1.pth
2026-05-15 15:57:12,194 INFO src.train.trainer: Epoch 302
2026-05-15 15:57:12,307 INFO src.train.trainer: Last model at epoch 302 saved to /root/autodl-tmp/em_eqf/experiments/mixer_tpp_ablation_chuandian/runs/mixer_tpp_ablation_tpp_b_seed_0/last_model_1.pth
2026-05-15 15:57:12,307 INFO src.train.trainer: Epoch 303
2026-05-15 15:57:12,437 INFO src.train.trainer: Last model at epoch 303 saved to /root/autodl-tmp/em_eqf/experiments/mixer_tpp_ablation_chuandian/runs/mixer_tpp_ablation_tpp_b_seed_0/last_model_1.pth
2026-05-15 15:57:12,437 INFO src.train.trainer: Epoch 304
2026-05-15 15:57:12,556 INFO src.train.trainer: Last model at epoch 304 saved to /root/autodl-tmp/em_eqf/experiments/mixer_tpp_ablation_chuandian/runs/mixer_tpp_ablation_tpp_b_seed_0/last_model_1.pth
2026-05-15 15:57:12,556 INFO src.train.trainer: Epoch 305
2026-05-15 15:57:12,695 INFO src.train.trainer: Last model at epoch 305 saved to /root/autodl-tmp/em_eqf/experiments/mixer_tpp_ablation_chuandian/runs/mixer_tpp_ablation_tpp_b_seed_0/last_model_1.pth
2026-05-15 15:57:12,695 INFO src.train.trainer: Epoch 306
2026-05-15 15:57:12,810 INFO src.train.trainer: Last model at epoch 306 saved to /root/autodl-tmp/em_eqf/experiments/mixer_tpp_ablation_chuandian/runs/mixer_tpp_ablation_tpp_b_seed_0/last_model_1.pth
2026-05-15 15:57:12,810 INFO src.train.trainer: Epoch 307
2026-05-15 15:57:12,922 INFO src.train.trainer: Last model at epoch 307 saved to /root/autodl-tmp/em_eqf/experiments/mixer_tpp_ablation_chuandian/runs/mixer_tpp_ablation_tpp_b_seed_0/last_model_1.pth
2026-05-15 15:57:12,922 INFO src.train.trainer: Epoch 308
2026-05-15 15:57:13,034 INFO src.train.trainer: Last model at epoch 308 saved to /root/autodl-tmp/em_eqf/experiments/mixer_tpp_ablation_chuandian/runs/mixer_tpp_ablation_tpp_b_seed_0/last_model_1.pth
2026-05-15 15:57:13,034 INFO src.train.trainer: Epoch 309
2026-05-15 15:57:13,148 INFO src.train.trainer: Last model at epoch 309 saved to /root/autodl-tmp/em_eqf/experiments/mixer_tpp_ablation_chuandian/runs/mixer_tpp_ablation_tpp_b_seed_0/last_model_1.pth
2026-05-15 15:57:13,148 INFO src.train.trainer: Epoch 310
2026-05-15 15:57:13,268 INFO src.train.trainer: Last model at epoch 310 saved to /root/autodl-tmp/em_eqf/experiments/mixer_tpp_ablation_chuandian/runs/mixer_tpp_ablation_tpp_b_seed_0/last_model_1.pth
2026-05-15 15:57:13,269 INFO src.train.trainer: Epoch 311
2026-05-15 15:57:13,383 INFO src.train.trainer: Last model at epoch 311 saved to /root/autodl-tmp/em_eqf/experiments/mixer_tpp_ablation_chuandian/runs/mixer_tpp_ablation_tpp_b_seed_0/last_model_1.pth
2026-05-15 15:57:13,383 INFO src.train.trainer: Epoch 312
2026-05-15 15:57:13,507 INFO src.train.trainer: Last model at epoch 312 saved to /root/autodl-tmp/em_eqf/experiments/mixer_tpp_ablation_chuandian/runs/mixer_tpp_ablation_tpp_b_seed_0/last_model_1.pth
2026-05-15 15:57:13,507 INFO src.train.trainer: Epoch 313
2026-05-15 15:57:13,638 INFO src.train.trainer: Last model at epoch 313 saved to /root/autodl-tmp/em_eqf/experiments/mixer_tpp_ablation_chuandian/runs/mixer_tpp_ablation_tpp_b_seed_0/last_model_1.pth
2026-05-15 15:57:13,638 INFO src.train.trainer: Epoch 314
2026-05-15 15:57:13,757 INFO src.train.trainer: Last model at epoch 314 saved to /root/autodl-tmp/em_eqf/experiments/mixer_tpp_ablation_chuandian/runs/mixer_tpp_ablation_tpp_b_seed_0/last_model_1.pth
2026-05-15 15:57:13,757 INFO src.train.trainer: Epoch 315
2026-05-15 15:57:13,882 INFO src.train.trainer: Last model at epoch 315 saved to /root/autodl-tmp/em_eqf/experiments/mixer_tpp_ablation_chuandian/runs/mixer_tpp_ablation_tpp_b_seed_0/last_model_1.pth
2026-05-15 15:57:13,883 INFO src.train.trainer: Epoch 316
2026-05-15 15:57:13,996 INFO src.train.trainer: Last model at epoch 316 saved to /root/autodl-tmp/em_eqf/experiments/mixer_tpp_ablation_chuandian/runs/mixer_tpp_ablation_tpp_b_seed_0/last_model_1.pth
2026-05-15 15:57:13,996 INFO src.train.trainer: Epoch 317
2026-05-15 15:57:14,118 INFO src.train.trainer: Last model at epoch 317 saved to /root/autodl-tmp/em_eqf/experiments/mixer_tpp_ablation_chuandian/runs/mixer_tpp_ablation_tpp_b_seed_0/last_model_1.pth
2026-05-15 15:57:14,118 INFO src.train.trainer: Epoch 318
2026-05-15 15:57:14,233 INFO src.train.trainer: Last model at epoch 318 saved to /root/autodl-tmp/em_eqf/experiments/mixer_tpp_ablation_chuandian/runs/mixer_tpp_ablation_tpp_b_seed_0/last_model_1.pth
2026-05-15 15:57:14,233 INFO src.train.trainer: Epoch 319
2026-05-15 15:57:14,346 INFO src.train.trainer: Last model at epoch 319 saved to /root/autodl-tmp/em_eqf/experiments/mixer_tpp_ablation_chuandian/runs/mixer_tpp_ablation_tpp_b_seed_0/last_model_1.pth
2026-05-15 15:57:14,346 INFO src.train.trainer: Epoch 320
2026-05-15 15:57:14,451 INFO src.train.trainer: Last model at epoch 320 saved to /root/autodl-tmp/em_eqf/experiments/mixer_tpp_ablation_chuandian/runs/mixer_tpp_ablation_tpp_b_seed_0/last_model_1.pth
2026-05-15 15:57:14,451 INFO src.train.trainer: Epoch 321
2026-05-15 15:57:14,556 INFO src.train.trainer: Last model at epoch 321 saved to /root/autodl-tmp/em_eqf/experiments/mixer_tpp_ablation_chuandian/runs/mixer_tpp_ablation_tpp_b_seed_0/last_model_1.pth
2026-05-15 15:57:14,556 INFO src.train.trainer: Epoch 322
2026-05-15 15:57:14,662 INFO src.train.trainer: Last model at epoch 322 saved to /root/autodl-tmp/em_eqf/experiments/mixer_tpp_ablation_chuandian/runs/mixer_tpp_ablation_tpp_b_seed_0/last_model_1.pth
2026-05-15 15:57:14,662 INFO src.train.trainer: Epoch 323
2026-05-15 15:57:14,768 INFO src.train.trainer: Last model at epoch 323 saved to /root/autodl-tmp/em_eqf/experiments/mixer_tpp_ablation_chuandian/runs/mixer_tpp_ablation_tpp_b_seed_0/last_model_1.pth
2026-05-15 15:57:14,768 INFO src.train.trainer: Epoch 324
2026-05-15 15:57:14,876 INFO src.train.trainer: Last model at epoch 324 saved to /root/autodl-tmp/em_eqf/experiments/mixer_tpp_ablation_chuandian/runs/mixer_tpp_ablation_tpp_b_seed_0/last_model_1.pth
2026-05-15 15:57:14,876 INFO src.train.trainer: Epoch 325
2026-05-15 15:57:14,987 INFO src.train.trainer: Last model at epoch 325 saved to /root/autodl-tmp/em_eqf/experiments/mixer_tpp_ablation_chuandian/runs/mixer_tpp_ablation_tpp_b_seed_0/last_model_1.pth
2026-05-15 15:57:14,987 INFO src.train.trainer: Epoch 326
2026-05-15 15:57:15,117 INFO src.train.trainer: Last model at epoch 326 saved to /root/autodl-tmp/em_eqf/experiments/mixer_tpp_ablation_chuandian/runs/mixer_tpp_ablation_tpp_b_seed_0/last_model_1.pth
2026-05-15 15:57:15,117 INFO src.train.trainer: Epoch 327
2026-05-15 15:57:15,266 INFO src.train.trainer: Last model at epoch 327 saved to /root/autodl-tmp/em_eqf/experiments/mixer_tpp_ablation_chuandian/runs/mixer_tpp_ablation_tpp_b_seed_0/last_model_1.pth
2026-05-15 15:57:15,266 INFO src.train.trainer: Epoch 328
2026-05-15 15:57:15,394 INFO src.train.trainer: Last model at epoch 328 saved to /root/autodl-tmp/em_eqf/experiments/mixer_tpp_ablation_chuandian/runs/mixer_tpp_ablation_tpp_b_seed_0/last_model_1.pth
2026-05-15 15:57:15,394 INFO src.train.trainer: Epoch 329
2026-05-15 15:57:15,499 INFO src.train.trainer: Last model at epoch 329 saved to /root/autodl-tmp/em_eqf/experiments/mixer_tpp_ablation_chuandian/runs/mixer_tpp_ablation_tpp_b_seed_0/last_model_1.pth
2026-05-15 15:57:15,499 INFO src.train.trainer: Epoch 330
2026-05-15 15:57:15,606 INFO src.train.trainer: Last model at epoch 330 saved to /root/autodl-tmp/em_eqf/experiments/mixer_tpp_ablation_chuandian/runs/mixer_tpp_ablation_tpp_b_seed_0/last_model_1.pth
2026-05-15 15:57:15,606 INFO src.train.trainer: Epoch 331
2026-05-15 15:57:15,762 INFO src.train.trainer: Last model at epoch 331 saved to /root/autodl-tmp/em_eqf/experiments/mixer_tpp_ablation_chuandian/runs/mixer_tpp_ablation_tpp_b_seed_0/last_model_1.pth
2026-05-15 15:57:15,763 INFO src.train.trainer: Epoch 332
2026-05-15 15:57:15,885 INFO src.train.trainer: Last model at epoch 332 saved to /root/autodl-tmp/em_eqf/experiments/mixer_tpp_ablation_chuandian/runs/mixer_tpp_ablation_tpp_b_seed_0/last_model_1.pth
2026-05-15 15:57:15,885 INFO src.train.trainer: Epoch 333
2026-05-15 15:57:15,993 INFO src.train.trainer: Last model at epoch 333 saved to /root/autodl-tmp/em_eqf/experiments/mixer_tpp_ablation_chuandian/runs/mixer_tpp_ablation_tpp_b_seed_0/last_model_1.pth
2026-05-15 15:57:15,993 INFO src.train.trainer: Epoch 334
2026-05-15 15:57:16,099 INFO src.train.trainer: Last model at epoch 334 saved to /root/autodl-tmp/em_eqf/experiments/mixer_tpp_ablation_chuandian/runs/mixer_tpp_ablation_tpp_b_seed_0/last_model_1.pth
2026-05-15 15:57:16,099 INFO src.train.trainer: Epoch 335
2026-05-15 15:57:16,205 INFO src.train.trainer: Last model at epoch 335 saved to /root/autodl-tmp/em_eqf/experiments/mixer_tpp_ablation_chuandian/runs/mixer_tpp_ablation_tpp_b_seed_0/last_model_1.pth
2026-05-15 15:57:16,205 INFO src.train.trainer: Epoch 336
2026-05-15 15:57:16,311 INFO src.train.trainer: Last model at epoch 336 saved to /root/autodl-tmp/em_eqf/experiments/mixer_tpp_ablation_chuandian/runs/mixer_tpp_ablation_tpp_b_seed_0/last_model_1.pth
2026-05-15 15:57:16,311 INFO src.train.trainer: Epoch 337
2026-05-15 15:57:16,425 INFO src.train.trainer: Last model at epoch 337 saved to /root/autodl-tmp/em_eqf/experiments/mixer_tpp_ablation_chuandian/runs/mixer_tpp_ablation_tpp_b_seed_0/last_model_1.pth
2026-05-15 15:57:16,425 INFO src.train.trainer: Epoch 338
2026-05-15 15:57:16,535 INFO src.train.trainer: Last model at epoch 338 saved to /root/autodl-tmp/em_eqf/experiments/mixer_tpp_ablation_chuandian/runs/mixer_tpp_ablation_tpp_b_seed_0/last_model_1.pth
2026-05-15 15:57:16,536 INFO src.train.trainer: Epoch 339
2026-05-15 15:57:16,646 INFO src.train.trainer: Last model at epoch 339 saved to /root/autodl-tmp/em_eqf/experiments/mixer_tpp_ablation_chuandian/runs/mixer_tpp_ablation_tpp_b_seed_0/last_model_1.pth
2026-05-15 15:57:16,646 INFO src.train.trainer: Epoch 340
2026-05-15 15:57:16,755 INFO src.train.trainer: Last model at epoch 340 saved to /root/autodl-tmp/em_eqf/experiments/mixer_tpp_ablation_chuandian/runs/mixer_tpp_ablation_tpp_b_seed_0/last_model_1.pth
2026-05-15 15:57:16,755 INFO src.train.trainer: Epoch 341
2026-05-15 15:57:16,878 INFO src.train.trainer: Last model at epoch 341 saved to /root/autodl-tmp/em_eqf/experiments/mixer_tpp_ablation_chuandian/runs/mixer_tpp_ablation_tpp_b_seed_0/last_model_1.pth
2026-05-15 15:57:16,878 INFO src.train.trainer: Epoch 342
2026-05-15 15:57:17,023 INFO src.train.trainer: Last model at epoch 342 saved to /root/autodl-tmp/em_eqf/experiments/mixer_tpp_ablation_chuandian/runs/mixer_tpp_ablation_tpp_b_seed_0/last_model_1.pth
2026-05-15 15:57:17,024 INFO src.train.trainer: Epoch 343
2026-05-15 15:57:17,139 INFO src.train.trainer: Last model at epoch 343 saved to /root/autodl-tmp/em_eqf/experiments/mixer_tpp_ablation_chuandian/runs/mixer_tpp_ablation_tpp_b_seed_0/last_model_1.pth
2026-05-15 15:57:17,139 INFO src.train.trainer: Epoch 344
2026-05-15 15:57:17,273 INFO src.train.trainer: Last model at epoch 344 saved to /root/autodl-tmp/em_eqf/experiments/mixer_tpp_ablation_chuandian/runs/mixer_tpp_ablation_tpp_b_seed_0/last_model_1.pth
2026-05-15 15:57:17,273 INFO src.train.trainer: Epoch 345
2026-05-15 15:57:17,372 INFO src.train.trainer: Last model at epoch 345 saved to /root/autodl-tmp/em_eqf/experiments/mixer_tpp_ablation_chuandian/runs/mixer_tpp_ablation_tpp_b_seed_0/last_model_1.pth
2026-05-15 15:57:17,373 INFO src.train.trainer: Epoch 346
2026-05-15 15:57:17,491 INFO src.train.trainer: Last model at epoch 346 saved to /root/autodl-tmp/em_eqf/experiments/mixer_tpp_ablation_chuandian/runs/mixer_tpp_ablation_tpp_b_seed_0/last_model_1.pth
2026-05-15 15:57:17,491 INFO src.train.trainer: Epoch 347
2026-05-15 15:57:17,627 INFO src.train.trainer: Last model at epoch 347 saved to /root/autodl-tmp/em_eqf/experiments/mixer_tpp_ablation_chuandian/runs/mixer_tpp_ablation_tpp_b_seed_0/last_model_1.pth
2026-05-15 15:57:17,627 INFO src.train.trainer: Epoch 348
2026-05-15 15:57:17,745 INFO src.train.trainer: Last model at epoch 348 saved to /root/autodl-tmp/em_eqf/experiments/mixer_tpp_ablation_chuandian/runs/mixer_tpp_ablation_tpp_b_seed_0/last_model_1.pth
2026-05-15 15:57:17,745 INFO src.train.trainer: Epoch 349
2026-05-15 15:57:17,864 INFO src.train.trainer: Last model at epoch 349 saved to /root/autodl-tmp/em_eqf/experiments/mixer_tpp_ablation_chuandian/runs/mixer_tpp_ablation_tpp_b_seed_0/last_model_1.pth
2026-05-15 15:57:17,864 INFO src.train.trainer: Epoch 350
2026-05-15 15:57:17,981 INFO src.train.trainer: Last model at epoch 350 saved to /root/autodl-tmp/em_eqf/experiments/mixer_tpp_ablation_chuandian/runs/mixer_tpp_ablation_tpp_b_seed_0/last_model_1.pth
2026-05-15 15:57:17,981 INFO src.train.trainer: Epoch 351
2026-05-15 15:57:18,092 INFO src.train.trainer: Last model at epoch 351 saved to /root/autodl-tmp/em_eqf/experiments/mixer_tpp_ablation_chuandian/runs/mixer_tpp_ablation_tpp_b_seed_0/last_model_1.pth
2026-05-15 15:57:18,092 INFO src.train.trainer: Epoch 352
2026-05-15 15:57:18,204 INFO src.train.trainer: Last model at epoch 352 saved to /root/autodl-tmp/em_eqf/experiments/mixer_tpp_ablation_chuandian/runs/mixer_tpp_ablation_tpp_b_seed_0/last_model_1.pth
2026-05-15 15:57:18,204 INFO src.train.trainer: Epoch 353
2026-05-15 15:57:18,317 INFO src.train.trainer: Last model at epoch 353 saved to /root/autodl-tmp/em_eqf/experiments/mixer_tpp_ablation_chuandian/runs/mixer_tpp_ablation_tpp_b_seed_0/last_model_1.pth
2026-05-15 15:57:18,317 INFO src.train.trainer: Epoch 354
2026-05-15 15:57:18,429 INFO src.train.trainer: Last model at epoch 354 saved to /root/autodl-tmp/em_eqf/experiments/mixer_tpp_ablation_chuandian/runs/mixer_tpp_ablation_tpp_b_seed_0/last_model_1.pth
2026-05-15 15:57:18,429 INFO src.train.trainer: Epoch 355
2026-05-15 15:57:18,544 INFO src.train.trainer: Last model at epoch 355 saved to /root/autodl-tmp/em_eqf/experiments/mixer_tpp_ablation_chuandian/runs/mixer_tpp_ablation_tpp_b_seed_0/last_model_1.pth
2026-05-15 15:57:18,544 INFO src.train.trainer: Epoch 356
2026-05-15 15:57:18,658 INFO src.train.trainer: Last model at epoch 356 saved to /root/autodl-tmp/em_eqf/experiments/mixer_tpp_ablation_chuandian/runs/mixer_tpp_ablation_tpp_b_seed_0/last_model_1.pth
2026-05-15 15:57:18,658 INFO src.train.trainer: Epoch 357
2026-05-15 15:57:18,774 INFO src.train.trainer: Last model at epoch 357 saved to /root/autodl-tmp/em_eqf/experiments/mixer_tpp_ablation_chuandian/runs/mixer_tpp_ablation_tpp_b_seed_0/last_model_1.pth
2026-05-15 15:57:18,774 INFO src.train.trainer: Epoch 358
2026-05-15 15:57:18,889 INFO src.train.trainer: Last model at epoch 358 saved to /root/autodl-tmp/em_eqf/experiments/mixer_tpp_ablation_chuandian/runs/mixer_tpp_ablation_tpp_b_seed_0/last_model_1.pth
2026-05-15 15:57:18,889 INFO src.train.trainer: Epoch 359
2026-05-15 15:57:19,001 INFO src.train.trainer: Last model at epoch 359 saved to /root/autodl-tmp/em_eqf/experiments/mixer_tpp_ablation_chuandian/runs/mixer_tpp_ablation_tpp_b_seed_0/last_model_1.pth
2026-05-15 15:57:19,001 INFO src.train.trainer: Epoch 360
2026-05-15 15:57:19,113 INFO src.train.trainer: Last model at epoch 360 saved to /root/autodl-tmp/em_eqf/experiments/mixer_tpp_ablation_chuandian/runs/mixer_tpp_ablation_tpp_b_seed_0/last_model_1.pth
2026-05-15 15:57:19,113 INFO src.train.trainer: Epoch 361
2026-05-15 15:57:19,226 INFO src.train.trainer: Last model at epoch 361 saved to /root/autodl-tmp/em_eqf/experiments/mixer_tpp_ablation_chuandian/runs/mixer_tpp_ablation_tpp_b_seed_0/last_model_1.pth
2026-05-15 15:57:19,227 INFO src.train.trainer: Epoch 362
2026-05-15 15:57:19,358 INFO src.train.trainer: Last model at epoch 362 saved to /root/autodl-tmp/em_eqf/experiments/mixer_tpp_ablation_chuandian/runs/mixer_tpp_ablation_tpp_b_seed_0/last_model_1.pth
2026-05-15 15:57:19,358 INFO src.train.trainer: Epoch 363
2026-05-15 15:57:19,491 INFO src.train.trainer: Last model at epoch 363 saved to /root/autodl-tmp/em_eqf/experiments/mixer_tpp_ablation_chuandian/runs/mixer_tpp_ablation_tpp_b_seed_0/last_model_1.pth
2026-05-15 15:57:19,491 INFO src.train.trainer: Epoch 364
2026-05-15 15:57:19,617 INFO src.train.trainer: Last model at epoch 364 saved to /root/autodl-tmp/em_eqf/experiments/mixer_tpp_ablation_chuandian/runs/mixer_tpp_ablation_tpp_b_seed_0/last_model_1.pth
2026-05-15 15:57:19,617 INFO src.train.trainer: Epoch 365
2026-05-15 15:57:19,730 INFO src.train.trainer: Last model at epoch 365 saved to /root/autodl-tmp/em_eqf/experiments/mixer_tpp_ablation_chuandian/runs/mixer_tpp_ablation_tpp_b_seed_0/last_model_1.pth
2026-05-15 15:57:19,730 INFO src.train.trainer: Epoch 366
2026-05-15 15:57:19,847 INFO src.train.trainer: Last model at epoch 366 saved to /root/autodl-tmp/em_eqf/experiments/mixer_tpp_ablation_chuandian/runs/mixer_tpp_ablation_tpp_b_seed_0/last_model_1.pth
2026-05-15 15:57:19,847 INFO src.train.trainer: Epoch 367
2026-05-15 15:57:19,953 INFO src.train.trainer: Last model at epoch 367 saved to /root/autodl-tmp/em_eqf/experiments/mixer_tpp_ablation_chuandian/runs/mixer_tpp_ablation_tpp_b_seed_0/last_model_1.pth
2026-05-15 15:57:19,953 INFO src.train.trainer: Epoch 368
2026-05-15 15:57:20,071 INFO src.train.trainer: Last model at epoch 368 saved to /root/autodl-tmp/em_eqf/experiments/mixer_tpp_ablation_chuandian/runs/mixer_tpp_ablation_tpp_b_seed_0/last_model_1.pth
2026-05-15 15:57:20,071 INFO src.train.trainer: Epoch 369
2026-05-15 15:57:20,200 INFO src.train.trainer: Last model at epoch 369 saved to /root/autodl-tmp/em_eqf/experiments/mixer_tpp_ablation_chuandian/runs/mixer_tpp_ablation_tpp_b_seed_0/last_model_1.pth
2026-05-15 15:57:20,200 INFO src.train.trainer: Epoch 370
2026-05-15 15:57:20,315 INFO src.train.trainer: Last model at epoch 370 saved to /root/autodl-tmp/em_eqf/experiments/mixer_tpp_ablation_chuandian/runs/mixer_tpp_ablation_tpp_b_seed_0/last_model_1.pth
2026-05-15 15:57:20,315 INFO src.train.trainer: Epoch 371
2026-05-15 15:57:20,422 INFO src.train.trainer: Last model at epoch 371 saved to /root/autodl-tmp/em_eqf/experiments/mixer_tpp_ablation_chuandian/runs/mixer_tpp_ablation_tpp_b_seed_0/last_model_1.pth
2026-05-15 15:57:20,422 INFO src.train.trainer: Epoch 372
2026-05-15 15:57:20,529 INFO src.train.trainer: Last model at epoch 372 saved to /root/autodl-tmp/em_eqf/experiments/mixer_tpp_ablation_chuandian/runs/mixer_tpp_ablation_tpp_b_seed_0/last_model_1.pth
2026-05-15 15:57:20,529 INFO src.train.trainer: Epoch 373
2026-05-15 15:57:20,639 INFO src.train.trainer: Last model at epoch 373 saved to /root/autodl-tmp/em_eqf/experiments/mixer_tpp_ablation_chuandian/runs/mixer_tpp_ablation_tpp_b_seed_0/last_model_1.pth
2026-05-15 15:57:20,639 INFO src.train.trainer: Epoch 374
2026-05-15 15:57:20,770 INFO src.train.trainer: Last model at epoch 374 saved to /root/autodl-tmp/em_eqf/experiments/mixer_tpp_ablation_chuandian/runs/mixer_tpp_ablation_tpp_b_seed_0/last_model_1.pth
2026-05-15 15:57:20,770 INFO src.train.trainer: Epoch 375
2026-05-15 15:57:20,889 INFO src.train.trainer: Last model at epoch 375 saved to /root/autodl-tmp/em_eqf/experiments/mixer_tpp_ablation_chuandian/runs/mixer_tpp_ablation_tpp_b_seed_0/last_model_1.pth
2026-05-15 15:57:20,889 INFO src.train.trainer: Epoch 376
2026-05-15 15:57:20,994 INFO src.train.trainer: Last model at epoch 376 saved to /root/autodl-tmp/em_eqf/experiments/mixer_tpp_ablation_chuandian/runs/mixer_tpp_ablation_tpp_b_seed_0/last_model_1.pth
2026-05-15 15:57:20,994 INFO src.train.trainer: Epoch 377
2026-05-15 15:57:21,102 INFO src.train.trainer: Last model at epoch 377 saved to /root/autodl-tmp/em_eqf/experiments/mixer_tpp_ablation_chuandian/runs/mixer_tpp_ablation_tpp_b_seed_0/last_model_1.pth
2026-05-15 15:57:21,102 INFO src.train.trainer: Epoch 378
2026-05-15 15:57:21,210 INFO src.train.trainer: Last model at epoch 378 saved to /root/autodl-tmp/em_eqf/experiments/mixer_tpp_ablation_chuandian/runs/mixer_tpp_ablation_tpp_b_seed_0/last_model_1.pth
2026-05-15 15:57:21,211 INFO src.train.trainer: Epoch 379
2026-05-15 15:57:21,319 INFO src.train.trainer: Last model at epoch 379 saved to /root/autodl-tmp/em_eqf/experiments/mixer_tpp_ablation_chuandian/runs/mixer_tpp_ablation_tpp_b_seed_0/last_model_1.pth
2026-05-15 15:57:21,319 INFO src.train.trainer: Epoch 380
2026-05-15 15:57:21,429 INFO src.train.trainer: Last model at epoch 380 saved to /root/autodl-tmp/em_eqf/experiments/mixer_tpp_ablation_chuandian/runs/mixer_tpp_ablation_tpp_b_seed_0/last_model_1.pth
2026-05-15 15:57:21,429 INFO src.train.trainer: Epoch 381
2026-05-15 15:57:21,538 INFO src.train.trainer: Last model at epoch 381 saved to /root/autodl-tmp/em_eqf/experiments/mixer_tpp_ablation_chuandian/runs/mixer_tpp_ablation_tpp_b_seed_0/last_model_1.pth
2026-05-15 15:57:21,538 INFO src.train.trainer: Epoch 382
2026-05-15 15:57:21,647 INFO src.train.trainer: Last model at epoch 382 saved to /root/autodl-tmp/em_eqf/experiments/mixer_tpp_ablation_chuandian/runs/mixer_tpp_ablation_tpp_b_seed_0/last_model_1.pth
2026-05-15 15:57:21,647 INFO src.train.trainer: Epoch 383
2026-05-15 15:57:21,769 INFO src.train.trainer: Last model at epoch 383 saved to /root/autodl-tmp/em_eqf/experiments/mixer_tpp_ablation_chuandian/runs/mixer_tpp_ablation_tpp_b_seed_0/last_model_1.pth
2026-05-15 15:57:21,769 INFO src.train.trainer: Epoch 384
2026-05-15 15:57:21,914 INFO src.train.trainer: Last model at epoch 384 saved to /root/autodl-tmp/em_eqf/experiments/mixer_tpp_ablation_chuandian/runs/mixer_tpp_ablation_tpp_b_seed_0/last_model_1.pth
2026-05-15 15:57:21,914 INFO src.train.trainer: Epoch 385
2026-05-15 15:57:22,039 INFO src.train.trainer: Last model at epoch 385 saved to /root/autodl-tmp/em_eqf/experiments/mixer_tpp_ablation_chuandian/runs/mixer_tpp_ablation_tpp_b_seed_0/last_model_1.pth
2026-05-15 15:57:22,039 INFO src.train.trainer: Epoch 386
2026-05-15 15:57:22,144 INFO src.train.trainer: Last model at epoch 386 saved to /root/autodl-tmp/em_eqf/experiments/mixer_tpp_ablation_chuandian/runs/mixer_tpp_ablation_tpp_b_seed_0/last_model_1.pth
2026-05-15 15:57:22,144 INFO src.train.trainer: Epoch 387
2026-05-15 15:57:22,250 INFO src.train.trainer: Last model at epoch 387 saved to /root/autodl-tmp/em_eqf/experiments/mixer_tpp_ablation_chuandian/runs/mixer_tpp_ablation_tpp_b_seed_0/last_model_1.pth
2026-05-15 15:57:22,250 INFO src.train.trainer: Epoch 388
2026-05-15 15:57:22,366 INFO src.train.trainer: Last model at epoch 388 saved to /root/autodl-tmp/em_eqf/experiments/mixer_tpp_ablation_chuandian/runs/mixer_tpp_ablation_tpp_b_seed_0/last_model_1.pth
2026-05-15 15:57:22,366 INFO src.train.trainer: Epoch 389
2026-05-15 15:57:22,492 INFO src.train.trainer: Last model at epoch 389 saved to /root/autodl-tmp/em_eqf/experiments/mixer_tpp_ablation_chuandian/runs/mixer_tpp_ablation_tpp_b_seed_0/last_model_1.pth
2026-05-15 15:57:22,492 INFO src.train.trainer: Epoch 390
2026-05-15 15:57:22,602 INFO src.train.trainer: Last model at epoch 390 saved to /root/autodl-tmp/em_eqf/experiments/mixer_tpp_ablation_chuandian/runs/mixer_tpp_ablation_tpp_b_seed_0/last_model_1.pth
2026-05-15 15:57:22,602 INFO src.train.trainer: Epoch 391
2026-05-15 15:57:22,714 INFO src.train.trainer: Last model at epoch 391 saved to /root/autodl-tmp/em_eqf/experiments/mixer_tpp_ablation_chuandian/runs/mixer_tpp_ablation_tpp_b_seed_0/last_model_1.pth
2026-05-15 15:57:22,714 INFO src.train.trainer: Epoch 392
2026-05-15 15:57:22,828 INFO src.train.trainer: Last model at epoch 392 saved to /root/autodl-tmp/em_eqf/experiments/mixer_tpp_ablation_chuandian/runs/mixer_tpp_ablation_tpp_b_seed_0/last_model_1.pth
2026-05-15 15:57:22,828 INFO src.train.trainer: Epoch 393
2026-05-15 15:57:22,936 INFO src.train.trainer: Last model at epoch 393 saved to /root/autodl-tmp/em_eqf/experiments/mixer_tpp_ablation_chuandian/runs/mixer_tpp_ablation_tpp_b_seed_0/last_model_1.pth
2026-05-15 15:57:22,936 INFO src.train.trainer: Epoch 394
2026-05-15 15:57:23,044 INFO src.train.trainer: Last model at epoch 394 saved to /root/autodl-tmp/em_eqf/experiments/mixer_tpp_ablation_chuandian/runs/mixer_tpp_ablation_tpp_b_seed_0/last_model_1.pth
2026-05-15 15:57:23,045 INFO src.train.trainer: Epoch 395
2026-05-15 15:57:23,150 INFO src.train.trainer: Last model at epoch 395 saved to /root/autodl-tmp/em_eqf/experiments/mixer_tpp_ablation_chuandian/runs/mixer_tpp_ablation_tpp_b_seed_0/last_model_1.pth
2026-05-15 15:57:23,150 INFO src.train.trainer: Epoch 396
2026-05-15 15:57:23,259 INFO src.train.trainer: Last model at epoch 396 saved to /root/autodl-tmp/em_eqf/experiments/mixer_tpp_ablation_chuandian/runs/mixer_tpp_ablation_tpp_b_seed_0/last_model_1.pth
2026-05-15 15:57:23,259 INFO src.train.trainer: Epoch 397
2026-05-15 15:57:23,379 INFO src.train.trainer: Last model at epoch 397 saved to /root/autodl-tmp/em_eqf/experiments/mixer_tpp_ablation_chuandian/runs/mixer_tpp_ablation_tpp_b_seed_0/last_model_1.pth
2026-05-15 15:57:23,379 INFO src.train.trainer: Epoch 398
2026-05-15 15:57:23,505 INFO src.train.trainer: Last model at epoch 398 saved to /root/autodl-tmp/em_eqf/experiments/mixer_tpp_ablation_chuandian/runs/mixer_tpp_ablation_tpp_b_seed_0/last_model_1.pth
2026-05-15 15:57:23,505 INFO src.train.trainer: Epoch 399
2026-05-15 15:57:23,623 INFO src.train.trainer: Last model at epoch 399 saved to /root/autodl-tmp/em_eqf/experiments/mixer_tpp_ablation_chuandian/runs/mixer_tpp_ablation_tpp_b_seed_0/last_model_1.pth
2026-05-15 15:57:23,623 INFO src.train.trainer: Epoch 400
2026-05-15 15:57:23,751 INFO src.train.trainer: Last model at epoch 400 saved to /root/autodl-tmp/em_eqf/experiments/mixer_tpp_ablation_chuandian/runs/mixer_tpp_ablation_tpp_b_seed_0/last_model_1.pth
2026-05-15 15:57:23,751 INFO src.train.trainer: Epoch 401
2026-05-15 15:57:23,865 INFO src.train.trainer: Last model at epoch 401 saved to /root/autodl-tmp/em_eqf/experiments/mixer_tpp_ablation_chuandian/runs/mixer_tpp_ablation_tpp_b_seed_0/last_model_1.pth
2026-05-15 15:57:23,865 INFO src.train.trainer: Epoch 402
2026-05-15 15:57:23,982 INFO src.train.trainer: Last model at epoch 402 saved to /root/autodl-tmp/em_eqf/experiments/mixer_tpp_ablation_chuandian/runs/mixer_tpp_ablation_tpp_b_seed_0/last_model_1.pth
2026-05-15 15:57:23,982 INFO src.train.trainer: Epoch 403
2026-05-15 15:57:24,098 INFO src.train.trainer: Last model at epoch 403 saved to /root/autodl-tmp/em_eqf/experiments/mixer_tpp_ablation_chuandian/runs/mixer_tpp_ablation_tpp_b_seed_0/last_model_1.pth
2026-05-15 15:57:24,098 INFO src.train.trainer: Epoch 404
2026-05-15 15:57:24,212 INFO src.train.trainer: Last model at epoch 404 saved to /root/autodl-tmp/em_eqf/experiments/mixer_tpp_ablation_chuandian/runs/mixer_tpp_ablation_tpp_b_seed_0/last_model_1.pth
2026-05-15 15:57:24,212 INFO src.train.trainer: Epoch 405
2026-05-15 15:57:24,338 INFO src.train.trainer: Last model at epoch 405 saved to /root/autodl-tmp/em_eqf/experiments/mixer_tpp_ablation_chuandian/runs/mixer_tpp_ablation_tpp_b_seed_0/last_model_1.pth
2026-05-15 15:57:24,338 INFO src.train.trainer: Epoch 406
2026-05-15 15:57:24,490 INFO src.train.trainer: Last model at epoch 406 saved to /root/autodl-tmp/em_eqf/experiments/mixer_tpp_ablation_chuandian/runs/mixer_tpp_ablation_tpp_b_seed_0/last_model_1.pth
2026-05-15 15:57:24,490 INFO src.train.trainer: Epoch 407
2026-05-15 15:57:24,612 INFO src.train.trainer: Last model at epoch 407 saved to /root/autodl-tmp/em_eqf/experiments/mixer_tpp_ablation_chuandian/runs/mixer_tpp_ablation_tpp_b_seed_0/last_model_1.pth
2026-05-15 15:57:24,612 INFO src.train.trainer: Epoch 408
2026-05-15 15:57:24,723 INFO src.train.trainer: Last model at epoch 408 saved to /root/autodl-tmp/em_eqf/experiments/mixer_tpp_ablation_chuandian/runs/mixer_tpp_ablation_tpp_b_seed_0/last_model_1.pth
2026-05-15 15:57:24,723 INFO src.train.trainer: Epoch 409
2026-05-15 15:57:24,836 INFO src.train.trainer: Last model at epoch 409 saved to /root/autodl-tmp/em_eqf/experiments/mixer_tpp_ablation_chuandian/runs/mixer_tpp_ablation_tpp_b_seed_0/last_model_1.pth
2026-05-15 15:57:24,837 INFO src.train.trainer: Epoch 410
2026-05-15 15:57:24,952 INFO src.train.trainer: Last model at epoch 410 saved to /root/autodl-tmp/em_eqf/experiments/mixer_tpp_ablation_chuandian/runs/mixer_tpp_ablation_tpp_b_seed_0/last_model_1.pth
2026-05-15 15:57:24,952 INFO src.train.trainer: Epoch 411
2026-05-15 15:57:25,064 INFO src.train.trainer: Last model at epoch 411 saved to /root/autodl-tmp/em_eqf/experiments/mixer_tpp_ablation_chuandian/runs/mixer_tpp_ablation_tpp_b_seed_0/last_model_1.pth
2026-05-15 15:57:25,064 INFO src.train.trainer: Epoch 412
2026-05-15 15:57:25,178 INFO src.train.trainer: Last model at epoch 412 saved to /root/autodl-tmp/em_eqf/experiments/mixer_tpp_ablation_chuandian/runs/mixer_tpp_ablation_tpp_b_seed_0/last_model_1.pth
2026-05-15 15:57:25,178 INFO src.train.trainer: Epoch 413
2026-05-15 15:57:25,306 INFO src.train.trainer: Last model at epoch 413 saved to /root/autodl-tmp/em_eqf/experiments/mixer_tpp_ablation_chuandian/runs/mixer_tpp_ablation_tpp_b_seed_0/last_model_1.pth
2026-05-15 15:57:25,306 INFO src.train.trainer: Epoch 414
2026-05-15 15:57:25,450 INFO src.train.trainer: Last model at epoch 414 saved to /root/autodl-tmp/em_eqf/experiments/mixer_tpp_ablation_chuandian/runs/mixer_tpp_ablation_tpp_b_seed_0/last_model_1.pth
2026-05-15 15:57:25,450 INFO src.train.trainer: Epoch 415
2026-05-15 15:57:25,571 INFO src.train.trainer: Last model at epoch 415 saved to /root/autodl-tmp/em_eqf/experiments/mixer_tpp_ablation_chuandian/runs/mixer_tpp_ablation_tpp_b_seed_0/last_model_1.pth
2026-05-15 15:57:25,571 INFO src.train.trainer: Epoch 416
2026-05-15 15:57:25,692 INFO src.train.trainer: Last model at epoch 416 saved to /root/autodl-tmp/em_eqf/experiments/mixer_tpp_ablation_chuandian/runs/mixer_tpp_ablation_tpp_b_seed_0/last_model_1.pth
2026-05-15 15:57:25,692 INFO src.train.trainer: Epoch 417
2026-05-15 15:57:25,805 INFO src.train.trainer: Last model at epoch 417 saved to /root/autodl-tmp/em_eqf/experiments/mixer_tpp_ablation_chuandian/runs/mixer_tpp_ablation_tpp_b_seed_0/last_model_1.pth
2026-05-15 15:57:25,805 INFO src.train.trainer: Epoch 418
2026-05-15 15:57:25,939 INFO src.train.trainer: Last model at epoch 418 saved to /root/autodl-tmp/em_eqf/experiments/mixer_tpp_ablation_chuandian/runs/mixer_tpp_ablation_tpp_b_seed_0/last_model_1.pth
2026-05-15 15:57:25,939 INFO src.train.trainer: Epoch 419
2026-05-15 15:57:26,087 INFO src.train.trainer: Last model at epoch 419 saved to /root/autodl-tmp/em_eqf/experiments/mixer_tpp_ablation_chuandian/runs/mixer_tpp_ablation_tpp_b_seed_0/last_model_1.pth
2026-05-15 15:57:26,087 INFO src.train.trainer: Epoch 420
2026-05-15 15:57:26,212 INFO src.train.trainer: Last model at epoch 420 saved to /root/autodl-tmp/em_eqf/experiments/mixer_tpp_ablation_chuandian/runs/mixer_tpp_ablation_tpp_b_seed_0/last_model_1.pth
2026-05-15 15:57:26,212 INFO src.train.trainer: Epoch 421
2026-05-15 15:57:26,331 INFO src.train.trainer: Last model at epoch 421 saved to /root/autodl-tmp/em_eqf/experiments/mixer_tpp_ablation_chuandian/runs/mixer_tpp_ablation_tpp_b_seed_0/last_model_1.pth
2026-05-15 15:57:26,331 INFO src.train.trainer: Epoch 422
2026-05-15 15:57:26,457 INFO src.train.trainer: Last model at epoch 422 saved to /root/autodl-tmp/em_eqf/experiments/mixer_tpp_ablation_chuandian/runs/mixer_tpp_ablation_tpp_b_seed_0/last_model_1.pth
2026-05-15 15:57:26,457 INFO src.train.trainer: Epoch 423
2026-05-15 15:57:26,608 INFO src.train.trainer: Last model at epoch 423 saved to /root/autodl-tmp/em_eqf/experiments/mixer_tpp_ablation_chuandian/runs/mixer_tpp_ablation_tpp_b_seed_0/last_model_1.pth
2026-05-15 15:57:26,608 INFO src.train.trainer: Epoch 424
2026-05-15 15:57:26,723 INFO src.train.trainer: Last model at epoch 424 saved to /root/autodl-tmp/em_eqf/experiments/mixer_tpp_ablation_chuandian/runs/mixer_tpp_ablation_tpp_b_seed_0/last_model_1.pth
2026-05-15 15:57:26,723 INFO src.train.trainer: Epoch 425
2026-05-15 15:57:26,842 INFO src.train.trainer: Last model at epoch 425 saved to /root/autodl-tmp/em_eqf/experiments/mixer_tpp_ablation_chuandian/runs/mixer_tpp_ablation_tpp_b_seed_0/last_model_1.pth
2026-05-15 15:57:26,842 INFO src.train.trainer: Epoch 426
2026-05-15 15:57:27,002 INFO src.train.trainer: Last model at epoch 426 saved to /root/autodl-tmp/em_eqf/experiments/mixer_tpp_ablation_chuandian/runs/mixer_tpp_ablation_tpp_b_seed_0/last_model_1.pth
2026-05-15 15:57:27,003 INFO src.train.trainer: Epoch 427
2026-05-15 15:57:27,122 INFO src.train.trainer: Last model at epoch 427 saved to /root/autodl-tmp/em_eqf/experiments/mixer_tpp_ablation_chuandian/runs/mixer_tpp_ablation_tpp_b_seed_0/last_model_1.pth
2026-05-15 15:57:27,122 INFO src.train.trainer: Epoch 428
2026-05-15 15:57:27,230 INFO src.train.trainer: Last model at epoch 428 saved to /root/autodl-tmp/em_eqf/experiments/mixer_tpp_ablation_chuandian/runs/mixer_tpp_ablation_tpp_b_seed_0/last_model_1.pth
2026-05-15 15:57:27,230 INFO src.train.trainer: Epoch 429
2026-05-15 15:57:27,348 INFO src.train.trainer: Last model at epoch 429 saved to /root/autodl-tmp/em_eqf/experiments/mixer_tpp_ablation_chuandian/runs/mixer_tpp_ablation_tpp_b_seed_0/last_model_1.pth
2026-05-15 15:57:27,348 INFO src.train.trainer: Epoch 430
2026-05-15 15:57:27,465 INFO src.train.trainer: Last model at epoch 430 saved to /root/autodl-tmp/em_eqf/experiments/mixer_tpp_ablation_chuandian/runs/mixer_tpp_ablation_tpp_b_seed_0/last_model_1.pth
2026-05-15 15:57:27,465 INFO src.train.trainer: Epoch 431
2026-05-15 15:57:27,577 INFO src.train.trainer: Last model at epoch 431 saved to /root/autodl-tmp/em_eqf/experiments/mixer_tpp_ablation_chuandian/runs/mixer_tpp_ablation_tpp_b_seed_0/last_model_1.pth
2026-05-15 15:57:27,577 INFO src.train.trainer: Epoch 432
2026-05-15 15:57:27,685 INFO src.train.trainer: Last model at epoch 432 saved to /root/autodl-tmp/em_eqf/experiments/mixer_tpp_ablation_chuandian/runs/mixer_tpp_ablation_tpp_b_seed_0/last_model_1.pth
2026-05-15 15:57:27,685 INFO src.train.trainer: Epoch 433
2026-05-15 15:57:27,796 INFO src.train.trainer: Last model at epoch 433 saved to /root/autodl-tmp/em_eqf/experiments/mixer_tpp_ablation_chuandian/runs/mixer_tpp_ablation_tpp_b_seed_0/last_model_1.pth
2026-05-15 15:57:27,796 INFO src.train.trainer: Epoch 434
2026-05-15 15:57:27,906 INFO src.train.trainer: Last model at epoch 434 saved to /root/autodl-tmp/em_eqf/experiments/mixer_tpp_ablation_chuandian/runs/mixer_tpp_ablation_tpp_b_seed_0/last_model_1.pth
2026-05-15 15:57:27,906 INFO src.train.trainer: Epoch 435
2026-05-15 15:57:28,036 INFO src.train.trainer: Last model at epoch 435 saved to /root/autodl-tmp/em_eqf/experiments/mixer_tpp_ablation_chuandian/runs/mixer_tpp_ablation_tpp_b_seed_0/last_model_1.pth
2026-05-15 15:57:28,037 INFO src.train.trainer: Epoch 436
2026-05-15 15:57:28,180 INFO src.train.trainer: Last model at epoch 436 saved to /root/autodl-tmp/em_eqf/experiments/mixer_tpp_ablation_chuandian/runs/mixer_tpp_ablation_tpp_b_seed_0/last_model_1.pth
2026-05-15 15:57:28,180 INFO src.train.trainer: Epoch 437
2026-05-15 15:57:28,308 INFO src.train.trainer: Last model at epoch 437 saved to /root/autodl-tmp/em_eqf/experiments/mixer_tpp_ablation_chuandian/runs/mixer_tpp_ablation_tpp_b_seed_0/last_model_1.pth
2026-05-15 15:57:28,308 INFO src.train.trainer: Epoch 438
2026-05-15 15:57:28,412 INFO src.train.trainer: Last model at epoch 438 saved to /root/autodl-tmp/em_eqf/experiments/mixer_tpp_ablation_chuandian/runs/mixer_tpp_ablation_tpp_b_seed_0/last_model_1.pth
2026-05-15 15:57:28,412 INFO src.train.trainer: Epoch 439
2026-05-15 15:57:28,527 INFO src.train.trainer: Last model at epoch 439 saved to /root/autodl-tmp/em_eqf/experiments/mixer_tpp_ablation_chuandian/runs/mixer_tpp_ablation_tpp_b_seed_0/last_model_1.pth
2026-05-15 15:57:28,527 INFO src.train.trainer: Epoch 440
2026-05-15 15:57:28,639 INFO src.train.trainer: Last model at epoch 440 saved to /root/autodl-tmp/em_eqf/experiments/mixer_tpp_ablation_chuandian/runs/mixer_tpp_ablation_tpp_b_seed_0/last_model_1.pth
2026-05-15 15:57:28,639 INFO src.train.trainer: Epoch 441
2026-05-15 15:57:28,755 INFO src.train.trainer: Last model at epoch 441 saved to /root/autodl-tmp/em_eqf/experiments/mixer_tpp_ablation_chuandian/runs/mixer_tpp_ablation_tpp_b_seed_0/last_model_1.pth
2026-05-15 15:57:28,755 INFO src.train.trainer: Epoch 442
2026-05-15 15:57:28,862 INFO src.train.trainer: Last model at epoch 442 saved to /root/autodl-tmp/em_eqf/experiments/mixer_tpp_ablation_chuandian/runs/mixer_tpp_ablation_tpp_b_seed_0/last_model_1.pth
2026-05-15 15:57:28,862 INFO src.train.trainer: Epoch 443
2026-05-15 15:57:28,975 INFO src.train.trainer: Last model at epoch 443 saved to /root/autodl-tmp/em_eqf/experiments/mixer_tpp_ablation_chuandian/runs/mixer_tpp_ablation_tpp_b_seed_0/last_model_1.pth
2026-05-15 15:57:28,975 INFO src.train.trainer: Epoch 444
2026-05-15 15:57:29,096 INFO src.train.trainer: Last model at epoch 444 saved to /root/autodl-tmp/em_eqf/experiments/mixer_tpp_ablation_chuandian/runs/mixer_tpp_ablation_tpp_b_seed_0/last_model_1.pth
2026-05-15 15:57:29,096 INFO src.train.trainer: Epoch 445
2026-05-15 15:57:29,232 INFO src.train.trainer: Last model at epoch 445 saved to /root/autodl-tmp/em_eqf/experiments/mixer_tpp_ablation_chuandian/runs/mixer_tpp_ablation_tpp_b_seed_0/last_model_1.pth
2026-05-15 15:57:29,232 INFO src.train.trainer: Epoch 446
2026-05-15 15:57:29,368 INFO src.train.trainer: Last model at epoch 446 saved to /root/autodl-tmp/em_eqf/experiments/mixer_tpp_ablation_chuandian/runs/mixer_tpp_ablation_tpp_b_seed_0/last_model_1.pth
2026-05-15 15:57:29,368 INFO src.train.trainer: Epoch 447
2026-05-15 15:57:29,493 INFO src.train.trainer: Last model at epoch 447 saved to /root/autodl-tmp/em_eqf/experiments/mixer_tpp_ablation_chuandian/runs/mixer_tpp_ablation_tpp_b_seed_0/last_model_1.pth
2026-05-15 15:57:29,493 INFO src.train.trainer: Epoch 448
2026-05-15 15:57:29,613 INFO src.train.trainer: Last model at epoch 448 saved to /root/autodl-tmp/em_eqf/experiments/mixer_tpp_ablation_chuandian/runs/mixer_tpp_ablation_tpp_b_seed_0/last_model_1.pth
2026-05-15 15:57:29,613 INFO src.train.trainer: Epoch 449
2026-05-15 15:57:29,721 INFO src.train.trainer: Last model at epoch 449 saved to /root/autodl-tmp/em_eqf/experiments/mixer_tpp_ablation_chuandian/runs/mixer_tpp_ablation_tpp_b_seed_0/last_model_1.pth
2026-05-15 15:57:29,721 INFO src.train.trainer: Epoch 450
2026-05-15 15:57:29,837 INFO src.train.trainer: Last model at epoch 450 saved to /root/autodl-tmp/em_eqf/experiments/mixer_tpp_ablation_chuandian/runs/mixer_tpp_ablation_tpp_b_seed_0/last_model_1.pth
2026-05-15 15:57:29,837 INFO src.train.trainer: Epoch 451
2026-05-15 15:57:29,950 INFO src.train.trainer: Last model at epoch 451 saved to /root/autodl-tmp/em_eqf/experiments/mixer_tpp_ablation_chuandian/runs/mixer_tpp_ablation_tpp_b_seed_0/last_model_1.pth
2026-05-15 15:57:29,950 INFO src.train.trainer: Epoch 452
2026-05-15 15:57:30,067 INFO src.train.trainer: Last model at epoch 452 saved to /root/autodl-tmp/em_eqf/experiments/mixer_tpp_ablation_chuandian/runs/mixer_tpp_ablation_tpp_b_seed_0/last_model_1.pth
2026-05-15 15:57:30,067 INFO src.train.trainer: Epoch 453
2026-05-15 15:57:30,183 INFO src.train.trainer: Last model at epoch 453 saved to /root/autodl-tmp/em_eqf/experiments/mixer_tpp_ablation_chuandian/runs/mixer_tpp_ablation_tpp_b_seed_0/last_model_1.pth
2026-05-15 15:57:30,183 INFO src.train.trainer: Epoch 454
2026-05-15 15:57:30,296 INFO src.train.trainer: Last model at epoch 454 saved to /root/autodl-tmp/em_eqf/experiments/mixer_tpp_ablation_chuandian/runs/mixer_tpp_ablation_tpp_b_seed_0/last_model_1.pth
2026-05-15 15:57:30,297 INFO src.train.trainer: Epoch 455
2026-05-15 15:57:30,408 INFO src.train.trainer: Last model at epoch 455 saved to /root/autodl-tmp/em_eqf/experiments/mixer_tpp_ablation_chuandian/runs/mixer_tpp_ablation_tpp_b_seed_0/last_model_1.pth
2026-05-15 15:57:30,408 INFO src.train.trainer: Epoch 456
2026-05-15 15:57:30,528 INFO src.train.trainer: Last model at epoch 456 saved to /root/autodl-tmp/em_eqf/experiments/mixer_tpp_ablation_chuandian/runs/mixer_tpp_ablation_tpp_b_seed_0/last_model_1.pth
2026-05-15 15:57:30,528 INFO src.train.trainer: Epoch 457
2026-05-15 15:57:30,637 INFO src.train.trainer: Last model at epoch 457 saved to /root/autodl-tmp/em_eqf/experiments/mixer_tpp_ablation_chuandian/runs/mixer_tpp_ablation_tpp_b_seed_0/last_model_1.pth
2026-05-15 15:57:30,637 INFO src.train.trainer: Epoch 458
2026-05-15 15:57:30,749 INFO src.train.trainer: Last model at epoch 458 saved to /root/autodl-tmp/em_eqf/experiments/mixer_tpp_ablation_chuandian/runs/mixer_tpp_ablation_tpp_b_seed_0/last_model_1.pth
2026-05-15 15:57:30,749 INFO src.train.trainer: Epoch 459
2026-05-15 15:57:30,861 INFO src.train.trainer: Last model at epoch 459 saved to /root/autodl-tmp/em_eqf/experiments/mixer_tpp_ablation_chuandian/runs/mixer_tpp_ablation_tpp_b_seed_0/last_model_1.pth
2026-05-15 15:57:30,861 INFO src.train.trainer: Epoch 460
2026-05-15 15:57:30,979 INFO src.train.trainer: Last model at epoch 460 saved to /root/autodl-tmp/em_eqf/experiments/mixer_tpp_ablation_chuandian/runs/mixer_tpp_ablation_tpp_b_seed_0/last_model_1.pth
2026-05-15 15:57:30,979 INFO src.train.trainer: Epoch 461
2026-05-15 15:57:31,103 INFO src.train.trainer: Last model at epoch 461 saved to /root/autodl-tmp/em_eqf/experiments/mixer_tpp_ablation_chuandian/runs/mixer_tpp_ablation_tpp_b_seed_0/last_model_1.pth
2026-05-15 15:57:31,104 INFO src.train.trainer: Epoch 462
2026-05-15 15:57:31,191 INFO src.train.trainer: Last model at epoch 462 saved to /root/autodl-tmp/em_eqf/experiments/mixer_tpp_ablation_chuandian/runs/mixer_tpp_ablation_tpp_b_seed_0/last_model_1.pth
2026-05-15 15:57:31,191 INFO src.train.trainer: Epoch 463
2026-05-15 15:57:31,273 INFO src.train.trainer: Last model at epoch 463 saved to /root/autodl-tmp/em_eqf/experiments/mixer_tpp_ablation_chuandian/runs/mixer_tpp_ablation_tpp_b_seed_0/last_model_1.pth
2026-05-15 15:57:31,274 INFO src.train.trainer: Epoch 464
2026-05-15 15:57:31,359 INFO src.train.trainer: Last model at epoch 464 saved to /root/autodl-tmp/em_eqf/experiments/mixer_tpp_ablation_chuandian/runs/mixer_tpp_ablation_tpp_b_seed_0/last_model_1.pth
2026-05-15 15:57:31,360 INFO src.train.trainer: Epoch 465
2026-05-15 15:57:31,441 INFO src.train.trainer: Last model at epoch 465 saved to /root/autodl-tmp/em_eqf/experiments/mixer_tpp_ablation_chuandian/runs/mixer_tpp_ablation_tpp_b_seed_0/last_model_1.pth
2026-05-15 15:57:31,441 INFO src.train.trainer: Epoch 466
2026-05-15 15:57:31,522 INFO src.train.trainer: Last model at epoch 466 saved to /root/autodl-tmp/em_eqf/experiments/mixer_tpp_ablation_chuandian/runs/mixer_tpp_ablation_tpp_b_seed_0/last_model_1.pth
2026-05-15 15:57:31,523 INFO src.train.trainer: Epoch 467
2026-05-15 15:57:31,605 INFO src.train.trainer: Last model at epoch 467 saved to /root/autodl-tmp/em_eqf/experiments/mixer_tpp_ablation_chuandian/runs/mixer_tpp_ablation_tpp_b_seed_0/last_model_1.pth
2026-05-15 15:57:31,605 INFO src.train.trainer: Epoch 468
2026-05-15 15:57:31,689 INFO src.train.trainer: Last model at epoch 468 saved to /root/autodl-tmp/em_eqf/experiments/mixer_tpp_ablation_chuandian/runs/mixer_tpp_ablation_tpp_b_seed_0/last_model_1.pth
2026-05-15 15:57:31,689 INFO src.train.trainer: Epoch 469
2026-05-15 15:57:31,774 INFO src.train.trainer: Last model at epoch 469 saved to /root/autodl-tmp/em_eqf/experiments/mixer_tpp_ablation_chuandian/runs/mixer_tpp_ablation_tpp_b_seed_0/last_model_1.pth
2026-05-15 15:57:31,774 INFO src.train.trainer: Epoch 470
2026-05-15 15:57:31,861 INFO src.train.trainer: Last model at epoch 470 saved to /root/autodl-tmp/em_eqf/experiments/mixer_tpp_ablation_chuandian/runs/mixer_tpp_ablation_tpp_b_seed_0/last_model_1.pth
2026-05-15 15:57:31,861 INFO src.train.trainer: Epoch 471
2026-05-15 15:57:31,946 INFO src.train.trainer: Last model at epoch 471 saved to /root/autodl-tmp/em_eqf/experiments/mixer_tpp_ablation_chuandian/runs/mixer_tpp_ablation_tpp_b_seed_0/last_model_1.pth
2026-05-15 15:57:31,946 INFO src.train.trainer: Epoch 472
2026-05-15 15:57:32,031 INFO src.train.trainer: Last model at epoch 472 saved to /root/autodl-tmp/em_eqf/experiments/mixer_tpp_ablation_chuandian/runs/mixer_tpp_ablation_tpp_b_seed_0/last_model_1.pth
2026-05-15 15:57:32,031 INFO src.train.trainer: Epoch 473
2026-05-15 15:57:32,115 INFO src.train.trainer: Last model at epoch 473 saved to /root/autodl-tmp/em_eqf/experiments/mixer_tpp_ablation_chuandian/runs/mixer_tpp_ablation_tpp_b_seed_0/last_model_1.pth
2026-05-15 15:57:32,115 INFO src.train.trainer: Epoch 474
2026-05-15 15:57:32,199 INFO src.train.trainer: Last model at epoch 474 saved to /root/autodl-tmp/em_eqf/experiments/mixer_tpp_ablation_chuandian/runs/mixer_tpp_ablation_tpp_b_seed_0/last_model_1.pth
2026-05-15 15:57:32,199 INFO src.train.trainer: Epoch 475
2026-05-15 15:57:32,284 INFO src.train.trainer: Last model at epoch 475 saved to /root/autodl-tmp/em_eqf/experiments/mixer_tpp_ablation_chuandian/runs/mixer_tpp_ablation_tpp_b_seed_0/last_model_1.pth
2026-05-15 15:57:32,284 INFO src.train.trainer: Epoch 476
2026-05-15 15:57:32,371 INFO src.train.trainer: Last model at epoch 476 saved to /root/autodl-tmp/em_eqf/experiments/mixer_tpp_ablation_chuandian/runs/mixer_tpp_ablation_tpp_b_seed_0/last_model_1.pth
2026-05-15 15:57:32,371 INFO src.train.trainer: Epoch 477
2026-05-15 15:57:32,457 INFO src.train.trainer: Last model at epoch 477 saved to /root/autodl-tmp/em_eqf/experiments/mixer_tpp_ablation_chuandian/runs/mixer_tpp_ablation_tpp_b_seed_0/last_model_1.pth
2026-05-15 15:57:32,457 INFO src.train.trainer: Epoch 478
2026-05-15 15:57:32,543 INFO src.train.trainer: Last model at epoch 478 saved to /root/autodl-tmp/em_eqf/experiments/mixer_tpp_ablation_chuandian/runs/mixer_tpp_ablation_tpp_b_seed_0/last_model_1.pth
2026-05-15 15:57:32,543 INFO src.train.trainer: Epoch 479
2026-05-15 15:57:32,624 INFO src.train.trainer: Last model at epoch 479 saved to /root/autodl-tmp/em_eqf/experiments/mixer_tpp_ablation_chuandian/runs/mixer_tpp_ablation_tpp_b_seed_0/last_model_1.pth
2026-05-15 15:57:32,624 INFO src.train.trainer: Epoch 480
2026-05-15 15:57:32,689 INFO src.train.trainer: Last model at epoch 480 saved to /root/autodl-tmp/em_eqf/experiments/mixer_tpp_ablation_chuandian/runs/mixer_tpp_ablation_tpp_b_seed_0/last_model_1.pth
2026-05-15 15:57:32,689 INFO src.train.trainer: Epoch 481
2026-05-15 15:57:32,755 INFO src.train.trainer: Last model at epoch 481 saved to /root/autodl-tmp/em_eqf/experiments/mixer_tpp_ablation_chuandian/runs/mixer_tpp_ablation_tpp_b_seed_0/last_model_1.pth
2026-05-15 15:57:32,755 INFO src.train.trainer: Epoch 482
2026-05-15 15:57:32,816 INFO src.train.trainer: Last model at epoch 482 saved to /root/autodl-tmp/em_eqf/experiments/mixer_tpp_ablation_chuandian/runs/mixer_tpp_ablation_tpp_b_seed_0/last_model_1.pth
2026-05-15 15:57:32,816 INFO src.train.trainer: Epoch 483
2026-05-15 15:57:32,876 INFO src.train.trainer: Last model at epoch 483 saved to /root/autodl-tmp/em_eqf/experiments/mixer_tpp_ablation_chuandian/runs/mixer_tpp_ablation_tpp_b_seed_0/last_model_1.pth
2026-05-15 15:57:32,876 INFO src.train.trainer: Epoch 484
2026-05-15 15:57:32,934 INFO src.train.trainer: Last model at epoch 484 saved to /root/autodl-tmp/em_eqf/experiments/mixer_tpp_ablation_chuandian/runs/mixer_tpp_ablation_tpp_b_seed_0/last_model_1.pth
2026-05-15 15:57:32,934 INFO src.train.trainer: Epoch 485
2026-05-15 15:57:33,009 INFO src.train.trainer: Last model at epoch 485 saved to /root/autodl-tmp/em_eqf/experiments/mixer_tpp_ablation_chuandian/runs/mixer_tpp_ablation_tpp_b_seed_0/last_model_1.pth
2026-05-15 15:57:33,009 INFO src.train.trainer: Epoch 486
2026-05-15 15:57:33,080 INFO src.train.trainer: Last model at epoch 486 saved to /root/autodl-tmp/em_eqf/experiments/mixer_tpp_ablation_chuandian/runs/mixer_tpp_ablation_tpp_b_seed_0/last_model_1.pth
2026-05-15 15:57:33,080 INFO src.train.trainer: Epoch 487
2026-05-15 15:57:33,153 INFO src.train.trainer: Last model at epoch 487 saved to /root/autodl-tmp/em_eqf/experiments/mixer_tpp_ablation_chuandian/runs/mixer_tpp_ablation_tpp_b_seed_0/last_model_1.pth
2026-05-15 15:57:33,153 INFO src.train.trainer: Epoch 488
2026-05-15 15:57:33,226 INFO src.train.trainer: Last model at epoch 488 saved to /root/autodl-tmp/em_eqf/experiments/mixer_tpp_ablation_chuandian/runs/mixer_tpp_ablation_tpp_b_seed_0/last_model_1.pth
2026-05-15 15:57:33,226 INFO src.train.trainer: Epoch 489
2026-05-15 15:57:33,300 INFO src.train.trainer: Last model at epoch 489 saved to /root/autodl-tmp/em_eqf/experiments/mixer_tpp_ablation_chuandian/runs/mixer_tpp_ablation_tpp_b_seed_0/last_model_1.pth
2026-05-15 15:57:33,300 INFO src.train.trainer: Epoch 490
2026-05-15 15:57:33,380 INFO src.train.trainer: Last model at epoch 490 saved to /root/autodl-tmp/em_eqf/experiments/mixer_tpp_ablation_chuandian/runs/mixer_tpp_ablation_tpp_b_seed_0/last_model_1.pth
2026-05-15 15:57:33,380 INFO src.train.trainer: Epoch 491
2026-05-15 15:57:33,458 INFO src.train.trainer: Last model at epoch 491 saved to /root/autodl-tmp/em_eqf/experiments/mixer_tpp_ablation_chuandian/runs/mixer_tpp_ablation_tpp_b_seed_0/last_model_1.pth
2026-05-15 15:57:33,458 INFO src.train.trainer: Epoch 492
2026-05-15 15:57:33,532 INFO src.train.trainer: Last model at epoch 492 saved to /root/autodl-tmp/em_eqf/experiments/mixer_tpp_ablation_chuandian/runs/mixer_tpp_ablation_tpp_b_seed_0/last_model_1.pth
2026-05-15 15:57:33,532 INFO src.train.trainer: Epoch 493
2026-05-15 15:57:33,613 INFO src.train.trainer: Last model at epoch 493 saved to /root/autodl-tmp/em_eqf/experiments/mixer_tpp_ablation_chuandian/runs/mixer_tpp_ablation_tpp_b_seed_0/last_model_1.pth
2026-05-15 15:57:33,613 INFO src.train.trainer: Epoch 494
2026-05-15 15:57:33,695 INFO src.train.trainer: Last model at epoch 494 saved to /root/autodl-tmp/em_eqf/experiments/mixer_tpp_ablation_chuandian/runs/mixer_tpp_ablation_tpp_b_seed_0/last_model_1.pth
2026-05-15 15:57:33,695 INFO src.train.trainer: Epoch 495
2026-05-15 15:57:33,780 INFO src.train.trainer: Last model at epoch 495 saved to /root/autodl-tmp/em_eqf/experiments/mixer_tpp_ablation_chuandian/runs/mixer_tpp_ablation_tpp_b_seed_0/last_model_1.pth
2026-05-15 15:57:33,780 INFO src.train.trainer: Epoch 496
2026-05-15 15:57:33,866 INFO src.train.trainer: Last model at epoch 496 saved to /root/autodl-tmp/em_eqf/experiments/mixer_tpp_ablation_chuandian/runs/mixer_tpp_ablation_tpp_b_seed_0/last_model_1.pth
2026-05-15 15:57:33,866 INFO src.train.trainer: Epoch 497
2026-05-15 15:57:33,956 INFO src.train.trainer: Last model at epoch 497 saved to /root/autodl-tmp/em_eqf/experiments/mixer_tpp_ablation_chuandian/runs/mixer_tpp_ablation_tpp_b_seed_0/last_model_1.pth
2026-05-15 15:57:33,956 INFO src.train.trainer: Epoch 498
2026-05-15 15:57:34,042 INFO src.train.trainer: Last model at epoch 498 saved to /root/autodl-tmp/em_eqf/experiments/mixer_tpp_ablation_chuandian/runs/mixer_tpp_ablation_tpp_b_seed_0/last_model_1.pth
2026-05-15 15:57:34,042 INFO src.train.trainer: Epoch 499
2026-05-15 15:57:34,127 INFO src.train.trainer: Last model at epoch 499 saved to /root/autodl-tmp/em_eqf/experiments/mixer_tpp_ablation_chuandian/runs/mixer_tpp_ablation_tpp_b_seed_0/last_model_1.pth
2026-05-15 15:57:34,127 INFO src.train.trainer: Epoch 500
2026-05-15 15:57:34,210 INFO src.train.trainer: Last model at epoch 500 saved to /root/autodl-tmp/em_eqf/experiments/mixer_tpp_ablation_chuandian/runs/mixer_tpp_ablation_tpp_b_seed_0/last_model_1.pth
2026-05-15 15:57:43,833 INFO src.data.catalog: Loading existing catalog from /root/autodl-tmp/em_eqf/data/ChuanDian/catalogs/181d780e.
2026-05-15 15:57:44,768 INFO src.data.preparation_modules.tpp: Using b-value updater 'BayesianGRBUpdater' (BayesianGRBUpdater), mag_completeness=3.0
2026-05-15 15:57:44,769 INFO src.data.preparation_modules.tpp: Number of training events: 4498
2026-05-15 15:57:44,769 INFO src.data.preparation_modules.tpp: Number of validation events: 567
2026-05-15 15:57:44,769 INFO src.data.preparation_modules.tpp: Number of test events: 1043
2026-05-15 15:57:45,173 INFO src.models.adapters.mixer_tpp: using time scale base 1.6484907865524292 (key: tau_mean)
2026-05-15 15:57:45,173 INFO src.models.adapters.mixer_tpp: tau mean: tensor(1.6485)
2026-05-15 15:57:45,200 INFO src.train.config_setup: Restoring model from checkpoint.
2026-05-15 15:57:45,200 INFO src.train.config_setup: Loading model weights: load_specific_parts=None
2026-05-15 15:57:45,201 INFO src.train.config_setup: Checkpoint loaded: <All keys matched successfully>
2026-05-15 15:57:45,201 INFO src.train.config_setup: Full load summary: loaded=46, missing=0, unexpected=0
2026-05-15 15:57:45,202 INFO src.train.config_setup: Checkpoint hyperparameters loaded.
2026-05-15 15:57:45,202 INFO src.train.config_setup: Checkpoint train metrics available.
2026-05-15 15:57:45,202 INFO src.train.config_setup: Checkpoint val metrics available.
2026-05-15 15:57:45,202 INFO src.train.config_setup: Freeze skipped (checkpoint_restore): freeze_parts is empty.
2026-05-15 15:57:45,204 INFO src.train.config_setup: Not resuming optimizer/scheduler state; reset training state to start_epoch=0, best_val_loss=inf.
2026-05-15 15:57:51,537 INFO src.cli.common: Saved test metrics to /root/autodl-tmp/em_eqf/experiments/mixer_tpp_ablation_chuandian/runs/mixer_tpp_ablation_tpp_b_seed_0/metrics_test_best_1.json
2026-05-15 15:57:51,537 INFO src.cli.common: Metrics: {'nll_train_time': 0.3219917416572571, 'nll_train_mag': 0.3520156145095825, 'nll_train_total': 0.6656216979026794, 'nll_train_b_smooth': 0.18635359406471252, 'nll_train_b': -0.8571958541870117, 'nll_val_time': 0.8137814998626709, 'nll_val_mag': 0.09222788363695145, 'nll_val_total': 0.9022765159606934, 'nll_val_b_smooth': 0.023966442793607712, 'nll_val_b': -0.3756851255893707, 'nll_test_time': 0.5744537711143494, 'nll_test_mag': 0.25969651341438293, 'nll_test_total': 0.8274227976799011, 'nll_test_b_smooth': 0.21125580370426178, 'nll_test_b': -0.6938709020614624, 'num_events_train': 4498, 'num_events_val': 567, 'num_events_test': 1043}
2026-05-15 16:20:18,582 INFO src.data.catalog: Loading existing catalog from /root/autodl-tmp/em_eqf/data/ChuanDian/catalogs/181d780e.
2026-05-15 16:20:19,643 INFO src.data.preparation_modules.tpp: Using b-value updater 'BayesianGRBUpdater' (BayesianGRBUpdater), mag_completeness=3.0
2026-05-15 16:20:19,644 INFO src.data.preparation_modules.tpp: Number of training events: 4498
2026-05-15 16:20:19,644 INFO src.data.preparation_modules.tpp: Number of validation events: 567
2026-05-15 16:20:19,644 INFO src.data.preparation_modules.tpp: Number of test events: 1043
2026-05-15 16:20:19,960 INFO src.models.adapters.mixer_tpp: using time scale base 1.6484907865524292 (key: tau_mean)
2026-05-15 16:20:19,960 INFO src.models.adapters.mixer_tpp: tau mean: tensor(1.6485)
2026-05-15 16:20:19,964 INFO src.train.config_setup: Restoring model from checkpoint.
2026-05-15 16:20:19,964 INFO src.train.config_setup: Loading model weights: load_specific_parts=None
2026-05-15 16:20:19,966 INFO src.train.config_setup: Checkpoint loaded: <All keys matched successfully>
2026-05-15 16:20:19,966 INFO src.train.config_setup: Full load summary: loaded=46, missing=0, unexpected=0
2026-05-15 16:20:19,967 INFO src.train.config_setup: Checkpoint hyperparameters loaded.
2026-05-15 16:20:19,967 INFO src.train.config_setup: Checkpoint train metrics available.
2026-05-15 16:20:19,967 INFO src.train.config_setup: Checkpoint val metrics available.
2026-05-15 16:20:19,967 INFO src.train.config_setup: Freeze skipped (checkpoint_restore): freeze_parts is empty.
2026-05-15 16:20:19,968 INFO src.train.config_setup: Not resuming optimizer/scheduler state; reset training state to start_epoch=0, best_val_loss=inf.
