2026-04-07 13:39:04,486 INFO src.data.catalog: Loading existing catalog from /root/autodl-tmp/em_eqf/data/CB_HAB4/catalogs/7d831c6f.
2026-04-07 13:39:04,522 INFO src.data.preparation: Number of training events: 2963
2026-04-07 13:39:04,523 INFO src.data.preparation: Number of validation events: 995
2026-04-07 13:39:04,523 INFO src.data.preparation: Number of test events: 724
2026-04-07 13:39:04,524 INFO __main__: No resume path provided. Training will start from scratch.
2026-04-07 13:39:05,460 INFO src.train.trainer: Epoch 1
2026-04-07 13:39:06,120 INFO src.train.trainer: New best validation loss: -3.9975, saved to checkpoints/etas_kernel_cb_hab4_20260407/best_model_1.pth
2026-04-07 13:39:06,122 INFO src.train.trainer: Last model at epoch 1 saved to checkpoints/etas_kernel_cb_hab4_20260407/last_model_1.pth
2026-04-07 13:39:06,122 INFO src.train.trainer: Epoch 2
2026-04-07 13:39:06,186 INFO src.train.trainer: New best validation loss: -3.9976, saved to checkpoints/etas_kernel_cb_hab4_20260407/best_model_1.pth
2026-04-07 13:39:06,189 INFO src.train.trainer: Last model at epoch 2 saved to checkpoints/etas_kernel_cb_hab4_20260407/last_model_1.pth
2026-04-07 13:39:06,189 INFO src.train.trainer: Epoch 3
2026-04-07 13:39:06,256 INFO src.train.trainer: New best validation loss: -3.9977, saved to checkpoints/etas_kernel_cb_hab4_20260407/best_model_1.pth
2026-04-07 13:39:06,259 INFO src.train.trainer: Last model at epoch 3 saved to checkpoints/etas_kernel_cb_hab4_20260407/last_model_1.pth
2026-04-07 13:39:06,259 INFO src.train.trainer: Epoch 4
2026-04-07 13:39:06,306 INFO src.train.trainer: New best validation loss: -3.9978, saved to checkpoints/etas_kernel_cb_hab4_20260407/best_model_1.pth
2026-04-07 13:39:06,307 INFO src.train.trainer: Last model at epoch 4 saved to checkpoints/etas_kernel_cb_hab4_20260407/last_model_1.pth
2026-04-07 13:39:06,307 INFO src.train.trainer: Epoch 5
2026-04-07 13:39:06,354 INFO src.train.trainer: New best validation loss: -3.9979, saved to checkpoints/etas_kernel_cb_hab4_20260407/best_model_1.pth
2026-04-07 13:39:06,356 INFO src.train.trainer: Last model at epoch 5 saved to checkpoints/etas_kernel_cb_hab4_20260407/last_model_1.pth
2026-04-07 13:39:06,356 INFO src.train.trainer: Epoch 6
2026-04-07 13:39:06,400 INFO src.train.trainer: New best validation loss: -3.9981, saved to checkpoints/etas_kernel_cb_hab4_20260407/best_model_1.pth
2026-04-07 13:39:06,402 INFO src.train.trainer: Last model at epoch 6 saved to checkpoints/etas_kernel_cb_hab4_20260407/last_model_1.pth
2026-04-07 13:39:06,403 INFO src.train.trainer: Epoch 7
2026-04-07 13:39:06,449 INFO src.train.trainer: New best validation loss: -3.9983, saved to checkpoints/etas_kernel_cb_hab4_20260407/best_model_1.pth
2026-04-07 13:39:06,451 INFO src.train.trainer: Last model at epoch 7 saved to checkpoints/etas_kernel_cb_hab4_20260407/last_model_1.pth
2026-04-07 13:39:06,451 INFO src.train.trainer: Epoch 8
2026-04-07 13:39:06,498 INFO src.train.trainer: New best validation loss: -3.9985, saved to checkpoints/etas_kernel_cb_hab4_20260407/best_model_1.pth
2026-04-07 13:39:06,500 INFO src.train.trainer: Last model at epoch 8 saved to checkpoints/etas_kernel_cb_hab4_20260407/last_model_1.pth
2026-04-07 13:39:06,500 INFO src.train.trainer: Epoch 9
2026-04-07 13:39:06,547 INFO src.train.trainer: New best validation loss: -3.9987, saved to checkpoints/etas_kernel_cb_hab4_20260407/best_model_1.pth
2026-04-07 13:39:06,549 INFO src.train.trainer: Last model at epoch 9 saved to checkpoints/etas_kernel_cb_hab4_20260407/last_model_1.pth
2026-04-07 13:39:06,549 INFO src.train.trainer: Epoch 10
2026-04-07 13:39:06,595 INFO src.train.trainer: New best validation loss: -3.9990, saved to checkpoints/etas_kernel_cb_hab4_20260407/best_model_1.pth
2026-04-07 13:39:06,597 INFO src.train.trainer: Last model at epoch 10 saved to checkpoints/etas_kernel_cb_hab4_20260407/last_model_1.pth
2026-04-07 13:39:06,597 INFO src.train.trainer: Epoch 11
2026-04-07 13:39:06,646 INFO src.train.trainer: New best validation loss: -3.9993, saved to checkpoints/etas_kernel_cb_hab4_20260407/best_model_1.pth
2026-04-07 13:39:06,647 INFO src.train.trainer: Last model at epoch 11 saved to checkpoints/etas_kernel_cb_hab4_20260407/last_model_1.pth
2026-04-07 13:39:06,647 INFO src.train.trainer: Epoch 12
2026-04-07 13:39:06,696 INFO src.train.trainer: New best validation loss: -3.9996, saved to checkpoints/etas_kernel_cb_hab4_20260407/best_model_1.pth
2026-04-07 13:39:06,699 INFO src.train.trainer: Last model at epoch 12 saved to checkpoints/etas_kernel_cb_hab4_20260407/last_model_1.pth
2026-04-07 13:39:06,699 INFO src.train.trainer: Epoch 13
2026-04-07 13:39:06,751 INFO src.train.trainer: New best validation loss: -3.9999, saved to checkpoints/etas_kernel_cb_hab4_20260407/best_model_1.pth
2026-04-07 13:39:06,754 INFO src.train.trainer: Last model at epoch 13 saved to checkpoints/etas_kernel_cb_hab4_20260407/last_model_1.pth
2026-04-07 13:39:06,754 INFO src.train.trainer: Epoch 14
2026-04-07 13:39:06,806 INFO src.train.trainer: New best validation loss: -4.0003, saved to checkpoints/etas_kernel_cb_hab4_20260407/best_model_1.pth
2026-04-07 13:39:06,807 INFO src.train.trainer: Last model at epoch 14 saved to checkpoints/etas_kernel_cb_hab4_20260407/last_model_1.pth
2026-04-07 13:39:06,807 INFO src.train.trainer: Epoch 15
2026-04-07 13:39:06,860 INFO src.train.trainer: New best validation loss: -4.0007, saved to checkpoints/etas_kernel_cb_hab4_20260407/best_model_1.pth
2026-04-07 13:39:06,863 INFO src.train.trainer: Last model at epoch 15 saved to checkpoints/etas_kernel_cb_hab4_20260407/last_model_1.pth
2026-04-07 13:39:06,863 INFO src.train.trainer: Epoch 16
2026-04-07 13:39:06,917 INFO src.train.trainer: New best validation loss: -4.0011, saved to checkpoints/etas_kernel_cb_hab4_20260407/best_model_1.pth
2026-04-07 13:39:06,919 INFO src.train.trainer: Last model at epoch 16 saved to checkpoints/etas_kernel_cb_hab4_20260407/last_model_1.pth
2026-04-07 13:39:06,919 INFO src.train.trainer: Epoch 17
2026-04-07 13:39:06,973 INFO src.train.trainer: New best validation loss: -4.0015, saved to checkpoints/etas_kernel_cb_hab4_20260407/best_model_1.pth
2026-04-07 13:39:06,975 INFO src.train.trainer: Last model at epoch 17 saved to checkpoints/etas_kernel_cb_hab4_20260407/last_model_1.pth
2026-04-07 13:39:06,975 INFO src.train.trainer: Epoch 18
2026-04-07 13:39:07,030 INFO src.train.trainer: New best validation loss: -4.0020, saved to checkpoints/etas_kernel_cb_hab4_20260407/best_model_1.pth
2026-04-07 13:39:07,033 INFO src.train.trainer: Last model at epoch 18 saved to checkpoints/etas_kernel_cb_hab4_20260407/last_model_1.pth
2026-04-07 13:39:07,033 INFO src.train.trainer: Epoch 19
2026-04-07 13:39:07,087 INFO src.train.trainer: New best validation loss: -4.0025, saved to checkpoints/etas_kernel_cb_hab4_20260407/best_model_1.pth
2026-04-07 13:39:07,089 INFO src.train.trainer: Last model at epoch 19 saved to checkpoints/etas_kernel_cb_hab4_20260407/last_model_1.pth
2026-04-07 13:39:07,089 INFO src.train.trainer: Epoch 20
2026-04-07 13:39:07,148 INFO src.train.trainer: New best validation loss: -4.0030, saved to checkpoints/etas_kernel_cb_hab4_20260407/best_model_1.pth
2026-04-07 13:39:07,150 INFO src.train.trainer: Last model at epoch 20 saved to checkpoints/etas_kernel_cb_hab4_20260407/last_model_1.pth
2026-04-07 13:39:07,151 INFO src.train.trainer: Epoch 21
2026-04-07 13:39:07,211 INFO src.train.trainer: New best validation loss: -4.0035, saved to checkpoints/etas_kernel_cb_hab4_20260407/best_model_1.pth
2026-04-07 13:39:07,213 INFO src.train.trainer: Last model at epoch 21 saved to checkpoints/etas_kernel_cb_hab4_20260407/last_model_1.pth
2026-04-07 13:39:07,213 INFO src.train.trainer: Epoch 22
2026-04-07 13:39:07,275 INFO src.train.trainer: New best validation loss: -4.0041, saved to checkpoints/etas_kernel_cb_hab4_20260407/best_model_1.pth
2026-04-07 13:39:07,278 INFO src.train.trainer: Last model at epoch 22 saved to checkpoints/etas_kernel_cb_hab4_20260407/last_model_1.pth
2026-04-07 13:39:07,278 INFO src.train.trainer: Epoch 23
2026-04-07 13:39:07,341 INFO src.train.trainer: New best validation loss: -4.0047, saved to checkpoints/etas_kernel_cb_hab4_20260407/best_model_1.pth
2026-04-07 13:39:07,343 INFO src.train.trainer: Last model at epoch 23 saved to checkpoints/etas_kernel_cb_hab4_20260407/last_model_1.pth
2026-04-07 13:39:07,343 INFO src.train.trainer: Epoch 24
2026-04-07 13:39:07,406 INFO src.train.trainer: New best validation loss: -4.0053, saved to checkpoints/etas_kernel_cb_hab4_20260407/best_model_1.pth
2026-04-07 13:39:07,408 INFO src.train.trainer: Last model at epoch 24 saved to checkpoints/etas_kernel_cb_hab4_20260407/last_model_1.pth
2026-04-07 13:39:07,408 INFO src.train.trainer: Epoch 25
2026-04-07 13:39:07,470 INFO src.train.trainer: New best validation loss: -4.0059, saved to checkpoints/etas_kernel_cb_hab4_20260407/best_model_1.pth
2026-04-07 13:39:07,472 INFO src.train.trainer: Last model at epoch 25 saved to checkpoints/etas_kernel_cb_hab4_20260407/last_model_1.pth
2026-04-07 13:39:07,472 INFO src.train.trainer: Epoch 26
2026-04-07 13:39:07,534 INFO src.train.trainer: New best validation loss: -4.0066, saved to checkpoints/etas_kernel_cb_hab4_20260407/best_model_1.pth
2026-04-07 13:39:07,536 INFO src.train.trainer: Last model at epoch 26 saved to checkpoints/etas_kernel_cb_hab4_20260407/last_model_1.pth
2026-04-07 13:39:07,536 INFO src.train.trainer: Epoch 27
2026-04-07 13:39:07,599 INFO src.train.trainer: New best validation loss: -4.0073, saved to checkpoints/etas_kernel_cb_hab4_20260407/best_model_1.pth
2026-04-07 13:39:07,602 INFO src.train.trainer: Last model at epoch 27 saved to checkpoints/etas_kernel_cb_hab4_20260407/last_model_1.pth
2026-04-07 13:39:07,602 INFO src.train.trainer: Epoch 28
2026-04-07 13:39:07,667 INFO src.train.trainer: New best validation loss: -4.0080, saved to checkpoints/etas_kernel_cb_hab4_20260407/best_model_1.pth
2026-04-07 13:39:07,669 INFO src.train.trainer: Last model at epoch 28 saved to checkpoints/etas_kernel_cb_hab4_20260407/last_model_1.pth
2026-04-07 13:39:07,669 INFO src.train.trainer: Epoch 29
2026-04-07 13:39:07,733 INFO src.train.trainer: New best validation loss: -4.0088, saved to checkpoints/etas_kernel_cb_hab4_20260407/best_model_1.pth
2026-04-07 13:39:07,735 INFO src.train.trainer: Last model at epoch 29 saved to checkpoints/etas_kernel_cb_hab4_20260407/last_model_1.pth
2026-04-07 13:39:07,735 INFO src.train.trainer: Epoch 30
2026-04-07 13:39:07,800 INFO src.train.trainer: New best validation loss: -4.0095, saved to checkpoints/etas_kernel_cb_hab4_20260407/best_model_1.pth
2026-04-07 13:39:07,802 INFO src.train.trainer: Last model at epoch 30 saved to checkpoints/etas_kernel_cb_hab4_20260407/last_model_1.pth
2026-04-07 13:39:07,802 INFO src.train.trainer: Epoch 31
2026-04-07 13:39:07,867 INFO src.train.trainer: New best validation loss: -4.0103, saved to checkpoints/etas_kernel_cb_hab4_20260407/best_model_1.pth
2026-04-07 13:39:07,869 INFO src.train.trainer: Last model at epoch 31 saved to checkpoints/etas_kernel_cb_hab4_20260407/last_model_1.pth
2026-04-07 13:39:07,869 INFO src.train.trainer: Epoch 32
2026-04-07 13:39:07,934 INFO src.train.trainer: New best validation loss: -4.0111, saved to checkpoints/etas_kernel_cb_hab4_20260407/best_model_1.pth
2026-04-07 13:39:07,936 INFO src.train.trainer: Last model at epoch 32 saved to checkpoints/etas_kernel_cb_hab4_20260407/last_model_1.pth
2026-04-07 13:39:07,936 INFO src.train.trainer: Epoch 33
2026-04-07 13:39:08,008 INFO src.train.trainer: New best validation loss: -4.0120, saved to checkpoints/etas_kernel_cb_hab4_20260407/best_model_1.pth
2026-04-07 13:39:08,010 INFO src.train.trainer: Last model at epoch 33 saved to checkpoints/etas_kernel_cb_hab4_20260407/last_model_1.pth
2026-04-07 13:39:08,011 INFO src.train.trainer: Epoch 34
2026-04-07 13:39:08,074 INFO src.train.trainer: New best validation loss: -4.0129, saved to checkpoints/etas_kernel_cb_hab4_20260407/best_model_1.pth
2026-04-07 13:39:08,076 INFO src.train.trainer: Last model at epoch 34 saved to checkpoints/etas_kernel_cb_hab4_20260407/last_model_1.pth
2026-04-07 13:39:08,076 INFO src.train.trainer: Epoch 35
2026-04-07 13:39:08,142 INFO src.train.trainer: New best validation loss: -4.0138, saved to checkpoints/etas_kernel_cb_hab4_20260407/best_model_1.pth
2026-04-07 13:39:08,145 INFO src.train.trainer: Last model at epoch 35 saved to checkpoints/etas_kernel_cb_hab4_20260407/last_model_1.pth
2026-04-07 13:39:08,145 INFO src.train.trainer: Epoch 36
2026-04-07 13:39:08,209 INFO src.train.trainer: New best validation loss: -4.0147, saved to checkpoints/etas_kernel_cb_hab4_20260407/best_model_1.pth
2026-04-07 13:39:08,212 INFO src.train.trainer: Last model at epoch 36 saved to checkpoints/etas_kernel_cb_hab4_20260407/last_model_1.pth
2026-04-07 13:39:08,212 INFO src.train.trainer: Epoch 37
2026-04-07 13:39:08,282 INFO src.train.trainer: New best validation loss: -4.0157, saved to checkpoints/etas_kernel_cb_hab4_20260407/best_model_1.pth
2026-04-07 13:39:08,284 INFO src.train.trainer: Last model at epoch 37 saved to checkpoints/etas_kernel_cb_hab4_20260407/last_model_1.pth
2026-04-07 13:39:08,285 INFO src.train.trainer: Epoch 38
2026-04-07 13:39:08,353 INFO src.train.trainer: New best validation loss: -4.0167, saved to checkpoints/etas_kernel_cb_hab4_20260407/best_model_1.pth
2026-04-07 13:39:08,355 INFO src.train.trainer: Last model at epoch 38 saved to checkpoints/etas_kernel_cb_hab4_20260407/last_model_1.pth
2026-04-07 13:39:08,355 INFO src.train.trainer: Epoch 39
2026-04-07 13:39:08,409 INFO src.train.trainer: New best validation loss: -4.0177, saved to checkpoints/etas_kernel_cb_hab4_20260407/best_model_1.pth
2026-04-07 13:39:08,411 INFO src.train.trainer: Last model at epoch 39 saved to checkpoints/etas_kernel_cb_hab4_20260407/last_model_1.pth
2026-04-07 13:39:08,411 INFO src.train.trainer: Epoch 40
2026-04-07 13:39:08,459 INFO src.train.trainer: New best validation loss: -4.0187, saved to checkpoints/etas_kernel_cb_hab4_20260407/best_model_1.pth
2026-04-07 13:39:08,461 INFO src.train.trainer: Last model at epoch 40 saved to checkpoints/etas_kernel_cb_hab4_20260407/last_model_1.pth
2026-04-07 13:39:08,461 INFO src.train.trainer: Epoch 41
2026-04-07 13:39:08,509 INFO src.train.trainer: New best validation loss: -4.0198, saved to checkpoints/etas_kernel_cb_hab4_20260407/best_model_1.pth
2026-04-07 13:39:08,511 INFO src.train.trainer: Last model at epoch 41 saved to checkpoints/etas_kernel_cb_hab4_20260407/last_model_1.pth
2026-04-07 13:39:08,511 INFO src.train.trainer: Epoch 42
2026-04-07 13:39:08,566 INFO src.train.trainer: New best validation loss: -4.0209, saved to checkpoints/etas_kernel_cb_hab4_20260407/best_model_1.pth
2026-04-07 13:39:08,568 INFO src.train.trainer: Last model at epoch 42 saved to checkpoints/etas_kernel_cb_hab4_20260407/last_model_1.pth
2026-04-07 13:39:08,568 INFO src.train.trainer: Epoch 43
2026-04-07 13:39:08,622 INFO src.train.trainer: New best validation loss: -4.0220, saved to checkpoints/etas_kernel_cb_hab4_20260407/best_model_1.pth
2026-04-07 13:39:08,624 INFO src.train.trainer: Last model at epoch 43 saved to checkpoints/etas_kernel_cb_hab4_20260407/last_model_1.pth
2026-04-07 13:39:08,624 INFO src.train.trainer: Epoch 44
2026-04-07 13:39:08,680 INFO src.train.trainer: New best validation loss: -4.0231, saved to checkpoints/etas_kernel_cb_hab4_20260407/best_model_1.pth
2026-04-07 13:39:08,682 INFO src.train.trainer: Last model at epoch 44 saved to checkpoints/etas_kernel_cb_hab4_20260407/last_model_1.pth
2026-04-07 13:39:08,682 INFO src.train.trainer: Epoch 45
2026-04-07 13:39:08,738 INFO src.train.trainer: New best validation loss: -4.0243, saved to checkpoints/etas_kernel_cb_hab4_20260407/best_model_1.pth
2026-04-07 13:39:08,740 INFO src.train.trainer: Last model at epoch 45 saved to checkpoints/etas_kernel_cb_hab4_20260407/last_model_1.pth
2026-04-07 13:39:08,740 INFO src.train.trainer: Epoch 46
2026-04-07 13:39:08,792 INFO src.train.trainer: New best validation loss: -4.0255, saved to checkpoints/etas_kernel_cb_hab4_20260407/best_model_1.pth
2026-04-07 13:39:08,794 INFO src.train.trainer: Last model at epoch 46 saved to checkpoints/etas_kernel_cb_hab4_20260407/last_model_1.pth
2026-04-07 13:39:08,794 INFO src.train.trainer: Epoch 47
2026-04-07 13:39:08,849 INFO src.train.trainer: New best validation loss: -4.0268, saved to checkpoints/etas_kernel_cb_hab4_20260407/best_model_1.pth
2026-04-07 13:39:08,851 INFO src.train.trainer: Last model at epoch 47 saved to checkpoints/etas_kernel_cb_hab4_20260407/last_model_1.pth
2026-04-07 13:39:08,851 INFO src.train.trainer: Epoch 48
2026-04-07 13:39:08,906 INFO src.train.trainer: New best validation loss: -4.0280, saved to checkpoints/etas_kernel_cb_hab4_20260407/best_model_1.pth
2026-04-07 13:39:08,907 INFO src.train.trainer: Last model at epoch 48 saved to checkpoints/etas_kernel_cb_hab4_20260407/last_model_1.pth
2026-04-07 13:39:08,908 INFO src.train.trainer: Epoch 49
2026-04-07 13:39:08,963 INFO src.train.trainer: New best validation loss: -4.0293, saved to checkpoints/etas_kernel_cb_hab4_20260407/best_model_1.pth
2026-04-07 13:39:08,965 INFO src.train.trainer: Last model at epoch 49 saved to checkpoints/etas_kernel_cb_hab4_20260407/last_model_1.pth
2026-04-07 13:39:08,965 INFO src.train.trainer: Epoch 50
2026-04-07 13:39:09,023 INFO src.train.trainer: New best validation loss: -4.0306, saved to checkpoints/etas_kernel_cb_hab4_20260407/best_model_1.pth
2026-04-07 13:39:09,025 INFO src.train.trainer: Last model at epoch 50 saved to checkpoints/etas_kernel_cb_hab4_20260407/last_model_1.pth
2026-04-07 13:39:09,025 INFO src.train.trainer: Epoch 51
2026-04-07 13:39:09,084 INFO src.train.trainer: New best validation loss: -4.0320, saved to checkpoints/etas_kernel_cb_hab4_20260407/best_model_1.pth
2026-04-07 13:39:09,086 INFO src.train.trainer: Last model at epoch 51 saved to checkpoints/etas_kernel_cb_hab4_20260407/last_model_1.pth
2026-04-07 13:39:09,087 INFO src.train.trainer: Epoch 52
2026-04-07 13:39:09,164 INFO src.train.trainer: New best validation loss: -4.0334, saved to checkpoints/etas_kernel_cb_hab4_20260407/best_model_1.pth
2026-04-07 13:39:09,166 INFO src.train.trainer: Last model at epoch 52 saved to checkpoints/etas_kernel_cb_hab4_20260407/last_model_1.pth
2026-04-07 13:39:09,166 INFO src.train.trainer: Epoch 53
2026-04-07 13:39:09,218 INFO src.train.trainer: New best validation loss: -4.0348, saved to checkpoints/etas_kernel_cb_hab4_20260407/best_model_1.pth
2026-04-07 13:39:09,220 INFO src.train.trainer: Last model at epoch 53 saved to checkpoints/etas_kernel_cb_hab4_20260407/last_model_1.pth
2026-04-07 13:39:09,220 INFO src.train.trainer: Epoch 54
2026-04-07 13:39:09,267 INFO src.train.trainer: New best validation loss: -4.0362, saved to checkpoints/etas_kernel_cb_hab4_20260407/best_model_1.pth
2026-04-07 13:39:09,269 INFO src.train.trainer: Last model at epoch 54 saved to checkpoints/etas_kernel_cb_hab4_20260407/last_model_1.pth
2026-04-07 13:39:09,269 INFO src.train.trainer: Epoch 55
2026-04-07 13:39:09,318 INFO src.train.trainer: New best validation loss: -4.0377, saved to checkpoints/etas_kernel_cb_hab4_20260407/best_model_1.pth
2026-04-07 13:39:09,320 INFO src.train.trainer: Last model at epoch 55 saved to checkpoints/etas_kernel_cb_hab4_20260407/last_model_1.pth
2026-04-07 13:39:09,320 INFO src.train.trainer: Epoch 56
2026-04-07 13:39:09,372 INFO src.train.trainer: New best validation loss: -4.0392, saved to checkpoints/etas_kernel_cb_hab4_20260407/best_model_1.pth
2026-04-07 13:39:09,373 INFO src.train.trainer: Last model at epoch 56 saved to checkpoints/etas_kernel_cb_hab4_20260407/last_model_1.pth
2026-04-07 13:39:09,373 INFO src.train.trainer: Epoch 57
2026-04-07 13:39:09,421 INFO src.train.trainer: New best validation loss: -4.0407, saved to checkpoints/etas_kernel_cb_hab4_20260407/best_model_1.pth
2026-04-07 13:39:09,423 INFO src.train.trainer: Last model at epoch 57 saved to checkpoints/etas_kernel_cb_hab4_20260407/last_model_1.pth
2026-04-07 13:39:09,423 INFO src.train.trainer: Epoch 58
2026-04-07 13:39:09,473 INFO src.train.trainer: New best validation loss: -4.0423, saved to checkpoints/etas_kernel_cb_hab4_20260407/best_model_1.pth
2026-04-07 13:39:09,475 INFO src.train.trainer: Last model at epoch 58 saved to checkpoints/etas_kernel_cb_hab4_20260407/last_model_1.pth
2026-04-07 13:39:09,475 INFO src.train.trainer: Epoch 59
2026-04-07 13:39:09,525 INFO src.train.trainer: New best validation loss: -4.0439, saved to checkpoints/etas_kernel_cb_hab4_20260407/best_model_1.pth
2026-04-07 13:39:09,527 INFO src.train.trainer: Last model at epoch 59 saved to checkpoints/etas_kernel_cb_hab4_20260407/last_model_1.pth
2026-04-07 13:39:09,527 INFO src.train.trainer: Epoch 60
2026-04-07 13:39:09,578 INFO src.train.trainer: New best validation loss: -4.0455, saved to checkpoints/etas_kernel_cb_hab4_20260407/best_model_1.pth
2026-04-07 13:39:09,580 INFO src.train.trainer: Last model at epoch 60 saved to checkpoints/etas_kernel_cb_hab4_20260407/last_model_1.pth
2026-04-07 13:39:09,580 INFO src.train.trainer: Epoch 61
2026-04-07 13:39:09,630 INFO src.train.trainer: New best validation loss: -4.0472, saved to checkpoints/etas_kernel_cb_hab4_20260407/best_model_1.pth
2026-04-07 13:39:09,632 INFO src.train.trainer: Last model at epoch 61 saved to checkpoints/etas_kernel_cb_hab4_20260407/last_model_1.pth
2026-04-07 13:39:09,632 INFO src.train.trainer: Epoch 62
2026-04-07 13:39:09,687 INFO src.train.trainer: New best validation loss: -4.0491, saved to checkpoints/etas_kernel_cb_hab4_20260407/best_model_1.pth
2026-04-07 13:39:09,689 INFO src.train.trainer: Last model at epoch 62 saved to checkpoints/etas_kernel_cb_hab4_20260407/last_model_1.pth
2026-04-07 13:39:09,689 INFO src.train.trainer: Epoch 63
2026-04-07 13:39:09,743 INFO src.train.trainer: New best validation loss: -4.0516, saved to checkpoints/etas_kernel_cb_hab4_20260407/best_model_1.pth
2026-04-07 13:39:09,744 INFO src.train.trainer: Last model at epoch 63 saved to checkpoints/etas_kernel_cb_hab4_20260407/last_model_1.pth
2026-04-07 13:39:09,745 INFO src.train.trainer: Epoch 64
2026-04-07 13:39:09,800 INFO src.train.trainer: New best validation loss: -4.0555, saved to checkpoints/etas_kernel_cb_hab4_20260407/best_model_1.pth
2026-04-07 13:39:09,802 INFO src.train.trainer: Last model at epoch 64 saved to checkpoints/etas_kernel_cb_hab4_20260407/last_model_1.pth
2026-04-07 13:39:09,802 INFO src.train.trainer: Epoch 65
2026-04-07 13:39:09,858 INFO src.train.trainer: New best validation loss: -4.0652, saved to checkpoints/etas_kernel_cb_hab4_20260407/best_model_1.pth
2026-04-07 13:39:09,860 INFO src.train.trainer: Last model at epoch 65 saved to checkpoints/etas_kernel_cb_hab4_20260407/last_model_1.pth
2026-04-07 13:39:09,860 INFO src.train.trainer: Epoch 66
2026-04-07 13:39:09,918 INFO src.train.trainer: New best validation loss: -4.0852, saved to checkpoints/etas_kernel_cb_hab4_20260407/best_model_1.pth
2026-04-07 13:39:09,920 INFO src.train.trainer: Last model at epoch 66 saved to checkpoints/etas_kernel_cb_hab4_20260407/last_model_1.pth
2026-04-07 13:39:09,921 INFO src.train.trainer: Epoch 67
2026-04-07 13:39:09,979 INFO src.train.trainer: New best validation loss: -4.1050, saved to checkpoints/etas_kernel_cb_hab4_20260407/best_model_1.pth
2026-04-07 13:39:09,981 INFO src.train.trainer: Last model at epoch 67 saved to checkpoints/etas_kernel_cb_hab4_20260407/last_model_1.pth
2026-04-07 13:39:09,981 INFO src.train.trainer: Epoch 68
2026-04-07 13:39:10,043 INFO src.train.trainer: New best validation loss: -4.1245, saved to checkpoints/etas_kernel_cb_hab4_20260407/best_model_1.pth
2026-04-07 13:39:10,045 INFO src.train.trainer: Last model at epoch 68 saved to checkpoints/etas_kernel_cb_hab4_20260407/last_model_1.pth
2026-04-07 13:39:10,045 INFO src.train.trainer: Epoch 69
2026-04-07 13:39:10,107 INFO src.train.trainer: New best validation loss: -4.1439, saved to checkpoints/etas_kernel_cb_hab4_20260407/best_model_1.pth
2026-04-07 13:39:10,109 INFO src.train.trainer: Last model at epoch 69 saved to checkpoints/etas_kernel_cb_hab4_20260407/last_model_1.pth
2026-04-07 13:39:10,109 INFO src.train.trainer: Epoch 70
2026-04-07 13:39:10,179 INFO src.train.trainer: New best validation loss: -4.1630, saved to checkpoints/etas_kernel_cb_hab4_20260407/best_model_1.pth
2026-04-07 13:39:10,181 INFO src.train.trainer: Last model at epoch 70 saved to checkpoints/etas_kernel_cb_hab4_20260407/last_model_1.pth
2026-04-07 13:39:10,181 INFO src.train.trainer: Epoch 71
2026-04-07 13:39:10,240 INFO src.train.trainer: New best validation loss: -4.1820, saved to checkpoints/etas_kernel_cb_hab4_20260407/best_model_1.pth
2026-04-07 13:39:10,242 INFO src.train.trainer: Last model at epoch 71 saved to checkpoints/etas_kernel_cb_hab4_20260407/last_model_1.pth
2026-04-07 13:39:10,242 INFO src.train.trainer: Epoch 72
2026-04-07 13:39:10,340 INFO src.train.trainer: New best validation loss: -4.2007, saved to checkpoints/etas_kernel_cb_hab4_20260407/best_model_1.pth
2026-04-07 13:39:10,343 INFO src.train.trainer: Last model at epoch 72 saved to checkpoints/etas_kernel_cb_hab4_20260407/last_model_1.pth
2026-04-07 13:39:10,343 INFO src.train.trainer: Epoch 73
2026-04-07 13:39:10,410 INFO src.train.trainer: New best validation loss: -4.2193, saved to checkpoints/etas_kernel_cb_hab4_20260407/best_model_1.pth
2026-04-07 13:39:10,412 INFO src.train.trainer: Last model at epoch 73 saved to checkpoints/etas_kernel_cb_hab4_20260407/last_model_1.pth
2026-04-07 13:39:10,412 INFO src.train.trainer: Epoch 74
2026-04-07 13:39:10,468 INFO src.train.trainer: New best validation loss: -4.2376, saved to checkpoints/etas_kernel_cb_hab4_20260407/best_model_1.pth
2026-04-07 13:39:10,471 INFO src.train.trainer: Last model at epoch 74 saved to checkpoints/etas_kernel_cb_hab4_20260407/last_model_1.pth
2026-04-07 13:39:10,471 INFO src.train.trainer: Epoch 75
2026-04-07 13:39:10,539 INFO src.train.trainer: New best validation loss: -4.2558, saved to checkpoints/etas_kernel_cb_hab4_20260407/best_model_1.pth
2026-04-07 13:39:10,541 INFO src.train.trainer: Last model at epoch 75 saved to checkpoints/etas_kernel_cb_hab4_20260407/last_model_1.pth
2026-04-07 13:39:10,541 INFO src.train.trainer: Epoch 76
2026-04-07 13:39:10,605 INFO src.train.trainer: New best validation loss: -4.2737, saved to checkpoints/etas_kernel_cb_hab4_20260407/best_model_1.pth
2026-04-07 13:39:10,607 INFO src.train.trainer: Last model at epoch 76 saved to checkpoints/etas_kernel_cb_hab4_20260407/last_model_1.pth
2026-04-07 13:39:10,608 INFO src.train.trainer: Epoch 77
2026-04-07 13:39:10,672 INFO src.train.trainer: New best validation loss: -4.2915, saved to checkpoints/etas_kernel_cb_hab4_20260407/best_model_1.pth
2026-04-07 13:39:10,674 INFO src.train.trainer: Last model at epoch 77 saved to checkpoints/etas_kernel_cb_hab4_20260407/last_model_1.pth
2026-04-07 13:39:10,674 INFO src.train.trainer: Epoch 78
2026-04-07 13:39:10,739 INFO src.train.trainer: New best validation loss: -4.3092, saved to checkpoints/etas_kernel_cb_hab4_20260407/best_model_1.pth
2026-04-07 13:39:10,741 INFO src.train.trainer: Last model at epoch 78 saved to checkpoints/etas_kernel_cb_hab4_20260407/last_model_1.pth
2026-04-07 13:39:10,741 INFO src.train.trainer: Epoch 79
2026-04-07 13:39:10,805 INFO src.train.trainer: New best validation loss: -4.3266, saved to checkpoints/etas_kernel_cb_hab4_20260407/best_model_1.pth
2026-04-07 13:39:10,807 INFO src.train.trainer: Last model at epoch 79 saved to checkpoints/etas_kernel_cb_hab4_20260407/last_model_1.pth
2026-04-07 13:39:10,807 INFO src.train.trainer: Epoch 80
2026-04-07 13:39:10,869 INFO src.train.trainer: New best validation loss: -4.3439, saved to checkpoints/etas_kernel_cb_hab4_20260407/best_model_1.pth
2026-04-07 13:39:10,871 INFO src.train.trainer: Last model at epoch 80 saved to checkpoints/etas_kernel_cb_hab4_20260407/last_model_1.pth
2026-04-07 13:39:10,871 INFO src.train.trainer: Epoch 81
2026-04-07 13:39:10,938 INFO src.train.trainer: New best validation loss: -4.3610, saved to checkpoints/etas_kernel_cb_hab4_20260407/best_model_1.pth
2026-04-07 13:39:10,940 INFO src.train.trainer: Last model at epoch 81 saved to checkpoints/etas_kernel_cb_hab4_20260407/last_model_1.pth
2026-04-07 13:39:10,940 INFO src.train.trainer: Epoch 82
2026-04-07 13:39:11,001 INFO src.train.trainer: New best validation loss: -4.3779, saved to checkpoints/etas_kernel_cb_hab4_20260407/best_model_1.pth
2026-04-07 13:39:11,003 INFO src.train.trainer: Last model at epoch 82 saved to checkpoints/etas_kernel_cb_hab4_20260407/last_model_1.pth
2026-04-07 13:39:11,003 INFO src.train.trainer: Epoch 83
2026-04-07 13:39:11,064 INFO src.train.trainer: New best validation loss: -4.3946, saved to checkpoints/etas_kernel_cb_hab4_20260407/best_model_1.pth
2026-04-07 13:39:11,066 INFO src.train.trainer: Last model at epoch 83 saved to checkpoints/etas_kernel_cb_hab4_20260407/last_model_1.pth
2026-04-07 13:39:11,066 INFO src.train.trainer: Epoch 84
2026-04-07 13:39:11,129 INFO src.train.trainer: New best validation loss: -4.4112, saved to checkpoints/etas_kernel_cb_hab4_20260407/best_model_1.pth
2026-04-07 13:39:11,131 INFO src.train.trainer: Last model at epoch 84 saved to checkpoints/etas_kernel_cb_hab4_20260407/last_model_1.pth
2026-04-07 13:39:11,131 INFO src.train.trainer: Epoch 85
2026-04-07 13:39:11,195 INFO src.train.trainer: New best validation loss: -4.4277, saved to checkpoints/etas_kernel_cb_hab4_20260407/best_model_1.pth
2026-04-07 13:39:11,197 INFO src.train.trainer: Last model at epoch 85 saved to checkpoints/etas_kernel_cb_hab4_20260407/last_model_1.pth
2026-04-07 13:39:11,198 INFO src.train.trainer: Epoch 86
2026-04-07 13:39:11,259 INFO src.train.trainer: New best validation loss: -4.4440, saved to checkpoints/etas_kernel_cb_hab4_20260407/best_model_1.pth
2026-04-07 13:39:11,261 INFO src.train.trainer: Last model at epoch 86 saved to checkpoints/etas_kernel_cb_hab4_20260407/last_model_1.pth
2026-04-07 13:39:11,261 INFO src.train.trainer: Epoch 87
2026-04-07 13:39:11,325 INFO src.train.trainer: New best validation loss: -4.4601, saved to checkpoints/etas_kernel_cb_hab4_20260407/best_model_1.pth
2026-04-07 13:39:11,327 INFO src.train.trainer: Last model at epoch 87 saved to checkpoints/etas_kernel_cb_hab4_20260407/last_model_1.pth
2026-04-07 13:39:11,327 INFO src.train.trainer: Epoch 88
2026-04-07 13:39:11,392 INFO src.train.trainer: New best validation loss: -4.4761, saved to checkpoints/etas_kernel_cb_hab4_20260407/best_model_1.pth
2026-04-07 13:39:11,394 INFO src.train.trainer: Last model at epoch 88 saved to checkpoints/etas_kernel_cb_hab4_20260407/last_model_1.pth
2026-04-07 13:39:11,394 INFO src.train.trainer: Epoch 89
2026-04-07 13:39:11,460 INFO src.train.trainer: New best validation loss: -4.4919, saved to checkpoints/etas_kernel_cb_hab4_20260407/best_model_1.pth
2026-04-07 13:39:11,462 INFO src.train.trainer: Last model at epoch 89 saved to checkpoints/etas_kernel_cb_hab4_20260407/last_model_1.pth
2026-04-07 13:39:11,462 INFO src.train.trainer: Epoch 90
2026-04-07 13:39:11,533 INFO src.train.trainer: New best validation loss: -4.5076, saved to checkpoints/etas_kernel_cb_hab4_20260407/best_model_1.pth
2026-04-07 13:39:11,535 INFO src.train.trainer: Last model at epoch 90 saved to checkpoints/etas_kernel_cb_hab4_20260407/last_model_1.pth
2026-04-07 13:39:11,535 INFO src.train.trainer: Epoch 91
2026-04-07 13:39:11,602 INFO src.train.trainer: New best validation loss: -4.5231, saved to checkpoints/etas_kernel_cb_hab4_20260407/best_model_1.pth
2026-04-07 13:39:11,604 INFO src.train.trainer: Last model at epoch 91 saved to checkpoints/etas_kernel_cb_hab4_20260407/last_model_1.pth
2026-04-07 13:39:11,604 INFO src.train.trainer: Epoch 92
2026-04-07 13:39:11,669 INFO src.train.trainer: New best validation loss: -4.5385, saved to checkpoints/etas_kernel_cb_hab4_20260407/best_model_1.pth
2026-04-07 13:39:11,671 INFO src.train.trainer: Last model at epoch 92 saved to checkpoints/etas_kernel_cb_hab4_20260407/last_model_1.pth
2026-04-07 13:39:11,671 INFO src.train.trainer: Epoch 93
2026-04-07 13:39:11,737 INFO src.train.trainer: New best validation loss: -4.5537, saved to checkpoints/etas_kernel_cb_hab4_20260407/best_model_1.pth
2026-04-07 13:39:11,739 INFO src.train.trainer: Last model at epoch 93 saved to checkpoints/etas_kernel_cb_hab4_20260407/last_model_1.pth
2026-04-07 13:39:11,740 INFO src.train.trainer: Epoch 94
2026-04-07 13:39:11,808 INFO src.train.trainer: New best validation loss: -4.5688, saved to checkpoints/etas_kernel_cb_hab4_20260407/best_model_1.pth
2026-04-07 13:39:11,810 INFO src.train.trainer: Last model at epoch 94 saved to checkpoints/etas_kernel_cb_hab4_20260407/last_model_1.pth
2026-04-07 13:39:11,810 INFO src.train.trainer: Epoch 95
2026-04-07 13:39:11,875 INFO src.train.trainer: New best validation loss: -4.5838, saved to checkpoints/etas_kernel_cb_hab4_20260407/best_model_1.pth
2026-04-07 13:39:11,877 INFO src.train.trainer: Last model at epoch 95 saved to checkpoints/etas_kernel_cb_hab4_20260407/last_model_1.pth
2026-04-07 13:39:11,877 INFO src.train.trainer: Epoch 96
2026-04-07 13:39:11,945 INFO src.train.trainer: New best validation loss: -4.5986, saved to checkpoints/etas_kernel_cb_hab4_20260407/best_model_1.pth
2026-04-07 13:39:11,948 INFO src.train.trainer: Last model at epoch 96 saved to checkpoints/etas_kernel_cb_hab4_20260407/last_model_1.pth
2026-04-07 13:39:11,948 INFO src.train.trainer: Epoch 97
2026-04-07 13:39:12,015 INFO src.train.trainer: New best validation loss: -4.6133, saved to checkpoints/etas_kernel_cb_hab4_20260407/best_model_1.pth
2026-04-07 13:39:12,017 INFO src.train.trainer: Last model at epoch 97 saved to checkpoints/etas_kernel_cb_hab4_20260407/last_model_1.pth
2026-04-07 13:39:12,017 INFO src.train.trainer: Epoch 98
2026-04-07 13:39:12,082 INFO src.train.trainer: New best validation loss: -4.6278, saved to checkpoints/etas_kernel_cb_hab4_20260407/best_model_1.pth
2026-04-07 13:39:12,084 INFO src.train.trainer: Last model at epoch 98 saved to checkpoints/etas_kernel_cb_hab4_20260407/last_model_1.pth
2026-04-07 13:39:12,084 INFO src.train.trainer: Epoch 99
2026-04-07 13:39:12,162 INFO src.train.trainer: New best validation loss: -4.6422, saved to checkpoints/etas_kernel_cb_hab4_20260407/best_model_1.pth
2026-04-07 13:39:12,165 INFO src.train.trainer: Last model at epoch 99 saved to checkpoints/etas_kernel_cb_hab4_20260407/last_model_1.pth
2026-04-07 13:39:12,165 INFO src.train.trainer: Epoch 100
2026-04-07 13:39:12,237 INFO src.train.trainer: New best validation loss: -4.6564, saved to checkpoints/etas_kernel_cb_hab4_20260407/best_model_1.pth
2026-04-07 13:39:12,239 INFO src.train.trainer: Last model at epoch 100 saved to checkpoints/etas_kernel_cb_hab4_20260407/last_model_1.pth
2026-04-07 13:39:12,239 INFO src.train.trainer: Epoch 101
2026-04-07 13:39:12,300 INFO src.train.trainer: New best validation loss: -4.6705, saved to checkpoints/etas_kernel_cb_hab4_20260407/best_model_1.pth
2026-04-07 13:39:12,302 INFO src.train.trainer: Last model at epoch 101 saved to checkpoints/etas_kernel_cb_hab4_20260407/last_model_1.pth
2026-04-07 13:39:12,302 INFO src.train.trainer: Epoch 102
2026-04-07 13:39:12,359 INFO src.train.trainer: New best validation loss: -4.6845, saved to checkpoints/etas_kernel_cb_hab4_20260407/best_model_1.pth
2026-04-07 13:39:12,361 INFO src.train.trainer: Last model at epoch 102 saved to checkpoints/etas_kernel_cb_hab4_20260407/last_model_1.pth
2026-04-07 13:39:12,361 INFO src.train.trainer: Epoch 103
2026-04-07 13:39:12,416 INFO src.train.trainer: New best validation loss: -4.6984, saved to checkpoints/etas_kernel_cb_hab4_20260407/best_model_1.pth
2026-04-07 13:39:12,418 INFO src.train.trainer: Last model at epoch 103 saved to checkpoints/etas_kernel_cb_hab4_20260407/last_model_1.pth
2026-04-07 13:39:12,418 INFO src.train.trainer: Epoch 104
2026-04-07 13:39:12,477 INFO src.train.trainer: New best validation loss: -4.7121, saved to checkpoints/etas_kernel_cb_hab4_20260407/best_model_1.pth
2026-04-07 13:39:12,479 INFO src.train.trainer: Last model at epoch 104 saved to checkpoints/etas_kernel_cb_hab4_20260407/last_model_1.pth
2026-04-07 13:39:12,479 INFO src.train.trainer: Epoch 105
2026-04-07 13:39:12,539 INFO src.train.trainer: New best validation loss: -4.7256, saved to checkpoints/etas_kernel_cb_hab4_20260407/best_model_1.pth
2026-04-07 13:39:12,541 INFO src.train.trainer: Last model at epoch 105 saved to checkpoints/etas_kernel_cb_hab4_20260407/last_model_1.pth
2026-04-07 13:39:12,541 INFO src.train.trainer: Epoch 106
2026-04-07 13:39:12,601 INFO src.train.trainer: New best validation loss: -4.7391, saved to checkpoints/etas_kernel_cb_hab4_20260407/best_model_1.pth
2026-04-07 13:39:12,603 INFO src.train.trainer: Last model at epoch 106 saved to checkpoints/etas_kernel_cb_hab4_20260407/last_model_1.pth
2026-04-07 13:39:12,603 INFO src.train.trainer: Epoch 107
2026-04-07 13:39:12,664 INFO src.train.trainer: New best validation loss: -4.7524, saved to checkpoints/etas_kernel_cb_hab4_20260407/best_model_1.pth
2026-04-07 13:39:12,666 INFO src.train.trainer: Last model at epoch 107 saved to checkpoints/etas_kernel_cb_hab4_20260407/last_model_1.pth
2026-04-07 13:39:12,666 INFO src.train.trainer: Epoch 108
2026-04-07 13:39:12,726 INFO src.train.trainer: New best validation loss: -4.7656, saved to checkpoints/etas_kernel_cb_hab4_20260407/best_model_1.pth
2026-04-07 13:39:12,728 INFO src.train.trainer: Last model at epoch 108 saved to checkpoints/etas_kernel_cb_hab4_20260407/last_model_1.pth
2026-04-07 13:39:12,728 INFO src.train.trainer: Epoch 109
2026-04-07 13:39:12,788 INFO src.train.trainer: New best validation loss: -4.7787, saved to checkpoints/etas_kernel_cb_hab4_20260407/best_model_1.pth
2026-04-07 13:39:12,790 INFO src.train.trainer: Last model at epoch 109 saved to checkpoints/etas_kernel_cb_hab4_20260407/last_model_1.pth
2026-04-07 13:39:12,790 INFO src.train.trainer: Epoch 110
2026-04-07 13:39:12,852 INFO src.train.trainer: New best validation loss: -4.7916, saved to checkpoints/etas_kernel_cb_hab4_20260407/best_model_1.pth
2026-04-07 13:39:12,854 INFO src.train.trainer: Last model at epoch 110 saved to checkpoints/etas_kernel_cb_hab4_20260407/last_model_1.pth
2026-04-07 13:39:12,854 INFO src.train.trainer: Epoch 111
2026-04-07 13:39:12,914 INFO src.train.trainer: New best validation loss: -4.8044, saved to checkpoints/etas_kernel_cb_hab4_20260407/best_model_1.pth
2026-04-07 13:39:12,916 INFO src.train.trainer: Last model at epoch 111 saved to checkpoints/etas_kernel_cb_hab4_20260407/last_model_1.pth
2026-04-07 13:39:12,916 INFO src.train.trainer: Epoch 112
2026-04-07 13:39:12,977 INFO src.train.trainer: New best validation loss: -4.8171, saved to checkpoints/etas_kernel_cb_hab4_20260407/best_model_1.pth
2026-04-07 13:39:12,979 INFO src.train.trainer: Last model at epoch 112 saved to checkpoints/etas_kernel_cb_hab4_20260407/last_model_1.pth
2026-04-07 13:39:12,979 INFO src.train.trainer: Epoch 113
2026-04-07 13:39:13,039 INFO src.train.trainer: New best validation loss: -4.8296, saved to checkpoints/etas_kernel_cb_hab4_20260407/best_model_1.pth
2026-04-07 13:39:13,041 INFO src.train.trainer: Last model at epoch 113 saved to checkpoints/etas_kernel_cb_hab4_20260407/last_model_1.pth
2026-04-07 13:39:13,041 INFO src.train.trainer: Epoch 114
2026-04-07 13:39:13,101 INFO src.train.trainer: New best validation loss: -4.8421, saved to checkpoints/etas_kernel_cb_hab4_20260407/best_model_1.pth
2026-04-07 13:39:13,103 INFO src.train.trainer: Last model at epoch 114 saved to checkpoints/etas_kernel_cb_hab4_20260407/last_model_1.pth
2026-04-07 13:39:13,103 INFO src.train.trainer: Epoch 115
2026-04-07 13:39:13,166 INFO src.train.trainer: New best validation loss: -4.8544, saved to checkpoints/etas_kernel_cb_hab4_20260407/best_model_1.pth
2026-04-07 13:39:13,168 INFO src.train.trainer: Last model at epoch 115 saved to checkpoints/etas_kernel_cb_hab4_20260407/last_model_1.pth
2026-04-07 13:39:13,168 INFO src.train.trainer: Epoch 116
2026-04-07 13:39:13,235 INFO src.train.trainer: New best validation loss: -4.8666, saved to checkpoints/etas_kernel_cb_hab4_20260407/best_model_1.pth
2026-04-07 13:39:13,237 INFO src.train.trainer: Last model at epoch 116 saved to checkpoints/etas_kernel_cb_hab4_20260407/last_model_1.pth
2026-04-07 13:39:13,237 INFO src.train.trainer: Epoch 117
2026-04-07 13:39:13,298 INFO src.train.trainer: New best validation loss: -4.8786, saved to checkpoints/etas_kernel_cb_hab4_20260407/best_model_1.pth
2026-04-07 13:39:13,300 INFO src.train.trainer: Last model at epoch 117 saved to checkpoints/etas_kernel_cb_hab4_20260407/last_model_1.pth
2026-04-07 13:39:13,300 INFO src.train.trainer: Epoch 118
2026-04-07 13:39:13,363 INFO src.train.trainer: New best validation loss: -4.8906, saved to checkpoints/etas_kernel_cb_hab4_20260407/best_model_1.pth
2026-04-07 13:39:13,365 INFO src.train.trainer: Last model at epoch 118 saved to checkpoints/etas_kernel_cb_hab4_20260407/last_model_1.pth
2026-04-07 13:39:13,365 INFO src.train.trainer: Epoch 119
2026-04-07 13:39:13,428 INFO src.train.trainer: New best validation loss: -4.9024, saved to checkpoints/etas_kernel_cb_hab4_20260407/best_model_1.pth
2026-04-07 13:39:13,430 INFO src.train.trainer: Last model at epoch 119 saved to checkpoints/etas_kernel_cb_hab4_20260407/last_model_1.pth
2026-04-07 13:39:13,430 INFO src.train.trainer: Epoch 120
2026-04-07 13:39:13,493 INFO src.train.trainer: New best validation loss: -4.9141, saved to checkpoints/etas_kernel_cb_hab4_20260407/best_model_1.pth
2026-04-07 13:39:13,495 INFO src.train.trainer: Last model at epoch 120 saved to checkpoints/etas_kernel_cb_hab4_20260407/last_model_1.pth
2026-04-07 13:39:13,495 INFO src.train.trainer: Epoch 121
2026-04-07 13:39:13,559 INFO src.train.trainer: New best validation loss: -4.9257, saved to checkpoints/etas_kernel_cb_hab4_20260407/best_model_1.pth
2026-04-07 13:39:13,560 INFO src.train.trainer: Last model at epoch 121 saved to checkpoints/etas_kernel_cb_hab4_20260407/last_model_1.pth
2026-04-07 13:39:13,561 INFO src.train.trainer: Epoch 122
2026-04-07 13:39:13,624 INFO src.train.trainer: New best validation loss: -4.9372, saved to checkpoints/etas_kernel_cb_hab4_20260407/best_model_1.pth
2026-04-07 13:39:13,626 INFO src.train.trainer: Last model at epoch 122 saved to checkpoints/etas_kernel_cb_hab4_20260407/last_model_1.pth
2026-04-07 13:39:13,626 INFO src.train.trainer: Epoch 123
2026-04-07 13:39:13,689 INFO src.train.trainer: New best validation loss: -4.9485, saved to checkpoints/etas_kernel_cb_hab4_20260407/best_model_1.pth
2026-04-07 13:39:13,691 INFO src.train.trainer: Last model at epoch 123 saved to checkpoints/etas_kernel_cb_hab4_20260407/last_model_1.pth
2026-04-07 13:39:13,691 INFO src.train.trainer: Epoch 124
2026-04-07 13:39:13,754 INFO src.train.trainer: New best validation loss: -4.9597, saved to checkpoints/etas_kernel_cb_hab4_20260407/best_model_1.pth
2026-04-07 13:39:13,756 INFO src.train.trainer: Last model at epoch 124 saved to checkpoints/etas_kernel_cb_hab4_20260407/last_model_1.pth
2026-04-07 13:39:13,756 INFO src.train.trainer: Epoch 125
2026-04-07 13:39:13,822 INFO src.train.trainer: New best validation loss: -4.9709, saved to checkpoints/etas_kernel_cb_hab4_20260407/best_model_1.pth
2026-04-07 13:39:13,824 INFO src.train.trainer: Last model at epoch 125 saved to checkpoints/etas_kernel_cb_hab4_20260407/last_model_1.pth
2026-04-07 13:39:13,824 INFO src.train.trainer: Epoch 126
2026-04-07 13:39:13,890 INFO src.train.trainer: New best validation loss: -4.9819, saved to checkpoints/etas_kernel_cb_hab4_20260407/best_model_1.pth
2026-04-07 13:39:13,892 INFO src.train.trainer: Last model at epoch 126 saved to checkpoints/etas_kernel_cb_hab4_20260407/last_model_1.pth
2026-04-07 13:39:13,892 INFO src.train.trainer: Epoch 127
2026-04-07 13:39:13,958 INFO src.train.trainer: New best validation loss: -4.9928, saved to checkpoints/etas_kernel_cb_hab4_20260407/best_model_1.pth
2026-04-07 13:39:13,960 INFO src.train.trainer: Last model at epoch 127 saved to checkpoints/etas_kernel_cb_hab4_20260407/last_model_1.pth
2026-04-07 13:39:13,960 INFO src.train.trainer: Epoch 128
2026-04-07 13:39:14,028 INFO src.train.trainer: New best validation loss: -5.0035, saved to checkpoints/etas_kernel_cb_hab4_20260407/best_model_1.pth
2026-04-07 13:39:14,031 INFO src.train.trainer: Last model at epoch 128 saved to checkpoints/etas_kernel_cb_hab4_20260407/last_model_1.pth
2026-04-07 13:39:14,031 INFO src.train.trainer: Epoch 129
2026-04-07 13:39:14,098 INFO src.train.trainer: New best validation loss: -5.0142, saved to checkpoints/etas_kernel_cb_hab4_20260407/best_model_1.pth
2026-04-07 13:39:14,100 INFO src.train.trainer: Last model at epoch 129 saved to checkpoints/etas_kernel_cb_hab4_20260407/last_model_1.pth
2026-04-07 13:39:14,100 INFO src.train.trainer: Epoch 130
2026-04-07 13:39:14,171 INFO src.train.trainer: New best validation loss: -5.0248, saved to checkpoints/etas_kernel_cb_hab4_20260407/best_model_1.pth
2026-04-07 13:39:14,174 INFO src.train.trainer: Last model at epoch 130 saved to checkpoints/etas_kernel_cb_hab4_20260407/last_model_1.pth
2026-04-07 13:39:14,174 INFO src.train.trainer: Epoch 131
2026-04-07 13:39:14,240 INFO src.train.trainer: New best validation loss: -5.0352, saved to checkpoints/etas_kernel_cb_hab4_20260407/best_model_1.pth
2026-04-07 13:39:14,243 INFO src.train.trainer: Last model at epoch 131 saved to checkpoints/etas_kernel_cb_hab4_20260407/last_model_1.pth
2026-04-07 13:39:14,243 INFO src.train.trainer: Epoch 132
2026-04-07 13:39:14,307 INFO src.train.trainer: New best validation loss: -5.0455, saved to checkpoints/etas_kernel_cb_hab4_20260407/best_model_1.pth
2026-04-07 13:39:14,309 INFO src.train.trainer: Last model at epoch 132 saved to checkpoints/etas_kernel_cb_hab4_20260407/last_model_1.pth
2026-04-07 13:39:14,309 INFO src.train.trainer: Epoch 133
2026-04-07 13:39:14,376 INFO src.train.trainer: New best validation loss: -5.0558, saved to checkpoints/etas_kernel_cb_hab4_20260407/best_model_1.pth
2026-04-07 13:39:14,378 INFO src.train.trainer: Last model at epoch 133 saved to checkpoints/etas_kernel_cb_hab4_20260407/last_model_1.pth
2026-04-07 13:39:14,378 INFO src.train.trainer: Epoch 134
2026-04-07 13:39:14,446 INFO src.train.trainer: New best validation loss: -5.0659, saved to checkpoints/etas_kernel_cb_hab4_20260407/best_model_1.pth
2026-04-07 13:39:14,448 INFO src.train.trainer: Last model at epoch 134 saved to checkpoints/etas_kernel_cb_hab4_20260407/last_model_1.pth
2026-04-07 13:39:14,448 INFO src.train.trainer: Epoch 135
2026-04-07 13:39:14,514 INFO src.train.trainer: New best validation loss: -5.0759, saved to checkpoints/etas_kernel_cb_hab4_20260407/best_model_1.pth
2026-04-07 13:39:14,516 INFO src.train.trainer: Last model at epoch 135 saved to checkpoints/etas_kernel_cb_hab4_20260407/last_model_1.pth
2026-04-07 13:39:14,516 INFO src.train.trainer: Epoch 136
2026-04-07 13:39:14,584 INFO src.train.trainer: New best validation loss: -5.0858, saved to checkpoints/etas_kernel_cb_hab4_20260407/best_model_1.pth
2026-04-07 13:39:14,586 INFO src.train.trainer: Last model at epoch 136 saved to checkpoints/etas_kernel_cb_hab4_20260407/last_model_1.pth
2026-04-07 13:39:14,587 INFO src.train.trainer: Epoch 137
2026-04-07 13:39:14,657 INFO src.train.trainer: New best validation loss: -5.0956, saved to checkpoints/etas_kernel_cb_hab4_20260407/best_model_1.pth
2026-04-07 13:39:14,659 INFO src.train.trainer: Last model at epoch 137 saved to checkpoints/etas_kernel_cb_hab4_20260407/last_model_1.pth
2026-04-07 13:39:14,659 INFO src.train.trainer: Epoch 138
2026-04-07 13:39:14,729 INFO src.train.trainer: New best validation loss: -5.1052, saved to checkpoints/etas_kernel_cb_hab4_20260407/best_model_1.pth
2026-04-07 13:39:14,731 INFO src.train.trainer: Last model at epoch 138 saved to checkpoints/etas_kernel_cb_hab4_20260407/last_model_1.pth
2026-04-07 13:39:14,731 INFO src.train.trainer: Epoch 139
2026-04-07 13:39:14,876 INFO src.train.trainer: New best validation loss: -5.1146, saved to checkpoints/etas_kernel_cb_hab4_20260407/best_model_1.pth
2026-04-07 13:39:14,878 INFO src.train.trainer: Last model at epoch 139 saved to checkpoints/etas_kernel_cb_hab4_20260407/last_model_1.pth
2026-04-07 13:39:14,878 INFO src.train.trainer: Epoch 140
2026-04-07 13:39:14,952 INFO src.train.trainer: New best validation loss: -5.1239, saved to checkpoints/etas_kernel_cb_hab4_20260407/best_model_1.pth
2026-04-07 13:39:14,955 INFO src.train.trainer: Last model at epoch 140 saved to checkpoints/etas_kernel_cb_hab4_20260407/last_model_1.pth
2026-04-07 13:39:14,955 INFO src.train.trainer: Epoch 141
2026-04-07 13:39:15,028 INFO src.train.trainer: New best validation loss: -5.1329, saved to checkpoints/etas_kernel_cb_hab4_20260407/best_model_1.pth
2026-04-07 13:39:15,031 INFO src.train.trainer: Last model at epoch 141 saved to checkpoints/etas_kernel_cb_hab4_20260407/last_model_1.pth
2026-04-07 13:39:15,031 INFO src.train.trainer: Epoch 142
2026-04-07 13:39:15,101 INFO src.train.trainer: New best validation loss: -5.1417, saved to checkpoints/etas_kernel_cb_hab4_20260407/best_model_1.pth
2026-04-07 13:39:15,104 INFO src.train.trainer: Last model at epoch 142 saved to checkpoints/etas_kernel_cb_hab4_20260407/last_model_1.pth
2026-04-07 13:39:15,104 INFO src.train.trainer: Epoch 143
2026-04-07 13:39:15,174 INFO src.train.trainer: New best validation loss: -5.1504, saved to checkpoints/etas_kernel_cb_hab4_20260407/best_model_1.pth
2026-04-07 13:39:15,176 INFO src.train.trainer: Last model at epoch 143 saved to checkpoints/etas_kernel_cb_hab4_20260407/last_model_1.pth
2026-04-07 13:39:15,176 INFO src.train.trainer: Epoch 144
2026-04-07 13:39:15,236 INFO src.train.trainer: New best validation loss: -5.1588, saved to checkpoints/etas_kernel_cb_hab4_20260407/best_model_1.pth
2026-04-07 13:39:15,238 INFO src.train.trainer: Last model at epoch 144 saved to checkpoints/etas_kernel_cb_hab4_20260407/last_model_1.pth
2026-04-07 13:39:15,238 INFO src.train.trainer: Epoch 145
2026-04-07 13:39:15,304 INFO src.train.trainer: New best validation loss: -5.1669, saved to checkpoints/etas_kernel_cb_hab4_20260407/best_model_1.pth
2026-04-07 13:39:15,306 INFO src.train.trainer: Last model at epoch 145 saved to checkpoints/etas_kernel_cb_hab4_20260407/last_model_1.pth
2026-04-07 13:39:15,306 INFO src.train.trainer: Epoch 146
2026-04-07 13:39:15,379 INFO src.train.trainer: New best validation loss: -5.1749, saved to checkpoints/etas_kernel_cb_hab4_20260407/best_model_1.pth
2026-04-07 13:39:15,381 INFO src.train.trainer: Last model at epoch 146 saved to checkpoints/etas_kernel_cb_hab4_20260407/last_model_1.pth
2026-04-07 13:39:15,381 INFO src.train.trainer: Epoch 147
2026-04-07 13:39:15,444 INFO src.train.trainer: New best validation loss: -5.1826, saved to checkpoints/etas_kernel_cb_hab4_20260407/best_model_1.pth
2026-04-07 13:39:15,446 INFO src.train.trainer: Last model at epoch 147 saved to checkpoints/etas_kernel_cb_hab4_20260407/last_model_1.pth
2026-04-07 13:39:15,446 INFO src.train.trainer: Epoch 148
2026-04-07 13:39:15,510 INFO src.train.trainer: New best validation loss: -5.1901, saved to checkpoints/etas_kernel_cb_hab4_20260407/best_model_1.pth
2026-04-07 13:39:15,512 INFO src.train.trainer: Last model at epoch 148 saved to checkpoints/etas_kernel_cb_hab4_20260407/last_model_1.pth
2026-04-07 13:39:15,512 INFO src.train.trainer: Epoch 149
2026-04-07 13:39:15,575 INFO src.train.trainer: New best validation loss: -5.1974, saved to checkpoints/etas_kernel_cb_hab4_20260407/best_model_1.pth
2026-04-07 13:39:15,577 INFO src.train.trainer: Last model at epoch 149 saved to checkpoints/etas_kernel_cb_hab4_20260407/last_model_1.pth
2026-04-07 13:39:15,577 INFO src.train.trainer: Epoch 150
2026-04-07 13:39:15,641 INFO src.train.trainer: New best validation loss: -5.2045, saved to checkpoints/etas_kernel_cb_hab4_20260407/best_model_1.pth
2026-04-07 13:39:15,643 INFO src.train.trainer: Last model at epoch 150 saved to checkpoints/etas_kernel_cb_hab4_20260407/last_model_1.pth
2026-04-07 13:39:15,643 INFO src.train.trainer: Epoch 151
2026-04-07 13:39:15,704 INFO src.train.trainer: New best validation loss: -5.2113, saved to checkpoints/etas_kernel_cb_hab4_20260407/best_model_1.pth
2026-04-07 13:39:15,706 INFO src.train.trainer: Last model at epoch 151 saved to checkpoints/etas_kernel_cb_hab4_20260407/last_model_1.pth
2026-04-07 13:39:15,706 INFO src.train.trainer: Epoch 152
2026-04-07 13:39:15,768 INFO src.train.trainer: New best validation loss: -5.2179, saved to checkpoints/etas_kernel_cb_hab4_20260407/best_model_1.pth
2026-04-07 13:39:15,770 INFO src.train.trainer: Last model at epoch 152 saved to checkpoints/etas_kernel_cb_hab4_20260407/last_model_1.pth
2026-04-07 13:39:15,770 INFO src.train.trainer: Epoch 153
2026-04-07 13:39:15,833 INFO src.train.trainer: New best validation loss: -5.2243, saved to checkpoints/etas_kernel_cb_hab4_20260407/best_model_1.pth
2026-04-07 13:39:15,835 INFO src.train.trainer: Last model at epoch 153 saved to checkpoints/etas_kernel_cb_hab4_20260407/last_model_1.pth
2026-04-07 13:39:15,835 INFO src.train.trainer: Epoch 154
2026-04-07 13:39:15,896 INFO src.train.trainer: New best validation loss: -5.2304, saved to checkpoints/etas_kernel_cb_hab4_20260407/best_model_1.pth
2026-04-07 13:39:15,898 INFO src.train.trainer: Last model at epoch 154 saved to checkpoints/etas_kernel_cb_hab4_20260407/last_model_1.pth
2026-04-07 13:39:15,898 INFO src.train.trainer: Epoch 155
2026-04-07 13:39:15,960 INFO src.train.trainer: New best validation loss: -5.2363, saved to checkpoints/etas_kernel_cb_hab4_20260407/best_model_1.pth
2026-04-07 13:39:15,962 INFO src.train.trainer: Last model at epoch 155 saved to checkpoints/etas_kernel_cb_hab4_20260407/last_model_1.pth
2026-04-07 13:39:15,962 INFO src.train.trainer: Epoch 156
2026-04-07 13:39:16,030 INFO src.train.trainer: New best validation loss: -5.2420, saved to checkpoints/etas_kernel_cb_hab4_20260407/best_model_1.pth
2026-04-07 13:39:16,032 INFO src.train.trainer: Last model at epoch 156 saved to checkpoints/etas_kernel_cb_hab4_20260407/last_model_1.pth
2026-04-07 13:39:16,032 INFO src.train.trainer: Epoch 157
2026-04-07 13:39:16,098 INFO src.train.trainer: New best validation loss: -5.2475, saved to checkpoints/etas_kernel_cb_hab4_20260407/best_model_1.pth
2026-04-07 13:39:16,100 INFO src.train.trainer: Last model at epoch 157 saved to checkpoints/etas_kernel_cb_hab4_20260407/last_model_1.pth
2026-04-07 13:39:16,100 INFO src.train.trainer: Epoch 158
2026-04-07 13:39:16,161 INFO src.train.trainer: New best validation loss: -5.2528, saved to checkpoints/etas_kernel_cb_hab4_20260407/best_model_1.pth
2026-04-07 13:39:16,163 INFO src.train.trainer: Last model at epoch 158 saved to checkpoints/etas_kernel_cb_hab4_20260407/last_model_1.pth
2026-04-07 13:39:16,163 INFO src.train.trainer: Epoch 159
2026-04-07 13:39:16,223 INFO src.train.trainer: New best validation loss: -5.2579, saved to checkpoints/etas_kernel_cb_hab4_20260407/best_model_1.pth
2026-04-07 13:39:16,225 INFO src.train.trainer: Last model at epoch 159 saved to checkpoints/etas_kernel_cb_hab4_20260407/last_model_1.pth
2026-04-07 13:39:16,225 INFO src.train.trainer: Epoch 160
2026-04-07 13:39:16,282 INFO src.train.trainer: New best validation loss: -5.2628, saved to checkpoints/etas_kernel_cb_hab4_20260407/best_model_1.pth
2026-04-07 13:39:16,285 INFO src.train.trainer: Last model at epoch 160 saved to checkpoints/etas_kernel_cb_hab4_20260407/last_model_1.pth
2026-04-07 13:39:16,285 INFO src.train.trainer: Epoch 161
2026-04-07 13:39:16,346 INFO src.train.trainer: New best validation loss: -5.2675, saved to checkpoints/etas_kernel_cb_hab4_20260407/best_model_1.pth
2026-04-07 13:39:16,349 INFO src.train.trainer: Last model at epoch 161 saved to checkpoints/etas_kernel_cb_hab4_20260407/last_model_1.pth
2026-04-07 13:39:16,349 INFO src.train.trainer: Epoch 162
2026-04-07 13:39:16,413 INFO src.train.trainer: New best validation loss: -5.2721, saved to checkpoints/etas_kernel_cb_hab4_20260407/best_model_1.pth
2026-04-07 13:39:16,415 INFO src.train.trainer: Last model at epoch 162 saved to checkpoints/etas_kernel_cb_hab4_20260407/last_model_1.pth
2026-04-07 13:39:16,415 INFO src.train.trainer: Epoch 163
2026-04-07 13:39:16,481 INFO src.train.trainer: New best validation loss: -5.2765, saved to checkpoints/etas_kernel_cb_hab4_20260407/best_model_1.pth
2026-04-07 13:39:16,484 INFO src.train.trainer: Last model at epoch 163 saved to checkpoints/etas_kernel_cb_hab4_20260407/last_model_1.pth
2026-04-07 13:39:16,484 INFO src.train.trainer: Epoch 164
2026-04-07 13:39:16,545 INFO src.train.trainer: New best validation loss: -5.2807, saved to checkpoints/etas_kernel_cb_hab4_20260407/best_model_1.pth
2026-04-07 13:39:16,548 INFO src.train.trainer: Last model at epoch 164 saved to checkpoints/etas_kernel_cb_hab4_20260407/last_model_1.pth
2026-04-07 13:39:16,548 INFO src.train.trainer: Epoch 165
2026-04-07 13:39:16,609 INFO src.train.trainer: New best validation loss: -5.2848, saved to checkpoints/etas_kernel_cb_hab4_20260407/best_model_1.pth
2026-04-07 13:39:16,612 INFO src.train.trainer: Last model at epoch 165 saved to checkpoints/etas_kernel_cb_hab4_20260407/last_model_1.pth
2026-04-07 13:39:16,612 INFO src.train.trainer: Epoch 166
2026-04-07 13:39:16,673 INFO src.train.trainer: New best validation loss: -5.2887, saved to checkpoints/etas_kernel_cb_hab4_20260407/best_model_1.pth
2026-04-07 13:39:16,676 INFO src.train.trainer: Last model at epoch 166 saved to checkpoints/etas_kernel_cb_hab4_20260407/last_model_1.pth
2026-04-07 13:39:16,676 INFO src.train.trainer: Epoch 167
2026-04-07 13:39:16,738 INFO src.train.trainer: New best validation loss: -5.2925, saved to checkpoints/etas_kernel_cb_hab4_20260407/best_model_1.pth
2026-04-07 13:39:16,740 INFO src.train.trainer: Last model at epoch 167 saved to checkpoints/etas_kernel_cb_hab4_20260407/last_model_1.pth
2026-04-07 13:39:16,740 INFO src.train.trainer: Epoch 168
2026-04-07 13:39:16,811 INFO src.train.trainer: New best validation loss: -5.2962, saved to checkpoints/etas_kernel_cb_hab4_20260407/best_model_1.pth
2026-04-07 13:39:16,814 INFO src.train.trainer: Last model at epoch 168 saved to checkpoints/etas_kernel_cb_hab4_20260407/last_model_1.pth
2026-04-07 13:39:16,814 INFO src.train.trainer: Epoch 169
2026-04-07 13:39:16,881 INFO src.train.trainer: New best validation loss: -5.2998, saved to checkpoints/etas_kernel_cb_hab4_20260407/best_model_1.pth
2026-04-07 13:39:16,884 INFO src.train.trainer: Last model at epoch 169 saved to checkpoints/etas_kernel_cb_hab4_20260407/last_model_1.pth
2026-04-07 13:39:16,884 INFO src.train.trainer: Epoch 170
2026-04-07 13:39:16,951 INFO src.train.trainer: New best validation loss: -5.3032, saved to checkpoints/etas_kernel_cb_hab4_20260407/best_model_1.pth
2026-04-07 13:39:16,953 INFO src.train.trainer: Last model at epoch 170 saved to checkpoints/etas_kernel_cb_hab4_20260407/last_model_1.pth
2026-04-07 13:39:16,953 INFO src.train.trainer: Epoch 171
2026-04-07 13:39:17,020 INFO src.train.trainer: New best validation loss: -5.3065, saved to checkpoints/etas_kernel_cb_hab4_20260407/best_model_1.pth
2026-04-07 13:39:17,023 INFO src.train.trainer: Last model at epoch 171 saved to checkpoints/etas_kernel_cb_hab4_20260407/last_model_1.pth
2026-04-07 13:39:17,023 INFO src.train.trainer: Epoch 172
2026-04-07 13:39:17,092 INFO src.train.trainer: New best validation loss: -5.3098, saved to checkpoints/etas_kernel_cb_hab4_20260407/best_model_1.pth
2026-04-07 13:39:17,094 INFO src.train.trainer: Last model at epoch 172 saved to checkpoints/etas_kernel_cb_hab4_20260407/last_model_1.pth
2026-04-07 13:39:17,094 INFO src.train.trainer: Epoch 173
2026-04-07 13:39:17,164 INFO src.train.trainer: New best validation loss: -5.3129, saved to checkpoints/etas_kernel_cb_hab4_20260407/best_model_1.pth
2026-04-07 13:39:17,166 INFO src.train.trainer: Last model at epoch 173 saved to checkpoints/etas_kernel_cb_hab4_20260407/last_model_1.pth
2026-04-07 13:39:17,166 INFO src.train.trainer: Epoch 174
2026-04-07 13:39:17,233 INFO src.train.trainer: New best validation loss: -5.3159, saved to checkpoints/etas_kernel_cb_hab4_20260407/best_model_1.pth
2026-04-07 13:39:17,235 INFO src.train.trainer: Last model at epoch 174 saved to checkpoints/etas_kernel_cb_hab4_20260407/last_model_1.pth
2026-04-07 13:39:17,235 INFO src.train.trainer: Epoch 175
2026-04-07 13:39:17,302 INFO src.train.trainer: New best validation loss: -5.3188, saved to checkpoints/etas_kernel_cb_hab4_20260407/best_model_1.pth
2026-04-07 13:39:17,304 INFO src.train.trainer: Last model at epoch 175 saved to checkpoints/etas_kernel_cb_hab4_20260407/last_model_1.pth
2026-04-07 13:39:17,304 INFO src.train.trainer: Epoch 176
2026-04-07 13:39:17,372 INFO src.train.trainer: New best validation loss: -5.3216, saved to checkpoints/etas_kernel_cb_hab4_20260407/best_model_1.pth
2026-04-07 13:39:17,374 INFO src.train.trainer: Last model at epoch 176 saved to checkpoints/etas_kernel_cb_hab4_20260407/last_model_1.pth
2026-04-07 13:39:17,374 INFO src.train.trainer: Epoch 177
2026-04-07 13:39:17,440 INFO src.train.trainer: New best validation loss: -5.3243, saved to checkpoints/etas_kernel_cb_hab4_20260407/best_model_1.pth
2026-04-07 13:39:17,442 INFO src.train.trainer: Last model at epoch 177 saved to checkpoints/etas_kernel_cb_hab4_20260407/last_model_1.pth
2026-04-07 13:39:17,442 INFO src.train.trainer: Epoch 178
2026-04-07 13:39:17,512 INFO src.train.trainer: New best validation loss: -5.3270, saved to checkpoints/etas_kernel_cb_hab4_20260407/best_model_1.pth
2026-04-07 13:39:17,514 INFO src.train.trainer: Last model at epoch 178 saved to checkpoints/etas_kernel_cb_hab4_20260407/last_model_1.pth
2026-04-07 13:39:17,514 INFO src.train.trainer: Epoch 179
2026-04-07 13:39:17,573 INFO src.train.trainer: New best validation loss: -5.3295, saved to checkpoints/etas_kernel_cb_hab4_20260407/best_model_1.pth
2026-04-07 13:39:17,575 INFO src.train.trainer: Last model at epoch 179 saved to checkpoints/etas_kernel_cb_hab4_20260407/last_model_1.pth
2026-04-07 13:39:17,575 INFO src.train.trainer: Epoch 180
2026-04-07 13:39:17,639 INFO src.train.trainer: New best validation loss: -5.3320, saved to checkpoints/etas_kernel_cb_hab4_20260407/best_model_1.pth
2026-04-07 13:39:17,641 INFO src.train.trainer: Last model at epoch 180 saved to checkpoints/etas_kernel_cb_hab4_20260407/last_model_1.pth
2026-04-07 13:39:17,641 INFO src.train.trainer: Epoch 181
2026-04-07 13:39:17,704 INFO src.train.trainer: New best validation loss: -5.3344, saved to checkpoints/etas_kernel_cb_hab4_20260407/best_model_1.pth
2026-04-07 13:39:17,707 INFO src.train.trainer: Last model at epoch 181 saved to checkpoints/etas_kernel_cb_hab4_20260407/last_model_1.pth
2026-04-07 13:39:17,707 INFO src.train.trainer: Epoch 182
2026-04-07 13:39:17,771 INFO src.train.trainer: New best validation loss: -5.3368, saved to checkpoints/etas_kernel_cb_hab4_20260407/best_model_1.pth
2026-04-07 13:39:17,773 INFO src.train.trainer: Last model at epoch 182 saved to checkpoints/etas_kernel_cb_hab4_20260407/last_model_1.pth
2026-04-07 13:39:17,773 INFO src.train.trainer: Epoch 183
2026-04-07 13:39:17,840 INFO src.train.trainer: New best validation loss: -5.3391, saved to checkpoints/etas_kernel_cb_hab4_20260407/best_model_1.pth
2026-04-07 13:39:17,842 INFO src.train.trainer: Last model at epoch 183 saved to checkpoints/etas_kernel_cb_hab4_20260407/last_model_1.pth
2026-04-07 13:39:17,842 INFO src.train.trainer: Epoch 184
2026-04-07 13:39:17,909 INFO src.train.trainer: New best validation loss: -5.3413, saved to checkpoints/etas_kernel_cb_hab4_20260407/best_model_1.pth
2026-04-07 13:39:17,911 INFO src.train.trainer: Last model at epoch 184 saved to checkpoints/etas_kernel_cb_hab4_20260407/last_model_1.pth
2026-04-07 13:39:17,911 INFO src.train.trainer: Epoch 185
2026-04-07 13:39:17,974 INFO src.train.trainer: New best validation loss: -5.3434, saved to checkpoints/etas_kernel_cb_hab4_20260407/best_model_1.pth
2026-04-07 13:39:17,976 INFO src.train.trainer: Last model at epoch 185 saved to checkpoints/etas_kernel_cb_hab4_20260407/last_model_1.pth
2026-04-07 13:39:17,976 INFO src.train.trainer: Epoch 186
2026-04-07 13:39:18,041 INFO src.train.trainer: New best validation loss: -5.3455, saved to checkpoints/etas_kernel_cb_hab4_20260407/best_model_1.pth
2026-04-07 13:39:18,044 INFO src.train.trainer: Last model at epoch 186 saved to checkpoints/etas_kernel_cb_hab4_20260407/last_model_1.pth
2026-04-07 13:39:18,044 INFO src.train.trainer: Epoch 187
2026-04-07 13:39:18,111 INFO src.train.trainer: New best validation loss: -5.3475, saved to checkpoints/etas_kernel_cb_hab4_20260407/best_model_1.pth
2026-04-07 13:39:18,113 INFO src.train.trainer: Last model at epoch 187 saved to checkpoints/etas_kernel_cb_hab4_20260407/last_model_1.pth
2026-04-07 13:39:18,113 INFO src.train.trainer: Epoch 188
2026-04-07 13:39:18,180 INFO src.train.trainer: New best validation loss: -5.3495, saved to checkpoints/etas_kernel_cb_hab4_20260407/best_model_1.pth
2026-04-07 13:39:18,182 INFO src.train.trainer: Last model at epoch 188 saved to checkpoints/etas_kernel_cb_hab4_20260407/last_model_1.pth
2026-04-07 13:39:18,182 INFO src.train.trainer: Epoch 189
2026-04-07 13:39:18,249 INFO src.train.trainer: New best validation loss: -5.3514, saved to checkpoints/etas_kernel_cb_hab4_20260407/best_model_1.pth
2026-04-07 13:39:18,251 INFO src.train.trainer: Last model at epoch 189 saved to checkpoints/etas_kernel_cb_hab4_20260407/last_model_1.pth
2026-04-07 13:39:18,251 INFO src.train.trainer: Epoch 190
2026-04-07 13:39:18,315 INFO src.train.trainer: New best validation loss: -5.3532, saved to checkpoints/etas_kernel_cb_hab4_20260407/best_model_1.pth
2026-04-07 13:39:18,317 INFO src.train.trainer: Last model at epoch 190 saved to checkpoints/etas_kernel_cb_hab4_20260407/last_model_1.pth
2026-04-07 13:39:18,318 INFO src.train.trainer: Epoch 191
2026-04-07 13:39:18,382 INFO src.train.trainer: New best validation loss: -5.3550, saved to checkpoints/etas_kernel_cb_hab4_20260407/best_model_1.pth
2026-04-07 13:39:18,384 INFO src.train.trainer: Last model at epoch 191 saved to checkpoints/etas_kernel_cb_hab4_20260407/last_model_1.pth
2026-04-07 13:39:18,385 INFO src.train.trainer: Epoch 192
2026-04-07 13:39:18,448 INFO src.train.trainer: New best validation loss: -5.3568, saved to checkpoints/etas_kernel_cb_hab4_20260407/best_model_1.pth
2026-04-07 13:39:18,450 INFO src.train.trainer: Last model at epoch 192 saved to checkpoints/etas_kernel_cb_hab4_20260407/last_model_1.pth
2026-04-07 13:39:18,451 INFO src.train.trainer: Epoch 193
2026-04-07 13:39:18,515 INFO src.train.trainer: New best validation loss: -5.3585, saved to checkpoints/etas_kernel_cb_hab4_20260407/best_model_1.pth
2026-04-07 13:39:18,518 INFO src.train.trainer: Last model at epoch 193 saved to checkpoints/etas_kernel_cb_hab4_20260407/last_model_1.pth
2026-04-07 13:39:18,518 INFO src.train.trainer: Epoch 194
2026-04-07 13:39:18,581 INFO src.train.trainer: New best validation loss: -5.3602, saved to checkpoints/etas_kernel_cb_hab4_20260407/best_model_1.pth
2026-04-07 13:39:18,583 INFO src.train.trainer: Last model at epoch 194 saved to checkpoints/etas_kernel_cb_hab4_20260407/last_model_1.pth
2026-04-07 13:39:18,583 INFO src.train.trainer: Epoch 195
2026-04-07 13:39:18,645 INFO src.train.trainer: New best validation loss: -5.3618, saved to checkpoints/etas_kernel_cb_hab4_20260407/best_model_1.pth
2026-04-07 13:39:18,647 INFO src.train.trainer: Last model at epoch 195 saved to checkpoints/etas_kernel_cb_hab4_20260407/last_model_1.pth
2026-04-07 13:39:18,647 INFO src.train.trainer: Epoch 196
2026-04-07 13:39:18,713 INFO src.train.trainer: New best validation loss: -5.3634, saved to checkpoints/etas_kernel_cb_hab4_20260407/best_model_1.pth
2026-04-07 13:39:18,716 INFO src.train.trainer: Last model at epoch 196 saved to checkpoints/etas_kernel_cb_hab4_20260407/last_model_1.pth
2026-04-07 13:39:18,716 INFO src.train.trainer: Epoch 197
2026-04-07 13:39:18,782 INFO src.train.trainer: New best validation loss: -5.3650, saved to checkpoints/etas_kernel_cb_hab4_20260407/best_model_1.pth
2026-04-07 13:39:18,784 INFO src.train.trainer: Last model at epoch 197 saved to checkpoints/etas_kernel_cb_hab4_20260407/last_model_1.pth
2026-04-07 13:39:18,784 INFO src.train.trainer: Epoch 198
2026-04-07 13:39:18,851 INFO src.train.trainer: New best validation loss: -5.3665, saved to checkpoints/etas_kernel_cb_hab4_20260407/best_model_1.pth
2026-04-07 13:39:18,853 INFO src.train.trainer: Last model at epoch 198 saved to checkpoints/etas_kernel_cb_hab4_20260407/last_model_1.pth
2026-04-07 13:39:18,853 INFO src.train.trainer: Epoch 199
2026-04-07 13:39:18,903 INFO src.train.trainer: New best validation loss: -5.3680, saved to checkpoints/etas_kernel_cb_hab4_20260407/best_model_1.pth
2026-04-07 13:39:18,906 INFO src.train.trainer: Last model at epoch 199 saved to checkpoints/etas_kernel_cb_hab4_20260407/last_model_1.pth
2026-04-07 13:39:18,906 INFO src.train.trainer: Epoch 200
2026-04-07 13:39:18,959 INFO src.train.trainer: New best validation loss: -5.3694, saved to checkpoints/etas_kernel_cb_hab4_20260407/best_model_1.pth
2026-04-07 13:39:18,961 INFO src.train.trainer: Last model at epoch 200 saved to checkpoints/etas_kernel_cb_hab4_20260407/last_model_1.pth
2026-04-07 13:39:18,961 INFO src.train.trainer: Epoch 201
2026-04-07 13:39:19,016 INFO src.train.trainer: New best validation loss: -5.3708, saved to checkpoints/etas_kernel_cb_hab4_20260407/best_model_1.pth
2026-04-07 13:39:19,018 INFO src.train.trainer: Last model at epoch 201 saved to checkpoints/etas_kernel_cb_hab4_20260407/last_model_1.pth
2026-04-07 13:39:19,018 INFO src.train.trainer: Epoch 202
2026-04-07 13:39:19,074 INFO src.train.trainer: New best validation loss: -5.3722, saved to checkpoints/etas_kernel_cb_hab4_20260407/best_model_1.pth
2026-04-07 13:39:19,076 INFO src.train.trainer: Last model at epoch 202 saved to checkpoints/etas_kernel_cb_hab4_20260407/last_model_1.pth
2026-04-07 13:39:19,076 INFO src.train.trainer: Epoch 203
2026-04-07 13:39:19,135 INFO src.train.trainer: New best validation loss: -5.3735, saved to checkpoints/etas_kernel_cb_hab4_20260407/best_model_1.pth
2026-04-07 13:39:19,137 INFO src.train.trainer: Last model at epoch 203 saved to checkpoints/etas_kernel_cb_hab4_20260407/last_model_1.pth
2026-04-07 13:39:19,137 INFO src.train.trainer: Epoch 204
2026-04-07 13:39:19,195 INFO src.train.trainer: New best validation loss: -5.3748, saved to checkpoints/etas_kernel_cb_hab4_20260407/best_model_1.pth
2026-04-07 13:39:19,197 INFO src.train.trainer: Last model at epoch 204 saved to checkpoints/etas_kernel_cb_hab4_20260407/last_model_1.pth
2026-04-07 13:39:19,197 INFO src.train.trainer: Epoch 205
2026-04-07 13:39:19,261 INFO src.train.trainer: New best validation loss: -5.3761, saved to checkpoints/etas_kernel_cb_hab4_20260407/best_model_1.pth
2026-04-07 13:39:19,263 INFO src.train.trainer: Last model at epoch 205 saved to checkpoints/etas_kernel_cb_hab4_20260407/last_model_1.pth
2026-04-07 13:39:19,263 INFO src.train.trainer: Epoch 206
2026-04-07 13:39:19,322 INFO src.train.trainer: New best validation loss: -5.3774, saved to checkpoints/etas_kernel_cb_hab4_20260407/best_model_1.pth
2026-04-07 13:39:19,324 INFO src.train.trainer: Last model at epoch 206 saved to checkpoints/etas_kernel_cb_hab4_20260407/last_model_1.pth
2026-04-07 13:39:19,324 INFO src.train.trainer: Epoch 207
2026-04-07 13:39:19,381 INFO src.train.trainer: New best validation loss: -5.3786, saved to checkpoints/etas_kernel_cb_hab4_20260407/best_model_1.pth
2026-04-07 13:39:19,383 INFO src.train.trainer: Last model at epoch 207 saved to checkpoints/etas_kernel_cb_hab4_20260407/last_model_1.pth
2026-04-07 13:39:19,383 INFO src.train.trainer: Epoch 208
2026-04-07 13:39:19,439 INFO src.train.trainer: New best validation loss: -5.3798, saved to checkpoints/etas_kernel_cb_hab4_20260407/best_model_1.pth
2026-04-07 13:39:19,441 INFO src.train.trainer: Last model at epoch 208 saved to checkpoints/etas_kernel_cb_hab4_20260407/last_model_1.pth
2026-04-07 13:39:19,441 INFO src.train.trainer: Epoch 209
2026-04-07 13:39:19,498 INFO src.train.trainer: New best validation loss: -5.3810, saved to checkpoints/etas_kernel_cb_hab4_20260407/best_model_1.pth
2026-04-07 13:39:19,500 INFO src.train.trainer: Last model at epoch 209 saved to checkpoints/etas_kernel_cb_hab4_20260407/last_model_1.pth
2026-04-07 13:39:19,500 INFO src.train.trainer: Epoch 210
2026-04-07 13:39:19,556 INFO src.train.trainer: New best validation loss: -5.3821, saved to checkpoints/etas_kernel_cb_hab4_20260407/best_model_1.pth
2026-04-07 13:39:19,558 INFO src.train.trainer: Last model at epoch 210 saved to checkpoints/etas_kernel_cb_hab4_20260407/last_model_1.pth
2026-04-07 13:39:19,558 INFO src.train.trainer: Epoch 211
2026-04-07 13:39:19,614 INFO src.train.trainer: New best validation loss: -5.3832, saved to checkpoints/etas_kernel_cb_hab4_20260407/best_model_1.pth
2026-04-07 13:39:19,616 INFO src.train.trainer: Last model at epoch 211 saved to checkpoints/etas_kernel_cb_hab4_20260407/last_model_1.pth
2026-04-07 13:39:19,616 INFO src.train.trainer: Epoch 212
2026-04-07 13:39:19,672 INFO src.train.trainer: New best validation loss: -5.3843, saved to checkpoints/etas_kernel_cb_hab4_20260407/best_model_1.pth
2026-04-07 13:39:19,674 INFO src.train.trainer: Last model at epoch 212 saved to checkpoints/etas_kernel_cb_hab4_20260407/last_model_1.pth
2026-04-07 13:39:19,674 INFO src.train.trainer: Epoch 213
2026-04-07 13:39:19,731 INFO src.train.trainer: New best validation loss: -5.3854, saved to checkpoints/etas_kernel_cb_hab4_20260407/best_model_1.pth
2026-04-07 13:39:19,732 INFO src.train.trainer: Last model at epoch 213 saved to checkpoints/etas_kernel_cb_hab4_20260407/last_model_1.pth
2026-04-07 13:39:19,733 INFO src.train.trainer: Epoch 214
2026-04-07 13:39:19,789 INFO src.train.trainer: New best validation loss: -5.3865, saved to checkpoints/etas_kernel_cb_hab4_20260407/best_model_1.pth
2026-04-07 13:39:19,790 INFO src.train.trainer: Last model at epoch 214 saved to checkpoints/etas_kernel_cb_hab4_20260407/last_model_1.pth
2026-04-07 13:39:19,790 INFO src.train.trainer: Epoch 215
2026-04-07 13:39:19,839 INFO src.train.trainer: New best validation loss: -5.3875, saved to checkpoints/etas_kernel_cb_hab4_20260407/best_model_1.pth
2026-04-07 13:39:19,840 INFO src.train.trainer: Last model at epoch 215 saved to checkpoints/etas_kernel_cb_hab4_20260407/last_model_1.pth
2026-04-07 13:39:19,840 INFO src.train.trainer: Epoch 216
2026-04-07 13:39:19,893 INFO src.train.trainer: New best validation loss: -5.3886, saved to checkpoints/etas_kernel_cb_hab4_20260407/best_model_1.pth
2026-04-07 13:39:19,895 INFO src.train.trainer: Last model at epoch 216 saved to checkpoints/etas_kernel_cb_hab4_20260407/last_model_1.pth
2026-04-07 13:39:19,895 INFO src.train.trainer: Epoch 217
2026-04-07 13:39:19,950 INFO src.train.trainer: New best validation loss: -5.3896, saved to checkpoints/etas_kernel_cb_hab4_20260407/best_model_1.pth
2026-04-07 13:39:19,951 INFO src.train.trainer: Last model at epoch 217 saved to checkpoints/etas_kernel_cb_hab4_20260407/last_model_1.pth
2026-04-07 13:39:19,952 INFO src.train.trainer: Epoch 218
2026-04-07 13:39:20,005 INFO src.train.trainer: New best validation loss: -5.3906, saved to checkpoints/etas_kernel_cb_hab4_20260407/best_model_1.pth
2026-04-07 13:39:20,007 INFO src.train.trainer: Last model at epoch 218 saved to checkpoints/etas_kernel_cb_hab4_20260407/last_model_1.pth
2026-04-07 13:39:20,007 INFO src.train.trainer: Epoch 219
2026-04-07 13:39:20,064 INFO src.train.trainer: New best validation loss: -5.3915, saved to checkpoints/etas_kernel_cb_hab4_20260407/best_model_1.pth
2026-04-07 13:39:20,066 INFO src.train.trainer: Last model at epoch 219 saved to checkpoints/etas_kernel_cb_hab4_20260407/last_model_1.pth
2026-04-07 13:39:20,066 INFO src.train.trainer: Epoch 220
2026-04-07 13:39:20,123 INFO src.train.trainer: New best validation loss: -5.3925, saved to checkpoints/etas_kernel_cb_hab4_20260407/best_model_1.pth
2026-04-07 13:39:20,125 INFO src.train.trainer: Last model at epoch 220 saved to checkpoints/etas_kernel_cb_hab4_20260407/last_model_1.pth
2026-04-07 13:39:20,125 INFO src.train.trainer: Epoch 221
2026-04-07 13:39:20,183 INFO src.train.trainer: New best validation loss: -5.3934, saved to checkpoints/etas_kernel_cb_hab4_20260407/best_model_1.pth
2026-04-07 13:39:20,185 INFO src.train.trainer: Last model at epoch 221 saved to checkpoints/etas_kernel_cb_hab4_20260407/last_model_1.pth
2026-04-07 13:39:20,185 INFO src.train.trainer: Epoch 222
2026-04-07 13:39:20,246 INFO src.train.trainer: New best validation loss: -5.3943, saved to checkpoints/etas_kernel_cb_hab4_20260407/best_model_1.pth
2026-04-07 13:39:20,248 INFO src.train.trainer: Last model at epoch 222 saved to checkpoints/etas_kernel_cb_hab4_20260407/last_model_1.pth
2026-04-07 13:39:20,248 INFO src.train.trainer: Epoch 223
2026-04-07 13:39:20,307 INFO src.train.trainer: New best validation loss: -5.3953, saved to checkpoints/etas_kernel_cb_hab4_20260407/best_model_1.pth
2026-04-07 13:39:20,309 INFO src.train.trainer: Last model at epoch 223 saved to checkpoints/etas_kernel_cb_hab4_20260407/last_model_1.pth
2026-04-07 13:39:20,309 INFO src.train.trainer: Epoch 224
2026-04-07 13:39:20,370 INFO src.train.trainer: New best validation loss: -5.3962, saved to checkpoints/etas_kernel_cb_hab4_20260407/best_model_1.pth
2026-04-07 13:39:20,372 INFO src.train.trainer: Last model at epoch 224 saved to checkpoints/etas_kernel_cb_hab4_20260407/last_model_1.pth
2026-04-07 13:39:20,372 INFO src.train.trainer: Epoch 225
2026-04-07 13:39:20,426 INFO src.train.trainer: New best validation loss: -5.3970, saved to checkpoints/etas_kernel_cb_hab4_20260407/best_model_1.pth
2026-04-07 13:39:20,428 INFO src.train.trainer: Last model at epoch 225 saved to checkpoints/etas_kernel_cb_hab4_20260407/last_model_1.pth
2026-04-07 13:39:20,428 INFO src.train.trainer: Epoch 226
2026-04-07 13:39:20,482 INFO src.train.trainer: New best validation loss: -5.3979, saved to checkpoints/etas_kernel_cb_hab4_20260407/best_model_1.pth
2026-04-07 13:39:20,484 INFO src.train.trainer: Last model at epoch 226 saved to checkpoints/etas_kernel_cb_hab4_20260407/last_model_1.pth
2026-04-07 13:39:20,484 INFO src.train.trainer: Epoch 227
2026-04-07 13:39:20,543 INFO src.train.trainer: New best validation loss: -5.3988, saved to checkpoints/etas_kernel_cb_hab4_20260407/best_model_1.pth
2026-04-07 13:39:20,546 INFO src.train.trainer: Last model at epoch 227 saved to checkpoints/etas_kernel_cb_hab4_20260407/last_model_1.pth
2026-04-07 13:39:20,546 INFO src.train.trainer: Epoch 228
2026-04-07 13:39:20,600 INFO src.train.trainer: New best validation loss: -5.3996, saved to checkpoints/etas_kernel_cb_hab4_20260407/best_model_1.pth
2026-04-07 13:39:20,602 INFO src.train.trainer: Last model at epoch 228 saved to checkpoints/etas_kernel_cb_hab4_20260407/last_model_1.pth
2026-04-07 13:39:20,602 INFO src.train.trainer: Epoch 229
2026-04-07 13:39:20,652 INFO src.train.trainer: New best validation loss: -5.4005, saved to checkpoints/etas_kernel_cb_hab4_20260407/best_model_1.pth
2026-04-07 13:39:20,655 INFO src.train.trainer: Last model at epoch 229 saved to checkpoints/etas_kernel_cb_hab4_20260407/last_model_1.pth
2026-04-07 13:39:20,655 INFO src.train.trainer: Epoch 230
2026-04-07 13:39:20,707 INFO src.train.trainer: New best validation loss: -5.4013, saved to checkpoints/etas_kernel_cb_hab4_20260407/best_model_1.pth
2026-04-07 13:39:20,709 INFO src.train.trainer: Last model at epoch 230 saved to checkpoints/etas_kernel_cb_hab4_20260407/last_model_1.pth
2026-04-07 13:39:20,709 INFO src.train.trainer: Epoch 231
2026-04-07 13:39:20,763 INFO src.train.trainer: New best validation loss: -5.4021, saved to checkpoints/etas_kernel_cb_hab4_20260407/best_model_1.pth
2026-04-07 13:39:20,765 INFO src.train.trainer: Last model at epoch 231 saved to checkpoints/etas_kernel_cb_hab4_20260407/last_model_1.pth
2026-04-07 13:39:20,765 INFO src.train.trainer: Epoch 232
2026-04-07 13:39:20,822 INFO src.train.trainer: New best validation loss: -5.4029, saved to checkpoints/etas_kernel_cb_hab4_20260407/best_model_1.pth
2026-04-07 13:39:20,824 INFO src.train.trainer: Last model at epoch 232 saved to checkpoints/etas_kernel_cb_hab4_20260407/last_model_1.pth
2026-04-07 13:39:20,824 INFO src.train.trainer: Epoch 233
2026-04-07 13:39:20,880 INFO src.train.trainer: New best validation loss: -5.4037, saved to checkpoints/etas_kernel_cb_hab4_20260407/best_model_1.pth
2026-04-07 13:39:20,882 INFO src.train.trainer: Last model at epoch 233 saved to checkpoints/etas_kernel_cb_hab4_20260407/last_model_1.pth
2026-04-07 13:39:20,882 INFO src.train.trainer: Epoch 234
2026-04-07 13:39:20,939 INFO src.train.trainer: New best validation loss: -5.4045, saved to checkpoints/etas_kernel_cb_hab4_20260407/best_model_1.pth
2026-04-07 13:39:20,941 INFO src.train.trainer: Last model at epoch 234 saved to checkpoints/etas_kernel_cb_hab4_20260407/last_model_1.pth
2026-04-07 13:39:20,941 INFO src.train.trainer: Epoch 235
2026-04-07 13:39:21,000 INFO src.train.trainer: New best validation loss: -5.4053, saved to checkpoints/etas_kernel_cb_hab4_20260407/best_model_1.pth
2026-04-07 13:39:21,002 INFO src.train.trainer: Last model at epoch 235 saved to checkpoints/etas_kernel_cb_hab4_20260407/last_model_1.pth
2026-04-07 13:39:21,002 INFO src.train.trainer: Epoch 236
2026-04-07 13:39:21,062 INFO src.train.trainer: New best validation loss: -5.4060, saved to checkpoints/etas_kernel_cb_hab4_20260407/best_model_1.pth
2026-04-07 13:39:21,064 INFO src.train.trainer: Last model at epoch 236 saved to checkpoints/etas_kernel_cb_hab4_20260407/last_model_1.pth
2026-04-07 13:39:21,064 INFO src.train.trainer: Epoch 237
2026-04-07 13:39:21,124 INFO src.train.trainer: New best validation loss: -5.4068, saved to checkpoints/etas_kernel_cb_hab4_20260407/best_model_1.pth
2026-04-07 13:39:21,126 INFO src.train.trainer: Last model at epoch 237 saved to checkpoints/etas_kernel_cb_hab4_20260407/last_model_1.pth
2026-04-07 13:39:21,127 INFO src.train.trainer: Epoch 238
2026-04-07 13:39:21,187 INFO src.train.trainer: New best validation loss: -5.4075, saved to checkpoints/etas_kernel_cb_hab4_20260407/best_model_1.pth
2026-04-07 13:39:21,189 INFO src.train.trainer: Last model at epoch 238 saved to checkpoints/etas_kernel_cb_hab4_20260407/last_model_1.pth
2026-04-07 13:39:21,189 INFO src.train.trainer: Epoch 239
2026-04-07 13:39:21,249 INFO src.train.trainer: New best validation loss: -5.4083, saved to checkpoints/etas_kernel_cb_hab4_20260407/best_model_1.pth
2026-04-07 13:39:21,251 INFO src.train.trainer: Last model at epoch 239 saved to checkpoints/etas_kernel_cb_hab4_20260407/last_model_1.pth
2026-04-07 13:39:21,252 INFO src.train.trainer: Epoch 240
2026-04-07 13:39:21,313 INFO src.train.trainer: New best validation loss: -5.4090, saved to checkpoints/etas_kernel_cb_hab4_20260407/best_model_1.pth
2026-04-07 13:39:21,315 INFO src.train.trainer: Last model at epoch 240 saved to checkpoints/etas_kernel_cb_hab4_20260407/last_model_1.pth
2026-04-07 13:39:21,315 INFO src.train.trainer: Epoch 241
2026-04-07 13:39:21,379 INFO src.train.trainer: New best validation loss: -5.4098, saved to checkpoints/etas_kernel_cb_hab4_20260407/best_model_1.pth
2026-04-07 13:39:21,381 INFO src.train.trainer: Last model at epoch 241 saved to checkpoints/etas_kernel_cb_hab4_20260407/last_model_1.pth
2026-04-07 13:39:21,381 INFO src.train.trainer: Epoch 242
2026-04-07 13:39:21,443 INFO src.train.trainer: New best validation loss: -5.4105, saved to checkpoints/etas_kernel_cb_hab4_20260407/best_model_1.pth
2026-04-07 13:39:21,445 INFO src.train.trainer: Last model at epoch 242 saved to checkpoints/etas_kernel_cb_hab4_20260407/last_model_1.pth
2026-04-07 13:39:21,445 INFO src.train.trainer: Epoch 243
2026-04-07 13:39:21,509 INFO src.train.trainer: New best validation loss: -5.4112, saved to checkpoints/etas_kernel_cb_hab4_20260407/best_model_1.pth
2026-04-07 13:39:21,511 INFO src.train.trainer: Last model at epoch 243 saved to checkpoints/etas_kernel_cb_hab4_20260407/last_model_1.pth
2026-04-07 13:39:21,511 INFO src.train.trainer: Epoch 244
2026-04-07 13:39:21,577 INFO src.train.trainer: New best validation loss: -5.4120, saved to checkpoints/etas_kernel_cb_hab4_20260407/best_model_1.pth
2026-04-07 13:39:21,579 INFO src.train.trainer: Last model at epoch 244 saved to checkpoints/etas_kernel_cb_hab4_20260407/last_model_1.pth
2026-04-07 13:39:21,579 INFO src.train.trainer: Epoch 245
2026-04-07 13:39:21,647 INFO src.train.trainer: New best validation loss: -5.4127, saved to checkpoints/etas_kernel_cb_hab4_20260407/best_model_1.pth
2026-04-07 13:39:21,649 INFO src.train.trainer: Last model at epoch 245 saved to checkpoints/etas_kernel_cb_hab4_20260407/last_model_1.pth
2026-04-07 13:39:21,649 INFO src.train.trainer: Epoch 246
2026-04-07 13:39:21,716 INFO src.train.trainer: New best validation loss: -5.4134, saved to checkpoints/etas_kernel_cb_hab4_20260407/best_model_1.pth
2026-04-07 13:39:21,718 INFO src.train.trainer: Last model at epoch 246 saved to checkpoints/etas_kernel_cb_hab4_20260407/last_model_1.pth
2026-04-07 13:39:21,718 INFO src.train.trainer: Epoch 247
2026-04-07 13:39:21,787 INFO src.train.trainer: New best validation loss: -5.4141, saved to checkpoints/etas_kernel_cb_hab4_20260407/best_model_1.pth
2026-04-07 13:39:21,789 INFO src.train.trainer: Last model at epoch 247 saved to checkpoints/etas_kernel_cb_hab4_20260407/last_model_1.pth
2026-04-07 13:39:21,789 INFO src.train.trainer: Epoch 248
2026-04-07 13:39:21,854 INFO src.train.trainer: New best validation loss: -5.4148, saved to checkpoints/etas_kernel_cb_hab4_20260407/best_model_1.pth
2026-04-07 13:39:21,856 INFO src.train.trainer: Last model at epoch 248 saved to checkpoints/etas_kernel_cb_hab4_20260407/last_model_1.pth
2026-04-07 13:39:21,856 INFO src.train.trainer: Epoch 249
2026-04-07 13:39:21,922 INFO src.train.trainer: New best validation loss: -5.4155, saved to checkpoints/etas_kernel_cb_hab4_20260407/best_model_1.pth
2026-04-07 13:39:21,925 INFO src.train.trainer: Last model at epoch 249 saved to checkpoints/etas_kernel_cb_hab4_20260407/last_model_1.pth
2026-04-07 13:39:21,925 INFO src.train.trainer: Epoch 250
2026-04-07 13:39:21,998 INFO src.train.trainer: New best validation loss: -5.4162, saved to checkpoints/etas_kernel_cb_hab4_20260407/best_model_1.pth
2026-04-07 13:39:22,001 INFO src.train.trainer: Last model at epoch 250 saved to checkpoints/etas_kernel_cb_hab4_20260407/last_model_1.pth
2026-04-07 13:39:22,001 INFO src.train.trainer: Epoch 251
2026-04-07 13:39:22,074 INFO src.train.trainer: New best validation loss: -5.4169, saved to checkpoints/etas_kernel_cb_hab4_20260407/best_model_1.pth
2026-04-07 13:39:22,076 INFO src.train.trainer: Last model at epoch 251 saved to checkpoints/etas_kernel_cb_hab4_20260407/last_model_1.pth
2026-04-07 13:39:22,076 INFO src.train.trainer: Epoch 252
2026-04-07 13:39:22,119 INFO src.train.trainer: New best validation loss: -5.4176, saved to checkpoints/etas_kernel_cb_hab4_20260407/best_model_1.pth
2026-04-07 13:39:22,121 INFO src.train.trainer: Last model at epoch 252 saved to checkpoints/etas_kernel_cb_hab4_20260407/last_model_1.pth
2026-04-07 13:39:22,121 INFO src.train.trainer: Epoch 253
2026-04-07 13:39:22,169 INFO src.train.trainer: New best validation loss: -5.4183, saved to checkpoints/etas_kernel_cb_hab4_20260407/best_model_1.pth
2026-04-07 13:39:22,170 INFO src.train.trainer: Last model at epoch 253 saved to checkpoints/etas_kernel_cb_hab4_20260407/last_model_1.pth
2026-04-07 13:39:22,171 INFO src.train.trainer: Epoch 254
2026-04-07 13:39:22,222 INFO src.train.trainer: New best validation loss: -5.4190, saved to checkpoints/etas_kernel_cb_hab4_20260407/best_model_1.pth
2026-04-07 13:39:22,224 INFO src.train.trainer: Last model at epoch 254 saved to checkpoints/etas_kernel_cb_hab4_20260407/last_model_1.pth
2026-04-07 13:39:22,224 INFO src.train.trainer: Epoch 255
2026-04-07 13:39:22,277 INFO src.train.trainer: New best validation loss: -5.4197, saved to checkpoints/etas_kernel_cb_hab4_20260407/best_model_1.pth
2026-04-07 13:39:22,279 INFO src.train.trainer: Last model at epoch 255 saved to checkpoints/etas_kernel_cb_hab4_20260407/last_model_1.pth
2026-04-07 13:39:22,279 INFO src.train.trainer: Epoch 256
2026-04-07 13:39:22,330 INFO src.train.trainer: New best validation loss: -5.4203, saved to checkpoints/etas_kernel_cb_hab4_20260407/best_model_1.pth
2026-04-07 13:39:22,332 INFO src.train.trainer: Last model at epoch 256 saved to checkpoints/etas_kernel_cb_hab4_20260407/last_model_1.pth
2026-04-07 13:39:22,332 INFO src.train.trainer: Epoch 257
2026-04-07 13:39:22,388 INFO src.train.trainer: New best validation loss: -5.4210, saved to checkpoints/etas_kernel_cb_hab4_20260407/best_model_1.pth
2026-04-07 13:39:22,390 INFO src.train.trainer: Last model at epoch 257 saved to checkpoints/etas_kernel_cb_hab4_20260407/last_model_1.pth
2026-04-07 13:39:22,390 INFO src.train.trainer: Epoch 258
2026-04-07 13:39:22,444 INFO src.train.trainer: New best validation loss: -5.4217, saved to checkpoints/etas_kernel_cb_hab4_20260407/best_model_1.pth
2026-04-07 13:39:22,446 INFO src.train.trainer: Last model at epoch 258 saved to checkpoints/etas_kernel_cb_hab4_20260407/last_model_1.pth
2026-04-07 13:39:22,446 INFO src.train.trainer: Epoch 259
2026-04-07 13:39:22,500 INFO src.train.trainer: New best validation loss: -5.4224, saved to checkpoints/etas_kernel_cb_hab4_20260407/best_model_1.pth
2026-04-07 13:39:22,502 INFO src.train.trainer: Last model at epoch 259 saved to checkpoints/etas_kernel_cb_hab4_20260407/last_model_1.pth
2026-04-07 13:39:22,502 INFO src.train.trainer: Epoch 260
2026-04-07 13:39:22,560 INFO src.train.trainer: New best validation loss: -5.4231, saved to checkpoints/etas_kernel_cb_hab4_20260407/best_model_1.pth
2026-04-07 13:39:22,561 INFO src.train.trainer: Last model at epoch 260 saved to checkpoints/etas_kernel_cb_hab4_20260407/last_model_1.pth
2026-04-07 13:39:22,562 INFO src.train.trainer: Epoch 261
2026-04-07 13:39:22,621 INFO src.train.trainer: New best validation loss: -5.4238, saved to checkpoints/etas_kernel_cb_hab4_20260407/best_model_1.pth
2026-04-07 13:39:22,624 INFO src.train.trainer: Last model at epoch 261 saved to checkpoints/etas_kernel_cb_hab4_20260407/last_model_1.pth
2026-04-07 13:39:22,624 INFO src.train.trainer: Epoch 262
2026-04-07 13:39:22,686 INFO src.train.trainer: New best validation loss: -5.4245, saved to checkpoints/etas_kernel_cb_hab4_20260407/best_model_1.pth
2026-04-07 13:39:22,688 INFO src.train.trainer: Last model at epoch 262 saved to checkpoints/etas_kernel_cb_hab4_20260407/last_model_1.pth
2026-04-07 13:39:22,688 INFO src.train.trainer: Epoch 263
2026-04-07 13:39:22,749 INFO src.train.trainer: New best validation loss: -5.4252, saved to checkpoints/etas_kernel_cb_hab4_20260407/best_model_1.pth
2026-04-07 13:39:22,751 INFO src.train.trainer: Last model at epoch 263 saved to checkpoints/etas_kernel_cb_hab4_20260407/last_model_1.pth
2026-04-07 13:39:22,751 INFO src.train.trainer: Epoch 264
2026-04-07 13:39:22,814 INFO src.train.trainer: New best validation loss: -5.4258, saved to checkpoints/etas_kernel_cb_hab4_20260407/best_model_1.pth
2026-04-07 13:39:22,816 INFO src.train.trainer: Last model at epoch 264 saved to checkpoints/etas_kernel_cb_hab4_20260407/last_model_1.pth
2026-04-07 13:39:22,816 INFO src.train.trainer: Epoch 265
2026-04-07 13:39:22,879 INFO src.train.trainer: New best validation loss: -5.4265, saved to checkpoints/etas_kernel_cb_hab4_20260407/best_model_1.pth
2026-04-07 13:39:22,881 INFO src.train.trainer: Last model at epoch 265 saved to checkpoints/etas_kernel_cb_hab4_20260407/last_model_1.pth
2026-04-07 13:39:22,881 INFO src.train.trainer: Epoch 266
2026-04-07 13:39:22,946 INFO src.train.trainer: New best validation loss: -5.4272, saved to checkpoints/etas_kernel_cb_hab4_20260407/best_model_1.pth
2026-04-07 13:39:22,948 INFO src.train.trainer: Last model at epoch 266 saved to checkpoints/etas_kernel_cb_hab4_20260407/last_model_1.pth
2026-04-07 13:39:22,948 INFO src.train.trainer: Epoch 267
2026-04-07 13:39:23,013 INFO src.train.trainer: New best validation loss: -5.4279, saved to checkpoints/etas_kernel_cb_hab4_20260407/best_model_1.pth
2026-04-07 13:39:23,015 INFO src.train.trainer: Last model at epoch 267 saved to checkpoints/etas_kernel_cb_hab4_20260407/last_model_1.pth
2026-04-07 13:39:23,015 INFO src.train.trainer: Epoch 268
2026-04-07 13:39:23,074 INFO src.train.trainer: New best validation loss: -5.4286, saved to checkpoints/etas_kernel_cb_hab4_20260407/best_model_1.pth
2026-04-07 13:39:23,076 INFO src.train.trainer: Last model at epoch 268 saved to checkpoints/etas_kernel_cb_hab4_20260407/last_model_1.pth
2026-04-07 13:39:23,076 INFO src.train.trainer: Epoch 269
2026-04-07 13:39:23,134 INFO src.train.trainer: New best validation loss: -5.4293, saved to checkpoints/etas_kernel_cb_hab4_20260407/best_model_1.pth
2026-04-07 13:39:23,136 INFO src.train.trainer: Last model at epoch 269 saved to checkpoints/etas_kernel_cb_hab4_20260407/last_model_1.pth
2026-04-07 13:39:23,136 INFO src.train.trainer: Epoch 270
2026-04-07 13:39:23,178 INFO src.train.trainer: New best validation loss: -5.4300, saved to checkpoints/etas_kernel_cb_hab4_20260407/best_model_1.pth
2026-04-07 13:39:23,180 INFO src.train.trainer: Last model at epoch 270 saved to checkpoints/etas_kernel_cb_hab4_20260407/last_model_1.pth
2026-04-07 13:39:23,180 INFO src.train.trainer: Epoch 271
2026-04-07 13:39:23,223 INFO src.train.trainer: New best validation loss: -5.4307, saved to checkpoints/etas_kernel_cb_hab4_20260407/best_model_1.pth
2026-04-07 13:39:23,224 INFO src.train.trainer: Last model at epoch 271 saved to checkpoints/etas_kernel_cb_hab4_20260407/last_model_1.pth
2026-04-07 13:39:23,225 INFO src.train.trainer: Epoch 272
2026-04-07 13:39:23,266 INFO src.train.trainer: New best validation loss: -5.4314, saved to checkpoints/etas_kernel_cb_hab4_20260407/best_model_1.pth
2026-04-07 13:39:23,268 INFO src.train.trainer: Last model at epoch 272 saved to checkpoints/etas_kernel_cb_hab4_20260407/last_model_1.pth
2026-04-07 13:39:23,268 INFO src.train.trainer: Epoch 273
2026-04-07 13:39:23,309 INFO src.train.trainer: New best validation loss: -5.4321, saved to checkpoints/etas_kernel_cb_hab4_20260407/best_model_1.pth
2026-04-07 13:39:23,311 INFO src.train.trainer: Last model at epoch 273 saved to checkpoints/etas_kernel_cb_hab4_20260407/last_model_1.pth
2026-04-07 13:39:23,311 INFO src.train.trainer: Epoch 274
2026-04-07 13:39:23,350 INFO src.train.trainer: New best validation loss: -5.4328, saved to checkpoints/etas_kernel_cb_hab4_20260407/best_model_1.pth
2026-04-07 13:39:23,352 INFO src.train.trainer: Last model at epoch 274 saved to checkpoints/etas_kernel_cb_hab4_20260407/last_model_1.pth
2026-04-07 13:39:23,352 INFO src.train.trainer: Epoch 275
2026-04-07 13:39:23,402 INFO src.train.trainer: New best validation loss: -5.4335, saved to checkpoints/etas_kernel_cb_hab4_20260407/best_model_1.pth
2026-04-07 13:39:23,404 INFO src.train.trainer: Last model at epoch 275 saved to checkpoints/etas_kernel_cb_hab4_20260407/last_model_1.pth
2026-04-07 13:39:23,404 INFO src.train.trainer: Epoch 276
2026-04-07 13:39:23,453 INFO src.train.trainer: New best validation loss: -5.4342, saved to checkpoints/etas_kernel_cb_hab4_20260407/best_model_1.pth
2026-04-07 13:39:23,454 INFO src.train.trainer: Last model at epoch 276 saved to checkpoints/etas_kernel_cb_hab4_20260407/last_model_1.pth
2026-04-07 13:39:23,454 INFO src.train.trainer: Epoch 277
2026-04-07 13:39:23,506 INFO src.train.trainer: New best validation loss: -5.4350, saved to checkpoints/etas_kernel_cb_hab4_20260407/best_model_1.pth
2026-04-07 13:39:23,508 INFO src.train.trainer: Last model at epoch 277 saved to checkpoints/etas_kernel_cb_hab4_20260407/last_model_1.pth
2026-04-07 13:39:23,508 INFO src.train.trainer: Epoch 278
2026-04-07 13:39:23,557 INFO src.train.trainer: New best validation loss: -5.4357, saved to checkpoints/etas_kernel_cb_hab4_20260407/best_model_1.pth
2026-04-07 13:39:23,559 INFO src.train.trainer: Last model at epoch 278 saved to checkpoints/etas_kernel_cb_hab4_20260407/last_model_1.pth
2026-04-07 13:39:23,559 INFO src.train.trainer: Epoch 279
2026-04-07 13:39:23,612 INFO src.train.trainer: New best validation loss: -5.4364, saved to checkpoints/etas_kernel_cb_hab4_20260407/best_model_1.pth
2026-04-07 13:39:23,614 INFO src.train.trainer: Last model at epoch 279 saved to checkpoints/etas_kernel_cb_hab4_20260407/last_model_1.pth
2026-04-07 13:39:23,614 INFO src.train.trainer: Epoch 280
2026-04-07 13:39:23,668 INFO src.train.trainer: New best validation loss: -5.4371, saved to checkpoints/etas_kernel_cb_hab4_20260407/best_model_1.pth
2026-04-07 13:39:23,670 INFO src.train.trainer: Last model at epoch 280 saved to checkpoints/etas_kernel_cb_hab4_20260407/last_model_1.pth
2026-04-07 13:39:23,670 INFO src.train.trainer: Epoch 281
2026-04-07 13:39:23,725 INFO src.train.trainer: New best validation loss: -5.4379, saved to checkpoints/etas_kernel_cb_hab4_20260407/best_model_1.pth
2026-04-07 13:39:23,727 INFO src.train.trainer: Last model at epoch 281 saved to checkpoints/etas_kernel_cb_hab4_20260407/last_model_1.pth
2026-04-07 13:39:23,727 INFO src.train.trainer: Epoch 282
2026-04-07 13:39:23,787 INFO src.train.trainer: New best validation loss: -5.4386, saved to checkpoints/etas_kernel_cb_hab4_20260407/best_model_1.pth
2026-04-07 13:39:23,789 INFO src.train.trainer: Last model at epoch 282 saved to checkpoints/etas_kernel_cb_hab4_20260407/last_model_1.pth
2026-04-07 13:39:23,789 INFO src.train.trainer: Epoch 283
2026-04-07 13:39:23,850 INFO src.train.trainer: New best validation loss: -5.4394, saved to checkpoints/etas_kernel_cb_hab4_20260407/best_model_1.pth
2026-04-07 13:39:23,852 INFO src.train.trainer: Last model at epoch 283 saved to checkpoints/etas_kernel_cb_hab4_20260407/last_model_1.pth
2026-04-07 13:39:23,852 INFO src.train.trainer: Epoch 284
2026-04-07 13:39:23,912 INFO src.train.trainer: New best validation loss: -5.4401, saved to checkpoints/etas_kernel_cb_hab4_20260407/best_model_1.pth
2026-04-07 13:39:23,914 INFO src.train.trainer: Last model at epoch 284 saved to checkpoints/etas_kernel_cb_hab4_20260407/last_model_1.pth
2026-04-07 13:39:23,914 INFO src.train.trainer: Epoch 285
2026-04-07 13:39:23,974 INFO src.train.trainer: New best validation loss: -5.4409, saved to checkpoints/etas_kernel_cb_hab4_20260407/best_model_1.pth
2026-04-07 13:39:23,976 INFO src.train.trainer: Last model at epoch 285 saved to checkpoints/etas_kernel_cb_hab4_20260407/last_model_1.pth
2026-04-07 13:39:23,976 INFO src.train.trainer: Epoch 286
2026-04-07 13:39:24,035 INFO src.train.trainer: New best validation loss: -5.4416, saved to checkpoints/etas_kernel_cb_hab4_20260407/best_model_1.pth
2026-04-07 13:39:24,037 INFO src.train.trainer: Last model at epoch 286 saved to checkpoints/etas_kernel_cb_hab4_20260407/last_model_1.pth
2026-04-07 13:39:24,037 INFO src.train.trainer: Epoch 287
2026-04-07 13:39:24,097 INFO src.train.trainer: New best validation loss: -5.4424, saved to checkpoints/etas_kernel_cb_hab4_20260407/best_model_1.pth
2026-04-07 13:39:24,099 INFO src.train.trainer: Last model at epoch 287 saved to checkpoints/etas_kernel_cb_hab4_20260407/last_model_1.pth
2026-04-07 13:39:24,099 INFO src.train.trainer: Epoch 288
2026-04-07 13:39:24,158 INFO src.train.trainer: New best validation loss: -5.4431, saved to checkpoints/etas_kernel_cb_hab4_20260407/best_model_1.pth
2026-04-07 13:39:24,160 INFO src.train.trainer: Last model at epoch 288 saved to checkpoints/etas_kernel_cb_hab4_20260407/last_model_1.pth
2026-04-07 13:39:24,160 INFO src.train.trainer: Epoch 289
2026-04-07 13:39:24,219 INFO src.train.trainer: New best validation loss: -5.4439, saved to checkpoints/etas_kernel_cb_hab4_20260407/best_model_1.pth
2026-04-07 13:39:24,222 INFO src.train.trainer: Last model at epoch 289 saved to checkpoints/etas_kernel_cb_hab4_20260407/last_model_1.pth
2026-04-07 13:39:24,222 INFO src.train.trainer: Epoch 290
2026-04-07 13:39:24,281 INFO src.train.trainer: New best validation loss: -5.4447, saved to checkpoints/etas_kernel_cb_hab4_20260407/best_model_1.pth
2026-04-07 13:39:24,283 INFO src.train.trainer: Last model at epoch 290 saved to checkpoints/etas_kernel_cb_hab4_20260407/last_model_1.pth
2026-04-07 13:39:24,283 INFO src.train.trainer: Epoch 291
2026-04-07 13:39:24,342 INFO src.train.trainer: New best validation loss: -5.4455, saved to checkpoints/etas_kernel_cb_hab4_20260407/best_model_1.pth
2026-04-07 13:39:24,344 INFO src.train.trainer: Last model at epoch 291 saved to checkpoints/etas_kernel_cb_hab4_20260407/last_model_1.pth
2026-04-07 13:39:24,344 INFO src.train.trainer: Epoch 292
2026-04-07 13:39:24,401 INFO src.train.trainer: New best validation loss: -5.4463, saved to checkpoints/etas_kernel_cb_hab4_20260407/best_model_1.pth
2026-04-07 13:39:24,403 INFO src.train.trainer: Last model at epoch 292 saved to checkpoints/etas_kernel_cb_hab4_20260407/last_model_1.pth
2026-04-07 13:39:24,403 INFO src.train.trainer: Epoch 293
2026-04-07 13:39:24,465 INFO src.train.trainer: New best validation loss: -5.4471, saved to checkpoints/etas_kernel_cb_hab4_20260407/best_model_1.pth
2026-04-07 13:39:24,467 INFO src.train.trainer: Last model at epoch 293 saved to checkpoints/etas_kernel_cb_hab4_20260407/last_model_1.pth
2026-04-07 13:39:24,467 INFO src.train.trainer: Epoch 294
2026-04-07 13:39:24,529 INFO src.train.trainer: New best validation loss: -5.4479, saved to checkpoints/etas_kernel_cb_hab4_20260407/best_model_1.pth
2026-04-07 13:39:24,531 INFO src.train.trainer: Last model at epoch 294 saved to checkpoints/etas_kernel_cb_hab4_20260407/last_model_1.pth
2026-04-07 13:39:24,532 INFO src.train.trainer: Epoch 295
2026-04-07 13:39:24,586 INFO src.train.trainer: New best validation loss: -5.4487, saved to checkpoints/etas_kernel_cb_hab4_20260407/best_model_1.pth
2026-04-07 13:39:24,588 INFO src.train.trainer: Last model at epoch 295 saved to checkpoints/etas_kernel_cb_hab4_20260407/last_model_1.pth
2026-04-07 13:39:24,588 INFO src.train.trainer: Epoch 296
2026-04-07 13:39:24,645 INFO src.train.trainer: New best validation loss: -5.4495, saved to checkpoints/etas_kernel_cb_hab4_20260407/best_model_1.pth
2026-04-07 13:39:24,647 INFO src.train.trainer: Last model at epoch 296 saved to checkpoints/etas_kernel_cb_hab4_20260407/last_model_1.pth
2026-04-07 13:39:24,647 INFO src.train.trainer: Epoch 297
2026-04-07 13:39:24,703 INFO src.train.trainer: New best validation loss: -5.4503, saved to checkpoints/etas_kernel_cb_hab4_20260407/best_model_1.pth
2026-04-07 13:39:24,705 INFO src.train.trainer: Last model at epoch 297 saved to checkpoints/etas_kernel_cb_hab4_20260407/last_model_1.pth
2026-04-07 13:39:24,705 INFO src.train.trainer: Epoch 298
2026-04-07 13:39:24,761 INFO src.train.trainer: New best validation loss: -5.4511, saved to checkpoints/etas_kernel_cb_hab4_20260407/best_model_1.pth
2026-04-07 13:39:24,763 INFO src.train.trainer: Last model at epoch 298 saved to checkpoints/etas_kernel_cb_hab4_20260407/last_model_1.pth
2026-04-07 13:39:24,763 INFO src.train.trainer: Epoch 299
2026-04-07 13:39:24,822 INFO src.train.trainer: New best validation loss: -5.4520, saved to checkpoints/etas_kernel_cb_hab4_20260407/best_model_1.pth
2026-04-07 13:39:24,824 INFO src.train.trainer: Last model at epoch 299 saved to checkpoints/etas_kernel_cb_hab4_20260407/last_model_1.pth
2026-04-07 13:39:24,824 INFO src.train.trainer: Epoch 300
2026-04-07 13:39:24,883 INFO src.train.trainer: New best validation loss: -5.4528, saved to checkpoints/etas_kernel_cb_hab4_20260407/best_model_1.pth
2026-04-07 13:39:24,885 INFO src.train.trainer: Last model at epoch 300 saved to checkpoints/etas_kernel_cb_hab4_20260407/last_model_1.pth
2026-04-07 13:39:24,886 INFO src.train.trainer: Epoch 301
2026-04-07 13:39:24,945 INFO src.train.trainer: New best validation loss: -5.4537, saved to checkpoints/etas_kernel_cb_hab4_20260407/best_model_1.pth
2026-04-07 13:39:24,947 INFO src.train.trainer: Last model at epoch 301 saved to checkpoints/etas_kernel_cb_hab4_20260407/last_model_1.pth
2026-04-07 13:39:24,947 INFO src.train.trainer: Epoch 302
2026-04-07 13:39:25,009 INFO src.train.trainer: New best validation loss: -5.4545, saved to checkpoints/etas_kernel_cb_hab4_20260407/best_model_1.pth
2026-04-07 13:39:25,011 INFO src.train.trainer: Last model at epoch 302 saved to checkpoints/etas_kernel_cb_hab4_20260407/last_model_1.pth
2026-04-07 13:39:25,011 INFO src.train.trainer: Epoch 303
2026-04-07 13:39:25,073 INFO src.train.trainer: New best validation loss: -5.4554, saved to checkpoints/etas_kernel_cb_hab4_20260407/best_model_1.pth
2026-04-07 13:39:25,075 INFO src.train.trainer: Last model at epoch 303 saved to checkpoints/etas_kernel_cb_hab4_20260407/last_model_1.pth
2026-04-07 13:39:25,075 INFO src.train.trainer: Epoch 304
2026-04-07 13:39:25,137 INFO src.train.trainer: New best validation loss: -5.4563, saved to checkpoints/etas_kernel_cb_hab4_20260407/best_model_1.pth
2026-04-07 13:39:25,139 INFO src.train.trainer: Last model at epoch 304 saved to checkpoints/etas_kernel_cb_hab4_20260407/last_model_1.pth
2026-04-07 13:39:25,140 INFO src.train.trainer: Epoch 305
2026-04-07 13:39:25,203 INFO src.train.trainer: New best validation loss: -5.4571, saved to checkpoints/etas_kernel_cb_hab4_20260407/best_model_1.pth
2026-04-07 13:39:25,206 INFO src.train.trainer: Last model at epoch 305 saved to checkpoints/etas_kernel_cb_hab4_20260407/last_model_1.pth
2026-04-07 13:39:25,206 INFO src.train.trainer: Epoch 306
2026-04-07 13:39:25,269 INFO src.train.trainer: New best validation loss: -5.4580, saved to checkpoints/etas_kernel_cb_hab4_20260407/best_model_1.pth
2026-04-07 13:39:25,272 INFO src.train.trainer: Last model at epoch 306 saved to checkpoints/etas_kernel_cb_hab4_20260407/last_model_1.pth
2026-04-07 13:39:25,272 INFO src.train.trainer: Epoch 307
2026-04-07 13:39:25,340 INFO src.train.trainer: New best validation loss: -5.4589, saved to checkpoints/etas_kernel_cb_hab4_20260407/best_model_1.pth
2026-04-07 13:39:25,342 INFO src.train.trainer: Last model at epoch 307 saved to checkpoints/etas_kernel_cb_hab4_20260407/last_model_1.pth
2026-04-07 13:39:25,342 INFO src.train.trainer: Epoch 308
2026-04-07 13:39:25,403 INFO src.train.trainer: New best validation loss: -5.4598, saved to checkpoints/etas_kernel_cb_hab4_20260407/best_model_1.pth
2026-04-07 13:39:25,405 INFO src.train.trainer: Last model at epoch 308 saved to checkpoints/etas_kernel_cb_hab4_20260407/last_model_1.pth
2026-04-07 13:39:25,406 INFO src.train.trainer: Epoch 309
2026-04-07 13:39:25,470 INFO src.train.trainer: New best validation loss: -5.4607, saved to checkpoints/etas_kernel_cb_hab4_20260407/best_model_1.pth
2026-04-07 13:39:25,472 INFO src.train.trainer: Last model at epoch 309 saved to checkpoints/etas_kernel_cb_hab4_20260407/last_model_1.pth
2026-04-07 13:39:25,472 INFO src.train.trainer: Epoch 310
2026-04-07 13:39:25,537 INFO src.train.trainer: New best validation loss: -5.4616, saved to checkpoints/etas_kernel_cb_hab4_20260407/best_model_1.pth
2026-04-07 13:39:25,539 INFO src.train.trainer: Last model at epoch 310 saved to checkpoints/etas_kernel_cb_hab4_20260407/last_model_1.pth
2026-04-07 13:39:25,539 INFO src.train.trainer: Epoch 311
2026-04-07 13:39:25,603 INFO src.train.trainer: New best validation loss: -5.4625, saved to checkpoints/etas_kernel_cb_hab4_20260407/best_model_1.pth
2026-04-07 13:39:25,606 INFO src.train.trainer: Last model at epoch 311 saved to checkpoints/etas_kernel_cb_hab4_20260407/last_model_1.pth
2026-04-07 13:39:25,606 INFO src.train.trainer: Epoch 312
2026-04-07 13:39:25,670 INFO src.train.trainer: New best validation loss: -5.4635, saved to checkpoints/etas_kernel_cb_hab4_20260407/best_model_1.pth
2026-04-07 13:39:25,672 INFO src.train.trainer: Last model at epoch 312 saved to checkpoints/etas_kernel_cb_hab4_20260407/last_model_1.pth
2026-04-07 13:39:25,672 INFO src.train.trainer: Epoch 313
2026-04-07 13:39:25,738 INFO src.train.trainer: New best validation loss: -5.4644, saved to checkpoints/etas_kernel_cb_hab4_20260407/best_model_1.pth
2026-04-07 13:39:25,741 INFO src.train.trainer: Last model at epoch 313 saved to checkpoints/etas_kernel_cb_hab4_20260407/last_model_1.pth
2026-04-07 13:39:25,741 INFO src.train.trainer: Epoch 314
2026-04-07 13:39:25,809 INFO src.train.trainer: New best validation loss: -5.4654, saved to checkpoints/etas_kernel_cb_hab4_20260407/best_model_1.pth
2026-04-07 13:39:25,811 INFO src.train.trainer: Last model at epoch 314 saved to checkpoints/etas_kernel_cb_hab4_20260407/last_model_1.pth
2026-04-07 13:39:25,811 INFO src.train.trainer: Epoch 315
2026-04-07 13:39:25,879 INFO src.train.trainer: New best validation loss: -5.4663, saved to checkpoints/etas_kernel_cb_hab4_20260407/best_model_1.pth
2026-04-07 13:39:25,881 INFO src.train.trainer: Last model at epoch 315 saved to checkpoints/etas_kernel_cb_hab4_20260407/last_model_1.pth
2026-04-07 13:39:25,881 INFO src.train.trainer: Epoch 316
2026-04-07 13:39:25,947 INFO src.train.trainer: New best validation loss: -5.4673, saved to checkpoints/etas_kernel_cb_hab4_20260407/best_model_1.pth
2026-04-07 13:39:25,949 INFO src.train.trainer: Last model at epoch 316 saved to checkpoints/etas_kernel_cb_hab4_20260407/last_model_1.pth
2026-04-07 13:39:25,949 INFO src.train.trainer: Epoch 317
2026-04-07 13:39:26,015 INFO src.train.trainer: New best validation loss: -5.4682, saved to checkpoints/etas_kernel_cb_hab4_20260407/best_model_1.pth
2026-04-07 13:39:26,017 INFO src.train.trainer: Last model at epoch 317 saved to checkpoints/etas_kernel_cb_hab4_20260407/last_model_1.pth
2026-04-07 13:39:26,017 INFO src.train.trainer: Epoch 318
2026-04-07 13:39:26,082 INFO src.train.trainer: New best validation loss: -5.4692, saved to checkpoints/etas_kernel_cb_hab4_20260407/best_model_1.pth
2026-04-07 13:39:26,084 INFO src.train.trainer: Last model at epoch 318 saved to checkpoints/etas_kernel_cb_hab4_20260407/last_model_1.pth
2026-04-07 13:39:26,084 INFO src.train.trainer: Epoch 319
2026-04-07 13:39:26,149 INFO src.train.trainer: New best validation loss: -5.4702, saved to checkpoints/etas_kernel_cb_hab4_20260407/best_model_1.pth
2026-04-07 13:39:26,151 INFO src.train.trainer: Last model at epoch 319 saved to checkpoints/etas_kernel_cb_hab4_20260407/last_model_1.pth
2026-04-07 13:39:26,151 INFO src.train.trainer: Epoch 320
2026-04-07 13:39:26,214 INFO src.train.trainer: New best validation loss: -5.4712, saved to checkpoints/etas_kernel_cb_hab4_20260407/best_model_1.pth
2026-04-07 13:39:26,217 INFO src.train.trainer: Last model at epoch 320 saved to checkpoints/etas_kernel_cb_hab4_20260407/last_model_1.pth
2026-04-07 13:39:26,217 INFO src.train.trainer: Epoch 321
2026-04-07 13:39:26,284 INFO src.train.trainer: New best validation loss: -5.4722, saved to checkpoints/etas_kernel_cb_hab4_20260407/best_model_1.pth
2026-04-07 13:39:26,287 INFO src.train.trainer: Last model at epoch 321 saved to checkpoints/etas_kernel_cb_hab4_20260407/last_model_1.pth
2026-04-07 13:39:26,287 INFO src.train.trainer: Epoch 322
2026-04-07 13:39:26,356 INFO src.train.trainer: New best validation loss: -5.4732, saved to checkpoints/etas_kernel_cb_hab4_20260407/best_model_1.pth
2026-04-07 13:39:26,359 INFO src.train.trainer: Last model at epoch 322 saved to checkpoints/etas_kernel_cb_hab4_20260407/last_model_1.pth
2026-04-07 13:39:26,359 INFO src.train.trainer: Epoch 323
2026-04-07 13:39:26,429 INFO src.train.trainer: New best validation loss: -5.4742, saved to checkpoints/etas_kernel_cb_hab4_20260407/best_model_1.pth
2026-04-07 13:39:26,431 INFO src.train.trainer: Last model at epoch 323 saved to checkpoints/etas_kernel_cb_hab4_20260407/last_model_1.pth
2026-04-07 13:39:26,431 INFO src.train.trainer: Epoch 324
2026-04-07 13:39:26,490 INFO src.train.trainer: New best validation loss: -5.4753, saved to checkpoints/etas_kernel_cb_hab4_20260407/best_model_1.pth
2026-04-07 13:39:26,492 INFO src.train.trainer: Last model at epoch 324 saved to checkpoints/etas_kernel_cb_hab4_20260407/last_model_1.pth
2026-04-07 13:39:26,492 INFO src.train.trainer: Epoch 325
2026-04-07 13:39:26,551 INFO src.train.trainer: New best validation loss: -5.4763, saved to checkpoints/etas_kernel_cb_hab4_20260407/best_model_1.pth
2026-04-07 13:39:26,553 INFO src.train.trainer: Last model at epoch 325 saved to checkpoints/etas_kernel_cb_hab4_20260407/last_model_1.pth
2026-04-07 13:39:26,553 INFO src.train.trainer: Epoch 326
2026-04-07 13:39:26,612 INFO src.train.trainer: New best validation loss: -5.4773, saved to checkpoints/etas_kernel_cb_hab4_20260407/best_model_1.pth
2026-04-07 13:39:26,615 INFO src.train.trainer: Last model at epoch 326 saved to checkpoints/etas_kernel_cb_hab4_20260407/last_model_1.pth
2026-04-07 13:39:26,615 INFO src.train.trainer: Epoch 327
2026-04-07 13:39:26,680 INFO src.train.trainer: New best validation loss: -5.4784, saved to checkpoints/etas_kernel_cb_hab4_20260407/best_model_1.pth
2026-04-07 13:39:26,682 INFO src.train.trainer: Last model at epoch 327 saved to checkpoints/etas_kernel_cb_hab4_20260407/last_model_1.pth
2026-04-07 13:39:26,682 INFO src.train.trainer: Epoch 328
2026-04-07 13:39:26,748 INFO src.train.trainer: New best validation loss: -5.4794, saved to checkpoints/etas_kernel_cb_hab4_20260407/best_model_1.pth
2026-04-07 13:39:26,750 INFO src.train.trainer: Last model at epoch 328 saved to checkpoints/etas_kernel_cb_hab4_20260407/last_model_1.pth
2026-04-07 13:39:26,750 INFO src.train.trainer: Epoch 329
2026-04-07 13:39:26,814 INFO src.train.trainer: New best validation loss: -5.4805, saved to checkpoints/etas_kernel_cb_hab4_20260407/best_model_1.pth
2026-04-07 13:39:26,816 INFO src.train.trainer: Last model at epoch 329 saved to checkpoints/etas_kernel_cb_hab4_20260407/last_model_1.pth
2026-04-07 13:39:26,817 INFO src.train.trainer: Epoch 330
2026-04-07 13:39:26,883 INFO src.train.trainer: New best validation loss: -5.4816, saved to checkpoints/etas_kernel_cb_hab4_20260407/best_model_1.pth
2026-04-07 13:39:26,885 INFO src.train.trainer: Last model at epoch 330 saved to checkpoints/etas_kernel_cb_hab4_20260407/last_model_1.pth
2026-04-07 13:39:26,885 INFO src.train.trainer: Epoch 331
2026-04-07 13:39:26,953 INFO src.train.trainer: New best validation loss: -5.4827, saved to checkpoints/etas_kernel_cb_hab4_20260407/best_model_1.pth
2026-04-07 13:39:26,956 INFO src.train.trainer: Last model at epoch 331 saved to checkpoints/etas_kernel_cb_hab4_20260407/last_model_1.pth
2026-04-07 13:39:26,956 INFO src.train.trainer: Epoch 332
2026-04-07 13:39:27,023 INFO src.train.trainer: New best validation loss: -5.4838, saved to checkpoints/etas_kernel_cb_hab4_20260407/best_model_1.pth
2026-04-07 13:39:27,026 INFO src.train.trainer: Last model at epoch 332 saved to checkpoints/etas_kernel_cb_hab4_20260407/last_model_1.pth
2026-04-07 13:39:27,026 INFO src.train.trainer: Epoch 333
2026-04-07 13:39:27,095 INFO src.train.trainer: New best validation loss: -5.4849, saved to checkpoints/etas_kernel_cb_hab4_20260407/best_model_1.pth
2026-04-07 13:39:27,097 INFO src.train.trainer: Last model at epoch 333 saved to checkpoints/etas_kernel_cb_hab4_20260407/last_model_1.pth
2026-04-07 13:39:27,098 INFO src.train.trainer: Epoch 334
2026-04-07 13:39:27,164 INFO src.train.trainer: New best validation loss: -5.4860, saved to checkpoints/etas_kernel_cb_hab4_20260407/best_model_1.pth
2026-04-07 13:39:27,166 INFO src.train.trainer: Last model at epoch 334 saved to checkpoints/etas_kernel_cb_hab4_20260407/last_model_1.pth
2026-04-07 13:39:27,167 INFO src.train.trainer: Epoch 335
2026-04-07 13:39:27,237 INFO src.train.trainer: New best validation loss: -5.4871, saved to checkpoints/etas_kernel_cb_hab4_20260407/best_model_1.pth
2026-04-07 13:39:27,240 INFO src.train.trainer: Last model at epoch 335 saved to checkpoints/etas_kernel_cb_hab4_20260407/last_model_1.pth
2026-04-07 13:39:27,240 INFO src.train.trainer: Epoch 336
2026-04-07 13:39:27,306 INFO src.train.trainer: New best validation loss: -5.4882, saved to checkpoints/etas_kernel_cb_hab4_20260407/best_model_1.pth
2026-04-07 13:39:27,309 INFO src.train.trainer: Last model at epoch 336 saved to checkpoints/etas_kernel_cb_hab4_20260407/last_model_1.pth
2026-04-07 13:39:27,309 INFO src.train.trainer: Epoch 337
2026-04-07 13:39:27,377 INFO src.train.trainer: New best validation loss: -5.4894, saved to checkpoints/etas_kernel_cb_hab4_20260407/best_model_1.pth
2026-04-07 13:39:27,380 INFO src.train.trainer: Last model at epoch 337 saved to checkpoints/etas_kernel_cb_hab4_20260407/last_model_1.pth
2026-04-07 13:39:27,380 INFO src.train.trainer: Epoch 338
2026-04-07 13:39:27,450 INFO src.train.trainer: New best validation loss: -5.4905, saved to checkpoints/etas_kernel_cb_hab4_20260407/best_model_1.pth
2026-04-07 13:39:27,452 INFO src.train.trainer: Last model at epoch 338 saved to checkpoints/etas_kernel_cb_hab4_20260407/last_model_1.pth
2026-04-07 13:39:27,452 INFO src.train.trainer: Epoch 339
2026-04-07 13:39:27,519 INFO src.train.trainer: New best validation loss: -5.4917, saved to checkpoints/etas_kernel_cb_hab4_20260407/best_model_1.pth
2026-04-07 13:39:27,522 INFO src.train.trainer: Last model at epoch 339 saved to checkpoints/etas_kernel_cb_hab4_20260407/last_model_1.pth
2026-04-07 13:39:27,522 INFO src.train.trainer: Epoch 340
2026-04-07 13:39:27,592 INFO src.train.trainer: New best validation loss: -5.4928, saved to checkpoints/etas_kernel_cb_hab4_20260407/best_model_1.pth
2026-04-07 13:39:27,595 INFO src.train.trainer: Last model at epoch 340 saved to checkpoints/etas_kernel_cb_hab4_20260407/last_model_1.pth
2026-04-07 13:39:27,595 INFO src.train.trainer: Epoch 341
2026-04-07 13:39:27,666 INFO src.train.trainer: New best validation loss: -5.4940, saved to checkpoints/etas_kernel_cb_hab4_20260407/best_model_1.pth
2026-04-07 13:39:27,668 INFO src.train.trainer: Last model at epoch 341 saved to checkpoints/etas_kernel_cb_hab4_20260407/last_model_1.pth
2026-04-07 13:39:27,668 INFO src.train.trainer: Epoch 342
2026-04-07 13:39:27,736 INFO src.train.trainer: New best validation loss: -5.4952, saved to checkpoints/etas_kernel_cb_hab4_20260407/best_model_1.pth
2026-04-07 13:39:27,738 INFO src.train.trainer: Last model at epoch 342 saved to checkpoints/etas_kernel_cb_hab4_20260407/last_model_1.pth
2026-04-07 13:39:27,738 INFO src.train.trainer: Epoch 343
2026-04-07 13:39:27,810 INFO src.train.trainer: New best validation loss: -5.4964, saved to checkpoints/etas_kernel_cb_hab4_20260407/best_model_1.pth
2026-04-07 13:39:27,812 INFO src.train.trainer: Last model at epoch 343 saved to checkpoints/etas_kernel_cb_hab4_20260407/last_model_1.pth
2026-04-07 13:39:27,812 INFO src.train.trainer: Epoch 344
2026-04-07 13:39:27,878 INFO src.train.trainer: New best validation loss: -5.4976, saved to checkpoints/etas_kernel_cb_hab4_20260407/best_model_1.pth
2026-04-07 13:39:27,880 INFO src.train.trainer: Last model at epoch 344 saved to checkpoints/etas_kernel_cb_hab4_20260407/last_model_1.pth
2026-04-07 13:39:27,880 INFO src.train.trainer: Epoch 345
2026-04-07 13:39:27,955 INFO src.train.trainer: New best validation loss: -5.4988, saved to checkpoints/etas_kernel_cb_hab4_20260407/best_model_1.pth
2026-04-07 13:39:27,957 INFO src.train.trainer: Last model at epoch 345 saved to checkpoints/etas_kernel_cb_hab4_20260407/last_model_1.pth
2026-04-07 13:39:27,957 INFO src.train.trainer: Epoch 346
2026-04-07 13:39:28,028 INFO src.train.trainer: New best validation loss: -5.5000, saved to checkpoints/etas_kernel_cb_hab4_20260407/best_model_1.pth
2026-04-07 13:39:28,030 INFO src.train.trainer: Last model at epoch 346 saved to checkpoints/etas_kernel_cb_hab4_20260407/last_model_1.pth
2026-04-07 13:39:28,030 INFO src.train.trainer: Epoch 347
2026-04-07 13:39:28,101 INFO src.train.trainer: New best validation loss: -5.5012, saved to checkpoints/etas_kernel_cb_hab4_20260407/best_model_1.pth
2026-04-07 13:39:28,103 INFO src.train.trainer: Last model at epoch 347 saved to checkpoints/etas_kernel_cb_hab4_20260407/last_model_1.pth
2026-04-07 13:39:28,103 INFO src.train.trainer: Epoch 348
2026-04-07 13:39:28,169 INFO src.train.trainer: New best validation loss: -5.5024, saved to checkpoints/etas_kernel_cb_hab4_20260407/best_model_1.pth
2026-04-07 13:39:28,172 INFO src.train.trainer: Last model at epoch 348 saved to checkpoints/etas_kernel_cb_hab4_20260407/last_model_1.pth
2026-04-07 13:39:28,172 INFO src.train.trainer: Epoch 349
2026-04-07 13:39:28,238 INFO src.train.trainer: New best validation loss: -5.5037, saved to checkpoints/etas_kernel_cb_hab4_20260407/best_model_1.pth
2026-04-07 13:39:28,241 INFO src.train.trainer: Last model at epoch 349 saved to checkpoints/etas_kernel_cb_hab4_20260407/last_model_1.pth
2026-04-07 13:39:28,241 INFO src.train.trainer: Epoch 350
2026-04-07 13:39:28,305 INFO src.train.trainer: New best validation loss: -5.5049, saved to checkpoints/etas_kernel_cb_hab4_20260407/best_model_1.pth
2026-04-07 13:39:28,307 INFO src.train.trainer: Last model at epoch 350 saved to checkpoints/etas_kernel_cb_hab4_20260407/last_model_1.pth
2026-04-07 13:39:28,307 INFO src.train.trainer: Epoch 351
2026-04-07 13:39:28,368 INFO src.train.trainer: New best validation loss: -5.5062, saved to checkpoints/etas_kernel_cb_hab4_20260407/best_model_1.pth
2026-04-07 13:39:28,370 INFO src.train.trainer: Last model at epoch 351 saved to checkpoints/etas_kernel_cb_hab4_20260407/last_model_1.pth
2026-04-07 13:39:28,370 INFO src.train.trainer: Epoch 352
2026-04-07 13:39:28,426 INFO src.train.trainer: New best validation loss: -5.5074, saved to checkpoints/etas_kernel_cb_hab4_20260407/best_model_1.pth
2026-04-07 13:39:28,428 INFO src.train.trainer: Last model at epoch 352 saved to checkpoints/etas_kernel_cb_hab4_20260407/last_model_1.pth
2026-04-07 13:39:28,428 INFO src.train.trainer: Epoch 353
2026-04-07 13:39:28,480 INFO src.train.trainer: New best validation loss: -5.5087, saved to checkpoints/etas_kernel_cb_hab4_20260407/best_model_1.pth
2026-04-07 13:39:28,482 INFO src.train.trainer: Last model at epoch 353 saved to checkpoints/etas_kernel_cb_hab4_20260407/last_model_1.pth
2026-04-07 13:39:28,482 INFO src.train.trainer: Epoch 354
2026-04-07 13:39:28,536 INFO src.train.trainer: New best validation loss: -5.5100, saved to checkpoints/etas_kernel_cb_hab4_20260407/best_model_1.pth
2026-04-07 13:39:28,538 INFO src.train.trainer: Last model at epoch 354 saved to checkpoints/etas_kernel_cb_hab4_20260407/last_model_1.pth
2026-04-07 13:39:28,538 INFO src.train.trainer: Epoch 355
2026-04-07 13:39:28,595 INFO src.train.trainer: New best validation loss: -5.5112, saved to checkpoints/etas_kernel_cb_hab4_20260407/best_model_1.pth
2026-04-07 13:39:28,597 INFO src.train.trainer: Last model at epoch 355 saved to checkpoints/etas_kernel_cb_hab4_20260407/last_model_1.pth
2026-04-07 13:39:28,597 INFO src.train.trainer: Epoch 356
2026-04-07 13:39:28,654 INFO src.train.trainer: New best validation loss: -5.5125, saved to checkpoints/etas_kernel_cb_hab4_20260407/best_model_1.pth
2026-04-07 13:39:28,657 INFO src.train.trainer: Last model at epoch 356 saved to checkpoints/etas_kernel_cb_hab4_20260407/last_model_1.pth
2026-04-07 13:39:28,657 INFO src.train.trainer: Epoch 357
2026-04-07 13:39:28,715 INFO src.train.trainer: New best validation loss: -5.5138, saved to checkpoints/etas_kernel_cb_hab4_20260407/best_model_1.pth
2026-04-07 13:39:28,717 INFO src.train.trainer: Last model at epoch 357 saved to checkpoints/etas_kernel_cb_hab4_20260407/last_model_1.pth
2026-04-07 13:39:28,717 INFO src.train.trainer: Epoch 358
2026-04-07 13:39:28,778 INFO src.train.trainer: New best validation loss: -5.5151, saved to checkpoints/etas_kernel_cb_hab4_20260407/best_model_1.pth
2026-04-07 13:39:28,780 INFO src.train.trainer: Last model at epoch 358 saved to checkpoints/etas_kernel_cb_hab4_20260407/last_model_1.pth
2026-04-07 13:39:28,780 INFO src.train.trainer: Epoch 359
2026-04-07 13:39:28,847 INFO src.train.trainer: New best validation loss: -5.5164, saved to checkpoints/etas_kernel_cb_hab4_20260407/best_model_1.pth
2026-04-07 13:39:28,849 INFO src.train.trainer: Last model at epoch 359 saved to checkpoints/etas_kernel_cb_hab4_20260407/last_model_1.pth
2026-04-07 13:39:28,849 INFO src.train.trainer: Epoch 360
2026-04-07 13:39:28,911 INFO src.train.trainer: New best validation loss: -5.5178, saved to checkpoints/etas_kernel_cb_hab4_20260407/best_model_1.pth
2026-04-07 13:39:28,913 INFO src.train.trainer: Last model at epoch 360 saved to checkpoints/etas_kernel_cb_hab4_20260407/last_model_1.pth
2026-04-07 13:39:28,913 INFO src.train.trainer: Epoch 361
2026-04-07 13:39:28,978 INFO src.train.trainer: New best validation loss: -5.5191, saved to checkpoints/etas_kernel_cb_hab4_20260407/best_model_1.pth
2026-04-07 13:39:28,981 INFO src.train.trainer: Last model at epoch 361 saved to checkpoints/etas_kernel_cb_hab4_20260407/last_model_1.pth
2026-04-07 13:39:28,981 INFO src.train.trainer: Epoch 362
2026-04-07 13:39:29,045 INFO src.train.trainer: New best validation loss: -5.5204, saved to checkpoints/etas_kernel_cb_hab4_20260407/best_model_1.pth
2026-04-07 13:39:29,047 INFO src.train.trainer: Last model at epoch 362 saved to checkpoints/etas_kernel_cb_hab4_20260407/last_model_1.pth
2026-04-07 13:39:29,047 INFO src.train.trainer: Epoch 363
2026-04-07 13:39:29,111 INFO src.train.trainer: New best validation loss: -5.5217, saved to checkpoints/etas_kernel_cb_hab4_20260407/best_model_1.pth
2026-04-07 13:39:29,113 INFO src.train.trainer: Last model at epoch 363 saved to checkpoints/etas_kernel_cb_hab4_20260407/last_model_1.pth
2026-04-07 13:39:29,113 INFO src.train.trainer: Epoch 364
2026-04-07 13:39:29,178 INFO src.train.trainer: New best validation loss: -5.5231, saved to checkpoints/etas_kernel_cb_hab4_20260407/best_model_1.pth
2026-04-07 13:39:29,180 INFO src.train.trainer: Last model at epoch 364 saved to checkpoints/etas_kernel_cb_hab4_20260407/last_model_1.pth
2026-04-07 13:39:29,180 INFO src.train.trainer: Epoch 365
2026-04-07 13:39:29,246 INFO src.train.trainer: New best validation loss: -5.5244, saved to checkpoints/etas_kernel_cb_hab4_20260407/best_model_1.pth
2026-04-07 13:39:29,248 INFO src.train.trainer: Last model at epoch 365 saved to checkpoints/etas_kernel_cb_hab4_20260407/last_model_1.pth
2026-04-07 13:39:29,248 INFO src.train.trainer: Epoch 366
2026-04-07 13:39:29,317 INFO src.train.trainer: New best validation loss: -5.5258, saved to checkpoints/etas_kernel_cb_hab4_20260407/best_model_1.pth
2026-04-07 13:39:29,319 INFO src.train.trainer: Last model at epoch 366 saved to checkpoints/etas_kernel_cb_hab4_20260407/last_model_1.pth
2026-04-07 13:39:29,320 INFO src.train.trainer: Epoch 367
2026-04-07 13:39:29,387 INFO src.train.trainer: New best validation loss: -5.5272, saved to checkpoints/etas_kernel_cb_hab4_20260407/best_model_1.pth
2026-04-07 13:39:29,389 INFO src.train.trainer: Last model at epoch 367 saved to checkpoints/etas_kernel_cb_hab4_20260407/last_model_1.pth
2026-04-07 13:39:29,390 INFO src.train.trainer: Epoch 368
2026-04-07 13:39:29,460 INFO src.train.trainer: New best validation loss: -5.5285, saved to checkpoints/etas_kernel_cb_hab4_20260407/best_model_1.pth
2026-04-07 13:39:29,462 INFO src.train.trainer: Last model at epoch 368 saved to checkpoints/etas_kernel_cb_hab4_20260407/last_model_1.pth
2026-04-07 13:39:29,462 INFO src.train.trainer: Epoch 369
2026-04-07 13:39:29,530 INFO src.train.trainer: New best validation loss: -5.5299, saved to checkpoints/etas_kernel_cb_hab4_20260407/best_model_1.pth
2026-04-07 13:39:29,532 INFO src.train.trainer: Last model at epoch 369 saved to checkpoints/etas_kernel_cb_hab4_20260407/last_model_1.pth
2026-04-07 13:39:29,532 INFO src.train.trainer: Epoch 370
2026-04-07 13:39:29,606 INFO src.train.trainer: New best validation loss: -5.5313, saved to checkpoints/etas_kernel_cb_hab4_20260407/best_model_1.pth
2026-04-07 13:39:29,608 INFO src.train.trainer: Last model at epoch 370 saved to checkpoints/etas_kernel_cb_hab4_20260407/last_model_1.pth
2026-04-07 13:39:29,608 INFO src.train.trainer: Epoch 371
2026-04-07 13:39:29,674 INFO src.train.trainer: New best validation loss: -5.5326, saved to checkpoints/etas_kernel_cb_hab4_20260407/best_model_1.pth
2026-04-07 13:39:29,676 INFO src.train.trainer: Last model at epoch 371 saved to checkpoints/etas_kernel_cb_hab4_20260407/last_model_1.pth
2026-04-07 13:39:29,676 INFO src.train.trainer: Epoch 372
2026-04-07 13:39:29,744 INFO src.train.trainer: New best validation loss: -5.5340, saved to checkpoints/etas_kernel_cb_hab4_20260407/best_model_1.pth
2026-04-07 13:39:29,747 INFO src.train.trainer: Last model at epoch 372 saved to checkpoints/etas_kernel_cb_hab4_20260407/last_model_1.pth
2026-04-07 13:39:29,747 INFO src.train.trainer: Epoch 373
2026-04-07 13:39:29,814 INFO src.train.trainer: New best validation loss: -5.5354, saved to checkpoints/etas_kernel_cb_hab4_20260407/best_model_1.pth
2026-04-07 13:39:29,816 INFO src.train.trainer: Last model at epoch 373 saved to checkpoints/etas_kernel_cb_hab4_20260407/last_model_1.pth
2026-04-07 13:39:29,816 INFO src.train.trainer: Epoch 374
2026-04-07 13:39:29,884 INFO src.train.trainer: New best validation loss: -5.5368, saved to checkpoints/etas_kernel_cb_hab4_20260407/best_model_1.pth
2026-04-07 13:39:29,887 INFO src.train.trainer: Last model at epoch 374 saved to checkpoints/etas_kernel_cb_hab4_20260407/last_model_1.pth
2026-04-07 13:39:29,887 INFO src.train.trainer: Epoch 375
2026-04-07 13:39:29,955 INFO src.train.trainer: New best validation loss: -5.5382, saved to checkpoints/etas_kernel_cb_hab4_20260407/best_model_1.pth
2026-04-07 13:39:29,957 INFO src.train.trainer: Last model at epoch 375 saved to checkpoints/etas_kernel_cb_hab4_20260407/last_model_1.pth
2026-04-07 13:39:29,957 INFO src.train.trainer: Epoch 376
2026-04-07 13:39:30,025 INFO src.train.trainer: New best validation loss: -5.5396, saved to checkpoints/etas_kernel_cb_hab4_20260407/best_model_1.pth
2026-04-07 13:39:30,027 INFO src.train.trainer: Last model at epoch 376 saved to checkpoints/etas_kernel_cb_hab4_20260407/last_model_1.pth
2026-04-07 13:39:30,027 INFO src.train.trainer: Epoch 377
2026-04-07 13:39:30,096 INFO src.train.trainer: New best validation loss: -5.5410, saved to checkpoints/etas_kernel_cb_hab4_20260407/best_model_1.pth
2026-04-07 13:39:30,098 INFO src.train.trainer: Last model at epoch 377 saved to checkpoints/etas_kernel_cb_hab4_20260407/last_model_1.pth
2026-04-07 13:39:30,098 INFO src.train.trainer: Epoch 378
2026-04-07 13:39:30,167 INFO src.train.trainer: New best validation loss: -5.5424, saved to checkpoints/etas_kernel_cb_hab4_20260407/best_model_1.pth
2026-04-07 13:39:30,169 INFO src.train.trainer: Last model at epoch 378 saved to checkpoints/etas_kernel_cb_hab4_20260407/last_model_1.pth
2026-04-07 13:39:30,169 INFO src.train.trainer: Epoch 379
2026-04-07 13:39:30,246 INFO src.train.trainer: New best validation loss: -5.5439, saved to checkpoints/etas_kernel_cb_hab4_20260407/best_model_1.pth
2026-04-07 13:39:30,248 INFO src.train.trainer: Last model at epoch 379 saved to checkpoints/etas_kernel_cb_hab4_20260407/last_model_1.pth
2026-04-07 13:39:30,248 INFO src.train.trainer: Epoch 380
2026-04-07 13:39:30,332 INFO src.train.trainer: New best validation loss: -5.5453, saved to checkpoints/etas_kernel_cb_hab4_20260407/best_model_1.pth
2026-04-07 13:39:30,335 INFO src.train.trainer: Last model at epoch 380 saved to checkpoints/etas_kernel_cb_hab4_20260407/last_model_1.pth
2026-04-07 13:39:30,335 INFO src.train.trainer: Epoch 381
2026-04-07 13:39:30,407 INFO src.train.trainer: New best validation loss: -5.5467, saved to checkpoints/etas_kernel_cb_hab4_20260407/best_model_1.pth
2026-04-07 13:39:30,409 INFO src.train.trainer: Last model at epoch 381 saved to checkpoints/etas_kernel_cb_hab4_20260407/last_model_1.pth
2026-04-07 13:39:30,409 INFO src.train.trainer: Epoch 382
2026-04-07 13:39:30,479 INFO src.train.trainer: New best validation loss: -5.5481, saved to checkpoints/etas_kernel_cb_hab4_20260407/best_model_1.pth
2026-04-07 13:39:30,481 INFO src.train.trainer: Last model at epoch 382 saved to checkpoints/etas_kernel_cb_hab4_20260407/last_model_1.pth
2026-04-07 13:39:30,481 INFO src.train.trainer: Epoch 383
2026-04-07 13:39:30,552 INFO src.train.trainer: New best validation loss: -5.5495, saved to checkpoints/etas_kernel_cb_hab4_20260407/best_model_1.pth
2026-04-07 13:39:30,554 INFO src.train.trainer: Last model at epoch 383 saved to checkpoints/etas_kernel_cb_hab4_20260407/last_model_1.pth
2026-04-07 13:39:30,554 INFO src.train.trainer: Epoch 384
2026-04-07 13:39:30,625 INFO src.train.trainer: New best validation loss: -5.5510, saved to checkpoints/etas_kernel_cb_hab4_20260407/best_model_1.pth
2026-04-07 13:39:30,627 INFO src.train.trainer: Last model at epoch 384 saved to checkpoints/etas_kernel_cb_hab4_20260407/last_model_1.pth
2026-04-07 13:39:30,627 INFO src.train.trainer: Epoch 385
2026-04-07 13:39:30,693 INFO src.train.trainer: New best validation loss: -5.5524, saved to checkpoints/etas_kernel_cb_hab4_20260407/best_model_1.pth
2026-04-07 13:39:30,695 INFO src.train.trainer: Last model at epoch 385 saved to checkpoints/etas_kernel_cb_hab4_20260407/last_model_1.pth
2026-04-07 13:39:30,695 INFO src.train.trainer: Epoch 386
2026-04-07 13:39:30,761 INFO src.train.trainer: New best validation loss: -5.5538, saved to checkpoints/etas_kernel_cb_hab4_20260407/best_model_1.pth
2026-04-07 13:39:30,764 INFO src.train.trainer: Last model at epoch 386 saved to checkpoints/etas_kernel_cb_hab4_20260407/last_model_1.pth
2026-04-07 13:39:30,764 INFO src.train.trainer: Epoch 387
2026-04-07 13:39:30,830 INFO src.train.trainer: New best validation loss: -5.5553, saved to checkpoints/etas_kernel_cb_hab4_20260407/best_model_1.pth
2026-04-07 13:39:30,832 INFO src.train.trainer: Last model at epoch 387 saved to checkpoints/etas_kernel_cb_hab4_20260407/last_model_1.pth
2026-04-07 13:39:30,832 INFO src.train.trainer: Epoch 388
2026-04-07 13:39:30,901 INFO src.train.trainer: New best validation loss: -5.5567, saved to checkpoints/etas_kernel_cb_hab4_20260407/best_model_1.pth
2026-04-07 13:39:30,904 INFO src.train.trainer: Last model at epoch 388 saved to checkpoints/etas_kernel_cb_hab4_20260407/last_model_1.pth
2026-04-07 13:39:30,905 INFO src.train.trainer: Epoch 389
2026-04-07 13:39:30,970 INFO src.train.trainer: New best validation loss: -5.5581, saved to checkpoints/etas_kernel_cb_hab4_20260407/best_model_1.pth
2026-04-07 13:39:30,972 INFO src.train.trainer: Last model at epoch 389 saved to checkpoints/etas_kernel_cb_hab4_20260407/last_model_1.pth
2026-04-07 13:39:30,972 INFO src.train.trainer: Epoch 390
2026-04-07 13:39:31,034 INFO src.train.trainer: New best validation loss: -5.5596, saved to checkpoints/etas_kernel_cb_hab4_20260407/best_model_1.pth
2026-04-07 13:39:31,036 INFO src.train.trainer: Last model at epoch 390 saved to checkpoints/etas_kernel_cb_hab4_20260407/last_model_1.pth
2026-04-07 13:39:31,036 INFO src.train.trainer: Epoch 391
2026-04-07 13:39:31,099 INFO src.train.trainer: New best validation loss: -5.5610, saved to checkpoints/etas_kernel_cb_hab4_20260407/best_model_1.pth
2026-04-07 13:39:31,101 INFO src.train.trainer: Last model at epoch 391 saved to checkpoints/etas_kernel_cb_hab4_20260407/last_model_1.pth
2026-04-07 13:39:31,102 INFO src.train.trainer: Epoch 392
2026-04-07 13:39:31,164 INFO src.train.trainer: New best validation loss: -5.5624, saved to checkpoints/etas_kernel_cb_hab4_20260407/best_model_1.pth
2026-04-07 13:39:31,166 INFO src.train.trainer: Last model at epoch 392 saved to checkpoints/etas_kernel_cb_hab4_20260407/last_model_1.pth
2026-04-07 13:39:31,166 INFO src.train.trainer: Epoch 393
2026-04-07 13:39:31,228 INFO src.train.trainer: New best validation loss: -5.5638, saved to checkpoints/etas_kernel_cb_hab4_20260407/best_model_1.pth
2026-04-07 13:39:31,231 INFO src.train.trainer: Last model at epoch 393 saved to checkpoints/etas_kernel_cb_hab4_20260407/last_model_1.pth
2026-04-07 13:39:31,231 INFO src.train.trainer: Epoch 394
2026-04-07 13:39:31,299 INFO src.train.trainer: New best validation loss: -5.5653, saved to checkpoints/etas_kernel_cb_hab4_20260407/best_model_1.pth
2026-04-07 13:39:31,301 INFO src.train.trainer: Last model at epoch 394 saved to checkpoints/etas_kernel_cb_hab4_20260407/last_model_1.pth
2026-04-07 13:39:31,301 INFO src.train.trainer: Epoch 395
2026-04-07 13:39:31,365 INFO src.train.trainer: New best validation loss: -5.5667, saved to checkpoints/etas_kernel_cb_hab4_20260407/best_model_1.pth
2026-04-07 13:39:31,367 INFO src.train.trainer: Last model at epoch 395 saved to checkpoints/etas_kernel_cb_hab4_20260407/last_model_1.pth
2026-04-07 13:39:31,367 INFO src.train.trainer: Epoch 396
2026-04-07 13:39:31,433 INFO src.train.trainer: New best validation loss: -5.5681, saved to checkpoints/etas_kernel_cb_hab4_20260407/best_model_1.pth
2026-04-07 13:39:31,435 INFO src.train.trainer: Last model at epoch 396 saved to checkpoints/etas_kernel_cb_hab4_20260407/last_model_1.pth
2026-04-07 13:39:31,435 INFO src.train.trainer: Epoch 397
2026-04-07 13:39:31,503 INFO src.train.trainer: New best validation loss: -5.5696, saved to checkpoints/etas_kernel_cb_hab4_20260407/best_model_1.pth
2026-04-07 13:39:31,505 INFO src.train.trainer: Last model at epoch 397 saved to checkpoints/etas_kernel_cb_hab4_20260407/last_model_1.pth
2026-04-07 13:39:31,505 INFO src.train.trainer: Epoch 398
2026-04-07 13:39:31,562 INFO src.train.trainer: New best validation loss: -5.5710, saved to checkpoints/etas_kernel_cb_hab4_20260407/best_model_1.pth
2026-04-07 13:39:31,564 INFO src.train.trainer: Last model at epoch 398 saved to checkpoints/etas_kernel_cb_hab4_20260407/last_model_1.pth
2026-04-07 13:39:31,564 INFO src.train.trainer: Epoch 399
2026-04-07 13:39:31,627 INFO src.train.trainer: New best validation loss: -5.5724, saved to checkpoints/etas_kernel_cb_hab4_20260407/best_model_1.pth
2026-04-07 13:39:31,630 INFO src.train.trainer: Last model at epoch 399 saved to checkpoints/etas_kernel_cb_hab4_20260407/last_model_1.pth
2026-04-07 13:39:31,630 INFO src.train.trainer: Epoch 400
2026-04-07 13:39:31,694 INFO src.train.trainer: New best validation loss: -5.5738, saved to checkpoints/etas_kernel_cb_hab4_20260407/best_model_1.pth
2026-04-07 13:39:31,696 INFO src.train.trainer: Last model at epoch 400 saved to checkpoints/etas_kernel_cb_hab4_20260407/last_model_1.pth
2026-04-07 13:39:31,696 INFO src.train.trainer: Epoch 401
2026-04-07 13:39:31,749 INFO src.train.trainer: New best validation loss: -5.5752, saved to checkpoints/etas_kernel_cb_hab4_20260407/best_model_1.pth
2026-04-07 13:39:31,751 INFO src.train.trainer: Last model at epoch 401 saved to checkpoints/etas_kernel_cb_hab4_20260407/last_model_1.pth
2026-04-07 13:39:31,751 INFO src.train.trainer: Epoch 402
2026-04-07 13:39:31,801 INFO src.train.trainer: New best validation loss: -5.5766, saved to checkpoints/etas_kernel_cb_hab4_20260407/best_model_1.pth
2026-04-07 13:39:31,803 INFO src.train.trainer: Last model at epoch 402 saved to checkpoints/etas_kernel_cb_hab4_20260407/last_model_1.pth
2026-04-07 13:39:31,803 INFO src.train.trainer: Epoch 403
2026-04-07 13:39:31,855 INFO src.train.trainer: New best validation loss: -5.5780, saved to checkpoints/etas_kernel_cb_hab4_20260407/best_model_1.pth
2026-04-07 13:39:31,857 INFO src.train.trainer: Last model at epoch 403 saved to checkpoints/etas_kernel_cb_hab4_20260407/last_model_1.pth
2026-04-07 13:39:31,857 INFO src.train.trainer: Epoch 404
2026-04-07 13:39:31,903 INFO src.train.trainer: New best validation loss: -5.5794, saved to checkpoints/etas_kernel_cb_hab4_20260407/best_model_1.pth
2026-04-07 13:39:31,905 INFO src.train.trainer: Last model at epoch 404 saved to checkpoints/etas_kernel_cb_hab4_20260407/last_model_1.pth
2026-04-07 13:39:31,905 INFO src.train.trainer: Epoch 405
2026-04-07 13:39:31,954 INFO src.train.trainer: New best validation loss: -5.5808, saved to checkpoints/etas_kernel_cb_hab4_20260407/best_model_1.pth
2026-04-07 13:39:31,956 INFO src.train.trainer: Last model at epoch 405 saved to checkpoints/etas_kernel_cb_hab4_20260407/last_model_1.pth
2026-04-07 13:39:31,956 INFO src.train.trainer: Epoch 406
2026-04-07 13:39:32,001 INFO src.train.trainer: New best validation loss: -5.5822, saved to checkpoints/etas_kernel_cb_hab4_20260407/best_model_1.pth
2026-04-07 13:39:32,003 INFO src.train.trainer: Last model at epoch 406 saved to checkpoints/etas_kernel_cb_hab4_20260407/last_model_1.pth
2026-04-07 13:39:32,004 INFO src.train.trainer: Epoch 407
2026-04-07 13:39:32,048 INFO src.train.trainer: New best validation loss: -5.5836, saved to checkpoints/etas_kernel_cb_hab4_20260407/best_model_1.pth
2026-04-07 13:39:32,050 INFO src.train.trainer: Last model at epoch 407 saved to checkpoints/etas_kernel_cb_hab4_20260407/last_model_1.pth
2026-04-07 13:39:32,050 INFO src.train.trainer: Epoch 408
2026-04-07 13:39:32,097 INFO src.train.trainer: New best validation loss: -5.5849, saved to checkpoints/etas_kernel_cb_hab4_20260407/best_model_1.pth
2026-04-07 13:39:32,100 INFO src.train.trainer: Last model at epoch 408 saved to checkpoints/etas_kernel_cb_hab4_20260407/last_model_1.pth
2026-04-07 13:39:32,100 INFO src.train.trainer: Epoch 409
2026-04-07 13:39:32,147 INFO src.train.trainer: New best validation loss: -5.5863, saved to checkpoints/etas_kernel_cb_hab4_20260407/best_model_1.pth
2026-04-07 13:39:32,149 INFO src.train.trainer: Last model at epoch 409 saved to checkpoints/etas_kernel_cb_hab4_20260407/last_model_1.pth
2026-04-07 13:39:32,149 INFO src.train.trainer: Epoch 410
2026-04-07 13:39:32,192 INFO src.train.trainer: New best validation loss: -5.5877, saved to checkpoints/etas_kernel_cb_hab4_20260407/best_model_1.pth
2026-04-07 13:39:32,194 INFO src.train.trainer: Last model at epoch 410 saved to checkpoints/etas_kernel_cb_hab4_20260407/last_model_1.pth
2026-04-07 13:39:32,194 INFO src.train.trainer: Epoch 411
2026-04-07 13:39:32,239 INFO src.train.trainer: New best validation loss: -5.5890, saved to checkpoints/etas_kernel_cb_hab4_20260407/best_model_1.pth
2026-04-07 13:39:32,241 INFO src.train.trainer: Last model at epoch 411 saved to checkpoints/etas_kernel_cb_hab4_20260407/last_model_1.pth
2026-04-07 13:39:32,241 INFO src.train.trainer: Epoch 412
2026-04-07 13:39:32,287 INFO src.train.trainer: New best validation loss: -5.5904, saved to checkpoints/etas_kernel_cb_hab4_20260407/best_model_1.pth
2026-04-07 13:39:32,290 INFO src.train.trainer: Last model at epoch 412 saved to checkpoints/etas_kernel_cb_hab4_20260407/last_model_1.pth
2026-04-07 13:39:32,290 INFO src.train.trainer: Epoch 413
2026-04-07 13:39:32,331 INFO src.train.trainer: New best validation loss: -5.5917, saved to checkpoints/etas_kernel_cb_hab4_20260407/best_model_1.pth
2026-04-07 13:39:32,333 INFO src.train.trainer: Last model at epoch 413 saved to checkpoints/etas_kernel_cb_hab4_20260407/last_model_1.pth
2026-04-07 13:39:32,333 INFO src.train.trainer: Epoch 414
2026-04-07 13:39:32,381 INFO src.train.trainer: New best validation loss: -5.5930, saved to checkpoints/etas_kernel_cb_hab4_20260407/best_model_1.pth
2026-04-07 13:39:32,383 INFO src.train.trainer: Last model at epoch 414 saved to checkpoints/etas_kernel_cb_hab4_20260407/last_model_1.pth
2026-04-07 13:39:32,383 INFO src.train.trainer: Epoch 415
2026-04-07 13:39:32,433 INFO src.train.trainer: New best validation loss: -5.5944, saved to checkpoints/etas_kernel_cb_hab4_20260407/best_model_1.pth
2026-04-07 13:39:32,435 INFO src.train.trainer: Last model at epoch 415 saved to checkpoints/etas_kernel_cb_hab4_20260407/last_model_1.pth
2026-04-07 13:39:32,435 INFO src.train.trainer: Epoch 416
2026-04-07 13:39:32,485 INFO src.train.trainer: New best validation loss: -5.5957, saved to checkpoints/etas_kernel_cb_hab4_20260407/best_model_1.pth
2026-04-07 13:39:32,487 INFO src.train.trainer: Last model at epoch 416 saved to checkpoints/etas_kernel_cb_hab4_20260407/last_model_1.pth
2026-04-07 13:39:32,487 INFO src.train.trainer: Epoch 417
2026-04-07 13:39:32,539 INFO src.train.trainer: New best validation loss: -5.5970, saved to checkpoints/etas_kernel_cb_hab4_20260407/best_model_1.pth
2026-04-07 13:39:32,541 INFO src.train.trainer: Last model at epoch 417 saved to checkpoints/etas_kernel_cb_hab4_20260407/last_model_1.pth
2026-04-07 13:39:32,541 INFO src.train.trainer: Epoch 418
2026-04-07 13:39:32,594 INFO src.train.trainer: New best validation loss: -5.5983, saved to checkpoints/etas_kernel_cb_hab4_20260407/best_model_1.pth
2026-04-07 13:39:32,596 INFO src.train.trainer: Last model at epoch 418 saved to checkpoints/etas_kernel_cb_hab4_20260407/last_model_1.pth
2026-04-07 13:39:32,596 INFO src.train.trainer: Epoch 419
2026-04-07 13:39:32,652 INFO src.train.trainer: New best validation loss: -5.5995, saved to checkpoints/etas_kernel_cb_hab4_20260407/best_model_1.pth
2026-04-07 13:39:32,654 INFO src.train.trainer: Last model at epoch 419 saved to checkpoints/etas_kernel_cb_hab4_20260407/last_model_1.pth
2026-04-07 13:39:32,654 INFO src.train.trainer: Epoch 420
2026-04-07 13:39:32,715 INFO src.train.trainer: New best validation loss: -5.6008, saved to checkpoints/etas_kernel_cb_hab4_20260407/best_model_1.pth
2026-04-07 13:39:32,718 INFO src.train.trainer: Last model at epoch 420 saved to checkpoints/etas_kernel_cb_hab4_20260407/last_model_1.pth
2026-04-07 13:39:32,718 INFO src.train.trainer: Epoch 421
2026-04-07 13:39:32,775 INFO src.train.trainer: New best validation loss: -5.6021, saved to checkpoints/etas_kernel_cb_hab4_20260407/best_model_1.pth
2026-04-07 13:39:32,777 INFO src.train.trainer: Last model at epoch 421 saved to checkpoints/etas_kernel_cb_hab4_20260407/last_model_1.pth
2026-04-07 13:39:32,777 INFO src.train.trainer: Epoch 422
2026-04-07 13:39:32,835 INFO src.train.trainer: New best validation loss: -5.6033, saved to checkpoints/etas_kernel_cb_hab4_20260407/best_model_1.pth
2026-04-07 13:39:32,837 INFO src.train.trainer: Last model at epoch 422 saved to checkpoints/etas_kernel_cb_hab4_20260407/last_model_1.pth
2026-04-07 13:39:32,837 INFO src.train.trainer: Epoch 423
2026-04-07 13:39:32,896 INFO src.train.trainer: New best validation loss: -5.6046, saved to checkpoints/etas_kernel_cb_hab4_20260407/best_model_1.pth
2026-04-07 13:39:32,898 INFO src.train.trainer: Last model at epoch 423 saved to checkpoints/etas_kernel_cb_hab4_20260407/last_model_1.pth
2026-04-07 13:39:32,898 INFO src.train.trainer: Epoch 424
2026-04-07 13:39:32,959 INFO src.train.trainer: New best validation loss: -5.6058, saved to checkpoints/etas_kernel_cb_hab4_20260407/best_model_1.pth
2026-04-07 13:39:32,961 INFO src.train.trainer: Last model at epoch 424 saved to checkpoints/etas_kernel_cb_hab4_20260407/last_model_1.pth
2026-04-07 13:39:32,961 INFO src.train.trainer: Epoch 425
2026-04-07 13:39:33,025 INFO src.train.trainer: New best validation loss: -5.6070, saved to checkpoints/etas_kernel_cb_hab4_20260407/best_model_1.pth
2026-04-07 13:39:33,027 INFO src.train.trainer: Last model at epoch 425 saved to checkpoints/etas_kernel_cb_hab4_20260407/last_model_1.pth
2026-04-07 13:39:33,027 INFO src.train.trainer: Epoch 426
2026-04-07 13:39:33,093 INFO src.train.trainer: New best validation loss: -5.6082, saved to checkpoints/etas_kernel_cb_hab4_20260407/best_model_1.pth
2026-04-07 13:39:33,095 INFO src.train.trainer: Last model at epoch 426 saved to checkpoints/etas_kernel_cb_hab4_20260407/last_model_1.pth
2026-04-07 13:39:33,095 INFO src.train.trainer: Epoch 427
2026-04-07 13:39:33,161 INFO src.train.trainer: New best validation loss: -5.6094, saved to checkpoints/etas_kernel_cb_hab4_20260407/best_model_1.pth
2026-04-07 13:39:33,163 INFO src.train.trainer: Last model at epoch 427 saved to checkpoints/etas_kernel_cb_hab4_20260407/last_model_1.pth
2026-04-07 13:39:33,163 INFO src.train.trainer: Epoch 428
2026-04-07 13:39:33,228 INFO src.train.trainer: New best validation loss: -5.6106, saved to checkpoints/etas_kernel_cb_hab4_20260407/best_model_1.pth
2026-04-07 13:39:33,230 INFO src.train.trainer: Last model at epoch 428 saved to checkpoints/etas_kernel_cb_hab4_20260407/last_model_1.pth
2026-04-07 13:39:33,230 INFO src.train.trainer: Epoch 429
2026-04-07 13:39:33,300 INFO src.train.trainer: New best validation loss: -5.6117, saved to checkpoints/etas_kernel_cb_hab4_20260407/best_model_1.pth
2026-04-07 13:39:33,303 INFO src.train.trainer: Last model at epoch 429 saved to checkpoints/etas_kernel_cb_hab4_20260407/last_model_1.pth
2026-04-07 13:39:33,303 INFO src.train.trainer: Epoch 430
2026-04-07 13:39:33,371 INFO src.train.trainer: New best validation loss: -5.6129, saved to checkpoints/etas_kernel_cb_hab4_20260407/best_model_1.pth
2026-04-07 13:39:33,373 INFO src.train.trainer: Last model at epoch 430 saved to checkpoints/etas_kernel_cb_hab4_20260407/last_model_1.pth
2026-04-07 13:39:33,373 INFO src.train.trainer: Epoch 431
2026-04-07 13:39:33,441 INFO src.train.trainer: New best validation loss: -5.6140, saved to checkpoints/etas_kernel_cb_hab4_20260407/best_model_1.pth
2026-04-07 13:39:33,444 INFO src.train.trainer: Last model at epoch 431 saved to checkpoints/etas_kernel_cb_hab4_20260407/last_model_1.pth
2026-04-07 13:39:33,444 INFO src.train.trainer: Epoch 432
2026-04-07 13:39:33,515 INFO src.train.trainer: New best validation loss: -5.6151, saved to checkpoints/etas_kernel_cb_hab4_20260407/best_model_1.pth
2026-04-07 13:39:33,518 INFO src.train.trainer: Last model at epoch 432 saved to checkpoints/etas_kernel_cb_hab4_20260407/last_model_1.pth
2026-04-07 13:39:33,518 INFO src.train.trainer: Epoch 433
2026-04-07 13:39:33,582 INFO src.train.trainer: New best validation loss: -5.6162, saved to checkpoints/etas_kernel_cb_hab4_20260407/best_model_1.pth
2026-04-07 13:39:33,585 INFO src.train.trainer: Last model at epoch 433 saved to checkpoints/etas_kernel_cb_hab4_20260407/last_model_1.pth
2026-04-07 13:39:33,585 INFO src.train.trainer: Epoch 434
2026-04-07 13:39:33,651 INFO src.train.trainer: New best validation loss: -5.6173, saved to checkpoints/etas_kernel_cb_hab4_20260407/best_model_1.pth
2026-04-07 13:39:33,653 INFO src.train.trainer: Last model at epoch 434 saved to checkpoints/etas_kernel_cb_hab4_20260407/last_model_1.pth
2026-04-07 13:39:33,653 INFO src.train.trainer: Epoch 435
2026-04-07 13:39:33,702 INFO src.train.trainer: New best validation loss: -5.6184, saved to checkpoints/etas_kernel_cb_hab4_20260407/best_model_1.pth
2026-04-07 13:39:33,704 INFO src.train.trainer: Last model at epoch 435 saved to checkpoints/etas_kernel_cb_hab4_20260407/last_model_1.pth
2026-04-07 13:39:33,704 INFO src.train.trainer: Epoch 436
2026-04-07 13:39:33,762 INFO src.train.trainer: New best validation loss: -5.6195, saved to checkpoints/etas_kernel_cb_hab4_20260407/best_model_1.pth
2026-04-07 13:39:33,764 INFO src.train.trainer: Last model at epoch 436 saved to checkpoints/etas_kernel_cb_hab4_20260407/last_model_1.pth
2026-04-07 13:39:33,764 INFO src.train.trainer: Epoch 437
2026-04-07 13:39:33,811 INFO src.train.trainer: New best validation loss: -5.6205, saved to checkpoints/etas_kernel_cb_hab4_20260407/best_model_1.pth
2026-04-07 13:39:33,812 INFO src.train.trainer: Last model at epoch 437 saved to checkpoints/etas_kernel_cb_hab4_20260407/last_model_1.pth
2026-04-07 13:39:33,812 INFO src.train.trainer: Epoch 438
2026-04-07 13:39:33,866 INFO src.train.trainer: New best validation loss: -5.6216, saved to checkpoints/etas_kernel_cb_hab4_20260407/best_model_1.pth
2026-04-07 13:39:33,870 INFO src.train.trainer: Last model at epoch 438 saved to checkpoints/etas_kernel_cb_hab4_20260407/last_model_1.pth
2026-04-07 13:39:33,870 INFO src.train.trainer: Epoch 439
2026-04-07 13:39:33,921 INFO src.train.trainer: New best validation loss: -5.6226, saved to checkpoints/etas_kernel_cb_hab4_20260407/best_model_1.pth
2026-04-07 13:39:33,922 INFO src.train.trainer: Last model at epoch 439 saved to checkpoints/etas_kernel_cb_hab4_20260407/last_model_1.pth
2026-04-07 13:39:33,923 INFO src.train.trainer: Epoch 440
2026-04-07 13:39:33,974 INFO src.train.trainer: New best validation loss: -5.6236, saved to checkpoints/etas_kernel_cb_hab4_20260407/best_model_1.pth
2026-04-07 13:39:33,976 INFO src.train.trainer: Last model at epoch 440 saved to checkpoints/etas_kernel_cb_hab4_20260407/last_model_1.pth
2026-04-07 13:39:33,976 INFO src.train.trainer: Epoch 441
2026-04-07 13:39:34,030 INFO src.train.trainer: New best validation loss: -5.6246, saved to checkpoints/etas_kernel_cb_hab4_20260407/best_model_1.pth
2026-04-07 13:39:34,032 INFO src.train.trainer: Last model at epoch 441 saved to checkpoints/etas_kernel_cb_hab4_20260407/last_model_1.pth
2026-04-07 13:39:34,032 INFO src.train.trainer: Epoch 442
2026-04-07 13:39:34,086 INFO src.train.trainer: New best validation loss: -5.6256, saved to checkpoints/etas_kernel_cb_hab4_20260407/best_model_1.pth
2026-04-07 13:39:34,088 INFO src.train.trainer: Last model at epoch 442 saved to checkpoints/etas_kernel_cb_hab4_20260407/last_model_1.pth
2026-04-07 13:39:34,088 INFO src.train.trainer: Epoch 443
2026-04-07 13:39:34,144 INFO src.train.trainer: New best validation loss: -5.6266, saved to checkpoints/etas_kernel_cb_hab4_20260407/best_model_1.pth
2026-04-07 13:39:34,147 INFO src.train.trainer: Last model at epoch 443 saved to checkpoints/etas_kernel_cb_hab4_20260407/last_model_1.pth
2026-04-07 13:39:34,147 INFO src.train.trainer: Epoch 444
2026-04-07 13:39:34,206 INFO src.train.trainer: New best validation loss: -5.6275, saved to checkpoints/etas_kernel_cb_hab4_20260407/best_model_1.pth
2026-04-07 13:39:34,208 INFO src.train.trainer: Last model at epoch 444 saved to checkpoints/etas_kernel_cb_hab4_20260407/last_model_1.pth
2026-04-07 13:39:34,208 INFO src.train.trainer: Epoch 445
2026-04-07 13:39:34,270 INFO src.train.trainer: New best validation loss: -5.6284, saved to checkpoints/etas_kernel_cb_hab4_20260407/best_model_1.pth
2026-04-07 13:39:34,272 INFO src.train.trainer: Last model at epoch 445 saved to checkpoints/etas_kernel_cb_hab4_20260407/last_model_1.pth
2026-04-07 13:39:34,272 INFO src.train.trainer: Epoch 446
2026-04-07 13:39:34,322 INFO src.train.trainer: New best validation loss: -5.6294, saved to checkpoints/etas_kernel_cb_hab4_20260407/best_model_1.pth
2026-04-07 13:39:34,324 INFO src.train.trainer: Last model at epoch 446 saved to checkpoints/etas_kernel_cb_hab4_20260407/last_model_1.pth
2026-04-07 13:39:34,324 INFO src.train.trainer: Epoch 447
2026-04-07 13:39:34,383 INFO src.train.trainer: New best validation loss: -5.6303, saved to checkpoints/etas_kernel_cb_hab4_20260407/best_model_1.pth
2026-04-07 13:39:34,384 INFO src.train.trainer: Last model at epoch 447 saved to checkpoints/etas_kernel_cb_hab4_20260407/last_model_1.pth
2026-04-07 13:39:34,384 INFO src.train.trainer: Epoch 448
2026-04-07 13:39:34,434 INFO src.train.trainer: New best validation loss: -5.6312, saved to checkpoints/etas_kernel_cb_hab4_20260407/best_model_1.pth
2026-04-07 13:39:34,436 INFO src.train.trainer: Last model at epoch 448 saved to checkpoints/etas_kernel_cb_hab4_20260407/last_model_1.pth
2026-04-07 13:39:34,436 INFO src.train.trainer: Epoch 449
2026-04-07 13:39:34,491 INFO src.train.trainer: New best validation loss: -5.6321, saved to checkpoints/etas_kernel_cb_hab4_20260407/best_model_1.pth
2026-04-07 13:39:34,493 INFO src.train.trainer: Last model at epoch 449 saved to checkpoints/etas_kernel_cb_hab4_20260407/last_model_1.pth
2026-04-07 13:39:34,493 INFO src.train.trainer: Epoch 450
2026-04-07 13:39:34,548 INFO src.train.trainer: New best validation loss: -5.6329, saved to checkpoints/etas_kernel_cb_hab4_20260407/best_model_1.pth
2026-04-07 13:39:34,550 INFO src.train.trainer: Last model at epoch 450 saved to checkpoints/etas_kernel_cb_hab4_20260407/last_model_1.pth
2026-04-07 13:39:34,550 INFO src.train.trainer: Epoch 451
2026-04-07 13:39:34,606 INFO src.train.trainer: New best validation loss: -5.6336, saved to checkpoints/etas_kernel_cb_hab4_20260407/best_model_1.pth
2026-04-07 13:39:34,608 INFO src.train.trainer: Last model at epoch 451 saved to checkpoints/etas_kernel_cb_hab4_20260407/last_model_1.pth
2026-04-07 13:39:34,608 INFO src.train.trainer: Epoch 452
2026-04-07 13:39:34,666 INFO src.train.trainer: New best validation loss: -5.6343, saved to checkpoints/etas_kernel_cb_hab4_20260407/best_model_1.pth
2026-04-07 13:39:34,668 INFO src.train.trainer: Last model at epoch 452 saved to checkpoints/etas_kernel_cb_hab4_20260407/last_model_1.pth
2026-04-07 13:39:34,668 INFO src.train.trainer: Epoch 453
2026-04-07 13:39:34,726 INFO src.train.trainer: New best validation loss: -5.6349, saved to checkpoints/etas_kernel_cb_hab4_20260407/best_model_1.pth
2026-04-07 13:39:34,728 INFO src.train.trainer: Last model at epoch 453 saved to checkpoints/etas_kernel_cb_hab4_20260407/last_model_1.pth
2026-04-07 13:39:34,728 INFO src.train.trainer: Epoch 454
2026-04-07 13:39:34,788 INFO src.train.trainer: New best validation loss: -5.6356, saved to checkpoints/etas_kernel_cb_hab4_20260407/best_model_1.pth
2026-04-07 13:39:34,790 INFO src.train.trainer: Last model at epoch 454 saved to checkpoints/etas_kernel_cb_hab4_20260407/last_model_1.pth
2026-04-07 13:39:34,790 INFO src.train.trainer: Epoch 455
2026-04-07 13:39:34,850 INFO src.train.trainer: New best validation loss: -5.6362, saved to checkpoints/etas_kernel_cb_hab4_20260407/best_model_1.pth
2026-04-07 13:39:34,853 INFO src.train.trainer: Last model at epoch 455 saved to checkpoints/etas_kernel_cb_hab4_20260407/last_model_1.pth
2026-04-07 13:39:34,853 INFO src.train.trainer: Epoch 456
2026-04-07 13:39:34,915 INFO src.train.trainer: New best validation loss: -5.6369, saved to checkpoints/etas_kernel_cb_hab4_20260407/best_model_1.pth
2026-04-07 13:39:34,917 INFO src.train.trainer: Last model at epoch 456 saved to checkpoints/etas_kernel_cb_hab4_20260407/last_model_1.pth
2026-04-07 13:39:34,917 INFO src.train.trainer: Epoch 457
2026-04-07 13:39:34,980 INFO src.train.trainer: New best validation loss: -5.6375, saved to checkpoints/etas_kernel_cb_hab4_20260407/best_model_1.pth
2026-04-07 13:39:34,982 INFO src.train.trainer: Last model at epoch 457 saved to checkpoints/etas_kernel_cb_hab4_20260407/last_model_1.pth
2026-04-07 13:39:34,982 INFO src.train.trainer: Epoch 458
2026-04-07 13:39:35,046 INFO src.train.trainer: New best validation loss: -5.6381, saved to checkpoints/etas_kernel_cb_hab4_20260407/best_model_1.pth
2026-04-07 13:39:35,048 INFO src.train.trainer: Last model at epoch 458 saved to checkpoints/etas_kernel_cb_hab4_20260407/last_model_1.pth
2026-04-07 13:39:35,048 INFO src.train.trainer: Epoch 459
2026-04-07 13:39:35,112 INFO src.train.trainer: New best validation loss: -5.6387, saved to checkpoints/etas_kernel_cb_hab4_20260407/best_model_1.pth
2026-04-07 13:39:35,114 INFO src.train.trainer: Last model at epoch 459 saved to checkpoints/etas_kernel_cb_hab4_20260407/last_model_1.pth
2026-04-07 13:39:35,114 INFO src.train.trainer: Epoch 460
2026-04-07 13:39:35,177 INFO src.train.trainer: New best validation loss: -5.6393, saved to checkpoints/etas_kernel_cb_hab4_20260407/best_model_1.pth
2026-04-07 13:39:35,179 INFO src.train.trainer: Last model at epoch 460 saved to checkpoints/etas_kernel_cb_hab4_20260407/last_model_1.pth
2026-04-07 13:39:35,179 INFO src.train.trainer: Epoch 461
2026-04-07 13:39:35,241 INFO src.train.trainer: New best validation loss: -5.6399, saved to checkpoints/etas_kernel_cb_hab4_20260407/best_model_1.pth
2026-04-07 13:39:35,243 INFO src.train.trainer: Last model at epoch 461 saved to checkpoints/etas_kernel_cb_hab4_20260407/last_model_1.pth
2026-04-07 13:39:35,243 INFO src.train.trainer: Epoch 462
2026-04-07 13:39:35,304 INFO src.train.trainer: New best validation loss: -5.6405, saved to checkpoints/etas_kernel_cb_hab4_20260407/best_model_1.pth
2026-04-07 13:39:35,306 INFO src.train.trainer: Last model at epoch 462 saved to checkpoints/etas_kernel_cb_hab4_20260407/last_model_1.pth
2026-04-07 13:39:35,306 INFO src.train.trainer: Epoch 463
2026-04-07 13:39:35,367 INFO src.train.trainer: New best validation loss: -5.6411, saved to checkpoints/etas_kernel_cb_hab4_20260407/best_model_1.pth
2026-04-07 13:39:35,369 INFO src.train.trainer: Last model at epoch 463 saved to checkpoints/etas_kernel_cb_hab4_20260407/last_model_1.pth
2026-04-07 13:39:35,369 INFO src.train.trainer: Epoch 464
2026-04-07 13:39:35,430 INFO src.train.trainer: New best validation loss: -5.6416, saved to checkpoints/etas_kernel_cb_hab4_20260407/best_model_1.pth
2026-04-07 13:39:35,432 INFO src.train.trainer: Last model at epoch 464 saved to checkpoints/etas_kernel_cb_hab4_20260407/last_model_1.pth
2026-04-07 13:39:35,432 INFO src.train.trainer: Epoch 465
2026-04-07 13:39:35,495 INFO src.train.trainer: New best validation loss: -5.6422, saved to checkpoints/etas_kernel_cb_hab4_20260407/best_model_1.pth
2026-04-07 13:39:35,497 INFO src.train.trainer: Last model at epoch 465 saved to checkpoints/etas_kernel_cb_hab4_20260407/last_model_1.pth
2026-04-07 13:39:35,497 INFO src.train.trainer: Epoch 466
2026-04-07 13:39:35,557 INFO src.train.trainer: New best validation loss: -5.6428, saved to checkpoints/etas_kernel_cb_hab4_20260407/best_model_1.pth
2026-04-07 13:39:35,559 INFO src.train.trainer: Last model at epoch 466 saved to checkpoints/etas_kernel_cb_hab4_20260407/last_model_1.pth
2026-04-07 13:39:35,559 INFO src.train.trainer: Epoch 467
2026-04-07 13:39:35,620 INFO src.train.trainer: New best validation loss: -5.6433, saved to checkpoints/etas_kernel_cb_hab4_20260407/best_model_1.pth
2026-04-07 13:39:35,622 INFO src.train.trainer: Last model at epoch 467 saved to checkpoints/etas_kernel_cb_hab4_20260407/last_model_1.pth
2026-04-07 13:39:35,622 INFO src.train.trainer: Epoch 468
2026-04-07 13:39:35,686 INFO src.train.trainer: New best validation loss: -5.6439, saved to checkpoints/etas_kernel_cb_hab4_20260407/best_model_1.pth
2026-04-07 13:39:35,688 INFO src.train.trainer: Last model at epoch 468 saved to checkpoints/etas_kernel_cb_hab4_20260407/last_model_1.pth
2026-04-07 13:39:35,689 INFO src.train.trainer: Epoch 469
2026-04-07 13:39:35,737 INFO src.train.trainer: New best validation loss: -5.6444, saved to checkpoints/etas_kernel_cb_hab4_20260407/best_model_1.pth
2026-04-07 13:39:35,739 INFO src.train.trainer: Last model at epoch 469 saved to checkpoints/etas_kernel_cb_hab4_20260407/last_model_1.pth
2026-04-07 13:39:35,740 INFO src.train.trainer: Epoch 470
2026-04-07 13:39:35,795 INFO src.train.trainer: New best validation loss: -5.6449, saved to checkpoints/etas_kernel_cb_hab4_20260407/best_model_1.pth
2026-04-07 13:39:35,797 INFO src.train.trainer: Last model at epoch 470 saved to checkpoints/etas_kernel_cb_hab4_20260407/last_model_1.pth
2026-04-07 13:39:35,797 INFO src.train.trainer: Epoch 471
2026-04-07 13:39:35,845 INFO src.train.trainer: New best validation loss: -5.6455, saved to checkpoints/etas_kernel_cb_hab4_20260407/best_model_1.pth
2026-04-07 13:39:35,848 INFO src.train.trainer: Last model at epoch 471 saved to checkpoints/etas_kernel_cb_hab4_20260407/last_model_1.pth
2026-04-07 13:39:35,848 INFO src.train.trainer: Epoch 472
2026-04-07 13:39:35,898 INFO src.train.trainer: New best validation loss: -5.6460, saved to checkpoints/etas_kernel_cb_hab4_20260407/best_model_1.pth
2026-04-07 13:39:35,900 INFO src.train.trainer: Last model at epoch 472 saved to checkpoints/etas_kernel_cb_hab4_20260407/last_model_1.pth
2026-04-07 13:39:35,900 INFO src.train.trainer: Epoch 473
2026-04-07 13:39:35,954 INFO src.train.trainer: New best validation loss: -5.6465, saved to checkpoints/etas_kernel_cb_hab4_20260407/best_model_1.pth
2026-04-07 13:39:35,956 INFO src.train.trainer: Last model at epoch 473 saved to checkpoints/etas_kernel_cb_hab4_20260407/last_model_1.pth
2026-04-07 13:39:35,956 INFO src.train.trainer: Epoch 474
2026-04-07 13:39:36,001 INFO src.train.trainer: New best validation loss: -5.6470, saved to checkpoints/etas_kernel_cb_hab4_20260407/best_model_1.pth
2026-04-07 13:39:36,003 INFO src.train.trainer: Last model at epoch 474 saved to checkpoints/etas_kernel_cb_hab4_20260407/last_model_1.pth
2026-04-07 13:39:36,003 INFO src.train.trainer: Epoch 475
2026-04-07 13:39:36,051 INFO src.train.trainer: New best validation loss: -5.6475, saved to checkpoints/etas_kernel_cb_hab4_20260407/best_model_1.pth
2026-04-07 13:39:36,053 INFO src.train.trainer: Last model at epoch 475 saved to checkpoints/etas_kernel_cb_hab4_20260407/last_model_1.pth
2026-04-07 13:39:36,053 INFO src.train.trainer: Epoch 476
2026-04-07 13:39:36,105 INFO src.train.trainer: New best validation loss: -5.6480, saved to checkpoints/etas_kernel_cb_hab4_20260407/best_model_1.pth
2026-04-07 13:39:36,107 INFO src.train.trainer: Last model at epoch 476 saved to checkpoints/etas_kernel_cb_hab4_20260407/last_model_1.pth
2026-04-07 13:39:36,107 INFO src.train.trainer: Epoch 477
2026-04-07 13:39:36,156 INFO src.train.trainer: New best validation loss: -5.6485, saved to checkpoints/etas_kernel_cb_hab4_20260407/best_model_1.pth
2026-04-07 13:39:36,158 INFO src.train.trainer: Last model at epoch 477 saved to checkpoints/etas_kernel_cb_hab4_20260407/last_model_1.pth
2026-04-07 13:39:36,158 INFO src.train.trainer: Epoch 478
2026-04-07 13:39:36,207 INFO src.train.trainer: New best validation loss: -5.6490, saved to checkpoints/etas_kernel_cb_hab4_20260407/best_model_1.pth
2026-04-07 13:39:36,209 INFO src.train.trainer: Last model at epoch 478 saved to checkpoints/etas_kernel_cb_hab4_20260407/last_model_1.pth
2026-04-07 13:39:36,209 INFO src.train.trainer: Epoch 479
2026-04-07 13:39:36,256 INFO src.train.trainer: New best validation loss: -5.6495, saved to checkpoints/etas_kernel_cb_hab4_20260407/best_model_1.pth
2026-04-07 13:39:36,259 INFO src.train.trainer: Last model at epoch 479 saved to checkpoints/etas_kernel_cb_hab4_20260407/last_model_1.pth
2026-04-07 13:39:36,259 INFO src.train.trainer: Epoch 480
2026-04-07 13:39:36,308 INFO src.train.trainer: New best validation loss: -5.6499, saved to checkpoints/etas_kernel_cb_hab4_20260407/best_model_1.pth
2026-04-07 13:39:36,309 INFO src.train.trainer: Last model at epoch 480 saved to checkpoints/etas_kernel_cb_hab4_20260407/last_model_1.pth
2026-04-07 13:39:36,310 INFO src.train.trainer: Epoch 481
2026-04-07 13:39:36,355 INFO src.train.trainer: New best validation loss: -5.6504, saved to checkpoints/etas_kernel_cb_hab4_20260407/best_model_1.pth
2026-04-07 13:39:36,357 INFO src.train.trainer: Last model at epoch 481 saved to checkpoints/etas_kernel_cb_hab4_20260407/last_model_1.pth
2026-04-07 13:39:36,357 INFO src.train.trainer: Epoch 482
2026-04-07 13:39:36,400 INFO src.train.trainer: New best validation loss: -5.6509, saved to checkpoints/etas_kernel_cb_hab4_20260407/best_model_1.pth
2026-04-07 13:39:36,402 INFO src.train.trainer: Last model at epoch 482 saved to checkpoints/etas_kernel_cb_hab4_20260407/last_model_1.pth
2026-04-07 13:39:36,402 INFO src.train.trainer: Epoch 483
2026-04-07 13:39:36,440 INFO src.train.trainer: New best validation loss: -5.6513, saved to checkpoints/etas_kernel_cb_hab4_20260407/best_model_1.pth
2026-04-07 13:39:36,442 INFO src.train.trainer: Last model at epoch 483 saved to checkpoints/etas_kernel_cb_hab4_20260407/last_model_1.pth
2026-04-07 13:39:36,442 INFO src.train.trainer: Epoch 484
2026-04-07 13:39:36,481 INFO src.train.trainer: New best validation loss: -5.6518, saved to checkpoints/etas_kernel_cb_hab4_20260407/best_model_1.pth
2026-04-07 13:39:36,483 INFO src.train.trainer: Last model at epoch 484 saved to checkpoints/etas_kernel_cb_hab4_20260407/last_model_1.pth
2026-04-07 13:39:36,483 INFO src.train.trainer: Epoch 485
2026-04-07 13:39:36,528 INFO src.train.trainer: New best validation loss: -5.6523, saved to checkpoints/etas_kernel_cb_hab4_20260407/best_model_1.pth
2026-04-07 13:39:36,530 INFO src.train.trainer: Last model at epoch 485 saved to checkpoints/etas_kernel_cb_hab4_20260407/last_model_1.pth
2026-04-07 13:39:36,530 INFO src.train.trainer: Epoch 486
2026-04-07 13:39:36,575 INFO src.train.trainer: New best validation loss: -5.6527, saved to checkpoints/etas_kernel_cb_hab4_20260407/best_model_1.pth
2026-04-07 13:39:36,577 INFO src.train.trainer: Last model at epoch 486 saved to checkpoints/etas_kernel_cb_hab4_20260407/last_model_1.pth
2026-04-07 13:39:36,577 INFO src.train.trainer: Epoch 487
2026-04-07 13:39:36,624 INFO src.train.trainer: New best validation loss: -5.6532, saved to checkpoints/etas_kernel_cb_hab4_20260407/best_model_1.pth
2026-04-07 13:39:36,626 INFO src.train.trainer: Last model at epoch 487 saved to checkpoints/etas_kernel_cb_hab4_20260407/last_model_1.pth
2026-04-07 13:39:36,626 INFO src.train.trainer: Epoch 488
2026-04-07 13:39:36,675 INFO src.train.trainer: New best validation loss: -5.6536, saved to checkpoints/etas_kernel_cb_hab4_20260407/best_model_1.pth
2026-04-07 13:39:36,676 INFO src.train.trainer: Last model at epoch 488 saved to checkpoints/etas_kernel_cb_hab4_20260407/last_model_1.pth
2026-04-07 13:39:36,676 INFO src.train.trainer: Epoch 489
2026-04-07 13:39:36,730 INFO src.train.trainer: New best validation loss: -5.6541, saved to checkpoints/etas_kernel_cb_hab4_20260407/best_model_1.pth
2026-04-07 13:39:36,733 INFO src.train.trainer: Last model at epoch 489 saved to checkpoints/etas_kernel_cb_hab4_20260407/last_model_1.pth
2026-04-07 13:39:36,733 INFO src.train.trainer: Epoch 490
2026-04-07 13:39:36,788 INFO src.train.trainer: New best validation loss: -5.6545, saved to checkpoints/etas_kernel_cb_hab4_20260407/best_model_1.pth
2026-04-07 13:39:36,790 INFO src.train.trainer: Last model at epoch 490 saved to checkpoints/etas_kernel_cb_hab4_20260407/last_model_1.pth
2026-04-07 13:39:36,790 INFO src.train.trainer: Epoch 491
2026-04-07 13:39:36,842 INFO src.train.trainer: New best validation loss: -5.6549, saved to checkpoints/etas_kernel_cb_hab4_20260407/best_model_1.pth
2026-04-07 13:39:36,844 INFO src.train.trainer: Last model at epoch 491 saved to checkpoints/etas_kernel_cb_hab4_20260407/last_model_1.pth
2026-04-07 13:39:36,844 INFO src.train.trainer: Epoch 492
2026-04-07 13:39:36,895 INFO src.train.trainer: New best validation loss: -5.6554, saved to checkpoints/etas_kernel_cb_hab4_20260407/best_model_1.pth
2026-04-07 13:39:36,897 INFO src.train.trainer: Last model at epoch 492 saved to checkpoints/etas_kernel_cb_hab4_20260407/last_model_1.pth
2026-04-07 13:39:36,897 INFO src.train.trainer: Epoch 493
2026-04-07 13:39:36,951 INFO src.train.trainer: New best validation loss: -5.6558, saved to checkpoints/etas_kernel_cb_hab4_20260407/best_model_1.pth
2026-04-07 13:39:36,952 INFO src.train.trainer: Last model at epoch 493 saved to checkpoints/etas_kernel_cb_hab4_20260407/last_model_1.pth
2026-04-07 13:39:36,952 INFO src.train.trainer: Epoch 494
2026-04-07 13:39:37,005 INFO src.train.trainer: New best validation loss: -5.6562, saved to checkpoints/etas_kernel_cb_hab4_20260407/best_model_1.pth
2026-04-07 13:39:37,006 INFO src.train.trainer: Last model at epoch 494 saved to checkpoints/etas_kernel_cb_hab4_20260407/last_model_1.pth
2026-04-07 13:39:37,006 INFO src.train.trainer: Epoch 495
2026-04-07 13:39:37,058 INFO src.train.trainer: New best validation loss: -5.6566, saved to checkpoints/etas_kernel_cb_hab4_20260407/best_model_1.pth
2026-04-07 13:39:37,060 INFO src.train.trainer: Last model at epoch 495 saved to checkpoints/etas_kernel_cb_hab4_20260407/last_model_1.pth
2026-04-07 13:39:37,060 INFO src.train.trainer: Epoch 496
2026-04-07 13:39:37,114 INFO src.train.trainer: New best validation loss: -5.6571, saved to checkpoints/etas_kernel_cb_hab4_20260407/best_model_1.pth
2026-04-07 13:39:37,116 INFO src.train.trainer: Last model at epoch 496 saved to checkpoints/etas_kernel_cb_hab4_20260407/last_model_1.pth
2026-04-07 13:39:37,116 INFO src.train.trainer: Epoch 497
2026-04-07 13:39:37,171 INFO src.train.trainer: New best validation loss: -5.6575, saved to checkpoints/etas_kernel_cb_hab4_20260407/best_model_1.pth
2026-04-07 13:39:37,173 INFO src.train.trainer: Last model at epoch 497 saved to checkpoints/etas_kernel_cb_hab4_20260407/last_model_1.pth
2026-04-07 13:39:37,173 INFO src.train.trainer: Epoch 498
2026-04-07 13:39:37,228 INFO src.train.trainer: New best validation loss: -5.6579, saved to checkpoints/etas_kernel_cb_hab4_20260407/best_model_1.pth
2026-04-07 13:39:37,230 INFO src.train.trainer: Last model at epoch 498 saved to checkpoints/etas_kernel_cb_hab4_20260407/last_model_1.pth
2026-04-07 13:39:37,230 INFO src.train.trainer: Epoch 499
2026-04-07 13:39:37,285 INFO src.train.trainer: New best validation loss: -5.6583, saved to checkpoints/etas_kernel_cb_hab4_20260407/best_model_1.pth
2026-04-07 13:39:37,287 INFO src.train.trainer: Last model at epoch 499 saved to checkpoints/etas_kernel_cb_hab4_20260407/last_model_1.pth
2026-04-07 13:39:37,288 INFO src.train.trainer: Epoch 500
2026-04-07 13:39:37,347 INFO src.train.trainer: New best validation loss: -5.6587, saved to checkpoints/etas_kernel_cb_hab4_20260407/best_model_1.pth
2026-04-07 13:39:37,349 INFO src.train.trainer: Last model at epoch 500 saved to checkpoints/etas_kernel_cb_hab4_20260407/last_model_1.pth
2026-04-07 13:39:37,349 INFO src.train.trainer: Epoch 501
2026-04-07 13:39:37,408 INFO src.train.trainer: New best validation loss: -5.6591, saved to checkpoints/etas_kernel_cb_hab4_20260407/best_model_1.pth
2026-04-07 13:39:37,410 INFO src.train.trainer: Last model at epoch 501 saved to checkpoints/etas_kernel_cb_hab4_20260407/last_model_1.pth
2026-04-07 13:39:37,410 INFO src.train.trainer: Epoch 502
2026-04-07 13:39:37,473 INFO src.train.trainer: New best validation loss: -5.6595, saved to checkpoints/etas_kernel_cb_hab4_20260407/best_model_1.pth
2026-04-07 13:39:37,475 INFO src.train.trainer: Last model at epoch 502 saved to checkpoints/etas_kernel_cb_hab4_20260407/last_model_1.pth
2026-04-07 13:39:37,475 INFO src.train.trainer: Epoch 503
2026-04-07 13:39:37,539 INFO src.train.trainer: New best validation loss: -5.6599, saved to checkpoints/etas_kernel_cb_hab4_20260407/best_model_1.pth
2026-04-07 13:39:37,541 INFO src.train.trainer: Last model at epoch 503 saved to checkpoints/etas_kernel_cb_hab4_20260407/last_model_1.pth
2026-04-07 13:39:37,541 INFO src.train.trainer: Epoch 504
2026-04-07 13:39:37,604 INFO src.train.trainer: New best validation loss: -5.6603, saved to checkpoints/etas_kernel_cb_hab4_20260407/best_model_1.pth
2026-04-07 13:39:37,606 INFO src.train.trainer: Last model at epoch 504 saved to checkpoints/etas_kernel_cb_hab4_20260407/last_model_1.pth
2026-04-07 13:39:37,606 INFO src.train.trainer: Epoch 505
2026-04-07 13:39:37,671 INFO src.train.trainer: New best validation loss: -5.6607, saved to checkpoints/etas_kernel_cb_hab4_20260407/best_model_1.pth
2026-04-07 13:39:37,674 INFO src.train.trainer: Last model at epoch 505 saved to checkpoints/etas_kernel_cb_hab4_20260407/last_model_1.pth
2026-04-07 13:39:37,674 INFO src.train.trainer: Epoch 506
2026-04-07 13:39:37,738 INFO src.train.trainer: New best validation loss: -5.6611, saved to checkpoints/etas_kernel_cb_hab4_20260407/best_model_1.pth
2026-04-07 13:39:37,740 INFO src.train.trainer: Last model at epoch 506 saved to checkpoints/etas_kernel_cb_hab4_20260407/last_model_1.pth
2026-04-07 13:39:37,740 INFO src.train.trainer: Epoch 507
2026-04-07 13:39:37,802 INFO src.train.trainer: New best validation loss: -5.6615, saved to checkpoints/etas_kernel_cb_hab4_20260407/best_model_1.pth
2026-04-07 13:39:37,804 INFO src.train.trainer: Last model at epoch 507 saved to checkpoints/etas_kernel_cb_hab4_20260407/last_model_1.pth
2026-04-07 13:39:37,804 INFO src.train.trainer: Epoch 508
2026-04-07 13:39:37,865 INFO src.train.trainer: New best validation loss: -5.6619, saved to checkpoints/etas_kernel_cb_hab4_20260407/best_model_1.pth
2026-04-07 13:39:37,866 INFO src.train.trainer: Last model at epoch 508 saved to checkpoints/etas_kernel_cb_hab4_20260407/last_model_1.pth
2026-04-07 13:39:37,866 INFO src.train.trainer: Epoch 509
2026-04-07 13:39:37,922 INFO src.train.trainer: New best validation loss: -5.6623, saved to checkpoints/etas_kernel_cb_hab4_20260407/best_model_1.pth
2026-04-07 13:39:37,924 INFO src.train.trainer: Last model at epoch 509 saved to checkpoints/etas_kernel_cb_hab4_20260407/last_model_1.pth
2026-04-07 13:39:37,924 INFO src.train.trainer: Epoch 510
2026-04-07 13:39:37,984 INFO src.train.trainer: New best validation loss: -5.6627, saved to checkpoints/etas_kernel_cb_hab4_20260407/best_model_1.pth
2026-04-07 13:39:37,986 INFO src.train.trainer: Last model at epoch 510 saved to checkpoints/etas_kernel_cb_hab4_20260407/last_model_1.pth
2026-04-07 13:39:37,986 INFO src.train.trainer: Epoch 511
2026-04-07 13:39:38,047 INFO src.train.trainer: New best validation loss: -5.6631, saved to checkpoints/etas_kernel_cb_hab4_20260407/best_model_1.pth
2026-04-07 13:39:38,049 INFO src.train.trainer: Last model at epoch 511 saved to checkpoints/etas_kernel_cb_hab4_20260407/last_model_1.pth
2026-04-07 13:39:38,049 INFO src.train.trainer: Epoch 512
2026-04-07 13:39:38,113 INFO src.train.trainer: New best validation loss: -5.6634, saved to checkpoints/etas_kernel_cb_hab4_20260407/best_model_1.pth
2026-04-07 13:39:38,115 INFO src.train.trainer: Last model at epoch 512 saved to checkpoints/etas_kernel_cb_hab4_20260407/last_model_1.pth
2026-04-07 13:39:38,115 INFO src.train.trainer: Epoch 513
2026-04-07 13:39:38,180 INFO src.train.trainer: New best validation loss: -5.6638, saved to checkpoints/etas_kernel_cb_hab4_20260407/best_model_1.pth
2026-04-07 13:39:38,183 INFO src.train.trainer: Last model at epoch 513 saved to checkpoints/etas_kernel_cb_hab4_20260407/last_model_1.pth
2026-04-07 13:39:38,183 INFO src.train.trainer: Epoch 514
2026-04-07 13:39:38,249 INFO src.train.trainer: New best validation loss: -5.6642, saved to checkpoints/etas_kernel_cb_hab4_20260407/best_model_1.pth
2026-04-07 13:39:38,251 INFO src.train.trainer: Last model at epoch 514 saved to checkpoints/etas_kernel_cb_hab4_20260407/last_model_1.pth
2026-04-07 13:39:38,251 INFO src.train.trainer: Epoch 515
2026-04-07 13:39:38,320 INFO src.train.trainer: New best validation loss: -5.6646, saved to checkpoints/etas_kernel_cb_hab4_20260407/best_model_1.pth
2026-04-07 13:39:38,322 INFO src.train.trainer: Last model at epoch 515 saved to checkpoints/etas_kernel_cb_hab4_20260407/last_model_1.pth
2026-04-07 13:39:38,322 INFO src.train.trainer: Epoch 516
2026-04-07 13:39:38,391 INFO src.train.trainer: New best validation loss: -5.6649, saved to checkpoints/etas_kernel_cb_hab4_20260407/best_model_1.pth
2026-04-07 13:39:38,393 INFO src.train.trainer: Last model at epoch 516 saved to checkpoints/etas_kernel_cb_hab4_20260407/last_model_1.pth
2026-04-07 13:39:38,393 INFO src.train.trainer: Epoch 517
2026-04-07 13:39:38,459 INFO src.train.trainer: New best validation loss: -5.6653, saved to checkpoints/etas_kernel_cb_hab4_20260407/best_model_1.pth
2026-04-07 13:39:38,461 INFO src.train.trainer: Last model at epoch 517 saved to checkpoints/etas_kernel_cb_hab4_20260407/last_model_1.pth
2026-04-07 13:39:38,461 INFO src.train.trainer: Epoch 518
2026-04-07 13:39:38,526 INFO src.train.trainer: New best validation loss: -5.6657, saved to checkpoints/etas_kernel_cb_hab4_20260407/best_model_1.pth
2026-04-07 13:39:38,528 INFO src.train.trainer: Last model at epoch 518 saved to checkpoints/etas_kernel_cb_hab4_20260407/last_model_1.pth
2026-04-07 13:39:38,528 INFO src.train.trainer: Epoch 519
2026-04-07 13:39:38,595 INFO src.train.trainer: New best validation loss: -5.6661, saved to checkpoints/etas_kernel_cb_hab4_20260407/best_model_1.pth
2026-04-07 13:39:38,597 INFO src.train.trainer: Last model at epoch 519 saved to checkpoints/etas_kernel_cb_hab4_20260407/last_model_1.pth
2026-04-07 13:39:38,597 INFO src.train.trainer: Epoch 520
2026-04-07 13:39:38,665 INFO src.train.trainer: New best validation loss: -5.6664, saved to checkpoints/etas_kernel_cb_hab4_20260407/best_model_1.pth
2026-04-07 13:39:38,667 INFO src.train.trainer: Last model at epoch 520 saved to checkpoints/etas_kernel_cb_hab4_20260407/last_model_1.pth
2026-04-07 13:39:38,667 INFO src.train.trainer: Epoch 521
2026-04-07 13:39:38,735 INFO src.train.trainer: New best validation loss: -5.6668, saved to checkpoints/etas_kernel_cb_hab4_20260407/best_model_1.pth
2026-04-07 13:39:38,737 INFO src.train.trainer: Last model at epoch 521 saved to checkpoints/etas_kernel_cb_hab4_20260407/last_model_1.pth
2026-04-07 13:39:38,737 INFO src.train.trainer: Epoch 522
2026-04-07 13:39:38,808 INFO src.train.trainer: New best validation loss: -5.6672, saved to checkpoints/etas_kernel_cb_hab4_20260407/best_model_1.pth
2026-04-07 13:39:38,810 INFO src.train.trainer: Last model at epoch 522 saved to checkpoints/etas_kernel_cb_hab4_20260407/last_model_1.pth
2026-04-07 13:39:38,810 INFO src.train.trainer: Epoch 523
2026-04-07 13:39:38,877 INFO src.train.trainer: New best validation loss: -5.6675, saved to checkpoints/etas_kernel_cb_hab4_20260407/best_model_1.pth
2026-04-07 13:39:38,879 INFO src.train.trainer: Last model at epoch 523 saved to checkpoints/etas_kernel_cb_hab4_20260407/last_model_1.pth
2026-04-07 13:39:38,879 INFO src.train.trainer: Epoch 524
2026-04-07 13:39:38,945 INFO src.train.trainer: New best validation loss: -5.6679, saved to checkpoints/etas_kernel_cb_hab4_20260407/best_model_1.pth
2026-04-07 13:39:38,947 INFO src.train.trainer: Last model at epoch 524 saved to checkpoints/etas_kernel_cb_hab4_20260407/last_model_1.pth
2026-04-07 13:39:38,947 INFO src.train.trainer: Epoch 525
2026-04-07 13:39:39,016 INFO src.train.trainer: New best validation loss: -5.6682, saved to checkpoints/etas_kernel_cb_hab4_20260407/best_model_1.pth
2026-04-07 13:39:39,018 INFO src.train.trainer: Last model at epoch 525 saved to checkpoints/etas_kernel_cb_hab4_20260407/last_model_1.pth
2026-04-07 13:39:39,018 INFO src.train.trainer: Epoch 526
2026-04-07 13:39:39,089 INFO src.train.trainer: New best validation loss: -5.6686, saved to checkpoints/etas_kernel_cb_hab4_20260407/best_model_1.pth
2026-04-07 13:39:39,091 INFO src.train.trainer: Last model at epoch 526 saved to checkpoints/etas_kernel_cb_hab4_20260407/last_model_1.pth
2026-04-07 13:39:39,091 INFO src.train.trainer: Epoch 527
2026-04-07 13:39:39,160 INFO src.train.trainer: New best validation loss: -5.6690, saved to checkpoints/etas_kernel_cb_hab4_20260407/best_model_1.pth
2026-04-07 13:39:39,162 INFO src.train.trainer: Last model at epoch 527 saved to checkpoints/etas_kernel_cb_hab4_20260407/last_model_1.pth
2026-04-07 13:39:39,162 INFO src.train.trainer: Epoch 528
2026-04-07 13:39:39,228 INFO src.train.trainer: New best validation loss: -5.6693, saved to checkpoints/etas_kernel_cb_hab4_20260407/best_model_1.pth
2026-04-07 13:39:39,230 INFO src.train.trainer: Last model at epoch 528 saved to checkpoints/etas_kernel_cb_hab4_20260407/last_model_1.pth
2026-04-07 13:39:39,231 INFO src.train.trainer: Epoch 529
2026-04-07 13:39:39,299 INFO src.train.trainer: New best validation loss: -5.6697, saved to checkpoints/etas_kernel_cb_hab4_20260407/best_model_1.pth
2026-04-07 13:39:39,301 INFO src.train.trainer: Last model at epoch 529 saved to checkpoints/etas_kernel_cb_hab4_20260407/last_model_1.pth
2026-04-07 13:39:39,301 INFO src.train.trainer: Epoch 530
2026-04-07 13:39:39,371 INFO src.train.trainer: New best validation loss: -5.6700, saved to checkpoints/etas_kernel_cb_hab4_20260407/best_model_1.pth
2026-04-07 13:39:39,373 INFO src.train.trainer: Last model at epoch 530 saved to checkpoints/etas_kernel_cb_hab4_20260407/last_model_1.pth
2026-04-07 13:39:39,373 INFO src.train.trainer: Epoch 531
2026-04-07 13:39:39,442 INFO src.train.trainer: New best validation loss: -5.6704, saved to checkpoints/etas_kernel_cb_hab4_20260407/best_model_1.pth
2026-04-07 13:39:39,444 INFO src.train.trainer: Last model at epoch 531 saved to checkpoints/etas_kernel_cb_hab4_20260407/last_model_1.pth
2026-04-07 13:39:39,445 INFO src.train.trainer: Epoch 532
2026-04-07 13:39:39,515 INFO src.train.trainer: New best validation loss: -5.6707, saved to checkpoints/etas_kernel_cb_hab4_20260407/best_model_1.pth
2026-04-07 13:39:39,517 INFO src.train.trainer: Last model at epoch 532 saved to checkpoints/etas_kernel_cb_hab4_20260407/last_model_1.pth
2026-04-07 13:39:39,517 INFO src.train.trainer: Epoch 533
2026-04-07 13:39:39,581 INFO src.train.trainer: New best validation loss: -5.6711, saved to checkpoints/etas_kernel_cb_hab4_20260407/best_model_1.pth
2026-04-07 13:39:39,584 INFO src.train.trainer: Last model at epoch 533 saved to checkpoints/etas_kernel_cb_hab4_20260407/last_model_1.pth
2026-04-07 13:39:39,584 INFO src.train.trainer: Epoch 534
2026-04-07 13:39:39,651 INFO src.train.trainer: New best validation loss: -5.6714, saved to checkpoints/etas_kernel_cb_hab4_20260407/best_model_1.pth
2026-04-07 13:39:39,653 INFO src.train.trainer: Last model at epoch 534 saved to checkpoints/etas_kernel_cb_hab4_20260407/last_model_1.pth
2026-04-07 13:39:39,653 INFO src.train.trainer: Epoch 535
2026-04-07 13:39:39,718 INFO src.train.trainer: New best validation loss: -5.6718, saved to checkpoints/etas_kernel_cb_hab4_20260407/best_model_1.pth
2026-04-07 13:39:39,720 INFO src.train.trainer: Last model at epoch 535 saved to checkpoints/etas_kernel_cb_hab4_20260407/last_model_1.pth
2026-04-07 13:39:39,721 INFO src.train.trainer: Epoch 536
2026-04-07 13:39:39,788 INFO src.train.trainer: New best validation loss: -5.6721, saved to checkpoints/etas_kernel_cb_hab4_20260407/best_model_1.pth
2026-04-07 13:39:39,790 INFO src.train.trainer: Last model at epoch 536 saved to checkpoints/etas_kernel_cb_hab4_20260407/last_model_1.pth
2026-04-07 13:39:39,790 INFO src.train.trainer: Epoch 537
2026-04-07 13:39:39,858 INFO src.train.trainer: New best validation loss: -5.6725, saved to checkpoints/etas_kernel_cb_hab4_20260407/best_model_1.pth
2026-04-07 13:39:39,860 INFO src.train.trainer: Last model at epoch 537 saved to checkpoints/etas_kernel_cb_hab4_20260407/last_model_1.pth
2026-04-07 13:39:39,860 INFO src.train.trainer: Epoch 538
2026-04-07 13:39:39,931 INFO src.train.trainer: New best validation loss: -5.6728, saved to checkpoints/etas_kernel_cb_hab4_20260407/best_model_1.pth
2026-04-07 13:39:39,933 INFO src.train.trainer: Last model at epoch 538 saved to checkpoints/etas_kernel_cb_hab4_20260407/last_model_1.pth
2026-04-07 13:39:39,933 INFO src.train.trainer: Epoch 539
2026-04-07 13:39:40,000 INFO src.train.trainer: New best validation loss: -5.6731, saved to checkpoints/etas_kernel_cb_hab4_20260407/best_model_1.pth
2026-04-07 13:39:40,003 INFO src.train.trainer: Last model at epoch 539 saved to checkpoints/etas_kernel_cb_hab4_20260407/last_model_1.pth
2026-04-07 13:39:40,003 INFO src.train.trainer: Epoch 540
2026-04-07 13:39:40,071 INFO src.train.trainer: New best validation loss: -5.6735, saved to checkpoints/etas_kernel_cb_hab4_20260407/best_model_1.pth
2026-04-07 13:39:40,074 INFO src.train.trainer: Last model at epoch 540 saved to checkpoints/etas_kernel_cb_hab4_20260407/last_model_1.pth
2026-04-07 13:39:40,074 INFO src.train.trainer: Epoch 541
2026-04-07 13:39:40,136 INFO src.train.trainer: New best validation loss: -5.6738, saved to checkpoints/etas_kernel_cb_hab4_20260407/best_model_1.pth
2026-04-07 13:39:40,138 INFO src.train.trainer: Last model at epoch 541 saved to checkpoints/etas_kernel_cb_hab4_20260407/last_model_1.pth
2026-04-07 13:39:40,138 INFO src.train.trainer: Epoch 542
2026-04-07 13:39:40,199 INFO src.train.trainer: New best validation loss: -5.6742, saved to checkpoints/etas_kernel_cb_hab4_20260407/best_model_1.pth
2026-04-07 13:39:40,201 INFO src.train.trainer: Last model at epoch 542 saved to checkpoints/etas_kernel_cb_hab4_20260407/last_model_1.pth
2026-04-07 13:39:40,201 INFO src.train.trainer: Epoch 543
2026-04-07 13:39:40,258 INFO src.train.trainer: New best validation loss: -5.6745, saved to checkpoints/etas_kernel_cb_hab4_20260407/best_model_1.pth
2026-04-07 13:39:40,259 INFO src.train.trainer: Last model at epoch 543 saved to checkpoints/etas_kernel_cb_hab4_20260407/last_model_1.pth
2026-04-07 13:39:40,260 INFO src.train.trainer: Epoch 544
2026-04-07 13:39:40,315 INFO src.train.trainer: New best validation loss: -5.6748, saved to checkpoints/etas_kernel_cb_hab4_20260407/best_model_1.pth
2026-04-07 13:39:40,317 INFO src.train.trainer: Last model at epoch 544 saved to checkpoints/etas_kernel_cb_hab4_20260407/last_model_1.pth
2026-04-07 13:39:40,317 INFO src.train.trainer: Epoch 545
2026-04-07 13:39:40,378 INFO src.train.trainer: New best validation loss: -5.6752, saved to checkpoints/etas_kernel_cb_hab4_20260407/best_model_1.pth
2026-04-07 13:39:40,379 INFO src.train.trainer: Last model at epoch 545 saved to checkpoints/etas_kernel_cb_hab4_20260407/last_model_1.pth
2026-04-07 13:39:40,379 INFO src.train.trainer: Epoch 546
2026-04-07 13:39:40,436 INFO src.train.trainer: New best validation loss: -5.6755, saved to checkpoints/etas_kernel_cb_hab4_20260407/best_model_1.pth
2026-04-07 13:39:40,438 INFO src.train.trainer: Last model at epoch 546 saved to checkpoints/etas_kernel_cb_hab4_20260407/last_model_1.pth
2026-04-07 13:39:40,438 INFO src.train.trainer: Epoch 547
2026-04-07 13:39:40,480 INFO src.train.trainer: New best validation loss: -5.6758, saved to checkpoints/etas_kernel_cb_hab4_20260407/best_model_1.pth
2026-04-07 13:39:40,482 INFO src.train.trainer: Last model at epoch 547 saved to checkpoints/etas_kernel_cb_hab4_20260407/last_model_1.pth
2026-04-07 13:39:40,482 INFO src.train.trainer: Epoch 548
2026-04-07 13:39:40,539 INFO src.train.trainer: New best validation loss: -5.6762, saved to checkpoints/etas_kernel_cb_hab4_20260407/best_model_1.pth
2026-04-07 13:39:40,541 INFO src.train.trainer: Last model at epoch 548 saved to checkpoints/etas_kernel_cb_hab4_20260407/last_model_1.pth
2026-04-07 13:39:40,541 INFO src.train.trainer: Epoch 549
2026-04-07 13:39:40,591 INFO src.train.trainer: New best validation loss: -5.6765, saved to checkpoints/etas_kernel_cb_hab4_20260407/best_model_1.pth
2026-04-07 13:39:40,593 INFO src.train.trainer: Last model at epoch 549 saved to checkpoints/etas_kernel_cb_hab4_20260407/last_model_1.pth
2026-04-07 13:39:40,593 INFO src.train.trainer: Epoch 550
2026-04-07 13:39:40,651 INFO src.train.trainer: New best validation loss: -5.6768, saved to checkpoints/etas_kernel_cb_hab4_20260407/best_model_1.pth
2026-04-07 13:39:40,653 INFO src.train.trainer: Last model at epoch 550 saved to checkpoints/etas_kernel_cb_hab4_20260407/last_model_1.pth
2026-04-07 13:39:40,653 INFO src.train.trainer: Epoch 551
2026-04-07 13:39:40,708 INFO src.train.trainer: New best validation loss: -5.6772, saved to checkpoints/etas_kernel_cb_hab4_20260407/best_model_1.pth
2026-04-07 13:39:40,710 INFO src.train.trainer: Last model at epoch 551 saved to checkpoints/etas_kernel_cb_hab4_20260407/last_model_1.pth
2026-04-07 13:39:40,710 INFO src.train.trainer: Epoch 552
2026-04-07 13:39:40,765 INFO src.train.trainer: New best validation loss: -5.6775, saved to checkpoints/etas_kernel_cb_hab4_20260407/best_model_1.pth
2026-04-07 13:39:40,767 INFO src.train.trainer: Last model at epoch 552 saved to checkpoints/etas_kernel_cb_hab4_20260407/last_model_1.pth
2026-04-07 13:39:40,767 INFO src.train.trainer: Epoch 553
2026-04-07 13:39:40,820 INFO src.train.trainer: New best validation loss: -5.6778, saved to checkpoints/etas_kernel_cb_hab4_20260407/best_model_1.pth
2026-04-07 13:39:40,822 INFO src.train.trainer: Last model at epoch 553 saved to checkpoints/etas_kernel_cb_hab4_20260407/last_model_1.pth
2026-04-07 13:39:40,822 INFO src.train.trainer: Epoch 554
2026-04-07 13:39:40,874 INFO src.train.trainer: New best validation loss: -5.6782, saved to checkpoints/etas_kernel_cb_hab4_20260407/best_model_1.pth
2026-04-07 13:39:40,876 INFO src.train.trainer: Last model at epoch 554 saved to checkpoints/etas_kernel_cb_hab4_20260407/last_model_1.pth
2026-04-07 13:39:40,876 INFO src.train.trainer: Epoch 555
2026-04-07 13:39:40,933 INFO src.train.trainer: New best validation loss: -5.6785, saved to checkpoints/etas_kernel_cb_hab4_20260407/best_model_1.pth
2026-04-07 13:39:40,935 INFO src.train.trainer: Last model at epoch 555 saved to checkpoints/etas_kernel_cb_hab4_20260407/last_model_1.pth
2026-04-07 13:39:40,935 INFO src.train.trainer: Epoch 556
2026-04-07 13:39:40,989 INFO src.train.trainer: New best validation loss: -5.6788, saved to checkpoints/etas_kernel_cb_hab4_20260407/best_model_1.pth
2026-04-07 13:39:40,990 INFO src.train.trainer: Last model at epoch 556 saved to checkpoints/etas_kernel_cb_hab4_20260407/last_model_1.pth
2026-04-07 13:39:40,990 INFO src.train.trainer: Epoch 557
2026-04-07 13:39:41,044 INFO src.train.trainer: New best validation loss: -5.6791, saved to checkpoints/etas_kernel_cb_hab4_20260407/best_model_1.pth
2026-04-07 13:39:41,046 INFO src.train.trainer: Last model at epoch 557 saved to checkpoints/etas_kernel_cb_hab4_20260407/last_model_1.pth
2026-04-07 13:39:41,046 INFO src.train.trainer: Epoch 558
2026-04-07 13:39:41,100 INFO src.train.trainer: New best validation loss: -5.6795, saved to checkpoints/etas_kernel_cb_hab4_20260407/best_model_1.pth
2026-04-07 13:39:41,102 INFO src.train.trainer: Last model at epoch 558 saved to checkpoints/etas_kernel_cb_hab4_20260407/last_model_1.pth
2026-04-07 13:39:41,102 INFO src.train.trainer: Epoch 559
2026-04-07 13:39:41,160 INFO src.train.trainer: New best validation loss: -5.6798, saved to checkpoints/etas_kernel_cb_hab4_20260407/best_model_1.pth
2026-04-07 13:39:41,162 INFO src.train.trainer: Last model at epoch 559 saved to checkpoints/etas_kernel_cb_hab4_20260407/last_model_1.pth
2026-04-07 13:39:41,162 INFO src.train.trainer: Epoch 560
2026-04-07 13:39:41,221 INFO src.train.trainer: New best validation loss: -5.6801, saved to checkpoints/etas_kernel_cb_hab4_20260407/best_model_1.pth
2026-04-07 13:39:41,223 INFO src.train.trainer: Last model at epoch 560 saved to checkpoints/etas_kernel_cb_hab4_20260407/last_model_1.pth
2026-04-07 13:39:41,223 INFO src.train.trainer: Epoch 561
2026-04-07 13:39:41,280 INFO src.train.trainer: New best validation loss: -5.6804, saved to checkpoints/etas_kernel_cb_hab4_20260407/best_model_1.pth
2026-04-07 13:39:41,282 INFO src.train.trainer: Last model at epoch 561 saved to checkpoints/etas_kernel_cb_hab4_20260407/last_model_1.pth
2026-04-07 13:39:41,282 INFO src.train.trainer: Epoch 562
2026-04-07 13:39:41,340 INFO src.train.trainer: New best validation loss: -5.6807, saved to checkpoints/etas_kernel_cb_hab4_20260407/best_model_1.pth
2026-04-07 13:39:41,342 INFO src.train.trainer: Last model at epoch 562 saved to checkpoints/etas_kernel_cb_hab4_20260407/last_model_1.pth
2026-04-07 13:39:41,342 INFO src.train.trainer: Epoch 563
2026-04-07 13:39:41,398 INFO src.train.trainer: New best validation loss: -5.6811, saved to checkpoints/etas_kernel_cb_hab4_20260407/best_model_1.pth
2026-04-07 13:39:41,400 INFO src.train.trainer: Last model at epoch 563 saved to checkpoints/etas_kernel_cb_hab4_20260407/last_model_1.pth
2026-04-07 13:39:41,400 INFO src.train.trainer: Epoch 564
2026-04-07 13:39:41,462 INFO src.train.trainer: New best validation loss: -5.6814, saved to checkpoints/etas_kernel_cb_hab4_20260407/best_model_1.pth
2026-04-07 13:39:41,465 INFO src.train.trainer: Last model at epoch 564 saved to checkpoints/etas_kernel_cb_hab4_20260407/last_model_1.pth
2026-04-07 13:39:41,465 INFO src.train.trainer: Epoch 565
2026-04-07 13:39:41,531 INFO src.train.trainer: New best validation loss: -5.6817, saved to checkpoints/etas_kernel_cb_hab4_20260407/best_model_1.pth
2026-04-07 13:39:41,533 INFO src.train.trainer: Last model at epoch 565 saved to checkpoints/etas_kernel_cb_hab4_20260407/last_model_1.pth
2026-04-07 13:39:41,533 INFO src.train.trainer: Epoch 566
2026-04-07 13:39:41,592 INFO src.train.trainer: New best validation loss: -5.6820, saved to checkpoints/etas_kernel_cb_hab4_20260407/best_model_1.pth
2026-04-07 13:39:41,594 INFO src.train.trainer: Last model at epoch 566 saved to checkpoints/etas_kernel_cb_hab4_20260407/last_model_1.pth
2026-04-07 13:39:41,595 INFO src.train.trainer: Epoch 567
2026-04-07 13:39:41,668 INFO src.train.trainer: New best validation loss: -5.6823, saved to checkpoints/etas_kernel_cb_hab4_20260407/best_model_1.pth
2026-04-07 13:39:41,670 INFO src.train.trainer: Last model at epoch 567 saved to checkpoints/etas_kernel_cb_hab4_20260407/last_model_1.pth
2026-04-07 13:39:41,670 INFO src.train.trainer: Epoch 568
2026-04-07 13:39:41,724 INFO src.train.trainer: New best validation loss: -5.6826, saved to checkpoints/etas_kernel_cb_hab4_20260407/best_model_1.pth
2026-04-07 13:39:41,727 INFO src.train.trainer: Last model at epoch 568 saved to checkpoints/etas_kernel_cb_hab4_20260407/last_model_1.pth
2026-04-07 13:39:41,727 INFO src.train.trainer: Epoch 569
2026-04-07 13:39:41,785 INFO src.train.trainer: New best validation loss: -5.6829, saved to checkpoints/etas_kernel_cb_hab4_20260407/best_model_1.pth
2026-04-07 13:39:41,787 INFO src.train.trainer: Last model at epoch 569 saved to checkpoints/etas_kernel_cb_hab4_20260407/last_model_1.pth
2026-04-07 13:39:41,787 INFO src.train.trainer: Epoch 570
2026-04-07 13:39:41,840 INFO src.train.trainer: New best validation loss: -5.6832, saved to checkpoints/etas_kernel_cb_hab4_20260407/best_model_1.pth
2026-04-07 13:39:41,842 INFO src.train.trainer: Last model at epoch 570 saved to checkpoints/etas_kernel_cb_hab4_20260407/last_model_1.pth
2026-04-07 13:39:41,842 INFO src.train.trainer: Epoch 571
2026-04-07 13:39:41,899 INFO src.train.trainer: New best validation loss: -5.6835, saved to checkpoints/etas_kernel_cb_hab4_20260407/best_model_1.pth
2026-04-07 13:39:41,901 INFO src.train.trainer: Last model at epoch 571 saved to checkpoints/etas_kernel_cb_hab4_20260407/last_model_1.pth
2026-04-07 13:39:41,901 INFO src.train.trainer: Epoch 572
2026-04-07 13:39:41,952 INFO src.train.trainer: New best validation loss: -5.6839, saved to checkpoints/etas_kernel_cb_hab4_20260407/best_model_1.pth
2026-04-07 13:39:41,954 INFO src.train.trainer: Last model at epoch 572 saved to checkpoints/etas_kernel_cb_hab4_20260407/last_model_1.pth
2026-04-07 13:39:41,954 INFO src.train.trainer: Epoch 573
2026-04-07 13:39:42,005 INFO src.train.trainer: New best validation loss: -5.6842, saved to checkpoints/etas_kernel_cb_hab4_20260407/best_model_1.pth
2026-04-07 13:39:42,007 INFO src.train.trainer: Last model at epoch 573 saved to checkpoints/etas_kernel_cb_hab4_20260407/last_model_1.pth
2026-04-07 13:39:42,007 INFO src.train.trainer: Epoch 574
2026-04-07 13:39:42,057 INFO src.train.trainer: New best validation loss: -5.6845, saved to checkpoints/etas_kernel_cb_hab4_20260407/best_model_1.pth
2026-04-07 13:39:42,059 INFO src.train.trainer: Last model at epoch 574 saved to checkpoints/etas_kernel_cb_hab4_20260407/last_model_1.pth
2026-04-07 13:39:42,059 INFO src.train.trainer: Epoch 575
2026-04-07 13:39:42,108 INFO src.train.trainer: New best validation loss: -5.6848, saved to checkpoints/etas_kernel_cb_hab4_20260407/best_model_1.pth
2026-04-07 13:39:42,110 INFO src.train.trainer: Last model at epoch 575 saved to checkpoints/etas_kernel_cb_hab4_20260407/last_model_1.pth
2026-04-07 13:39:42,110 INFO src.train.trainer: Epoch 576
2026-04-07 13:39:42,161 INFO src.train.trainer: New best validation loss: -5.6851, saved to checkpoints/etas_kernel_cb_hab4_20260407/best_model_1.pth
2026-04-07 13:39:42,163 INFO src.train.trainer: Last model at epoch 576 saved to checkpoints/etas_kernel_cb_hab4_20260407/last_model_1.pth
2026-04-07 13:39:42,163 INFO src.train.trainer: Epoch 577
2026-04-07 13:39:42,210 INFO src.train.trainer: New best validation loss: -5.6854, saved to checkpoints/etas_kernel_cb_hab4_20260407/best_model_1.pth
2026-04-07 13:39:42,211 INFO src.train.trainer: Last model at epoch 577 saved to checkpoints/etas_kernel_cb_hab4_20260407/last_model_1.pth
2026-04-07 13:39:42,211 INFO src.train.trainer: Epoch 578
2026-04-07 13:39:42,257 INFO src.train.trainer: New best validation loss: -5.6857, saved to checkpoints/etas_kernel_cb_hab4_20260407/best_model_1.pth
2026-04-07 13:39:42,259 INFO src.train.trainer: Last model at epoch 578 saved to checkpoints/etas_kernel_cb_hab4_20260407/last_model_1.pth
2026-04-07 13:39:42,259 INFO src.train.trainer: Epoch 579
2026-04-07 13:39:42,307 INFO src.train.trainer: New best validation loss: -5.6860, saved to checkpoints/etas_kernel_cb_hab4_20260407/best_model_1.pth
2026-04-07 13:39:42,309 INFO src.train.trainer: Last model at epoch 579 saved to checkpoints/etas_kernel_cb_hab4_20260407/last_model_1.pth
2026-04-07 13:39:42,309 INFO src.train.trainer: Epoch 580
2026-04-07 13:39:42,354 INFO src.train.trainer: New best validation loss: -5.6863, saved to checkpoints/etas_kernel_cb_hab4_20260407/best_model_1.pth
2026-04-07 13:39:42,356 INFO src.train.trainer: Last model at epoch 580 saved to checkpoints/etas_kernel_cb_hab4_20260407/last_model_1.pth
2026-04-07 13:39:42,356 INFO src.train.trainer: Epoch 581
2026-04-07 13:39:42,402 INFO src.train.trainer: New best validation loss: -5.6866, saved to checkpoints/etas_kernel_cb_hab4_20260407/best_model_1.pth
2026-04-07 13:39:42,404 INFO src.train.trainer: Last model at epoch 581 saved to checkpoints/etas_kernel_cb_hab4_20260407/last_model_1.pth
2026-04-07 13:39:42,404 INFO src.train.trainer: Epoch 582
2026-04-07 13:39:42,451 INFO src.train.trainer: New best validation loss: -5.6869, saved to checkpoints/etas_kernel_cb_hab4_20260407/best_model_1.pth
2026-04-07 13:39:42,452 INFO src.train.trainer: Last model at epoch 582 saved to checkpoints/etas_kernel_cb_hab4_20260407/last_model_1.pth
2026-04-07 13:39:42,452 INFO src.train.trainer: Epoch 583
2026-04-07 13:39:42,501 INFO src.train.trainer: New best validation loss: -5.6872, saved to checkpoints/etas_kernel_cb_hab4_20260407/best_model_1.pth
2026-04-07 13:39:42,503 INFO src.train.trainer: Last model at epoch 583 saved to checkpoints/etas_kernel_cb_hab4_20260407/last_model_1.pth
2026-04-07 13:39:42,503 INFO src.train.trainer: Epoch 584
2026-04-07 13:39:42,557 INFO src.train.trainer: New best validation loss: -5.6874, saved to checkpoints/etas_kernel_cb_hab4_20260407/best_model_1.pth
2026-04-07 13:39:42,559 INFO src.train.trainer: Last model at epoch 584 saved to checkpoints/etas_kernel_cb_hab4_20260407/last_model_1.pth
2026-04-07 13:39:42,559 INFO src.train.trainer: Epoch 585
2026-04-07 13:39:42,609 INFO src.train.trainer: New best validation loss: -5.6877, saved to checkpoints/etas_kernel_cb_hab4_20260407/best_model_1.pth
2026-04-07 13:39:42,611 INFO src.train.trainer: Last model at epoch 585 saved to checkpoints/etas_kernel_cb_hab4_20260407/last_model_1.pth
2026-04-07 13:39:42,611 INFO src.train.trainer: Epoch 586
2026-04-07 13:39:42,660 INFO src.train.trainer: New best validation loss: -5.6880, saved to checkpoints/etas_kernel_cb_hab4_20260407/best_model_1.pth
2026-04-07 13:39:42,662 INFO src.train.trainer: Last model at epoch 586 saved to checkpoints/etas_kernel_cb_hab4_20260407/last_model_1.pth
2026-04-07 13:39:42,662 INFO src.train.trainer: Epoch 587
2026-04-07 13:39:42,714 INFO src.train.trainer: New best validation loss: -5.6883, saved to checkpoints/etas_kernel_cb_hab4_20260407/best_model_1.pth
2026-04-07 13:39:42,716 INFO src.train.trainer: Last model at epoch 587 saved to checkpoints/etas_kernel_cb_hab4_20260407/last_model_1.pth
2026-04-07 13:39:42,716 INFO src.train.trainer: Epoch 588
2026-04-07 13:39:42,763 INFO src.train.trainer: New best validation loss: -5.6886, saved to checkpoints/etas_kernel_cb_hab4_20260407/best_model_1.pth
2026-04-07 13:39:42,766 INFO src.train.trainer: Last model at epoch 588 saved to checkpoints/etas_kernel_cb_hab4_20260407/last_model_1.pth
2026-04-07 13:39:42,766 INFO src.train.trainer: Epoch 589
2026-04-07 13:39:42,813 INFO src.train.trainer: New best validation loss: -5.6889, saved to checkpoints/etas_kernel_cb_hab4_20260407/best_model_1.pth
2026-04-07 13:39:42,815 INFO src.train.trainer: Last model at epoch 589 saved to checkpoints/etas_kernel_cb_hab4_20260407/last_model_1.pth
2026-04-07 13:39:42,815 INFO src.train.trainer: Epoch 590
2026-04-07 13:39:42,861 INFO src.train.trainer: New best validation loss: -5.6892, saved to checkpoints/etas_kernel_cb_hab4_20260407/best_model_1.pth
2026-04-07 13:39:42,863 INFO src.train.trainer: Last model at epoch 590 saved to checkpoints/etas_kernel_cb_hab4_20260407/last_model_1.pth
2026-04-07 13:39:42,863 INFO src.train.trainer: Epoch 591
2026-04-07 13:39:42,913 INFO src.train.trainer: New best validation loss: -5.6895, saved to checkpoints/etas_kernel_cb_hab4_20260407/best_model_1.pth
2026-04-07 13:39:42,914 INFO src.train.trainer: Last model at epoch 591 saved to checkpoints/etas_kernel_cb_hab4_20260407/last_model_1.pth
2026-04-07 13:39:42,914 INFO src.train.trainer: Epoch 592
2026-04-07 13:39:42,959 INFO src.train.trainer: New best validation loss: -5.6897, saved to checkpoints/etas_kernel_cb_hab4_20260407/best_model_1.pth
2026-04-07 13:39:42,961 INFO src.train.trainer: Last model at epoch 592 saved to checkpoints/etas_kernel_cb_hab4_20260407/last_model_1.pth
2026-04-07 13:39:42,961 INFO src.train.trainer: Epoch 593
2026-04-07 13:39:43,008 INFO src.train.trainer: New best validation loss: -5.6900, saved to checkpoints/etas_kernel_cb_hab4_20260407/best_model_1.pth
2026-04-07 13:39:43,010 INFO src.train.trainer: Last model at epoch 593 saved to checkpoints/etas_kernel_cb_hab4_20260407/last_model_1.pth
2026-04-07 13:39:43,010 INFO src.train.trainer: Epoch 594
2026-04-07 13:39:43,059 INFO src.train.trainer: New best validation loss: -5.6903, saved to checkpoints/etas_kernel_cb_hab4_20260407/best_model_1.pth
2026-04-07 13:39:43,061 INFO src.train.trainer: Last model at epoch 594 saved to checkpoints/etas_kernel_cb_hab4_20260407/last_model_1.pth
2026-04-07 13:39:43,061 INFO src.train.trainer: Epoch 595
2026-04-07 13:39:43,113 INFO src.train.trainer: New best validation loss: -5.6906, saved to checkpoints/etas_kernel_cb_hab4_20260407/best_model_1.pth
2026-04-07 13:39:43,115 INFO src.train.trainer: Last model at epoch 595 saved to checkpoints/etas_kernel_cb_hab4_20260407/last_model_1.pth
2026-04-07 13:39:43,116 INFO src.train.trainer: Epoch 596
2026-04-07 13:39:43,166 INFO src.train.trainer: New best validation loss: -5.6909, saved to checkpoints/etas_kernel_cb_hab4_20260407/best_model_1.pth
2026-04-07 13:39:43,167 INFO src.train.trainer: Last model at epoch 596 saved to checkpoints/etas_kernel_cb_hab4_20260407/last_model_1.pth
2026-04-07 13:39:43,167 INFO src.train.trainer: Epoch 597
2026-04-07 13:39:43,216 INFO src.train.trainer: New best validation loss: -5.6911, saved to checkpoints/etas_kernel_cb_hab4_20260407/best_model_1.pth
2026-04-07 13:39:43,218 INFO src.train.trainer: Last model at epoch 597 saved to checkpoints/etas_kernel_cb_hab4_20260407/last_model_1.pth
2026-04-07 13:39:43,218 INFO src.train.trainer: Epoch 598
2026-04-07 13:39:43,268 INFO src.train.trainer: New best validation loss: -5.6914, saved to checkpoints/etas_kernel_cb_hab4_20260407/best_model_1.pth
2026-04-07 13:39:43,270 INFO src.train.trainer: Last model at epoch 598 saved to checkpoints/etas_kernel_cb_hab4_20260407/last_model_1.pth
2026-04-07 13:39:43,270 INFO src.train.trainer: Epoch 599
2026-04-07 13:39:43,322 INFO src.train.trainer: New best validation loss: -5.6917, saved to checkpoints/etas_kernel_cb_hab4_20260407/best_model_1.pth
2026-04-07 13:39:43,324 INFO src.train.trainer: Last model at epoch 599 saved to checkpoints/etas_kernel_cb_hab4_20260407/last_model_1.pth
2026-04-07 13:39:43,324 INFO src.train.trainer: Epoch 600
2026-04-07 13:39:43,377 INFO src.train.trainer: New best validation loss: -5.6919, saved to checkpoints/etas_kernel_cb_hab4_20260407/best_model_1.pth
2026-04-07 13:39:43,378 INFO src.train.trainer: Last model at epoch 600 saved to checkpoints/etas_kernel_cb_hab4_20260407/last_model_1.pth
2026-04-07 13:39:43,378 INFO src.train.trainer: Epoch 601
2026-04-07 13:39:43,436 INFO src.train.trainer: New best validation loss: -5.6922, saved to checkpoints/etas_kernel_cb_hab4_20260407/best_model_1.pth
2026-04-07 13:39:43,438 INFO src.train.trainer: Last model at epoch 601 saved to checkpoints/etas_kernel_cb_hab4_20260407/last_model_1.pth
2026-04-07 13:39:43,438 INFO src.train.trainer: Epoch 602
2026-04-07 13:39:43,479 INFO src.train.trainer: New best validation loss: -5.6925, saved to checkpoints/etas_kernel_cb_hab4_20260407/best_model_1.pth
2026-04-07 13:39:43,480 INFO src.train.trainer: Last model at epoch 602 saved to checkpoints/etas_kernel_cb_hab4_20260407/last_model_1.pth
2026-04-07 13:39:43,480 INFO src.train.trainer: Epoch 603
2026-04-07 13:39:43,534 INFO src.train.trainer: New best validation loss: -5.6928, saved to checkpoints/etas_kernel_cb_hab4_20260407/best_model_1.pth
2026-04-07 13:39:43,536 INFO src.train.trainer: Last model at epoch 603 saved to checkpoints/etas_kernel_cb_hab4_20260407/last_model_1.pth
2026-04-07 13:39:43,536 INFO src.train.trainer: Epoch 604
2026-04-07 13:39:43,586 INFO src.train.trainer: New best validation loss: -5.6930, saved to checkpoints/etas_kernel_cb_hab4_20260407/best_model_1.pth
2026-04-07 13:39:43,587 INFO src.train.trainer: Last model at epoch 604 saved to checkpoints/etas_kernel_cb_hab4_20260407/last_model_1.pth
2026-04-07 13:39:43,587 INFO src.train.trainer: Epoch 605
2026-04-07 13:39:43,642 INFO src.train.trainer: New best validation loss: -5.6933, saved to checkpoints/etas_kernel_cb_hab4_20260407/best_model_1.pth
2026-04-07 13:39:43,644 INFO src.train.trainer: Last model at epoch 605 saved to checkpoints/etas_kernel_cb_hab4_20260407/last_model_1.pth
2026-04-07 13:39:43,644 INFO src.train.trainer: Epoch 606
2026-04-07 13:39:43,695 INFO src.train.trainer: New best validation loss: -5.6935, saved to checkpoints/etas_kernel_cb_hab4_20260407/best_model_1.pth
2026-04-07 13:39:43,697 INFO src.train.trainer: Last model at epoch 606 saved to checkpoints/etas_kernel_cb_hab4_20260407/last_model_1.pth
2026-04-07 13:39:43,697 INFO src.train.trainer: Epoch 607
2026-04-07 13:39:43,751 INFO src.train.trainer: New best validation loss: -5.6938, saved to checkpoints/etas_kernel_cb_hab4_20260407/best_model_1.pth
2026-04-07 13:39:43,752 INFO src.train.trainer: Last model at epoch 607 saved to checkpoints/etas_kernel_cb_hab4_20260407/last_model_1.pth
2026-04-07 13:39:43,753 INFO src.train.trainer: Epoch 608
2026-04-07 13:39:43,806 INFO src.train.trainer: New best validation loss: -5.6941, saved to checkpoints/etas_kernel_cb_hab4_20260407/best_model_1.pth
2026-04-07 13:39:43,808 INFO src.train.trainer: Last model at epoch 608 saved to checkpoints/etas_kernel_cb_hab4_20260407/last_model_1.pth
2026-04-07 13:39:43,808 INFO src.train.trainer: Epoch 609
2026-04-07 13:39:43,862 INFO src.train.trainer: New best validation loss: -5.6943, saved to checkpoints/etas_kernel_cb_hab4_20260407/best_model_1.pth
2026-04-07 13:39:43,864 INFO src.train.trainer: Last model at epoch 609 saved to checkpoints/etas_kernel_cb_hab4_20260407/last_model_1.pth
2026-04-07 13:39:43,864 INFO src.train.trainer: Epoch 610
2026-04-07 13:39:43,919 INFO src.train.trainer: New best validation loss: -5.6946, saved to checkpoints/etas_kernel_cb_hab4_20260407/best_model_1.pth
2026-04-07 13:39:43,921 INFO src.train.trainer: Last model at epoch 610 saved to checkpoints/etas_kernel_cb_hab4_20260407/last_model_1.pth
2026-04-07 13:39:43,921 INFO src.train.trainer: Epoch 611
2026-04-07 13:39:43,978 INFO src.train.trainer: New best validation loss: -5.6948, saved to checkpoints/etas_kernel_cb_hab4_20260407/best_model_1.pth
2026-04-07 13:39:43,979 INFO src.train.trainer: Last model at epoch 611 saved to checkpoints/etas_kernel_cb_hab4_20260407/last_model_1.pth
2026-04-07 13:39:43,979 INFO src.train.trainer: Epoch 612
2026-04-07 13:39:44,036 INFO src.train.trainer: New best validation loss: -5.6951, saved to checkpoints/etas_kernel_cb_hab4_20260407/best_model_1.pth
2026-04-07 13:39:44,038 INFO src.train.trainer: Last model at epoch 612 saved to checkpoints/etas_kernel_cb_hab4_20260407/last_model_1.pth
2026-04-07 13:39:44,038 INFO src.train.trainer: Epoch 613
2026-04-07 13:39:44,095 INFO src.train.trainer: New best validation loss: -5.6953, saved to checkpoints/etas_kernel_cb_hab4_20260407/best_model_1.pth
2026-04-07 13:39:44,097 INFO src.train.trainer: Last model at epoch 613 saved to checkpoints/etas_kernel_cb_hab4_20260407/last_model_1.pth
2026-04-07 13:39:44,097 INFO src.train.trainer: Epoch 614
2026-04-07 13:39:44,161 INFO src.train.trainer: New best validation loss: -5.6956, saved to checkpoints/etas_kernel_cb_hab4_20260407/best_model_1.pth
2026-04-07 13:39:44,163 INFO src.train.trainer: Last model at epoch 614 saved to checkpoints/etas_kernel_cb_hab4_20260407/last_model_1.pth
2026-04-07 13:39:44,163 INFO src.train.trainer: Epoch 615
2026-04-07 13:39:44,223 INFO src.train.trainer: New best validation loss: -5.6958, saved to checkpoints/etas_kernel_cb_hab4_20260407/best_model_1.pth
2026-04-07 13:39:44,225 INFO src.train.trainer: Last model at epoch 615 saved to checkpoints/etas_kernel_cb_hab4_20260407/last_model_1.pth
2026-04-07 13:39:44,225 INFO src.train.trainer: Epoch 616
2026-04-07 13:39:44,277 INFO src.train.trainer: New best validation loss: -5.6961, saved to checkpoints/etas_kernel_cb_hab4_20260407/best_model_1.pth
2026-04-07 13:39:44,279 INFO src.train.trainer: Last model at epoch 616 saved to checkpoints/etas_kernel_cb_hab4_20260407/last_model_1.pth
2026-04-07 13:39:44,279 INFO src.train.trainer: Epoch 617
2026-04-07 13:39:44,332 INFO src.train.trainer: New best validation loss: -5.6963, saved to checkpoints/etas_kernel_cb_hab4_20260407/best_model_1.pth
2026-04-07 13:39:44,334 INFO src.train.trainer: Last model at epoch 617 saved to checkpoints/etas_kernel_cb_hab4_20260407/last_model_1.pth
2026-04-07 13:39:44,334 INFO src.train.trainer: Epoch 618
2026-04-07 13:39:44,390 INFO src.train.trainer: New best validation loss: -5.6966, saved to checkpoints/etas_kernel_cb_hab4_20260407/best_model_1.pth
2026-04-07 13:39:44,392 INFO src.train.trainer: Last model at epoch 618 saved to checkpoints/etas_kernel_cb_hab4_20260407/last_model_1.pth
2026-04-07 13:39:44,392 INFO src.train.trainer: Epoch 619
2026-04-07 13:39:44,449 INFO src.train.trainer: New best validation loss: -5.6968, saved to checkpoints/etas_kernel_cb_hab4_20260407/best_model_1.pth
2026-04-07 13:39:44,451 INFO src.train.trainer: Last model at epoch 619 saved to checkpoints/etas_kernel_cb_hab4_20260407/last_model_1.pth
2026-04-07 13:39:44,451 INFO src.train.trainer: Epoch 620
2026-04-07 13:39:44,507 INFO src.train.trainer: New best validation loss: -5.6970, saved to checkpoints/etas_kernel_cb_hab4_20260407/best_model_1.pth
2026-04-07 13:39:44,509 INFO src.train.trainer: Last model at epoch 620 saved to checkpoints/etas_kernel_cb_hab4_20260407/last_model_1.pth
2026-04-07 13:39:44,509 INFO src.train.trainer: Epoch 621
2026-04-07 13:39:44,568 INFO src.train.trainer: New best validation loss: -5.6973, saved to checkpoints/etas_kernel_cb_hab4_20260407/best_model_1.pth
2026-04-07 13:39:44,570 INFO src.train.trainer: Last model at epoch 621 saved to checkpoints/etas_kernel_cb_hab4_20260407/last_model_1.pth
2026-04-07 13:39:44,570 INFO src.train.trainer: Epoch 622
2026-04-07 13:39:44,631 INFO src.train.trainer: New best validation loss: -5.6975, saved to checkpoints/etas_kernel_cb_hab4_20260407/best_model_1.pth
2026-04-07 13:39:44,634 INFO src.train.trainer: Last model at epoch 622 saved to checkpoints/etas_kernel_cb_hab4_20260407/last_model_1.pth
2026-04-07 13:39:44,634 INFO src.train.trainer: Epoch 623
2026-04-07 13:39:44,697 INFO src.train.trainer: New best validation loss: -5.6978, saved to checkpoints/etas_kernel_cb_hab4_20260407/best_model_1.pth
2026-04-07 13:39:44,700 INFO src.train.trainer: Last model at epoch 623 saved to checkpoints/etas_kernel_cb_hab4_20260407/last_model_1.pth
2026-04-07 13:39:44,700 INFO src.train.trainer: Epoch 624
2026-04-07 13:39:44,761 INFO src.train.trainer: New best validation loss: -5.6980, saved to checkpoints/etas_kernel_cb_hab4_20260407/best_model_1.pth
2026-04-07 13:39:44,764 INFO src.train.trainer: Last model at epoch 624 saved to checkpoints/etas_kernel_cb_hab4_20260407/last_model_1.pth
2026-04-07 13:39:44,764 INFO src.train.trainer: Epoch 625
2026-04-07 13:39:44,812 INFO src.train.trainer: New best validation loss: -5.6982, saved to checkpoints/etas_kernel_cb_hab4_20260407/best_model_1.pth
2026-04-07 13:39:44,814 INFO src.train.trainer: Last model at epoch 625 saved to checkpoints/etas_kernel_cb_hab4_20260407/last_model_1.pth
2026-04-07 13:39:44,814 INFO src.train.trainer: Epoch 626
2026-04-07 13:39:44,868 INFO src.train.trainer: New best validation loss: -5.6985, saved to checkpoints/etas_kernel_cb_hab4_20260407/best_model_1.pth
2026-04-07 13:39:44,870 INFO src.train.trainer: Last model at epoch 626 saved to checkpoints/etas_kernel_cb_hab4_20260407/last_model_1.pth
2026-04-07 13:39:44,870 INFO src.train.trainer: Epoch 627
2026-04-07 13:39:44,913 INFO src.train.trainer: New best validation loss: -5.6987, saved to checkpoints/etas_kernel_cb_hab4_20260407/best_model_1.pth
2026-04-07 13:39:44,915 INFO src.train.trainer: Last model at epoch 627 saved to checkpoints/etas_kernel_cb_hab4_20260407/last_model_1.pth
2026-04-07 13:39:44,915 INFO src.train.trainer: Epoch 628
2026-04-07 13:39:44,960 INFO src.train.trainer: New best validation loss: -5.6989, saved to checkpoints/etas_kernel_cb_hab4_20260407/best_model_1.pth
2026-04-07 13:39:44,962 INFO src.train.trainer: Last model at epoch 628 saved to checkpoints/etas_kernel_cb_hab4_20260407/last_model_1.pth
2026-04-07 13:39:44,962 INFO src.train.trainer: Epoch 629
2026-04-07 13:39:45,005 INFO src.train.trainer: New best validation loss: -5.6991, saved to checkpoints/etas_kernel_cb_hab4_20260407/best_model_1.pth
2026-04-07 13:39:45,007 INFO src.train.trainer: Last model at epoch 629 saved to checkpoints/etas_kernel_cb_hab4_20260407/last_model_1.pth
2026-04-07 13:39:45,007 INFO src.train.trainer: Epoch 630
2026-04-07 13:39:45,053 INFO src.train.trainer: New best validation loss: -5.6994, saved to checkpoints/etas_kernel_cb_hab4_20260407/best_model_1.pth
2026-04-07 13:39:45,055 INFO src.train.trainer: Last model at epoch 630 saved to checkpoints/etas_kernel_cb_hab4_20260407/last_model_1.pth
2026-04-07 13:39:45,056 INFO src.train.trainer: Epoch 631
2026-04-07 13:39:45,106 INFO src.train.trainer: New best validation loss: -5.6996, saved to checkpoints/etas_kernel_cb_hab4_20260407/best_model_1.pth
2026-04-07 13:39:45,108 INFO src.train.trainer: Last model at epoch 631 saved to checkpoints/etas_kernel_cb_hab4_20260407/last_model_1.pth
2026-04-07 13:39:45,108 INFO src.train.trainer: Epoch 632
2026-04-07 13:39:45,156 INFO src.train.trainer: New best validation loss: -5.6998, saved to checkpoints/etas_kernel_cb_hab4_20260407/best_model_1.pth
2026-04-07 13:39:45,158 INFO src.train.trainer: Last model at epoch 632 saved to checkpoints/etas_kernel_cb_hab4_20260407/last_model_1.pth
2026-04-07 13:39:45,158 INFO src.train.trainer: Epoch 633
2026-04-07 13:39:45,206 INFO src.train.trainer: New best validation loss: -5.7000, saved to checkpoints/etas_kernel_cb_hab4_20260407/best_model_1.pth
2026-04-07 13:39:45,208 INFO src.train.trainer: Last model at epoch 633 saved to checkpoints/etas_kernel_cb_hab4_20260407/last_model_1.pth
2026-04-07 13:39:45,208 INFO src.train.trainer: Epoch 634
2026-04-07 13:39:45,255 INFO src.train.trainer: New best validation loss: -5.7002, saved to checkpoints/etas_kernel_cb_hab4_20260407/best_model_1.pth
2026-04-07 13:39:45,257 INFO src.train.trainer: Last model at epoch 634 saved to checkpoints/etas_kernel_cb_hab4_20260407/last_model_1.pth
2026-04-07 13:39:45,257 INFO src.train.trainer: Epoch 635
2026-04-07 13:39:45,306 INFO src.train.trainer: New best validation loss: -5.7005, saved to checkpoints/etas_kernel_cb_hab4_20260407/best_model_1.pth
2026-04-07 13:39:45,308 INFO src.train.trainer: Last model at epoch 635 saved to checkpoints/etas_kernel_cb_hab4_20260407/last_model_1.pth
2026-04-07 13:39:45,308 INFO src.train.trainer: Epoch 636
2026-04-07 13:39:45,359 INFO src.train.trainer: New best validation loss: -5.7007, saved to checkpoints/etas_kernel_cb_hab4_20260407/best_model_1.pth
2026-04-07 13:39:45,362 INFO src.train.trainer: Last model at epoch 636 saved to checkpoints/etas_kernel_cb_hab4_20260407/last_model_1.pth
2026-04-07 13:39:45,362 INFO src.train.trainer: Epoch 637
2026-04-07 13:39:45,420 INFO src.train.trainer: New best validation loss: -5.7009, saved to checkpoints/etas_kernel_cb_hab4_20260407/best_model_1.pth
2026-04-07 13:39:45,422 INFO src.train.trainer: Last model at epoch 637 saved to checkpoints/etas_kernel_cb_hab4_20260407/last_model_1.pth
2026-04-07 13:39:45,422 INFO src.train.trainer: Epoch 638
2026-04-07 13:39:45,474 INFO src.train.trainer: New best validation loss: -5.7011, saved to checkpoints/etas_kernel_cb_hab4_20260407/best_model_1.pth
2026-04-07 13:39:45,475 INFO src.train.trainer: Last model at epoch 638 saved to checkpoints/etas_kernel_cb_hab4_20260407/last_model_1.pth
2026-04-07 13:39:45,475 INFO src.train.trainer: Epoch 639
2026-04-07 13:39:45,523 INFO src.train.trainer: New best validation loss: -5.7013, saved to checkpoints/etas_kernel_cb_hab4_20260407/best_model_1.pth
2026-04-07 13:39:45,525 INFO src.train.trainer: Last model at epoch 639 saved to checkpoints/etas_kernel_cb_hab4_20260407/last_model_1.pth
2026-04-07 13:39:45,525 INFO src.train.trainer: Epoch 640
2026-04-07 13:39:45,576 INFO src.train.trainer: New best validation loss: -5.7015, saved to checkpoints/etas_kernel_cb_hab4_20260407/best_model_1.pth
2026-04-07 13:39:45,578 INFO src.train.trainer: Last model at epoch 640 saved to checkpoints/etas_kernel_cb_hab4_20260407/last_model_1.pth
2026-04-07 13:39:45,578 INFO src.train.trainer: Epoch 641
2026-04-07 13:39:45,630 INFO src.train.trainer: New best validation loss: -5.7017, saved to checkpoints/etas_kernel_cb_hab4_20260407/best_model_1.pth
2026-04-07 13:39:45,632 INFO src.train.trainer: Last model at epoch 641 saved to checkpoints/etas_kernel_cb_hab4_20260407/last_model_1.pth
2026-04-07 13:39:45,632 INFO src.train.trainer: Epoch 642
2026-04-07 13:39:45,686 INFO src.train.trainer: New best validation loss: -5.7019, saved to checkpoints/etas_kernel_cb_hab4_20260407/best_model_1.pth
2026-04-07 13:39:45,689 INFO src.train.trainer: Last model at epoch 642 saved to checkpoints/etas_kernel_cb_hab4_20260407/last_model_1.pth
2026-04-07 13:39:45,689 INFO src.train.trainer: Epoch 643
2026-04-07 13:39:45,746 INFO src.train.trainer: New best validation loss: -5.7021, saved to checkpoints/etas_kernel_cb_hab4_20260407/best_model_1.pth
2026-04-07 13:39:45,748 INFO src.train.trainer: Last model at epoch 643 saved to checkpoints/etas_kernel_cb_hab4_20260407/last_model_1.pth
2026-04-07 13:39:45,748 INFO src.train.trainer: Epoch 644
2026-04-07 13:39:45,801 INFO src.train.trainer: New best validation loss: -5.7023, saved to checkpoints/etas_kernel_cb_hab4_20260407/best_model_1.pth
2026-04-07 13:39:45,803 INFO src.train.trainer: Last model at epoch 644 saved to checkpoints/etas_kernel_cb_hab4_20260407/last_model_1.pth
2026-04-07 13:39:45,803 INFO src.train.trainer: Epoch 645
2026-04-07 13:39:45,865 INFO src.train.trainer: New best validation loss: -5.7025, saved to checkpoints/etas_kernel_cb_hab4_20260407/best_model_1.pth
2026-04-07 13:39:45,867 INFO src.train.trainer: Last model at epoch 645 saved to checkpoints/etas_kernel_cb_hab4_20260407/last_model_1.pth
2026-04-07 13:39:45,867 INFO src.train.trainer: Epoch 646
2026-04-07 13:39:45,925 INFO src.train.trainer: New best validation loss: -5.7027, saved to checkpoints/etas_kernel_cb_hab4_20260407/best_model_1.pth
2026-04-07 13:39:45,927 INFO src.train.trainer: Last model at epoch 646 saved to checkpoints/etas_kernel_cb_hab4_20260407/last_model_1.pth
2026-04-07 13:39:45,927 INFO src.train.trainer: Epoch 647
2026-04-07 13:39:45,985 INFO src.train.trainer: New best validation loss: -5.7030, saved to checkpoints/etas_kernel_cb_hab4_20260407/best_model_1.pth
2026-04-07 13:39:45,987 INFO src.train.trainer: Last model at epoch 647 saved to checkpoints/etas_kernel_cb_hab4_20260407/last_model_1.pth
2026-04-07 13:39:45,987 INFO src.train.trainer: Epoch 648
2026-04-07 13:39:46,051 INFO src.train.trainer: New best validation loss: -5.7031, saved to checkpoints/etas_kernel_cb_hab4_20260407/best_model_1.pth
2026-04-07 13:39:46,053 INFO src.train.trainer: Last model at epoch 648 saved to checkpoints/etas_kernel_cb_hab4_20260407/last_model_1.pth
2026-04-07 13:39:46,053 INFO src.train.trainer: Epoch 649
2026-04-07 13:39:46,113 INFO src.train.trainer: New best validation loss: -5.7033, saved to checkpoints/etas_kernel_cb_hab4_20260407/best_model_1.pth
2026-04-07 13:39:46,116 INFO src.train.trainer: Last model at epoch 649 saved to checkpoints/etas_kernel_cb_hab4_20260407/last_model_1.pth
2026-04-07 13:39:46,116 INFO src.train.trainer: Epoch 650
2026-04-07 13:39:46,182 INFO src.train.trainer: New best validation loss: -5.7035, saved to checkpoints/etas_kernel_cb_hab4_20260407/best_model_1.pth
2026-04-07 13:39:46,184 INFO src.train.trainer: Last model at epoch 650 saved to checkpoints/etas_kernel_cb_hab4_20260407/last_model_1.pth
2026-04-07 13:39:46,184 INFO src.train.trainer: Epoch 651
2026-04-07 13:39:46,247 INFO src.train.trainer: New best validation loss: -5.7037, saved to checkpoints/etas_kernel_cb_hab4_20260407/best_model_1.pth
2026-04-07 13:39:46,249 INFO src.train.trainer: Last model at epoch 651 saved to checkpoints/etas_kernel_cb_hab4_20260407/last_model_1.pth
2026-04-07 13:39:46,249 INFO src.train.trainer: Epoch 652
2026-04-07 13:39:46,301 INFO src.train.trainer: New best validation loss: -5.7039, saved to checkpoints/etas_kernel_cb_hab4_20260407/best_model_1.pth
2026-04-07 13:39:46,303 INFO src.train.trainer: Last model at epoch 652 saved to checkpoints/etas_kernel_cb_hab4_20260407/last_model_1.pth
2026-04-07 13:39:46,303 INFO src.train.trainer: Epoch 653
2026-04-07 13:39:46,360 INFO src.train.trainer: New best validation loss: -5.7041, saved to checkpoints/etas_kernel_cb_hab4_20260407/best_model_1.pth
2026-04-07 13:39:46,362 INFO src.train.trainer: Last model at epoch 653 saved to checkpoints/etas_kernel_cb_hab4_20260407/last_model_1.pth
2026-04-07 13:39:46,362 INFO src.train.trainer: Epoch 654
2026-04-07 13:39:46,420 INFO src.train.trainer: New best validation loss: -5.7043, saved to checkpoints/etas_kernel_cb_hab4_20260407/best_model_1.pth
2026-04-07 13:39:46,422 INFO src.train.trainer: Last model at epoch 654 saved to checkpoints/etas_kernel_cb_hab4_20260407/last_model_1.pth
2026-04-07 13:39:46,422 INFO src.train.trainer: Epoch 655
2026-04-07 13:39:46,481 INFO src.train.trainer: New best validation loss: -5.7045, saved to checkpoints/etas_kernel_cb_hab4_20260407/best_model_1.pth
2026-04-07 13:39:46,483 INFO src.train.trainer: Last model at epoch 655 saved to checkpoints/etas_kernel_cb_hab4_20260407/last_model_1.pth
2026-04-07 13:39:46,483 INFO src.train.trainer: Epoch 656
2026-04-07 13:39:46,544 INFO src.train.trainer: New best validation loss: -5.7047, saved to checkpoints/etas_kernel_cb_hab4_20260407/best_model_1.pth
2026-04-07 13:39:46,546 INFO src.train.trainer: Last model at epoch 656 saved to checkpoints/etas_kernel_cb_hab4_20260407/last_model_1.pth
2026-04-07 13:39:46,546 INFO src.train.trainer: Epoch 657
2026-04-07 13:39:46,611 INFO src.train.trainer: New best validation loss: -5.7049, saved to checkpoints/etas_kernel_cb_hab4_20260407/best_model_1.pth
2026-04-07 13:39:46,613 INFO src.train.trainer: Last model at epoch 657 saved to checkpoints/etas_kernel_cb_hab4_20260407/last_model_1.pth
2026-04-07 13:39:46,613 INFO src.train.trainer: Epoch 658
2026-04-07 13:39:46,675 INFO src.train.trainer: New best validation loss: -5.7051, saved to checkpoints/etas_kernel_cb_hab4_20260407/best_model_1.pth
2026-04-07 13:39:46,677 INFO src.train.trainer: Last model at epoch 658 saved to checkpoints/etas_kernel_cb_hab4_20260407/last_model_1.pth
2026-04-07 13:39:46,677 INFO src.train.trainer: Epoch 659
2026-04-07 13:39:46,745 INFO src.train.trainer: New best validation loss: -5.7053, saved to checkpoints/etas_kernel_cb_hab4_20260407/best_model_1.pth
2026-04-07 13:39:46,747 INFO src.train.trainer: Last model at epoch 659 saved to checkpoints/etas_kernel_cb_hab4_20260407/last_model_1.pth
2026-04-07 13:39:46,747 INFO src.train.trainer: Epoch 660
2026-04-07 13:39:46,808 INFO src.train.trainer: New best validation loss: -5.7054, saved to checkpoints/etas_kernel_cb_hab4_20260407/best_model_1.pth
2026-04-07 13:39:46,810 INFO src.train.trainer: Last model at epoch 660 saved to checkpoints/etas_kernel_cb_hab4_20260407/last_model_1.pth
2026-04-07 13:39:46,810 INFO src.train.trainer: Epoch 661
2026-04-07 13:39:46,871 INFO src.train.trainer: New best validation loss: -5.7056, saved to checkpoints/etas_kernel_cb_hab4_20260407/best_model_1.pth
2026-04-07 13:39:46,873 INFO src.train.trainer: Last model at epoch 661 saved to checkpoints/etas_kernel_cb_hab4_20260407/last_model_1.pth
2026-04-07 13:39:46,874 INFO src.train.trainer: Epoch 662
2026-04-07 13:39:46,935 INFO src.train.trainer: New best validation loss: -5.7058, saved to checkpoints/etas_kernel_cb_hab4_20260407/best_model_1.pth
2026-04-07 13:39:46,937 INFO src.train.trainer: Last model at epoch 662 saved to checkpoints/etas_kernel_cb_hab4_20260407/last_model_1.pth
2026-04-07 13:39:46,937 INFO src.train.trainer: Epoch 663
2026-04-07 13:39:47,000 INFO src.train.trainer: New best validation loss: -5.7060, saved to checkpoints/etas_kernel_cb_hab4_20260407/best_model_1.pth
2026-04-07 13:39:47,002 INFO src.train.trainer: Last model at epoch 663 saved to checkpoints/etas_kernel_cb_hab4_20260407/last_model_1.pth
2026-04-07 13:39:47,002 INFO src.train.trainer: Epoch 664
2026-04-07 13:39:47,064 INFO src.train.trainer: New best validation loss: -5.7062, saved to checkpoints/etas_kernel_cb_hab4_20260407/best_model_1.pth
2026-04-07 13:39:47,066 INFO src.train.trainer: Last model at epoch 664 saved to checkpoints/etas_kernel_cb_hab4_20260407/last_model_1.pth
2026-04-07 13:39:47,066 INFO src.train.trainer: Epoch 665
2026-04-07 13:39:47,134 INFO src.train.trainer: New best validation loss: -5.7064, saved to checkpoints/etas_kernel_cb_hab4_20260407/best_model_1.pth
2026-04-07 13:39:47,136 INFO src.train.trainer: Last model at epoch 665 saved to checkpoints/etas_kernel_cb_hab4_20260407/last_model_1.pth
2026-04-07 13:39:47,136 INFO src.train.trainer: Epoch 666
2026-04-07 13:39:47,196 INFO src.train.trainer: New best validation loss: -5.7065, saved to checkpoints/etas_kernel_cb_hab4_20260407/best_model_1.pth
2026-04-07 13:39:47,198 INFO src.train.trainer: Last model at epoch 666 saved to checkpoints/etas_kernel_cb_hab4_20260407/last_model_1.pth
2026-04-07 13:39:47,198 INFO src.train.trainer: Epoch 667
2026-04-07 13:39:47,266 INFO src.train.trainer: New best validation loss: -5.7067, saved to checkpoints/etas_kernel_cb_hab4_20260407/best_model_1.pth
2026-04-07 13:39:47,268 INFO src.train.trainer: Last model at epoch 667 saved to checkpoints/etas_kernel_cb_hab4_20260407/last_model_1.pth
2026-04-07 13:39:47,268 INFO src.train.trainer: Epoch 668
2026-04-07 13:39:47,326 INFO src.train.trainer: New best validation loss: -5.7069, saved to checkpoints/etas_kernel_cb_hab4_20260407/best_model_1.pth
2026-04-07 13:39:47,329 INFO src.train.trainer: Last model at epoch 668 saved to checkpoints/etas_kernel_cb_hab4_20260407/last_model_1.pth
2026-04-07 13:39:47,329 INFO src.train.trainer: Epoch 669
2026-04-07 13:39:47,389 INFO src.train.trainer: New best validation loss: -5.7071, saved to checkpoints/etas_kernel_cb_hab4_20260407/best_model_1.pth
2026-04-07 13:39:47,391 INFO src.train.trainer: Last model at epoch 669 saved to checkpoints/etas_kernel_cb_hab4_20260407/last_model_1.pth
2026-04-07 13:39:47,391 INFO src.train.trainer: Epoch 670
2026-04-07 13:39:47,450 INFO src.train.trainer: New best validation loss: -5.7073, saved to checkpoints/etas_kernel_cb_hab4_20260407/best_model_1.pth
2026-04-07 13:39:47,452 INFO src.train.trainer: Last model at epoch 670 saved to checkpoints/etas_kernel_cb_hab4_20260407/last_model_1.pth
2026-04-07 13:39:47,452 INFO src.train.trainer: Epoch 671
2026-04-07 13:39:47,512 INFO src.train.trainer: New best validation loss: -5.7074, saved to checkpoints/etas_kernel_cb_hab4_20260407/best_model_1.pth
2026-04-07 13:39:47,514 INFO src.train.trainer: Last model at epoch 671 saved to checkpoints/etas_kernel_cb_hab4_20260407/last_model_1.pth
2026-04-07 13:39:47,514 INFO src.train.trainer: Epoch 672
2026-04-07 13:39:47,573 INFO src.train.trainer: New best validation loss: -5.7076, saved to checkpoints/etas_kernel_cb_hab4_20260407/best_model_1.pth
2026-04-07 13:39:47,575 INFO src.train.trainer: Last model at epoch 672 saved to checkpoints/etas_kernel_cb_hab4_20260407/last_model_1.pth
2026-04-07 13:39:47,575 INFO src.train.trainer: Epoch 673
2026-04-07 13:39:47,634 INFO src.train.trainer: New best validation loss: -5.7078, saved to checkpoints/etas_kernel_cb_hab4_20260407/best_model_1.pth
2026-04-07 13:39:47,636 INFO src.train.trainer: Last model at epoch 673 saved to checkpoints/etas_kernel_cb_hab4_20260407/last_model_1.pth
2026-04-07 13:39:47,636 INFO src.train.trainer: Epoch 674
2026-04-07 13:39:47,697 INFO src.train.trainer: New best validation loss: -5.7080, saved to checkpoints/etas_kernel_cb_hab4_20260407/best_model_1.pth
2026-04-07 13:39:47,699 INFO src.train.trainer: Last model at epoch 674 saved to checkpoints/etas_kernel_cb_hab4_20260407/last_model_1.pth
2026-04-07 13:39:47,699 INFO src.train.trainer: Epoch 675
2026-04-07 13:39:47,771 INFO src.train.trainer: New best validation loss: -5.7081, saved to checkpoints/etas_kernel_cb_hab4_20260407/best_model_1.pth
2026-04-07 13:39:47,773 INFO src.train.trainer: Last model at epoch 675 saved to checkpoints/etas_kernel_cb_hab4_20260407/last_model_1.pth
2026-04-07 13:39:47,773 INFO src.train.trainer: Epoch 676
2026-04-07 13:39:47,836 INFO src.train.trainer: New best validation loss: -5.7083, saved to checkpoints/etas_kernel_cb_hab4_20260407/best_model_1.pth
2026-04-07 13:39:47,838 INFO src.train.trainer: Last model at epoch 676 saved to checkpoints/etas_kernel_cb_hab4_20260407/last_model_1.pth
2026-04-07 13:39:47,838 INFO src.train.trainer: Epoch 677
2026-04-07 13:39:47,900 INFO src.train.trainer: New best validation loss: -5.7085, saved to checkpoints/etas_kernel_cb_hab4_20260407/best_model_1.pth
2026-04-07 13:39:47,902 INFO src.train.trainer: Last model at epoch 677 saved to checkpoints/etas_kernel_cb_hab4_20260407/last_model_1.pth
2026-04-07 13:39:47,902 INFO src.train.trainer: Epoch 678
2026-04-07 13:39:47,964 INFO src.train.trainer: New best validation loss: -5.7087, saved to checkpoints/etas_kernel_cb_hab4_20260407/best_model_1.pth
2026-04-07 13:39:47,966 INFO src.train.trainer: Last model at epoch 678 saved to checkpoints/etas_kernel_cb_hab4_20260407/last_model_1.pth
2026-04-07 13:39:47,966 INFO src.train.trainer: Epoch 679
2026-04-07 13:39:48,028 INFO src.train.trainer: New best validation loss: -5.7089, saved to checkpoints/etas_kernel_cb_hab4_20260407/best_model_1.pth
2026-04-07 13:39:48,030 INFO src.train.trainer: Last model at epoch 679 saved to checkpoints/etas_kernel_cb_hab4_20260407/last_model_1.pth
2026-04-07 13:39:48,030 INFO src.train.trainer: Epoch 680
2026-04-07 13:39:48,097 INFO src.train.trainer: New best validation loss: -5.7090, saved to checkpoints/etas_kernel_cb_hab4_20260407/best_model_1.pth
2026-04-07 13:39:48,099 INFO src.train.trainer: Last model at epoch 680 saved to checkpoints/etas_kernel_cb_hab4_20260407/last_model_1.pth
2026-04-07 13:39:48,099 INFO src.train.trainer: Epoch 681
2026-04-07 13:39:48,165 INFO src.train.trainer: New best validation loss: -5.7092, saved to checkpoints/etas_kernel_cb_hab4_20260407/best_model_1.pth
2026-04-07 13:39:48,167 INFO src.train.trainer: Last model at epoch 681 saved to checkpoints/etas_kernel_cb_hab4_20260407/last_model_1.pth
2026-04-07 13:39:48,167 INFO src.train.trainer: Epoch 682
2026-04-07 13:39:48,232 INFO src.train.trainer: New best validation loss: -5.7094, saved to checkpoints/etas_kernel_cb_hab4_20260407/best_model_1.pth
2026-04-07 13:39:48,234 INFO src.train.trainer: Last model at epoch 682 saved to checkpoints/etas_kernel_cb_hab4_20260407/last_model_1.pth
2026-04-07 13:39:48,235 INFO src.train.trainer: Epoch 683
2026-04-07 13:39:48,300 INFO src.train.trainer: New best validation loss: -5.7096, saved to checkpoints/etas_kernel_cb_hab4_20260407/best_model_1.pth
2026-04-07 13:39:48,302 INFO src.train.trainer: Last model at epoch 683 saved to checkpoints/etas_kernel_cb_hab4_20260407/last_model_1.pth
2026-04-07 13:39:48,302 INFO src.train.trainer: Epoch 684
2026-04-07 13:39:48,370 INFO src.train.trainer: New best validation loss: -5.7097, saved to checkpoints/etas_kernel_cb_hab4_20260407/best_model_1.pth
2026-04-07 13:39:48,372 INFO src.train.trainer: Last model at epoch 684 saved to checkpoints/etas_kernel_cb_hab4_20260407/last_model_1.pth
2026-04-07 13:39:48,372 INFO src.train.trainer: Epoch 685
2026-04-07 13:39:48,437 INFO src.train.trainer: New best validation loss: -5.7099, saved to checkpoints/etas_kernel_cb_hab4_20260407/best_model_1.pth
2026-04-07 13:39:48,440 INFO src.train.trainer: Last model at epoch 685 saved to checkpoints/etas_kernel_cb_hab4_20260407/last_model_1.pth
2026-04-07 13:39:48,440 INFO src.train.trainer: Epoch 686
2026-04-07 13:39:48,505 INFO src.train.trainer: New best validation loss: -5.7101, saved to checkpoints/etas_kernel_cb_hab4_20260407/best_model_1.pth
2026-04-07 13:39:48,507 INFO src.train.trainer: Last model at epoch 686 saved to checkpoints/etas_kernel_cb_hab4_20260407/last_model_1.pth
2026-04-07 13:39:48,507 INFO src.train.trainer: Epoch 687
2026-04-07 13:39:48,573 INFO src.train.trainer: New best validation loss: -5.7103, saved to checkpoints/etas_kernel_cb_hab4_20260407/best_model_1.pth
2026-04-07 13:39:48,575 INFO src.train.trainer: Last model at epoch 687 saved to checkpoints/etas_kernel_cb_hab4_20260407/last_model_1.pth
2026-04-07 13:39:48,575 INFO src.train.trainer: Epoch 688
2026-04-07 13:39:48,640 INFO src.train.trainer: New best validation loss: -5.7104, saved to checkpoints/etas_kernel_cb_hab4_20260407/best_model_1.pth
2026-04-07 13:39:48,642 INFO src.train.trainer: Last model at epoch 688 saved to checkpoints/etas_kernel_cb_hab4_20260407/last_model_1.pth
2026-04-07 13:39:48,642 INFO src.train.trainer: Epoch 689
2026-04-07 13:39:48,707 INFO src.train.trainer: New best validation loss: -5.7106, saved to checkpoints/etas_kernel_cb_hab4_20260407/best_model_1.pth
2026-04-07 13:39:48,709 INFO src.train.trainer: Last model at epoch 689 saved to checkpoints/etas_kernel_cb_hab4_20260407/last_model_1.pth
2026-04-07 13:39:48,710 INFO src.train.trainer: Epoch 690
2026-04-07 13:39:48,777 INFO src.train.trainer: New best validation loss: -5.7108, saved to checkpoints/etas_kernel_cb_hab4_20260407/best_model_1.pth
2026-04-07 13:39:48,779 INFO src.train.trainer: Last model at epoch 690 saved to checkpoints/etas_kernel_cb_hab4_20260407/last_model_1.pth
2026-04-07 13:39:48,779 INFO src.train.trainer: Epoch 691
2026-04-07 13:39:48,843 INFO src.train.trainer: New best validation loss: -5.7110, saved to checkpoints/etas_kernel_cb_hab4_20260407/best_model_1.pth
2026-04-07 13:39:48,845 INFO src.train.trainer: Last model at epoch 691 saved to checkpoints/etas_kernel_cb_hab4_20260407/last_model_1.pth
2026-04-07 13:39:48,845 INFO src.train.trainer: Epoch 692
2026-04-07 13:39:48,903 INFO src.train.trainer: New best validation loss: -5.7112, saved to checkpoints/etas_kernel_cb_hab4_20260407/best_model_1.pth
2026-04-07 13:39:48,904 INFO src.train.trainer: Last model at epoch 692 saved to checkpoints/etas_kernel_cb_hab4_20260407/last_model_1.pth
2026-04-07 13:39:48,905 INFO src.train.trainer: Epoch 693
2026-04-07 13:39:48,959 INFO src.train.trainer: New best validation loss: -5.7113, saved to checkpoints/etas_kernel_cb_hab4_20260407/best_model_1.pth
2026-04-07 13:39:48,961 INFO src.train.trainer: Last model at epoch 693 saved to checkpoints/etas_kernel_cb_hab4_20260407/last_model_1.pth
2026-04-07 13:39:48,961 INFO src.train.trainer: Epoch 694
2026-04-07 13:39:49,021 INFO src.train.trainer: New best validation loss: -5.7115, saved to checkpoints/etas_kernel_cb_hab4_20260407/best_model_1.pth
2026-04-07 13:39:49,024 INFO src.train.trainer: Last model at epoch 694 saved to checkpoints/etas_kernel_cb_hab4_20260407/last_model_1.pth
2026-04-07 13:39:49,024 INFO src.train.trainer: Epoch 695
2026-04-07 13:39:49,084 INFO src.train.trainer: New best validation loss: -5.7117, saved to checkpoints/etas_kernel_cb_hab4_20260407/best_model_1.pth
2026-04-07 13:39:49,086 INFO src.train.trainer: Last model at epoch 695 saved to checkpoints/etas_kernel_cb_hab4_20260407/last_model_1.pth
2026-04-07 13:39:49,086 INFO src.train.trainer: Epoch 696
2026-04-07 13:39:49,149 INFO src.train.trainer: New best validation loss: -5.7119, saved to checkpoints/etas_kernel_cb_hab4_20260407/best_model_1.pth
2026-04-07 13:39:49,151 INFO src.train.trainer: Last model at epoch 696 saved to checkpoints/etas_kernel_cb_hab4_20260407/last_model_1.pth
2026-04-07 13:39:49,151 INFO src.train.trainer: Epoch 697
2026-04-07 13:39:49,215 INFO src.train.trainer: New best validation loss: -5.7121, saved to checkpoints/etas_kernel_cb_hab4_20260407/best_model_1.pth
2026-04-07 13:39:49,217 INFO src.train.trainer: Last model at epoch 697 saved to checkpoints/etas_kernel_cb_hab4_20260407/last_model_1.pth
2026-04-07 13:39:49,218 INFO src.train.trainer: Epoch 698
2026-04-07 13:39:49,281 INFO src.train.trainer: New best validation loss: -5.7123, saved to checkpoints/etas_kernel_cb_hab4_20260407/best_model_1.pth
2026-04-07 13:39:49,284 INFO src.train.trainer: Last model at epoch 698 saved to checkpoints/etas_kernel_cb_hab4_20260407/last_model_1.pth
2026-04-07 13:39:49,284 INFO src.train.trainer: Epoch 699
2026-04-07 13:39:49,352 INFO src.train.trainer: New best validation loss: -5.7124, saved to checkpoints/etas_kernel_cb_hab4_20260407/best_model_1.pth
2026-04-07 13:39:49,354 INFO src.train.trainer: Last model at epoch 699 saved to checkpoints/etas_kernel_cb_hab4_20260407/last_model_1.pth
2026-04-07 13:39:49,354 INFO src.train.trainer: Epoch 700
2026-04-07 13:39:49,422 INFO src.train.trainer: New best validation loss: -5.7126, saved to checkpoints/etas_kernel_cb_hab4_20260407/best_model_1.pth
2026-04-07 13:39:49,424 INFO src.train.trainer: Last model at epoch 700 saved to checkpoints/etas_kernel_cb_hab4_20260407/last_model_1.pth
2026-04-07 13:39:49,424 INFO src.train.trainer: Epoch 701
2026-04-07 13:39:49,489 INFO src.train.trainer: New best validation loss: -5.7128, saved to checkpoints/etas_kernel_cb_hab4_20260407/best_model_1.pth
2026-04-07 13:39:49,491 INFO src.train.trainer: Last model at epoch 701 saved to checkpoints/etas_kernel_cb_hab4_20260407/last_model_1.pth
2026-04-07 13:39:49,491 INFO src.train.trainer: Epoch 702
2026-04-07 13:39:49,553 INFO src.train.trainer: New best validation loss: -5.7130, saved to checkpoints/etas_kernel_cb_hab4_20260407/best_model_1.pth
2026-04-07 13:39:49,555 INFO src.train.trainer: Last model at epoch 702 saved to checkpoints/etas_kernel_cb_hab4_20260407/last_model_1.pth
2026-04-07 13:39:49,555 INFO src.train.trainer: Epoch 703
2026-04-07 13:39:49,617 INFO src.train.trainer: New best validation loss: -5.7132, saved to checkpoints/etas_kernel_cb_hab4_20260407/best_model_1.pth
2026-04-07 13:39:49,619 INFO src.train.trainer: Last model at epoch 703 saved to checkpoints/etas_kernel_cb_hab4_20260407/last_model_1.pth
2026-04-07 13:39:49,619 INFO src.train.trainer: Epoch 704
2026-04-07 13:39:49,681 INFO src.train.trainer: New best validation loss: -5.7134, saved to checkpoints/etas_kernel_cb_hab4_20260407/best_model_1.pth
2026-04-07 13:39:49,683 INFO src.train.trainer: Last model at epoch 704 saved to checkpoints/etas_kernel_cb_hab4_20260407/last_model_1.pth
2026-04-07 13:39:49,683 INFO src.train.trainer: Epoch 705
2026-04-07 13:39:49,746 INFO src.train.trainer: New best validation loss: -5.7136, saved to checkpoints/etas_kernel_cb_hab4_20260407/best_model_1.pth
2026-04-07 13:39:49,748 INFO src.train.trainer: Last model at epoch 705 saved to checkpoints/etas_kernel_cb_hab4_20260407/last_model_1.pth
2026-04-07 13:39:49,748 INFO src.train.trainer: Epoch 706
2026-04-07 13:39:49,810 INFO src.train.trainer: New best validation loss: -5.7137, saved to checkpoints/etas_kernel_cb_hab4_20260407/best_model_1.pth
2026-04-07 13:39:49,812 INFO src.train.trainer: Last model at epoch 706 saved to checkpoints/etas_kernel_cb_hab4_20260407/last_model_1.pth
2026-04-07 13:39:49,812 INFO src.train.trainer: Epoch 707
2026-04-07 13:39:49,877 INFO src.train.trainer: New best validation loss: -5.7139, saved to checkpoints/etas_kernel_cb_hab4_20260407/best_model_1.pth
2026-04-07 13:39:49,879 INFO src.train.trainer: Last model at epoch 707 saved to checkpoints/etas_kernel_cb_hab4_20260407/last_model_1.pth
2026-04-07 13:39:49,879 INFO src.train.trainer: Epoch 708
2026-04-07 13:39:49,947 INFO src.train.trainer: New best validation loss: -5.7141, saved to checkpoints/etas_kernel_cb_hab4_20260407/best_model_1.pth
2026-04-07 13:39:49,949 INFO src.train.trainer: Last model at epoch 708 saved to checkpoints/etas_kernel_cb_hab4_20260407/last_model_1.pth
2026-04-07 13:39:49,950 INFO src.train.trainer: Epoch 709
2026-04-07 13:39:50,015 INFO src.train.trainer: New best validation loss: -5.7143, saved to checkpoints/etas_kernel_cb_hab4_20260407/best_model_1.pth
2026-04-07 13:39:50,017 INFO src.train.trainer: Last model at epoch 709 saved to checkpoints/etas_kernel_cb_hab4_20260407/last_model_1.pth
2026-04-07 13:39:50,017 INFO src.train.trainer: Epoch 710
2026-04-07 13:39:50,086 INFO src.train.trainer: New best validation loss: -5.7145, saved to checkpoints/etas_kernel_cb_hab4_20260407/best_model_1.pth
2026-04-07 13:39:50,088 INFO src.train.trainer: Last model at epoch 710 saved to checkpoints/etas_kernel_cb_hab4_20260407/last_model_1.pth
2026-04-07 13:39:50,088 INFO src.train.trainer: Epoch 711
2026-04-07 13:39:50,158 INFO src.train.trainer: New best validation loss: -5.7147, saved to checkpoints/etas_kernel_cb_hab4_20260407/best_model_1.pth
2026-04-07 13:39:50,161 INFO src.train.trainer: Last model at epoch 711 saved to checkpoints/etas_kernel_cb_hab4_20260407/last_model_1.pth
2026-04-07 13:39:50,161 INFO src.train.trainer: Epoch 712
2026-04-07 13:39:50,229 INFO src.train.trainer: New best validation loss: -5.7149, saved to checkpoints/etas_kernel_cb_hab4_20260407/best_model_1.pth
2026-04-07 13:39:50,346 INFO src.train.trainer: Last model at epoch 712 saved to checkpoints/etas_kernel_cb_hab4_20260407/last_model_1.pth
2026-04-07 13:39:50,346 INFO src.train.trainer: Epoch 713
2026-04-07 13:39:50,515 INFO src.train.trainer: New best validation loss: -5.7151, saved to checkpoints/etas_kernel_cb_hab4_20260407/best_model_1.pth
2026-04-07 13:39:50,518 INFO src.train.trainer: Last model at epoch 713 saved to checkpoints/etas_kernel_cb_hab4_20260407/last_model_1.pth
2026-04-07 13:39:50,519 INFO src.train.trainer: Epoch 714
2026-04-07 13:39:50,611 INFO src.train.trainer: New best validation loss: -5.7153, saved to checkpoints/etas_kernel_cb_hab4_20260407/best_model_1.pth
2026-04-07 13:39:50,614 INFO src.train.trainer: Last model at epoch 714 saved to checkpoints/etas_kernel_cb_hab4_20260407/last_model_1.pth
2026-04-07 13:39:50,614 INFO src.train.trainer: Epoch 715
2026-04-07 13:39:50,689 INFO src.train.trainer: New best validation loss: -5.7155, saved to checkpoints/etas_kernel_cb_hab4_20260407/best_model_1.pth
2026-04-07 13:39:50,691 INFO src.train.trainer: Last model at epoch 715 saved to checkpoints/etas_kernel_cb_hab4_20260407/last_model_1.pth
2026-04-07 13:39:50,691 INFO src.train.trainer: Epoch 716
2026-04-07 13:39:50,762 INFO src.train.trainer: New best validation loss: -5.7157, saved to checkpoints/etas_kernel_cb_hab4_20260407/best_model_1.pth
2026-04-07 13:39:50,765 INFO src.train.trainer: Last model at epoch 716 saved to checkpoints/etas_kernel_cb_hab4_20260407/last_model_1.pth
2026-04-07 13:39:50,765 INFO src.train.trainer: Epoch 717
2026-04-07 13:39:50,837 INFO src.train.trainer: New best validation loss: -5.7159, saved to checkpoints/etas_kernel_cb_hab4_20260407/best_model_1.pth
2026-04-07 13:39:50,840 INFO src.train.trainer: Last model at epoch 717 saved to checkpoints/etas_kernel_cb_hab4_20260407/last_model_1.pth
2026-04-07 13:39:50,840 INFO src.train.trainer: Epoch 718
2026-04-07 13:39:50,905 INFO src.train.trainer: New best validation loss: -5.7161, saved to checkpoints/etas_kernel_cb_hab4_20260407/best_model_1.pth
2026-04-07 13:39:50,907 INFO src.train.trainer: Last model at epoch 718 saved to checkpoints/etas_kernel_cb_hab4_20260407/last_model_1.pth
2026-04-07 13:39:50,907 INFO src.train.trainer: Epoch 719
2026-04-07 13:39:50,969 INFO src.train.trainer: New best validation loss: -5.7163, saved to checkpoints/etas_kernel_cb_hab4_20260407/best_model_1.pth
2026-04-07 13:39:50,971 INFO src.train.trainer: Last model at epoch 719 saved to checkpoints/etas_kernel_cb_hab4_20260407/last_model_1.pth
2026-04-07 13:39:50,971 INFO src.train.trainer: Epoch 720
2026-04-07 13:39:51,027 INFO src.train.trainer: New best validation loss: -5.7165, saved to checkpoints/etas_kernel_cb_hab4_20260407/best_model_1.pth
2026-04-07 13:39:51,029 INFO src.train.trainer: Last model at epoch 720 saved to checkpoints/etas_kernel_cb_hab4_20260407/last_model_1.pth
2026-04-07 13:39:51,029 INFO src.train.trainer: Epoch 721
2026-04-07 13:39:51,085 INFO src.train.trainer: New best validation loss: -5.7167, saved to checkpoints/etas_kernel_cb_hab4_20260407/best_model_1.pth
2026-04-07 13:39:51,087 INFO src.train.trainer: Last model at epoch 721 saved to checkpoints/etas_kernel_cb_hab4_20260407/last_model_1.pth
2026-04-07 13:39:51,087 INFO src.train.trainer: Epoch 722
2026-04-07 13:39:51,144 INFO src.train.trainer: New best validation loss: -5.7169, saved to checkpoints/etas_kernel_cb_hab4_20260407/best_model_1.pth
2026-04-07 13:39:51,146 INFO src.train.trainer: Last model at epoch 722 saved to checkpoints/etas_kernel_cb_hab4_20260407/last_model_1.pth
2026-04-07 13:39:51,146 INFO src.train.trainer: Epoch 723
2026-04-07 13:39:51,207 INFO src.train.trainer: New best validation loss: -5.7171, saved to checkpoints/etas_kernel_cb_hab4_20260407/best_model_1.pth
2026-04-07 13:39:51,209 INFO src.train.trainer: Last model at epoch 723 saved to checkpoints/etas_kernel_cb_hab4_20260407/last_model_1.pth
2026-04-07 13:39:51,210 INFO src.train.trainer: Epoch 724
2026-04-07 13:39:51,271 INFO src.train.trainer: New best validation loss: -5.7173, saved to checkpoints/etas_kernel_cb_hab4_20260407/best_model_1.pth
2026-04-07 13:39:51,272 INFO src.train.trainer: Last model at epoch 724 saved to checkpoints/etas_kernel_cb_hab4_20260407/last_model_1.pth
2026-04-07 13:39:51,273 INFO src.train.trainer: Epoch 725
2026-04-07 13:39:51,331 INFO src.train.trainer: New best validation loss: -5.7175, saved to checkpoints/etas_kernel_cb_hab4_20260407/best_model_1.pth
2026-04-07 13:39:51,333 INFO src.train.trainer: Last model at epoch 725 saved to checkpoints/etas_kernel_cb_hab4_20260407/last_model_1.pth
2026-04-07 13:39:51,333 INFO src.train.trainer: Epoch 726
2026-04-07 13:39:51,393 INFO src.train.trainer: New best validation loss: -5.7177, saved to checkpoints/etas_kernel_cb_hab4_20260407/best_model_1.pth
2026-04-07 13:39:51,396 INFO src.train.trainer: Last model at epoch 726 saved to checkpoints/etas_kernel_cb_hab4_20260407/last_model_1.pth
2026-04-07 13:39:51,396 INFO src.train.trainer: Epoch 727
2026-04-07 13:39:51,459 INFO src.train.trainer: New best validation loss: -5.7179, saved to checkpoints/etas_kernel_cb_hab4_20260407/best_model_1.pth
2026-04-07 13:39:51,461 INFO src.train.trainer: Last model at epoch 727 saved to checkpoints/etas_kernel_cb_hab4_20260407/last_model_1.pth
2026-04-07 13:39:51,461 INFO src.train.trainer: Epoch 728
2026-04-07 13:39:51,523 INFO src.train.trainer: New best validation loss: -5.7181, saved to checkpoints/etas_kernel_cb_hab4_20260407/best_model_1.pth
2026-04-07 13:39:51,525 INFO src.train.trainer: Last model at epoch 728 saved to checkpoints/etas_kernel_cb_hab4_20260407/last_model_1.pth
2026-04-07 13:39:51,525 INFO src.train.trainer: Epoch 729
2026-04-07 13:39:51,587 INFO src.train.trainer: New best validation loss: -5.7183, saved to checkpoints/etas_kernel_cb_hab4_20260407/best_model_1.pth
2026-04-07 13:39:51,590 INFO src.train.trainer: Last model at epoch 729 saved to checkpoints/etas_kernel_cb_hab4_20260407/last_model_1.pth
2026-04-07 13:39:51,590 INFO src.train.trainer: Epoch 730
2026-04-07 13:39:51,656 INFO src.train.trainer: New best validation loss: -5.7186, saved to checkpoints/etas_kernel_cb_hab4_20260407/best_model_1.pth
2026-04-07 13:39:51,658 INFO src.train.trainer: Last model at epoch 730 saved to checkpoints/etas_kernel_cb_hab4_20260407/last_model_1.pth
2026-04-07 13:39:51,658 INFO src.train.trainer: Epoch 731
2026-04-07 13:39:51,727 INFO src.train.trainer: New best validation loss: -5.7188, saved to checkpoints/etas_kernel_cb_hab4_20260407/best_model_1.pth
2026-04-07 13:39:51,729 INFO src.train.trainer: Last model at epoch 731 saved to checkpoints/etas_kernel_cb_hab4_20260407/last_model_1.pth
2026-04-07 13:39:51,729 INFO src.train.trainer: Epoch 732
2026-04-07 13:39:51,799 INFO src.train.trainer: New best validation loss: -5.7190, saved to checkpoints/etas_kernel_cb_hab4_20260407/best_model_1.pth
2026-04-07 13:39:51,801 INFO src.train.trainer: Last model at epoch 732 saved to checkpoints/etas_kernel_cb_hab4_20260407/last_model_1.pth
2026-04-07 13:39:51,801 INFO src.train.trainer: Epoch 733
2026-04-07 13:39:51,878 INFO src.train.trainer: New best validation loss: -5.7192, saved to checkpoints/etas_kernel_cb_hab4_20260407/best_model_1.pth
2026-04-07 13:39:51,880 INFO src.train.trainer: Last model at epoch 733 saved to checkpoints/etas_kernel_cb_hab4_20260407/last_model_1.pth
2026-04-07 13:39:51,880 INFO src.train.trainer: Epoch 734
2026-04-07 13:39:51,944 INFO src.train.trainer: New best validation loss: -5.7194, saved to checkpoints/etas_kernel_cb_hab4_20260407/best_model_1.pth
2026-04-07 13:39:51,946 INFO src.train.trainer: Last model at epoch 734 saved to checkpoints/etas_kernel_cb_hab4_20260407/last_model_1.pth
2026-04-07 13:39:51,946 INFO src.train.trainer: Epoch 735
2026-04-07 13:39:52,009 INFO src.train.trainer: New best validation loss: -5.7196, saved to checkpoints/etas_kernel_cb_hab4_20260407/best_model_1.pth
2026-04-07 13:39:52,011 INFO src.train.trainer: Last model at epoch 735 saved to checkpoints/etas_kernel_cb_hab4_20260407/last_model_1.pth
2026-04-07 13:39:52,011 INFO src.train.trainer: Epoch 736
2026-04-07 13:39:52,080 INFO src.train.trainer: New best validation loss: -5.7198, saved to checkpoints/etas_kernel_cb_hab4_20260407/best_model_1.pth
2026-04-07 13:39:52,082 INFO src.train.trainer: Last model at epoch 736 saved to checkpoints/etas_kernel_cb_hab4_20260407/last_model_1.pth
2026-04-07 13:39:52,082 INFO src.train.trainer: Epoch 737
2026-04-07 13:39:52,142 INFO src.train.trainer: New best validation loss: -5.7200, saved to checkpoints/etas_kernel_cb_hab4_20260407/best_model_1.pth
2026-04-07 13:39:52,144 INFO src.train.trainer: Last model at epoch 737 saved to checkpoints/etas_kernel_cb_hab4_20260407/last_model_1.pth
2026-04-07 13:39:52,145 INFO src.train.trainer: Epoch 738
2026-04-07 13:39:52,211 INFO src.train.trainer: New best validation loss: -5.7202, saved to checkpoints/etas_kernel_cb_hab4_20260407/best_model_1.pth
2026-04-07 13:39:52,213 INFO src.train.trainer: Last model at epoch 738 saved to checkpoints/etas_kernel_cb_hab4_20260407/last_model_1.pth
2026-04-07 13:39:52,213 INFO src.train.trainer: Epoch 739
2026-04-07 13:39:52,282 INFO src.train.trainer: New best validation loss: -5.7204, saved to checkpoints/etas_kernel_cb_hab4_20260407/best_model_1.pth
2026-04-07 13:39:52,284 INFO src.train.trainer: Last model at epoch 739 saved to checkpoints/etas_kernel_cb_hab4_20260407/last_model_1.pth
2026-04-07 13:39:52,285 INFO src.train.trainer: Epoch 740
2026-04-07 13:39:52,356 INFO src.train.trainer: New best validation loss: -5.7207, saved to checkpoints/etas_kernel_cb_hab4_20260407/best_model_1.pth
2026-04-07 13:39:52,358 INFO src.train.trainer: Last model at epoch 740 saved to checkpoints/etas_kernel_cb_hab4_20260407/last_model_1.pth
2026-04-07 13:39:52,358 INFO src.train.trainer: Epoch 741
2026-04-07 13:39:52,423 INFO src.train.trainer: New best validation loss: -5.7209, saved to checkpoints/etas_kernel_cb_hab4_20260407/best_model_1.pth
2026-04-07 13:39:52,425 INFO src.train.trainer: Last model at epoch 741 saved to checkpoints/etas_kernel_cb_hab4_20260407/last_model_1.pth
2026-04-07 13:39:52,425 INFO src.train.trainer: Epoch 742
2026-04-07 13:39:52,497 INFO src.train.trainer: New best validation loss: -5.7211, saved to checkpoints/etas_kernel_cb_hab4_20260407/best_model_1.pth
2026-04-07 13:39:52,500 INFO src.train.trainer: Last model at epoch 742 saved to checkpoints/etas_kernel_cb_hab4_20260407/last_model_1.pth
2026-04-07 13:39:52,500 INFO src.train.trainer: Epoch 743
2026-04-07 13:39:52,562 INFO src.train.trainer: New best validation loss: -5.7213, saved to checkpoints/etas_kernel_cb_hab4_20260407/best_model_1.pth
2026-04-07 13:39:52,565 INFO src.train.trainer: Last model at epoch 743 saved to checkpoints/etas_kernel_cb_hab4_20260407/last_model_1.pth
2026-04-07 13:39:52,565 INFO src.train.trainer: Epoch 744
2026-04-07 13:39:52,627 INFO src.train.trainer: New best validation loss: -5.7215, saved to checkpoints/etas_kernel_cb_hab4_20260407/best_model_1.pth
2026-04-07 13:39:52,629 INFO src.train.trainer: Last model at epoch 744 saved to checkpoints/etas_kernel_cb_hab4_20260407/last_model_1.pth
2026-04-07 13:39:52,630 INFO src.train.trainer: Epoch 745
2026-04-07 13:39:52,698 INFO src.train.trainer: New best validation loss: -5.7217, saved to checkpoints/etas_kernel_cb_hab4_20260407/best_model_1.pth
2026-04-07 13:39:52,701 INFO src.train.trainer: Last model at epoch 745 saved to checkpoints/etas_kernel_cb_hab4_20260407/last_model_1.pth
2026-04-07 13:39:52,702 INFO src.train.trainer: Epoch 746
2026-04-07 13:39:52,769 INFO src.train.trainer: New best validation loss: -5.7219, saved to checkpoints/etas_kernel_cb_hab4_20260407/best_model_1.pth
2026-04-07 13:39:52,771 INFO src.train.trainer: Last model at epoch 746 saved to checkpoints/etas_kernel_cb_hab4_20260407/last_model_1.pth
2026-04-07 13:39:52,771 INFO src.train.trainer: Epoch 747
2026-04-07 13:39:52,841 INFO src.train.trainer: New best validation loss: -5.7221, saved to checkpoints/etas_kernel_cb_hab4_20260407/best_model_1.pth
2026-04-07 13:39:52,843 INFO src.train.trainer: Last model at epoch 747 saved to checkpoints/etas_kernel_cb_hab4_20260407/last_model_1.pth
2026-04-07 13:39:52,843 INFO src.train.trainer: Epoch 748
2026-04-07 13:39:52,908 INFO src.train.trainer: New best validation loss: -5.7224, saved to checkpoints/etas_kernel_cb_hab4_20260407/best_model_1.pth
2026-04-07 13:39:52,910 INFO src.train.trainer: Last model at epoch 748 saved to checkpoints/etas_kernel_cb_hab4_20260407/last_model_1.pth
2026-04-07 13:39:52,910 INFO src.train.trainer: Epoch 749
2026-04-07 13:39:52,971 INFO src.train.trainer: New best validation loss: -5.7226, saved to checkpoints/etas_kernel_cb_hab4_20260407/best_model_1.pth
2026-04-07 13:39:52,973 INFO src.train.trainer: Last model at epoch 749 saved to checkpoints/etas_kernel_cb_hab4_20260407/last_model_1.pth
2026-04-07 13:39:52,974 INFO src.train.trainer: Epoch 750
2026-04-07 13:39:53,037 INFO src.train.trainer: New best validation loss: -5.7228, saved to checkpoints/etas_kernel_cb_hab4_20260407/best_model_1.pth
2026-04-07 13:39:53,039 INFO src.train.trainer: Last model at epoch 750 saved to checkpoints/etas_kernel_cb_hab4_20260407/last_model_1.pth
2026-04-07 13:39:53,039 INFO src.train.trainer: Epoch 751
2026-04-07 13:39:53,111 INFO src.train.trainer: New best validation loss: -5.7229, saved to checkpoints/etas_kernel_cb_hab4_20260407/best_model_1.pth
2026-04-07 13:39:53,113 INFO src.train.trainer: Last model at epoch 751 saved to checkpoints/etas_kernel_cb_hab4_20260407/last_model_1.pth
2026-04-07 13:39:53,113 INFO src.train.trainer: Epoch 752
2026-04-07 13:39:53,183 INFO src.train.trainer: New best validation loss: -5.7231, saved to checkpoints/etas_kernel_cb_hab4_20260407/best_model_1.pth
2026-04-07 13:39:53,185 INFO src.train.trainer: Last model at epoch 752 saved to checkpoints/etas_kernel_cb_hab4_20260407/last_model_1.pth
2026-04-07 13:39:53,185 INFO src.train.trainer: Epoch 753
2026-04-07 13:39:53,249 INFO src.train.trainer: New best validation loss: -5.7233, saved to checkpoints/etas_kernel_cb_hab4_20260407/best_model_1.pth
2026-04-07 13:39:53,251 INFO src.train.trainer: Last model at epoch 753 saved to checkpoints/etas_kernel_cb_hab4_20260407/last_model_1.pth
2026-04-07 13:39:53,251 INFO src.train.trainer: Epoch 754
2026-04-07 13:39:53,316 INFO src.train.trainer: New best validation loss: -5.7235, saved to checkpoints/etas_kernel_cb_hab4_20260407/best_model_1.pth
2026-04-07 13:39:53,318 INFO src.train.trainer: Last model at epoch 754 saved to checkpoints/etas_kernel_cb_hab4_20260407/last_model_1.pth
2026-04-07 13:39:53,318 INFO src.train.trainer: Epoch 755
2026-04-07 13:39:53,386 INFO src.train.trainer: New best validation loss: -5.7236, saved to checkpoints/etas_kernel_cb_hab4_20260407/best_model_1.pth
2026-04-07 13:39:53,388 INFO src.train.trainer: Last model at epoch 755 saved to checkpoints/etas_kernel_cb_hab4_20260407/last_model_1.pth
2026-04-07 13:39:53,388 INFO src.train.trainer: Epoch 756
2026-04-07 13:39:53,456 INFO src.train.trainer: New best validation loss: -5.7238, saved to checkpoints/etas_kernel_cb_hab4_20260407/best_model_1.pth
2026-04-07 13:39:53,458 INFO src.train.trainer: Last model at epoch 756 saved to checkpoints/etas_kernel_cb_hab4_20260407/last_model_1.pth
2026-04-07 13:39:53,458 INFO src.train.trainer: Epoch 757
2026-04-07 13:39:53,527 INFO src.train.trainer: New best validation loss: -5.7240, saved to checkpoints/etas_kernel_cb_hab4_20260407/best_model_1.pth
2026-04-07 13:39:53,529 INFO src.train.trainer: Last model at epoch 757 saved to checkpoints/etas_kernel_cb_hab4_20260407/last_model_1.pth
2026-04-07 13:39:53,529 INFO src.train.trainer: Epoch 758
2026-04-07 13:39:53,598 INFO src.train.trainer: New best validation loss: -5.7241, saved to checkpoints/etas_kernel_cb_hab4_20260407/best_model_1.pth
2026-04-07 13:39:53,601 INFO src.train.trainer: Last model at epoch 758 saved to checkpoints/etas_kernel_cb_hab4_20260407/last_model_1.pth
2026-04-07 13:39:53,601 INFO src.train.trainer: Epoch 759
2026-04-07 13:39:53,672 INFO src.train.trainer: New best validation loss: -5.7243, saved to checkpoints/etas_kernel_cb_hab4_20260407/best_model_1.pth
2026-04-07 13:39:53,674 INFO src.train.trainer: Last model at epoch 759 saved to checkpoints/etas_kernel_cb_hab4_20260407/last_model_1.pth
2026-04-07 13:39:53,674 INFO src.train.trainer: Epoch 760
2026-04-07 13:39:53,738 INFO src.train.trainer: New best validation loss: -5.7245, saved to checkpoints/etas_kernel_cb_hab4_20260407/best_model_1.pth
2026-04-07 13:39:53,740 INFO src.train.trainer: Last model at epoch 760 saved to checkpoints/etas_kernel_cb_hab4_20260407/last_model_1.pth
2026-04-07 13:39:53,741 INFO src.train.trainer: Epoch 761
2026-04-07 13:39:53,804 INFO src.train.trainer: New best validation loss: -5.7246, saved to checkpoints/etas_kernel_cb_hab4_20260407/best_model_1.pth
2026-04-07 13:39:53,806 INFO src.train.trainer: Last model at epoch 761 saved to checkpoints/etas_kernel_cb_hab4_20260407/last_model_1.pth
2026-04-07 13:39:53,806 INFO src.train.trainer: Epoch 762
2026-04-07 13:39:53,874 INFO src.train.trainer: New best validation loss: -5.7248, saved to checkpoints/etas_kernel_cb_hab4_20260407/best_model_1.pth
2026-04-07 13:39:53,876 INFO src.train.trainer: Last model at epoch 762 saved to checkpoints/etas_kernel_cb_hab4_20260407/last_model_1.pth
2026-04-07 13:39:53,876 INFO src.train.trainer: Epoch 763
2026-04-07 13:39:53,946 INFO src.train.trainer: New best validation loss: -5.7250, saved to checkpoints/etas_kernel_cb_hab4_20260407/best_model_1.pth
2026-04-07 13:39:53,948 INFO src.train.trainer: Last model at epoch 763 saved to checkpoints/etas_kernel_cb_hab4_20260407/last_model_1.pth
2026-04-07 13:39:53,948 INFO src.train.trainer: Epoch 764
2026-04-07 13:39:54,018 INFO src.train.trainer: New best validation loss: -5.7251, saved to checkpoints/etas_kernel_cb_hab4_20260407/best_model_1.pth
2026-04-07 13:39:54,020 INFO src.train.trainer: Last model at epoch 764 saved to checkpoints/etas_kernel_cb_hab4_20260407/last_model_1.pth
2026-04-07 13:39:54,020 INFO src.train.trainer: Epoch 765
2026-04-07 13:39:54,089 INFO src.train.trainer: New best validation loss: -5.7253, saved to checkpoints/etas_kernel_cb_hab4_20260407/best_model_1.pth
2026-04-07 13:39:54,091 INFO src.train.trainer: Last model at epoch 765 saved to checkpoints/etas_kernel_cb_hab4_20260407/last_model_1.pth
2026-04-07 13:39:54,091 INFO src.train.trainer: Epoch 766
2026-04-07 13:39:54,163 INFO src.train.trainer: New best validation loss: -5.7255, saved to checkpoints/etas_kernel_cb_hab4_20260407/best_model_1.pth
2026-04-07 13:39:54,165 INFO src.train.trainer: Last model at epoch 766 saved to checkpoints/etas_kernel_cb_hab4_20260407/last_model_1.pth
2026-04-07 13:39:54,165 INFO src.train.trainer: Epoch 767
2026-04-07 13:39:54,227 INFO src.train.trainer: New best validation loss: -5.7256, saved to checkpoints/etas_kernel_cb_hab4_20260407/best_model_1.pth
2026-04-07 13:39:54,229 INFO src.train.trainer: Last model at epoch 767 saved to checkpoints/etas_kernel_cb_hab4_20260407/last_model_1.pth
2026-04-07 13:39:54,229 INFO src.train.trainer: Epoch 768
2026-04-07 13:39:54,284 INFO src.train.trainer: New best validation loss: -5.7258, saved to checkpoints/etas_kernel_cb_hab4_20260407/best_model_1.pth
2026-04-07 13:39:54,286 INFO src.train.trainer: Last model at epoch 768 saved to checkpoints/etas_kernel_cb_hab4_20260407/last_model_1.pth
2026-04-07 13:39:54,286 INFO src.train.trainer: Epoch 769
2026-04-07 13:39:54,345 INFO src.train.trainer: New best validation loss: -5.7260, saved to checkpoints/etas_kernel_cb_hab4_20260407/best_model_1.pth
2026-04-07 13:39:54,347 INFO src.train.trainer: Last model at epoch 769 saved to checkpoints/etas_kernel_cb_hab4_20260407/last_model_1.pth
2026-04-07 13:39:54,347 INFO src.train.trainer: Epoch 770
2026-04-07 13:39:54,408 INFO src.train.trainer: New best validation loss: -5.7261, saved to checkpoints/etas_kernel_cb_hab4_20260407/best_model_1.pth
2026-04-07 13:39:54,410 INFO src.train.trainer: Last model at epoch 770 saved to checkpoints/etas_kernel_cb_hab4_20260407/last_model_1.pth
2026-04-07 13:39:54,410 INFO src.train.trainer: Epoch 771
2026-04-07 13:39:54,471 INFO src.train.trainer: New best validation loss: -5.7263, saved to checkpoints/etas_kernel_cb_hab4_20260407/best_model_1.pth
2026-04-07 13:39:54,473 INFO src.train.trainer: Last model at epoch 771 saved to checkpoints/etas_kernel_cb_hab4_20260407/last_model_1.pth
2026-04-07 13:39:54,473 INFO src.train.trainer: Epoch 772
2026-04-07 13:39:54,534 INFO src.train.trainer: New best validation loss: -5.7264, saved to checkpoints/etas_kernel_cb_hab4_20260407/best_model_1.pth
2026-04-07 13:39:54,536 INFO src.train.trainer: Last model at epoch 772 saved to checkpoints/etas_kernel_cb_hab4_20260407/last_model_1.pth
2026-04-07 13:39:54,536 INFO src.train.trainer: Epoch 773
2026-04-07 13:39:54,604 INFO src.train.trainer: New best validation loss: -5.7266, saved to checkpoints/etas_kernel_cb_hab4_20260407/best_model_1.pth
2026-04-07 13:39:54,606 INFO src.train.trainer: Last model at epoch 773 saved to checkpoints/etas_kernel_cb_hab4_20260407/last_model_1.pth
2026-04-07 13:39:54,606 INFO src.train.trainer: Epoch 774
2026-04-07 13:39:54,673 INFO src.train.trainer: New best validation loss: -5.7268, saved to checkpoints/etas_kernel_cb_hab4_20260407/best_model_1.pth
2026-04-07 13:39:54,675 INFO src.train.trainer: Last model at epoch 774 saved to checkpoints/etas_kernel_cb_hab4_20260407/last_model_1.pth
2026-04-07 13:39:54,676 INFO src.train.trainer: Epoch 775
2026-04-07 13:39:54,739 INFO src.train.trainer: New best validation loss: -5.7269, saved to checkpoints/etas_kernel_cb_hab4_20260407/best_model_1.pth
2026-04-07 13:39:54,742 INFO src.train.trainer: Last model at epoch 775 saved to checkpoints/etas_kernel_cb_hab4_20260407/last_model_1.pth
2026-04-07 13:39:54,742 INFO src.train.trainer: Epoch 776
2026-04-07 13:39:54,803 INFO src.train.trainer: New best validation loss: -5.7271, saved to checkpoints/etas_kernel_cb_hab4_20260407/best_model_1.pth
2026-04-07 13:39:54,805 INFO src.train.trainer: Last model at epoch 776 saved to checkpoints/etas_kernel_cb_hab4_20260407/last_model_1.pth
2026-04-07 13:39:54,805 INFO src.train.trainer: Epoch 777
2026-04-07 13:39:54,871 INFO src.train.trainer: New best validation loss: -5.7273, saved to checkpoints/etas_kernel_cb_hab4_20260407/best_model_1.pth
2026-04-07 13:39:54,873 INFO src.train.trainer: Last model at epoch 777 saved to checkpoints/etas_kernel_cb_hab4_20260407/last_model_1.pth
2026-04-07 13:39:54,873 INFO src.train.trainer: Epoch 778
2026-04-07 13:39:54,938 INFO src.train.trainer: New best validation loss: -5.7274, saved to checkpoints/etas_kernel_cb_hab4_20260407/best_model_1.pth
2026-04-07 13:39:54,941 INFO src.train.trainer: Last model at epoch 778 saved to checkpoints/etas_kernel_cb_hab4_20260407/last_model_1.pth
2026-04-07 13:39:54,941 INFO src.train.trainer: Epoch 779
2026-04-07 13:39:55,003 INFO src.train.trainer: New best validation loss: -5.7276, saved to checkpoints/etas_kernel_cb_hab4_20260407/best_model_1.pth
2026-04-07 13:39:55,005 INFO src.train.trainer: Last model at epoch 779 saved to checkpoints/etas_kernel_cb_hab4_20260407/last_model_1.pth
2026-04-07 13:39:55,005 INFO src.train.trainer: Epoch 780
2026-04-07 13:39:55,069 INFO src.train.trainer: New best validation loss: -5.7277, saved to checkpoints/etas_kernel_cb_hab4_20260407/best_model_1.pth
2026-04-07 13:39:55,071 INFO src.train.trainer: Last model at epoch 780 saved to checkpoints/etas_kernel_cb_hab4_20260407/last_model_1.pth
2026-04-07 13:39:55,071 INFO src.train.trainer: Epoch 781
2026-04-07 13:39:55,134 INFO src.train.trainer: New best validation loss: -5.7279, saved to checkpoints/etas_kernel_cb_hab4_20260407/best_model_1.pth
2026-04-07 13:39:55,136 INFO src.train.trainer: Last model at epoch 781 saved to checkpoints/etas_kernel_cb_hab4_20260407/last_model_1.pth
2026-04-07 13:39:55,136 INFO src.train.trainer: Epoch 782
2026-04-07 13:39:55,199 INFO src.train.trainer: New best validation loss: -5.7281, saved to checkpoints/etas_kernel_cb_hab4_20260407/best_model_1.pth
2026-04-07 13:39:55,201 INFO src.train.trainer: Last model at epoch 782 saved to checkpoints/etas_kernel_cb_hab4_20260407/last_model_1.pth
2026-04-07 13:39:55,201 INFO src.train.trainer: Epoch 783
2026-04-07 13:39:55,263 INFO src.train.trainer: New best validation loss: -5.7282, saved to checkpoints/etas_kernel_cb_hab4_20260407/best_model_1.pth
2026-04-07 13:39:55,265 INFO src.train.trainer: Last model at epoch 783 saved to checkpoints/etas_kernel_cb_hab4_20260407/last_model_1.pth
2026-04-07 13:39:55,265 INFO src.train.trainer: Epoch 784
2026-04-07 13:39:55,326 INFO src.train.trainer: New best validation loss: -5.7284, saved to checkpoints/etas_kernel_cb_hab4_20260407/best_model_1.pth
2026-04-07 13:39:55,328 INFO src.train.trainer: Last model at epoch 784 saved to checkpoints/etas_kernel_cb_hab4_20260407/last_model_1.pth
2026-04-07 13:39:55,329 INFO src.train.trainer: Epoch 785
2026-04-07 13:39:55,390 INFO src.train.trainer: New best validation loss: -5.7285, saved to checkpoints/etas_kernel_cb_hab4_20260407/best_model_1.pth
2026-04-07 13:39:55,393 INFO src.train.trainer: Last model at epoch 785 saved to checkpoints/etas_kernel_cb_hab4_20260407/last_model_1.pth
2026-04-07 13:39:55,393 INFO src.train.trainer: Epoch 786
2026-04-07 13:39:55,454 INFO src.train.trainer: New best validation loss: -5.7287, saved to checkpoints/etas_kernel_cb_hab4_20260407/best_model_1.pth
2026-04-07 13:39:55,456 INFO src.train.trainer: Last model at epoch 786 saved to checkpoints/etas_kernel_cb_hab4_20260407/last_model_1.pth
2026-04-07 13:39:55,456 INFO src.train.trainer: Epoch 787
2026-04-07 13:39:55,518 INFO src.train.trainer: New best validation loss: -5.7288, saved to checkpoints/etas_kernel_cb_hab4_20260407/best_model_1.pth
2026-04-07 13:39:55,520 INFO src.train.trainer: Last model at epoch 787 saved to checkpoints/etas_kernel_cb_hab4_20260407/last_model_1.pth
2026-04-07 13:39:55,521 INFO src.train.trainer: Epoch 788
2026-04-07 13:39:55,583 INFO src.train.trainer: New best validation loss: -5.7290, saved to checkpoints/etas_kernel_cb_hab4_20260407/best_model_1.pth
2026-04-07 13:39:55,585 INFO src.train.trainer: Last model at epoch 788 saved to checkpoints/etas_kernel_cb_hab4_20260407/last_model_1.pth
2026-04-07 13:39:55,585 INFO src.train.trainer: Epoch 789
2026-04-07 13:39:55,651 INFO src.train.trainer: New best validation loss: -5.7292, saved to checkpoints/etas_kernel_cb_hab4_20260407/best_model_1.pth
2026-04-07 13:39:55,653 INFO src.train.trainer: Last model at epoch 789 saved to checkpoints/etas_kernel_cb_hab4_20260407/last_model_1.pth
2026-04-07 13:39:55,653 INFO src.train.trainer: Epoch 790
2026-04-07 13:39:55,717 INFO src.train.trainer: New best validation loss: -5.7293, saved to checkpoints/etas_kernel_cb_hab4_20260407/best_model_1.pth
2026-04-07 13:39:55,719 INFO src.train.trainer: Last model at epoch 790 saved to checkpoints/etas_kernel_cb_hab4_20260407/last_model_1.pth
2026-04-07 13:39:55,719 INFO src.train.trainer: Epoch 791
2026-04-07 13:39:55,783 INFO src.train.trainer: New best validation loss: -5.7295, saved to checkpoints/etas_kernel_cb_hab4_20260407/best_model_1.pth
2026-04-07 13:39:55,785 INFO src.train.trainer: Last model at epoch 791 saved to checkpoints/etas_kernel_cb_hab4_20260407/last_model_1.pth
2026-04-07 13:39:55,785 INFO src.train.trainer: Epoch 792
2026-04-07 13:39:55,852 INFO src.train.trainer: New best validation loss: -5.7296, saved to checkpoints/etas_kernel_cb_hab4_20260407/best_model_1.pth
2026-04-07 13:39:55,854 INFO src.train.trainer: Last model at epoch 792 saved to checkpoints/etas_kernel_cb_hab4_20260407/last_model_1.pth
2026-04-07 13:39:55,854 INFO src.train.trainer: Epoch 793
2026-04-07 13:39:55,923 INFO src.train.trainer: New best validation loss: -5.7298, saved to checkpoints/etas_kernel_cb_hab4_20260407/best_model_1.pth
2026-04-07 13:39:55,925 INFO src.train.trainer: Last model at epoch 793 saved to checkpoints/etas_kernel_cb_hab4_20260407/last_model_1.pth
2026-04-07 13:39:55,925 INFO src.train.trainer: Epoch 794
2026-04-07 13:39:55,995 INFO src.train.trainer: New best validation loss: -5.7299, saved to checkpoints/etas_kernel_cb_hab4_20260407/best_model_1.pth
2026-04-07 13:39:55,997 INFO src.train.trainer: Last model at epoch 794 saved to checkpoints/etas_kernel_cb_hab4_20260407/last_model_1.pth
2026-04-07 13:39:55,997 INFO src.train.trainer: Epoch 795
2026-04-07 13:39:56,064 INFO src.train.trainer: New best validation loss: -5.7301, saved to checkpoints/etas_kernel_cb_hab4_20260407/best_model_1.pth
2026-04-07 13:39:56,067 INFO src.train.trainer: Last model at epoch 795 saved to checkpoints/etas_kernel_cb_hab4_20260407/last_model_1.pth
2026-04-07 13:39:56,067 INFO src.train.trainer: Epoch 796
2026-04-07 13:39:56,134 INFO src.train.trainer: New best validation loss: -5.7302, saved to checkpoints/etas_kernel_cb_hab4_20260407/best_model_1.pth
2026-04-07 13:39:56,136 INFO src.train.trainer: Last model at epoch 796 saved to checkpoints/etas_kernel_cb_hab4_20260407/last_model_1.pth
2026-04-07 13:39:56,136 INFO src.train.trainer: Epoch 797
2026-04-07 13:39:56,205 INFO src.train.trainer: New best validation loss: -5.7304, saved to checkpoints/etas_kernel_cb_hab4_20260407/best_model_1.pth
2026-04-07 13:39:56,208 INFO src.train.trainer: Last model at epoch 797 saved to checkpoints/etas_kernel_cb_hab4_20260407/last_model_1.pth
2026-04-07 13:39:56,208 INFO src.train.trainer: Epoch 798
2026-04-07 13:39:56,277 INFO src.train.trainer: New best validation loss: -5.7306, saved to checkpoints/etas_kernel_cb_hab4_20260407/best_model_1.pth
2026-04-07 13:39:56,279 INFO src.train.trainer: Last model at epoch 798 saved to checkpoints/etas_kernel_cb_hab4_20260407/last_model_1.pth
2026-04-07 13:39:56,279 INFO src.train.trainer: Epoch 799
2026-04-07 13:39:56,345 INFO src.train.trainer: New best validation loss: -5.7307, saved to checkpoints/etas_kernel_cb_hab4_20260407/best_model_1.pth
2026-04-07 13:39:56,347 INFO src.train.trainer: Last model at epoch 799 saved to checkpoints/etas_kernel_cb_hab4_20260407/last_model_1.pth
2026-04-07 13:39:56,347 INFO src.train.trainer: Epoch 800
2026-04-07 13:39:56,416 INFO src.train.trainer: New best validation loss: -5.7309, saved to checkpoints/etas_kernel_cb_hab4_20260407/best_model_1.pth
2026-04-07 13:39:56,418 INFO src.train.trainer: Last model at epoch 800 saved to checkpoints/etas_kernel_cb_hab4_20260407/last_model_1.pth
2026-04-07 13:39:56,418 INFO src.train.trainer: Epoch 801
2026-04-07 13:39:56,477 INFO src.train.trainer: New best validation loss: -5.7310, saved to checkpoints/etas_kernel_cb_hab4_20260407/best_model_1.pth
2026-04-07 13:39:56,479 INFO src.train.trainer: Last model at epoch 801 saved to checkpoints/etas_kernel_cb_hab4_20260407/last_model_1.pth
2026-04-07 13:39:56,479 INFO src.train.trainer: Epoch 802
2026-04-07 13:39:56,536 INFO src.train.trainer: New best validation loss: -5.7312, saved to checkpoints/etas_kernel_cb_hab4_20260407/best_model_1.pth
2026-04-07 13:39:56,538 INFO src.train.trainer: Last model at epoch 802 saved to checkpoints/etas_kernel_cb_hab4_20260407/last_model_1.pth
2026-04-07 13:39:56,538 INFO src.train.trainer: Epoch 803
2026-04-07 13:39:56,604 INFO src.train.trainer: New best validation loss: -5.7313, saved to checkpoints/etas_kernel_cb_hab4_20260407/best_model_1.pth
2026-04-07 13:39:56,606 INFO src.train.trainer: Last model at epoch 803 saved to checkpoints/etas_kernel_cb_hab4_20260407/last_model_1.pth
2026-04-07 13:39:56,606 INFO src.train.trainer: Epoch 804
2026-04-07 13:39:56,664 INFO src.train.trainer: New best validation loss: -5.7315, saved to checkpoints/etas_kernel_cb_hab4_20260407/best_model_1.pth
2026-04-07 13:39:56,666 INFO src.train.trainer: Last model at epoch 804 saved to checkpoints/etas_kernel_cb_hab4_20260407/last_model_1.pth
2026-04-07 13:39:56,666 INFO src.train.trainer: Epoch 805
2026-04-07 13:39:56,723 INFO src.train.trainer: New best validation loss: -5.7316, saved to checkpoints/etas_kernel_cb_hab4_20260407/best_model_1.pth
2026-04-07 13:39:56,725 INFO src.train.trainer: Last model at epoch 805 saved to checkpoints/etas_kernel_cb_hab4_20260407/last_model_1.pth
2026-04-07 13:39:56,725 INFO src.train.trainer: Epoch 806
2026-04-07 13:39:56,786 INFO src.train.trainer: New best validation loss: -5.7318, saved to checkpoints/etas_kernel_cb_hab4_20260407/best_model_1.pth
2026-04-07 13:39:56,790 INFO src.train.trainer: Last model at epoch 806 saved to checkpoints/etas_kernel_cb_hab4_20260407/last_model_1.pth
2026-04-07 13:39:56,790 INFO src.train.trainer: Epoch 807
2026-04-07 13:39:56,852 INFO src.train.trainer: New best validation loss: -5.7319, saved to checkpoints/etas_kernel_cb_hab4_20260407/best_model_1.pth
2026-04-07 13:39:56,854 INFO src.train.trainer: Last model at epoch 807 saved to checkpoints/etas_kernel_cb_hab4_20260407/last_model_1.pth
2026-04-07 13:39:56,854 INFO src.train.trainer: Epoch 808
2026-04-07 13:39:56,914 INFO src.train.trainer: New best validation loss: -5.7321, saved to checkpoints/etas_kernel_cb_hab4_20260407/best_model_1.pth
2026-04-07 13:39:56,916 INFO src.train.trainer: Last model at epoch 808 saved to checkpoints/etas_kernel_cb_hab4_20260407/last_model_1.pth
2026-04-07 13:39:56,916 INFO src.train.trainer: Epoch 809
2026-04-07 13:39:56,982 INFO src.train.trainer: New best validation loss: -5.7322, saved to checkpoints/etas_kernel_cb_hab4_20260407/best_model_1.pth
2026-04-07 13:39:56,985 INFO src.train.trainer: Last model at epoch 809 saved to checkpoints/etas_kernel_cb_hab4_20260407/last_model_1.pth
2026-04-07 13:39:56,986 INFO src.train.trainer: Epoch 810
2026-04-07 13:39:57,041 INFO src.train.trainer: New best validation loss: -5.7324, saved to checkpoints/etas_kernel_cb_hab4_20260407/best_model_1.pth
2026-04-07 13:39:57,042 INFO src.train.trainer: Last model at epoch 810 saved to checkpoints/etas_kernel_cb_hab4_20260407/last_model_1.pth
2026-04-07 13:39:57,042 INFO src.train.trainer: Epoch 811
2026-04-07 13:39:57,097 INFO src.train.trainer: New best validation loss: -5.7325, saved to checkpoints/etas_kernel_cb_hab4_20260407/best_model_1.pth
2026-04-07 13:39:57,099 INFO src.train.trainer: Last model at epoch 811 saved to checkpoints/etas_kernel_cb_hab4_20260407/last_model_1.pth
2026-04-07 13:39:57,099 INFO src.train.trainer: Epoch 812
2026-04-07 13:39:57,152 INFO src.train.trainer: New best validation loss: -5.7327, saved to checkpoints/etas_kernel_cb_hab4_20260407/best_model_1.pth
2026-04-07 13:39:57,154 INFO src.train.trainer: Last model at epoch 812 saved to checkpoints/etas_kernel_cb_hab4_20260407/last_model_1.pth
2026-04-07 13:39:57,154 INFO src.train.trainer: Epoch 813
2026-04-07 13:39:57,210 INFO src.train.trainer: New best validation loss: -5.7328, saved to checkpoints/etas_kernel_cb_hab4_20260407/best_model_1.pth
2026-04-07 13:39:57,212 INFO src.train.trainer: Last model at epoch 813 saved to checkpoints/etas_kernel_cb_hab4_20260407/last_model_1.pth
2026-04-07 13:39:57,212 INFO src.train.trainer: Epoch 814
2026-04-07 13:39:57,263 INFO src.train.trainer: New best validation loss: -5.7330, saved to checkpoints/etas_kernel_cb_hab4_20260407/best_model_1.pth
2026-04-07 13:39:57,265 INFO src.train.trainer: Last model at epoch 814 saved to checkpoints/etas_kernel_cb_hab4_20260407/last_model_1.pth
2026-04-07 13:39:57,265 INFO src.train.trainer: Epoch 815
2026-04-07 13:39:57,322 INFO src.train.trainer: New best validation loss: -5.7331, saved to checkpoints/etas_kernel_cb_hab4_20260407/best_model_1.pth
2026-04-07 13:39:57,324 INFO src.train.trainer: Last model at epoch 815 saved to checkpoints/etas_kernel_cb_hab4_20260407/last_model_1.pth
2026-04-07 13:39:57,324 INFO src.train.trainer: Epoch 816
2026-04-07 13:39:57,379 INFO src.train.trainer: New best validation loss: -5.7333, saved to checkpoints/etas_kernel_cb_hab4_20260407/best_model_1.pth
2026-04-07 13:39:57,381 INFO src.train.trainer: Last model at epoch 816 saved to checkpoints/etas_kernel_cb_hab4_20260407/last_model_1.pth
2026-04-07 13:39:57,381 INFO src.train.trainer: Epoch 817
2026-04-07 13:39:57,423 INFO src.train.trainer: New best validation loss: -5.7334, saved to checkpoints/etas_kernel_cb_hab4_20260407/best_model_1.pth
2026-04-07 13:39:57,425 INFO src.train.trainer: Last model at epoch 817 saved to checkpoints/etas_kernel_cb_hab4_20260407/last_model_1.pth
2026-04-07 13:39:57,425 INFO src.train.trainer: Epoch 818
2026-04-07 13:39:57,468 INFO src.train.trainer: New best validation loss: -5.7336, saved to checkpoints/etas_kernel_cb_hab4_20260407/best_model_1.pth
2026-04-07 13:39:57,470 INFO src.train.trainer: Last model at epoch 818 saved to checkpoints/etas_kernel_cb_hab4_20260407/last_model_1.pth
2026-04-07 13:39:57,470 INFO src.train.trainer: Epoch 819
2026-04-07 13:39:57,519 INFO src.train.trainer: New best validation loss: -5.7337, saved to checkpoints/etas_kernel_cb_hab4_20260407/best_model_1.pth
2026-04-07 13:39:57,521 INFO src.train.trainer: Last model at epoch 819 saved to checkpoints/etas_kernel_cb_hab4_20260407/last_model_1.pth
2026-04-07 13:39:57,521 INFO src.train.trainer: Epoch 820
2026-04-07 13:39:57,567 INFO src.train.trainer: New best validation loss: -5.7339, saved to checkpoints/etas_kernel_cb_hab4_20260407/best_model_1.pth
2026-04-07 13:39:57,570 INFO src.train.trainer: Last model at epoch 820 saved to checkpoints/etas_kernel_cb_hab4_20260407/last_model_1.pth
2026-04-07 13:39:57,570 INFO src.train.trainer: Epoch 821
2026-04-07 13:39:57,618 INFO src.train.trainer: New best validation loss: -5.7340, saved to checkpoints/etas_kernel_cb_hab4_20260407/best_model_1.pth
2026-04-07 13:39:57,620 INFO src.train.trainer: Last model at epoch 821 saved to checkpoints/etas_kernel_cb_hab4_20260407/last_model_1.pth
2026-04-07 13:39:57,620 INFO src.train.trainer: Epoch 822
2026-04-07 13:39:57,674 INFO src.train.trainer: New best validation loss: -5.7342, saved to checkpoints/etas_kernel_cb_hab4_20260407/best_model_1.pth
2026-04-07 13:39:57,676 INFO src.train.trainer: Last model at epoch 822 saved to checkpoints/etas_kernel_cb_hab4_20260407/last_model_1.pth
2026-04-07 13:39:57,676 INFO src.train.trainer: Epoch 823
2026-04-07 13:39:57,736 INFO src.train.trainer: New best validation loss: -5.7343, saved to checkpoints/etas_kernel_cb_hab4_20260407/best_model_1.pth
2026-04-07 13:39:57,738 INFO src.train.trainer: Last model at epoch 823 saved to checkpoints/etas_kernel_cb_hab4_20260407/last_model_1.pth
2026-04-07 13:39:57,738 INFO src.train.trainer: Epoch 824
2026-04-07 13:39:57,790 INFO src.train.trainer: New best validation loss: -5.7345, saved to checkpoints/etas_kernel_cb_hab4_20260407/best_model_1.pth
2026-04-07 13:39:57,792 INFO src.train.trainer: Last model at epoch 824 saved to checkpoints/etas_kernel_cb_hab4_20260407/last_model_1.pth
2026-04-07 13:39:57,792 INFO src.train.trainer: Epoch 825
2026-04-07 13:39:57,839 INFO src.train.trainer: New best validation loss: -5.7346, saved to checkpoints/etas_kernel_cb_hab4_20260407/best_model_1.pth
2026-04-07 13:39:57,841 INFO src.train.trainer: Last model at epoch 825 saved to checkpoints/etas_kernel_cb_hab4_20260407/last_model_1.pth
2026-04-07 13:39:57,841 INFO src.train.trainer: Epoch 826
2026-04-07 13:39:57,893 INFO src.train.trainer: New best validation loss: -5.7348, saved to checkpoints/etas_kernel_cb_hab4_20260407/best_model_1.pth
2026-04-07 13:39:57,895 INFO src.train.trainer: Last model at epoch 826 saved to checkpoints/etas_kernel_cb_hab4_20260407/last_model_1.pth
2026-04-07 13:39:57,895 INFO src.train.trainer: Epoch 827
2026-04-07 13:39:57,948 INFO src.train.trainer: New best validation loss: -5.7349, saved to checkpoints/etas_kernel_cb_hab4_20260407/best_model_1.pth
2026-04-07 13:39:57,950 INFO src.train.trainer: Last model at epoch 827 saved to checkpoints/etas_kernel_cb_hab4_20260407/last_model_1.pth
2026-04-07 13:39:57,950 INFO src.train.trainer: Epoch 828
2026-04-07 13:39:58,004 INFO src.train.trainer: New best validation loss: -5.7351, saved to checkpoints/etas_kernel_cb_hab4_20260407/best_model_1.pth
2026-04-07 13:39:58,006 INFO src.train.trainer: Last model at epoch 828 saved to checkpoints/etas_kernel_cb_hab4_20260407/last_model_1.pth
2026-04-07 13:39:58,006 INFO src.train.trainer: Epoch 829
2026-04-07 13:39:58,063 INFO src.train.trainer: New best validation loss: -5.7352, saved to checkpoints/etas_kernel_cb_hab4_20260407/best_model_1.pth
2026-04-07 13:39:58,065 INFO src.train.trainer: Last model at epoch 829 saved to checkpoints/etas_kernel_cb_hab4_20260407/last_model_1.pth
2026-04-07 13:39:58,065 INFO src.train.trainer: Epoch 830
2026-04-07 13:39:58,122 INFO src.train.trainer: New best validation loss: -5.7354, saved to checkpoints/etas_kernel_cb_hab4_20260407/best_model_1.pth
2026-04-07 13:39:58,123 INFO src.train.trainer: Last model at epoch 830 saved to checkpoints/etas_kernel_cb_hab4_20260407/last_model_1.pth
2026-04-07 13:39:58,123 INFO src.train.trainer: Epoch 831
2026-04-07 13:39:58,179 INFO src.train.trainer: New best validation loss: -5.7355, saved to checkpoints/etas_kernel_cb_hab4_20260407/best_model_1.pth
2026-04-07 13:39:58,181 INFO src.train.trainer: Last model at epoch 831 saved to checkpoints/etas_kernel_cb_hab4_20260407/last_model_1.pth
2026-04-07 13:39:58,181 INFO src.train.trainer: Epoch 832
2026-04-07 13:39:58,238 INFO src.train.trainer: New best validation loss: -5.7357, saved to checkpoints/etas_kernel_cb_hab4_20260407/best_model_1.pth
2026-04-07 13:39:58,240 INFO src.train.trainer: Last model at epoch 832 saved to checkpoints/etas_kernel_cb_hab4_20260407/last_model_1.pth
2026-04-07 13:39:58,240 INFO src.train.trainer: Epoch 833
2026-04-07 13:39:58,302 INFO src.train.trainer: New best validation loss: -5.7358, saved to checkpoints/etas_kernel_cb_hab4_20260407/best_model_1.pth
2026-04-07 13:39:58,304 INFO src.train.trainer: Last model at epoch 833 saved to checkpoints/etas_kernel_cb_hab4_20260407/last_model_1.pth
2026-04-07 13:39:58,304 INFO src.train.trainer: Epoch 834
2026-04-07 13:39:58,369 INFO src.train.trainer: New best validation loss: -5.7360, saved to checkpoints/etas_kernel_cb_hab4_20260407/best_model_1.pth
2026-04-07 13:39:58,371 INFO src.train.trainer: Last model at epoch 834 saved to checkpoints/etas_kernel_cb_hab4_20260407/last_model_1.pth
2026-04-07 13:39:58,371 INFO src.train.trainer: Epoch 835
2026-04-07 13:39:58,436 INFO src.train.trainer: New best validation loss: -5.7361, saved to checkpoints/etas_kernel_cb_hab4_20260407/best_model_1.pth
2026-04-07 13:39:58,438 INFO src.train.trainer: Last model at epoch 835 saved to checkpoints/etas_kernel_cb_hab4_20260407/last_model_1.pth
2026-04-07 13:39:58,438 INFO src.train.trainer: Epoch 836
2026-04-07 13:39:58,504 INFO src.train.trainer: New best validation loss: -5.7363, saved to checkpoints/etas_kernel_cb_hab4_20260407/best_model_1.pth
2026-04-07 13:39:58,506 INFO src.train.trainer: Last model at epoch 836 saved to checkpoints/etas_kernel_cb_hab4_20260407/last_model_1.pth
2026-04-07 13:39:58,507 INFO src.train.trainer: Epoch 837
2026-04-07 13:39:58,570 INFO src.train.trainer: New best validation loss: -5.7364, saved to checkpoints/etas_kernel_cb_hab4_20260407/best_model_1.pth
2026-04-07 13:39:58,573 INFO src.train.trainer: Last model at epoch 837 saved to checkpoints/etas_kernel_cb_hab4_20260407/last_model_1.pth
2026-04-07 13:39:58,573 INFO src.train.trainer: Epoch 838
2026-04-07 13:39:58,638 INFO src.train.trainer: New best validation loss: -5.7366, saved to checkpoints/etas_kernel_cb_hab4_20260407/best_model_1.pth
2026-04-07 13:39:58,640 INFO src.train.trainer: Last model at epoch 838 saved to checkpoints/etas_kernel_cb_hab4_20260407/last_model_1.pth
2026-04-07 13:39:58,640 INFO src.train.trainer: Epoch 839
2026-04-07 13:39:58,705 INFO src.train.trainer: New best validation loss: -5.7367, saved to checkpoints/etas_kernel_cb_hab4_20260407/best_model_1.pth
2026-04-07 13:39:58,707 INFO src.train.trainer: Last model at epoch 839 saved to checkpoints/etas_kernel_cb_hab4_20260407/last_model_1.pth
2026-04-07 13:39:58,708 INFO src.train.trainer: Epoch 840
2026-04-07 13:39:58,774 INFO src.train.trainer: New best validation loss: -5.7369, saved to checkpoints/etas_kernel_cb_hab4_20260407/best_model_1.pth
2026-04-07 13:39:58,776 INFO src.train.trainer: Last model at epoch 840 saved to checkpoints/etas_kernel_cb_hab4_20260407/last_model_1.pth
2026-04-07 13:39:58,776 INFO src.train.trainer: Epoch 841
2026-04-07 13:39:58,845 INFO src.train.trainer: New best validation loss: -5.7370, saved to checkpoints/etas_kernel_cb_hab4_20260407/best_model_1.pth
2026-04-07 13:39:58,847 INFO src.train.trainer: Last model at epoch 841 saved to checkpoints/etas_kernel_cb_hab4_20260407/last_model_1.pth
2026-04-07 13:39:58,847 INFO src.train.trainer: Epoch 842
2026-04-07 13:39:58,915 INFO src.train.trainer: New best validation loss: -5.7372, saved to checkpoints/etas_kernel_cb_hab4_20260407/best_model_1.pth
2026-04-07 13:39:58,918 INFO src.train.trainer: Last model at epoch 842 saved to checkpoints/etas_kernel_cb_hab4_20260407/last_model_1.pth
2026-04-07 13:39:58,918 INFO src.train.trainer: Epoch 843
2026-04-07 13:39:58,963 INFO src.train.trainer: New best validation loss: -5.7373, saved to checkpoints/etas_kernel_cb_hab4_20260407/best_model_1.pth
2026-04-07 13:39:58,964 INFO src.train.trainer: Last model at epoch 843 saved to checkpoints/etas_kernel_cb_hab4_20260407/last_model_1.pth
2026-04-07 13:39:58,964 INFO src.train.trainer: Epoch 844
2026-04-07 13:39:59,012 INFO src.train.trainer: New best validation loss: -5.7375, saved to checkpoints/etas_kernel_cb_hab4_20260407/best_model_1.pth
2026-04-07 13:39:59,014 INFO src.train.trainer: Last model at epoch 844 saved to checkpoints/etas_kernel_cb_hab4_20260407/last_model_1.pth
2026-04-07 13:39:59,014 INFO src.train.trainer: Epoch 845
2026-04-07 13:39:59,070 INFO src.train.trainer: New best validation loss: -5.7376, saved to checkpoints/etas_kernel_cb_hab4_20260407/best_model_1.pth
2026-04-07 13:39:59,072 INFO src.train.trainer: Last model at epoch 845 saved to checkpoints/etas_kernel_cb_hab4_20260407/last_model_1.pth
2026-04-07 13:39:59,072 INFO src.train.trainer: Epoch 846
2026-04-07 13:39:59,128 INFO src.train.trainer: New best validation loss: -5.7378, saved to checkpoints/etas_kernel_cb_hab4_20260407/best_model_1.pth
2026-04-07 13:39:59,130 INFO src.train.trainer: Last model at epoch 846 saved to checkpoints/etas_kernel_cb_hab4_20260407/last_model_1.pth
2026-04-07 13:39:59,130 INFO src.train.trainer: Epoch 847
2026-04-07 13:39:59,189 INFO src.train.trainer: New best validation loss: -5.7379, saved to checkpoints/etas_kernel_cb_hab4_20260407/best_model_1.pth
2026-04-07 13:39:59,191 INFO src.train.trainer: Last model at epoch 847 saved to checkpoints/etas_kernel_cb_hab4_20260407/last_model_1.pth
2026-04-07 13:39:59,191 INFO src.train.trainer: Epoch 848
2026-04-07 13:39:59,250 INFO src.train.trainer: New best validation loss: -5.7380, saved to checkpoints/etas_kernel_cb_hab4_20260407/best_model_1.pth
2026-04-07 13:39:59,252 INFO src.train.trainer: Last model at epoch 848 saved to checkpoints/etas_kernel_cb_hab4_20260407/last_model_1.pth
2026-04-07 13:39:59,252 INFO src.train.trainer: Epoch 849
2026-04-07 13:39:59,310 INFO src.train.trainer: New best validation loss: -5.7382, saved to checkpoints/etas_kernel_cb_hab4_20260407/best_model_1.pth
2026-04-07 13:39:59,311 INFO src.train.trainer: Last model at epoch 849 saved to checkpoints/etas_kernel_cb_hab4_20260407/last_model_1.pth
2026-04-07 13:39:59,311 INFO src.train.trainer: Epoch 850
2026-04-07 13:39:59,372 INFO src.train.trainer: New best validation loss: -5.7383, saved to checkpoints/etas_kernel_cb_hab4_20260407/best_model_1.pth
2026-04-07 13:39:59,374 INFO src.train.trainer: Last model at epoch 850 saved to checkpoints/etas_kernel_cb_hab4_20260407/last_model_1.pth
2026-04-07 13:39:59,374 INFO src.train.trainer: Epoch 851
2026-04-07 13:39:59,436 INFO src.train.trainer: New best validation loss: -5.7385, saved to checkpoints/etas_kernel_cb_hab4_20260407/best_model_1.pth
2026-04-07 13:39:59,438 INFO src.train.trainer: Last model at epoch 851 saved to checkpoints/etas_kernel_cb_hab4_20260407/last_model_1.pth
2026-04-07 13:39:59,438 INFO src.train.trainer: Epoch 852
2026-04-07 13:39:59,500 INFO src.train.trainer: New best validation loss: -5.7386, saved to checkpoints/etas_kernel_cb_hab4_20260407/best_model_1.pth
2026-04-07 13:39:59,502 INFO src.train.trainer: Last model at epoch 852 saved to checkpoints/etas_kernel_cb_hab4_20260407/last_model_1.pth
2026-04-07 13:39:59,503 INFO src.train.trainer: Epoch 853
2026-04-07 13:39:59,568 INFO src.train.trainer: New best validation loss: -5.7388, saved to checkpoints/etas_kernel_cb_hab4_20260407/best_model_1.pth
2026-04-07 13:39:59,570 INFO src.train.trainer: Last model at epoch 853 saved to checkpoints/etas_kernel_cb_hab4_20260407/last_model_1.pth
2026-04-07 13:39:59,570 INFO src.train.trainer: Epoch 854
2026-04-07 13:39:59,635 INFO src.train.trainer: New best validation loss: -5.7389, saved to checkpoints/etas_kernel_cb_hab4_20260407/best_model_1.pth
2026-04-07 13:39:59,637 INFO src.train.trainer: Last model at epoch 854 saved to checkpoints/etas_kernel_cb_hab4_20260407/last_model_1.pth
2026-04-07 13:39:59,637 INFO src.train.trainer: Epoch 855
2026-04-07 13:39:59,704 INFO src.train.trainer: New best validation loss: -5.7391, saved to checkpoints/etas_kernel_cb_hab4_20260407/best_model_1.pth
2026-04-07 13:39:59,706 INFO src.train.trainer: Last model at epoch 855 saved to checkpoints/etas_kernel_cb_hab4_20260407/last_model_1.pth
2026-04-07 13:39:59,706 INFO src.train.trainer: Epoch 856
2026-04-07 13:39:59,776 INFO src.train.trainer: New best validation loss: -5.7392, saved to checkpoints/etas_kernel_cb_hab4_20260407/best_model_1.pth
2026-04-07 13:39:59,778 INFO src.train.trainer: Last model at epoch 856 saved to checkpoints/etas_kernel_cb_hab4_20260407/last_model_1.pth
2026-04-07 13:39:59,778 INFO src.train.trainer: Epoch 857
2026-04-07 13:39:59,844 INFO src.train.trainer: New best validation loss: -5.7394, saved to checkpoints/etas_kernel_cb_hab4_20260407/best_model_1.pth
2026-04-07 13:39:59,846 INFO src.train.trainer: Last model at epoch 857 saved to checkpoints/etas_kernel_cb_hab4_20260407/last_model_1.pth
2026-04-07 13:39:59,846 INFO src.train.trainer: Epoch 858
2026-04-07 13:39:59,912 INFO src.train.trainer: New best validation loss: -5.7395, saved to checkpoints/etas_kernel_cb_hab4_20260407/best_model_1.pth
2026-04-07 13:39:59,915 INFO src.train.trainer: Last model at epoch 858 saved to checkpoints/etas_kernel_cb_hab4_20260407/last_model_1.pth
2026-04-07 13:39:59,915 INFO src.train.trainer: Epoch 859
2026-04-07 13:39:59,983 INFO src.train.trainer: New best validation loss: -5.7397, saved to checkpoints/etas_kernel_cb_hab4_20260407/best_model_1.pth
2026-04-07 13:39:59,985 INFO src.train.trainer: Last model at epoch 859 saved to checkpoints/etas_kernel_cb_hab4_20260407/last_model_1.pth
2026-04-07 13:39:59,985 INFO src.train.trainer: Epoch 860
2026-04-07 13:40:00,052 INFO src.train.trainer: New best validation loss: -5.7398, saved to checkpoints/etas_kernel_cb_hab4_20260407/best_model_1.pth
2026-04-07 13:40:00,054 INFO src.train.trainer: Last model at epoch 860 saved to checkpoints/etas_kernel_cb_hab4_20260407/last_model_1.pth
2026-04-07 13:40:00,054 INFO src.train.trainer: Epoch 861
2026-04-07 13:40:00,122 INFO src.train.trainer: New best validation loss: -5.7399, saved to checkpoints/etas_kernel_cb_hab4_20260407/best_model_1.pth
2026-04-07 13:40:00,124 INFO src.train.trainer: Last model at epoch 861 saved to checkpoints/etas_kernel_cb_hab4_20260407/last_model_1.pth
2026-04-07 13:40:00,124 INFO src.train.trainer: Epoch 862
2026-04-07 13:40:00,195 INFO src.train.trainer: New best validation loss: -5.7401, saved to checkpoints/etas_kernel_cb_hab4_20260407/best_model_1.pth
2026-04-07 13:40:00,197 INFO src.train.trainer: Last model at epoch 862 saved to checkpoints/etas_kernel_cb_hab4_20260407/last_model_1.pth
2026-04-07 13:40:00,197 INFO src.train.trainer: Epoch 863
2026-04-07 13:40:00,330 INFO src.train.trainer: New best validation loss: -5.7402, saved to checkpoints/etas_kernel_cb_hab4_20260407/best_model_1.pth
2026-04-07 13:40:00,332 INFO src.train.trainer: Last model at epoch 863 saved to checkpoints/etas_kernel_cb_hab4_20260407/last_model_1.pth
2026-04-07 13:40:00,332 INFO src.train.trainer: Epoch 864
2026-04-07 13:40:00,402 INFO src.train.trainer: New best validation loss: -5.7404, saved to checkpoints/etas_kernel_cb_hab4_20260407/best_model_1.pth
2026-04-07 13:40:00,404 INFO src.train.trainer: Last model at epoch 864 saved to checkpoints/etas_kernel_cb_hab4_20260407/last_model_1.pth
2026-04-07 13:40:00,405 INFO src.train.trainer: Epoch 865
2026-04-07 13:40:00,476 INFO src.train.trainer: New best validation loss: -5.7405, saved to checkpoints/etas_kernel_cb_hab4_20260407/best_model_1.pth
2026-04-07 13:40:00,478 INFO src.train.trainer: Last model at epoch 865 saved to checkpoints/etas_kernel_cb_hab4_20260407/last_model_1.pth
2026-04-07 13:40:00,478 INFO src.train.trainer: Epoch 866
2026-04-07 13:40:00,544 INFO src.train.trainer: New best validation loss: -5.7407, saved to checkpoints/etas_kernel_cb_hab4_20260407/best_model_1.pth
2026-04-07 13:40:00,546 INFO src.train.trainer: Last model at epoch 866 saved to checkpoints/etas_kernel_cb_hab4_20260407/last_model_1.pth
2026-04-07 13:40:00,546 INFO src.train.trainer: Epoch 867
2026-04-07 13:40:00,604 INFO src.train.trainer: New best validation loss: -5.7408, saved to checkpoints/etas_kernel_cb_hab4_20260407/best_model_1.pth
2026-04-07 13:40:00,607 INFO src.train.trainer: Last model at epoch 867 saved to checkpoints/etas_kernel_cb_hab4_20260407/last_model_1.pth
2026-04-07 13:40:00,607 INFO src.train.trainer: Epoch 868
2026-04-07 13:40:00,669 INFO src.train.trainer: New best validation loss: -5.7410, saved to checkpoints/etas_kernel_cb_hab4_20260407/best_model_1.pth
2026-04-07 13:40:00,671 INFO src.train.trainer: Last model at epoch 868 saved to checkpoints/etas_kernel_cb_hab4_20260407/last_model_1.pth
2026-04-07 13:40:00,671 INFO src.train.trainer: Epoch 869
2026-04-07 13:40:00,725 INFO src.train.trainer: New best validation loss: -5.7411, saved to checkpoints/etas_kernel_cb_hab4_20260407/best_model_1.pth
2026-04-07 13:40:00,727 INFO src.train.trainer: Last model at epoch 869 saved to checkpoints/etas_kernel_cb_hab4_20260407/last_model_1.pth
2026-04-07 13:40:00,727 INFO src.train.trainer: Epoch 870
2026-04-07 13:40:00,782 INFO src.train.trainer: New best validation loss: -5.7412, saved to checkpoints/etas_kernel_cb_hab4_20260407/best_model_1.pth
2026-04-07 13:40:00,784 INFO src.train.trainer: Last model at epoch 870 saved to checkpoints/etas_kernel_cb_hab4_20260407/last_model_1.pth
2026-04-07 13:40:00,784 INFO src.train.trainer: Epoch 871
2026-04-07 13:40:00,839 INFO src.train.trainer: New best validation loss: -5.7414, saved to checkpoints/etas_kernel_cb_hab4_20260407/best_model_1.pth
2026-04-07 13:40:00,840 INFO src.train.trainer: Last model at epoch 871 saved to checkpoints/etas_kernel_cb_hab4_20260407/last_model_1.pth
2026-04-07 13:40:00,840 INFO src.train.trainer: Epoch 872
2026-04-07 13:40:00,899 INFO src.train.trainer: New best validation loss: -5.7415, saved to checkpoints/etas_kernel_cb_hab4_20260407/best_model_1.pth
2026-04-07 13:40:00,901 INFO src.train.trainer: Last model at epoch 872 saved to checkpoints/etas_kernel_cb_hab4_20260407/last_model_1.pth
2026-04-07 13:40:00,901 INFO src.train.trainer: Epoch 873
2026-04-07 13:40:00,962 INFO src.train.trainer: New best validation loss: -5.7417, saved to checkpoints/etas_kernel_cb_hab4_20260407/best_model_1.pth
2026-04-07 13:40:00,964 INFO src.train.trainer: Last model at epoch 873 saved to checkpoints/etas_kernel_cb_hab4_20260407/last_model_1.pth
2026-04-07 13:40:00,964 INFO src.train.trainer: Epoch 874
2026-04-07 13:40:01,025 INFO src.train.trainer: New best validation loss: -5.7418, saved to checkpoints/etas_kernel_cb_hab4_20260407/best_model_1.pth
2026-04-07 13:40:01,028 INFO src.train.trainer: Last model at epoch 874 saved to checkpoints/etas_kernel_cb_hab4_20260407/last_model_1.pth
2026-04-07 13:40:01,028 INFO src.train.trainer: Epoch 875
2026-04-07 13:40:01,090 INFO src.train.trainer: New best validation loss: -5.7420, saved to checkpoints/etas_kernel_cb_hab4_20260407/best_model_1.pth
2026-04-07 13:40:01,093 INFO src.train.trainer: Last model at epoch 875 saved to checkpoints/etas_kernel_cb_hab4_20260407/last_model_1.pth
2026-04-07 13:40:01,093 INFO src.train.trainer: Epoch 876
2026-04-07 13:40:01,155 INFO src.train.trainer: New best validation loss: -5.7421, saved to checkpoints/etas_kernel_cb_hab4_20260407/best_model_1.pth
2026-04-07 13:40:01,157 INFO src.train.trainer: Last model at epoch 876 saved to checkpoints/etas_kernel_cb_hab4_20260407/last_model_1.pth
2026-04-07 13:40:01,157 INFO src.train.trainer: Epoch 877
2026-04-07 13:40:01,219 INFO src.train.trainer: New best validation loss: -5.7422, saved to checkpoints/etas_kernel_cb_hab4_20260407/best_model_1.pth
2026-04-07 13:40:01,221 INFO src.train.trainer: Last model at epoch 877 saved to checkpoints/etas_kernel_cb_hab4_20260407/last_model_1.pth
2026-04-07 13:40:01,222 INFO src.train.trainer: Epoch 878
2026-04-07 13:40:01,283 INFO src.train.trainer: New best validation loss: -5.7424, saved to checkpoints/etas_kernel_cb_hab4_20260407/best_model_1.pth
2026-04-07 13:40:01,285 INFO src.train.trainer: Last model at epoch 878 saved to checkpoints/etas_kernel_cb_hab4_20260407/last_model_1.pth
2026-04-07 13:40:01,285 INFO src.train.trainer: Epoch 879
2026-04-07 13:40:01,349 INFO src.train.trainer: New best validation loss: -5.7425, saved to checkpoints/etas_kernel_cb_hab4_20260407/best_model_1.pth
2026-04-07 13:40:01,351 INFO src.train.trainer: Last model at epoch 879 saved to checkpoints/etas_kernel_cb_hab4_20260407/last_model_1.pth
2026-04-07 13:40:01,352 INFO src.train.trainer: Epoch 880
2026-04-07 13:40:01,418 INFO src.train.trainer: New best validation loss: -5.7427, saved to checkpoints/etas_kernel_cb_hab4_20260407/best_model_1.pth
2026-04-07 13:40:01,420 INFO src.train.trainer: Last model at epoch 880 saved to checkpoints/etas_kernel_cb_hab4_20260407/last_model_1.pth
2026-04-07 13:40:01,420 INFO src.train.trainer: Epoch 881
2026-04-07 13:40:01,489 INFO src.train.trainer: New best validation loss: -5.7428, saved to checkpoints/etas_kernel_cb_hab4_20260407/best_model_1.pth
2026-04-07 13:40:01,491 INFO src.train.trainer: Last model at epoch 881 saved to checkpoints/etas_kernel_cb_hab4_20260407/last_model_1.pth
2026-04-07 13:40:01,491 INFO src.train.trainer: Epoch 882
2026-04-07 13:40:01,557 INFO src.train.trainer: New best validation loss: -5.7430, saved to checkpoints/etas_kernel_cb_hab4_20260407/best_model_1.pth
2026-04-07 13:40:01,560 INFO src.train.trainer: Last model at epoch 882 saved to checkpoints/etas_kernel_cb_hab4_20260407/last_model_1.pth
2026-04-07 13:40:01,560 INFO src.train.trainer: Epoch 883
2026-04-07 13:40:01,629 INFO src.train.trainer: New best validation loss: -5.7431, saved to checkpoints/etas_kernel_cb_hab4_20260407/best_model_1.pth
2026-04-07 13:40:01,631 INFO src.train.trainer: Last model at epoch 883 saved to checkpoints/etas_kernel_cb_hab4_20260407/last_model_1.pth
2026-04-07 13:40:01,631 INFO src.train.trainer: Epoch 884
2026-04-07 13:40:01,701 INFO src.train.trainer: New best validation loss: -5.7432, saved to checkpoints/etas_kernel_cb_hab4_20260407/best_model_1.pth
2026-04-07 13:40:01,705 INFO src.train.trainer: Last model at epoch 884 saved to checkpoints/etas_kernel_cb_hab4_20260407/last_model_1.pth
2026-04-07 13:40:01,705 INFO src.train.trainer: Epoch 885
2026-04-07 13:40:01,781 INFO src.train.trainer: New best validation loss: -5.7434, saved to checkpoints/etas_kernel_cb_hab4_20260407/best_model_1.pth
2026-04-07 13:40:01,783 INFO src.train.trainer: Last model at epoch 885 saved to checkpoints/etas_kernel_cb_hab4_20260407/last_model_1.pth
2026-04-07 13:40:01,783 INFO src.train.trainer: Epoch 886
2026-04-07 13:40:01,848 INFO src.train.trainer: New best validation loss: -5.7435, saved to checkpoints/etas_kernel_cb_hab4_20260407/best_model_1.pth
2026-04-07 13:40:01,850 INFO src.train.trainer: Last model at epoch 886 saved to checkpoints/etas_kernel_cb_hab4_20260407/last_model_1.pth
2026-04-07 13:40:01,850 INFO src.train.trainer: Epoch 887
2026-04-07 13:40:01,918 INFO src.train.trainer: New best validation loss: -5.7437, saved to checkpoints/etas_kernel_cb_hab4_20260407/best_model_1.pth
2026-04-07 13:40:01,920 INFO src.train.trainer: Last model at epoch 887 saved to checkpoints/etas_kernel_cb_hab4_20260407/last_model_1.pth
2026-04-07 13:40:01,920 INFO src.train.trainer: Epoch 888
2026-04-07 13:40:01,987 INFO src.train.trainer: New best validation loss: -5.7438, saved to checkpoints/etas_kernel_cb_hab4_20260407/best_model_1.pth
2026-04-07 13:40:01,990 INFO src.train.trainer: Last model at epoch 888 saved to checkpoints/etas_kernel_cb_hab4_20260407/last_model_1.pth
2026-04-07 13:40:01,990 INFO src.train.trainer: Epoch 889
2026-04-07 13:40:02,063 INFO src.train.trainer: New best validation loss: -5.7440, saved to checkpoints/etas_kernel_cb_hab4_20260407/best_model_1.pth
2026-04-07 13:40:02,065 INFO src.train.trainer: Last model at epoch 889 saved to checkpoints/etas_kernel_cb_hab4_20260407/last_model_1.pth
2026-04-07 13:40:02,065 INFO src.train.trainer: Epoch 890
2026-04-07 13:40:02,138 INFO src.train.trainer: New best validation loss: -5.7441, saved to checkpoints/etas_kernel_cb_hab4_20260407/best_model_1.pth
2026-04-07 13:40:02,140 INFO src.train.trainer: Last model at epoch 890 saved to checkpoints/etas_kernel_cb_hab4_20260407/last_model_1.pth
2026-04-07 13:40:02,140 INFO src.train.trainer: Epoch 891
2026-04-07 13:40:02,200 INFO src.train.trainer: New best validation loss: -5.7442, saved to checkpoints/etas_kernel_cb_hab4_20260407/best_model_1.pth
2026-04-07 13:40:02,202 INFO src.train.trainer: Last model at epoch 891 saved to checkpoints/etas_kernel_cb_hab4_20260407/last_model_1.pth
2026-04-07 13:40:02,202 INFO src.train.trainer: Epoch 892
2026-04-07 13:40:02,266 INFO src.train.trainer: New best validation loss: -5.7444, saved to checkpoints/etas_kernel_cb_hab4_20260407/best_model_1.pth
2026-04-07 13:40:02,268 INFO src.train.trainer: Last model at epoch 892 saved to checkpoints/etas_kernel_cb_hab4_20260407/last_model_1.pth
2026-04-07 13:40:02,268 INFO src.train.trainer: Epoch 893
2026-04-07 13:40:02,333 INFO src.train.trainer: New best validation loss: -5.7445, saved to checkpoints/etas_kernel_cb_hab4_20260407/best_model_1.pth
2026-04-07 13:40:02,335 INFO src.train.trainer: Last model at epoch 893 saved to checkpoints/etas_kernel_cb_hab4_20260407/last_model_1.pth
2026-04-07 13:40:02,335 INFO src.train.trainer: Epoch 894
2026-04-07 13:40:02,386 INFO src.train.trainer: New best validation loss: -5.7447, saved to checkpoints/etas_kernel_cb_hab4_20260407/best_model_1.pth
2026-04-07 13:40:02,388 INFO src.train.trainer: Last model at epoch 894 saved to checkpoints/etas_kernel_cb_hab4_20260407/last_model_1.pth
2026-04-07 13:40:02,388 INFO src.train.trainer: Epoch 895
2026-04-07 13:40:02,432 INFO src.train.trainer: New best validation loss: -5.7448, saved to checkpoints/etas_kernel_cb_hab4_20260407/best_model_1.pth
2026-04-07 13:40:02,434 INFO src.train.trainer: Last model at epoch 895 saved to checkpoints/etas_kernel_cb_hab4_20260407/last_model_1.pth
2026-04-07 13:40:02,434 INFO src.train.trainer: Epoch 896
2026-04-07 13:40:02,475 INFO src.train.trainer: New best validation loss: -5.7450, saved to checkpoints/etas_kernel_cb_hab4_20260407/best_model_1.pth
2026-04-07 13:40:02,476 INFO src.train.trainer: Last model at epoch 896 saved to checkpoints/etas_kernel_cb_hab4_20260407/last_model_1.pth
2026-04-07 13:40:02,476 INFO src.train.trainer: Epoch 897
2026-04-07 13:40:02,529 INFO src.train.trainer: New best validation loss: -5.7451, saved to checkpoints/etas_kernel_cb_hab4_20260407/best_model_1.pth
2026-04-07 13:40:02,531 INFO src.train.trainer: Last model at epoch 897 saved to checkpoints/etas_kernel_cb_hab4_20260407/last_model_1.pth
2026-04-07 13:40:02,531 INFO src.train.trainer: Epoch 898
2026-04-07 13:40:02,582 INFO src.train.trainer: New best validation loss: -5.7452, saved to checkpoints/etas_kernel_cb_hab4_20260407/best_model_1.pth
2026-04-07 13:40:02,584 INFO src.train.trainer: Last model at epoch 898 saved to checkpoints/etas_kernel_cb_hab4_20260407/last_model_1.pth
2026-04-07 13:40:02,584 INFO src.train.trainer: Epoch 899
2026-04-07 13:40:02,635 INFO src.train.trainer: New best validation loss: -5.7454, saved to checkpoints/etas_kernel_cb_hab4_20260407/best_model_1.pth
2026-04-07 13:40:02,637 INFO src.train.trainer: Last model at epoch 899 saved to checkpoints/etas_kernel_cb_hab4_20260407/last_model_1.pth
2026-04-07 13:40:02,637 INFO src.train.trainer: Epoch 900
2026-04-07 13:40:02,690 INFO src.train.trainer: New best validation loss: -5.7455, saved to checkpoints/etas_kernel_cb_hab4_20260407/best_model_1.pth
2026-04-07 13:40:02,691 INFO src.train.trainer: Last model at epoch 900 saved to checkpoints/etas_kernel_cb_hab4_20260407/last_model_1.pth
2026-04-07 13:40:02,692 INFO src.train.trainer: Epoch 901
2026-04-07 13:40:02,744 INFO src.train.trainer: New best validation loss: -5.7457, saved to checkpoints/etas_kernel_cb_hab4_20260407/best_model_1.pth
2026-04-07 13:40:02,746 INFO src.train.trainer: Last model at epoch 901 saved to checkpoints/etas_kernel_cb_hab4_20260407/last_model_1.pth
2026-04-07 13:40:02,747 INFO src.train.trainer: Epoch 902
2026-04-07 13:40:02,802 INFO src.train.trainer: New best validation loss: -5.7458, saved to checkpoints/etas_kernel_cb_hab4_20260407/best_model_1.pth
2026-04-07 13:40:02,803 INFO src.train.trainer: Last model at epoch 902 saved to checkpoints/etas_kernel_cb_hab4_20260407/last_model_1.pth
2026-04-07 13:40:02,804 INFO src.train.trainer: Epoch 903
2026-04-07 13:40:02,860 INFO src.train.trainer: New best validation loss: -5.7459, saved to checkpoints/etas_kernel_cb_hab4_20260407/best_model_1.pth
2026-04-07 13:40:02,862 INFO src.train.trainer: Last model at epoch 903 saved to checkpoints/etas_kernel_cb_hab4_20260407/last_model_1.pth
2026-04-07 13:40:02,862 INFO src.train.trainer: Epoch 904
2026-04-07 13:40:02,922 INFO src.train.trainer: New best validation loss: -5.7461, saved to checkpoints/etas_kernel_cb_hab4_20260407/best_model_1.pth
2026-04-07 13:40:02,924 INFO src.train.trainer: Last model at epoch 904 saved to checkpoints/etas_kernel_cb_hab4_20260407/last_model_1.pth
2026-04-07 13:40:02,924 INFO src.train.trainer: Epoch 905
2026-04-07 13:40:02,987 INFO src.train.trainer: New best validation loss: -5.7462, saved to checkpoints/etas_kernel_cb_hab4_20260407/best_model_1.pth
2026-04-07 13:40:02,989 INFO src.train.trainer: Last model at epoch 905 saved to checkpoints/etas_kernel_cb_hab4_20260407/last_model_1.pth
2026-04-07 13:40:02,989 INFO src.train.trainer: Epoch 906
2026-04-07 13:40:03,051 INFO src.train.trainer: New best validation loss: -5.7464, saved to checkpoints/etas_kernel_cb_hab4_20260407/best_model_1.pth
2026-04-07 13:40:03,053 INFO src.train.trainer: Last model at epoch 906 saved to checkpoints/etas_kernel_cb_hab4_20260407/last_model_1.pth
2026-04-07 13:40:03,053 INFO src.train.trainer: Epoch 907
2026-04-07 13:40:03,103 INFO src.train.trainer: New best validation loss: -5.7465, saved to checkpoints/etas_kernel_cb_hab4_20260407/best_model_1.pth
2026-04-07 13:40:03,105 INFO src.train.trainer: Last model at epoch 907 saved to checkpoints/etas_kernel_cb_hab4_20260407/last_model_1.pth
2026-04-07 13:40:03,106 INFO src.train.trainer: Epoch 908
2026-04-07 13:40:03,154 INFO src.train.trainer: New best validation loss: -5.7466, saved to checkpoints/etas_kernel_cb_hab4_20260407/best_model_1.pth
2026-04-07 13:40:03,155 INFO src.train.trainer: Last model at epoch 908 saved to checkpoints/etas_kernel_cb_hab4_20260407/last_model_1.pth
2026-04-07 13:40:03,156 INFO src.train.trainer: Epoch 909
2026-04-07 13:40:03,200 INFO src.train.trainer: New best validation loss: -5.7468, saved to checkpoints/etas_kernel_cb_hab4_20260407/best_model_1.pth
2026-04-07 13:40:03,202 INFO src.train.trainer: Last model at epoch 909 saved to checkpoints/etas_kernel_cb_hab4_20260407/last_model_1.pth
2026-04-07 13:40:03,202 INFO src.train.trainer: Epoch 910
2026-04-07 13:40:03,249 INFO src.train.trainer: New best validation loss: -5.7469, saved to checkpoints/etas_kernel_cb_hab4_20260407/best_model_1.pth
2026-04-07 13:40:03,251 INFO src.train.trainer: Last model at epoch 910 saved to checkpoints/etas_kernel_cb_hab4_20260407/last_model_1.pth
2026-04-07 13:40:03,251 INFO src.train.trainer: Epoch 911
2026-04-07 13:40:03,296 INFO src.train.trainer: New best validation loss: -5.7471, saved to checkpoints/etas_kernel_cb_hab4_20260407/best_model_1.pth
2026-04-07 13:40:03,298 INFO src.train.trainer: Last model at epoch 911 saved to checkpoints/etas_kernel_cb_hab4_20260407/last_model_1.pth
2026-04-07 13:40:03,298 INFO src.train.trainer: Epoch 912
2026-04-07 13:40:03,341 INFO src.train.trainer: New best validation loss: -5.7472, saved to checkpoints/etas_kernel_cb_hab4_20260407/best_model_1.pth
2026-04-07 13:40:03,343 INFO src.train.trainer: Last model at epoch 912 saved to checkpoints/etas_kernel_cb_hab4_20260407/last_model_1.pth
2026-04-07 13:40:03,344 INFO src.train.trainer: Epoch 913
2026-04-07 13:40:03,389 INFO src.train.trainer: New best validation loss: -5.7473, saved to checkpoints/etas_kernel_cb_hab4_20260407/best_model_1.pth
2026-04-07 13:40:03,392 INFO src.train.trainer: Last model at epoch 913 saved to checkpoints/etas_kernel_cb_hab4_20260407/last_model_1.pth
2026-04-07 13:40:03,392 INFO src.train.trainer: Epoch 914
2026-04-07 13:40:03,436 INFO src.train.trainer: New best validation loss: -5.7475, saved to checkpoints/etas_kernel_cb_hab4_20260407/best_model_1.pth
2026-04-07 13:40:03,437 INFO src.train.trainer: Last model at epoch 914 saved to checkpoints/etas_kernel_cb_hab4_20260407/last_model_1.pth
2026-04-07 13:40:03,437 INFO src.train.trainer: Epoch 915
2026-04-07 13:40:03,481 INFO src.train.trainer: New best validation loss: -5.7476, saved to checkpoints/etas_kernel_cb_hab4_20260407/best_model_1.pth
2026-04-07 13:40:03,483 INFO src.train.trainer: Last model at epoch 915 saved to checkpoints/etas_kernel_cb_hab4_20260407/last_model_1.pth
2026-04-07 13:40:03,483 INFO src.train.trainer: Epoch 916
2026-04-07 13:40:03,531 INFO src.train.trainer: New best validation loss: -5.7478, saved to checkpoints/etas_kernel_cb_hab4_20260407/best_model_1.pth
2026-04-07 13:40:03,532 INFO src.train.trainer: Last model at epoch 916 saved to checkpoints/etas_kernel_cb_hab4_20260407/last_model_1.pth
2026-04-07 13:40:03,532 INFO src.train.trainer: Epoch 917
2026-04-07 13:40:03,576 INFO src.train.trainer: New best validation loss: -5.7479, saved to checkpoints/etas_kernel_cb_hab4_20260407/best_model_1.pth
2026-04-07 13:40:03,578 INFO src.train.trainer: Last model at epoch 917 saved to checkpoints/etas_kernel_cb_hab4_20260407/last_model_1.pth
2026-04-07 13:40:03,578 INFO src.train.trainer: Epoch 918
2026-04-07 13:40:03,621 INFO src.train.trainer: New best validation loss: -5.7481, saved to checkpoints/etas_kernel_cb_hab4_20260407/best_model_1.pth
2026-04-07 13:40:03,623 INFO src.train.trainer: Last model at epoch 918 saved to checkpoints/etas_kernel_cb_hab4_20260407/last_model_1.pth
2026-04-07 13:40:03,623 INFO src.train.trainer: Epoch 919
2026-04-07 13:40:03,667 INFO src.train.trainer: New best validation loss: -5.7482, saved to checkpoints/etas_kernel_cb_hab4_20260407/best_model_1.pth
2026-04-07 13:40:03,669 INFO src.train.trainer: Last model at epoch 919 saved to checkpoints/etas_kernel_cb_hab4_20260407/last_model_1.pth
2026-04-07 13:40:03,669 INFO src.train.trainer: Epoch 920
2026-04-07 13:40:03,715 INFO src.train.trainer: New best validation loss: -5.7484, saved to checkpoints/etas_kernel_cb_hab4_20260407/best_model_1.pth
2026-04-07 13:40:03,716 INFO src.train.trainer: Last model at epoch 920 saved to checkpoints/etas_kernel_cb_hab4_20260407/last_model_1.pth
2026-04-07 13:40:03,716 INFO src.train.trainer: Epoch 921
2026-04-07 13:40:03,759 INFO src.train.trainer: New best validation loss: -5.7485, saved to checkpoints/etas_kernel_cb_hab4_20260407/best_model_1.pth
2026-04-07 13:40:03,761 INFO src.train.trainer: Last model at epoch 921 saved to checkpoints/etas_kernel_cb_hab4_20260407/last_model_1.pth
2026-04-07 13:40:03,761 INFO src.train.trainer: Epoch 922
2026-04-07 13:40:03,807 INFO src.train.trainer: New best validation loss: -5.7486, saved to checkpoints/etas_kernel_cb_hab4_20260407/best_model_1.pth
2026-04-07 13:40:03,809 INFO src.train.trainer: Last model at epoch 922 saved to checkpoints/etas_kernel_cb_hab4_20260407/last_model_1.pth
2026-04-07 13:40:03,809 INFO src.train.trainer: Epoch 923
2026-04-07 13:40:03,853 INFO src.train.trainer: New best validation loss: -5.7488, saved to checkpoints/etas_kernel_cb_hab4_20260407/best_model_1.pth
2026-04-07 13:40:03,855 INFO src.train.trainer: Last model at epoch 923 saved to checkpoints/etas_kernel_cb_hab4_20260407/last_model_1.pth
2026-04-07 13:40:03,855 INFO src.train.trainer: Epoch 924
2026-04-07 13:40:03,900 INFO src.train.trainer: New best validation loss: -5.7489, saved to checkpoints/etas_kernel_cb_hab4_20260407/best_model_1.pth
2026-04-07 13:40:03,901 INFO src.train.trainer: Last model at epoch 924 saved to checkpoints/etas_kernel_cb_hab4_20260407/last_model_1.pth
2026-04-07 13:40:03,901 INFO src.train.trainer: Epoch 925
2026-04-07 13:40:03,951 INFO src.train.trainer: New best validation loss: -5.7491, saved to checkpoints/etas_kernel_cb_hab4_20260407/best_model_1.pth
2026-04-07 13:40:03,953 INFO src.train.trainer: Last model at epoch 925 saved to checkpoints/etas_kernel_cb_hab4_20260407/last_model_1.pth
2026-04-07 13:40:03,953 INFO src.train.trainer: Epoch 926
2026-04-07 13:40:04,001 INFO src.train.trainer: New best validation loss: -5.7492, saved to checkpoints/etas_kernel_cb_hab4_20260407/best_model_1.pth
2026-04-07 13:40:04,003 INFO src.train.trainer: Last model at epoch 926 saved to checkpoints/etas_kernel_cb_hab4_20260407/last_model_1.pth
2026-04-07 13:40:04,003 INFO src.train.trainer: Epoch 927
2026-04-07 13:40:04,046 INFO src.train.trainer: New best validation loss: -5.7494, saved to checkpoints/etas_kernel_cb_hab4_20260407/best_model_1.pth
2026-04-07 13:40:04,048 INFO src.train.trainer: Last model at epoch 927 saved to checkpoints/etas_kernel_cb_hab4_20260407/last_model_1.pth
2026-04-07 13:40:04,048 INFO src.train.trainer: Epoch 928
2026-04-07 13:40:04,094 INFO src.train.trainer: New best validation loss: -5.7495, saved to checkpoints/etas_kernel_cb_hab4_20260407/best_model_1.pth
2026-04-07 13:40:04,096 INFO src.train.trainer: Last model at epoch 928 saved to checkpoints/etas_kernel_cb_hab4_20260407/last_model_1.pth
2026-04-07 13:40:04,096 INFO src.train.trainer: Epoch 929
2026-04-07 13:40:04,145 INFO src.train.trainer: New best validation loss: -5.7497, saved to checkpoints/etas_kernel_cb_hab4_20260407/best_model_1.pth
2026-04-07 13:40:04,147 INFO src.train.trainer: Last model at epoch 929 saved to checkpoints/etas_kernel_cb_hab4_20260407/last_model_1.pth
2026-04-07 13:40:04,147 INFO src.train.trainer: Epoch 930
2026-04-07 13:40:04,200 INFO src.train.trainer: New best validation loss: -5.7498, saved to checkpoints/etas_kernel_cb_hab4_20260407/best_model_1.pth
2026-04-07 13:40:04,203 INFO src.train.trainer: Last model at epoch 930 saved to checkpoints/etas_kernel_cb_hab4_20260407/last_model_1.pth
2026-04-07 13:40:04,203 INFO src.train.trainer: Epoch 931
2026-04-07 13:40:04,253 INFO src.train.trainer: New best validation loss: -5.7500, saved to checkpoints/etas_kernel_cb_hab4_20260407/best_model_1.pth
2026-04-07 13:40:04,254 INFO src.train.trainer: Last model at epoch 931 saved to checkpoints/etas_kernel_cb_hab4_20260407/last_model_1.pth
2026-04-07 13:40:04,254 INFO src.train.trainer: Epoch 932
2026-04-07 13:40:04,303 INFO src.train.trainer: New best validation loss: -5.7501, saved to checkpoints/etas_kernel_cb_hab4_20260407/best_model_1.pth
2026-04-07 13:40:04,305 INFO src.train.trainer: Last model at epoch 932 saved to checkpoints/etas_kernel_cb_hab4_20260407/last_model_1.pth
2026-04-07 13:40:04,305 INFO src.train.trainer: Epoch 933
2026-04-07 13:40:04,358 INFO src.train.trainer: New best validation loss: -5.7502, saved to checkpoints/etas_kernel_cb_hab4_20260407/best_model_1.pth
2026-04-07 13:40:04,360 INFO src.train.trainer: Last model at epoch 933 saved to checkpoints/etas_kernel_cb_hab4_20260407/last_model_1.pth
2026-04-07 13:40:04,360 INFO src.train.trainer: Epoch 934
2026-04-07 13:40:04,412 INFO src.train.trainer: New best validation loss: -5.7504, saved to checkpoints/etas_kernel_cb_hab4_20260407/best_model_1.pth
2026-04-07 13:40:04,413 INFO src.train.trainer: Last model at epoch 934 saved to checkpoints/etas_kernel_cb_hab4_20260407/last_model_1.pth
2026-04-07 13:40:04,413 INFO src.train.trainer: Epoch 935
2026-04-07 13:40:04,469 INFO src.train.trainer: New best validation loss: -5.7505, saved to checkpoints/etas_kernel_cb_hab4_20260407/best_model_1.pth
2026-04-07 13:40:04,471 INFO src.train.trainer: Last model at epoch 935 saved to checkpoints/etas_kernel_cb_hab4_20260407/last_model_1.pth
2026-04-07 13:40:04,471 INFO src.train.trainer: Epoch 936
2026-04-07 13:40:04,528 INFO src.train.trainer: New best validation loss: -5.7507, saved to checkpoints/etas_kernel_cb_hab4_20260407/best_model_1.pth
2026-04-07 13:40:04,530 INFO src.train.trainer: Last model at epoch 936 saved to checkpoints/etas_kernel_cb_hab4_20260407/last_model_1.pth
2026-04-07 13:40:04,530 INFO src.train.trainer: Epoch 937
2026-04-07 13:40:04,587 INFO src.train.trainer: New best validation loss: -5.7508, saved to checkpoints/etas_kernel_cb_hab4_20260407/best_model_1.pth
2026-04-07 13:40:04,589 INFO src.train.trainer: Last model at epoch 937 saved to checkpoints/etas_kernel_cb_hab4_20260407/last_model_1.pth
2026-04-07 13:40:04,589 INFO src.train.trainer: Epoch 938
2026-04-07 13:40:04,649 INFO src.train.trainer: New best validation loss: -5.7510, saved to checkpoints/etas_kernel_cb_hab4_20260407/best_model_1.pth
2026-04-07 13:40:04,651 INFO src.train.trainer: Last model at epoch 938 saved to checkpoints/etas_kernel_cb_hab4_20260407/last_model_1.pth
2026-04-07 13:40:04,651 INFO src.train.trainer: Epoch 939
2026-04-07 13:40:04,712 INFO src.train.trainer: New best validation loss: -5.7511, saved to checkpoints/etas_kernel_cb_hab4_20260407/best_model_1.pth
2026-04-07 13:40:04,714 INFO src.train.trainer: Last model at epoch 939 saved to checkpoints/etas_kernel_cb_hab4_20260407/last_model_1.pth
2026-04-07 13:40:04,714 INFO src.train.trainer: Epoch 940
2026-04-07 13:40:04,776 INFO src.train.trainer: New best validation loss: -5.7513, saved to checkpoints/etas_kernel_cb_hab4_20260407/best_model_1.pth
2026-04-07 13:40:04,778 INFO src.train.trainer: Last model at epoch 940 saved to checkpoints/etas_kernel_cb_hab4_20260407/last_model_1.pth
2026-04-07 13:40:04,778 INFO src.train.trainer: Epoch 941
2026-04-07 13:40:04,840 INFO src.train.trainer: New best validation loss: -5.7514, saved to checkpoints/etas_kernel_cb_hab4_20260407/best_model_1.pth
2026-04-07 13:40:04,842 INFO src.train.trainer: Last model at epoch 941 saved to checkpoints/etas_kernel_cb_hab4_20260407/last_model_1.pth
2026-04-07 13:40:04,842 INFO src.train.trainer: Epoch 942
2026-04-07 13:40:04,904 INFO src.train.trainer: New best validation loss: -5.7516, saved to checkpoints/etas_kernel_cb_hab4_20260407/best_model_1.pth
2026-04-07 13:40:04,906 INFO src.train.trainer: Last model at epoch 942 saved to checkpoints/etas_kernel_cb_hab4_20260407/last_model_1.pth
2026-04-07 13:40:04,906 INFO src.train.trainer: Epoch 943
2026-04-07 13:40:04,972 INFO src.train.trainer: New best validation loss: -5.7517, saved to checkpoints/etas_kernel_cb_hab4_20260407/best_model_1.pth
2026-04-07 13:40:04,974 INFO src.train.trainer: Last model at epoch 943 saved to checkpoints/etas_kernel_cb_hab4_20260407/last_model_1.pth
2026-04-07 13:40:04,974 INFO src.train.trainer: Epoch 944
2026-04-07 13:40:05,040 INFO src.train.trainer: New best validation loss: -5.7518, saved to checkpoints/etas_kernel_cb_hab4_20260407/best_model_1.pth
2026-04-07 13:40:05,042 INFO src.train.trainer: Last model at epoch 944 saved to checkpoints/etas_kernel_cb_hab4_20260407/last_model_1.pth
2026-04-07 13:40:05,042 INFO src.train.trainer: Epoch 945
2026-04-07 13:40:05,108 INFO src.train.trainer: New best validation loss: -5.7520, saved to checkpoints/etas_kernel_cb_hab4_20260407/best_model_1.pth
2026-04-07 13:40:05,110 INFO src.train.trainer: Last model at epoch 945 saved to checkpoints/etas_kernel_cb_hab4_20260407/last_model_1.pth
2026-04-07 13:40:05,110 INFO src.train.trainer: Epoch 946
2026-04-07 13:40:05,176 INFO src.train.trainer: New best validation loss: -5.7521, saved to checkpoints/etas_kernel_cb_hab4_20260407/best_model_1.pth
2026-04-07 13:40:05,178 INFO src.train.trainer: Last model at epoch 946 saved to checkpoints/etas_kernel_cb_hab4_20260407/last_model_1.pth
2026-04-07 13:40:05,178 INFO src.train.trainer: Epoch 947
2026-04-07 13:40:05,244 INFO src.train.trainer: New best validation loss: -5.7523, saved to checkpoints/etas_kernel_cb_hab4_20260407/best_model_1.pth
2026-04-07 13:40:05,246 INFO src.train.trainer: Last model at epoch 947 saved to checkpoints/etas_kernel_cb_hab4_20260407/last_model_1.pth
2026-04-07 13:40:05,246 INFO src.train.trainer: Epoch 948
2026-04-07 13:40:05,312 INFO src.train.trainer: New best validation loss: -5.7524, saved to checkpoints/etas_kernel_cb_hab4_20260407/best_model_1.pth
2026-04-07 13:40:05,314 INFO src.train.trainer: Last model at epoch 948 saved to checkpoints/etas_kernel_cb_hab4_20260407/last_model_1.pth
2026-04-07 13:40:05,314 INFO src.train.trainer: Epoch 949
2026-04-07 13:40:05,381 INFO src.train.trainer: New best validation loss: -5.7526, saved to checkpoints/etas_kernel_cb_hab4_20260407/best_model_1.pth
2026-04-07 13:40:05,384 INFO src.train.trainer: Last model at epoch 949 saved to checkpoints/etas_kernel_cb_hab4_20260407/last_model_1.pth
2026-04-07 13:40:05,384 INFO src.train.trainer: Epoch 950
2026-04-07 13:40:05,434 INFO src.train.trainer: New best validation loss: -5.7527, saved to checkpoints/etas_kernel_cb_hab4_20260407/best_model_1.pth
2026-04-07 13:40:05,436 INFO src.train.trainer: Last model at epoch 950 saved to checkpoints/etas_kernel_cb_hab4_20260407/last_model_1.pth
2026-04-07 13:40:05,436 INFO src.train.trainer: Epoch 951
2026-04-07 13:40:05,484 INFO src.train.trainer: New best validation loss: -5.7529, saved to checkpoints/etas_kernel_cb_hab4_20260407/best_model_1.pth
2026-04-07 13:40:05,486 INFO src.train.trainer: Last model at epoch 951 saved to checkpoints/etas_kernel_cb_hab4_20260407/last_model_1.pth
2026-04-07 13:40:05,486 INFO src.train.trainer: Epoch 952
2026-04-07 13:40:05,536 INFO src.train.trainer: New best validation loss: -5.7530, saved to checkpoints/etas_kernel_cb_hab4_20260407/best_model_1.pth
2026-04-07 13:40:05,537 INFO src.train.trainer: Last model at epoch 952 saved to checkpoints/etas_kernel_cb_hab4_20260407/last_model_1.pth
2026-04-07 13:40:05,538 INFO src.train.trainer: Epoch 953
2026-04-07 13:40:05,580 INFO src.train.trainer: New best validation loss: -5.7532, saved to checkpoints/etas_kernel_cb_hab4_20260407/best_model_1.pth
2026-04-07 13:40:05,582 INFO src.train.trainer: Last model at epoch 953 saved to checkpoints/etas_kernel_cb_hab4_20260407/last_model_1.pth
2026-04-07 13:40:05,582 INFO src.train.trainer: Epoch 954
2026-04-07 13:40:05,626 INFO src.train.trainer: New best validation loss: -5.7533, saved to checkpoints/etas_kernel_cb_hab4_20260407/best_model_1.pth
2026-04-07 13:40:05,628 INFO src.train.trainer: Last model at epoch 954 saved to checkpoints/etas_kernel_cb_hab4_20260407/last_model_1.pth
2026-04-07 13:40:05,628 INFO src.train.trainer: Epoch 955
2026-04-07 13:40:05,679 INFO src.train.trainer: New best validation loss: -5.7534, saved to checkpoints/etas_kernel_cb_hab4_20260407/best_model_1.pth
2026-04-07 13:40:05,681 INFO src.train.trainer: Last model at epoch 955 saved to checkpoints/etas_kernel_cb_hab4_20260407/last_model_1.pth
2026-04-07 13:40:05,681 INFO src.train.trainer: Epoch 956
2026-04-07 13:40:05,735 INFO src.train.trainer: New best validation loss: -5.7536, saved to checkpoints/etas_kernel_cb_hab4_20260407/best_model_1.pth
2026-04-07 13:40:05,737 INFO src.train.trainer: Last model at epoch 956 saved to checkpoints/etas_kernel_cb_hab4_20260407/last_model_1.pth
2026-04-07 13:40:05,737 INFO src.train.trainer: Epoch 957
2026-04-07 13:40:05,789 INFO src.train.trainer: New best validation loss: -5.7537, saved to checkpoints/etas_kernel_cb_hab4_20260407/best_model_1.pth
2026-04-07 13:40:05,791 INFO src.train.trainer: Last model at epoch 957 saved to checkpoints/etas_kernel_cb_hab4_20260407/last_model_1.pth
2026-04-07 13:40:05,791 INFO src.train.trainer: Epoch 958
2026-04-07 13:40:05,845 INFO src.train.trainer: New best validation loss: -5.7539, saved to checkpoints/etas_kernel_cb_hab4_20260407/best_model_1.pth
2026-04-07 13:40:05,847 INFO src.train.trainer: Last model at epoch 958 saved to checkpoints/etas_kernel_cb_hab4_20260407/last_model_1.pth
2026-04-07 13:40:05,847 INFO src.train.trainer: Epoch 959
2026-04-07 13:40:05,901 INFO src.train.trainer: New best validation loss: -5.7540, saved to checkpoints/etas_kernel_cb_hab4_20260407/best_model_1.pth
2026-04-07 13:40:05,902 INFO src.train.trainer: Last model at epoch 959 saved to checkpoints/etas_kernel_cb_hab4_20260407/last_model_1.pth
2026-04-07 13:40:05,903 INFO src.train.trainer: Epoch 960
2026-04-07 13:40:05,956 INFO src.train.trainer: New best validation loss: -5.7542, saved to checkpoints/etas_kernel_cb_hab4_20260407/best_model_1.pth
2026-04-07 13:40:05,958 INFO src.train.trainer: Last model at epoch 960 saved to checkpoints/etas_kernel_cb_hab4_20260407/last_model_1.pth
2026-04-07 13:40:05,958 INFO src.train.trainer: Epoch 961
2026-04-07 13:40:06,014 INFO src.train.trainer: New best validation loss: -5.7543, saved to checkpoints/etas_kernel_cb_hab4_20260407/best_model_1.pth
2026-04-07 13:40:06,016 INFO src.train.trainer: Last model at epoch 961 saved to checkpoints/etas_kernel_cb_hab4_20260407/last_model_1.pth
2026-04-07 13:40:06,016 INFO src.train.trainer: Epoch 962
2026-04-07 13:40:06,071 INFO src.train.trainer: New best validation loss: -5.7545, saved to checkpoints/etas_kernel_cb_hab4_20260407/best_model_1.pth
2026-04-07 13:40:06,073 INFO src.train.trainer: Last model at epoch 962 saved to checkpoints/etas_kernel_cb_hab4_20260407/last_model_1.pth
2026-04-07 13:40:06,073 INFO src.train.trainer: Epoch 963
2026-04-07 13:40:06,131 INFO src.train.trainer: New best validation loss: -5.7546, saved to checkpoints/etas_kernel_cb_hab4_20260407/best_model_1.pth
2026-04-07 13:40:06,133 INFO src.train.trainer: Last model at epoch 963 saved to checkpoints/etas_kernel_cb_hab4_20260407/last_model_1.pth
2026-04-07 13:40:06,133 INFO src.train.trainer: Epoch 964
2026-04-07 13:40:06,197 INFO src.train.trainer: New best validation loss: -5.7547, saved to checkpoints/etas_kernel_cb_hab4_20260407/best_model_1.pth
2026-04-07 13:40:06,199 INFO src.train.trainer: Last model at epoch 964 saved to checkpoints/etas_kernel_cb_hab4_20260407/last_model_1.pth
2026-04-07 13:40:06,199 INFO src.train.trainer: Epoch 965
2026-04-07 13:40:06,262 INFO src.train.trainer: New best validation loss: -5.7549, saved to checkpoints/etas_kernel_cb_hab4_20260407/best_model_1.pth
2026-04-07 13:40:06,264 INFO src.train.trainer: Last model at epoch 965 saved to checkpoints/etas_kernel_cb_hab4_20260407/last_model_1.pth
2026-04-07 13:40:06,264 INFO src.train.trainer: Epoch 966
2026-04-07 13:40:06,327 INFO src.train.trainer: New best validation loss: -5.7550, saved to checkpoints/etas_kernel_cb_hab4_20260407/best_model_1.pth
2026-04-07 13:40:06,329 INFO src.train.trainer: Last model at epoch 966 saved to checkpoints/etas_kernel_cb_hab4_20260407/last_model_1.pth
2026-04-07 13:40:06,329 INFO src.train.trainer: Epoch 967
2026-04-07 13:40:06,390 INFO src.train.trainer: New best validation loss: -5.7552, saved to checkpoints/etas_kernel_cb_hab4_20260407/best_model_1.pth
2026-04-07 13:40:06,392 INFO src.train.trainer: Last model at epoch 967 saved to checkpoints/etas_kernel_cb_hab4_20260407/last_model_1.pth
2026-04-07 13:40:06,392 INFO src.train.trainer: Epoch 968
2026-04-07 13:40:06,453 INFO src.train.trainer: New best validation loss: -5.7553, saved to checkpoints/etas_kernel_cb_hab4_20260407/best_model_1.pth
2026-04-07 13:40:06,455 INFO src.train.trainer: Last model at epoch 968 saved to checkpoints/etas_kernel_cb_hab4_20260407/last_model_1.pth
2026-04-07 13:40:06,455 INFO src.train.trainer: Epoch 969
2026-04-07 13:40:06,517 INFO src.train.trainer: New best validation loss: -5.7555, saved to checkpoints/etas_kernel_cb_hab4_20260407/best_model_1.pth
2026-04-07 13:40:06,519 INFO src.train.trainer: Last model at epoch 969 saved to checkpoints/etas_kernel_cb_hab4_20260407/last_model_1.pth
2026-04-07 13:40:06,519 INFO src.train.trainer: Epoch 970
2026-04-07 13:40:06,584 INFO src.train.trainer: New best validation loss: -5.7556, saved to checkpoints/etas_kernel_cb_hab4_20260407/best_model_1.pth
2026-04-07 13:40:06,587 INFO src.train.trainer: Last model at epoch 970 saved to checkpoints/etas_kernel_cb_hab4_20260407/last_model_1.pth
2026-04-07 13:40:06,587 INFO src.train.trainer: Epoch 971
2026-04-07 13:40:06,654 INFO src.train.trainer: New best validation loss: -5.7557, saved to checkpoints/etas_kernel_cb_hab4_20260407/best_model_1.pth
2026-04-07 13:40:06,656 INFO src.train.trainer: Last model at epoch 971 saved to checkpoints/etas_kernel_cb_hab4_20260407/last_model_1.pth
2026-04-07 13:40:06,656 INFO src.train.trainer: Epoch 972
2026-04-07 13:40:06,722 INFO src.train.trainer: New best validation loss: -5.7559, saved to checkpoints/etas_kernel_cb_hab4_20260407/best_model_1.pth
2026-04-07 13:40:06,724 INFO src.train.trainer: Last model at epoch 972 saved to checkpoints/etas_kernel_cb_hab4_20260407/last_model_1.pth
2026-04-07 13:40:06,724 INFO src.train.trainer: Epoch 973
2026-04-07 13:40:06,791 INFO src.train.trainer: New best validation loss: -5.7560, saved to checkpoints/etas_kernel_cb_hab4_20260407/best_model_1.pth
2026-04-07 13:40:06,793 INFO src.train.trainer: Last model at epoch 973 saved to checkpoints/etas_kernel_cb_hab4_20260407/last_model_1.pth
2026-04-07 13:40:06,793 INFO src.train.trainer: Epoch 974
2026-04-07 13:40:06,865 INFO src.train.trainer: New best validation loss: -5.7562, saved to checkpoints/etas_kernel_cb_hab4_20260407/best_model_1.pth
2026-04-07 13:40:06,868 INFO src.train.trainer: Last model at epoch 974 saved to checkpoints/etas_kernel_cb_hab4_20260407/last_model_1.pth
2026-04-07 13:40:06,868 INFO src.train.trainer: Epoch 975
2026-04-07 13:40:06,936 INFO src.train.trainer: New best validation loss: -5.7563, saved to checkpoints/etas_kernel_cb_hab4_20260407/best_model_1.pth
2026-04-07 13:40:06,938 INFO src.train.trainer: Last model at epoch 975 saved to checkpoints/etas_kernel_cb_hab4_20260407/last_model_1.pth
2026-04-07 13:40:06,938 INFO src.train.trainer: Epoch 976
2026-04-07 13:40:07,002 INFO src.train.trainer: New best validation loss: -5.7565, saved to checkpoints/etas_kernel_cb_hab4_20260407/best_model_1.pth
2026-04-07 13:40:07,003 INFO src.train.trainer: Last model at epoch 976 saved to checkpoints/etas_kernel_cb_hab4_20260407/last_model_1.pth
2026-04-07 13:40:07,003 INFO src.train.trainer: Epoch 977
2026-04-07 13:40:07,047 INFO src.train.trainer: New best validation loss: -5.7566, saved to checkpoints/etas_kernel_cb_hab4_20260407/best_model_1.pth
2026-04-07 13:40:07,049 INFO src.train.trainer: Last model at epoch 977 saved to checkpoints/etas_kernel_cb_hab4_20260407/last_model_1.pth
2026-04-07 13:40:07,049 INFO src.train.trainer: Epoch 978
2026-04-07 13:40:07,091 INFO src.train.trainer: New best validation loss: -5.7567, saved to checkpoints/etas_kernel_cb_hab4_20260407/best_model_1.pth
2026-04-07 13:40:07,092 INFO src.train.trainer: Last model at epoch 978 saved to checkpoints/etas_kernel_cb_hab4_20260407/last_model_1.pth
2026-04-07 13:40:07,092 INFO src.train.trainer: Epoch 979
2026-04-07 13:40:07,135 INFO src.train.trainer: New best validation loss: -5.7569, saved to checkpoints/etas_kernel_cb_hab4_20260407/best_model_1.pth
2026-04-07 13:40:07,137 INFO src.train.trainer: Last model at epoch 979 saved to checkpoints/etas_kernel_cb_hab4_20260407/last_model_1.pth
2026-04-07 13:40:07,137 INFO src.train.trainer: Epoch 980
2026-04-07 13:40:07,181 INFO src.train.trainer: New best validation loss: -5.7570, saved to checkpoints/etas_kernel_cb_hab4_20260407/best_model_1.pth
2026-04-07 13:40:07,183 INFO src.train.trainer: Last model at epoch 980 saved to checkpoints/etas_kernel_cb_hab4_20260407/last_model_1.pth
2026-04-07 13:40:07,183 INFO src.train.trainer: Epoch 981
2026-04-07 13:40:07,233 INFO src.train.trainer: New best validation loss: -5.7572, saved to checkpoints/etas_kernel_cb_hab4_20260407/best_model_1.pth
2026-04-07 13:40:07,234 INFO src.train.trainer: Last model at epoch 981 saved to checkpoints/etas_kernel_cb_hab4_20260407/last_model_1.pth
2026-04-07 13:40:07,234 INFO src.train.trainer: Epoch 982
2026-04-07 13:40:07,283 INFO src.train.trainer: New best validation loss: -5.7573, saved to checkpoints/etas_kernel_cb_hab4_20260407/best_model_1.pth
2026-04-07 13:40:07,285 INFO src.train.trainer: Last model at epoch 982 saved to checkpoints/etas_kernel_cb_hab4_20260407/last_model_1.pth
2026-04-07 13:40:07,285 INFO src.train.trainer: Epoch 983
2026-04-07 13:40:07,338 INFO src.train.trainer: New best validation loss: -5.7574, saved to checkpoints/etas_kernel_cb_hab4_20260407/best_model_1.pth
2026-04-07 13:40:07,340 INFO src.train.trainer: Last model at epoch 983 saved to checkpoints/etas_kernel_cb_hab4_20260407/last_model_1.pth
2026-04-07 13:40:07,340 INFO src.train.trainer: Epoch 984
2026-04-07 13:40:07,392 INFO src.train.trainer: New best validation loss: -5.7576, saved to checkpoints/etas_kernel_cb_hab4_20260407/best_model_1.pth
2026-04-07 13:40:07,394 INFO src.train.trainer: Last model at epoch 984 saved to checkpoints/etas_kernel_cb_hab4_20260407/last_model_1.pth
2026-04-07 13:40:07,394 INFO src.train.trainer: Epoch 985
2026-04-07 13:40:07,449 INFO src.train.trainer: New best validation loss: -5.7577, saved to checkpoints/etas_kernel_cb_hab4_20260407/best_model_1.pth
2026-04-07 13:40:07,451 INFO src.train.trainer: Last model at epoch 985 saved to checkpoints/etas_kernel_cb_hab4_20260407/last_model_1.pth
2026-04-07 13:40:07,451 INFO src.train.trainer: Epoch 986
2026-04-07 13:40:07,506 INFO src.train.trainer: New best validation loss: -5.7579, saved to checkpoints/etas_kernel_cb_hab4_20260407/best_model_1.pth
2026-04-07 13:40:07,508 INFO src.train.trainer: Last model at epoch 986 saved to checkpoints/etas_kernel_cb_hab4_20260407/last_model_1.pth
2026-04-07 13:40:07,508 INFO src.train.trainer: Epoch 987
2026-04-07 13:40:07,562 INFO src.train.trainer: New best validation loss: -5.7580, saved to checkpoints/etas_kernel_cb_hab4_20260407/best_model_1.pth
2026-04-07 13:40:07,563 INFO src.train.trainer: Last model at epoch 987 saved to checkpoints/etas_kernel_cb_hab4_20260407/last_model_1.pth
2026-04-07 13:40:07,564 INFO src.train.trainer: Epoch 988
2026-04-07 13:40:07,619 INFO src.train.trainer: New best validation loss: -5.7581, saved to checkpoints/etas_kernel_cb_hab4_20260407/best_model_1.pth
2026-04-07 13:40:07,621 INFO src.train.trainer: Last model at epoch 988 saved to checkpoints/etas_kernel_cb_hab4_20260407/last_model_1.pth
2026-04-07 13:40:07,621 INFO src.train.trainer: Epoch 989
2026-04-07 13:40:07,677 INFO src.train.trainer: New best validation loss: -5.7583, saved to checkpoints/etas_kernel_cb_hab4_20260407/best_model_1.pth
2026-04-07 13:40:07,678 INFO src.train.trainer: Last model at epoch 989 saved to checkpoints/etas_kernel_cb_hab4_20260407/last_model_1.pth
2026-04-07 13:40:07,678 INFO src.train.trainer: Epoch 990
2026-04-07 13:40:07,734 INFO src.train.trainer: New best validation loss: -5.7584, saved to checkpoints/etas_kernel_cb_hab4_20260407/best_model_1.pth
2026-04-07 13:40:07,736 INFO src.train.trainer: Last model at epoch 990 saved to checkpoints/etas_kernel_cb_hab4_20260407/last_model_1.pth
2026-04-07 13:40:07,736 INFO src.train.trainer: Epoch 991
2026-04-07 13:40:07,796 INFO src.train.trainer: New best validation loss: -5.7585, saved to checkpoints/etas_kernel_cb_hab4_20260407/best_model_1.pth
2026-04-07 13:40:07,799 INFO src.train.trainer: Last model at epoch 991 saved to checkpoints/etas_kernel_cb_hab4_20260407/last_model_1.pth
2026-04-07 13:40:07,799 INFO src.train.trainer: Epoch 992
2026-04-07 13:40:07,860 INFO src.train.trainer: New best validation loss: -5.7586, saved to checkpoints/etas_kernel_cb_hab4_20260407/best_model_1.pth
2026-04-07 13:40:07,862 INFO src.train.trainer: Last model at epoch 992 saved to checkpoints/etas_kernel_cb_hab4_20260407/last_model_1.pth
2026-04-07 13:40:07,862 INFO src.train.trainer: Epoch 993
2026-04-07 13:40:07,926 INFO src.train.trainer: New best validation loss: -5.7588, saved to checkpoints/etas_kernel_cb_hab4_20260407/best_model_1.pth
2026-04-07 13:40:07,928 INFO src.train.trainer: Last model at epoch 993 saved to checkpoints/etas_kernel_cb_hab4_20260407/last_model_1.pth
2026-04-07 13:40:07,928 INFO src.train.trainer: Epoch 994
2026-04-07 13:40:07,992 INFO src.train.trainer: New best validation loss: -5.7589, saved to checkpoints/etas_kernel_cb_hab4_20260407/best_model_1.pth
2026-04-07 13:40:07,994 INFO src.train.trainer: Last model at epoch 994 saved to checkpoints/etas_kernel_cb_hab4_20260407/last_model_1.pth
2026-04-07 13:40:07,994 INFO src.train.trainer: Epoch 995
2026-04-07 13:40:08,059 INFO src.train.trainer: New best validation loss: -5.7590, saved to checkpoints/etas_kernel_cb_hab4_20260407/best_model_1.pth
2026-04-07 13:40:08,061 INFO src.train.trainer: Last model at epoch 995 saved to checkpoints/etas_kernel_cb_hab4_20260407/last_model_1.pth
2026-04-07 13:40:08,061 INFO src.train.trainer: Epoch 996
2026-04-07 13:40:08,122 INFO src.train.trainer: New best validation loss: -5.7591, saved to checkpoints/etas_kernel_cb_hab4_20260407/best_model_1.pth
2026-04-07 13:40:08,124 INFO src.train.trainer: Last model at epoch 996 saved to checkpoints/etas_kernel_cb_hab4_20260407/last_model_1.pth
2026-04-07 13:40:08,124 INFO src.train.trainer: Epoch 997
2026-04-07 13:40:08,183 INFO src.train.trainer: New best validation loss: -5.7592, saved to checkpoints/etas_kernel_cb_hab4_20260407/best_model_1.pth
2026-04-07 13:40:08,184 INFO src.train.trainer: Last model at epoch 997 saved to checkpoints/etas_kernel_cb_hab4_20260407/last_model_1.pth
2026-04-07 13:40:08,185 INFO src.train.trainer: Epoch 998
2026-04-07 13:40:08,249 INFO src.train.trainer: New best validation loss: -5.7594, saved to checkpoints/etas_kernel_cb_hab4_20260407/best_model_1.pth
2026-04-07 13:40:08,251 INFO src.train.trainer: Last model at epoch 998 saved to checkpoints/etas_kernel_cb_hab4_20260407/last_model_1.pth
2026-04-07 13:40:08,251 INFO src.train.trainer: Epoch 999
2026-04-07 13:40:08,315 INFO src.train.trainer: New best validation loss: -5.7595, saved to checkpoints/etas_kernel_cb_hab4_20260407/best_model_1.pth
2026-04-07 13:40:08,317 INFO src.train.trainer: Last model at epoch 999 saved to checkpoints/etas_kernel_cb_hab4_20260407/last_model_1.pth
2026-04-07 13:40:08,317 INFO src.train.trainer: Epoch 1000
2026-04-07 13:40:08,382 INFO src.train.trainer: New best validation loss: -5.7596, saved to checkpoints/etas_kernel_cb_hab4_20260407/best_model_1.pth
2026-04-07 13:40:08,383 INFO src.train.trainer: Last model at epoch 1000 saved to checkpoints/etas_kernel_cb_hab4_20260407/last_model_1.pth
2026-04-07 13:40:08,384 INFO src.train.trainer: Epoch 1001
2026-04-07 13:40:08,450 INFO src.train.trainer: New best validation loss: -5.7598, saved to checkpoints/etas_kernel_cb_hab4_20260407/best_model_1.pth
2026-04-07 13:40:08,452 INFO src.train.trainer: Last model at epoch 1001 saved to checkpoints/etas_kernel_cb_hab4_20260407/last_model_1.pth
2026-04-07 13:40:08,452 INFO src.train.trainer: Epoch 1002
2026-04-07 13:40:08,511 INFO src.train.trainer: New best validation loss: -5.7599, saved to checkpoints/etas_kernel_cb_hab4_20260407/best_model_1.pth
2026-04-07 13:40:08,513 INFO src.train.trainer: Last model at epoch 1002 saved to checkpoints/etas_kernel_cb_hab4_20260407/last_model_1.pth
2026-04-07 13:40:08,513 INFO src.train.trainer: Epoch 1003
2026-04-07 13:40:08,577 INFO src.train.trainer: New best validation loss: -5.7600, saved to checkpoints/etas_kernel_cb_hab4_20260407/best_model_1.pth
2026-04-07 13:40:08,579 INFO src.train.trainer: Last model at epoch 1003 saved to checkpoints/etas_kernel_cb_hab4_20260407/last_model_1.pth
2026-04-07 13:40:08,579 INFO src.train.trainer: Epoch 1004
2026-04-07 13:40:08,639 INFO src.train.trainer: New best validation loss: -5.7601, saved to checkpoints/etas_kernel_cb_hab4_20260407/best_model_1.pth
2026-04-07 13:40:08,641 INFO src.train.trainer: Last model at epoch 1004 saved to checkpoints/etas_kernel_cb_hab4_20260407/last_model_1.pth
2026-04-07 13:40:08,641 INFO src.train.trainer: Epoch 1005
2026-04-07 13:40:08,704 INFO src.train.trainer: New best validation loss: -5.7603, saved to checkpoints/etas_kernel_cb_hab4_20260407/best_model_1.pth
2026-04-07 13:40:08,706 INFO src.train.trainer: Last model at epoch 1005 saved to checkpoints/etas_kernel_cb_hab4_20260407/last_model_1.pth
2026-04-07 13:40:08,706 INFO src.train.trainer: Epoch 1006
2026-04-07 13:40:08,769 INFO src.train.trainer: New best validation loss: -5.7604, saved to checkpoints/etas_kernel_cb_hab4_20260407/best_model_1.pth
2026-04-07 13:40:08,771 INFO src.train.trainer: Last model at epoch 1006 saved to checkpoints/etas_kernel_cb_hab4_20260407/last_model_1.pth
2026-04-07 13:40:08,771 INFO src.train.trainer: Epoch 1007
2026-04-07 13:40:08,838 INFO src.train.trainer: New best validation loss: -5.7605, saved to checkpoints/etas_kernel_cb_hab4_20260407/best_model_1.pth
2026-04-07 13:40:08,841 INFO src.train.trainer: Last model at epoch 1007 saved to checkpoints/etas_kernel_cb_hab4_20260407/last_model_1.pth
2026-04-07 13:40:08,841 INFO src.train.trainer: Epoch 1008
2026-04-07 13:40:08,908 INFO src.train.trainer: New best validation loss: -5.7606, saved to checkpoints/etas_kernel_cb_hab4_20260407/best_model_1.pth
2026-04-07 13:40:08,910 INFO src.train.trainer: Last model at epoch 1008 saved to checkpoints/etas_kernel_cb_hab4_20260407/last_model_1.pth
2026-04-07 13:40:08,910 INFO src.train.trainer: Epoch 1009
2026-04-07 13:40:08,980 INFO src.train.trainer: New best validation loss: -5.7608, saved to checkpoints/etas_kernel_cb_hab4_20260407/best_model_1.pth
2026-04-07 13:40:08,982 INFO src.train.trainer: Last model at epoch 1009 saved to checkpoints/etas_kernel_cb_hab4_20260407/last_model_1.pth
2026-04-07 13:40:08,982 INFO src.train.trainer: Epoch 1010
2026-04-07 13:40:09,048 INFO src.train.trainer: New best validation loss: -5.7609, saved to checkpoints/etas_kernel_cb_hab4_20260407/best_model_1.pth
2026-04-07 13:40:09,050 INFO src.train.trainer: Last model at epoch 1010 saved to checkpoints/etas_kernel_cb_hab4_20260407/last_model_1.pth
2026-04-07 13:40:09,050 INFO src.train.trainer: Epoch 1011
2026-04-07 13:40:09,117 INFO src.train.trainer: New best validation loss: -5.7610, saved to checkpoints/etas_kernel_cb_hab4_20260407/best_model_1.pth
2026-04-07 13:40:09,119 INFO src.train.trainer: Last model at epoch 1011 saved to checkpoints/etas_kernel_cb_hab4_20260407/last_model_1.pth
2026-04-07 13:40:09,120 INFO src.train.trainer: Epoch 1012
2026-04-07 13:40:09,185 INFO src.train.trainer: New best validation loss: -5.7611, saved to checkpoints/etas_kernel_cb_hab4_20260407/best_model_1.pth
2026-04-07 13:40:09,187 INFO src.train.trainer: Last model at epoch 1012 saved to checkpoints/etas_kernel_cb_hab4_20260407/last_model_1.pth
2026-04-07 13:40:09,188 INFO src.train.trainer: Epoch 1013
2026-04-07 13:40:09,256 INFO src.train.trainer: New best validation loss: -5.7613, saved to checkpoints/etas_kernel_cb_hab4_20260407/best_model_1.pth
2026-04-07 13:40:09,258 INFO src.train.trainer: Last model at epoch 1013 saved to checkpoints/etas_kernel_cb_hab4_20260407/last_model_1.pth
2026-04-07 13:40:09,258 INFO src.train.trainer: Epoch 1014
2026-04-07 13:40:09,325 INFO src.train.trainer: New best validation loss: -5.7614, saved to checkpoints/etas_kernel_cb_hab4_20260407/best_model_1.pth
2026-04-07 13:40:09,327 INFO src.train.trainer: Last model at epoch 1014 saved to checkpoints/etas_kernel_cb_hab4_20260407/last_model_1.pth
2026-04-07 13:40:09,328 INFO src.train.trainer: Epoch 1015
2026-04-07 13:40:09,397 INFO src.train.trainer: New best validation loss: -5.7615, saved to checkpoints/etas_kernel_cb_hab4_20260407/best_model_1.pth
2026-04-07 13:40:09,399 INFO src.train.trainer: Last model at epoch 1015 saved to checkpoints/etas_kernel_cb_hab4_20260407/last_model_1.pth
2026-04-07 13:40:09,399 INFO src.train.trainer: Epoch 1016
2026-04-07 13:40:09,465 INFO src.train.trainer: New best validation loss: -5.7616, saved to checkpoints/etas_kernel_cb_hab4_20260407/best_model_1.pth
2026-04-07 13:40:09,467 INFO src.train.trainer: Last model at epoch 1016 saved to checkpoints/etas_kernel_cb_hab4_20260407/last_model_1.pth
2026-04-07 13:40:09,467 INFO src.train.trainer: Epoch 1017
2026-04-07 13:40:09,533 INFO src.train.trainer: New best validation loss: -5.7618, saved to checkpoints/etas_kernel_cb_hab4_20260407/best_model_1.pth
2026-04-07 13:40:09,535 INFO src.train.trainer: Last model at epoch 1017 saved to checkpoints/etas_kernel_cb_hab4_20260407/last_model_1.pth
2026-04-07 13:40:09,535 INFO src.train.trainer: Epoch 1018
2026-04-07 13:40:09,601 INFO src.train.trainer: New best validation loss: -5.7619, saved to checkpoints/etas_kernel_cb_hab4_20260407/best_model_1.pth
2026-04-07 13:40:09,603 INFO src.train.trainer: Last model at epoch 1018 saved to checkpoints/etas_kernel_cb_hab4_20260407/last_model_1.pth
2026-04-07 13:40:09,603 INFO src.train.trainer: Epoch 1019
2026-04-07 13:40:09,672 INFO src.train.trainer: New best validation loss: -5.7620, saved to checkpoints/etas_kernel_cb_hab4_20260407/best_model_1.pth
2026-04-07 13:40:09,674 INFO src.train.trainer: Last model at epoch 1019 saved to checkpoints/etas_kernel_cb_hab4_20260407/last_model_1.pth
2026-04-07 13:40:09,674 INFO src.train.trainer: Epoch 1020
2026-04-07 13:40:09,745 INFO src.train.trainer: New best validation loss: -5.7621, saved to checkpoints/etas_kernel_cb_hab4_20260407/best_model_1.pth
2026-04-07 13:40:09,747 INFO src.train.trainer: Last model at epoch 1020 saved to checkpoints/etas_kernel_cb_hab4_20260407/last_model_1.pth
2026-04-07 13:40:09,747 INFO src.train.trainer: Epoch 1021
2026-04-07 13:40:09,808 INFO src.train.trainer: New best validation loss: -5.7623, saved to checkpoints/etas_kernel_cb_hab4_20260407/best_model_1.pth
2026-04-07 13:40:09,810 INFO src.train.trainer: Last model at epoch 1021 saved to checkpoints/etas_kernel_cb_hab4_20260407/last_model_1.pth
2026-04-07 13:40:09,811 INFO src.train.trainer: Epoch 1022
2026-04-07 13:40:09,871 INFO src.train.trainer: New best validation loss: -5.7624, saved to checkpoints/etas_kernel_cb_hab4_20260407/best_model_1.pth
2026-04-07 13:40:09,873 INFO src.train.trainer: Last model at epoch 1022 saved to checkpoints/etas_kernel_cb_hab4_20260407/last_model_1.pth
2026-04-07 13:40:09,873 INFO src.train.trainer: Epoch 1023
2026-04-07 13:40:09,937 INFO src.train.trainer: New best validation loss: -5.7625, saved to checkpoints/etas_kernel_cb_hab4_20260407/best_model_1.pth
2026-04-07 13:40:09,939 INFO src.train.trainer: Last model at epoch 1023 saved to checkpoints/etas_kernel_cb_hab4_20260407/last_model_1.pth
2026-04-07 13:40:09,939 INFO src.train.trainer: Epoch 1024
2026-04-07 13:40:10,002 INFO src.train.trainer: New best validation loss: -5.7626, saved to checkpoints/etas_kernel_cb_hab4_20260407/best_model_1.pth
2026-04-07 13:40:10,004 INFO src.train.trainer: Last model at epoch 1024 saved to checkpoints/etas_kernel_cb_hab4_20260407/last_model_1.pth
2026-04-07 13:40:10,004 INFO src.train.trainer: Epoch 1025
2026-04-07 13:40:10,076 INFO src.train.trainer: New best validation loss: -5.7628, saved to checkpoints/etas_kernel_cb_hab4_20260407/best_model_1.pth
2026-04-07 13:40:10,079 INFO src.train.trainer: Last model at epoch 1025 saved to checkpoints/etas_kernel_cb_hab4_20260407/last_model_1.pth
2026-04-07 13:40:10,079 INFO src.train.trainer: Epoch 1026
2026-04-07 13:40:10,144 INFO src.train.trainer: New best validation loss: -5.7629, saved to checkpoints/etas_kernel_cb_hab4_20260407/best_model_1.pth
2026-04-07 13:40:10,146 INFO src.train.trainer: Last model at epoch 1026 saved to checkpoints/etas_kernel_cb_hab4_20260407/last_model_1.pth
2026-04-07 13:40:10,146 INFO src.train.trainer: Epoch 1027
2026-04-07 13:40:10,221 INFO src.train.trainer: New best validation loss: -5.7630, saved to checkpoints/etas_kernel_cb_hab4_20260407/best_model_1.pth
2026-04-07 13:40:10,223 INFO src.train.trainer: Last model at epoch 1027 saved to checkpoints/etas_kernel_cb_hab4_20260407/last_model_1.pth
2026-04-07 13:40:10,223 INFO src.train.trainer: Epoch 1028
2026-04-07 13:40:10,468 INFO src.train.trainer: New best validation loss: -5.7631, saved to checkpoints/etas_kernel_cb_hab4_20260407/best_model_1.pth
2026-04-07 13:40:10,470 INFO src.train.trainer: Last model at epoch 1028 saved to checkpoints/etas_kernel_cb_hab4_20260407/last_model_1.pth
2026-04-07 13:40:10,470 INFO src.train.trainer: Epoch 1029
2026-04-07 13:40:10,518 INFO src.train.trainer: New best validation loss: -5.7633, saved to checkpoints/etas_kernel_cb_hab4_20260407/best_model_1.pth
2026-04-07 13:40:10,520 INFO src.train.trainer: Last model at epoch 1029 saved to checkpoints/etas_kernel_cb_hab4_20260407/last_model_1.pth
2026-04-07 13:40:10,520 INFO src.train.trainer: Epoch 1030
2026-04-07 13:40:10,580 INFO src.train.trainer: New best validation loss: -5.7634, saved to checkpoints/etas_kernel_cb_hab4_20260407/best_model_1.pth
2026-04-07 13:40:10,582 INFO src.train.trainer: Last model at epoch 1030 saved to checkpoints/etas_kernel_cb_hab4_20260407/last_model_1.pth
2026-04-07 13:40:10,582 INFO src.train.trainer: Epoch 1031
2026-04-07 13:40:10,638 INFO src.train.trainer: New best validation loss: -5.7635, saved to checkpoints/etas_kernel_cb_hab4_20260407/best_model_1.pth
2026-04-07 13:40:10,640 INFO src.train.trainer: Last model at epoch 1031 saved to checkpoints/etas_kernel_cb_hab4_20260407/last_model_1.pth
2026-04-07 13:40:10,640 INFO src.train.trainer: Epoch 1032
2026-04-07 13:40:10,696 INFO src.train.trainer: New best validation loss: -5.7636, saved to checkpoints/etas_kernel_cb_hab4_20260407/best_model_1.pth
2026-04-07 13:40:10,698 INFO src.train.trainer: Last model at epoch 1032 saved to checkpoints/etas_kernel_cb_hab4_20260407/last_model_1.pth
2026-04-07 13:40:10,698 INFO src.train.trainer: Epoch 1033
2026-04-07 13:40:10,755 INFO src.train.trainer: New best validation loss: -5.7637, saved to checkpoints/etas_kernel_cb_hab4_20260407/best_model_1.pth
2026-04-07 13:40:10,756 INFO src.train.trainer: Last model at epoch 1033 saved to checkpoints/etas_kernel_cb_hab4_20260407/last_model_1.pth
2026-04-07 13:40:10,756 INFO src.train.trainer: Epoch 1034
2026-04-07 13:40:10,814 INFO src.train.trainer: New best validation loss: -5.7639, saved to checkpoints/etas_kernel_cb_hab4_20260407/best_model_1.pth
2026-04-07 13:40:10,816 INFO src.train.trainer: Last model at epoch 1034 saved to checkpoints/etas_kernel_cb_hab4_20260407/last_model_1.pth
2026-04-07 13:40:10,816 INFO src.train.trainer: Epoch 1035
2026-04-07 13:40:10,878 INFO src.train.trainer: New best validation loss: -5.7640, saved to checkpoints/etas_kernel_cb_hab4_20260407/best_model_1.pth
2026-04-07 13:40:10,879 INFO src.train.trainer: Last model at epoch 1035 saved to checkpoints/etas_kernel_cb_hab4_20260407/last_model_1.pth
2026-04-07 13:40:10,880 INFO src.train.trainer: Epoch 1036
2026-04-07 13:40:10,940 INFO src.train.trainer: New best validation loss: -5.7641, saved to checkpoints/etas_kernel_cb_hab4_20260407/best_model_1.pth
2026-04-07 13:40:10,942 INFO src.train.trainer: Last model at epoch 1036 saved to checkpoints/etas_kernel_cb_hab4_20260407/last_model_1.pth
2026-04-07 13:40:10,942 INFO src.train.trainer: Epoch 1037
2026-04-07 13:40:11,002 INFO src.train.trainer: New best validation loss: -5.7642, saved to checkpoints/etas_kernel_cb_hab4_20260407/best_model_1.pth
2026-04-07 13:40:11,004 INFO src.train.trainer: Last model at epoch 1037 saved to checkpoints/etas_kernel_cb_hab4_20260407/last_model_1.pth
2026-04-07 13:40:11,004 INFO src.train.trainer: Epoch 1038
2026-04-07 13:40:11,064 INFO src.train.trainer: New best validation loss: -5.7644, saved to checkpoints/etas_kernel_cb_hab4_20260407/best_model_1.pth
2026-04-07 13:40:11,066 INFO src.train.trainer: Last model at epoch 1038 saved to checkpoints/etas_kernel_cb_hab4_20260407/last_model_1.pth
2026-04-07 13:40:11,066 INFO src.train.trainer: Epoch 1039
2026-04-07 13:40:11,129 INFO src.train.trainer: New best validation loss: -5.7645, saved to checkpoints/etas_kernel_cb_hab4_20260407/best_model_1.pth
2026-04-07 13:40:11,131 INFO src.train.trainer: Last model at epoch 1039 saved to checkpoints/etas_kernel_cb_hab4_20260407/last_model_1.pth
2026-04-07 13:40:11,131 INFO src.train.trainer: Epoch 1040
2026-04-07 13:40:11,196 INFO src.train.trainer: New best validation loss: -5.7646, saved to checkpoints/etas_kernel_cb_hab4_20260407/best_model_1.pth
2026-04-07 13:40:11,198 INFO src.train.trainer: Last model at epoch 1040 saved to checkpoints/etas_kernel_cb_hab4_20260407/last_model_1.pth
2026-04-07 13:40:11,199 INFO src.train.trainer: Epoch 1041
2026-04-07 13:40:11,248 INFO src.train.trainer: New best validation loss: -5.7647, saved to checkpoints/etas_kernel_cb_hab4_20260407/best_model_1.pth
2026-04-07 13:40:11,249 INFO src.train.trainer: Last model at epoch 1041 saved to checkpoints/etas_kernel_cb_hab4_20260407/last_model_1.pth
2026-04-07 13:40:11,249 INFO src.train.trainer: Epoch 1042
2026-04-07 13:40:11,291 INFO src.train.trainer: New best validation loss: -5.7649, saved to checkpoints/etas_kernel_cb_hab4_20260407/best_model_1.pth
2026-04-07 13:40:11,293 INFO src.train.trainer: Last model at epoch 1042 saved to checkpoints/etas_kernel_cb_hab4_20260407/last_model_1.pth
2026-04-07 13:40:11,293 INFO src.train.trainer: Epoch 1043
2026-04-07 13:40:11,344 INFO src.train.trainer: New best validation loss: -5.7650, saved to checkpoints/etas_kernel_cb_hab4_20260407/best_model_1.pth
2026-04-07 13:40:11,346 INFO src.train.trainer: Last model at epoch 1043 saved to checkpoints/etas_kernel_cb_hab4_20260407/last_model_1.pth
2026-04-07 13:40:11,346 INFO src.train.trainer: Epoch 1044
2026-04-07 13:40:11,388 INFO src.train.trainer: New best validation loss: -5.7651, saved to checkpoints/etas_kernel_cb_hab4_20260407/best_model_1.pth
2026-04-07 13:40:11,390 INFO src.train.trainer: Last model at epoch 1044 saved to checkpoints/etas_kernel_cb_hab4_20260407/last_model_1.pth
2026-04-07 13:40:11,390 INFO src.train.trainer: Epoch 1045
2026-04-07 13:40:11,441 INFO src.train.trainer: New best validation loss: -5.7652, saved to checkpoints/etas_kernel_cb_hab4_20260407/best_model_1.pth
2026-04-07 13:40:11,443 INFO src.train.trainer: Last model at epoch 1045 saved to checkpoints/etas_kernel_cb_hab4_20260407/last_model_1.pth
2026-04-07 13:40:11,443 INFO src.train.trainer: Epoch 1046
2026-04-07 13:40:11,494 INFO src.train.trainer: New best validation loss: -5.7653, saved to checkpoints/etas_kernel_cb_hab4_20260407/best_model_1.pth
2026-04-07 13:40:11,495 INFO src.train.trainer: Last model at epoch 1046 saved to checkpoints/etas_kernel_cb_hab4_20260407/last_model_1.pth
2026-04-07 13:40:11,495 INFO src.train.trainer: Epoch 1047
2026-04-07 13:40:11,546 INFO src.train.trainer: New best validation loss: -5.7655, saved to checkpoints/etas_kernel_cb_hab4_20260407/best_model_1.pth
2026-04-07 13:40:11,548 INFO src.train.trainer: Last model at epoch 1047 saved to checkpoints/etas_kernel_cb_hab4_20260407/last_model_1.pth
2026-04-07 13:40:11,548 INFO src.train.trainer: Epoch 1048
2026-04-07 13:40:11,599 INFO src.train.trainer: New best validation loss: -5.7656, saved to checkpoints/etas_kernel_cb_hab4_20260407/best_model_1.pth
2026-04-07 13:40:11,601 INFO src.train.trainer: Last model at epoch 1048 saved to checkpoints/etas_kernel_cb_hab4_20260407/last_model_1.pth
2026-04-07 13:40:11,601 INFO src.train.trainer: Epoch 1049
2026-04-07 13:40:11,656 INFO src.train.trainer: New best validation loss: -5.7657, saved to checkpoints/etas_kernel_cb_hab4_20260407/best_model_1.pth
2026-04-07 13:40:11,658 INFO src.train.trainer: Last model at epoch 1049 saved to checkpoints/etas_kernel_cb_hab4_20260407/last_model_1.pth
2026-04-07 13:40:11,658 INFO src.train.trainer: Epoch 1050
2026-04-07 13:40:11,704 INFO src.train.trainer: New best validation loss: -5.7658, saved to checkpoints/etas_kernel_cb_hab4_20260407/best_model_1.pth
2026-04-07 13:40:11,706 INFO src.train.trainer: Last model at epoch 1050 saved to checkpoints/etas_kernel_cb_hab4_20260407/last_model_1.pth
2026-04-07 13:40:11,706 INFO src.train.trainer: Epoch 1051
2026-04-07 13:40:11,762 INFO src.train.trainer: New best validation loss: -5.7659, saved to checkpoints/etas_kernel_cb_hab4_20260407/best_model_1.pth
2026-04-07 13:40:11,764 INFO src.train.trainer: Last model at epoch 1051 saved to checkpoints/etas_kernel_cb_hab4_20260407/last_model_1.pth
2026-04-07 13:40:11,764 INFO src.train.trainer: Epoch 1052
2026-04-07 13:40:11,815 INFO src.train.trainer: New best validation loss: -5.7660, saved to checkpoints/etas_kernel_cb_hab4_20260407/best_model_1.pth
2026-04-07 13:40:11,817 INFO src.train.trainer: Last model at epoch 1052 saved to checkpoints/etas_kernel_cb_hab4_20260407/last_model_1.pth
2026-04-07 13:40:11,817 INFO src.train.trainer: Epoch 1053
2026-04-07 13:40:11,860 INFO src.train.trainer: New best validation loss: -5.7661, saved to checkpoints/etas_kernel_cb_hab4_20260407/best_model_1.pth
2026-04-07 13:40:11,862 INFO src.train.trainer: Last model at epoch 1053 saved to checkpoints/etas_kernel_cb_hab4_20260407/last_model_1.pth
2026-04-07 13:40:11,862 INFO src.train.trainer: Epoch 1054
2026-04-07 13:40:11,909 INFO src.train.trainer: New best validation loss: -5.7662, saved to checkpoints/etas_kernel_cb_hab4_20260407/best_model_1.pth
2026-04-07 13:40:11,910 INFO src.train.trainer: Last model at epoch 1054 saved to checkpoints/etas_kernel_cb_hab4_20260407/last_model_1.pth
2026-04-07 13:40:11,910 INFO src.train.trainer: Epoch 1055
2026-04-07 13:40:11,957 INFO src.train.trainer: New best validation loss: -5.7663, saved to checkpoints/etas_kernel_cb_hab4_20260407/best_model_1.pth
2026-04-07 13:40:11,959 INFO src.train.trainer: Last model at epoch 1055 saved to checkpoints/etas_kernel_cb_hab4_20260407/last_model_1.pth
2026-04-07 13:40:11,959 INFO src.train.trainer: Epoch 1056
2026-04-07 13:40:12,008 INFO src.train.trainer: New best validation loss: -5.7664, saved to checkpoints/etas_kernel_cb_hab4_20260407/best_model_1.pth
2026-04-07 13:40:12,009 INFO src.train.trainer: Last model at epoch 1056 saved to checkpoints/etas_kernel_cb_hab4_20260407/last_model_1.pth
2026-04-07 13:40:12,009 INFO src.train.trainer: Epoch 1057
2026-04-07 13:40:12,059 INFO src.train.trainer: New best validation loss: -5.7665, saved to checkpoints/etas_kernel_cb_hab4_20260407/best_model_1.pth
2026-04-07 13:40:12,061 INFO src.train.trainer: Last model at epoch 1057 saved to checkpoints/etas_kernel_cb_hab4_20260407/last_model_1.pth
2026-04-07 13:40:12,061 INFO src.train.trainer: Epoch 1058
2026-04-07 13:40:12,110 INFO src.train.trainer: New best validation loss: -5.7666, saved to checkpoints/etas_kernel_cb_hab4_20260407/best_model_1.pth
2026-04-07 13:40:12,111 INFO src.train.trainer: Last model at epoch 1058 saved to checkpoints/etas_kernel_cb_hab4_20260407/last_model_1.pth
2026-04-07 13:40:12,111 INFO src.train.trainer: Epoch 1059
2026-04-07 13:40:12,163 INFO src.train.trainer: New best validation loss: -5.7667, saved to checkpoints/etas_kernel_cb_hab4_20260407/best_model_1.pth
2026-04-07 13:40:12,165 INFO src.train.trainer: Last model at epoch 1059 saved to checkpoints/etas_kernel_cb_hab4_20260407/last_model_1.pth
2026-04-07 13:40:12,165 INFO src.train.trainer: Epoch 1060
2026-04-07 13:40:12,218 INFO src.train.trainer: New best validation loss: -5.7668, saved to checkpoints/etas_kernel_cb_hab4_20260407/best_model_1.pth
2026-04-07 13:40:12,220 INFO src.train.trainer: Last model at epoch 1060 saved to checkpoints/etas_kernel_cb_hab4_20260407/last_model_1.pth
2026-04-07 13:40:12,220 INFO src.train.trainer: Epoch 1061
2026-04-07 13:40:12,276 INFO src.train.trainer: New best validation loss: -5.7669, saved to checkpoints/etas_kernel_cb_hab4_20260407/best_model_1.pth
2026-04-07 13:40:12,278 INFO src.train.trainer: Last model at epoch 1061 saved to checkpoints/etas_kernel_cb_hab4_20260407/last_model_1.pth
2026-04-07 13:40:12,278 INFO src.train.trainer: Epoch 1062
2026-04-07 13:40:12,337 INFO src.train.trainer: New best validation loss: -5.7670, saved to checkpoints/etas_kernel_cb_hab4_20260407/best_model_1.pth
2026-04-07 13:40:12,339 INFO src.train.trainer: Last model at epoch 1062 saved to checkpoints/etas_kernel_cb_hab4_20260407/last_model_1.pth
2026-04-07 13:40:12,339 INFO src.train.trainer: Epoch 1063
2026-04-07 13:40:12,397 INFO src.train.trainer: New best validation loss: -5.7671, saved to checkpoints/etas_kernel_cb_hab4_20260407/best_model_1.pth
2026-04-07 13:40:12,399 INFO src.train.trainer: Last model at epoch 1063 saved to checkpoints/etas_kernel_cb_hab4_20260407/last_model_1.pth
2026-04-07 13:40:12,399 INFO src.train.trainer: Epoch 1064
2026-04-07 13:40:12,456 INFO src.train.trainer: New best validation loss: -5.7672, saved to checkpoints/etas_kernel_cb_hab4_20260407/best_model_1.pth
2026-04-07 13:40:12,458 INFO src.train.trainer: Last model at epoch 1064 saved to checkpoints/etas_kernel_cb_hab4_20260407/last_model_1.pth
2026-04-07 13:40:12,458 INFO src.train.trainer: Epoch 1065
2026-04-07 13:40:12,518 INFO src.train.trainer: New best validation loss: -5.7673, saved to checkpoints/etas_kernel_cb_hab4_20260407/best_model_1.pth
2026-04-07 13:40:12,520 INFO src.train.trainer: Last model at epoch 1065 saved to checkpoints/etas_kernel_cb_hab4_20260407/last_model_1.pth
2026-04-07 13:40:12,520 INFO src.train.trainer: Epoch 1066
2026-04-07 13:40:12,580 INFO src.train.trainer: New best validation loss: -5.7674, saved to checkpoints/etas_kernel_cb_hab4_20260407/best_model_1.pth
2026-04-07 13:40:12,582 INFO src.train.trainer: Last model at epoch 1066 saved to checkpoints/etas_kernel_cb_hab4_20260407/last_model_1.pth
2026-04-07 13:40:12,582 INFO src.train.trainer: Epoch 1067
2026-04-07 13:40:12,643 INFO src.train.trainer: New best validation loss: -5.7675, saved to checkpoints/etas_kernel_cb_hab4_20260407/best_model_1.pth
2026-04-07 13:40:12,645 INFO src.train.trainer: Last model at epoch 1067 saved to checkpoints/etas_kernel_cb_hab4_20260407/last_model_1.pth
2026-04-07 13:40:12,645 INFO src.train.trainer: Epoch 1068
2026-04-07 13:40:12,705 INFO src.train.trainer: New best validation loss: -5.7676, saved to checkpoints/etas_kernel_cb_hab4_20260407/best_model_1.pth
2026-04-07 13:40:12,707 INFO src.train.trainer: Last model at epoch 1068 saved to checkpoints/etas_kernel_cb_hab4_20260407/last_model_1.pth
2026-04-07 13:40:12,707 INFO src.train.trainer: Epoch 1069
2026-04-07 13:40:12,769 INFO src.train.trainer: New best validation loss: -5.7677, saved to checkpoints/etas_kernel_cb_hab4_20260407/best_model_1.pth
2026-04-07 13:40:12,771 INFO src.train.trainer: Last model at epoch 1069 saved to checkpoints/etas_kernel_cb_hab4_20260407/last_model_1.pth
2026-04-07 13:40:12,772 INFO src.train.trainer: Epoch 1070
2026-04-07 13:40:12,836 INFO src.train.trainer: New best validation loss: -5.7678, saved to checkpoints/etas_kernel_cb_hab4_20260407/best_model_1.pth
2026-04-07 13:40:12,838 INFO src.train.trainer: Last model at epoch 1070 saved to checkpoints/etas_kernel_cb_hab4_20260407/last_model_1.pth
2026-04-07 13:40:12,838 INFO src.train.trainer: Epoch 1071
2026-04-07 13:40:12,900 INFO src.train.trainer: New best validation loss: -5.7679, saved to checkpoints/etas_kernel_cb_hab4_20260407/best_model_1.pth
2026-04-07 13:40:12,902 INFO src.train.trainer: Last model at epoch 1071 saved to checkpoints/etas_kernel_cb_hab4_20260407/last_model_1.pth
2026-04-07 13:40:12,902 INFO src.train.trainer: Epoch 1072
2026-04-07 13:40:12,967 INFO src.train.trainer: New best validation loss: -5.7679, saved to checkpoints/etas_kernel_cb_hab4_20260407/best_model_1.pth
2026-04-07 13:40:12,969 INFO src.train.trainer: Last model at epoch 1072 saved to checkpoints/etas_kernel_cb_hab4_20260407/last_model_1.pth
2026-04-07 13:40:12,969 INFO src.train.trainer: Epoch 1073
2026-04-07 13:40:13,030 INFO src.train.trainer: New best validation loss: -5.7680, saved to checkpoints/etas_kernel_cb_hab4_20260407/best_model_1.pth
2026-04-07 13:40:13,032 INFO src.train.trainer: Last model at epoch 1073 saved to checkpoints/etas_kernel_cb_hab4_20260407/last_model_1.pth
2026-04-07 13:40:13,032 INFO src.train.trainer: Epoch 1074
2026-04-07 13:40:13,088 INFO src.train.trainer: New best validation loss: -5.7681, saved to checkpoints/etas_kernel_cb_hab4_20260407/best_model_1.pth
2026-04-07 13:40:13,090 INFO src.train.trainer: Last model at epoch 1074 saved to checkpoints/etas_kernel_cb_hab4_20260407/last_model_1.pth
2026-04-07 13:40:13,090 INFO src.train.trainer: Epoch 1075
2026-04-07 13:40:13,148 INFO src.train.trainer: New best validation loss: -5.7682, saved to checkpoints/etas_kernel_cb_hab4_20260407/best_model_1.pth
2026-04-07 13:40:13,150 INFO src.train.trainer: Last model at epoch 1075 saved to checkpoints/etas_kernel_cb_hab4_20260407/last_model_1.pth
2026-04-07 13:40:13,150 INFO src.train.trainer: Epoch 1076
2026-04-07 13:40:13,208 INFO src.train.trainer: New best validation loss: -5.7683, saved to checkpoints/etas_kernel_cb_hab4_20260407/best_model_1.pth
2026-04-07 13:40:13,210 INFO src.train.trainer: Last model at epoch 1076 saved to checkpoints/etas_kernel_cb_hab4_20260407/last_model_1.pth
2026-04-07 13:40:13,210 INFO src.train.trainer: Epoch 1077
2026-04-07 13:40:13,268 INFO src.train.trainer: New best validation loss: -5.7684, saved to checkpoints/etas_kernel_cb_hab4_20260407/best_model_1.pth
2026-04-07 13:40:13,270 INFO src.train.trainer: Last model at epoch 1077 saved to checkpoints/etas_kernel_cb_hab4_20260407/last_model_1.pth
2026-04-07 13:40:13,270 INFO src.train.trainer: Epoch 1078
2026-04-07 13:40:13,329 INFO src.train.trainer: New best validation loss: -5.7685, saved to checkpoints/etas_kernel_cb_hab4_20260407/best_model_1.pth
2026-04-07 13:40:13,331 INFO src.train.trainer: Last model at epoch 1078 saved to checkpoints/etas_kernel_cb_hab4_20260407/last_model_1.pth
2026-04-07 13:40:13,331 INFO src.train.trainer: Epoch 1079
2026-04-07 13:40:13,389 INFO src.train.trainer: New best validation loss: -5.7686, saved to checkpoints/etas_kernel_cb_hab4_20260407/best_model_1.pth
2026-04-07 13:40:13,391 INFO src.train.trainer: Last model at epoch 1079 saved to checkpoints/etas_kernel_cb_hab4_20260407/last_model_1.pth
2026-04-07 13:40:13,391 INFO src.train.trainer: Epoch 1080
2026-04-07 13:40:13,450 INFO src.train.trainer: New best validation loss: -5.7687, saved to checkpoints/etas_kernel_cb_hab4_20260407/best_model_1.pth
2026-04-07 13:40:13,452 INFO src.train.trainer: Last model at epoch 1080 saved to checkpoints/etas_kernel_cb_hab4_20260407/last_model_1.pth
2026-04-07 13:40:13,452 INFO src.train.trainer: Epoch 1081
2026-04-07 13:40:13,513 INFO src.train.trainer: New best validation loss: -5.7688, saved to checkpoints/etas_kernel_cb_hab4_20260407/best_model_1.pth
2026-04-07 13:40:13,515 INFO src.train.trainer: Last model at epoch 1081 saved to checkpoints/etas_kernel_cb_hab4_20260407/last_model_1.pth
2026-04-07 13:40:13,515 INFO src.train.trainer: Epoch 1082
2026-04-07 13:40:13,580 INFO src.train.trainer: New best validation loss: -5.7689, saved to checkpoints/etas_kernel_cb_hab4_20260407/best_model_1.pth
2026-04-07 13:40:13,583 INFO src.train.trainer: Last model at epoch 1082 saved to checkpoints/etas_kernel_cb_hab4_20260407/last_model_1.pth
2026-04-07 13:40:13,583 INFO src.train.trainer: Epoch 1083
2026-04-07 13:40:13,648 INFO src.train.trainer: New best validation loss: -5.7690, saved to checkpoints/etas_kernel_cb_hab4_20260407/best_model_1.pth
2026-04-07 13:40:13,650 INFO src.train.trainer: Last model at epoch 1083 saved to checkpoints/etas_kernel_cb_hab4_20260407/last_model_1.pth
2026-04-07 13:40:13,650 INFO src.train.trainer: Epoch 1084
2026-04-07 13:40:13,714 INFO src.train.trainer: New best validation loss: -5.7691, saved to checkpoints/etas_kernel_cb_hab4_20260407/best_model_1.pth
2026-04-07 13:40:13,716 INFO src.train.trainer: Last model at epoch 1084 saved to checkpoints/etas_kernel_cb_hab4_20260407/last_model_1.pth
2026-04-07 13:40:13,716 INFO src.train.trainer: Epoch 1085
2026-04-07 13:40:13,780 INFO src.train.trainer: New best validation loss: -5.7692, saved to checkpoints/etas_kernel_cb_hab4_20260407/best_model_1.pth
2026-04-07 13:40:13,782 INFO src.train.trainer: Last model at epoch 1085 saved to checkpoints/etas_kernel_cb_hab4_20260407/last_model_1.pth
2026-04-07 13:40:13,782 INFO src.train.trainer: Epoch 1086
2026-04-07 13:40:13,847 INFO src.train.trainer: New best validation loss: -5.7693, saved to checkpoints/etas_kernel_cb_hab4_20260407/best_model_1.pth
2026-04-07 13:40:13,849 INFO src.train.trainer: Last model at epoch 1086 saved to checkpoints/etas_kernel_cb_hab4_20260407/last_model_1.pth
2026-04-07 13:40:13,849 INFO src.train.trainer: Epoch 1087
2026-04-07 13:40:13,914 INFO src.train.trainer: New best validation loss: -5.7694, saved to checkpoints/etas_kernel_cb_hab4_20260407/best_model_1.pth
2026-04-07 13:40:13,916 INFO src.train.trainer: Last model at epoch 1087 saved to checkpoints/etas_kernel_cb_hab4_20260407/last_model_1.pth
2026-04-07 13:40:13,916 INFO src.train.trainer: Epoch 1088
2026-04-07 13:40:13,982 INFO src.train.trainer: New best validation loss: -5.7695, saved to checkpoints/etas_kernel_cb_hab4_20260407/best_model_1.pth
2026-04-07 13:40:13,984 INFO src.train.trainer: Last model at epoch 1088 saved to checkpoints/etas_kernel_cb_hab4_20260407/last_model_1.pth
2026-04-07 13:40:13,984 INFO src.train.trainer: Epoch 1089
2026-04-07 13:40:14,048 INFO src.train.trainer: New best validation loss: -5.7696, saved to checkpoints/etas_kernel_cb_hab4_20260407/best_model_1.pth
2026-04-07 13:40:14,050 INFO src.train.trainer: Last model at epoch 1089 saved to checkpoints/etas_kernel_cb_hab4_20260407/last_model_1.pth
2026-04-07 13:40:14,051 INFO src.train.trainer: Epoch 1090
2026-04-07 13:40:14,117 INFO src.train.trainer: New best validation loss: -5.7697, saved to checkpoints/etas_kernel_cb_hab4_20260407/best_model_1.pth
2026-04-07 13:40:14,119 INFO src.train.trainer: Last model at epoch 1090 saved to checkpoints/etas_kernel_cb_hab4_20260407/last_model_1.pth
2026-04-07 13:40:14,119 INFO src.train.trainer: Epoch 1091
2026-04-07 13:40:14,184 INFO src.train.trainer: New best validation loss: -5.7698, saved to checkpoints/etas_kernel_cb_hab4_20260407/best_model_1.pth
2026-04-07 13:40:14,186 INFO src.train.trainer: Last model at epoch 1091 saved to checkpoints/etas_kernel_cb_hab4_20260407/last_model_1.pth
2026-04-07 13:40:14,187 INFO src.train.trainer: Epoch 1092
2026-04-07 13:40:14,255 INFO src.train.trainer: New best validation loss: -5.7699, saved to checkpoints/etas_kernel_cb_hab4_20260407/best_model_1.pth
2026-04-07 13:40:14,257 INFO src.train.trainer: Last model at epoch 1092 saved to checkpoints/etas_kernel_cb_hab4_20260407/last_model_1.pth
2026-04-07 13:40:14,257 INFO src.train.trainer: Epoch 1093
2026-04-07 13:40:14,326 INFO src.train.trainer: New best validation loss: -5.7700, saved to checkpoints/etas_kernel_cb_hab4_20260407/best_model_1.pth
2026-04-07 13:40:14,328 INFO src.train.trainer: Last model at epoch 1093 saved to checkpoints/etas_kernel_cb_hab4_20260407/last_model_1.pth
2026-04-07 13:40:14,328 INFO src.train.trainer: Epoch 1094
2026-04-07 13:40:14,394 INFO src.train.trainer: New best validation loss: -5.7701, saved to checkpoints/etas_kernel_cb_hab4_20260407/best_model_1.pth
2026-04-07 13:40:14,396 INFO src.train.trainer: Last model at epoch 1094 saved to checkpoints/etas_kernel_cb_hab4_20260407/last_model_1.pth
2026-04-07 13:40:14,396 INFO src.train.trainer: Epoch 1095
2026-04-07 13:40:14,460 INFO src.train.trainer: New best validation loss: -5.7702, saved to checkpoints/etas_kernel_cb_hab4_20260407/best_model_1.pth
2026-04-07 13:40:14,462 INFO src.train.trainer: Last model at epoch 1095 saved to checkpoints/etas_kernel_cb_hab4_20260407/last_model_1.pth
2026-04-07 13:40:14,462 INFO src.train.trainer: Epoch 1096
2026-04-07 13:40:14,523 INFO src.train.trainer: New best validation loss: -5.7702, saved to checkpoints/etas_kernel_cb_hab4_20260407/best_model_1.pth
2026-04-07 13:40:14,525 INFO src.train.trainer: Last model at epoch 1096 saved to checkpoints/etas_kernel_cb_hab4_20260407/last_model_1.pth
2026-04-07 13:40:14,526 INFO src.train.trainer: Epoch 1097
2026-04-07 13:40:14,590 INFO src.train.trainer: New best validation loss: -5.7703, saved to checkpoints/etas_kernel_cb_hab4_20260407/best_model_1.pth
2026-04-07 13:40:14,592 INFO src.train.trainer: Last model at epoch 1097 saved to checkpoints/etas_kernel_cb_hab4_20260407/last_model_1.pth
2026-04-07 13:40:14,592 INFO src.train.trainer: Epoch 1098
2026-04-07 13:40:14,658 INFO src.train.trainer: New best validation loss: -5.7704, saved to checkpoints/etas_kernel_cb_hab4_20260407/best_model_1.pth
2026-04-07 13:40:14,661 INFO src.train.trainer: Last model at epoch 1098 saved to checkpoints/etas_kernel_cb_hab4_20260407/last_model_1.pth
2026-04-07 13:40:14,661 INFO src.train.trainer: Epoch 1099
2026-04-07 13:40:14,725 INFO src.train.trainer: New best validation loss: -5.7705, saved to checkpoints/etas_kernel_cb_hab4_20260407/best_model_1.pth
2026-04-07 13:40:14,727 INFO src.train.trainer: Last model at epoch 1099 saved to checkpoints/etas_kernel_cb_hab4_20260407/last_model_1.pth
2026-04-07 13:40:14,728 INFO src.train.trainer: Epoch 1100
2026-04-07 13:40:14,792 INFO src.train.trainer: New best validation loss: -5.7706, saved to checkpoints/etas_kernel_cb_hab4_20260407/best_model_1.pth
2026-04-07 13:40:14,794 INFO src.train.trainer: Last model at epoch 1100 saved to checkpoints/etas_kernel_cb_hab4_20260407/last_model_1.pth
2026-04-07 13:40:14,794 INFO src.train.trainer: Epoch 1101
2026-04-07 13:40:14,854 INFO src.train.trainer: New best validation loss: -5.7707, saved to checkpoints/etas_kernel_cb_hab4_20260407/best_model_1.pth
2026-04-07 13:40:14,856 INFO src.train.trainer: Last model at epoch 1101 saved to checkpoints/etas_kernel_cb_hab4_20260407/last_model_1.pth
2026-04-07 13:40:14,856 INFO src.train.trainer: Epoch 1102
2026-04-07 13:40:14,920 INFO src.train.trainer: New best validation loss: -5.7708, saved to checkpoints/etas_kernel_cb_hab4_20260407/best_model_1.pth
2026-04-07 13:40:14,922 INFO src.train.trainer: Last model at epoch 1102 saved to checkpoints/etas_kernel_cb_hab4_20260407/last_model_1.pth
2026-04-07 13:40:14,922 INFO src.train.trainer: Epoch 1103
2026-04-07 13:40:14,989 INFO src.train.trainer: New best validation loss: -5.7709, saved to checkpoints/etas_kernel_cb_hab4_20260407/best_model_1.pth
2026-04-07 13:40:14,991 INFO src.train.trainer: Last model at epoch 1103 saved to checkpoints/etas_kernel_cb_hab4_20260407/last_model_1.pth
2026-04-07 13:40:14,991 INFO src.train.trainer: Epoch 1104
2026-04-07 13:40:15,058 INFO src.train.trainer: New best validation loss: -5.7710, saved to checkpoints/etas_kernel_cb_hab4_20260407/best_model_1.pth
2026-04-07 13:40:15,061 INFO src.train.trainer: Last model at epoch 1104 saved to checkpoints/etas_kernel_cb_hab4_20260407/last_model_1.pth
2026-04-07 13:40:15,061 INFO src.train.trainer: Epoch 1105
2026-04-07 13:40:15,126 INFO src.train.trainer: New best validation loss: -5.7711, saved to checkpoints/etas_kernel_cb_hab4_20260407/best_model_1.pth
2026-04-07 13:40:15,128 INFO src.train.trainer: Last model at epoch 1105 saved to checkpoints/etas_kernel_cb_hab4_20260407/last_model_1.pth
2026-04-07 13:40:15,128 INFO src.train.trainer: Epoch 1106
2026-04-07 13:40:15,173 INFO src.train.trainer: New best validation loss: -5.7712, saved to checkpoints/etas_kernel_cb_hab4_20260407/best_model_1.pth
2026-04-07 13:40:15,175 INFO src.train.trainer: Last model at epoch 1106 saved to checkpoints/etas_kernel_cb_hab4_20260407/last_model_1.pth
2026-04-07 13:40:15,175 INFO src.train.trainer: Epoch 1107
2026-04-07 13:40:15,226 INFO src.train.trainer: New best validation loss: -5.7713, saved to checkpoints/etas_kernel_cb_hab4_20260407/best_model_1.pth
2026-04-07 13:40:15,228 INFO src.train.trainer: Last model at epoch 1107 saved to checkpoints/etas_kernel_cb_hab4_20260407/last_model_1.pth
2026-04-07 13:40:15,228 INFO src.train.trainer: Epoch 1108
2026-04-07 13:40:15,271 INFO src.train.trainer: New best validation loss: -5.7714, saved to checkpoints/etas_kernel_cb_hab4_20260407/best_model_1.pth
2026-04-07 13:40:15,273 INFO src.train.trainer: Last model at epoch 1108 saved to checkpoints/etas_kernel_cb_hab4_20260407/last_model_1.pth
2026-04-07 13:40:15,273 INFO src.train.trainer: Epoch 1109
2026-04-07 13:40:15,325 INFO src.train.trainer: New best validation loss: -5.7715, saved to checkpoints/etas_kernel_cb_hab4_20260407/best_model_1.pth
2026-04-07 13:40:15,326 INFO src.train.trainer: Last model at epoch 1109 saved to checkpoints/etas_kernel_cb_hab4_20260407/last_model_1.pth
2026-04-07 13:40:15,326 INFO src.train.trainer: Epoch 1110
2026-04-07 13:40:15,378 INFO src.train.trainer: New best validation loss: -5.7716, saved to checkpoints/etas_kernel_cb_hab4_20260407/best_model_1.pth
2026-04-07 13:40:15,380 INFO src.train.trainer: Last model at epoch 1110 saved to checkpoints/etas_kernel_cb_hab4_20260407/last_model_1.pth
2026-04-07 13:40:15,380 INFO src.train.trainer: Epoch 1111
2026-04-07 13:40:15,433 INFO src.train.trainer: New best validation loss: -5.7717, saved to checkpoints/etas_kernel_cb_hab4_20260407/best_model_1.pth
2026-04-07 13:40:15,435 INFO src.train.trainer: Last model at epoch 1111 saved to checkpoints/etas_kernel_cb_hab4_20260407/last_model_1.pth
2026-04-07 13:40:15,435 INFO src.train.trainer: Epoch 1112
2026-04-07 13:40:15,493 INFO src.train.trainer: New best validation loss: -5.7718, saved to checkpoints/etas_kernel_cb_hab4_20260407/best_model_1.pth
2026-04-07 13:40:15,496 INFO src.train.trainer: Last model at epoch 1112 saved to checkpoints/etas_kernel_cb_hab4_20260407/last_model_1.pth
2026-04-07 13:40:15,496 INFO src.train.trainer: Epoch 1113
2026-04-07 13:40:15,551 INFO src.train.trainer: New best validation loss: -5.7719, saved to checkpoints/etas_kernel_cb_hab4_20260407/best_model_1.pth
2026-04-07 13:40:15,553 INFO src.train.trainer: Last model at epoch 1113 saved to checkpoints/etas_kernel_cb_hab4_20260407/last_model_1.pth
2026-04-07 13:40:15,554 INFO src.train.trainer: Epoch 1114
2026-04-07 13:40:15,603 INFO src.train.trainer: New best validation loss: -5.7720, saved to checkpoints/etas_kernel_cb_hab4_20260407/best_model_1.pth
2026-04-07 13:40:15,605 INFO src.train.trainer: Last model at epoch 1114 saved to checkpoints/etas_kernel_cb_hab4_20260407/last_model_1.pth
2026-04-07 13:40:15,605 INFO src.train.trainer: Epoch 1115
2026-04-07 13:40:15,659 INFO src.train.trainer: New best validation loss: -5.7720, saved to checkpoints/etas_kernel_cb_hab4_20260407/best_model_1.pth
2026-04-07 13:40:15,660 INFO src.train.trainer: Last model at epoch 1115 saved to checkpoints/etas_kernel_cb_hab4_20260407/last_model_1.pth
2026-04-07 13:40:15,660 INFO src.train.trainer: Epoch 1116
2026-04-07 13:40:15,704 INFO src.train.trainer: New best validation loss: -5.7721, saved to checkpoints/etas_kernel_cb_hab4_20260407/best_model_1.pth
2026-04-07 13:40:15,706 INFO src.train.trainer: Last model at epoch 1116 saved to checkpoints/etas_kernel_cb_hab4_20260407/last_model_1.pth
2026-04-07 13:40:15,706 INFO src.train.trainer: Epoch 1117
2026-04-07 13:40:15,750 INFO src.train.trainer: New best validation loss: -5.7722, saved to checkpoints/etas_kernel_cb_hab4_20260407/best_model_1.pth
2026-04-07 13:40:15,752 INFO src.train.trainer: Last model at epoch 1117 saved to checkpoints/etas_kernel_cb_hab4_20260407/last_model_1.pth
2026-04-07 13:40:15,752 INFO src.train.trainer: Epoch 1118
2026-04-07 13:40:15,804 INFO src.train.trainer: New best validation loss: -5.7723, saved to checkpoints/etas_kernel_cb_hab4_20260407/best_model_1.pth
2026-04-07 13:40:15,805 INFO src.train.trainer: Last model at epoch 1118 saved to checkpoints/etas_kernel_cb_hab4_20260407/last_model_1.pth
2026-04-07 13:40:15,805 INFO src.train.trainer: Epoch 1119
2026-04-07 13:40:15,857 INFO src.train.trainer: New best validation loss: -5.7724, saved to checkpoints/etas_kernel_cb_hab4_20260407/best_model_1.pth
2026-04-07 13:40:15,859 INFO src.train.trainer: Last model at epoch 1119 saved to checkpoints/etas_kernel_cb_hab4_20260407/last_model_1.pth
2026-04-07 13:40:15,859 INFO src.train.trainer: Epoch 1120
2026-04-07 13:40:15,923 INFO src.train.trainer: New best validation loss: -5.7725, saved to checkpoints/etas_kernel_cb_hab4_20260407/best_model_1.pth
2026-04-07 13:40:15,925 INFO src.train.trainer: Last model at epoch 1120 saved to checkpoints/etas_kernel_cb_hab4_20260407/last_model_1.pth
2026-04-07 13:40:15,925 INFO src.train.trainer: Epoch 1121
2026-04-07 13:40:15,976 INFO src.train.trainer: New best validation loss: -5.7726, saved to checkpoints/etas_kernel_cb_hab4_20260407/best_model_1.pth
2026-04-07 13:40:15,978 INFO src.train.trainer: Last model at epoch 1121 saved to checkpoints/etas_kernel_cb_hab4_20260407/last_model_1.pth
2026-04-07 13:40:15,978 INFO src.train.trainer: Epoch 1122
2026-04-07 13:40:16,031 INFO src.train.trainer: New best validation loss: -5.7727, saved to checkpoints/etas_kernel_cb_hab4_20260407/best_model_1.pth
2026-04-07 13:40:16,033 INFO src.train.trainer: Last model at epoch 1122 saved to checkpoints/etas_kernel_cb_hab4_20260407/last_model_1.pth
2026-04-07 13:40:16,033 INFO src.train.trainer: Epoch 1123
2026-04-07 13:40:16,088 INFO src.train.trainer: New best validation loss: -5.7728, saved to checkpoints/etas_kernel_cb_hab4_20260407/best_model_1.pth
2026-04-07 13:40:16,090 INFO src.train.trainer: Last model at epoch 1123 saved to checkpoints/etas_kernel_cb_hab4_20260407/last_model_1.pth
2026-04-07 13:40:16,090 INFO src.train.trainer: Epoch 1124
2026-04-07 13:40:16,148 INFO src.train.trainer: New best validation loss: -5.7729, saved to checkpoints/etas_kernel_cb_hab4_20260407/best_model_1.pth
2026-04-07 13:40:16,151 INFO src.train.trainer: Last model at epoch 1124 saved to checkpoints/etas_kernel_cb_hab4_20260407/last_model_1.pth
2026-04-07 13:40:16,151 INFO src.train.trainer: Epoch 1125
2026-04-07 13:40:16,233 INFO src.train.trainer: New best validation loss: -5.7730, saved to checkpoints/etas_kernel_cb_hab4_20260407/best_model_1.pth
2026-04-07 13:40:16,235 INFO src.train.trainer: Last model at epoch 1125 saved to checkpoints/etas_kernel_cb_hab4_20260407/last_model_1.pth
2026-04-07 13:40:16,235 INFO src.train.trainer: Epoch 1126
2026-04-07 13:40:16,297 INFO src.train.trainer: New best validation loss: -5.7731, saved to checkpoints/etas_kernel_cb_hab4_20260407/best_model_1.pth
2026-04-07 13:40:16,299 INFO src.train.trainer: Last model at epoch 1126 saved to checkpoints/etas_kernel_cb_hab4_20260407/last_model_1.pth
2026-04-07 13:40:16,299 INFO src.train.trainer: Epoch 1127
2026-04-07 13:40:16,363 INFO src.train.trainer: New best validation loss: -5.7732, saved to checkpoints/etas_kernel_cb_hab4_20260407/best_model_1.pth
2026-04-07 13:40:16,365 INFO src.train.trainer: Last model at epoch 1127 saved to checkpoints/etas_kernel_cb_hab4_20260407/last_model_1.pth
2026-04-07 13:40:16,365 INFO src.train.trainer: Epoch 1128
2026-04-07 13:40:16,428 INFO src.train.trainer: New best validation loss: -5.7733, saved to checkpoints/etas_kernel_cb_hab4_20260407/best_model_1.pth
2026-04-07 13:40:16,430 INFO src.train.trainer: Last model at epoch 1128 saved to checkpoints/etas_kernel_cb_hab4_20260407/last_model_1.pth
2026-04-07 13:40:16,430 INFO src.train.trainer: Epoch 1129
2026-04-07 13:40:16,495 INFO src.train.trainer: New best validation loss: -5.7734, saved to checkpoints/etas_kernel_cb_hab4_20260407/best_model_1.pth
2026-04-07 13:40:16,497 INFO src.train.trainer: Last model at epoch 1129 saved to checkpoints/etas_kernel_cb_hab4_20260407/last_model_1.pth
2026-04-07 13:40:16,497 INFO src.train.trainer: Epoch 1130
2026-04-07 13:40:16,562 INFO src.train.trainer: New best validation loss: -5.7735, saved to checkpoints/etas_kernel_cb_hab4_20260407/best_model_1.pth
2026-04-07 13:40:16,564 INFO src.train.trainer: Last model at epoch 1130 saved to checkpoints/etas_kernel_cb_hab4_20260407/last_model_1.pth
2026-04-07 13:40:16,564 INFO src.train.trainer: Epoch 1131
2026-04-07 13:40:16,632 INFO src.train.trainer: New best validation loss: -5.7736, saved to checkpoints/etas_kernel_cb_hab4_20260407/best_model_1.pth
2026-04-07 13:40:16,634 INFO src.train.trainer: Last model at epoch 1131 saved to checkpoints/etas_kernel_cb_hab4_20260407/last_model_1.pth
2026-04-07 13:40:16,634 INFO src.train.trainer: Epoch 1132
2026-04-07 13:40:16,696 INFO src.train.trainer: New best validation loss: -5.7737, saved to checkpoints/etas_kernel_cb_hab4_20260407/best_model_1.pth
2026-04-07 13:40:16,698 INFO src.train.trainer: Last model at epoch 1132 saved to checkpoints/etas_kernel_cb_hab4_20260407/last_model_1.pth
2026-04-07 13:40:16,698 INFO src.train.trainer: Epoch 1133
2026-04-07 13:40:16,764 INFO src.train.trainer: New best validation loss: -5.7738, saved to checkpoints/etas_kernel_cb_hab4_20260407/best_model_1.pth
2026-04-07 13:40:16,766 INFO src.train.trainer: Last model at epoch 1133 saved to checkpoints/etas_kernel_cb_hab4_20260407/last_model_1.pth
2026-04-07 13:40:16,766 INFO src.train.trainer: Epoch 1134
2026-04-07 13:40:16,832 INFO src.train.trainer: New best validation loss: -5.7738, saved to checkpoints/etas_kernel_cb_hab4_20260407/best_model_1.pth
2026-04-07 13:40:16,834 INFO src.train.trainer: Last model at epoch 1134 saved to checkpoints/etas_kernel_cb_hab4_20260407/last_model_1.pth
2026-04-07 13:40:16,834 INFO src.train.trainer: Epoch 1135
2026-04-07 13:40:16,901 INFO src.train.trainer: New best validation loss: -5.7739, saved to checkpoints/etas_kernel_cb_hab4_20260407/best_model_1.pth
2026-04-07 13:40:16,903 INFO src.train.trainer: Last model at epoch 1135 saved to checkpoints/etas_kernel_cb_hab4_20260407/last_model_1.pth
2026-04-07 13:40:16,903 INFO src.train.trainer: Epoch 1136
2026-04-07 13:40:16,968 INFO src.train.trainer: New best validation loss: -5.7740, saved to checkpoints/etas_kernel_cb_hab4_20260407/best_model_1.pth
2026-04-07 13:40:16,970 INFO src.train.trainer: Last model at epoch 1136 saved to checkpoints/etas_kernel_cb_hab4_20260407/last_model_1.pth
2026-04-07 13:40:16,970 INFO src.train.trainer: Epoch 1137
2026-04-07 13:40:17,037 INFO src.train.trainer: New best validation loss: -5.7741, saved to checkpoints/etas_kernel_cb_hab4_20260407/best_model_1.pth
2026-04-07 13:40:17,040 INFO src.train.trainer: Last model at epoch 1137 saved to checkpoints/etas_kernel_cb_hab4_20260407/last_model_1.pth
2026-04-07 13:40:17,040 INFO src.train.trainer: Epoch 1138
2026-04-07 13:40:17,107 INFO src.train.trainer: New best validation loss: -5.7742, saved to checkpoints/etas_kernel_cb_hab4_20260407/best_model_1.pth
2026-04-07 13:40:17,109 INFO src.train.trainer: Last model at epoch 1138 saved to checkpoints/etas_kernel_cb_hab4_20260407/last_model_1.pth
2026-04-07 13:40:17,109 INFO src.train.trainer: Epoch 1139
2026-04-07 13:40:17,177 INFO src.train.trainer: New best validation loss: -5.7743, saved to checkpoints/etas_kernel_cb_hab4_20260407/best_model_1.pth
2026-04-07 13:40:17,179 INFO src.train.trainer: Last model at epoch 1139 saved to checkpoints/etas_kernel_cb_hab4_20260407/last_model_1.pth
2026-04-07 13:40:17,179 INFO src.train.trainer: Epoch 1140
2026-04-07 13:40:17,245 INFO src.train.trainer: New best validation loss: -5.7744, saved to checkpoints/etas_kernel_cb_hab4_20260407/best_model_1.pth
2026-04-07 13:40:17,247 INFO src.train.trainer: Last model at epoch 1140 saved to checkpoints/etas_kernel_cb_hab4_20260407/last_model_1.pth
2026-04-07 13:40:17,248 INFO src.train.trainer: Epoch 1141
2026-04-07 13:40:17,313 INFO src.train.trainer: New best validation loss: -5.7745, saved to checkpoints/etas_kernel_cb_hab4_20260407/best_model_1.pth
2026-04-07 13:40:17,317 INFO src.train.trainer: Last model at epoch 1141 saved to checkpoints/etas_kernel_cb_hab4_20260407/last_model_1.pth
2026-04-07 13:40:17,317 INFO src.train.trainer: Epoch 1142
2026-04-07 13:40:17,395 INFO src.train.trainer: New best validation loss: -5.7746, saved to checkpoints/etas_kernel_cb_hab4_20260407/best_model_1.pth
2026-04-07 13:40:17,397 INFO src.train.trainer: Last model at epoch 1142 saved to checkpoints/etas_kernel_cb_hab4_20260407/last_model_1.pth
2026-04-07 13:40:17,397 INFO src.train.trainer: Epoch 1143
2026-04-07 13:40:17,447 INFO src.train.trainer: New best validation loss: -5.7747, saved to checkpoints/etas_kernel_cb_hab4_20260407/best_model_1.pth
2026-04-07 13:40:17,450 INFO src.train.trainer: Last model at epoch 1143 saved to checkpoints/etas_kernel_cb_hab4_20260407/last_model_1.pth
2026-04-07 13:40:17,450 INFO src.train.trainer: Epoch 1144
2026-04-07 13:40:17,497 INFO src.train.trainer: New best validation loss: -5.7748, saved to checkpoints/etas_kernel_cb_hab4_20260407/best_model_1.pth
2026-04-07 13:40:17,499 INFO src.train.trainer: Last model at epoch 1144 saved to checkpoints/etas_kernel_cb_hab4_20260407/last_model_1.pth
2026-04-07 13:40:17,499 INFO src.train.trainer: Epoch 1145
2026-04-07 13:40:17,553 INFO src.train.trainer: New best validation loss: -5.7749, saved to checkpoints/etas_kernel_cb_hab4_20260407/best_model_1.pth
2026-04-07 13:40:17,555 INFO src.train.trainer: Last model at epoch 1145 saved to checkpoints/etas_kernel_cb_hab4_20260407/last_model_1.pth
2026-04-07 13:40:17,555 INFO src.train.trainer: Epoch 1146
2026-04-07 13:40:17,608 INFO src.train.trainer: New best validation loss: -5.7750, saved to checkpoints/etas_kernel_cb_hab4_20260407/best_model_1.pth
2026-04-07 13:40:17,609 INFO src.train.trainer: Last model at epoch 1146 saved to checkpoints/etas_kernel_cb_hab4_20260407/last_model_1.pth
2026-04-07 13:40:17,609 INFO src.train.trainer: Epoch 1147
2026-04-07 13:40:17,663 INFO src.train.trainer: New best validation loss: -5.7751, saved to checkpoints/etas_kernel_cb_hab4_20260407/best_model_1.pth
2026-04-07 13:40:17,665 INFO src.train.trainer: Last model at epoch 1147 saved to checkpoints/etas_kernel_cb_hab4_20260407/last_model_1.pth
2026-04-07 13:40:17,665 INFO src.train.trainer: Epoch 1148
2026-04-07 13:40:17,721 INFO src.train.trainer: New best validation loss: -5.7752, saved to checkpoints/etas_kernel_cb_hab4_20260407/best_model_1.pth
2026-04-07 13:40:17,723 INFO src.train.trainer: Last model at epoch 1148 saved to checkpoints/etas_kernel_cb_hab4_20260407/last_model_1.pth
2026-04-07 13:40:17,723 INFO src.train.trainer: Epoch 1149
2026-04-07 13:40:17,786 INFO src.train.trainer: New best validation loss: -5.7753, saved to checkpoints/etas_kernel_cb_hab4_20260407/best_model_1.pth
2026-04-07 13:40:17,788 INFO src.train.trainer: Last model at epoch 1149 saved to checkpoints/etas_kernel_cb_hab4_20260407/last_model_1.pth
2026-04-07 13:40:17,788 INFO src.train.trainer: Epoch 1150
2026-04-07 13:40:17,846 INFO src.train.trainer: New best validation loss: -5.7753, saved to checkpoints/etas_kernel_cb_hab4_20260407/best_model_1.pth
2026-04-07 13:40:17,849 INFO src.train.trainer: Last model at epoch 1150 saved to checkpoints/etas_kernel_cb_hab4_20260407/last_model_1.pth
2026-04-07 13:40:17,849 INFO src.train.trainer: Epoch 1151
2026-04-07 13:40:17,910 INFO src.train.trainer: New best validation loss: -5.7754, saved to checkpoints/etas_kernel_cb_hab4_20260407/best_model_1.pth
2026-04-07 13:40:17,912 INFO src.train.trainer: Last model at epoch 1151 saved to checkpoints/etas_kernel_cb_hab4_20260407/last_model_1.pth
2026-04-07 13:40:17,912 INFO src.train.trainer: Epoch 1152
2026-04-07 13:40:17,980 INFO src.train.trainer: New best validation loss: -5.7755, saved to checkpoints/etas_kernel_cb_hab4_20260407/best_model_1.pth
2026-04-07 13:40:17,983 INFO src.train.trainer: Last model at epoch 1152 saved to checkpoints/etas_kernel_cb_hab4_20260407/last_model_1.pth
2026-04-07 13:40:17,983 INFO src.train.trainer: Epoch 1153
2026-04-07 13:40:18,051 INFO src.train.trainer: New best validation loss: -5.7756, saved to checkpoints/etas_kernel_cb_hab4_20260407/best_model_1.pth
2026-04-07 13:40:18,054 INFO src.train.trainer: Last model at epoch 1153 saved to checkpoints/etas_kernel_cb_hab4_20260407/last_model_1.pth
2026-04-07 13:40:18,054 INFO src.train.trainer: Epoch 1154
2026-04-07 13:40:18,121 INFO src.train.trainer: New best validation loss: -5.7757, saved to checkpoints/etas_kernel_cb_hab4_20260407/best_model_1.pth
2026-04-07 13:40:18,123 INFO src.train.trainer: Last model at epoch 1154 saved to checkpoints/etas_kernel_cb_hab4_20260407/last_model_1.pth
2026-04-07 13:40:18,123 INFO src.train.trainer: Epoch 1155
2026-04-07 13:40:18,193 INFO src.train.trainer: New best validation loss: -5.7758, saved to checkpoints/etas_kernel_cb_hab4_20260407/best_model_1.pth
2026-04-07 13:40:18,195 INFO src.train.trainer: Last model at epoch 1155 saved to checkpoints/etas_kernel_cb_hab4_20260407/last_model_1.pth
2026-04-07 13:40:18,195 INFO src.train.trainer: Epoch 1156
2026-04-07 13:40:18,262 INFO src.train.trainer: New best validation loss: -5.7759, saved to checkpoints/etas_kernel_cb_hab4_20260407/best_model_1.pth
2026-04-07 13:40:18,264 INFO src.train.trainer: Last model at epoch 1156 saved to checkpoints/etas_kernel_cb_hab4_20260407/last_model_1.pth
2026-04-07 13:40:18,264 INFO src.train.trainer: Epoch 1157
2026-04-07 13:40:18,327 INFO src.train.trainer: New best validation loss: -5.7760, saved to checkpoints/etas_kernel_cb_hab4_20260407/best_model_1.pth
2026-04-07 13:40:18,329 INFO src.train.trainer: Last model at epoch 1157 saved to checkpoints/etas_kernel_cb_hab4_20260407/last_model_1.pth
2026-04-07 13:40:18,329 INFO src.train.trainer: Epoch 1158
2026-04-07 13:40:18,391 INFO src.train.trainer: New best validation loss: -5.7761, saved to checkpoints/etas_kernel_cb_hab4_20260407/best_model_1.pth
2026-04-07 13:40:18,393 INFO src.train.trainer: Last model at epoch 1158 saved to checkpoints/etas_kernel_cb_hab4_20260407/last_model_1.pth
2026-04-07 13:40:18,393 INFO src.train.trainer: Epoch 1159
2026-04-07 13:40:18,456 INFO src.train.trainer: New best validation loss: -5.7762, saved to checkpoints/etas_kernel_cb_hab4_20260407/best_model_1.pth
2026-04-07 13:40:18,458 INFO src.train.trainer: Last model at epoch 1159 saved to checkpoints/etas_kernel_cb_hab4_20260407/last_model_1.pth
2026-04-07 13:40:18,458 INFO src.train.trainer: Epoch 1160
2026-04-07 13:40:18,526 INFO src.train.trainer: New best validation loss: -5.7763, saved to checkpoints/etas_kernel_cb_hab4_20260407/best_model_1.pth
2026-04-07 13:40:18,528 INFO src.train.trainer: Last model at epoch 1160 saved to checkpoints/etas_kernel_cb_hab4_20260407/last_model_1.pth
2026-04-07 13:40:18,528 INFO src.train.trainer: Epoch 1161
2026-04-07 13:40:18,591 INFO src.train.trainer: New best validation loss: -5.7764, saved to checkpoints/etas_kernel_cb_hab4_20260407/best_model_1.pth
2026-04-07 13:40:18,593 INFO src.train.trainer: Last model at epoch 1161 saved to checkpoints/etas_kernel_cb_hab4_20260407/last_model_1.pth
2026-04-07 13:40:18,594 INFO src.train.trainer: Epoch 1162
2026-04-07 13:40:18,659 INFO src.train.trainer: New best validation loss: -5.7765, saved to checkpoints/etas_kernel_cb_hab4_20260407/best_model_1.pth
2026-04-07 13:40:18,661 INFO src.train.trainer: Last model at epoch 1162 saved to checkpoints/etas_kernel_cb_hab4_20260407/last_model_1.pth
2026-04-07 13:40:18,661 INFO src.train.trainer: Epoch 1163
2026-04-07 13:40:18,735 INFO src.train.trainer: New best validation loss: -5.7766, saved to checkpoints/etas_kernel_cb_hab4_20260407/best_model_1.pth
2026-04-07 13:40:18,738 INFO src.train.trainer: Last model at epoch 1163 saved to checkpoints/etas_kernel_cb_hab4_20260407/last_model_1.pth
2026-04-07 13:40:18,738 INFO src.train.trainer: Epoch 1164
2026-04-07 13:40:18,804 INFO src.train.trainer: New best validation loss: -5.7767, saved to checkpoints/etas_kernel_cb_hab4_20260407/best_model_1.pth
2026-04-07 13:40:18,806 INFO src.train.trainer: Last model at epoch 1164 saved to checkpoints/etas_kernel_cb_hab4_20260407/last_model_1.pth
2026-04-07 13:40:18,806 INFO src.train.trainer: Epoch 1165
2026-04-07 13:40:18,871 INFO src.train.trainer: New best validation loss: -5.7768, saved to checkpoints/etas_kernel_cb_hab4_20260407/best_model_1.pth
2026-04-07 13:40:18,873 INFO src.train.trainer: Last model at epoch 1165 saved to checkpoints/etas_kernel_cb_hab4_20260407/last_model_1.pth
2026-04-07 13:40:18,873 INFO src.train.trainer: Epoch 1166
2026-04-07 13:40:18,943 INFO src.train.trainer: New best validation loss: -5.7768, saved to checkpoints/etas_kernel_cb_hab4_20260407/best_model_1.pth
2026-04-07 13:40:18,945 INFO src.train.trainer: Last model at epoch 1166 saved to checkpoints/etas_kernel_cb_hab4_20260407/last_model_1.pth
2026-04-07 13:40:18,946 INFO src.train.trainer: Epoch 1167
2026-04-07 13:40:19,006 INFO src.train.trainer: New best validation loss: -5.7769, saved to checkpoints/etas_kernel_cb_hab4_20260407/best_model_1.pth
2026-04-07 13:40:19,008 INFO src.train.trainer: Last model at epoch 1167 saved to checkpoints/etas_kernel_cb_hab4_20260407/last_model_1.pth
2026-04-07 13:40:19,008 INFO src.train.trainer: Epoch 1168
2026-04-07 13:40:19,075 INFO src.train.trainer: New best validation loss: -5.7770, saved to checkpoints/etas_kernel_cb_hab4_20260407/best_model_1.pth
2026-04-07 13:40:19,077 INFO src.train.trainer: Last model at epoch 1168 saved to checkpoints/etas_kernel_cb_hab4_20260407/last_model_1.pth
2026-04-07 13:40:19,077 INFO src.train.trainer: Epoch 1169
2026-04-07 13:40:19,142 INFO src.train.trainer: New best validation loss: -5.7771, saved to checkpoints/etas_kernel_cb_hab4_20260407/best_model_1.pth
2026-04-07 13:40:19,144 INFO src.train.trainer: Last model at epoch 1169 saved to checkpoints/etas_kernel_cb_hab4_20260407/last_model_1.pth
2026-04-07 13:40:19,144 INFO src.train.trainer: Epoch 1170
2026-04-07 13:40:19,200 INFO src.train.trainer: New best validation loss: -5.7772, saved to checkpoints/etas_kernel_cb_hab4_20260407/best_model_1.pth
2026-04-07 13:40:19,202 INFO src.train.trainer: Last model at epoch 1170 saved to checkpoints/etas_kernel_cb_hab4_20260407/last_model_1.pth
2026-04-07 13:40:19,202 INFO src.train.trainer: Epoch 1171
2026-04-07 13:40:19,257 INFO src.train.trainer: New best validation loss: -5.7773, saved to checkpoints/etas_kernel_cb_hab4_20260407/best_model_1.pth
2026-04-07 13:40:19,258 INFO src.train.trainer: Last model at epoch 1171 saved to checkpoints/etas_kernel_cb_hab4_20260407/last_model_1.pth
2026-04-07 13:40:19,259 INFO src.train.trainer: Epoch 1172
2026-04-07 13:40:19,315 INFO src.train.trainer: New best validation loss: -5.7774, saved to checkpoints/etas_kernel_cb_hab4_20260407/best_model_1.pth
2026-04-07 13:40:19,318 INFO src.train.trainer: Last model at epoch 1172 saved to checkpoints/etas_kernel_cb_hab4_20260407/last_model_1.pth
2026-04-07 13:40:19,318 INFO src.train.trainer: Epoch 1173
2026-04-07 13:40:19,385 INFO src.train.trainer: New best validation loss: -5.7775, saved to checkpoints/etas_kernel_cb_hab4_20260407/best_model_1.pth
2026-04-07 13:40:19,389 INFO src.train.trainer: Last model at epoch 1173 saved to checkpoints/etas_kernel_cb_hab4_20260407/last_model_1.pth
2026-04-07 13:40:19,389 INFO src.train.trainer: Epoch 1174
2026-04-07 13:40:19,452 INFO src.train.trainer: New best validation loss: -5.7776, saved to checkpoints/etas_kernel_cb_hab4_20260407/best_model_1.pth
2026-04-07 13:40:19,453 INFO src.train.trainer: Last model at epoch 1174 saved to checkpoints/etas_kernel_cb_hab4_20260407/last_model_1.pth
2026-04-07 13:40:19,454 INFO src.train.trainer: Epoch 1175
2026-04-07 13:40:19,514 INFO src.train.trainer: New best validation loss: -5.7777, saved to checkpoints/etas_kernel_cb_hab4_20260407/best_model_1.pth
2026-04-07 13:40:19,516 INFO src.train.trainer: Last model at epoch 1175 saved to checkpoints/etas_kernel_cb_hab4_20260407/last_model_1.pth
2026-04-07 13:40:19,516 INFO src.train.trainer: Epoch 1176
2026-04-07 13:40:19,579 INFO src.train.trainer: New best validation loss: -5.7778, saved to checkpoints/etas_kernel_cb_hab4_20260407/best_model_1.pth
2026-04-07 13:40:19,581 INFO src.train.trainer: Last model at epoch 1176 saved to checkpoints/etas_kernel_cb_hab4_20260407/last_model_1.pth
2026-04-07 13:40:19,581 INFO src.train.trainer: Epoch 1177
2026-04-07 13:40:19,645 INFO src.train.trainer: New best validation loss: -5.7779, saved to checkpoints/etas_kernel_cb_hab4_20260407/best_model_1.pth
2026-04-07 13:40:19,647 INFO src.train.trainer: Last model at epoch 1177 saved to checkpoints/etas_kernel_cb_hab4_20260407/last_model_1.pth
2026-04-07 13:40:19,647 INFO src.train.trainer: Epoch 1178
2026-04-07 13:40:19,711 INFO src.train.trainer: New best validation loss: -5.7780, saved to checkpoints/etas_kernel_cb_hab4_20260407/best_model_1.pth
2026-04-07 13:40:19,713 INFO src.train.trainer: Last model at epoch 1178 saved to checkpoints/etas_kernel_cb_hab4_20260407/last_model_1.pth
2026-04-07 13:40:19,714 INFO src.train.trainer: Epoch 1179
2026-04-07 13:40:19,781 INFO src.train.trainer: New best validation loss: -5.7781, saved to checkpoints/etas_kernel_cb_hab4_20260407/best_model_1.pth
2026-04-07 13:40:19,783 INFO src.train.trainer: Last model at epoch 1179 saved to checkpoints/etas_kernel_cb_hab4_20260407/last_model_1.pth
2026-04-07 13:40:19,783 INFO src.train.trainer: Epoch 1180
2026-04-07 13:40:19,860 INFO src.train.trainer: New best validation loss: -5.7781, saved to checkpoints/etas_kernel_cb_hab4_20260407/best_model_1.pth
2026-04-07 13:40:19,863 INFO src.train.trainer: Last model at epoch 1180 saved to checkpoints/etas_kernel_cb_hab4_20260407/last_model_1.pth
2026-04-07 13:40:19,863 INFO src.train.trainer: Epoch 1181
2026-04-07 13:40:19,928 INFO src.train.trainer: New best validation loss: -5.7782, saved to checkpoints/etas_kernel_cb_hab4_20260407/best_model_1.pth
2026-04-07 13:40:19,930 INFO src.train.trainer: Last model at epoch 1181 saved to checkpoints/etas_kernel_cb_hab4_20260407/last_model_1.pth
2026-04-07 13:40:19,930 INFO src.train.trainer: Epoch 1182
2026-04-07 13:40:19,995 INFO src.train.trainer: New best validation loss: -5.7783, saved to checkpoints/etas_kernel_cb_hab4_20260407/best_model_1.pth
2026-04-07 13:40:19,997 INFO src.train.trainer: Last model at epoch 1182 saved to checkpoints/etas_kernel_cb_hab4_20260407/last_model_1.pth
2026-04-07 13:40:19,997 INFO src.train.trainer: Epoch 1183
2026-04-07 13:40:20,061 INFO src.train.trainer: New best validation loss: -5.7784, saved to checkpoints/etas_kernel_cb_hab4_20260407/best_model_1.pth
2026-04-07 13:40:20,063 INFO src.train.trainer: Last model at epoch 1183 saved to checkpoints/etas_kernel_cb_hab4_20260407/last_model_1.pth
2026-04-07 13:40:20,064 INFO src.train.trainer: Epoch 1184
2026-04-07 13:40:20,126 INFO src.train.trainer: New best validation loss: -5.7785, saved to checkpoints/etas_kernel_cb_hab4_20260407/best_model_1.pth
2026-04-07 13:40:20,128 INFO src.train.trainer: Last model at epoch 1184 saved to checkpoints/etas_kernel_cb_hab4_20260407/last_model_1.pth
2026-04-07 13:40:20,128 INFO src.train.trainer: Epoch 1185
2026-04-07 13:40:20,188 INFO src.train.trainer: New best validation loss: -5.7786, saved to checkpoints/etas_kernel_cb_hab4_20260407/best_model_1.pth
2026-04-07 13:40:20,190 INFO src.train.trainer: Last model at epoch 1185 saved to checkpoints/etas_kernel_cb_hab4_20260407/last_model_1.pth
2026-04-07 13:40:20,190 INFO src.train.trainer: Epoch 1186
2026-04-07 13:40:20,246 INFO src.train.trainer: New best validation loss: -5.7787, saved to checkpoints/etas_kernel_cb_hab4_20260407/best_model_1.pth
2026-04-07 13:40:20,248 INFO src.train.trainer: Last model at epoch 1186 saved to checkpoints/etas_kernel_cb_hab4_20260407/last_model_1.pth
2026-04-07 13:40:20,248 INFO src.train.trainer: Epoch 1187
2026-04-07 13:40:20,308 INFO src.train.trainer: New best validation loss: -5.7788, saved to checkpoints/etas_kernel_cb_hab4_20260407/best_model_1.pth
2026-04-07 13:40:20,310 INFO src.train.trainer: Last model at epoch 1187 saved to checkpoints/etas_kernel_cb_hab4_20260407/last_model_1.pth
2026-04-07 13:40:20,310 INFO src.train.trainer: Epoch 1188
2026-04-07 13:40:20,352 INFO src.train.trainer: New best validation loss: -5.7789, saved to checkpoints/etas_kernel_cb_hab4_20260407/best_model_1.pth
2026-04-07 13:40:20,354 INFO src.train.trainer: Last model at epoch 1188 saved to checkpoints/etas_kernel_cb_hab4_20260407/last_model_1.pth
2026-04-07 13:40:20,354 INFO src.train.trainer: Epoch 1189
2026-04-07 13:40:20,405 INFO src.train.trainer: New best validation loss: -5.7790, saved to checkpoints/etas_kernel_cb_hab4_20260407/best_model_1.pth
2026-04-07 13:40:20,407 INFO src.train.trainer: Last model at epoch 1189 saved to checkpoints/etas_kernel_cb_hab4_20260407/last_model_1.pth
2026-04-07 13:40:20,407 INFO src.train.trainer: Epoch 1190
2026-04-07 13:40:20,456 INFO src.train.trainer: New best validation loss: -5.7791, saved to checkpoints/etas_kernel_cb_hab4_20260407/best_model_1.pth
2026-04-07 13:40:20,458 INFO src.train.trainer: Last model at epoch 1190 saved to checkpoints/etas_kernel_cb_hab4_20260407/last_model_1.pth
2026-04-07 13:40:20,458 INFO src.train.trainer: Epoch 1191
2026-04-07 13:40:20,511 INFO src.train.trainer: New best validation loss: -5.7792, saved to checkpoints/etas_kernel_cb_hab4_20260407/best_model_1.pth
2026-04-07 13:40:20,513 INFO src.train.trainer: Last model at epoch 1191 saved to checkpoints/etas_kernel_cb_hab4_20260407/last_model_1.pth
2026-04-07 13:40:20,513 INFO src.train.trainer: Epoch 1192
2026-04-07 13:40:20,572 INFO src.train.trainer: New best validation loss: -5.7793, saved to checkpoints/etas_kernel_cb_hab4_20260407/best_model_1.pth
2026-04-07 13:40:20,574 INFO src.train.trainer: Last model at epoch 1192 saved to checkpoints/etas_kernel_cb_hab4_20260407/last_model_1.pth
2026-04-07 13:40:20,574 INFO src.train.trainer: Epoch 1193
2026-04-07 13:40:20,624 INFO src.train.trainer: New best validation loss: -5.7794, saved to checkpoints/etas_kernel_cb_hab4_20260407/best_model_1.pth
2026-04-07 13:40:20,626 INFO src.train.trainer: Last model at epoch 1193 saved to checkpoints/etas_kernel_cb_hab4_20260407/last_model_1.pth
2026-04-07 13:40:20,626 INFO src.train.trainer: Epoch 1194
2026-04-07 13:40:20,677 INFO src.train.trainer: New best validation loss: -5.7795, saved to checkpoints/etas_kernel_cb_hab4_20260407/best_model_1.pth
2026-04-07 13:40:20,679 INFO src.train.trainer: Last model at epoch 1194 saved to checkpoints/etas_kernel_cb_hab4_20260407/last_model_1.pth
2026-04-07 13:40:20,679 INFO src.train.trainer: Epoch 1195
2026-04-07 13:40:20,731 INFO src.train.trainer: New best validation loss: -5.7795, saved to checkpoints/etas_kernel_cb_hab4_20260407/best_model_1.pth
2026-04-07 13:40:20,733 INFO src.train.trainer: Last model at epoch 1195 saved to checkpoints/etas_kernel_cb_hab4_20260407/last_model_1.pth
2026-04-07 13:40:20,733 INFO src.train.trainer: Epoch 1196
2026-04-07 13:40:20,786 INFO src.train.trainer: New best validation loss: -5.7796, saved to checkpoints/etas_kernel_cb_hab4_20260407/best_model_1.pth
2026-04-07 13:40:20,788 INFO src.train.trainer: Last model at epoch 1196 saved to checkpoints/etas_kernel_cb_hab4_20260407/last_model_1.pth
2026-04-07 13:40:20,788 INFO src.train.trainer: Epoch 1197
2026-04-07 13:40:20,843 INFO src.train.trainer: New best validation loss: -5.7797, saved to checkpoints/etas_kernel_cb_hab4_20260407/best_model_1.pth
2026-04-07 13:40:20,845 INFO src.train.trainer: Last model at epoch 1197 saved to checkpoints/etas_kernel_cb_hab4_20260407/last_model_1.pth
2026-04-07 13:40:20,845 INFO src.train.trainer: Epoch 1198
2026-04-07 13:40:20,901 INFO src.train.trainer: New best validation loss: -5.7798, saved to checkpoints/etas_kernel_cb_hab4_20260407/best_model_1.pth
2026-04-07 13:40:20,903 INFO src.train.trainer: Last model at epoch 1198 saved to checkpoints/etas_kernel_cb_hab4_20260407/last_model_1.pth
2026-04-07 13:40:20,903 INFO src.train.trainer: Epoch 1199
2026-04-07 13:40:20,961 INFO src.train.trainer: New best validation loss: -5.7799, saved to checkpoints/etas_kernel_cb_hab4_20260407/best_model_1.pth
2026-04-07 13:40:20,963 INFO src.train.trainer: Last model at epoch 1199 saved to checkpoints/etas_kernel_cb_hab4_20260407/last_model_1.pth
2026-04-07 13:40:20,963 INFO src.train.trainer: Epoch 1200
2026-04-07 13:40:21,021 INFO src.train.trainer: New best validation loss: -5.7800, saved to checkpoints/etas_kernel_cb_hab4_20260407/best_model_1.pth
2026-04-07 13:40:21,023 INFO src.train.trainer: Last model at epoch 1200 saved to checkpoints/etas_kernel_cb_hab4_20260407/last_model_1.pth
2026-04-07 13:40:21,023 INFO src.train.trainer: Epoch 1201
2026-04-07 13:40:21,081 INFO src.train.trainer: New best validation loss: -5.7801, saved to checkpoints/etas_kernel_cb_hab4_20260407/best_model_1.pth
2026-04-07 13:40:21,083 INFO src.train.trainer: Last model at epoch 1201 saved to checkpoints/etas_kernel_cb_hab4_20260407/last_model_1.pth
2026-04-07 13:40:21,083 INFO src.train.trainer: Epoch 1202
2026-04-07 13:40:21,143 INFO src.train.trainer: New best validation loss: -5.7802, saved to checkpoints/etas_kernel_cb_hab4_20260407/best_model_1.pth
2026-04-07 13:40:21,144 INFO src.train.trainer: Last model at epoch 1202 saved to checkpoints/etas_kernel_cb_hab4_20260407/last_model_1.pth
2026-04-07 13:40:21,145 INFO src.train.trainer: Epoch 1203
2026-04-07 13:40:21,203 INFO src.train.trainer: New best validation loss: -5.7803, saved to checkpoints/etas_kernel_cb_hab4_20260407/best_model_1.pth
2026-04-07 13:40:21,205 INFO src.train.trainer: Last model at epoch 1203 saved to checkpoints/etas_kernel_cb_hab4_20260407/last_model_1.pth
2026-04-07 13:40:21,205 INFO src.train.trainer: Epoch 1204
2026-04-07 13:40:21,268 INFO src.train.trainer: New best validation loss: -5.7804, saved to checkpoints/etas_kernel_cb_hab4_20260407/best_model_1.pth
2026-04-07 13:40:21,270 INFO src.train.trainer: Last model at epoch 1204 saved to checkpoints/etas_kernel_cb_hab4_20260407/last_model_1.pth
2026-04-07 13:40:21,270 INFO src.train.trainer: Epoch 1205
2026-04-07 13:40:21,333 INFO src.train.trainer: New best validation loss: -5.7805, saved to checkpoints/etas_kernel_cb_hab4_20260407/best_model_1.pth
2026-04-07 13:40:21,335 INFO src.train.trainer: Last model at epoch 1205 saved to checkpoints/etas_kernel_cb_hab4_20260407/last_model_1.pth
2026-04-07 13:40:21,335 INFO src.train.trainer: Epoch 1206
2026-04-07 13:40:21,399 INFO src.train.trainer: New best validation loss: -5.7806, saved to checkpoints/etas_kernel_cb_hab4_20260407/best_model_1.pth
2026-04-07 13:40:21,401 INFO src.train.trainer: Last model at epoch 1206 saved to checkpoints/etas_kernel_cb_hab4_20260407/last_model_1.pth
2026-04-07 13:40:21,401 INFO src.train.trainer: Epoch 1207
2026-04-07 13:40:21,468 INFO src.train.trainer: New best validation loss: -5.7807, saved to checkpoints/etas_kernel_cb_hab4_20260407/best_model_1.pth
2026-04-07 13:40:21,470 INFO src.train.trainer: Last model at epoch 1207 saved to checkpoints/etas_kernel_cb_hab4_20260407/last_model_1.pth
2026-04-07 13:40:21,470 INFO src.train.trainer: Epoch 1208
2026-04-07 13:40:21,536 INFO src.train.trainer: New best validation loss: -5.7808, saved to checkpoints/etas_kernel_cb_hab4_20260407/best_model_1.pth
2026-04-07 13:40:21,539 INFO src.train.trainer: Last model at epoch 1208 saved to checkpoints/etas_kernel_cb_hab4_20260407/last_model_1.pth
2026-04-07 13:40:21,539 INFO src.train.trainer: Epoch 1209
2026-04-07 13:40:21,605 INFO src.train.trainer: New best validation loss: -5.7809, saved to checkpoints/etas_kernel_cb_hab4_20260407/best_model_1.pth
2026-04-07 13:40:21,607 INFO src.train.trainer: Last model at epoch 1209 saved to checkpoints/etas_kernel_cb_hab4_20260407/last_model_1.pth
2026-04-07 13:40:21,607 INFO src.train.trainer: Epoch 1210
2026-04-07 13:40:21,677 INFO src.train.trainer: New best validation loss: -5.7809, saved to checkpoints/etas_kernel_cb_hab4_20260407/best_model_1.pth
2026-04-07 13:40:21,679 INFO src.train.trainer: Last model at epoch 1210 saved to checkpoints/etas_kernel_cb_hab4_20260407/last_model_1.pth
2026-04-07 13:40:21,679 INFO src.train.trainer: Epoch 1211
2026-04-07 13:40:21,744 INFO src.train.trainer: New best validation loss: -5.7810, saved to checkpoints/etas_kernel_cb_hab4_20260407/best_model_1.pth
2026-04-07 13:40:21,746 INFO src.train.trainer: Last model at epoch 1211 saved to checkpoints/etas_kernel_cb_hab4_20260407/last_model_1.pth
2026-04-07 13:40:21,746 INFO src.train.trainer: Epoch 1212
2026-04-07 13:40:21,811 INFO src.train.trainer: New best validation loss: -5.7811, saved to checkpoints/etas_kernel_cb_hab4_20260407/best_model_1.pth
2026-04-07 13:40:21,813 INFO src.train.trainer: Last model at epoch 1212 saved to checkpoints/etas_kernel_cb_hab4_20260407/last_model_1.pth
2026-04-07 13:40:21,813 INFO src.train.trainer: Epoch 1213
2026-04-07 13:40:21,877 INFO src.train.trainer: New best validation loss: -5.7812, saved to checkpoints/etas_kernel_cb_hab4_20260407/best_model_1.pth
2026-04-07 13:40:21,879 INFO src.train.trainer: Last model at epoch 1213 saved to checkpoints/etas_kernel_cb_hab4_20260407/last_model_1.pth
2026-04-07 13:40:21,879 INFO src.train.trainer: Epoch 1214
2026-04-07 13:40:21,939 INFO src.train.trainer: New best validation loss: -5.7813, saved to checkpoints/etas_kernel_cb_hab4_20260407/best_model_1.pth
2026-04-07 13:40:21,941 INFO src.train.trainer: Last model at epoch 1214 saved to checkpoints/etas_kernel_cb_hab4_20260407/last_model_1.pth
2026-04-07 13:40:21,941 INFO src.train.trainer: Epoch 1215
2026-04-07 13:40:21,997 INFO src.train.trainer: New best validation loss: -5.7814, saved to checkpoints/etas_kernel_cb_hab4_20260407/best_model_1.pth
2026-04-07 13:40:22,000 INFO src.train.trainer: Last model at epoch 1215 saved to checkpoints/etas_kernel_cb_hab4_20260407/last_model_1.pth
2026-04-07 13:40:22,000 INFO src.train.trainer: Epoch 1216
2026-04-07 13:40:22,055 INFO src.train.trainer: New best validation loss: -5.7815, saved to checkpoints/etas_kernel_cb_hab4_20260407/best_model_1.pth
2026-04-07 13:40:22,057 INFO src.train.trainer: Last model at epoch 1216 saved to checkpoints/etas_kernel_cb_hab4_20260407/last_model_1.pth
2026-04-07 13:40:22,057 INFO src.train.trainer: Epoch 1217
2026-04-07 13:40:22,106 INFO src.train.trainer: New best validation loss: -5.7816, saved to checkpoints/etas_kernel_cb_hab4_20260407/best_model_1.pth
2026-04-07 13:40:22,107 INFO src.train.trainer: Last model at epoch 1217 saved to checkpoints/etas_kernel_cb_hab4_20260407/last_model_1.pth
2026-04-07 13:40:22,107 INFO src.train.trainer: Epoch 1218
2026-04-07 13:40:22,152 INFO src.train.trainer: New best validation loss: -5.7817, saved to checkpoints/etas_kernel_cb_hab4_20260407/best_model_1.pth
2026-04-07 13:40:22,154 INFO src.train.trainer: Last model at epoch 1218 saved to checkpoints/etas_kernel_cb_hab4_20260407/last_model_1.pth
2026-04-07 13:40:22,154 INFO src.train.trainer: Epoch 1219
2026-04-07 13:40:22,202 INFO src.train.trainer: New best validation loss: -5.7818, saved to checkpoints/etas_kernel_cb_hab4_20260407/best_model_1.pth
2026-04-07 13:40:22,204 INFO src.train.trainer: Last model at epoch 1219 saved to checkpoints/etas_kernel_cb_hab4_20260407/last_model_1.pth
2026-04-07 13:40:22,204 INFO src.train.trainer: Epoch 1220
2026-04-07 13:40:22,248 INFO src.train.trainer: New best validation loss: -5.7819, saved to checkpoints/etas_kernel_cb_hab4_20260407/best_model_1.pth
2026-04-07 13:40:22,250 INFO src.train.trainer: Last model at epoch 1220 saved to checkpoints/etas_kernel_cb_hab4_20260407/last_model_1.pth
2026-04-07 13:40:22,250 INFO src.train.trainer: Epoch 1221
2026-04-07 13:40:22,294 INFO src.train.trainer: New best validation loss: -5.7820, saved to checkpoints/etas_kernel_cb_hab4_20260407/best_model_1.pth
2026-04-07 13:40:22,296 INFO src.train.trainer: Last model at epoch 1221 saved to checkpoints/etas_kernel_cb_hab4_20260407/last_model_1.pth
2026-04-07 13:40:22,296 INFO src.train.trainer: Epoch 1222
2026-04-07 13:40:22,339 INFO src.train.trainer: New best validation loss: -5.7821, saved to checkpoints/etas_kernel_cb_hab4_20260407/best_model_1.pth
2026-04-07 13:40:22,341 INFO src.train.trainer: Last model at epoch 1222 saved to checkpoints/etas_kernel_cb_hab4_20260407/last_model_1.pth
2026-04-07 13:40:22,341 INFO src.train.trainer: Epoch 1223
2026-04-07 13:40:22,384 INFO src.train.trainer: New best validation loss: -5.7822, saved to checkpoints/etas_kernel_cb_hab4_20260407/best_model_1.pth
2026-04-07 13:40:22,386 INFO src.train.trainer: Last model at epoch 1223 saved to checkpoints/etas_kernel_cb_hab4_20260407/last_model_1.pth
2026-04-07 13:40:22,386 INFO src.train.trainer: Epoch 1224
2026-04-07 13:40:22,429 INFO src.train.trainer: New best validation loss: -5.7822, saved to checkpoints/etas_kernel_cb_hab4_20260407/best_model_1.pth
2026-04-07 13:40:22,430 INFO src.train.trainer: Last model at epoch 1224 saved to checkpoints/etas_kernel_cb_hab4_20260407/last_model_1.pth
2026-04-07 13:40:22,430 INFO src.train.trainer: Epoch 1225
2026-04-07 13:40:22,482 INFO src.train.trainer: New best validation loss: -5.7823, saved to checkpoints/etas_kernel_cb_hab4_20260407/best_model_1.pth
2026-04-07 13:40:22,484 INFO src.train.trainer: Last model at epoch 1225 saved to checkpoints/etas_kernel_cb_hab4_20260407/last_model_1.pth
2026-04-07 13:40:22,484 INFO src.train.trainer: Epoch 1226
2026-04-07 13:40:22,528 INFO src.train.trainer: New best validation loss: -5.7824, saved to checkpoints/etas_kernel_cb_hab4_20260407/best_model_1.pth
2026-04-07 13:40:22,530 INFO src.train.trainer: Last model at epoch 1226 saved to checkpoints/etas_kernel_cb_hab4_20260407/last_model_1.pth
2026-04-07 13:40:22,530 INFO src.train.trainer: Epoch 1227
2026-04-07 13:40:22,574 INFO src.train.trainer: New best validation loss: -5.7825, saved to checkpoints/etas_kernel_cb_hab4_20260407/best_model_1.pth
2026-04-07 13:40:22,575 INFO src.train.trainer: Last model at epoch 1227 saved to checkpoints/etas_kernel_cb_hab4_20260407/last_model_1.pth
2026-04-07 13:40:22,575 INFO src.train.trainer: Epoch 1228
2026-04-07 13:40:22,634 INFO src.train.trainer: New best validation loss: -5.7826, saved to checkpoints/etas_kernel_cb_hab4_20260407/best_model_1.pth
2026-04-07 13:40:22,636 INFO src.train.trainer: Last model at epoch 1228 saved to checkpoints/etas_kernel_cb_hab4_20260407/last_model_1.pth
2026-04-07 13:40:22,636 INFO src.train.trainer: Epoch 1229
2026-04-07 13:40:22,683 INFO src.train.trainer: New best validation loss: -5.7827, saved to checkpoints/etas_kernel_cb_hab4_20260407/best_model_1.pth
2026-04-07 13:40:22,685 INFO src.train.trainer: Last model at epoch 1229 saved to checkpoints/etas_kernel_cb_hab4_20260407/last_model_1.pth
2026-04-07 13:40:22,685 INFO src.train.trainer: Epoch 1230
2026-04-07 13:40:22,732 INFO src.train.trainer: New best validation loss: -5.7828, saved to checkpoints/etas_kernel_cb_hab4_20260407/best_model_1.pth
2026-04-07 13:40:22,734 INFO src.train.trainer: Last model at epoch 1230 saved to checkpoints/etas_kernel_cb_hab4_20260407/last_model_1.pth
2026-04-07 13:40:22,734 INFO src.train.trainer: Epoch 1231
2026-04-07 13:40:22,783 INFO src.train.trainer: New best validation loss: -5.7829, saved to checkpoints/etas_kernel_cb_hab4_20260407/best_model_1.pth
2026-04-07 13:40:22,785 INFO src.train.trainer: Last model at epoch 1231 saved to checkpoints/etas_kernel_cb_hab4_20260407/last_model_1.pth
2026-04-07 13:40:22,785 INFO src.train.trainer: Epoch 1232
2026-04-07 13:40:22,835 INFO src.train.trainer: New best validation loss: -5.7830, saved to checkpoints/etas_kernel_cb_hab4_20260407/best_model_1.pth
2026-04-07 13:40:22,838 INFO src.train.trainer: Last model at epoch 1232 saved to checkpoints/etas_kernel_cb_hab4_20260407/last_model_1.pth
2026-04-07 13:40:22,838 INFO src.train.trainer: Epoch 1233
2026-04-07 13:40:22,889 INFO src.train.trainer: New best validation loss: -5.7831, saved to checkpoints/etas_kernel_cb_hab4_20260407/best_model_1.pth
2026-04-07 13:40:22,890 INFO src.train.trainer: Last model at epoch 1233 saved to checkpoints/etas_kernel_cb_hab4_20260407/last_model_1.pth
2026-04-07 13:40:22,890 INFO src.train.trainer: Epoch 1234
2026-04-07 13:40:22,942 INFO src.train.trainer: New best validation loss: -5.7832, saved to checkpoints/etas_kernel_cb_hab4_20260407/best_model_1.pth
2026-04-07 13:40:22,944 INFO src.train.trainer: Last model at epoch 1234 saved to checkpoints/etas_kernel_cb_hab4_20260407/last_model_1.pth
2026-04-07 13:40:22,944 INFO src.train.trainer: Epoch 1235
2026-04-07 13:40:22,997 INFO src.train.trainer: New best validation loss: -5.7833, saved to checkpoints/etas_kernel_cb_hab4_20260407/best_model_1.pth
2026-04-07 13:40:22,999 INFO src.train.trainer: Last model at epoch 1235 saved to checkpoints/etas_kernel_cb_hab4_20260407/last_model_1.pth
2026-04-07 13:40:22,999 INFO src.train.trainer: Epoch 1236
2026-04-07 13:40:23,107 INFO src.train.trainer: New best validation loss: -5.7833, saved to checkpoints/etas_kernel_cb_hab4_20260407/best_model_1.pth
2026-04-07 13:40:23,109 INFO src.train.trainer: Last model at epoch 1236 saved to checkpoints/etas_kernel_cb_hab4_20260407/last_model_1.pth
2026-04-07 13:40:23,109 INFO src.train.trainer: Epoch 1237
2026-04-07 13:40:23,159 INFO src.train.trainer: New best validation loss: -5.7834, saved to checkpoints/etas_kernel_cb_hab4_20260407/best_model_1.pth
2026-04-07 13:40:23,161 INFO src.train.trainer: Last model at epoch 1237 saved to checkpoints/etas_kernel_cb_hab4_20260407/last_model_1.pth
2026-04-07 13:40:23,161 INFO src.train.trainer: Epoch 1238
2026-04-07 13:40:23,215 INFO src.train.trainer: New best validation loss: -5.7835, saved to checkpoints/etas_kernel_cb_hab4_20260407/best_model_1.pth
2026-04-07 13:40:23,217 INFO src.train.trainer: Last model at epoch 1238 saved to checkpoints/etas_kernel_cb_hab4_20260407/last_model_1.pth
2026-04-07 13:40:23,217 INFO src.train.trainer: Epoch 1239
2026-04-07 13:40:23,273 INFO src.train.trainer: New best validation loss: -5.7836, saved to checkpoints/etas_kernel_cb_hab4_20260407/best_model_1.pth
2026-04-07 13:40:23,276 INFO src.train.trainer: Last model at epoch 1239 saved to checkpoints/etas_kernel_cb_hab4_20260407/last_model_1.pth
2026-04-07 13:40:23,276 INFO src.train.trainer: Epoch 1240
2026-04-07 13:40:23,337 INFO src.train.trainer: New best validation loss: -5.7837, saved to checkpoints/etas_kernel_cb_hab4_20260407/best_model_1.pth
2026-04-07 13:40:23,339 INFO src.train.trainer: Last model at epoch 1240 saved to checkpoints/etas_kernel_cb_hab4_20260407/last_model_1.pth
2026-04-07 13:40:23,339 INFO src.train.trainer: Epoch 1241
2026-04-07 13:40:23,390 INFO src.train.trainer: New best validation loss: -5.7838, saved to checkpoints/etas_kernel_cb_hab4_20260407/best_model_1.pth
2026-04-07 13:40:23,392 INFO src.train.trainer: Last model at epoch 1241 saved to checkpoints/etas_kernel_cb_hab4_20260407/last_model_1.pth
2026-04-07 13:40:23,392 INFO src.train.trainer: Epoch 1242
2026-04-07 13:40:23,450 INFO src.train.trainer: New best validation loss: -5.7839, saved to checkpoints/etas_kernel_cb_hab4_20260407/best_model_1.pth
2026-04-07 13:40:23,452 INFO src.train.trainer: Last model at epoch 1242 saved to checkpoints/etas_kernel_cb_hab4_20260407/last_model_1.pth
2026-04-07 13:40:23,452 INFO src.train.trainer: Epoch 1243
2026-04-07 13:40:23,511 INFO src.train.trainer: New best validation loss: -5.7840, saved to checkpoints/etas_kernel_cb_hab4_20260407/best_model_1.pth
2026-04-07 13:40:23,513 INFO src.train.trainer: Last model at epoch 1243 saved to checkpoints/etas_kernel_cb_hab4_20260407/last_model_1.pth
2026-04-07 13:40:23,513 INFO src.train.trainer: Epoch 1244
2026-04-07 13:40:23,574 INFO src.train.trainer: New best validation loss: -5.7841, saved to checkpoints/etas_kernel_cb_hab4_20260407/best_model_1.pth
2026-04-07 13:40:23,576 INFO src.train.trainer: Last model at epoch 1244 saved to checkpoints/etas_kernel_cb_hab4_20260407/last_model_1.pth
2026-04-07 13:40:23,576 INFO src.train.trainer: Epoch 1245
2026-04-07 13:40:23,637 INFO src.train.trainer: New best validation loss: -5.7842, saved to checkpoints/etas_kernel_cb_hab4_20260407/best_model_1.pth
2026-04-07 13:40:23,638 INFO src.train.trainer: Last model at epoch 1245 saved to checkpoints/etas_kernel_cb_hab4_20260407/last_model_1.pth
2026-04-07 13:40:23,639 INFO src.train.trainer: Epoch 1246
2026-04-07 13:40:23,699 INFO src.train.trainer: New best validation loss: -5.7843, saved to checkpoints/etas_kernel_cb_hab4_20260407/best_model_1.pth
2026-04-07 13:40:23,701 INFO src.train.trainer: Last model at epoch 1246 saved to checkpoints/etas_kernel_cb_hab4_20260407/last_model_1.pth
2026-04-07 13:40:23,701 INFO src.train.trainer: Epoch 1247
2026-04-07 13:40:23,762 INFO src.train.trainer: New best validation loss: -5.7844, saved to checkpoints/etas_kernel_cb_hab4_20260407/best_model_1.pth
2026-04-07 13:40:23,764 INFO src.train.trainer: Last model at epoch 1247 saved to checkpoints/etas_kernel_cb_hab4_20260407/last_model_1.pth
2026-04-07 13:40:23,764 INFO src.train.trainer: Epoch 1248
2026-04-07 13:40:23,829 INFO src.train.trainer: New best validation loss: -5.7844, saved to checkpoints/etas_kernel_cb_hab4_20260407/best_model_1.pth
2026-04-07 13:40:23,831 INFO src.train.trainer: Last model at epoch 1248 saved to checkpoints/etas_kernel_cb_hab4_20260407/last_model_1.pth
2026-04-07 13:40:23,831 INFO src.train.trainer: Epoch 1249
2026-04-07 13:40:23,891 INFO src.train.trainer: New best validation loss: -5.7845, saved to checkpoints/etas_kernel_cb_hab4_20260407/best_model_1.pth
2026-04-07 13:40:23,893 INFO src.train.trainer: Last model at epoch 1249 saved to checkpoints/etas_kernel_cb_hab4_20260407/last_model_1.pth
2026-04-07 13:40:23,893 INFO src.train.trainer: Epoch 1250
2026-04-07 13:40:23,960 INFO src.train.trainer: New best validation loss: -5.7846, saved to checkpoints/etas_kernel_cb_hab4_20260407/best_model_1.pth
2026-04-07 13:40:23,961 INFO src.train.trainer: Last model at epoch 1250 saved to checkpoints/etas_kernel_cb_hab4_20260407/last_model_1.pth
2026-04-07 13:40:23,961 INFO src.train.trainer: Epoch 1251
2026-04-07 13:40:24,020 INFO src.train.trainer: New best validation loss: -5.7847, saved to checkpoints/etas_kernel_cb_hab4_20260407/best_model_1.pth
2026-04-07 13:40:24,022 INFO src.train.trainer: Last model at epoch 1251 saved to checkpoints/etas_kernel_cb_hab4_20260407/last_model_1.pth
2026-04-07 13:40:24,022 INFO src.train.trainer: Epoch 1252
2026-04-07 13:40:24,081 INFO src.train.trainer: New best validation loss: -5.7848, saved to checkpoints/etas_kernel_cb_hab4_20260407/best_model_1.pth
2026-04-07 13:40:24,083 INFO src.train.trainer: Last model at epoch 1252 saved to checkpoints/etas_kernel_cb_hab4_20260407/last_model_1.pth
2026-04-07 13:40:24,083 INFO src.train.trainer: Epoch 1253
2026-04-07 13:40:24,144 INFO src.train.trainer: New best validation loss: -5.7849, saved to checkpoints/etas_kernel_cb_hab4_20260407/best_model_1.pth
2026-04-07 13:40:24,145 INFO src.train.trainer: Last model at epoch 1253 saved to checkpoints/etas_kernel_cb_hab4_20260407/last_model_1.pth
2026-04-07 13:40:24,146 INFO src.train.trainer: Epoch 1254
2026-04-07 13:40:24,205 INFO src.train.trainer: New best validation loss: -5.7850, saved to checkpoints/etas_kernel_cb_hab4_20260407/best_model_1.pth
2026-04-07 13:40:24,207 INFO src.train.trainer: Last model at epoch 1254 saved to checkpoints/etas_kernel_cb_hab4_20260407/last_model_1.pth
2026-04-07 13:40:24,207 INFO src.train.trainer: Epoch 1255
2026-04-07 13:40:24,271 INFO src.train.trainer: New best validation loss: -5.7851, saved to checkpoints/etas_kernel_cb_hab4_20260407/best_model_1.pth
2026-04-07 13:40:24,273 INFO src.train.trainer: Last model at epoch 1255 saved to checkpoints/etas_kernel_cb_hab4_20260407/last_model_1.pth
2026-04-07 13:40:24,273 INFO src.train.trainer: Epoch 1256
2026-04-07 13:40:24,335 INFO src.train.trainer: New best validation loss: -5.7852, saved to checkpoints/etas_kernel_cb_hab4_20260407/best_model_1.pth
2026-04-07 13:40:24,338 INFO src.train.trainer: Last model at epoch 1256 saved to checkpoints/etas_kernel_cb_hab4_20260407/last_model_1.pth
2026-04-07 13:40:24,338 INFO src.train.trainer: Epoch 1257
2026-04-07 13:40:24,406 INFO src.train.trainer: New best validation loss: -5.7853, saved to checkpoints/etas_kernel_cb_hab4_20260407/best_model_1.pth
2026-04-07 13:40:24,408 INFO src.train.trainer: Last model at epoch 1257 saved to checkpoints/etas_kernel_cb_hab4_20260407/last_model_1.pth
2026-04-07 13:40:24,408 INFO src.train.trainer: Epoch 1258
2026-04-07 13:40:24,473 INFO src.train.trainer: New best validation loss: -5.7854, saved to checkpoints/etas_kernel_cb_hab4_20260407/best_model_1.pth
2026-04-07 13:40:24,475 INFO src.train.trainer: Last model at epoch 1258 saved to checkpoints/etas_kernel_cb_hab4_20260407/last_model_1.pth
2026-04-07 13:40:24,475 INFO src.train.trainer: Epoch 1259
2026-04-07 13:40:24,540 INFO src.train.trainer: New best validation loss: -5.7855, saved to checkpoints/etas_kernel_cb_hab4_20260407/best_model_1.pth
2026-04-07 13:40:24,543 INFO src.train.trainer: Last model at epoch 1259 saved to checkpoints/etas_kernel_cb_hab4_20260407/last_model_1.pth
2026-04-07 13:40:24,543 INFO src.train.trainer: Epoch 1260
2026-04-07 13:40:24,607 INFO src.train.trainer: New best validation loss: -5.7855, saved to checkpoints/etas_kernel_cb_hab4_20260407/best_model_1.pth
2026-04-07 13:40:24,609 INFO src.train.trainer: Last model at epoch 1260 saved to checkpoints/etas_kernel_cb_hab4_20260407/last_model_1.pth
2026-04-07 13:40:24,609 INFO src.train.trainer: Epoch 1261
2026-04-07 13:40:24,675 INFO src.train.trainer: New best validation loss: -5.7856, saved to checkpoints/etas_kernel_cb_hab4_20260407/best_model_1.pth
2026-04-07 13:40:24,677 INFO src.train.trainer: Last model at epoch 1261 saved to checkpoints/etas_kernel_cb_hab4_20260407/last_model_1.pth
2026-04-07 13:40:24,677 INFO src.train.trainer: Epoch 1262
2026-04-07 13:40:24,744 INFO src.train.trainer: New best validation loss: -5.7857, saved to checkpoints/etas_kernel_cb_hab4_20260407/best_model_1.pth
2026-04-07 13:40:24,746 INFO src.train.trainer: Last model at epoch 1262 saved to checkpoints/etas_kernel_cb_hab4_20260407/last_model_1.pth
2026-04-07 13:40:24,746 INFO src.train.trainer: Epoch 1263
2026-04-07 13:40:24,813 INFO src.train.trainer: New best validation loss: -5.7858, saved to checkpoints/etas_kernel_cb_hab4_20260407/best_model_1.pth
2026-04-07 13:40:24,815 INFO src.train.trainer: Last model at epoch 1263 saved to checkpoints/etas_kernel_cb_hab4_20260407/last_model_1.pth
2026-04-07 13:40:24,815 INFO src.train.trainer: Epoch 1264
2026-04-07 13:40:24,881 INFO src.train.trainer: New best validation loss: -5.7859, saved to checkpoints/etas_kernel_cb_hab4_20260407/best_model_1.pth
2026-04-07 13:40:24,884 INFO src.train.trainer: Last model at epoch 1264 saved to checkpoints/etas_kernel_cb_hab4_20260407/last_model_1.pth
2026-04-07 13:40:24,884 INFO src.train.trainer: Epoch 1265
2026-04-07 13:40:24,949 INFO src.train.trainer: New best validation loss: -5.7860, saved to checkpoints/etas_kernel_cb_hab4_20260407/best_model_1.pth
2026-04-07 13:40:24,951 INFO src.train.trainer: Last model at epoch 1265 saved to checkpoints/etas_kernel_cb_hab4_20260407/last_model_1.pth
2026-04-07 13:40:24,952 INFO src.train.trainer: Epoch 1266
2026-04-07 13:40:25,018 INFO src.train.trainer: New best validation loss: -5.7861, saved to checkpoints/etas_kernel_cb_hab4_20260407/best_model_1.pth
2026-04-07 13:40:25,020 INFO src.train.trainer: Last model at epoch 1266 saved to checkpoints/etas_kernel_cb_hab4_20260407/last_model_1.pth
2026-04-07 13:40:25,020 INFO src.train.trainer: Epoch 1267
2026-04-07 13:40:25,089 INFO src.train.trainer: New best validation loss: -5.7862, saved to checkpoints/etas_kernel_cb_hab4_20260407/best_model_1.pth
2026-04-07 13:40:25,091 INFO src.train.trainer: Last model at epoch 1267 saved to checkpoints/etas_kernel_cb_hab4_20260407/last_model_1.pth
2026-04-07 13:40:25,091 INFO src.train.trainer: Epoch 1268
2026-04-07 13:40:25,158 INFO src.train.trainer: New best validation loss: -5.7863, saved to checkpoints/etas_kernel_cb_hab4_20260407/best_model_1.pth
2026-04-07 13:40:25,160 INFO src.train.trainer: Last model at epoch 1268 saved to checkpoints/etas_kernel_cb_hab4_20260407/last_model_1.pth
2026-04-07 13:40:25,160 INFO src.train.trainer: Epoch 1269
2026-04-07 13:40:25,226 INFO src.train.trainer: New best validation loss: -5.7864, saved to checkpoints/etas_kernel_cb_hab4_20260407/best_model_1.pth
2026-04-07 13:40:25,228 INFO src.train.trainer: Last model at epoch 1269 saved to checkpoints/etas_kernel_cb_hab4_20260407/last_model_1.pth
2026-04-07 13:40:25,228 INFO src.train.trainer: Epoch 1270
2026-04-07 13:40:25,295 INFO src.train.trainer: New best validation loss: -5.7864, saved to checkpoints/etas_kernel_cb_hab4_20260407/best_model_1.pth
2026-04-07 13:40:25,297 INFO src.train.trainer: Last model at epoch 1270 saved to checkpoints/etas_kernel_cb_hab4_20260407/last_model_1.pth
2026-04-07 13:40:25,297 INFO src.train.trainer: Epoch 1271
2026-04-07 13:40:25,368 INFO src.train.trainer: New best validation loss: -5.7865, saved to checkpoints/etas_kernel_cb_hab4_20260407/best_model_1.pth
2026-04-07 13:40:25,370 INFO src.train.trainer: Last model at epoch 1271 saved to checkpoints/etas_kernel_cb_hab4_20260407/last_model_1.pth
2026-04-07 13:40:25,370 INFO src.train.trainer: Epoch 1272
2026-04-07 13:40:25,431 INFO src.train.trainer: New best validation loss: -5.7866, saved to checkpoints/etas_kernel_cb_hab4_20260407/best_model_1.pth
2026-04-07 13:40:25,433 INFO src.train.trainer: Last model at epoch 1272 saved to checkpoints/etas_kernel_cb_hab4_20260407/last_model_1.pth
2026-04-07 13:40:25,433 INFO src.train.trainer: Epoch 1273
2026-04-07 13:40:25,494 INFO src.train.trainer: New best validation loss: -5.7867, saved to checkpoints/etas_kernel_cb_hab4_20260407/best_model_1.pth
2026-04-07 13:40:25,496 INFO src.train.trainer: Last model at epoch 1273 saved to checkpoints/etas_kernel_cb_hab4_20260407/last_model_1.pth
2026-04-07 13:40:25,496 INFO src.train.trainer: Epoch 1274
2026-04-07 13:40:25,540 INFO src.train.trainer: New best validation loss: -5.7868, saved to checkpoints/etas_kernel_cb_hab4_20260407/best_model_1.pth
2026-04-07 13:40:25,541 INFO src.train.trainer: Last model at epoch 1274 saved to checkpoints/etas_kernel_cb_hab4_20260407/last_model_1.pth
2026-04-07 13:40:25,541 INFO src.train.trainer: Epoch 1275
2026-04-07 13:40:25,598 INFO src.train.trainer: New best validation loss: -5.7869, saved to checkpoints/etas_kernel_cb_hab4_20260407/best_model_1.pth
2026-04-07 13:40:25,600 INFO src.train.trainer: Last model at epoch 1275 saved to checkpoints/etas_kernel_cb_hab4_20260407/last_model_1.pth
2026-04-07 13:40:25,600 INFO src.train.trainer: Epoch 1276
2026-04-07 13:40:25,657 INFO src.train.trainer: New best validation loss: -5.7870, saved to checkpoints/etas_kernel_cb_hab4_20260407/best_model_1.pth
2026-04-07 13:40:25,659 INFO src.train.trainer: Last model at epoch 1276 saved to checkpoints/etas_kernel_cb_hab4_20260407/last_model_1.pth
2026-04-07 13:40:25,659 INFO src.train.trainer: Epoch 1277
2026-04-07 13:40:25,724 INFO src.train.trainer: New best validation loss: -5.7871, saved to checkpoints/etas_kernel_cb_hab4_20260407/best_model_1.pth
2026-04-07 13:40:25,726 INFO src.train.trainer: Last model at epoch 1277 saved to checkpoints/etas_kernel_cb_hab4_20260407/last_model_1.pth
2026-04-07 13:40:25,726 INFO src.train.trainer: Epoch 1278
2026-04-07 13:40:25,792 INFO src.train.trainer: New best validation loss: -5.7872, saved to checkpoints/etas_kernel_cb_hab4_20260407/best_model_1.pth
2026-04-07 13:40:25,794 INFO src.train.trainer: Last model at epoch 1278 saved to checkpoints/etas_kernel_cb_hab4_20260407/last_model_1.pth
2026-04-07 13:40:25,794 INFO src.train.trainer: Epoch 1279
2026-04-07 13:40:25,849 INFO src.train.trainer: New best validation loss: -5.7873, saved to checkpoints/etas_kernel_cb_hab4_20260407/best_model_1.pth
2026-04-07 13:40:25,851 INFO src.train.trainer: Last model at epoch 1279 saved to checkpoints/etas_kernel_cb_hab4_20260407/last_model_1.pth
2026-04-07 13:40:25,851 INFO src.train.trainer: Epoch 1280
2026-04-07 13:40:25,907 INFO src.train.trainer: New best validation loss: -5.7873, saved to checkpoints/etas_kernel_cb_hab4_20260407/best_model_1.pth
2026-04-07 13:40:25,909 INFO src.train.trainer: Last model at epoch 1280 saved to checkpoints/etas_kernel_cb_hab4_20260407/last_model_1.pth
2026-04-07 13:40:25,909 INFO src.train.trainer: Epoch 1281
2026-04-07 13:40:25,965 INFO src.train.trainer: New best validation loss: -5.7874, saved to checkpoints/etas_kernel_cb_hab4_20260407/best_model_1.pth
2026-04-07 13:40:25,967 INFO src.train.trainer: Last model at epoch 1281 saved to checkpoints/etas_kernel_cb_hab4_20260407/last_model_1.pth
2026-04-07 13:40:25,967 INFO src.train.trainer: Epoch 1282
2026-04-07 13:40:26,025 INFO src.train.trainer: New best validation loss: -5.7875, saved to checkpoints/etas_kernel_cb_hab4_20260407/best_model_1.pth
2026-04-07 13:40:26,027 INFO src.train.trainer: Last model at epoch 1282 saved to checkpoints/etas_kernel_cb_hab4_20260407/last_model_1.pth
2026-04-07 13:40:26,027 INFO src.train.trainer: Epoch 1283
2026-04-07 13:40:26,088 INFO src.train.trainer: New best validation loss: -5.7876, saved to checkpoints/etas_kernel_cb_hab4_20260407/best_model_1.pth
2026-04-07 13:40:26,090 INFO src.train.trainer: Last model at epoch 1283 saved to checkpoints/etas_kernel_cb_hab4_20260407/last_model_1.pth
2026-04-07 13:40:26,090 INFO src.train.trainer: Epoch 1284
2026-04-07 13:40:26,152 INFO src.train.trainer: New best validation loss: -5.7877, saved to checkpoints/etas_kernel_cb_hab4_20260407/best_model_1.pth
2026-04-07 13:40:26,154 INFO src.train.trainer: Last model at epoch 1284 saved to checkpoints/etas_kernel_cb_hab4_20260407/last_model_1.pth
2026-04-07 13:40:26,154 INFO src.train.trainer: Epoch 1285
2026-04-07 13:40:26,217 INFO src.train.trainer: New best validation loss: -5.7878, saved to checkpoints/etas_kernel_cb_hab4_20260407/best_model_1.pth
2026-04-07 13:40:26,219 INFO src.train.trainer: Last model at epoch 1285 saved to checkpoints/etas_kernel_cb_hab4_20260407/last_model_1.pth
2026-04-07 13:40:26,219 INFO src.train.trainer: Epoch 1286
2026-04-07 13:40:26,280 INFO src.train.trainer: New best validation loss: -5.7879, saved to checkpoints/etas_kernel_cb_hab4_20260407/best_model_1.pth
2026-04-07 13:40:26,282 INFO src.train.trainer: Last model at epoch 1286 saved to checkpoints/etas_kernel_cb_hab4_20260407/last_model_1.pth
2026-04-07 13:40:26,282 INFO src.train.trainer: Epoch 1287
2026-04-07 13:40:26,348 INFO src.train.trainer: New best validation loss: -5.7880, saved to checkpoints/etas_kernel_cb_hab4_20260407/best_model_1.pth
2026-04-07 13:40:26,350 INFO src.train.trainer: Last model at epoch 1287 saved to checkpoints/etas_kernel_cb_hab4_20260407/last_model_1.pth
2026-04-07 13:40:26,350 INFO src.train.trainer: Epoch 1288
2026-04-07 13:40:26,411 INFO src.train.trainer: New best validation loss: -5.7881, saved to checkpoints/etas_kernel_cb_hab4_20260407/best_model_1.pth
2026-04-07 13:40:26,413 INFO src.train.trainer: Last model at epoch 1288 saved to checkpoints/etas_kernel_cb_hab4_20260407/last_model_1.pth
2026-04-07 13:40:26,413 INFO src.train.trainer: Epoch 1289
2026-04-07 13:40:26,477 INFO src.train.trainer: New best validation loss: -5.7882, saved to checkpoints/etas_kernel_cb_hab4_20260407/best_model_1.pth
2026-04-07 13:40:26,479 INFO src.train.trainer: Last model at epoch 1289 saved to checkpoints/etas_kernel_cb_hab4_20260407/last_model_1.pth
2026-04-07 13:40:26,479 INFO src.train.trainer: Epoch 1290
2026-04-07 13:40:26,543 INFO src.train.trainer: New best validation loss: -5.7882, saved to checkpoints/etas_kernel_cb_hab4_20260407/best_model_1.pth
2026-04-07 13:40:26,545 INFO src.train.trainer: Last model at epoch 1290 saved to checkpoints/etas_kernel_cb_hab4_20260407/last_model_1.pth
2026-04-07 13:40:26,546 INFO src.train.trainer: Epoch 1291
2026-04-07 13:40:26,607 INFO src.train.trainer: New best validation loss: -5.7883, saved to checkpoints/etas_kernel_cb_hab4_20260407/best_model_1.pth
2026-04-07 13:40:26,609 INFO src.train.trainer: Last model at epoch 1291 saved to checkpoints/etas_kernel_cb_hab4_20260407/last_model_1.pth
2026-04-07 13:40:26,609 INFO src.train.trainer: Epoch 1292
2026-04-07 13:40:26,673 INFO src.train.trainer: New best validation loss: -5.7884, saved to checkpoints/etas_kernel_cb_hab4_20260407/best_model_1.pth
2026-04-07 13:40:26,675 INFO src.train.trainer: Last model at epoch 1292 saved to checkpoints/etas_kernel_cb_hab4_20260407/last_model_1.pth
2026-04-07 13:40:26,675 INFO src.train.trainer: Epoch 1293
2026-04-07 13:40:26,737 INFO src.train.trainer: New best validation loss: -5.7885, saved to checkpoints/etas_kernel_cb_hab4_20260407/best_model_1.pth
2026-04-07 13:40:26,739 INFO src.train.trainer: Last model at epoch 1293 saved to checkpoints/etas_kernel_cb_hab4_20260407/last_model_1.pth
2026-04-07 13:40:26,739 INFO src.train.trainer: Epoch 1294
2026-04-07 13:40:26,801 INFO src.train.trainer: New best validation loss: -5.7886, saved to checkpoints/etas_kernel_cb_hab4_20260407/best_model_1.pth
2026-04-07 13:40:26,803 INFO src.train.trainer: Last model at epoch 1294 saved to checkpoints/etas_kernel_cb_hab4_20260407/last_model_1.pth
2026-04-07 13:40:26,803 INFO src.train.trainer: Epoch 1295
2026-04-07 13:40:26,865 INFO src.train.trainer: New best validation loss: -5.7887, saved to checkpoints/etas_kernel_cb_hab4_20260407/best_model_1.pth
2026-04-07 13:40:26,867 INFO src.train.trainer: Last model at epoch 1295 saved to checkpoints/etas_kernel_cb_hab4_20260407/last_model_1.pth
2026-04-07 13:40:26,867 INFO src.train.trainer: Epoch 1296
2026-04-07 13:40:26,933 INFO src.train.trainer: New best validation loss: -5.7888, saved to checkpoints/etas_kernel_cb_hab4_20260407/best_model_1.pth
2026-04-07 13:40:26,936 INFO src.train.trainer: Last model at epoch 1296 saved to checkpoints/etas_kernel_cb_hab4_20260407/last_model_1.pth
2026-04-07 13:40:26,936 INFO src.train.trainer: Epoch 1297
2026-04-07 13:40:26,992 INFO src.train.trainer: New best validation loss: -5.7889, saved to checkpoints/etas_kernel_cb_hab4_20260407/best_model_1.pth
2026-04-07 13:40:26,994 INFO src.train.trainer: Last model at epoch 1297 saved to checkpoints/etas_kernel_cb_hab4_20260407/last_model_1.pth
2026-04-07 13:40:26,994 INFO src.train.trainer: Epoch 1298
2026-04-07 13:40:27,038 INFO src.train.trainer: New best validation loss: -5.7890, saved to checkpoints/etas_kernel_cb_hab4_20260407/best_model_1.pth
2026-04-07 13:40:27,040 INFO src.train.trainer: Last model at epoch 1298 saved to checkpoints/etas_kernel_cb_hab4_20260407/last_model_1.pth
2026-04-07 13:40:27,040 INFO src.train.trainer: Epoch 1299
2026-04-07 13:40:27,089 INFO src.train.trainer: New best validation loss: -5.7891, saved to checkpoints/etas_kernel_cb_hab4_20260407/best_model_1.pth
2026-04-07 13:40:27,091 INFO src.train.trainer: Last model at epoch 1299 saved to checkpoints/etas_kernel_cb_hab4_20260407/last_model_1.pth
2026-04-07 13:40:27,091 INFO src.train.trainer: Epoch 1300
2026-04-07 13:40:27,141 INFO src.train.trainer: New best validation loss: -5.7891, saved to checkpoints/etas_kernel_cb_hab4_20260407/best_model_1.pth
2026-04-07 13:40:27,143 INFO src.train.trainer: Last model at epoch 1300 saved to checkpoints/etas_kernel_cb_hab4_20260407/last_model_1.pth
2026-04-07 13:40:27,143 INFO src.train.trainer: Epoch 1301
2026-04-07 13:40:27,201 INFO src.train.trainer: New best validation loss: -5.7892, saved to checkpoints/etas_kernel_cb_hab4_20260407/best_model_1.pth
2026-04-07 13:40:27,203 INFO src.train.trainer: Last model at epoch 1301 saved to checkpoints/etas_kernel_cb_hab4_20260407/last_model_1.pth
2026-04-07 13:40:27,203 INFO src.train.trainer: Epoch 1302
2026-04-07 13:40:27,261 INFO src.train.trainer: New best validation loss: -5.7893, saved to checkpoints/etas_kernel_cb_hab4_20260407/best_model_1.pth
2026-04-07 13:40:27,263 INFO src.train.trainer: Last model at epoch 1302 saved to checkpoints/etas_kernel_cb_hab4_20260407/last_model_1.pth
2026-04-07 13:40:27,263 INFO src.train.trainer: Epoch 1303
2026-04-07 13:40:27,308 INFO src.train.trainer: New best validation loss: -5.7894, saved to checkpoints/etas_kernel_cb_hab4_20260407/best_model_1.pth
2026-04-07 13:40:27,310 INFO src.train.trainer: Last model at epoch 1303 saved to checkpoints/etas_kernel_cb_hab4_20260407/last_model_1.pth
2026-04-07 13:40:27,310 INFO src.train.trainer: Epoch 1304
2026-04-07 13:40:27,356 INFO src.train.trainer: New best validation loss: -5.7895, saved to checkpoints/etas_kernel_cb_hab4_20260407/best_model_1.pth
2026-04-07 13:40:27,358 INFO src.train.trainer: Last model at epoch 1304 saved to checkpoints/etas_kernel_cb_hab4_20260407/last_model_1.pth
2026-04-07 13:40:27,358 INFO src.train.trainer: Epoch 1305
2026-04-07 13:40:27,412 INFO src.train.trainer: New best validation loss: -5.7896, saved to checkpoints/etas_kernel_cb_hab4_20260407/best_model_1.pth
2026-04-07 13:40:27,414 INFO src.train.trainer: Last model at epoch 1305 saved to checkpoints/etas_kernel_cb_hab4_20260407/last_model_1.pth
2026-04-07 13:40:27,414 INFO src.train.trainer: Epoch 1306
2026-04-07 13:40:27,467 INFO src.train.trainer: New best validation loss: -5.7897, saved to checkpoints/etas_kernel_cb_hab4_20260407/best_model_1.pth
2026-04-07 13:40:27,468 INFO src.train.trainer: Last model at epoch 1306 saved to checkpoints/etas_kernel_cb_hab4_20260407/last_model_1.pth
2026-04-07 13:40:27,469 INFO src.train.trainer: Epoch 1307
2026-04-07 13:40:27,521 INFO src.train.trainer: New best validation loss: -5.7898, saved to checkpoints/etas_kernel_cb_hab4_20260407/best_model_1.pth
2026-04-07 13:40:27,523 INFO src.train.trainer: Last model at epoch 1307 saved to checkpoints/etas_kernel_cb_hab4_20260407/last_model_1.pth
2026-04-07 13:40:27,523 INFO src.train.trainer: Epoch 1308
2026-04-07 13:40:27,577 INFO src.train.trainer: New best validation loss: -5.7898, saved to checkpoints/etas_kernel_cb_hab4_20260407/best_model_1.pth
2026-04-07 13:40:27,578 INFO src.train.trainer: Last model at epoch 1308 saved to checkpoints/etas_kernel_cb_hab4_20260407/last_model_1.pth
2026-04-07 13:40:27,579 INFO src.train.trainer: Epoch 1309
2026-04-07 13:40:27,633 INFO src.train.trainer: New best validation loss: -5.7899, saved to checkpoints/etas_kernel_cb_hab4_20260407/best_model_1.pth
2026-04-07 13:40:27,635 INFO src.train.trainer: Last model at epoch 1309 saved to checkpoints/etas_kernel_cb_hab4_20260407/last_model_1.pth
2026-04-07 13:40:27,635 INFO src.train.trainer: Epoch 1310
2026-04-07 13:40:27,690 INFO src.train.trainer: New best validation loss: -5.7900, saved to checkpoints/etas_kernel_cb_hab4_20260407/best_model_1.pth
2026-04-07 13:40:27,692 INFO src.train.trainer: Last model at epoch 1310 saved to checkpoints/etas_kernel_cb_hab4_20260407/last_model_1.pth
2026-04-07 13:40:27,692 INFO src.train.trainer: Epoch 1311
2026-04-07 13:40:27,748 INFO src.train.trainer: New best validation loss: -5.7901, saved to checkpoints/etas_kernel_cb_hab4_20260407/best_model_1.pth
2026-04-07 13:40:27,750 INFO src.train.trainer: Last model at epoch 1311 saved to checkpoints/etas_kernel_cb_hab4_20260407/last_model_1.pth
2026-04-07 13:40:27,750 INFO src.train.trainer: Epoch 1312
2026-04-07 13:40:27,805 INFO src.train.trainer: New best validation loss: -5.7902, saved to checkpoints/etas_kernel_cb_hab4_20260407/best_model_1.pth
2026-04-07 13:40:27,807 INFO src.train.trainer: Last model at epoch 1312 saved to checkpoints/etas_kernel_cb_hab4_20260407/last_model_1.pth
2026-04-07 13:40:27,807 INFO src.train.trainer: Epoch 1313
2026-04-07 13:40:27,865 INFO src.train.trainer: New best validation loss: -5.7903, saved to checkpoints/etas_kernel_cb_hab4_20260407/best_model_1.pth
2026-04-07 13:40:27,866 INFO src.train.trainer: Last model at epoch 1313 saved to checkpoints/etas_kernel_cb_hab4_20260407/last_model_1.pth
2026-04-07 13:40:27,867 INFO src.train.trainer: Epoch 1314
2026-04-07 13:40:27,925 INFO src.train.trainer: New best validation loss: -5.7904, saved to checkpoints/etas_kernel_cb_hab4_20260407/best_model_1.pth
2026-04-07 13:40:27,927 INFO src.train.trainer: Last model at epoch 1314 saved to checkpoints/etas_kernel_cb_hab4_20260407/last_model_1.pth
2026-04-07 13:40:27,927 INFO src.train.trainer: Epoch 1315
2026-04-07 13:40:27,987 INFO src.train.trainer: New best validation loss: -5.7905, saved to checkpoints/etas_kernel_cb_hab4_20260407/best_model_1.pth
2026-04-07 13:40:27,989 INFO src.train.trainer: Last model at epoch 1315 saved to checkpoints/etas_kernel_cb_hab4_20260407/last_model_1.pth
2026-04-07 13:40:27,989 INFO src.train.trainer: Epoch 1316
2026-04-07 13:40:28,049 INFO src.train.trainer: New best validation loss: -5.7906, saved to checkpoints/etas_kernel_cb_hab4_20260407/best_model_1.pth
2026-04-07 13:40:28,051 INFO src.train.trainer: Last model at epoch 1316 saved to checkpoints/etas_kernel_cb_hab4_20260407/last_model_1.pth
2026-04-07 13:40:28,051 INFO src.train.trainer: Epoch 1317
2026-04-07 13:40:28,110 INFO src.train.trainer: New best validation loss: -5.7906, saved to checkpoints/etas_kernel_cb_hab4_20260407/best_model_1.pth
2026-04-07 13:40:28,112 INFO src.train.trainer: Last model at epoch 1317 saved to checkpoints/etas_kernel_cb_hab4_20260407/last_model_1.pth
2026-04-07 13:40:28,112 INFO src.train.trainer: Epoch 1318
2026-04-07 13:40:28,171 INFO src.train.trainer: New best validation loss: -5.7907, saved to checkpoints/etas_kernel_cb_hab4_20260407/best_model_1.pth
2026-04-07 13:40:28,173 INFO src.train.trainer: Last model at epoch 1318 saved to checkpoints/etas_kernel_cb_hab4_20260407/last_model_1.pth
2026-04-07 13:40:28,173 INFO src.train.trainer: Epoch 1319
2026-04-07 13:40:28,238 INFO src.train.trainer: New best validation loss: -5.7908, saved to checkpoints/etas_kernel_cb_hab4_20260407/best_model_1.pth
2026-04-07 13:40:28,240 INFO src.train.trainer: Last model at epoch 1319 saved to checkpoints/etas_kernel_cb_hab4_20260407/last_model_1.pth
2026-04-07 13:40:28,240 INFO src.train.trainer: Epoch 1320
2026-04-07 13:40:28,304 INFO src.train.trainer: New best validation loss: -5.7909, saved to checkpoints/etas_kernel_cb_hab4_20260407/best_model_1.pth
2026-04-07 13:40:28,306 INFO src.train.trainer: Last model at epoch 1320 saved to checkpoints/etas_kernel_cb_hab4_20260407/last_model_1.pth
2026-04-07 13:40:28,306 INFO src.train.trainer: Epoch 1321
2026-04-07 13:40:28,370 INFO src.train.trainer: New best validation loss: -5.7910, saved to checkpoints/etas_kernel_cb_hab4_20260407/best_model_1.pth
2026-04-07 13:40:28,372 INFO src.train.trainer: Last model at epoch 1321 saved to checkpoints/etas_kernel_cb_hab4_20260407/last_model_1.pth
2026-04-07 13:40:28,373 INFO src.train.trainer: Epoch 1322
2026-04-07 13:40:28,444 INFO src.train.trainer: New best validation loss: -5.7911, saved to checkpoints/etas_kernel_cb_hab4_20260407/best_model_1.pth
2026-04-07 13:40:28,446 INFO src.train.trainer: Last model at epoch 1322 saved to checkpoints/etas_kernel_cb_hab4_20260407/last_model_1.pth
2026-04-07 13:40:28,446 INFO src.train.trainer: Epoch 1323
2026-04-07 13:40:28,516 INFO src.train.trainer: New best validation loss: -5.7912, saved to checkpoints/etas_kernel_cb_hab4_20260407/best_model_1.pth
2026-04-07 13:40:28,519 INFO src.train.trainer: Last model at epoch 1323 saved to checkpoints/etas_kernel_cb_hab4_20260407/last_model_1.pth
2026-04-07 13:40:28,519 INFO src.train.trainer: Epoch 1324
2026-04-07 13:40:28,574 INFO src.train.trainer: New best validation loss: -5.7913, saved to checkpoints/etas_kernel_cb_hab4_20260407/best_model_1.pth
2026-04-07 13:40:28,576 INFO src.train.trainer: Last model at epoch 1324 saved to checkpoints/etas_kernel_cb_hab4_20260407/last_model_1.pth
2026-04-07 13:40:28,576 INFO src.train.trainer: Epoch 1325
2026-04-07 13:40:28,632 INFO src.train.trainer: New best validation loss: -5.7913, saved to checkpoints/etas_kernel_cb_hab4_20260407/best_model_1.pth
2026-04-07 13:40:28,634 INFO src.train.trainer: Last model at epoch 1325 saved to checkpoints/etas_kernel_cb_hab4_20260407/last_model_1.pth
2026-04-07 13:40:28,634 INFO src.train.trainer: Epoch 1326
2026-04-07 13:40:28,689 INFO src.train.trainer: New best validation loss: -5.7914, saved to checkpoints/etas_kernel_cb_hab4_20260407/best_model_1.pth
2026-04-07 13:40:28,691 INFO src.train.trainer: Last model at epoch 1326 saved to checkpoints/etas_kernel_cb_hab4_20260407/last_model_1.pth
2026-04-07 13:40:28,691 INFO src.train.trainer: Epoch 1327
2026-04-07 13:40:28,750 INFO src.train.trainer: New best validation loss: -5.7915, saved to checkpoints/etas_kernel_cb_hab4_20260407/best_model_1.pth
2026-04-07 13:40:28,752 INFO src.train.trainer: Last model at epoch 1327 saved to checkpoints/etas_kernel_cb_hab4_20260407/last_model_1.pth
2026-04-07 13:40:28,752 INFO src.train.trainer: Epoch 1328
2026-04-07 13:40:28,816 INFO src.train.trainer: New best validation loss: -5.7916, saved to checkpoints/etas_kernel_cb_hab4_20260407/best_model_1.pth
2026-04-07 13:40:28,818 INFO src.train.trainer: Last model at epoch 1328 saved to checkpoints/etas_kernel_cb_hab4_20260407/last_model_1.pth
2026-04-07 13:40:28,818 INFO src.train.trainer: Epoch 1329
2026-04-07 13:40:28,884 INFO src.train.trainer: New best validation loss: -5.7917, saved to checkpoints/etas_kernel_cb_hab4_20260407/best_model_1.pth
2026-04-07 13:40:28,886 INFO src.train.trainer: Last model at epoch 1329 saved to checkpoints/etas_kernel_cb_hab4_20260407/last_model_1.pth
2026-04-07 13:40:28,886 INFO src.train.trainer: Epoch 1330
2026-04-07 13:40:28,951 INFO src.train.trainer: New best validation loss: -5.7918, saved to checkpoints/etas_kernel_cb_hab4_20260407/best_model_1.pth
2026-04-07 13:40:28,953 INFO src.train.trainer: Last model at epoch 1330 saved to checkpoints/etas_kernel_cb_hab4_20260407/last_model_1.pth
2026-04-07 13:40:28,953 INFO src.train.trainer: Epoch 1331
2026-04-07 13:40:29,016 INFO src.train.trainer: New best validation loss: -5.7919, saved to checkpoints/etas_kernel_cb_hab4_20260407/best_model_1.pth
2026-04-07 13:40:29,020 INFO src.train.trainer: Last model at epoch 1331 saved to checkpoints/etas_kernel_cb_hab4_20260407/last_model_1.pth
2026-04-07 13:40:29,020 INFO src.train.trainer: Epoch 1332
2026-04-07 13:40:29,089 INFO src.train.trainer: New best validation loss: -5.7920, saved to checkpoints/etas_kernel_cb_hab4_20260407/best_model_1.pth
2026-04-07 13:40:29,091 INFO src.train.trainer: Last model at epoch 1332 saved to checkpoints/etas_kernel_cb_hab4_20260407/last_model_1.pth
2026-04-07 13:40:29,092 INFO src.train.trainer: Epoch 1333
2026-04-07 13:40:29,156 INFO src.train.trainer: New best validation loss: -5.7921, saved to checkpoints/etas_kernel_cb_hab4_20260407/best_model_1.pth
2026-04-07 13:40:29,158 INFO src.train.trainer: Last model at epoch 1333 saved to checkpoints/etas_kernel_cb_hab4_20260407/last_model_1.pth
2026-04-07 13:40:29,158 INFO src.train.trainer: Epoch 1334
2026-04-07 13:40:29,242 INFO src.train.trainer: New best validation loss: -5.7921, saved to checkpoints/etas_kernel_cb_hab4_20260407/best_model_1.pth
2026-04-07 13:40:29,244 INFO src.train.trainer: Last model at epoch 1334 saved to checkpoints/etas_kernel_cb_hab4_20260407/last_model_1.pth
2026-04-07 13:40:29,244 INFO src.train.trainer: Epoch 1335
2026-04-07 13:40:29,304 INFO src.train.trainer: New best validation loss: -5.7922, saved to checkpoints/etas_kernel_cb_hab4_20260407/best_model_1.pth
2026-04-07 13:40:29,307 INFO src.train.trainer: Last model at epoch 1335 saved to checkpoints/etas_kernel_cb_hab4_20260407/last_model_1.pth
2026-04-07 13:40:29,307 INFO src.train.trainer: Epoch 1336
2026-04-07 13:40:29,367 INFO src.train.trainer: New best validation loss: -5.7923, saved to checkpoints/etas_kernel_cb_hab4_20260407/best_model_1.pth
2026-04-07 13:40:29,369 INFO src.train.trainer: Last model at epoch 1336 saved to checkpoints/etas_kernel_cb_hab4_20260407/last_model_1.pth
2026-04-07 13:40:29,369 INFO src.train.trainer: Epoch 1337
2026-04-07 13:40:29,425 INFO src.train.trainer: New best validation loss: -5.7924, saved to checkpoints/etas_kernel_cb_hab4_20260407/best_model_1.pth
2026-04-07 13:40:29,426 INFO src.train.trainer: Last model at epoch 1337 saved to checkpoints/etas_kernel_cb_hab4_20260407/last_model_1.pth
2026-04-07 13:40:29,426 INFO src.train.trainer: Epoch 1338
2026-04-07 13:40:29,483 INFO src.train.trainer: New best validation loss: -5.7925, saved to checkpoints/etas_kernel_cb_hab4_20260407/best_model_1.pth
2026-04-07 13:40:29,484 INFO src.train.trainer: Last model at epoch 1338 saved to checkpoints/etas_kernel_cb_hab4_20260407/last_model_1.pth
2026-04-07 13:40:29,484 INFO src.train.trainer: Epoch 1339
2026-04-07 13:40:29,543 INFO src.train.trainer: New best validation loss: -5.7926, saved to checkpoints/etas_kernel_cb_hab4_20260407/best_model_1.pth
2026-04-07 13:40:29,545 INFO src.train.trainer: Last model at epoch 1339 saved to checkpoints/etas_kernel_cb_hab4_20260407/last_model_1.pth
2026-04-07 13:40:29,545 INFO src.train.trainer: Epoch 1340
2026-04-07 13:40:29,605 INFO src.train.trainer: New best validation loss: -5.7927, saved to checkpoints/etas_kernel_cb_hab4_20260407/best_model_1.pth
2026-04-07 13:40:29,607 INFO src.train.trainer: Last model at epoch 1340 saved to checkpoints/etas_kernel_cb_hab4_20260407/last_model_1.pth
2026-04-07 13:40:29,607 INFO src.train.trainer: Epoch 1341
2026-04-07 13:40:29,669 INFO src.train.trainer: New best validation loss: -5.7928, saved to checkpoints/etas_kernel_cb_hab4_20260407/best_model_1.pth
2026-04-07 13:40:29,671 INFO src.train.trainer: Last model at epoch 1341 saved to checkpoints/etas_kernel_cb_hab4_20260407/last_model_1.pth
2026-04-07 13:40:29,671 INFO src.train.trainer: Epoch 1342
2026-04-07 13:40:29,734 INFO src.train.trainer: New best validation loss: -5.7928, saved to checkpoints/etas_kernel_cb_hab4_20260407/best_model_1.pth
2026-04-07 13:40:29,736 INFO src.train.trainer: Last model at epoch 1342 saved to checkpoints/etas_kernel_cb_hab4_20260407/last_model_1.pth
2026-04-07 13:40:29,736 INFO src.train.trainer: Epoch 1343
2026-04-07 13:40:29,799 INFO src.train.trainer: New best validation loss: -5.7929, saved to checkpoints/etas_kernel_cb_hab4_20260407/best_model_1.pth
2026-04-07 13:40:29,801 INFO src.train.trainer: Last model at epoch 1343 saved to checkpoints/etas_kernel_cb_hab4_20260407/last_model_1.pth
2026-04-07 13:40:29,801 INFO src.train.trainer: Epoch 1344
2026-04-07 13:40:29,863 INFO src.train.trainer: New best validation loss: -5.7930, saved to checkpoints/etas_kernel_cb_hab4_20260407/best_model_1.pth
2026-04-07 13:40:29,864 INFO src.train.trainer: Last model at epoch 1344 saved to checkpoints/etas_kernel_cb_hab4_20260407/last_model_1.pth
2026-04-07 13:40:29,865 INFO src.train.trainer: Epoch 1345
2026-04-07 13:40:29,922 INFO src.train.trainer: New best validation loss: -5.7931, saved to checkpoints/etas_kernel_cb_hab4_20260407/best_model_1.pth
2026-04-07 13:40:29,924 INFO src.train.trainer: Last model at epoch 1345 saved to checkpoints/etas_kernel_cb_hab4_20260407/last_model_1.pth
2026-04-07 13:40:29,924 INFO src.train.trainer: Epoch 1346
2026-04-07 13:40:29,984 INFO src.train.trainer: New best validation loss: -5.7932, saved to checkpoints/etas_kernel_cb_hab4_20260407/best_model_1.pth
2026-04-07 13:40:29,986 INFO src.train.trainer: Last model at epoch 1346 saved to checkpoints/etas_kernel_cb_hab4_20260407/last_model_1.pth
2026-04-07 13:40:29,986 INFO src.train.trainer: Epoch 1347
2026-04-07 13:40:30,046 INFO src.train.trainer: New best validation loss: -5.7933, saved to checkpoints/etas_kernel_cb_hab4_20260407/best_model_1.pth
2026-04-07 13:40:30,048 INFO src.train.trainer: Last model at epoch 1347 saved to checkpoints/etas_kernel_cb_hab4_20260407/last_model_1.pth
2026-04-07 13:40:30,048 INFO src.train.trainer: Epoch 1348
2026-04-07 13:40:30,108 INFO src.train.trainer: New best validation loss: -5.7934, saved to checkpoints/etas_kernel_cb_hab4_20260407/best_model_1.pth
2026-04-07 13:40:30,110 INFO src.train.trainer: Last model at epoch 1348 saved to checkpoints/etas_kernel_cb_hab4_20260407/last_model_1.pth
2026-04-07 13:40:30,110 INFO src.train.trainer: Epoch 1349
2026-04-07 13:40:30,155 INFO src.train.trainer: New best validation loss: -5.7934, saved to checkpoints/etas_kernel_cb_hab4_20260407/best_model_1.pth
2026-04-07 13:40:30,158 INFO src.train.trainer: Last model at epoch 1349 saved to checkpoints/etas_kernel_cb_hab4_20260407/last_model_1.pth
2026-04-07 13:40:30,158 INFO src.train.trainer: Epoch 1350
2026-04-07 13:40:30,200 INFO src.train.trainer: New best validation loss: -5.7935, saved to checkpoints/etas_kernel_cb_hab4_20260407/best_model_1.pth
2026-04-07 13:40:30,202 INFO src.train.trainer: Last model at epoch 1350 saved to checkpoints/etas_kernel_cb_hab4_20260407/last_model_1.pth
2026-04-07 13:40:30,202 INFO src.train.trainer: Epoch 1351
2026-04-07 13:40:30,254 INFO src.train.trainer: New best validation loss: -5.7936, saved to checkpoints/etas_kernel_cb_hab4_20260407/best_model_1.pth
2026-04-07 13:40:30,256 INFO src.train.trainer: Last model at epoch 1351 saved to checkpoints/etas_kernel_cb_hab4_20260407/last_model_1.pth
2026-04-07 13:40:30,256 INFO src.train.trainer: Epoch 1352
2026-04-07 13:40:30,311 INFO src.train.trainer: New best validation loss: -5.7937, saved to checkpoints/etas_kernel_cb_hab4_20260407/best_model_1.pth
2026-04-07 13:40:30,312 INFO src.train.trainer: Last model at epoch 1352 saved to checkpoints/etas_kernel_cb_hab4_20260407/last_model_1.pth
2026-04-07 13:40:30,312 INFO src.train.trainer: Epoch 1353
2026-04-07 13:40:30,366 INFO src.train.trainer: New best validation loss: -5.7937, saved to checkpoints/etas_kernel_cb_hab4_20260407/best_model_1.pth
2026-04-07 13:40:30,367 INFO src.train.trainer: Last model at epoch 1353 saved to checkpoints/etas_kernel_cb_hab4_20260407/last_model_1.pth
2026-04-07 13:40:30,367 INFO src.train.trainer: Epoch 1354
2026-04-07 13:40:30,420 INFO src.train.trainer: New best validation loss: -5.7938, saved to checkpoints/etas_kernel_cb_hab4_20260407/best_model_1.pth
2026-04-07 13:40:30,423 INFO src.train.trainer: Last model at epoch 1354 saved to checkpoints/etas_kernel_cb_hab4_20260407/last_model_1.pth
2026-04-07 13:40:30,423 INFO src.train.trainer: Epoch 1355
2026-04-07 13:40:30,478 INFO src.train.trainer: New best validation loss: -5.7939, saved to checkpoints/etas_kernel_cb_hab4_20260407/best_model_1.pth
2026-04-07 13:40:30,480 INFO src.train.trainer: Last model at epoch 1355 saved to checkpoints/etas_kernel_cb_hab4_20260407/last_model_1.pth
2026-04-07 13:40:30,480 INFO src.train.trainer: Epoch 1356
2026-04-07 13:40:30,537 INFO src.train.trainer: New best validation loss: -5.7939, saved to checkpoints/etas_kernel_cb_hab4_20260407/best_model_1.pth
2026-04-07 13:40:30,539 INFO src.train.trainer: Last model at epoch 1356 saved to checkpoints/etas_kernel_cb_hab4_20260407/last_model_1.pth
2026-04-07 13:40:30,539 INFO src.train.trainer: Epoch 1357
2026-04-07 13:40:30,593 INFO src.train.trainer: New best validation loss: -5.7940, saved to checkpoints/etas_kernel_cb_hab4_20260407/best_model_1.pth
2026-04-07 13:40:30,595 INFO src.train.trainer: Last model at epoch 1357 saved to checkpoints/etas_kernel_cb_hab4_20260407/last_model_1.pth
2026-04-07 13:40:30,595 INFO src.train.trainer: Epoch 1358
2026-04-07 13:40:30,649 INFO src.train.trainer: New best validation loss: -5.7941, saved to checkpoints/etas_kernel_cb_hab4_20260407/best_model_1.pth
2026-04-07 13:40:30,651 INFO src.train.trainer: Last model at epoch 1358 saved to checkpoints/etas_kernel_cb_hab4_20260407/last_model_1.pth
2026-04-07 13:40:30,651 INFO src.train.trainer: Epoch 1359
2026-04-07 13:40:30,708 INFO src.train.trainer: New best validation loss: -5.7942, saved to checkpoints/etas_kernel_cb_hab4_20260407/best_model_1.pth
2026-04-07 13:40:30,711 INFO src.train.trainer: Last model at epoch 1359 saved to checkpoints/etas_kernel_cb_hab4_20260407/last_model_1.pth
2026-04-07 13:40:30,712 INFO src.train.trainer: Epoch 1360
2026-04-07 13:40:30,775 INFO src.train.trainer: New best validation loss: -5.7942, saved to checkpoints/etas_kernel_cb_hab4_20260407/best_model_1.pth
2026-04-07 13:40:30,777 INFO src.train.trainer: Last model at epoch 1360 saved to checkpoints/etas_kernel_cb_hab4_20260407/last_model_1.pth
2026-04-07 13:40:30,777 INFO src.train.trainer: Epoch 1361
2026-04-07 13:40:30,841 INFO src.train.trainer: New best validation loss: -5.7943, saved to checkpoints/etas_kernel_cb_hab4_20260407/best_model_1.pth
2026-04-07 13:40:30,843 INFO src.train.trainer: Last model at epoch 1361 saved to checkpoints/etas_kernel_cb_hab4_20260407/last_model_1.pth
2026-04-07 13:40:30,843 INFO src.train.trainer: Epoch 1362
2026-04-07 13:40:30,905 INFO src.train.trainer: New best validation loss: -5.7944, saved to checkpoints/etas_kernel_cb_hab4_20260407/best_model_1.pth
2026-04-07 13:40:30,907 INFO src.train.trainer: Last model at epoch 1362 saved to checkpoints/etas_kernel_cb_hab4_20260407/last_model_1.pth
2026-04-07 13:40:30,907 INFO src.train.trainer: Epoch 1363
2026-04-07 13:40:30,970 INFO src.train.trainer: New best validation loss: -5.7944, saved to checkpoints/etas_kernel_cb_hab4_20260407/best_model_1.pth
2026-04-07 13:40:30,972 INFO src.train.trainer: Last model at epoch 1363 saved to checkpoints/etas_kernel_cb_hab4_20260407/last_model_1.pth
2026-04-07 13:40:30,972 INFO src.train.trainer: Epoch 1364
2026-04-07 13:40:31,019 INFO src.train.trainer: New best validation loss: -5.7945, saved to checkpoints/etas_kernel_cb_hab4_20260407/best_model_1.pth
2026-04-07 13:40:31,021 INFO src.train.trainer: Last model at epoch 1364 saved to checkpoints/etas_kernel_cb_hab4_20260407/last_model_1.pth
2026-04-07 13:40:31,022 INFO src.train.trainer: Epoch 1365
2026-04-07 13:40:31,072 INFO src.train.trainer: New best validation loss: -5.7946, saved to checkpoints/etas_kernel_cb_hab4_20260407/best_model_1.pth
2026-04-07 13:40:31,074 INFO src.train.trainer: Last model at epoch 1365 saved to checkpoints/etas_kernel_cb_hab4_20260407/last_model_1.pth
2026-04-07 13:40:31,074 INFO src.train.trainer: Epoch 1366
2026-04-07 13:40:31,132 INFO src.train.trainer: New best validation loss: -5.7946, saved to checkpoints/etas_kernel_cb_hab4_20260407/best_model_1.pth
2026-04-07 13:40:31,134 INFO src.train.trainer: Last model at epoch 1366 saved to checkpoints/etas_kernel_cb_hab4_20260407/last_model_1.pth
2026-04-07 13:40:31,134 INFO src.train.trainer: Epoch 1367
2026-04-07 13:40:31,182 INFO src.train.trainer: New best validation loss: -5.7947, saved to checkpoints/etas_kernel_cb_hab4_20260407/best_model_1.pth
2026-04-07 13:40:31,184 INFO src.train.trainer: Last model at epoch 1367 saved to checkpoints/etas_kernel_cb_hab4_20260407/last_model_1.pth
2026-04-07 13:40:31,184 INFO src.train.trainer: Epoch 1368
2026-04-07 13:40:31,229 INFO src.train.trainer: New best validation loss: -5.7948, saved to checkpoints/etas_kernel_cb_hab4_20260407/best_model_1.pth
2026-04-07 13:40:31,231 INFO src.train.trainer: Last model at epoch 1368 saved to checkpoints/etas_kernel_cb_hab4_20260407/last_model_1.pth
2026-04-07 13:40:31,231 INFO src.train.trainer: Epoch 1369
2026-04-07 13:40:31,275 INFO src.train.trainer: New best validation loss: -5.7948, saved to checkpoints/etas_kernel_cb_hab4_20260407/best_model_1.pth
2026-04-07 13:40:31,277 INFO src.train.trainer: Last model at epoch 1369 saved to checkpoints/etas_kernel_cb_hab4_20260407/last_model_1.pth
2026-04-07 13:40:31,277 INFO src.train.trainer: Epoch 1370
2026-04-07 13:40:31,323 INFO src.train.trainer: New best validation loss: -5.7949, saved to checkpoints/etas_kernel_cb_hab4_20260407/best_model_1.pth
2026-04-07 13:40:31,326 INFO src.train.trainer: Last model at epoch 1370 saved to checkpoints/etas_kernel_cb_hab4_20260407/last_model_1.pth
2026-04-07 13:40:31,326 INFO src.train.trainer: Epoch 1371
2026-04-07 13:40:31,374 INFO src.train.trainer: New best validation loss: -5.7950, saved to checkpoints/etas_kernel_cb_hab4_20260407/best_model_1.pth
2026-04-07 13:40:31,375 INFO src.train.trainer: Last model at epoch 1371 saved to checkpoints/etas_kernel_cb_hab4_20260407/last_model_1.pth
2026-04-07 13:40:31,375 INFO src.train.trainer: Epoch 1372
2026-04-07 13:40:31,423 INFO src.train.trainer: New best validation loss: -5.7951, saved to checkpoints/etas_kernel_cb_hab4_20260407/best_model_1.pth
2026-04-07 13:40:31,424 INFO src.train.trainer: Last model at epoch 1372 saved to checkpoints/etas_kernel_cb_hab4_20260407/last_model_1.pth
2026-04-07 13:40:31,425 INFO src.train.trainer: Epoch 1373
2026-04-07 13:40:31,475 INFO src.train.trainer: New best validation loss: -5.7951, saved to checkpoints/etas_kernel_cb_hab4_20260407/best_model_1.pth
2026-04-07 13:40:31,478 INFO src.train.trainer: Last model at epoch 1373 saved to checkpoints/etas_kernel_cb_hab4_20260407/last_model_1.pth
2026-04-07 13:40:31,478 INFO src.train.trainer: Epoch 1374
2026-04-07 13:40:31,528 INFO src.train.trainer: New best validation loss: -5.7952, saved to checkpoints/etas_kernel_cb_hab4_20260407/best_model_1.pth
2026-04-07 13:40:31,530 INFO src.train.trainer: Last model at epoch 1374 saved to checkpoints/etas_kernel_cb_hab4_20260407/last_model_1.pth
2026-04-07 13:40:31,530 INFO src.train.trainer: Epoch 1375
2026-04-07 13:40:31,582 INFO src.train.trainer: New best validation loss: -5.7953, saved to checkpoints/etas_kernel_cb_hab4_20260407/best_model_1.pth
2026-04-07 13:40:31,584 INFO src.train.trainer: Last model at epoch 1375 saved to checkpoints/etas_kernel_cb_hab4_20260407/last_model_1.pth
2026-04-07 13:40:31,584 INFO src.train.trainer: Epoch 1376
2026-04-07 13:40:31,638 INFO src.train.trainer: New best validation loss: -5.7953, saved to checkpoints/etas_kernel_cb_hab4_20260407/best_model_1.pth
2026-04-07 13:40:31,640 INFO src.train.trainer: Last model at epoch 1376 saved to checkpoints/etas_kernel_cb_hab4_20260407/last_model_1.pth
2026-04-07 13:40:31,640 INFO src.train.trainer: Epoch 1377
2026-04-07 13:40:31,693 INFO src.train.trainer: New best validation loss: -5.7954, saved to checkpoints/etas_kernel_cb_hab4_20260407/best_model_1.pth
2026-04-07 13:40:31,696 INFO src.train.trainer: Last model at epoch 1377 saved to checkpoints/etas_kernel_cb_hab4_20260407/last_model_1.pth
2026-04-07 13:40:31,696 INFO src.train.trainer: Epoch 1378
2026-04-07 13:40:31,752 INFO src.train.trainer: New best validation loss: -5.7955, saved to checkpoints/etas_kernel_cb_hab4_20260407/best_model_1.pth
2026-04-07 13:40:31,754 INFO src.train.trainer: Last model at epoch 1378 saved to checkpoints/etas_kernel_cb_hab4_20260407/last_model_1.pth
2026-04-07 13:40:31,754 INFO src.train.trainer: Epoch 1379
2026-04-07 13:40:31,810 INFO src.train.trainer: New best validation loss: -5.7955, saved to checkpoints/etas_kernel_cb_hab4_20260407/best_model_1.pth
2026-04-07 13:40:31,812 INFO src.train.trainer: Last model at epoch 1379 saved to checkpoints/etas_kernel_cb_hab4_20260407/last_model_1.pth
2026-04-07 13:40:31,812 INFO src.train.trainer: Epoch 1380
2026-04-07 13:40:31,868 INFO src.train.trainer: New best validation loss: -5.7956, saved to checkpoints/etas_kernel_cb_hab4_20260407/best_model_1.pth
2026-04-07 13:40:31,870 INFO src.train.trainer: Last model at epoch 1380 saved to checkpoints/etas_kernel_cb_hab4_20260407/last_model_1.pth
2026-04-07 13:40:31,871 INFO src.train.trainer: Epoch 1381
2026-04-07 13:40:31,932 INFO src.train.trainer: New best validation loss: -5.7957, saved to checkpoints/etas_kernel_cb_hab4_20260407/best_model_1.pth
2026-04-07 13:40:31,934 INFO src.train.trainer: Last model at epoch 1381 saved to checkpoints/etas_kernel_cb_hab4_20260407/last_model_1.pth
2026-04-07 13:40:31,934 INFO src.train.trainer: Epoch 1382
2026-04-07 13:40:31,995 INFO src.train.trainer: New best validation loss: -5.7957, saved to checkpoints/etas_kernel_cb_hab4_20260407/best_model_1.pth
2026-04-07 13:40:31,997 INFO src.train.trainer: Last model at epoch 1382 saved to checkpoints/etas_kernel_cb_hab4_20260407/last_model_1.pth
2026-04-07 13:40:31,997 INFO src.train.trainer: Epoch 1383
2026-04-07 13:40:32,060 INFO src.train.trainer: New best validation loss: -5.7958, saved to checkpoints/etas_kernel_cb_hab4_20260407/best_model_1.pth
2026-04-07 13:40:32,062 INFO src.train.trainer: Last model at epoch 1383 saved to checkpoints/etas_kernel_cb_hab4_20260407/last_model_1.pth
2026-04-07 13:40:32,062 INFO src.train.trainer: Epoch 1384
2026-04-07 13:40:32,125 INFO src.train.trainer: New best validation loss: -5.7959, saved to checkpoints/etas_kernel_cb_hab4_20260407/best_model_1.pth
2026-04-07 13:40:32,127 INFO src.train.trainer: Last model at epoch 1384 saved to checkpoints/etas_kernel_cb_hab4_20260407/last_model_1.pth
2026-04-07 13:40:32,127 INFO src.train.trainer: Epoch 1385
2026-04-07 13:40:32,187 INFO src.train.trainer: New best validation loss: -5.7959, saved to checkpoints/etas_kernel_cb_hab4_20260407/best_model_1.pth
2026-04-07 13:40:32,189 INFO src.train.trainer: Last model at epoch 1385 saved to checkpoints/etas_kernel_cb_hab4_20260407/last_model_1.pth
2026-04-07 13:40:32,189 INFO src.train.trainer: Epoch 1386
2026-04-07 13:40:32,249 INFO src.train.trainer: New best validation loss: -5.7960, saved to checkpoints/etas_kernel_cb_hab4_20260407/best_model_1.pth
2026-04-07 13:40:32,251 INFO src.train.trainer: Last model at epoch 1386 saved to checkpoints/etas_kernel_cb_hab4_20260407/last_model_1.pth
2026-04-07 13:40:32,251 INFO src.train.trainer: Epoch 1387
2026-04-07 13:40:32,311 INFO src.train.trainer: New best validation loss: -5.7961, saved to checkpoints/etas_kernel_cb_hab4_20260407/best_model_1.pth
2026-04-07 13:40:32,313 INFO src.train.trainer: Last model at epoch 1387 saved to checkpoints/etas_kernel_cb_hab4_20260407/last_model_1.pth
2026-04-07 13:40:32,314 INFO src.train.trainer: Epoch 1388
2026-04-07 13:40:32,358 INFO src.train.trainer: New best validation loss: -5.7962, saved to checkpoints/etas_kernel_cb_hab4_20260407/best_model_1.pth
2026-04-07 13:40:32,360 INFO src.train.trainer: Last model at epoch 1388 saved to checkpoints/etas_kernel_cb_hab4_20260407/last_model_1.pth
2026-04-07 13:40:32,360 INFO src.train.trainer: Epoch 1389
2026-04-07 13:40:32,408 INFO src.train.trainer: New best validation loss: -5.7962, saved to checkpoints/etas_kernel_cb_hab4_20260407/best_model_1.pth
2026-04-07 13:40:32,410 INFO src.train.trainer: Last model at epoch 1389 saved to checkpoints/etas_kernel_cb_hab4_20260407/last_model_1.pth
2026-04-07 13:40:32,410 INFO src.train.trainer: Epoch 1390
2026-04-07 13:40:32,457 INFO src.train.trainer: New best validation loss: -5.7963, saved to checkpoints/etas_kernel_cb_hab4_20260407/best_model_1.pth
2026-04-07 13:40:32,459 INFO src.train.trainer: Last model at epoch 1390 saved to checkpoints/etas_kernel_cb_hab4_20260407/last_model_1.pth
2026-04-07 13:40:32,459 INFO src.train.trainer: Epoch 1391
2026-04-07 13:40:32,506 INFO src.train.trainer: New best validation loss: -5.7964, saved to checkpoints/etas_kernel_cb_hab4_20260407/best_model_1.pth
2026-04-07 13:40:32,508 INFO src.train.trainer: Last model at epoch 1391 saved to checkpoints/etas_kernel_cb_hab4_20260407/last_model_1.pth
2026-04-07 13:40:32,508 INFO src.train.trainer: Epoch 1392
2026-04-07 13:40:32,555 INFO src.train.trainer: New best validation loss: -5.7964, saved to checkpoints/etas_kernel_cb_hab4_20260407/best_model_1.pth
2026-04-07 13:40:32,557 INFO src.train.trainer: Last model at epoch 1392 saved to checkpoints/etas_kernel_cb_hab4_20260407/last_model_1.pth
2026-04-07 13:40:32,557 INFO src.train.trainer: Epoch 1393
2026-04-07 13:40:32,615 INFO src.train.trainer: New best validation loss: -5.7965, saved to checkpoints/etas_kernel_cb_hab4_20260407/best_model_1.pth
2026-04-07 13:40:32,617 INFO src.train.trainer: Last model at epoch 1393 saved to checkpoints/etas_kernel_cb_hab4_20260407/last_model_1.pth
2026-04-07 13:40:32,617 INFO src.train.trainer: Epoch 1394
2026-04-07 13:40:32,670 INFO src.train.trainer: New best validation loss: -5.7966, saved to checkpoints/etas_kernel_cb_hab4_20260407/best_model_1.pth
2026-04-07 13:40:32,674 INFO src.train.trainer: Last model at epoch 1394 saved to checkpoints/etas_kernel_cb_hab4_20260407/last_model_1.pth
2026-04-07 13:40:32,674 INFO src.train.trainer: Epoch 1395
2026-04-07 13:40:32,721 INFO src.train.trainer: New best validation loss: -5.7966, saved to checkpoints/etas_kernel_cb_hab4_20260407/best_model_1.pth
2026-04-07 13:40:32,723 INFO src.train.trainer: Last model at epoch 1395 saved to checkpoints/etas_kernel_cb_hab4_20260407/last_model_1.pth
2026-04-07 13:40:32,723 INFO src.train.trainer: Epoch 1396
2026-04-07 13:40:32,774 INFO src.train.trainer: New best validation loss: -5.7967, saved to checkpoints/etas_kernel_cb_hab4_20260407/best_model_1.pth
2026-04-07 13:40:32,776 INFO src.train.trainer: Last model at epoch 1396 saved to checkpoints/etas_kernel_cb_hab4_20260407/last_model_1.pth
2026-04-07 13:40:32,776 INFO src.train.trainer: Epoch 1397
2026-04-07 13:40:32,822 INFO src.train.trainer: New best validation loss: -5.7968, saved to checkpoints/etas_kernel_cb_hab4_20260407/best_model_1.pth
2026-04-07 13:40:32,825 INFO src.train.trainer: Last model at epoch 1397 saved to checkpoints/etas_kernel_cb_hab4_20260407/last_model_1.pth
2026-04-07 13:40:32,825 INFO src.train.trainer: Epoch 1398
2026-04-07 13:40:32,876 INFO src.train.trainer: New best validation loss: -5.7968, saved to checkpoints/etas_kernel_cb_hab4_20260407/best_model_1.pth
2026-04-07 13:40:32,878 INFO src.train.trainer: Last model at epoch 1398 saved to checkpoints/etas_kernel_cb_hab4_20260407/last_model_1.pth
2026-04-07 13:40:32,878 INFO src.train.trainer: Epoch 1399
2026-04-07 13:40:32,936 INFO src.train.trainer: New best validation loss: -5.7969, saved to checkpoints/etas_kernel_cb_hab4_20260407/best_model_1.pth
2026-04-07 13:40:32,938 INFO src.train.trainer: Last model at epoch 1399 saved to checkpoints/etas_kernel_cb_hab4_20260407/last_model_1.pth
2026-04-07 13:40:32,938 INFO src.train.trainer: Epoch 1400
2026-04-07 13:40:32,988 INFO src.train.trainer: New best validation loss: -5.7970, saved to checkpoints/etas_kernel_cb_hab4_20260407/best_model_1.pth
2026-04-07 13:40:32,990 INFO src.train.trainer: Last model at epoch 1400 saved to checkpoints/etas_kernel_cb_hab4_20260407/last_model_1.pth
2026-04-07 13:40:32,990 INFO src.train.trainer: Epoch 1401
2026-04-07 13:40:33,036 INFO src.train.trainer: New best validation loss: -5.7970, saved to checkpoints/etas_kernel_cb_hab4_20260407/best_model_1.pth
2026-04-07 13:40:33,038 INFO src.train.trainer: Last model at epoch 1401 saved to checkpoints/etas_kernel_cb_hab4_20260407/last_model_1.pth
2026-04-07 13:40:33,038 INFO src.train.trainer: Epoch 1402
2026-04-07 13:40:33,084 INFO src.train.trainer: New best validation loss: -5.7971, saved to checkpoints/etas_kernel_cb_hab4_20260407/best_model_1.pth
2026-04-07 13:40:33,086 INFO src.train.trainer: Last model at epoch 1402 saved to checkpoints/etas_kernel_cb_hab4_20260407/last_model_1.pth
2026-04-07 13:40:33,086 INFO src.train.trainer: Epoch 1403
2026-04-07 13:40:33,133 INFO src.train.trainer: New best validation loss: -5.7972, saved to checkpoints/etas_kernel_cb_hab4_20260407/best_model_1.pth
2026-04-07 13:40:33,135 INFO src.train.trainer: Last model at epoch 1403 saved to checkpoints/etas_kernel_cb_hab4_20260407/last_model_1.pth
2026-04-07 13:40:33,135 INFO src.train.trainer: Epoch 1404
2026-04-07 13:40:33,184 INFO src.train.trainer: New best validation loss: -5.7972, saved to checkpoints/etas_kernel_cb_hab4_20260407/best_model_1.pth
2026-04-07 13:40:33,186 INFO src.train.trainer: Last model at epoch 1404 saved to checkpoints/etas_kernel_cb_hab4_20260407/last_model_1.pth
2026-04-07 13:40:33,186 INFO src.train.trainer: Epoch 1405
2026-04-07 13:40:33,236 INFO src.train.trainer: New best validation loss: -5.7973, saved to checkpoints/etas_kernel_cb_hab4_20260407/best_model_1.pth
2026-04-07 13:40:33,238 INFO src.train.trainer: Last model at epoch 1405 saved to checkpoints/etas_kernel_cb_hab4_20260407/last_model_1.pth
2026-04-07 13:40:33,238 INFO src.train.trainer: Epoch 1406
2026-04-07 13:40:33,290 INFO src.train.trainer: New best validation loss: -5.7974, saved to checkpoints/etas_kernel_cb_hab4_20260407/best_model_1.pth
2026-04-07 13:40:33,292 INFO src.train.trainer: Last model at epoch 1406 saved to checkpoints/etas_kernel_cb_hab4_20260407/last_model_1.pth
2026-04-07 13:40:33,292 INFO src.train.trainer: Epoch 1407
2026-04-07 13:40:33,344 INFO src.train.trainer: New best validation loss: -5.7974, saved to checkpoints/etas_kernel_cb_hab4_20260407/best_model_1.pth
2026-04-07 13:40:33,346 INFO src.train.trainer: Last model at epoch 1407 saved to checkpoints/etas_kernel_cb_hab4_20260407/last_model_1.pth
2026-04-07 13:40:33,346 INFO src.train.trainer: Epoch 1408
2026-04-07 13:40:33,399 INFO src.train.trainer: New best validation loss: -5.7975, saved to checkpoints/etas_kernel_cb_hab4_20260407/best_model_1.pth
2026-04-07 13:40:33,401 INFO src.train.trainer: Last model at epoch 1408 saved to checkpoints/etas_kernel_cb_hab4_20260407/last_model_1.pth
2026-04-07 13:40:33,401 INFO src.train.trainer: Epoch 1409
2026-04-07 13:40:33,454 INFO src.train.trainer: New best validation loss: -5.7976, saved to checkpoints/etas_kernel_cb_hab4_20260407/best_model_1.pth
2026-04-07 13:40:33,456 INFO src.train.trainer: Last model at epoch 1409 saved to checkpoints/etas_kernel_cb_hab4_20260407/last_model_1.pth
2026-04-07 13:40:33,456 INFO src.train.trainer: Epoch 1410
2026-04-07 13:40:33,515 INFO src.train.trainer: New best validation loss: -5.7977, saved to checkpoints/etas_kernel_cb_hab4_20260407/best_model_1.pth
2026-04-07 13:40:33,517 INFO src.train.trainer: Last model at epoch 1410 saved to checkpoints/etas_kernel_cb_hab4_20260407/last_model_1.pth
2026-04-07 13:40:33,517 INFO src.train.trainer: Epoch 1411
2026-04-07 13:40:33,577 INFO src.train.trainer: New best validation loss: -5.7977, saved to checkpoints/etas_kernel_cb_hab4_20260407/best_model_1.pth
2026-04-07 13:40:33,579 INFO src.train.trainer: Last model at epoch 1411 saved to checkpoints/etas_kernel_cb_hab4_20260407/last_model_1.pth
2026-04-07 13:40:33,579 INFO src.train.trainer: Epoch 1412
2026-04-07 13:40:33,641 INFO src.train.trainer: New best validation loss: -5.7978, saved to checkpoints/etas_kernel_cb_hab4_20260407/best_model_1.pth
2026-04-07 13:40:33,644 INFO src.train.trainer: Last model at epoch 1412 saved to checkpoints/etas_kernel_cb_hab4_20260407/last_model_1.pth
2026-04-07 13:40:33,644 INFO src.train.trainer: Epoch 1413
2026-04-07 13:40:33,708 INFO src.train.trainer: New best validation loss: -5.7979, saved to checkpoints/etas_kernel_cb_hab4_20260407/best_model_1.pth
2026-04-07 13:40:33,710 INFO src.train.trainer: Last model at epoch 1413 saved to checkpoints/etas_kernel_cb_hab4_20260407/last_model_1.pth
2026-04-07 13:40:33,710 INFO src.train.trainer: Epoch 1414
2026-04-07 13:40:33,769 INFO src.train.trainer: New best validation loss: -5.7979, saved to checkpoints/etas_kernel_cb_hab4_20260407/best_model_1.pth
2026-04-07 13:40:33,771 INFO src.train.trainer: Last model at epoch 1414 saved to checkpoints/etas_kernel_cb_hab4_20260407/last_model_1.pth
2026-04-07 13:40:33,772 INFO src.train.trainer: Epoch 1415
2026-04-07 13:40:33,832 INFO src.train.trainer: New best validation loss: -5.7980, saved to checkpoints/etas_kernel_cb_hab4_20260407/best_model_1.pth
2026-04-07 13:40:33,835 INFO src.train.trainer: Last model at epoch 1415 saved to checkpoints/etas_kernel_cb_hab4_20260407/last_model_1.pth
2026-04-07 13:40:33,835 INFO src.train.trainer: Epoch 1416
2026-04-07 13:40:33,896 INFO src.train.trainer: New best validation loss: -5.7981, saved to checkpoints/etas_kernel_cb_hab4_20260407/best_model_1.pth
2026-04-07 13:40:33,898 INFO src.train.trainer: Last model at epoch 1416 saved to checkpoints/etas_kernel_cb_hab4_20260407/last_model_1.pth
2026-04-07 13:40:33,899 INFO src.train.trainer: Epoch 1417
2026-04-07 13:40:33,963 INFO src.train.trainer: New best validation loss: -5.7981, saved to checkpoints/etas_kernel_cb_hab4_20260407/best_model_1.pth
2026-04-07 13:40:33,965 INFO src.train.trainer: Last model at epoch 1417 saved to checkpoints/etas_kernel_cb_hab4_20260407/last_model_1.pth
2026-04-07 13:40:33,965 INFO src.train.trainer: Epoch 1418
2026-04-07 13:40:34,028 INFO src.train.trainer: New best validation loss: -5.7982, saved to checkpoints/etas_kernel_cb_hab4_20260407/best_model_1.pth
2026-04-07 13:40:34,030 INFO src.train.trainer: Last model at epoch 1418 saved to checkpoints/etas_kernel_cb_hab4_20260407/last_model_1.pth
2026-04-07 13:40:34,030 INFO src.train.trainer: Epoch 1419
2026-04-07 13:40:34,095 INFO src.train.trainer: New best validation loss: -5.7983, saved to checkpoints/etas_kernel_cb_hab4_20260407/best_model_1.pth
2026-04-07 13:40:34,097 INFO src.train.trainer: Last model at epoch 1419 saved to checkpoints/etas_kernel_cb_hab4_20260407/last_model_1.pth
2026-04-07 13:40:34,097 INFO src.train.trainer: Epoch 1420
2026-04-07 13:40:34,161 INFO src.train.trainer: New best validation loss: -5.7983, saved to checkpoints/etas_kernel_cb_hab4_20260407/best_model_1.pth
2026-04-07 13:40:34,164 INFO src.train.trainer: Last model at epoch 1420 saved to checkpoints/etas_kernel_cb_hab4_20260407/last_model_1.pth
2026-04-07 13:40:34,164 INFO src.train.trainer: Epoch 1421
2026-04-07 13:40:34,228 INFO src.train.trainer: New best validation loss: -5.7984, saved to checkpoints/etas_kernel_cb_hab4_20260407/best_model_1.pth
2026-04-07 13:40:34,230 INFO src.train.trainer: Last model at epoch 1421 saved to checkpoints/etas_kernel_cb_hab4_20260407/last_model_1.pth
2026-04-07 13:40:34,230 INFO src.train.trainer: Epoch 1422
2026-04-07 13:40:34,295 INFO src.train.trainer: New best validation loss: -5.7985, saved to checkpoints/etas_kernel_cb_hab4_20260407/best_model_1.pth
2026-04-07 13:40:34,297 INFO src.train.trainer: Last model at epoch 1422 saved to checkpoints/etas_kernel_cb_hab4_20260407/last_model_1.pth
2026-04-07 13:40:34,298 INFO src.train.trainer: Epoch 1423
2026-04-07 13:40:34,364 INFO src.train.trainer: New best validation loss: -5.7985, saved to checkpoints/etas_kernel_cb_hab4_20260407/best_model_1.pth
2026-04-07 13:40:34,366 INFO src.train.trainer: Last model at epoch 1423 saved to checkpoints/etas_kernel_cb_hab4_20260407/last_model_1.pth
2026-04-07 13:40:34,366 INFO src.train.trainer: Epoch 1424
2026-04-07 13:40:34,433 INFO src.train.trainer: New best validation loss: -5.7986, saved to checkpoints/etas_kernel_cb_hab4_20260407/best_model_1.pth
2026-04-07 13:40:34,435 INFO src.train.trainer: Last model at epoch 1424 saved to checkpoints/etas_kernel_cb_hab4_20260407/last_model_1.pth
2026-04-07 13:40:34,435 INFO src.train.trainer: Epoch 1425
2026-04-07 13:40:34,504 INFO src.train.trainer: New best validation loss: -5.7987, saved to checkpoints/etas_kernel_cb_hab4_20260407/best_model_1.pth
2026-04-07 13:40:34,506 INFO src.train.trainer: Last model at epoch 1425 saved to checkpoints/etas_kernel_cb_hab4_20260407/last_model_1.pth
2026-04-07 13:40:34,506 INFO src.train.trainer: Epoch 1426
2026-04-07 13:40:34,575 INFO src.train.trainer: New best validation loss: -5.7987, saved to checkpoints/etas_kernel_cb_hab4_20260407/best_model_1.pth
2026-04-07 13:40:34,578 INFO src.train.trainer: Last model at epoch 1426 saved to checkpoints/etas_kernel_cb_hab4_20260407/last_model_1.pth
2026-04-07 13:40:34,578 INFO src.train.trainer: Epoch 1427
2026-04-07 13:40:34,645 INFO src.train.trainer: New best validation loss: -5.7988, saved to checkpoints/etas_kernel_cb_hab4_20260407/best_model_1.pth
2026-04-07 13:40:34,647 INFO src.train.trainer: Last model at epoch 1427 saved to checkpoints/etas_kernel_cb_hab4_20260407/last_model_1.pth
2026-04-07 13:40:34,647 INFO src.train.trainer: Epoch 1428
2026-04-07 13:40:34,713 INFO src.train.trainer: New best validation loss: -5.7989, saved to checkpoints/etas_kernel_cb_hab4_20260407/best_model_1.pth
2026-04-07 13:40:34,715 INFO src.train.trainer: Last model at epoch 1428 saved to checkpoints/etas_kernel_cb_hab4_20260407/last_model_1.pth
2026-04-07 13:40:34,715 INFO src.train.trainer: Epoch 1429
2026-04-07 13:40:34,780 INFO src.train.trainer: New best validation loss: -5.7989, saved to checkpoints/etas_kernel_cb_hab4_20260407/best_model_1.pth
2026-04-07 13:40:34,782 INFO src.train.trainer: Last model at epoch 1429 saved to checkpoints/etas_kernel_cb_hab4_20260407/last_model_1.pth
2026-04-07 13:40:34,782 INFO src.train.trainer: Epoch 1430
2026-04-07 13:40:34,848 INFO src.train.trainer: New best validation loss: -5.7990, saved to checkpoints/etas_kernel_cb_hab4_20260407/best_model_1.pth
2026-04-07 13:40:34,850 INFO src.train.trainer: Last model at epoch 1430 saved to checkpoints/etas_kernel_cb_hab4_20260407/last_model_1.pth
2026-04-07 13:40:34,850 INFO src.train.trainer: Epoch 1431
2026-04-07 13:40:34,914 INFO src.train.trainer: New best validation loss: -5.7991, saved to checkpoints/etas_kernel_cb_hab4_20260407/best_model_1.pth
2026-04-07 13:40:34,916 INFO src.train.trainer: Last model at epoch 1431 saved to checkpoints/etas_kernel_cb_hab4_20260407/last_model_1.pth
2026-04-07 13:40:34,916 INFO src.train.trainer: Epoch 1432
2026-04-07 13:40:34,981 INFO src.train.trainer: New best validation loss: -5.7991, saved to checkpoints/etas_kernel_cb_hab4_20260407/best_model_1.pth
2026-04-07 13:40:34,984 INFO src.train.trainer: Last model at epoch 1432 saved to checkpoints/etas_kernel_cb_hab4_20260407/last_model_1.pth
2026-04-07 13:40:34,984 INFO src.train.trainer: Epoch 1433
2026-04-07 13:40:35,053 INFO src.train.trainer: New best validation loss: -5.7992, saved to checkpoints/etas_kernel_cb_hab4_20260407/best_model_1.pth
2026-04-07 13:40:35,056 INFO src.train.trainer: Last model at epoch 1433 saved to checkpoints/etas_kernel_cb_hab4_20260407/last_model_1.pth
2026-04-07 13:40:35,056 INFO src.train.trainer: Epoch 1434
2026-04-07 13:40:35,122 INFO src.train.trainer: New best validation loss: -5.7993, saved to checkpoints/etas_kernel_cb_hab4_20260407/best_model_1.pth
2026-04-07 13:40:35,124 INFO src.train.trainer: Last model at epoch 1434 saved to checkpoints/etas_kernel_cb_hab4_20260407/last_model_1.pth
2026-04-07 13:40:35,125 INFO src.train.trainer: Epoch 1435
2026-04-07 13:40:35,189 INFO src.train.trainer: New best validation loss: -5.7993, saved to checkpoints/etas_kernel_cb_hab4_20260407/best_model_1.pth
2026-04-07 13:40:35,191 INFO src.train.trainer: Last model at epoch 1435 saved to checkpoints/etas_kernel_cb_hab4_20260407/last_model_1.pth
2026-04-07 13:40:35,191 INFO src.train.trainer: Epoch 1436
2026-04-07 13:40:35,255 INFO src.train.trainer: New best validation loss: -5.7994, saved to checkpoints/etas_kernel_cb_hab4_20260407/best_model_1.pth
2026-04-07 13:40:35,258 INFO src.train.trainer: Last model at epoch 1436 saved to checkpoints/etas_kernel_cb_hab4_20260407/last_model_1.pth
2026-04-07 13:40:35,258 INFO src.train.trainer: Epoch 1437
2026-04-07 13:40:35,325 INFO src.train.trainer: New best validation loss: -5.7995, saved to checkpoints/etas_kernel_cb_hab4_20260407/best_model_1.pth
2026-04-07 13:40:35,327 INFO src.train.trainer: Last model at epoch 1437 saved to checkpoints/etas_kernel_cb_hab4_20260407/last_model_1.pth
2026-04-07 13:40:35,327 INFO src.train.trainer: Epoch 1438
2026-04-07 13:40:35,390 INFO src.train.trainer: New best validation loss: -5.7995, saved to checkpoints/etas_kernel_cb_hab4_20260407/best_model_1.pth
2026-04-07 13:40:35,392 INFO src.train.trainer: Last model at epoch 1438 saved to checkpoints/etas_kernel_cb_hab4_20260407/last_model_1.pth
2026-04-07 13:40:35,393 INFO src.train.trainer: Epoch 1439
2026-04-07 13:40:35,459 INFO src.train.trainer: New best validation loss: -5.7996, saved to checkpoints/etas_kernel_cb_hab4_20260407/best_model_1.pth
2026-04-07 13:40:35,461 INFO src.train.trainer: Last model at epoch 1439 saved to checkpoints/etas_kernel_cb_hab4_20260407/last_model_1.pth
2026-04-07 13:40:35,461 INFO src.train.trainer: Epoch 1440
2026-04-07 13:40:35,529 INFO src.train.trainer: New best validation loss: -5.7997, saved to checkpoints/etas_kernel_cb_hab4_20260407/best_model_1.pth
2026-04-07 13:40:35,532 INFO src.train.trainer: Last model at epoch 1440 saved to checkpoints/etas_kernel_cb_hab4_20260407/last_model_1.pth
2026-04-07 13:40:35,532 INFO src.train.trainer: Epoch 1441
2026-04-07 13:40:35,602 INFO src.train.trainer: New best validation loss: -5.7997, saved to checkpoints/etas_kernel_cb_hab4_20260407/best_model_1.pth
2026-04-07 13:40:35,604 INFO src.train.trainer: Last model at epoch 1441 saved to checkpoints/etas_kernel_cb_hab4_20260407/last_model_1.pth
2026-04-07 13:40:35,604 INFO src.train.trainer: Epoch 1442
2026-04-07 13:40:35,669 INFO src.train.trainer: New best validation loss: -5.7998, saved to checkpoints/etas_kernel_cb_hab4_20260407/best_model_1.pth
2026-04-07 13:40:35,671 INFO src.train.trainer: Last model at epoch 1442 saved to checkpoints/etas_kernel_cb_hab4_20260407/last_model_1.pth
2026-04-07 13:40:35,671 INFO src.train.trainer: Epoch 1443
2026-04-07 13:40:35,734 INFO src.train.trainer: New best validation loss: -5.7999, saved to checkpoints/etas_kernel_cb_hab4_20260407/best_model_1.pth
2026-04-07 13:40:35,737 INFO src.train.trainer: Last model at epoch 1443 saved to checkpoints/etas_kernel_cb_hab4_20260407/last_model_1.pth
2026-04-07 13:40:35,737 INFO src.train.trainer: Epoch 1444
2026-04-07 13:40:35,802 INFO src.train.trainer: New best validation loss: -5.8000, saved to checkpoints/etas_kernel_cb_hab4_20260407/best_model_1.pth
2026-04-07 13:40:35,804 INFO src.train.trainer: Last model at epoch 1444 saved to checkpoints/etas_kernel_cb_hab4_20260407/last_model_1.pth
2026-04-07 13:40:35,804 INFO src.train.trainer: Epoch 1445
2026-04-07 13:40:35,868 INFO src.train.trainer: New best validation loss: -5.8000, saved to checkpoints/etas_kernel_cb_hab4_20260407/best_model_1.pth
2026-04-07 13:40:35,870 INFO src.train.trainer: Last model at epoch 1445 saved to checkpoints/etas_kernel_cb_hab4_20260407/last_model_1.pth
2026-04-07 13:40:35,871 INFO src.train.trainer: Epoch 1446
2026-04-07 13:40:35,936 INFO src.train.trainer: New best validation loss: -5.8001, saved to checkpoints/etas_kernel_cb_hab4_20260407/best_model_1.pth
2026-04-07 13:40:35,938 INFO src.train.trainer: Last model at epoch 1446 saved to checkpoints/etas_kernel_cb_hab4_20260407/last_model_1.pth
2026-04-07 13:40:35,938 INFO src.train.trainer: Epoch 1447
2026-04-07 13:40:36,001 INFO src.train.trainer: New best validation loss: -5.8002, saved to checkpoints/etas_kernel_cb_hab4_20260407/best_model_1.pth
2026-04-07 13:40:36,004 INFO src.train.trainer: Last model at epoch 1447 saved to checkpoints/etas_kernel_cb_hab4_20260407/last_model_1.pth
2026-04-07 13:40:36,004 INFO src.train.trainer: Epoch 1448
2026-04-07 13:40:36,068 INFO src.train.trainer: New best validation loss: -5.8002, saved to checkpoints/etas_kernel_cb_hab4_20260407/best_model_1.pth
2026-04-07 13:40:36,070 INFO src.train.trainer: Last model at epoch 1448 saved to checkpoints/etas_kernel_cb_hab4_20260407/last_model_1.pth
2026-04-07 13:40:36,070 INFO src.train.trainer: Epoch 1449
2026-04-07 13:40:36,134 INFO src.train.trainer: New best validation loss: -5.8003, saved to checkpoints/etas_kernel_cb_hab4_20260407/best_model_1.pth
2026-04-07 13:40:36,137 INFO src.train.trainer: Last model at epoch 1449 saved to checkpoints/etas_kernel_cb_hab4_20260407/last_model_1.pth
2026-04-07 13:40:36,137 INFO src.train.trainer: Epoch 1450
2026-04-07 13:40:36,200 INFO src.train.trainer: New best validation loss: -5.8004, saved to checkpoints/etas_kernel_cb_hab4_20260407/best_model_1.pth
2026-04-07 13:40:36,202 INFO src.train.trainer: Last model at epoch 1450 saved to checkpoints/etas_kernel_cb_hab4_20260407/last_model_1.pth
2026-04-07 13:40:36,203 INFO src.train.trainer: Epoch 1451
2026-04-07 13:40:36,268 INFO src.train.trainer: New best validation loss: -5.8004, saved to checkpoints/etas_kernel_cb_hab4_20260407/best_model_1.pth
2026-04-07 13:40:36,270 INFO src.train.trainer: Last model at epoch 1451 saved to checkpoints/etas_kernel_cb_hab4_20260407/last_model_1.pth
2026-04-07 13:40:36,270 INFO src.train.trainer: Epoch 1452
2026-04-07 13:40:36,334 INFO src.train.trainer: New best validation loss: -5.8005, saved to checkpoints/etas_kernel_cb_hab4_20260407/best_model_1.pth
2026-04-07 13:40:36,336 INFO src.train.trainer: Last model at epoch 1452 saved to checkpoints/etas_kernel_cb_hab4_20260407/last_model_1.pth
2026-04-07 13:40:36,336 INFO src.train.trainer: Epoch 1453
2026-04-07 13:40:36,400 INFO src.train.trainer: New best validation loss: -5.8006, saved to checkpoints/etas_kernel_cb_hab4_20260407/best_model_1.pth
2026-04-07 13:40:36,402 INFO src.train.trainer: Last model at epoch 1453 saved to checkpoints/etas_kernel_cb_hab4_20260407/last_model_1.pth
2026-04-07 13:40:36,402 INFO src.train.trainer: Epoch 1454
2026-04-07 13:40:36,466 INFO src.train.trainer: New best validation loss: -5.8006, saved to checkpoints/etas_kernel_cb_hab4_20260407/best_model_1.pth
2026-04-07 13:40:36,469 INFO src.train.trainer: Last model at epoch 1454 saved to checkpoints/etas_kernel_cb_hab4_20260407/last_model_1.pth
2026-04-07 13:40:36,469 INFO src.train.trainer: Epoch 1455
2026-04-07 13:40:36,536 INFO src.train.trainer: New best validation loss: -5.8007, saved to checkpoints/etas_kernel_cb_hab4_20260407/best_model_1.pth
2026-04-07 13:40:36,538 INFO src.train.trainer: Last model at epoch 1455 saved to checkpoints/etas_kernel_cb_hab4_20260407/last_model_1.pth
2026-04-07 13:40:36,538 INFO src.train.trainer: Epoch 1456
2026-04-07 13:40:36,603 INFO src.train.trainer: New best validation loss: -5.8008, saved to checkpoints/etas_kernel_cb_hab4_20260407/best_model_1.pth
2026-04-07 13:40:36,605 INFO src.train.trainer: Last model at epoch 1456 saved to checkpoints/etas_kernel_cb_hab4_20260407/last_model_1.pth
2026-04-07 13:40:36,605 INFO src.train.trainer: Epoch 1457
2026-04-07 13:40:36,670 INFO src.train.trainer: New best validation loss: -5.8008, saved to checkpoints/etas_kernel_cb_hab4_20260407/best_model_1.pth
2026-04-07 13:40:36,672 INFO src.train.trainer: Last model at epoch 1457 saved to checkpoints/etas_kernel_cb_hab4_20260407/last_model_1.pth
2026-04-07 13:40:36,672 INFO src.train.trainer: Epoch 1458
2026-04-07 13:40:36,737 INFO src.train.trainer: New best validation loss: -5.8009, saved to checkpoints/etas_kernel_cb_hab4_20260407/best_model_1.pth
2026-04-07 13:40:36,739 INFO src.train.trainer: Last model at epoch 1458 saved to checkpoints/etas_kernel_cb_hab4_20260407/last_model_1.pth
2026-04-07 13:40:36,739 INFO src.train.trainer: Epoch 1459
2026-04-07 13:40:36,806 INFO src.train.trainer: New best validation loss: -5.8010, saved to checkpoints/etas_kernel_cb_hab4_20260407/best_model_1.pth
2026-04-07 13:40:36,809 INFO src.train.trainer: Last model at epoch 1459 saved to checkpoints/etas_kernel_cb_hab4_20260407/last_model_1.pth
2026-04-07 13:40:36,809 INFO src.train.trainer: Epoch 1460
2026-04-07 13:40:36,876 INFO src.train.trainer: New best validation loss: -5.8010, saved to checkpoints/etas_kernel_cb_hab4_20260407/best_model_1.pth
2026-04-07 13:40:36,878 INFO src.train.trainer: Last model at epoch 1460 saved to checkpoints/etas_kernel_cb_hab4_20260407/last_model_1.pth
2026-04-07 13:40:36,878 INFO src.train.trainer: Epoch 1461
2026-04-07 13:40:36,943 INFO src.train.trainer: New best validation loss: -5.8011, saved to checkpoints/etas_kernel_cb_hab4_20260407/best_model_1.pth
2026-04-07 13:40:36,946 INFO src.train.trainer: Last model at epoch 1461 saved to checkpoints/etas_kernel_cb_hab4_20260407/last_model_1.pth
2026-04-07 13:40:36,946 INFO src.train.trainer: Epoch 1462
2026-04-07 13:40:37,011 INFO src.train.trainer: New best validation loss: -5.8012, saved to checkpoints/etas_kernel_cb_hab4_20260407/best_model_1.pth
2026-04-07 13:40:37,014 INFO src.train.trainer: Last model at epoch 1462 saved to checkpoints/etas_kernel_cb_hab4_20260407/last_model_1.pth
2026-04-07 13:40:37,015 INFO src.train.trainer: Epoch 1463
2026-04-07 13:40:37,079 INFO src.train.trainer: New best validation loss: -5.8012, saved to checkpoints/etas_kernel_cb_hab4_20260407/best_model_1.pth
2026-04-07 13:40:37,081 INFO src.train.trainer: Last model at epoch 1463 saved to checkpoints/etas_kernel_cb_hab4_20260407/last_model_1.pth
2026-04-07 13:40:37,081 INFO src.train.trainer: Epoch 1464
2026-04-07 13:40:37,146 INFO src.train.trainer: New best validation loss: -5.8013, saved to checkpoints/etas_kernel_cb_hab4_20260407/best_model_1.pth
2026-04-07 13:40:37,148 INFO src.train.trainer: Last model at epoch 1464 saved to checkpoints/etas_kernel_cb_hab4_20260407/last_model_1.pth
2026-04-07 13:40:37,148 INFO src.train.trainer: Epoch 1465
2026-04-07 13:40:37,216 INFO src.train.trainer: New best validation loss: -5.8014, saved to checkpoints/etas_kernel_cb_hab4_20260407/best_model_1.pth
2026-04-07 13:40:37,218 INFO src.train.trainer: Last model at epoch 1465 saved to checkpoints/etas_kernel_cb_hab4_20260407/last_model_1.pth
2026-04-07 13:40:37,218 INFO src.train.trainer: Epoch 1466
2026-04-07 13:40:37,281 INFO src.train.trainer: New best validation loss: -5.8014, saved to checkpoints/etas_kernel_cb_hab4_20260407/best_model_1.pth
2026-04-07 13:40:37,284 INFO src.train.trainer: Last model at epoch 1466 saved to checkpoints/etas_kernel_cb_hab4_20260407/last_model_1.pth
2026-04-07 13:40:37,284 INFO src.train.trainer: Epoch 1467
2026-04-07 13:40:37,348 INFO src.train.trainer: New best validation loss: -5.8015, saved to checkpoints/etas_kernel_cb_hab4_20260407/best_model_1.pth
2026-04-07 13:40:37,350 INFO src.train.trainer: Last model at epoch 1467 saved to checkpoints/etas_kernel_cb_hab4_20260407/last_model_1.pth
2026-04-07 13:40:37,351 INFO src.train.trainer: Epoch 1468
2026-04-07 13:40:37,416 INFO src.train.trainer: New best validation loss: -5.8016, saved to checkpoints/etas_kernel_cb_hab4_20260407/best_model_1.pth
2026-04-07 13:40:37,418 INFO src.train.trainer: Last model at epoch 1468 saved to checkpoints/etas_kernel_cb_hab4_20260407/last_model_1.pth
2026-04-07 13:40:37,418 INFO src.train.trainer: Epoch 1469
2026-04-07 13:40:37,482 INFO src.train.trainer: New best validation loss: -5.8016, saved to checkpoints/etas_kernel_cb_hab4_20260407/best_model_1.pth
2026-04-07 13:40:37,484 INFO src.train.trainer: Last model at epoch 1469 saved to checkpoints/etas_kernel_cb_hab4_20260407/last_model_1.pth
2026-04-07 13:40:37,484 INFO src.train.trainer: Epoch 1470
2026-04-07 13:40:37,548 INFO src.train.trainer: New best validation loss: -5.8017, saved to checkpoints/etas_kernel_cb_hab4_20260407/best_model_1.pth
2026-04-07 13:40:37,550 INFO src.train.trainer: Last model at epoch 1470 saved to checkpoints/etas_kernel_cb_hab4_20260407/last_model_1.pth
2026-04-07 13:40:37,550 INFO src.train.trainer: Epoch 1471
2026-04-07 13:40:37,614 INFO src.train.trainer: New best validation loss: -5.8018, saved to checkpoints/etas_kernel_cb_hab4_20260407/best_model_1.pth
2026-04-07 13:40:37,617 INFO src.train.trainer: Last model at epoch 1471 saved to checkpoints/etas_kernel_cb_hab4_20260407/last_model_1.pth
2026-04-07 13:40:37,617 INFO src.train.trainer: Epoch 1472
2026-04-07 13:40:37,684 INFO src.train.trainer: New best validation loss: -5.8018, saved to checkpoints/etas_kernel_cb_hab4_20260407/best_model_1.pth
2026-04-07 13:40:37,686 INFO src.train.trainer: Last model at epoch 1472 saved to checkpoints/etas_kernel_cb_hab4_20260407/last_model_1.pth
2026-04-07 13:40:37,686 INFO src.train.trainer: Epoch 1473
2026-04-07 13:40:37,749 INFO src.train.trainer: New best validation loss: -5.8019, saved to checkpoints/etas_kernel_cb_hab4_20260407/best_model_1.pth
2026-04-07 13:40:37,751 INFO src.train.trainer: Last model at epoch 1473 saved to checkpoints/etas_kernel_cb_hab4_20260407/last_model_1.pth
2026-04-07 13:40:37,752 INFO src.train.trainer: Epoch 1474
2026-04-07 13:40:37,817 INFO src.train.trainer: New best validation loss: -5.8020, saved to checkpoints/etas_kernel_cb_hab4_20260407/best_model_1.pth
2026-04-07 13:40:37,819 INFO src.train.trainer: Last model at epoch 1474 saved to checkpoints/etas_kernel_cb_hab4_20260407/last_model_1.pth
2026-04-07 13:40:37,819 INFO src.train.trainer: Epoch 1475
2026-04-07 13:40:37,884 INFO src.train.trainer: New best validation loss: -5.8020, saved to checkpoints/etas_kernel_cb_hab4_20260407/best_model_1.pth
2026-04-07 13:40:37,886 INFO src.train.trainer: Last model at epoch 1475 saved to checkpoints/etas_kernel_cb_hab4_20260407/last_model_1.pth
2026-04-07 13:40:37,886 INFO src.train.trainer: Epoch 1476
2026-04-07 13:40:37,951 INFO src.train.trainer: New best validation loss: -5.8021, saved to checkpoints/etas_kernel_cb_hab4_20260407/best_model_1.pth
2026-04-07 13:40:37,953 INFO src.train.trainer: Last model at epoch 1476 saved to checkpoints/etas_kernel_cb_hab4_20260407/last_model_1.pth
2026-04-07 13:40:37,953 INFO src.train.trainer: Epoch 1477
2026-04-07 13:40:38,018 INFO src.train.trainer: New best validation loss: -5.8022, saved to checkpoints/etas_kernel_cb_hab4_20260407/best_model_1.pth
2026-04-07 13:40:38,020 INFO src.train.trainer: Last model at epoch 1477 saved to checkpoints/etas_kernel_cb_hab4_20260407/last_model_1.pth
2026-04-07 13:40:38,020 INFO src.train.trainer: Epoch 1478
2026-04-07 13:40:38,085 INFO src.train.trainer: New best validation loss: -5.8022, saved to checkpoints/etas_kernel_cb_hab4_20260407/best_model_1.pth
2026-04-07 13:40:38,087 INFO src.train.trainer: Last model at epoch 1478 saved to checkpoints/etas_kernel_cb_hab4_20260407/last_model_1.pth
2026-04-07 13:40:38,087 INFO src.train.trainer: Epoch 1479
2026-04-07 13:40:38,152 INFO src.train.trainer: New best validation loss: -5.8023, saved to checkpoints/etas_kernel_cb_hab4_20260407/best_model_1.pth
2026-04-07 13:40:38,154 INFO src.train.trainer: Last model at epoch 1479 saved to checkpoints/etas_kernel_cb_hab4_20260407/last_model_1.pth
2026-04-07 13:40:38,154 INFO src.train.trainer: Epoch 1480
2026-04-07 13:40:38,218 INFO src.train.trainer: New best validation loss: -5.8024, saved to checkpoints/etas_kernel_cb_hab4_20260407/best_model_1.pth
2026-04-07 13:40:38,220 INFO src.train.trainer: Last model at epoch 1480 saved to checkpoints/etas_kernel_cb_hab4_20260407/last_model_1.pth
2026-04-07 13:40:38,220 INFO src.train.trainer: Epoch 1481
2026-04-07 13:40:38,285 INFO src.train.trainer: New best validation loss: -5.8024, saved to checkpoints/etas_kernel_cb_hab4_20260407/best_model_1.pth
2026-04-07 13:40:38,287 INFO src.train.trainer: Last model at epoch 1481 saved to checkpoints/etas_kernel_cb_hab4_20260407/last_model_1.pth
2026-04-07 13:40:38,287 INFO src.train.trainer: Epoch 1482
2026-04-07 13:40:38,351 INFO src.train.trainer: New best validation loss: -5.8025, saved to checkpoints/etas_kernel_cb_hab4_20260407/best_model_1.pth
2026-04-07 13:40:38,353 INFO src.train.trainer: Last model at epoch 1482 saved to checkpoints/etas_kernel_cb_hab4_20260407/last_model_1.pth
2026-04-07 13:40:38,353 INFO src.train.trainer: Epoch 1483
2026-04-07 13:40:38,418 INFO src.train.trainer: New best validation loss: -5.8026, saved to checkpoints/etas_kernel_cb_hab4_20260407/best_model_1.pth
2026-04-07 13:40:38,420 INFO src.train.trainer: Last model at epoch 1483 saved to checkpoints/etas_kernel_cb_hab4_20260407/last_model_1.pth
2026-04-07 13:40:38,420 INFO src.train.trainer: Epoch 1484
2026-04-07 13:40:38,485 INFO src.train.trainer: New best validation loss: -5.8026, saved to checkpoints/etas_kernel_cb_hab4_20260407/best_model_1.pth
2026-04-07 13:40:38,487 INFO src.train.trainer: Last model at epoch 1484 saved to checkpoints/etas_kernel_cb_hab4_20260407/last_model_1.pth
2026-04-07 13:40:38,487 INFO src.train.trainer: Epoch 1485
2026-04-07 13:40:38,551 INFO src.train.trainer: New best validation loss: -5.8027, saved to checkpoints/etas_kernel_cb_hab4_20260407/best_model_1.pth
2026-04-07 13:40:38,553 INFO src.train.trainer: Last model at epoch 1485 saved to checkpoints/etas_kernel_cb_hab4_20260407/last_model_1.pth
2026-04-07 13:40:38,554 INFO src.train.trainer: Epoch 1486
2026-04-07 13:40:38,619 INFO src.train.trainer: New best validation loss: -5.8028, saved to checkpoints/etas_kernel_cb_hab4_20260407/best_model_1.pth
2026-04-07 13:40:38,621 INFO src.train.trainer: Last model at epoch 1486 saved to checkpoints/etas_kernel_cb_hab4_20260407/last_model_1.pth
2026-04-07 13:40:38,622 INFO src.train.trainer: Epoch 1487
2026-04-07 13:40:38,686 INFO src.train.trainer: New best validation loss: -5.8028, saved to checkpoints/etas_kernel_cb_hab4_20260407/best_model_1.pth
2026-04-07 13:40:38,689 INFO src.train.trainer: Last model at epoch 1487 saved to checkpoints/etas_kernel_cb_hab4_20260407/last_model_1.pth
2026-04-07 13:40:38,689 INFO src.train.trainer: Epoch 1488
2026-04-07 13:40:38,755 INFO src.train.trainer: New best validation loss: -5.8029, saved to checkpoints/etas_kernel_cb_hab4_20260407/best_model_1.pth
2026-04-07 13:40:38,758 INFO src.train.trainer: Last model at epoch 1488 saved to checkpoints/etas_kernel_cb_hab4_20260407/last_model_1.pth
2026-04-07 13:40:38,758 INFO src.train.trainer: Epoch 1489
2026-04-07 13:40:38,831 INFO src.train.trainer: New best validation loss: -5.8029, saved to checkpoints/etas_kernel_cb_hab4_20260407/best_model_1.pth
2026-04-07 13:40:38,834 INFO src.train.trainer: Last model at epoch 1489 saved to checkpoints/etas_kernel_cb_hab4_20260407/last_model_1.pth
2026-04-07 13:40:38,834 INFO src.train.trainer: Epoch 1490
2026-04-07 13:40:38,906 INFO src.train.trainer: New best validation loss: -5.8030, saved to checkpoints/etas_kernel_cb_hab4_20260407/best_model_1.pth
2026-04-07 13:40:38,908 INFO src.train.trainer: Last model at epoch 1490 saved to checkpoints/etas_kernel_cb_hab4_20260407/last_model_1.pth
2026-04-07 13:40:38,908 INFO src.train.trainer: Epoch 1491
2026-04-07 13:40:38,978 INFO src.train.trainer: New best validation loss: -5.8031, saved to checkpoints/etas_kernel_cb_hab4_20260407/best_model_1.pth
2026-04-07 13:40:38,981 INFO src.train.trainer: Last model at epoch 1491 saved to checkpoints/etas_kernel_cb_hab4_20260407/last_model_1.pth
2026-04-07 13:40:38,981 INFO src.train.trainer: Epoch 1492
2026-04-07 13:40:39,052 INFO src.train.trainer: New best validation loss: -5.8031, saved to checkpoints/etas_kernel_cb_hab4_20260407/best_model_1.pth
2026-04-07 13:40:39,054 INFO src.train.trainer: Last model at epoch 1492 saved to checkpoints/etas_kernel_cb_hab4_20260407/last_model_1.pth
2026-04-07 13:40:39,054 INFO src.train.trainer: Epoch 1493
2026-04-07 13:40:39,117 INFO src.train.trainer: New best validation loss: -5.8032, saved to checkpoints/etas_kernel_cb_hab4_20260407/best_model_1.pth
2026-04-07 13:40:39,118 INFO src.train.trainer: Last model at epoch 1493 saved to checkpoints/etas_kernel_cb_hab4_20260407/last_model_1.pth
2026-04-07 13:40:39,118 INFO src.train.trainer: Epoch 1494
2026-04-07 13:40:39,179 INFO src.train.trainer: New best validation loss: -5.8033, saved to checkpoints/etas_kernel_cb_hab4_20260407/best_model_1.pth
2026-04-07 13:40:39,181 INFO src.train.trainer: Last model at epoch 1494 saved to checkpoints/etas_kernel_cb_hab4_20260407/last_model_1.pth
2026-04-07 13:40:39,181 INFO src.train.trainer: Epoch 1495
2026-04-07 13:40:39,246 INFO src.train.trainer: New best validation loss: -5.8033, saved to checkpoints/etas_kernel_cb_hab4_20260407/best_model_1.pth
2026-04-07 13:40:39,248 INFO src.train.trainer: Last model at epoch 1495 saved to checkpoints/etas_kernel_cb_hab4_20260407/last_model_1.pth
2026-04-07 13:40:39,248 INFO src.train.trainer: Epoch 1496
2026-04-07 13:40:39,321 INFO src.train.trainer: New best validation loss: -5.8034, saved to checkpoints/etas_kernel_cb_hab4_20260407/best_model_1.pth
2026-04-07 13:40:39,323 INFO src.train.trainer: Last model at epoch 1496 saved to checkpoints/etas_kernel_cb_hab4_20260407/last_model_1.pth
2026-04-07 13:40:39,323 INFO src.train.trainer: Epoch 1497
2026-04-07 13:40:39,393 INFO src.train.trainer: New best validation loss: -5.8035, saved to checkpoints/etas_kernel_cb_hab4_20260407/best_model_1.pth
2026-04-07 13:40:39,394 INFO src.train.trainer: Last model at epoch 1497 saved to checkpoints/etas_kernel_cb_hab4_20260407/last_model_1.pth
2026-04-07 13:40:39,395 INFO src.train.trainer: Epoch 1498
2026-04-07 13:40:39,454 INFO src.train.trainer: New best validation loss: -5.8035, saved to checkpoints/etas_kernel_cb_hab4_20260407/best_model_1.pth
2026-04-07 13:40:39,456 INFO src.train.trainer: Last model at epoch 1498 saved to checkpoints/etas_kernel_cb_hab4_20260407/last_model_1.pth
2026-04-07 13:40:39,456 INFO src.train.trainer: Epoch 1499
2026-04-07 13:40:39,515 INFO src.train.trainer: New best validation loss: -5.8036, saved to checkpoints/etas_kernel_cb_hab4_20260407/best_model_1.pth
2026-04-07 13:40:39,517 INFO src.train.trainer: Last model at epoch 1499 saved to checkpoints/etas_kernel_cb_hab4_20260407/last_model_1.pth
2026-04-07 13:40:39,517 INFO src.train.trainer: Epoch 1500
2026-04-07 13:40:39,575 INFO src.train.trainer: New best validation loss: -5.8037, saved to checkpoints/etas_kernel_cb_hab4_20260407/best_model_1.pth
2026-04-07 13:40:39,576 INFO src.train.trainer: Last model at epoch 1500 saved to checkpoints/etas_kernel_cb_hab4_20260407/last_model_1.pth
2026-04-07 13:41:51,648 INFO src.data.catalog: Loading existing catalog from /root/autodl-tmp/em_eqf/data/CB_HAB4/catalogs/7d831c6f.
2026-04-07 13:41:51,684 INFO src.data.preparation: Number of training events: 2963
2026-04-07 13:41:51,685 INFO src.data.preparation: Number of validation events: 995
2026-04-07 13:41:51,685 INFO src.data.preparation: Number of test events: 724
2026-04-07 13:41:52,024 INFO src.train.config_setup: load_specific_parts: None
2026-04-07 13:41:52,025 INFO src.train.config_setup: Checkpoint loaded: <All keys matched successfully>
2026-04-07 13:41:52,026 INFO src.train.config_setup: hyperparameters: {'model': 'etas', 'num_event_types': 1, 'pad_token_id': 1, 'task_type': 'tpp', 'bg_model': 'kernel', 'bg_model_cfg': {'d_feature': 1, 'scale_init': 300.0, 'kernel_type': 'gamma', 'kernel_size': 256, 'normalize_kernel': True, 'use_mlp': True, 'hidden': 32, 'gamma_init_k': 4.0, 'gamma_init_beta': 0.08, 'exp_init_tau': 40.0}, 'bg_learning_rate': 0.0005, 'fix_mu': True, 'fixed_mu_value': 0, 'richter_b': None, 'base_rate_init': 0.26, 'batch_size': 1, 'accumulation_steps': 1, 'warmup_ratio': 0.1, 'learning_rate': 0.001, 'weight_decay': 0.005, 'loss_reduction': 'per_event', 'scheduler_factor': None, 'scheduler_patience': None, 'scheduler_threshold': None, 'scheduler_min_lr': 1e-06, 'scheduler_type': 'step_warmup', 'step_lr_step_size_ratio': 0.2, 'step_lr_gamma': 0.8, 'dim': 1, 'epochs': 1500, 'save_dir': 'checkpoints/etas_kernel_cb_hab4_20260407', 'cuda_id': '0', 'dataset': 'CB_HAB4', 'seed': 0, 'minibatch_training': False, 'split_by_time': True, 'time_order': ['train', 'val', 'test'], 'catalog_cfg': {'freq': '1D', 'mag_completeness': 0.9}, 'cuda': True, 'tau_mean': 0.006068115588277578, 'time_min': 0.0, 'tau_min': 4.789910690305987e-10, 'tau_max': 3.5911457538604736, 'tau_q05': 0.0007754630059935153, 'tau_q025': 3.4722001146292314e-05, 'mag_mean': 1.2605804204940796, 'time_max': 17.985092163085938, 'time_mean': 12.524797439575195, 'mag_completeness': 0.9, 'richter_b_mle': 1.1879588116789888, 'precision': 32, 'num_events_train': 2963, 'num_events_val': 995, 'num_events_test': 724, 'start_epoch': 0, 'best_val_loss': inf}
2026-04-07 13:41:52,026 INFO src.train.config_setup: train_metrics: {'avg_time_nll': -4.9319281578063965, 'avg_total_nll': -4.9319281578063965}
2026-04-07 13:41:52,026 INFO src.train.config_setup: val_metrics: {'avg_time_nll': -5.803674697875977, 'avg_total_nll': -5.803674697875977}
2026-04-07 13:41:52,529 INFO __main__: Saved test metrics to checkpoints/etas_kernel_cb_hab4_20260407/metrics_test_best_1.json
2026-04-07 13:41:52,529 INFO __main__: Metrics: {'nll_train_time': -4.93198823928833, 'nll_train_total': -4.93198823928833, 'nll_val_time': -5.803674697875977, 'nll_val_total': -5.803674697875977, 'nll_test_time': -4.603829383850098, 'nll_test_total': -4.603829383850098, 'num_events_train': 2963, 'num_events_val': 995, 'num_events_test': 724}
