2026-03-30 18:35:26,583 INFO src.data.catalog: Loading existing catalog from /root/autodl-tmp/em_eqf/data/CB_HAB4/catalogs/7d831c6f.
2026-03-30 18:35:26,611 INFO src.data.preparation: Number of training events: 2963
2026-03-30 18:35:26,612 INFO src.data.preparation: Number of validation events: 995
2026-03-30 18:35:26,612 INFO src.data.preparation: Number of test events: 724
2026-03-30 18:35:26,612 INFO __main__: No resume path provided. Training will start from scratch.
2026-03-30 18:35:27,456 INFO src.train.trainer: Epoch 1
2026-03-30 18:35:28,179 INFO src.train.trainer: New best validation loss: -3.9975, saved to checkpoints/etas_20260330-183526/best_model_1.pth
2026-03-30 18:35:28,181 INFO src.train.trainer: Last model at epoch 1 saved to checkpoints/etas_20260330-183526/last_model_1.pth
2026-03-30 18:35:28,181 INFO src.train.trainer: Epoch 2
2026-03-30 18:35:28,221 INFO src.train.trainer: New best validation loss: -3.9976, saved to checkpoints/etas_20260330-183526/best_model_1.pth
2026-03-30 18:35:28,223 INFO src.train.trainer: Last model at epoch 2 saved to checkpoints/etas_20260330-183526/last_model_1.pth
2026-03-30 18:35:28,223 INFO src.train.trainer: Epoch 3
2026-03-30 18:35:28,261 INFO src.train.trainer: New best validation loss: -3.9977, saved to checkpoints/etas_20260330-183526/best_model_1.pth
2026-03-30 18:35:28,263 INFO src.train.trainer: Last model at epoch 3 saved to checkpoints/etas_20260330-183526/last_model_1.pth
2026-03-30 18:35:28,263 INFO src.train.trainer: Epoch 4
2026-03-30 18:35:28,303 INFO src.train.trainer: New best validation loss: -3.9978, saved to checkpoints/etas_20260330-183526/best_model_1.pth
2026-03-30 18:35:28,305 INFO src.train.trainer: Last model at epoch 4 saved to checkpoints/etas_20260330-183526/last_model_1.pth
2026-03-30 18:35:28,305 INFO src.train.trainer: Epoch 5
2026-03-30 18:35:28,345 INFO src.train.trainer: New best validation loss: -3.9979, saved to checkpoints/etas_20260330-183526/best_model_1.pth
2026-03-30 18:35:28,346 INFO src.train.trainer: Last model at epoch 5 saved to checkpoints/etas_20260330-183526/last_model_1.pth
2026-03-30 18:35:28,346 INFO src.train.trainer: Epoch 6
2026-03-30 18:35:28,386 INFO src.train.trainer: New best validation loss: -3.9981, saved to checkpoints/etas_20260330-183526/best_model_1.pth
2026-03-30 18:35:28,388 INFO src.train.trainer: Last model at epoch 6 saved to checkpoints/etas_20260330-183526/last_model_1.pth
2026-03-30 18:35:28,388 INFO src.train.trainer: Epoch 7
2026-03-30 18:35:28,435 INFO src.train.trainer: New best validation loss: -3.9983, saved to checkpoints/etas_20260330-183526/best_model_1.pth
2026-03-30 18:35:28,438 INFO src.train.trainer: Last model at epoch 7 saved to checkpoints/etas_20260330-183526/last_model_1.pth
2026-03-30 18:35:28,438 INFO src.train.trainer: Epoch 8
2026-03-30 18:35:28,482 INFO src.train.trainer: New best validation loss: -3.9985, saved to checkpoints/etas_20260330-183526/best_model_1.pth
2026-03-30 18:35:28,484 INFO src.train.trainer: Last model at epoch 8 saved to checkpoints/etas_20260330-183526/last_model_1.pth
2026-03-30 18:35:28,484 INFO src.train.trainer: Epoch 9
2026-03-30 18:35:28,529 INFO src.train.trainer: New best validation loss: -3.9987, saved to checkpoints/etas_20260330-183526/best_model_1.pth
2026-03-30 18:35:28,531 INFO src.train.trainer: Last model at epoch 9 saved to checkpoints/etas_20260330-183526/last_model_1.pth
2026-03-30 18:35:28,531 INFO src.train.trainer: Epoch 10
2026-03-30 18:35:28,578 INFO src.train.trainer: New best validation loss: -3.9990, saved to checkpoints/etas_20260330-183526/best_model_1.pth
2026-03-30 18:35:28,580 INFO src.train.trainer: Last model at epoch 10 saved to checkpoints/etas_20260330-183526/last_model_1.pth
2026-03-30 18:35:28,580 INFO src.train.trainer: Epoch 11
2026-03-30 18:35:28,628 INFO src.train.trainer: New best validation loss: -3.9993, saved to checkpoints/etas_20260330-183526/best_model_1.pth
2026-03-30 18:35:28,630 INFO src.train.trainer: Last model at epoch 11 saved to checkpoints/etas_20260330-183526/last_model_1.pth
2026-03-30 18:35:28,630 INFO src.train.trainer: Epoch 12
2026-03-30 18:35:28,678 INFO src.train.trainer: New best validation loss: -3.9996, saved to checkpoints/etas_20260330-183526/best_model_1.pth
2026-03-30 18:35:28,681 INFO src.train.trainer: Last model at epoch 12 saved to checkpoints/etas_20260330-183526/last_model_1.pth
2026-03-30 18:35:28,681 INFO src.train.trainer: Epoch 13
2026-03-30 18:35:28,734 INFO src.train.trainer: New best validation loss: -3.9999, saved to checkpoints/etas_20260330-183526/best_model_1.pth
2026-03-30 18:35:28,736 INFO src.train.trainer: Last model at epoch 13 saved to checkpoints/etas_20260330-183526/last_model_1.pth
2026-03-30 18:35:28,736 INFO src.train.trainer: Epoch 14
2026-03-30 18:35:28,791 INFO src.train.trainer: New best validation loss: -4.0003, saved to checkpoints/etas_20260330-183526/best_model_1.pth
2026-03-30 18:35:28,793 INFO src.train.trainer: Last model at epoch 14 saved to checkpoints/etas_20260330-183526/last_model_1.pth
2026-03-30 18:35:28,793 INFO src.train.trainer: Epoch 15
2026-03-30 18:35:28,845 INFO src.train.trainer: New best validation loss: -4.0007, saved to checkpoints/etas_20260330-183526/best_model_1.pth
2026-03-30 18:35:28,847 INFO src.train.trainer: Last model at epoch 15 saved to checkpoints/etas_20260330-183526/last_model_1.pth
2026-03-30 18:35:28,847 INFO src.train.trainer: Epoch 16
2026-03-30 18:35:28,899 INFO src.train.trainer: New best validation loss: -4.0011, saved to checkpoints/etas_20260330-183526/best_model_1.pth
2026-03-30 18:35:28,901 INFO src.train.trainer: Last model at epoch 16 saved to checkpoints/etas_20260330-183526/last_model_1.pth
2026-03-30 18:35:28,901 INFO src.train.trainer: Epoch 17
2026-03-30 18:35:28,958 INFO src.train.trainer: New best validation loss: -4.0015, saved to checkpoints/etas_20260330-183526/best_model_1.pth
2026-03-30 18:35:28,960 INFO src.train.trainer: Last model at epoch 17 saved to checkpoints/etas_20260330-183526/last_model_1.pth
2026-03-30 18:35:28,960 INFO src.train.trainer: Epoch 18
2026-03-30 18:35:29,016 INFO src.train.trainer: New best validation loss: -4.0020, saved to checkpoints/etas_20260330-183526/best_model_1.pth
2026-03-30 18:35:29,018 INFO src.train.trainer: Last model at epoch 18 saved to checkpoints/etas_20260330-183526/last_model_1.pth
2026-03-30 18:35:29,018 INFO src.train.trainer: Epoch 19
2026-03-30 18:35:29,073 INFO src.train.trainer: New best validation loss: -4.0025, saved to checkpoints/etas_20260330-183526/best_model_1.pth
2026-03-30 18:35:29,075 INFO src.train.trainer: Last model at epoch 19 saved to checkpoints/etas_20260330-183526/last_model_1.pth
2026-03-30 18:35:29,075 INFO src.train.trainer: Epoch 20
2026-03-30 18:35:29,134 INFO src.train.trainer: New best validation loss: -4.0030, saved to checkpoints/etas_20260330-183526/best_model_1.pth
2026-03-30 18:35:29,136 INFO src.train.trainer: Last model at epoch 20 saved to checkpoints/etas_20260330-183526/last_model_1.pth
2026-03-30 18:35:29,136 INFO src.train.trainer: Epoch 21
2026-03-30 18:35:29,197 INFO src.train.trainer: New best validation loss: -4.0035, saved to checkpoints/etas_20260330-183526/best_model_1.pth
2026-03-30 18:35:29,199 INFO src.train.trainer: Last model at epoch 21 saved to checkpoints/etas_20260330-183526/last_model_1.pth
2026-03-30 18:35:29,199 INFO src.train.trainer: Epoch 22
2026-03-30 18:35:29,258 INFO src.train.trainer: New best validation loss: -4.0041, saved to checkpoints/etas_20260330-183526/best_model_1.pth
2026-03-30 18:35:29,260 INFO src.train.trainer: Last model at epoch 22 saved to checkpoints/etas_20260330-183526/last_model_1.pth
2026-03-30 18:35:29,260 INFO src.train.trainer: Epoch 23
2026-03-30 18:35:29,319 INFO src.train.trainer: New best validation loss: -4.0047, saved to checkpoints/etas_20260330-183526/best_model_1.pth
2026-03-30 18:35:29,321 INFO src.train.trainer: Last model at epoch 23 saved to checkpoints/etas_20260330-183526/last_model_1.pth
2026-03-30 18:35:29,321 INFO src.train.trainer: Epoch 24
2026-03-30 18:35:29,382 INFO src.train.trainer: New best validation loss: -4.0053, saved to checkpoints/etas_20260330-183526/best_model_1.pth
2026-03-30 18:35:29,384 INFO src.train.trainer: Last model at epoch 24 saved to checkpoints/etas_20260330-183526/last_model_1.pth
2026-03-30 18:35:29,385 INFO src.train.trainer: Epoch 25
2026-03-30 18:35:29,445 INFO src.train.trainer: New best validation loss: -4.0059, saved to checkpoints/etas_20260330-183526/best_model_1.pth
2026-03-30 18:35:29,447 INFO src.train.trainer: Last model at epoch 25 saved to checkpoints/etas_20260330-183526/last_model_1.pth
2026-03-30 18:35:29,447 INFO src.train.trainer: Epoch 26
2026-03-30 18:35:29,506 INFO src.train.trainer: New best validation loss: -4.0066, saved to checkpoints/etas_20260330-183526/best_model_1.pth
2026-03-30 18:35:29,509 INFO src.train.trainer: Last model at epoch 26 saved to checkpoints/etas_20260330-183526/last_model_1.pth
2026-03-30 18:35:29,509 INFO src.train.trainer: Epoch 27
2026-03-30 18:35:29,571 INFO src.train.trainer: New best validation loss: -4.0073, saved to checkpoints/etas_20260330-183526/best_model_1.pth
2026-03-30 18:35:29,574 INFO src.train.trainer: Last model at epoch 27 saved to checkpoints/etas_20260330-183526/last_model_1.pth
2026-03-30 18:35:29,574 INFO src.train.trainer: Epoch 28
2026-03-30 18:35:29,639 INFO src.train.trainer: New best validation loss: -4.0080, saved to checkpoints/etas_20260330-183526/best_model_1.pth
2026-03-30 18:35:29,642 INFO src.train.trainer: Last model at epoch 28 saved to checkpoints/etas_20260330-183526/last_model_1.pth
2026-03-30 18:35:29,642 INFO src.train.trainer: Epoch 29
2026-03-30 18:35:29,706 INFO src.train.trainer: New best validation loss: -4.0088, saved to checkpoints/etas_20260330-183526/best_model_1.pth
2026-03-30 18:35:29,708 INFO src.train.trainer: Last model at epoch 29 saved to checkpoints/etas_20260330-183526/last_model_1.pth
2026-03-30 18:35:29,708 INFO src.train.trainer: Epoch 30
2026-03-30 18:35:29,772 INFO src.train.trainer: New best validation loss: -4.0095, saved to checkpoints/etas_20260330-183526/best_model_1.pth
2026-03-30 18:35:29,774 INFO src.train.trainer: Last model at epoch 30 saved to checkpoints/etas_20260330-183526/last_model_1.pth
2026-03-30 18:35:29,774 INFO src.train.trainer: Epoch 31
2026-03-30 18:35:29,842 INFO src.train.trainer: New best validation loss: -4.0103, saved to checkpoints/etas_20260330-183526/best_model_1.pth
2026-03-30 18:35:29,844 INFO src.train.trainer: Last model at epoch 31 saved to checkpoints/etas_20260330-183526/last_model_1.pth
2026-03-30 18:35:29,845 INFO src.train.trainer: Epoch 32
2026-03-30 18:35:29,911 INFO src.train.trainer: New best validation loss: -4.0111, saved to checkpoints/etas_20260330-183526/best_model_1.pth
2026-03-30 18:35:29,913 INFO src.train.trainer: Last model at epoch 32 saved to checkpoints/etas_20260330-183526/last_model_1.pth
2026-03-30 18:35:29,914 INFO src.train.trainer: Epoch 33
2026-03-30 18:35:29,982 INFO src.train.trainer: New best validation loss: -4.0120, saved to checkpoints/etas_20260330-183526/best_model_1.pth
2026-03-30 18:35:29,984 INFO src.train.trainer: Last model at epoch 33 saved to checkpoints/etas_20260330-183526/last_model_1.pth
2026-03-30 18:35:29,985 INFO src.train.trainer: Epoch 34
2026-03-30 18:35:30,040 INFO src.train.trainer: New best validation loss: -4.0129, saved to checkpoints/etas_20260330-183526/best_model_1.pth
2026-03-30 18:35:30,042 INFO src.train.trainer: Last model at epoch 34 saved to checkpoints/etas_20260330-183526/last_model_1.pth
2026-03-30 18:35:30,042 INFO src.train.trainer: Epoch 35
2026-03-30 18:35:30,092 INFO src.train.trainer: New best validation loss: -4.0138, saved to checkpoints/etas_20260330-183526/best_model_1.pth
2026-03-30 18:35:30,094 INFO src.train.trainer: Last model at epoch 35 saved to checkpoints/etas_20260330-183526/last_model_1.pth
2026-03-30 18:35:30,094 INFO src.train.trainer: Epoch 36
2026-03-30 18:35:30,154 INFO src.train.trainer: New best validation loss: -4.0147, saved to checkpoints/etas_20260330-183526/best_model_1.pth
2026-03-30 18:35:30,156 INFO src.train.trainer: Last model at epoch 36 saved to checkpoints/etas_20260330-183526/last_model_1.pth
2026-03-30 18:35:30,156 INFO src.train.trainer: Epoch 37
2026-03-30 18:35:30,305 INFO src.train.trainer: New best validation loss: -4.0156, saved to checkpoints/etas_20260330-183526/best_model_1.pth
2026-03-30 18:35:30,307 INFO src.train.trainer: Last model at epoch 37 saved to checkpoints/etas_20260330-183526/last_model_1.pth
2026-03-30 18:35:30,307 INFO src.train.trainer: Epoch 38
2026-03-30 18:35:30,369 INFO src.train.trainer: New best validation loss: -4.0166, saved to checkpoints/etas_20260330-183526/best_model_1.pth
2026-03-30 18:35:30,371 INFO src.train.trainer: Last model at epoch 38 saved to checkpoints/etas_20260330-183526/last_model_1.pth
2026-03-30 18:35:30,372 INFO src.train.trainer: Epoch 39
2026-03-30 18:35:30,439 INFO src.train.trainer: New best validation loss: -4.0176, saved to checkpoints/etas_20260330-183526/best_model_1.pth
2026-03-30 18:35:30,441 INFO src.train.trainer: Last model at epoch 39 saved to checkpoints/etas_20260330-183526/last_model_1.pth
2026-03-30 18:35:30,441 INFO src.train.trainer: Epoch 40
2026-03-30 18:35:30,506 INFO src.train.trainer: New best validation loss: -4.0186, saved to checkpoints/etas_20260330-183526/best_model_1.pth
2026-03-30 18:35:30,508 INFO src.train.trainer: Last model at epoch 40 saved to checkpoints/etas_20260330-183526/last_model_1.pth
2026-03-30 18:35:30,508 INFO src.train.trainer: Epoch 41
2026-03-30 18:35:30,574 INFO src.train.trainer: New best validation loss: -4.0197, saved to checkpoints/etas_20260330-183526/best_model_1.pth
2026-03-30 18:35:30,576 INFO src.train.trainer: Last model at epoch 41 saved to checkpoints/etas_20260330-183526/last_model_1.pth
2026-03-30 18:35:30,576 INFO src.train.trainer: Epoch 42
2026-03-30 18:35:30,647 INFO src.train.trainer: New best validation loss: -4.0208, saved to checkpoints/etas_20260330-183526/best_model_1.pth
2026-03-30 18:35:30,650 INFO src.train.trainer: Last model at epoch 42 saved to checkpoints/etas_20260330-183526/last_model_1.pth
2026-03-30 18:35:30,650 INFO src.train.trainer: Epoch 43
2026-03-30 18:35:30,729 INFO src.train.trainer: New best validation loss: -4.0219, saved to checkpoints/etas_20260330-183526/best_model_1.pth
2026-03-30 18:35:30,732 INFO src.train.trainer: Last model at epoch 43 saved to checkpoints/etas_20260330-183526/last_model_1.pth
2026-03-30 18:35:30,732 INFO src.train.trainer: Epoch 44
2026-03-30 18:35:30,811 INFO src.train.trainer: New best validation loss: -4.0230, saved to checkpoints/etas_20260330-183526/best_model_1.pth
2026-03-30 18:35:30,814 INFO src.train.trainer: Last model at epoch 44 saved to checkpoints/etas_20260330-183526/last_model_1.pth
2026-03-30 18:35:30,814 INFO src.train.trainer: Epoch 45
2026-03-30 18:35:30,893 INFO src.train.trainer: New best validation loss: -4.0242, saved to checkpoints/etas_20260330-183526/best_model_1.pth
2026-03-30 18:35:30,895 INFO src.train.trainer: Last model at epoch 45 saved to checkpoints/etas_20260330-183526/last_model_1.pth
2026-03-30 18:35:30,895 INFO src.train.trainer: Epoch 46
2026-03-30 18:35:30,968 INFO src.train.trainer: New best validation loss: -4.0254, saved to checkpoints/etas_20260330-183526/best_model_1.pth
2026-03-30 18:35:30,970 INFO src.train.trainer: Last model at epoch 46 saved to checkpoints/etas_20260330-183526/last_model_1.pth
2026-03-30 18:35:30,970 INFO src.train.trainer: Epoch 47
2026-03-30 18:35:31,039 INFO src.train.trainer: New best validation loss: -4.0266, saved to checkpoints/etas_20260330-183526/best_model_1.pth
2026-03-30 18:35:31,041 INFO src.train.trainer: Last model at epoch 47 saved to checkpoints/etas_20260330-183526/last_model_1.pth
2026-03-30 18:35:31,041 INFO src.train.trainer: Epoch 48
2026-03-30 18:35:31,112 INFO src.train.trainer: New best validation loss: -4.0278, saved to checkpoints/etas_20260330-183526/best_model_1.pth
2026-03-30 18:35:31,114 INFO src.train.trainer: Last model at epoch 48 saved to checkpoints/etas_20260330-183526/last_model_1.pth
2026-03-30 18:35:31,114 INFO src.train.trainer: Epoch 49
2026-03-30 18:35:31,182 INFO src.train.trainer: New best validation loss: -4.0291, saved to checkpoints/etas_20260330-183526/best_model_1.pth
2026-03-30 18:35:31,184 INFO src.train.trainer: Last model at epoch 49 saved to checkpoints/etas_20260330-183526/last_model_1.pth
2026-03-30 18:35:31,184 INFO src.train.trainer: Epoch 50
2026-03-30 18:35:31,252 INFO src.train.trainer: New best validation loss: -4.0304, saved to checkpoints/etas_20260330-183526/best_model_1.pth
2026-03-30 18:35:31,255 INFO src.train.trainer: Last model at epoch 50 saved to checkpoints/etas_20260330-183526/last_model_1.pth
2026-03-30 18:35:31,255 INFO src.train.trainer: Epoch 51
2026-03-30 18:35:31,327 INFO src.train.trainer: New best validation loss: -4.0317, saved to checkpoints/etas_20260330-183526/best_model_1.pth
2026-03-30 18:35:31,329 INFO src.train.trainer: Last model at epoch 51 saved to checkpoints/etas_20260330-183526/last_model_1.pth
2026-03-30 18:35:31,330 INFO src.train.trainer: Epoch 52
2026-03-30 18:35:31,397 INFO src.train.trainer: New best validation loss: -4.0331, saved to checkpoints/etas_20260330-183526/best_model_1.pth
2026-03-30 18:35:31,399 INFO src.train.trainer: Last model at epoch 52 saved to checkpoints/etas_20260330-183526/last_model_1.pth
2026-03-30 18:35:31,399 INFO src.train.trainer: Epoch 53
2026-03-30 18:35:31,469 INFO src.train.trainer: New best validation loss: -4.0345, saved to checkpoints/etas_20260330-183526/best_model_1.pth
2026-03-30 18:35:31,471 INFO src.train.trainer: Last model at epoch 53 saved to checkpoints/etas_20260330-183526/last_model_1.pth
2026-03-30 18:35:31,471 INFO src.train.trainer: Epoch 54
2026-03-30 18:35:31,542 INFO src.train.trainer: New best validation loss: -4.0359, saved to checkpoints/etas_20260330-183526/best_model_1.pth
2026-03-30 18:35:31,544 INFO src.train.trainer: Last model at epoch 54 saved to checkpoints/etas_20260330-183526/last_model_1.pth
2026-03-30 18:35:31,544 INFO src.train.trainer: Epoch 55
2026-03-30 18:35:31,610 INFO src.train.trainer: New best validation loss: -4.0373, saved to checkpoints/etas_20260330-183526/best_model_1.pth
2026-03-30 18:35:31,612 INFO src.train.trainer: Last model at epoch 55 saved to checkpoints/etas_20260330-183526/last_model_1.pth
2026-03-30 18:35:31,612 INFO src.train.trainer: Epoch 56
2026-03-30 18:35:31,681 INFO src.train.trainer: New best validation loss: -4.0388, saved to checkpoints/etas_20260330-183526/best_model_1.pth
2026-03-30 18:35:31,684 INFO src.train.trainer: Last model at epoch 56 saved to checkpoints/etas_20260330-183526/last_model_1.pth
2026-03-30 18:35:31,684 INFO src.train.trainer: Epoch 57
2026-03-30 18:35:31,757 INFO src.train.trainer: New best validation loss: -4.0403, saved to checkpoints/etas_20260330-183526/best_model_1.pth
2026-03-30 18:35:31,759 INFO src.train.trainer: Last model at epoch 57 saved to checkpoints/etas_20260330-183526/last_model_1.pth
2026-03-30 18:35:31,759 INFO src.train.trainer: Epoch 58
2026-03-30 18:35:31,826 INFO src.train.trainer: New best validation loss: -4.0418, saved to checkpoints/etas_20260330-183526/best_model_1.pth
2026-03-30 18:35:31,828 INFO src.train.trainer: Last model at epoch 58 saved to checkpoints/etas_20260330-183526/last_model_1.pth
2026-03-30 18:35:31,828 INFO src.train.trainer: Epoch 59
2026-03-30 18:35:31,897 INFO src.train.trainer: New best validation loss: -4.0434, saved to checkpoints/etas_20260330-183526/best_model_1.pth
2026-03-30 18:35:31,899 INFO src.train.trainer: Last model at epoch 59 saved to checkpoints/etas_20260330-183526/last_model_1.pth
2026-03-30 18:35:31,899 INFO src.train.trainer: Epoch 60
2026-03-30 18:35:31,966 INFO src.train.trainer: New best validation loss: -4.0450, saved to checkpoints/etas_20260330-183526/best_model_1.pth
2026-03-30 18:35:31,969 INFO src.train.trainer: Last model at epoch 60 saved to checkpoints/etas_20260330-183526/last_model_1.pth
2026-03-30 18:35:31,969 INFO src.train.trainer: Epoch 61
2026-03-30 18:35:32,035 INFO src.train.trainer: New best validation loss: -4.0466, saved to checkpoints/etas_20260330-183526/best_model_1.pth
2026-03-30 18:35:32,037 INFO src.train.trainer: Last model at epoch 61 saved to checkpoints/etas_20260330-183526/last_model_1.pth
2026-03-30 18:35:32,037 INFO src.train.trainer: Epoch 62
2026-03-30 18:35:32,103 INFO src.train.trainer: New best validation loss: -4.0483, saved to checkpoints/etas_20260330-183526/best_model_1.pth
2026-03-30 18:35:32,105 INFO src.train.trainer: Last model at epoch 62 saved to checkpoints/etas_20260330-183526/last_model_1.pth
2026-03-30 18:35:32,105 INFO src.train.trainer: Epoch 63
2026-03-30 18:35:32,170 INFO src.train.trainer: New best validation loss: -4.0500, saved to checkpoints/etas_20260330-183526/best_model_1.pth
2026-03-30 18:35:32,172 INFO src.train.trainer: Last model at epoch 63 saved to checkpoints/etas_20260330-183526/last_model_1.pth
2026-03-30 18:35:32,172 INFO src.train.trainer: Epoch 64
2026-03-30 18:35:32,237 INFO src.train.trainer: New best validation loss: -4.0517, saved to checkpoints/etas_20260330-183526/best_model_1.pth
2026-03-30 18:35:32,239 INFO src.train.trainer: Last model at epoch 64 saved to checkpoints/etas_20260330-183526/last_model_1.pth
2026-03-30 18:35:32,239 INFO src.train.trainer: Epoch 65
2026-03-30 18:35:32,305 INFO src.train.trainer: New best validation loss: -4.0535, saved to checkpoints/etas_20260330-183526/best_model_1.pth
2026-03-30 18:35:32,307 INFO src.train.trainer: Last model at epoch 65 saved to checkpoints/etas_20260330-183526/last_model_1.pth
2026-03-30 18:35:32,307 INFO src.train.trainer: Epoch 66
2026-03-30 18:35:32,375 INFO src.train.trainer: New best validation loss: -4.0553, saved to checkpoints/etas_20260330-183526/best_model_1.pth
2026-03-30 18:35:32,377 INFO src.train.trainer: Last model at epoch 66 saved to checkpoints/etas_20260330-183526/last_model_1.pth
2026-03-30 18:35:32,377 INFO src.train.trainer: Epoch 67
2026-03-30 18:35:32,444 INFO src.train.trainer: New best validation loss: -4.0571, saved to checkpoints/etas_20260330-183526/best_model_1.pth
2026-03-30 18:35:32,446 INFO src.train.trainer: Last model at epoch 67 saved to checkpoints/etas_20260330-183526/last_model_1.pth
2026-03-30 18:35:32,446 INFO src.train.trainer: Epoch 68
2026-03-30 18:35:32,514 INFO src.train.trainer: New best validation loss: -4.0589, saved to checkpoints/etas_20260330-183526/best_model_1.pth
2026-03-30 18:35:32,516 INFO src.train.trainer: Last model at epoch 68 saved to checkpoints/etas_20260330-183526/last_model_1.pth
2026-03-30 18:35:32,516 INFO src.train.trainer: Epoch 69
2026-03-30 18:35:32,585 INFO src.train.trainer: New best validation loss: -4.0608, saved to checkpoints/etas_20260330-183526/best_model_1.pth
2026-03-30 18:35:32,587 INFO src.train.trainer: Last model at epoch 69 saved to checkpoints/etas_20260330-183526/last_model_1.pth
2026-03-30 18:35:32,587 INFO src.train.trainer: Epoch 70
2026-03-30 18:35:32,650 INFO src.train.trainer: New best validation loss: -4.0627, saved to checkpoints/etas_20260330-183526/best_model_1.pth
2026-03-30 18:35:32,652 INFO src.train.trainer: Last model at epoch 70 saved to checkpoints/etas_20260330-183526/last_model_1.pth
2026-03-30 18:35:32,652 INFO src.train.trainer: Epoch 71
2026-03-30 18:35:32,713 INFO src.train.trainer: New best validation loss: -4.0647, saved to checkpoints/etas_20260330-183526/best_model_1.pth
2026-03-30 18:35:32,715 INFO src.train.trainer: Last model at epoch 71 saved to checkpoints/etas_20260330-183526/last_model_1.pth
2026-03-30 18:35:32,716 INFO src.train.trainer: Epoch 72
2026-03-30 18:35:32,774 INFO src.train.trainer: New best validation loss: -4.0667, saved to checkpoints/etas_20260330-183526/best_model_1.pth
2026-03-30 18:35:32,776 INFO src.train.trainer: Last model at epoch 72 saved to checkpoints/etas_20260330-183526/last_model_1.pth
2026-03-30 18:35:32,776 INFO src.train.trainer: Epoch 73
2026-03-30 18:35:32,831 INFO src.train.trainer: New best validation loss: -4.0687, saved to checkpoints/etas_20260330-183526/best_model_1.pth
2026-03-30 18:35:32,833 INFO src.train.trainer: Last model at epoch 73 saved to checkpoints/etas_20260330-183526/last_model_1.pth
2026-03-30 18:35:32,833 INFO src.train.trainer: Epoch 74
2026-03-30 18:35:32,883 INFO src.train.trainer: New best validation loss: -4.0708, saved to checkpoints/etas_20260330-183526/best_model_1.pth
2026-03-30 18:35:32,885 INFO src.train.trainer: Last model at epoch 74 saved to checkpoints/etas_20260330-183526/last_model_1.pth
2026-03-30 18:35:32,885 INFO src.train.trainer: Epoch 75
2026-03-30 18:35:32,934 INFO src.train.trainer: New best validation loss: -4.0729, saved to checkpoints/etas_20260330-183526/best_model_1.pth
2026-03-30 18:35:32,936 INFO src.train.trainer: Last model at epoch 75 saved to checkpoints/etas_20260330-183526/last_model_1.pth
2026-03-30 18:35:32,936 INFO src.train.trainer: Epoch 76
2026-03-30 18:35:32,987 INFO src.train.trainer: New best validation loss: -4.0750, saved to checkpoints/etas_20260330-183526/best_model_1.pth
2026-03-30 18:35:32,989 INFO src.train.trainer: Last model at epoch 76 saved to checkpoints/etas_20260330-183526/last_model_1.pth
2026-03-30 18:35:32,989 INFO src.train.trainer: Epoch 77
2026-03-30 18:35:33,041 INFO src.train.trainer: New best validation loss: -4.0772, saved to checkpoints/etas_20260330-183526/best_model_1.pth
2026-03-30 18:35:33,043 INFO src.train.trainer: Last model at epoch 77 saved to checkpoints/etas_20260330-183526/last_model_1.pth
2026-03-30 18:35:33,043 INFO src.train.trainer: Epoch 78
2026-03-30 18:35:33,096 INFO src.train.trainer: New best validation loss: -4.0794, saved to checkpoints/etas_20260330-183526/best_model_1.pth
2026-03-30 18:35:33,098 INFO src.train.trainer: Last model at epoch 78 saved to checkpoints/etas_20260330-183526/last_model_1.pth
2026-03-30 18:35:33,098 INFO src.train.trainer: Epoch 79
2026-03-30 18:35:33,158 INFO src.train.trainer: New best validation loss: -4.0816, saved to checkpoints/etas_20260330-183526/best_model_1.pth
2026-03-30 18:35:33,159 INFO src.train.trainer: Last model at epoch 79 saved to checkpoints/etas_20260330-183526/last_model_1.pth
2026-03-30 18:35:33,159 INFO src.train.trainer: Epoch 80
2026-03-30 18:35:33,214 INFO src.train.trainer: New best validation loss: -4.0839, saved to checkpoints/etas_20260330-183526/best_model_1.pth
2026-03-30 18:35:33,216 INFO src.train.trainer: Last model at epoch 80 saved to checkpoints/etas_20260330-183526/last_model_1.pth
2026-03-30 18:35:33,216 INFO src.train.trainer: Epoch 81
2026-03-30 18:35:33,274 INFO src.train.trainer: New best validation loss: -4.0862, saved to checkpoints/etas_20260330-183526/best_model_1.pth
2026-03-30 18:35:33,276 INFO src.train.trainer: Last model at epoch 81 saved to checkpoints/etas_20260330-183526/last_model_1.pth
2026-03-30 18:35:33,276 INFO src.train.trainer: Epoch 82
2026-03-30 18:35:33,335 INFO src.train.trainer: New best validation loss: -4.0885, saved to checkpoints/etas_20260330-183526/best_model_1.pth
2026-03-30 18:35:33,337 INFO src.train.trainer: Last model at epoch 82 saved to checkpoints/etas_20260330-183526/last_model_1.pth
2026-03-30 18:35:33,337 INFO src.train.trainer: Epoch 83
2026-03-30 18:35:33,397 INFO src.train.trainer: New best validation loss: -4.0909, saved to checkpoints/etas_20260330-183526/best_model_1.pth
2026-03-30 18:35:33,399 INFO src.train.trainer: Last model at epoch 83 saved to checkpoints/etas_20260330-183526/last_model_1.pth
2026-03-30 18:35:33,399 INFO src.train.trainer: Epoch 84
2026-03-30 18:35:33,456 INFO src.train.trainer: New best validation loss: -4.0933, saved to checkpoints/etas_20260330-183526/best_model_1.pth
2026-03-30 18:35:33,457 INFO src.train.trainer: Last model at epoch 84 saved to checkpoints/etas_20260330-183526/last_model_1.pth
2026-03-30 18:35:33,457 INFO src.train.trainer: Epoch 85
2026-03-30 18:35:33,516 INFO src.train.trainer: New best validation loss: -4.0957, saved to checkpoints/etas_20260330-183526/best_model_1.pth
2026-03-30 18:35:33,518 INFO src.train.trainer: Last model at epoch 85 saved to checkpoints/etas_20260330-183526/last_model_1.pth
2026-03-30 18:35:33,518 INFO src.train.trainer: Epoch 86
2026-03-30 18:35:33,576 INFO src.train.trainer: New best validation loss: -4.0982, saved to checkpoints/etas_20260330-183526/best_model_1.pth
2026-03-30 18:35:33,578 INFO src.train.trainer: Last model at epoch 86 saved to checkpoints/etas_20260330-183526/last_model_1.pth
2026-03-30 18:35:33,578 INFO src.train.trainer: Epoch 87
2026-03-30 18:35:33,637 INFO src.train.trainer: New best validation loss: -4.1007, saved to checkpoints/etas_20260330-183526/best_model_1.pth
2026-03-30 18:35:33,639 INFO src.train.trainer: Last model at epoch 87 saved to checkpoints/etas_20260330-183526/last_model_1.pth
2026-03-30 18:35:33,639 INFO src.train.trainer: Epoch 88
2026-03-30 18:35:33,699 INFO src.train.trainer: New best validation loss: -4.1033, saved to checkpoints/etas_20260330-183526/best_model_1.pth
2026-03-30 18:35:33,701 INFO src.train.trainer: Last model at epoch 88 saved to checkpoints/etas_20260330-183526/last_model_1.pth
2026-03-30 18:35:33,701 INFO src.train.trainer: Epoch 89
2026-03-30 18:35:33,763 INFO src.train.trainer: New best validation loss: -4.1059, saved to checkpoints/etas_20260330-183526/best_model_1.pth
2026-03-30 18:35:33,765 INFO src.train.trainer: Last model at epoch 89 saved to checkpoints/etas_20260330-183526/last_model_1.pth
2026-03-30 18:35:33,765 INFO src.train.trainer: Epoch 90
2026-03-30 18:35:33,821 INFO src.train.trainer: New best validation loss: -4.1086, saved to checkpoints/etas_20260330-183526/best_model_1.pth
2026-03-30 18:35:33,823 INFO src.train.trainer: Last model at epoch 90 saved to checkpoints/etas_20260330-183526/last_model_1.pth
2026-03-30 18:35:33,823 INFO src.train.trainer: Epoch 91
2026-03-30 18:35:33,887 INFO src.train.trainer: New best validation loss: -4.1112, saved to checkpoints/etas_20260330-183526/best_model_1.pth
2026-03-30 18:35:33,889 INFO src.train.trainer: Last model at epoch 91 saved to checkpoints/etas_20260330-183526/last_model_1.pth
2026-03-30 18:35:33,889 INFO src.train.trainer: Epoch 92
2026-03-30 18:35:33,946 INFO src.train.trainer: New best validation loss: -4.1139, saved to checkpoints/etas_20260330-183526/best_model_1.pth
2026-03-30 18:35:33,948 INFO src.train.trainer: Last model at epoch 92 saved to checkpoints/etas_20260330-183526/last_model_1.pth
2026-03-30 18:35:33,948 INFO src.train.trainer: Epoch 93
2026-03-30 18:35:34,000 INFO src.train.trainer: New best validation loss: -4.1167, saved to checkpoints/etas_20260330-183526/best_model_1.pth
2026-03-30 18:35:34,001 INFO src.train.trainer: Last model at epoch 93 saved to checkpoints/etas_20260330-183526/last_model_1.pth
2026-03-30 18:35:34,002 INFO src.train.trainer: Epoch 94
2026-03-30 18:35:34,062 INFO src.train.trainer: New best validation loss: -4.1194, saved to checkpoints/etas_20260330-183526/best_model_1.pth
2026-03-30 18:35:34,064 INFO src.train.trainer: Last model at epoch 94 saved to checkpoints/etas_20260330-183526/last_model_1.pth
2026-03-30 18:35:34,064 INFO src.train.trainer: Epoch 95
2026-03-30 18:35:34,123 INFO src.train.trainer: New best validation loss: -4.1222, saved to checkpoints/etas_20260330-183526/best_model_1.pth
2026-03-30 18:35:34,125 INFO src.train.trainer: Last model at epoch 95 saved to checkpoints/etas_20260330-183526/last_model_1.pth
2026-03-30 18:35:34,125 INFO src.train.trainer: Epoch 96
2026-03-30 18:35:34,182 INFO src.train.trainer: New best validation loss: -4.1251, saved to checkpoints/etas_20260330-183526/best_model_1.pth
2026-03-30 18:35:34,184 INFO src.train.trainer: Last model at epoch 96 saved to checkpoints/etas_20260330-183526/last_model_1.pth
2026-03-30 18:35:34,184 INFO src.train.trainer: Epoch 97
2026-03-30 18:35:34,252 INFO src.train.trainer: New best validation loss: -4.1280, saved to checkpoints/etas_20260330-183526/best_model_1.pth
2026-03-30 18:35:34,254 INFO src.train.trainer: Last model at epoch 97 saved to checkpoints/etas_20260330-183526/last_model_1.pth
2026-03-30 18:35:34,254 INFO src.train.trainer: Epoch 98
2026-03-30 18:35:34,316 INFO src.train.trainer: New best validation loss: -4.1309, saved to checkpoints/etas_20260330-183526/best_model_1.pth
2026-03-30 18:35:34,318 INFO src.train.trainer: Last model at epoch 98 saved to checkpoints/etas_20260330-183526/last_model_1.pth
2026-03-30 18:35:34,318 INFO src.train.trainer: Epoch 99
2026-03-30 18:35:34,371 INFO src.train.trainer: New best validation loss: -4.1339, saved to checkpoints/etas_20260330-183526/best_model_1.pth
2026-03-30 18:35:34,373 INFO src.train.trainer: Last model at epoch 99 saved to checkpoints/etas_20260330-183526/last_model_1.pth
2026-03-30 18:35:34,373 INFO src.train.trainer: Epoch 100
2026-03-30 18:35:34,430 INFO src.train.trainer: New best validation loss: -4.1368, saved to checkpoints/etas_20260330-183526/best_model_1.pth
2026-03-30 18:35:34,432 INFO src.train.trainer: Last model at epoch 100 saved to checkpoints/etas_20260330-183526/last_model_1.pth
2026-03-30 18:35:34,432 INFO src.train.trainer: Epoch 101
2026-03-30 18:35:34,489 INFO src.train.trainer: New best validation loss: -4.1399, saved to checkpoints/etas_20260330-183526/best_model_1.pth
2026-03-30 18:35:34,491 INFO src.train.trainer: Last model at epoch 101 saved to checkpoints/etas_20260330-183526/last_model_1.pth
2026-03-30 18:35:34,491 INFO src.train.trainer: Epoch 102
2026-03-30 18:35:34,556 INFO src.train.trainer: New best validation loss: -4.1430, saved to checkpoints/etas_20260330-183526/best_model_1.pth
2026-03-30 18:35:34,558 INFO src.train.trainer: Last model at epoch 102 saved to checkpoints/etas_20260330-183526/last_model_1.pth
2026-03-30 18:35:34,558 INFO src.train.trainer: Epoch 103
2026-03-30 18:35:34,619 INFO src.train.trainer: New best validation loss: -4.1461, saved to checkpoints/etas_20260330-183526/best_model_1.pth
2026-03-30 18:35:34,620 INFO src.train.trainer: Last model at epoch 103 saved to checkpoints/etas_20260330-183526/last_model_1.pth
2026-03-30 18:35:34,620 INFO src.train.trainer: Epoch 104
2026-03-30 18:35:34,680 INFO src.train.trainer: New best validation loss: -4.1493, saved to checkpoints/etas_20260330-183526/best_model_1.pth
2026-03-30 18:35:34,682 INFO src.train.trainer: Last model at epoch 104 saved to checkpoints/etas_20260330-183526/last_model_1.pth
2026-03-30 18:35:34,682 INFO src.train.trainer: Epoch 105
2026-03-30 18:35:34,747 INFO src.train.trainer: New best validation loss: -4.1525, saved to checkpoints/etas_20260330-183526/best_model_1.pth
2026-03-30 18:35:34,749 INFO src.train.trainer: Last model at epoch 105 saved to checkpoints/etas_20260330-183526/last_model_1.pth
2026-03-30 18:35:34,749 INFO src.train.trainer: Epoch 106
2026-03-30 18:35:34,818 INFO src.train.trainer: New best validation loss: -4.1557, saved to checkpoints/etas_20260330-183526/best_model_1.pth
2026-03-30 18:35:34,820 INFO src.train.trainer: Last model at epoch 106 saved to checkpoints/etas_20260330-183526/last_model_1.pth
2026-03-30 18:35:34,820 INFO src.train.trainer: Epoch 107
2026-03-30 18:35:34,882 INFO src.train.trainer: New best validation loss: -4.1590, saved to checkpoints/etas_20260330-183526/best_model_1.pth
2026-03-30 18:35:34,884 INFO src.train.trainer: Last model at epoch 107 saved to checkpoints/etas_20260330-183526/last_model_1.pth
2026-03-30 18:35:34,884 INFO src.train.trainer: Epoch 108
2026-03-30 18:35:34,946 INFO src.train.trainer: New best validation loss: -4.1623, saved to checkpoints/etas_20260330-183526/best_model_1.pth
2026-03-30 18:35:34,948 INFO src.train.trainer: Last model at epoch 108 saved to checkpoints/etas_20260330-183526/last_model_1.pth
2026-03-30 18:35:34,948 INFO src.train.trainer: Epoch 109
2026-03-30 18:35:35,012 INFO src.train.trainer: New best validation loss: -4.1657, saved to checkpoints/etas_20260330-183526/best_model_1.pth
2026-03-30 18:35:35,014 INFO src.train.trainer: Last model at epoch 109 saved to checkpoints/etas_20260330-183526/last_model_1.pth
2026-03-30 18:35:35,015 INFO src.train.trainer: Epoch 110
2026-03-30 18:35:35,075 INFO src.train.trainer: New best validation loss: -4.1692, saved to checkpoints/etas_20260330-183526/best_model_1.pth
2026-03-30 18:35:35,077 INFO src.train.trainer: Last model at epoch 110 saved to checkpoints/etas_20260330-183526/last_model_1.pth
2026-03-30 18:35:35,077 INFO src.train.trainer: Epoch 111
2026-03-30 18:35:35,145 INFO src.train.trainer: New best validation loss: -4.1726, saved to checkpoints/etas_20260330-183526/best_model_1.pth
2026-03-30 18:35:35,147 INFO src.train.trainer: Last model at epoch 111 saved to checkpoints/etas_20260330-183526/last_model_1.pth
2026-03-30 18:35:35,147 INFO src.train.trainer: Epoch 112
2026-03-30 18:35:35,204 INFO src.train.trainer: New best validation loss: -4.1762, saved to checkpoints/etas_20260330-183526/best_model_1.pth
2026-03-30 18:35:35,206 INFO src.train.trainer: Last model at epoch 112 saved to checkpoints/etas_20260330-183526/last_model_1.pth
2026-03-30 18:35:35,206 INFO src.train.trainer: Epoch 113
2026-03-30 18:35:35,268 INFO src.train.trainer: New best validation loss: -4.1831, saved to checkpoints/etas_20260330-183526/best_model_1.pth
2026-03-30 18:35:35,270 INFO src.train.trainer: Last model at epoch 113 saved to checkpoints/etas_20260330-183526/last_model_1.pth
2026-03-30 18:35:35,270 INFO src.train.trainer: Epoch 114
2026-03-30 18:35:35,334 INFO src.train.trainer: New best validation loss: -4.1918, saved to checkpoints/etas_20260330-183526/best_model_1.pth
2026-03-30 18:35:35,336 INFO src.train.trainer: Last model at epoch 114 saved to checkpoints/etas_20260330-183526/last_model_1.pth
2026-03-30 18:35:35,336 INFO src.train.trainer: Epoch 115
2026-03-30 18:35:35,395 INFO src.train.trainer: New best validation loss: -4.2004, saved to checkpoints/etas_20260330-183526/best_model_1.pth
2026-03-30 18:35:35,398 INFO src.train.trainer: Last model at epoch 115 saved to checkpoints/etas_20260330-183526/last_model_1.pth
2026-03-30 18:35:35,398 INFO src.train.trainer: Epoch 116
2026-03-30 18:35:35,461 INFO src.train.trainer: New best validation loss: -4.2091, saved to checkpoints/etas_20260330-183526/best_model_1.pth
2026-03-30 18:35:35,463 INFO src.train.trainer: Last model at epoch 116 saved to checkpoints/etas_20260330-183526/last_model_1.pth
2026-03-30 18:35:35,463 INFO src.train.trainer: Epoch 117
2026-03-30 18:35:35,524 INFO src.train.trainer: New best validation loss: -4.2178, saved to checkpoints/etas_20260330-183526/best_model_1.pth
2026-03-30 18:35:35,526 INFO src.train.trainer: Last model at epoch 117 saved to checkpoints/etas_20260330-183526/last_model_1.pth
2026-03-30 18:35:35,526 INFO src.train.trainer: Epoch 118
2026-03-30 18:35:35,587 INFO src.train.trainer: New best validation loss: -4.2264, saved to checkpoints/etas_20260330-183526/best_model_1.pth
2026-03-30 18:35:35,588 INFO src.train.trainer: Last model at epoch 118 saved to checkpoints/etas_20260330-183526/last_model_1.pth
2026-03-30 18:35:35,589 INFO src.train.trainer: Epoch 119
2026-03-30 18:35:35,649 INFO src.train.trainer: New best validation loss: -4.2351, saved to checkpoints/etas_20260330-183526/best_model_1.pth
2026-03-30 18:35:35,651 INFO src.train.trainer: Last model at epoch 119 saved to checkpoints/etas_20260330-183526/last_model_1.pth
2026-03-30 18:35:35,651 INFO src.train.trainer: Epoch 120
2026-03-30 18:35:35,710 INFO src.train.trainer: New best validation loss: -4.2438, saved to checkpoints/etas_20260330-183526/best_model_1.pth
2026-03-30 18:35:35,712 INFO src.train.trainer: Last model at epoch 120 saved to checkpoints/etas_20260330-183526/last_model_1.pth
2026-03-30 18:35:35,712 INFO src.train.trainer: Epoch 121
2026-03-30 18:35:35,774 INFO src.train.trainer: New best validation loss: -4.2525, saved to checkpoints/etas_20260330-183526/best_model_1.pth
2026-03-30 18:35:35,776 INFO src.train.trainer: Last model at epoch 121 saved to checkpoints/etas_20260330-183526/last_model_1.pth
2026-03-30 18:35:35,776 INFO src.train.trainer: Epoch 122
2026-03-30 18:35:35,836 INFO src.train.trainer: New best validation loss: -4.2612, saved to checkpoints/etas_20260330-183526/best_model_1.pth
2026-03-30 18:35:35,837 INFO src.train.trainer: Last model at epoch 122 saved to checkpoints/etas_20260330-183526/last_model_1.pth
2026-03-30 18:35:35,838 INFO src.train.trainer: Epoch 123
2026-03-30 18:35:35,897 INFO src.train.trainer: New best validation loss: -4.2699, saved to checkpoints/etas_20260330-183526/best_model_1.pth
2026-03-30 18:35:35,898 INFO src.train.trainer: Last model at epoch 123 saved to checkpoints/etas_20260330-183526/last_model_1.pth
2026-03-30 18:35:35,899 INFO src.train.trainer: Epoch 124
2026-03-30 18:35:35,959 INFO src.train.trainer: New best validation loss: -4.2786, saved to checkpoints/etas_20260330-183526/best_model_1.pth
2026-03-30 18:35:35,961 INFO src.train.trainer: Last model at epoch 124 saved to checkpoints/etas_20260330-183526/last_model_1.pth
2026-03-30 18:35:35,961 INFO src.train.trainer: Epoch 125
2026-03-30 18:35:36,025 INFO src.train.trainer: New best validation loss: -4.2874, saved to checkpoints/etas_20260330-183526/best_model_1.pth
2026-03-30 18:35:36,027 INFO src.train.trainer: Last model at epoch 125 saved to checkpoints/etas_20260330-183526/last_model_1.pth
2026-03-30 18:35:36,027 INFO src.train.trainer: Epoch 126
2026-03-30 18:35:36,092 INFO src.train.trainer: New best validation loss: -4.2961, saved to checkpoints/etas_20260330-183526/best_model_1.pth
2026-03-30 18:35:36,094 INFO src.train.trainer: Last model at epoch 126 saved to checkpoints/etas_20260330-183526/last_model_1.pth
2026-03-30 18:35:36,094 INFO src.train.trainer: Epoch 127
2026-03-30 18:35:36,157 INFO src.train.trainer: New best validation loss: -4.3048, saved to checkpoints/etas_20260330-183526/best_model_1.pth
2026-03-30 18:35:36,159 INFO src.train.trainer: Last model at epoch 127 saved to checkpoints/etas_20260330-183526/last_model_1.pth
2026-03-30 18:35:36,159 INFO src.train.trainer: Epoch 128
2026-03-30 18:35:36,224 INFO src.train.trainer: New best validation loss: -4.3137, saved to checkpoints/etas_20260330-183526/best_model_1.pth
2026-03-30 18:35:36,226 INFO src.train.trainer: Last model at epoch 128 saved to checkpoints/etas_20260330-183526/last_model_1.pth
2026-03-30 18:35:36,226 INFO src.train.trainer: Epoch 129
2026-03-30 18:35:36,295 INFO src.train.trainer: New best validation loss: -4.3224, saved to checkpoints/etas_20260330-183526/best_model_1.pth
2026-03-30 18:35:36,297 INFO src.train.trainer: Last model at epoch 129 saved to checkpoints/etas_20260330-183526/last_model_1.pth
2026-03-30 18:35:36,297 INFO src.train.trainer: Epoch 130
2026-03-30 18:35:36,363 INFO src.train.trainer: New best validation loss: -4.3313, saved to checkpoints/etas_20260330-183526/best_model_1.pth
2026-03-30 18:35:36,365 INFO src.train.trainer: Last model at epoch 130 saved to checkpoints/etas_20260330-183526/last_model_1.pth
2026-03-30 18:35:36,365 INFO src.train.trainer: Epoch 131
2026-03-30 18:35:36,434 INFO src.train.trainer: New best validation loss: -4.3402, saved to checkpoints/etas_20260330-183526/best_model_1.pth
2026-03-30 18:35:36,437 INFO src.train.trainer: Last model at epoch 131 saved to checkpoints/etas_20260330-183526/last_model_1.pth
2026-03-30 18:35:36,437 INFO src.train.trainer: Epoch 132
2026-03-30 18:35:36,507 INFO src.train.trainer: New best validation loss: -4.3490, saved to checkpoints/etas_20260330-183526/best_model_1.pth
2026-03-30 18:35:36,509 INFO src.train.trainer: Last model at epoch 132 saved to checkpoints/etas_20260330-183526/last_model_1.pth
2026-03-30 18:35:36,509 INFO src.train.trainer: Epoch 133
2026-03-30 18:35:36,565 INFO src.train.trainer: New best validation loss: -4.3579, saved to checkpoints/etas_20260330-183526/best_model_1.pth
2026-03-30 18:35:36,567 INFO src.train.trainer: Last model at epoch 133 saved to checkpoints/etas_20260330-183526/last_model_1.pth
2026-03-30 18:35:36,567 INFO src.train.trainer: Epoch 134
2026-03-30 18:35:36,615 INFO src.train.trainer: New best validation loss: -4.3668, saved to checkpoints/etas_20260330-183526/best_model_1.pth
2026-03-30 18:35:36,617 INFO src.train.trainer: Last model at epoch 134 saved to checkpoints/etas_20260330-183526/last_model_1.pth
2026-03-30 18:35:36,617 INFO src.train.trainer: Epoch 135
2026-03-30 18:35:36,669 INFO src.train.trainer: New best validation loss: -4.3756, saved to checkpoints/etas_20260330-183526/best_model_1.pth
2026-03-30 18:35:36,671 INFO src.train.trainer: Last model at epoch 135 saved to checkpoints/etas_20260330-183526/last_model_1.pth
2026-03-30 18:35:36,671 INFO src.train.trainer: Epoch 136
2026-03-30 18:35:36,726 INFO src.train.trainer: New best validation loss: -4.3846, saved to checkpoints/etas_20260330-183526/best_model_1.pth
2026-03-30 18:35:36,728 INFO src.train.trainer: Last model at epoch 136 saved to checkpoints/etas_20260330-183526/last_model_1.pth
2026-03-30 18:35:36,728 INFO src.train.trainer: Epoch 137
2026-03-30 18:35:36,772 INFO src.train.trainer: New best validation loss: -4.3934, saved to checkpoints/etas_20260330-183526/best_model_1.pth
2026-03-30 18:35:36,774 INFO src.train.trainer: Last model at epoch 137 saved to checkpoints/etas_20260330-183526/last_model_1.pth
2026-03-30 18:35:36,774 INFO src.train.trainer: Epoch 138
2026-03-30 18:35:36,817 INFO src.train.trainer: New best validation loss: -4.4023, saved to checkpoints/etas_20260330-183526/best_model_1.pth
2026-03-30 18:35:36,819 INFO src.train.trainer: Last model at epoch 138 saved to checkpoints/etas_20260330-183526/last_model_1.pth
2026-03-30 18:35:36,819 INFO src.train.trainer: Epoch 139
2026-03-30 18:35:36,866 INFO src.train.trainer: New best validation loss: -4.4112, saved to checkpoints/etas_20260330-183526/best_model_1.pth
2026-03-30 18:35:36,868 INFO src.train.trainer: Last model at epoch 139 saved to checkpoints/etas_20260330-183526/last_model_1.pth
2026-03-30 18:35:36,868 INFO src.train.trainer: Epoch 140
2026-03-30 18:35:36,909 INFO src.train.trainer: New best validation loss: -4.4200, saved to checkpoints/etas_20260330-183526/best_model_1.pth
2026-03-30 18:35:36,911 INFO src.train.trainer: Last model at epoch 140 saved to checkpoints/etas_20260330-183526/last_model_1.pth
2026-03-30 18:35:36,911 INFO src.train.trainer: Epoch 141
2026-03-30 18:35:36,952 INFO src.train.trainer: New best validation loss: -4.4288, saved to checkpoints/etas_20260330-183526/best_model_1.pth
2026-03-30 18:35:36,954 INFO src.train.trainer: Last model at epoch 141 saved to checkpoints/etas_20260330-183526/last_model_1.pth
2026-03-30 18:35:36,954 INFO src.train.trainer: Epoch 142
2026-03-30 18:35:37,000 INFO src.train.trainer: New best validation loss: -4.4376, saved to checkpoints/etas_20260330-183526/best_model_1.pth
2026-03-30 18:35:37,002 INFO src.train.trainer: Last model at epoch 142 saved to checkpoints/etas_20260330-183526/last_model_1.pth
2026-03-30 18:35:37,002 INFO src.train.trainer: Epoch 143
2026-03-30 18:35:37,047 INFO src.train.trainer: New best validation loss: -4.4464, saved to checkpoints/etas_20260330-183526/best_model_1.pth
2026-03-30 18:35:37,048 INFO src.train.trainer: Last model at epoch 143 saved to checkpoints/etas_20260330-183526/last_model_1.pth
2026-03-30 18:35:37,048 INFO src.train.trainer: Epoch 144
2026-03-30 18:35:37,093 INFO src.train.trainer: New best validation loss: -4.4551, saved to checkpoints/etas_20260330-183526/best_model_1.pth
2026-03-30 18:35:37,095 INFO src.train.trainer: Last model at epoch 144 saved to checkpoints/etas_20260330-183526/last_model_1.pth
2026-03-30 18:35:37,095 INFO src.train.trainer: Epoch 145
2026-03-30 18:35:37,142 INFO src.train.trainer: New best validation loss: -4.4637, saved to checkpoints/etas_20260330-183526/best_model_1.pth
2026-03-30 18:35:37,143 INFO src.train.trainer: Last model at epoch 145 saved to checkpoints/etas_20260330-183526/last_model_1.pth
2026-03-30 18:35:37,143 INFO src.train.trainer: Epoch 146
2026-03-30 18:35:37,190 INFO src.train.trainer: New best validation loss: -4.4724, saved to checkpoints/etas_20260330-183526/best_model_1.pth
2026-03-30 18:35:37,192 INFO src.train.trainer: Last model at epoch 146 saved to checkpoints/etas_20260330-183526/last_model_1.pth
2026-03-30 18:35:37,192 INFO src.train.trainer: Epoch 147
2026-03-30 18:35:37,242 INFO src.train.trainer: New best validation loss: -4.4809, saved to checkpoints/etas_20260330-183526/best_model_1.pth
2026-03-30 18:35:37,244 INFO src.train.trainer: Last model at epoch 147 saved to checkpoints/etas_20260330-183526/last_model_1.pth
2026-03-30 18:35:37,244 INFO src.train.trainer: Epoch 148
2026-03-30 18:35:37,292 INFO src.train.trainer: New best validation loss: -4.4894, saved to checkpoints/etas_20260330-183526/best_model_1.pth
2026-03-30 18:35:37,294 INFO src.train.trainer: Last model at epoch 148 saved to checkpoints/etas_20260330-183526/last_model_1.pth
2026-03-30 18:35:37,294 INFO src.train.trainer: Epoch 149
2026-03-30 18:35:37,346 INFO src.train.trainer: New best validation loss: -4.4980, saved to checkpoints/etas_20260330-183526/best_model_1.pth
2026-03-30 18:35:37,348 INFO src.train.trainer: Last model at epoch 149 saved to checkpoints/etas_20260330-183526/last_model_1.pth
2026-03-30 18:35:37,348 INFO src.train.trainer: Epoch 150
2026-03-30 18:35:37,401 INFO src.train.trainer: New best validation loss: -4.5064, saved to checkpoints/etas_20260330-183526/best_model_1.pth
2026-03-30 18:35:37,403 INFO src.train.trainer: Last model at epoch 150 saved to checkpoints/etas_20260330-183526/last_model_1.pth
2026-03-30 18:35:37,403 INFO src.train.trainer: Epoch 151
2026-03-30 18:35:37,456 INFO src.train.trainer: New best validation loss: -4.5148, saved to checkpoints/etas_20260330-183526/best_model_1.pth
2026-03-30 18:35:37,458 INFO src.train.trainer: Last model at epoch 151 saved to checkpoints/etas_20260330-183526/last_model_1.pth
2026-03-30 18:35:37,458 INFO src.train.trainer: Epoch 152
2026-03-30 18:35:37,514 INFO src.train.trainer: New best validation loss: -4.5231, saved to checkpoints/etas_20260330-183526/best_model_1.pth
2026-03-30 18:35:37,516 INFO src.train.trainer: Last model at epoch 152 saved to checkpoints/etas_20260330-183526/last_model_1.pth
2026-03-30 18:35:37,516 INFO src.train.trainer: Epoch 153
2026-03-30 18:35:37,573 INFO src.train.trainer: New best validation loss: -4.5314, saved to checkpoints/etas_20260330-183526/best_model_1.pth
2026-03-30 18:35:37,575 INFO src.train.trainer: Last model at epoch 153 saved to checkpoints/etas_20260330-183526/last_model_1.pth
2026-03-30 18:35:37,575 INFO src.train.trainer: Epoch 154
2026-03-30 18:35:37,633 INFO src.train.trainer: New best validation loss: -4.5395, saved to checkpoints/etas_20260330-183526/best_model_1.pth
2026-03-30 18:35:37,635 INFO src.train.trainer: Last model at epoch 154 saved to checkpoints/etas_20260330-183526/last_model_1.pth
2026-03-30 18:35:37,635 INFO src.train.trainer: Epoch 155
2026-03-30 18:35:37,695 INFO src.train.trainer: New best validation loss: -4.5475, saved to checkpoints/etas_20260330-183526/best_model_1.pth
2026-03-30 18:35:37,697 INFO src.train.trainer: Last model at epoch 155 saved to checkpoints/etas_20260330-183526/last_model_1.pth
2026-03-30 18:35:37,697 INFO src.train.trainer: Epoch 156
2026-03-30 18:35:37,755 INFO src.train.trainer: New best validation loss: -4.5554, saved to checkpoints/etas_20260330-183526/best_model_1.pth
2026-03-30 18:35:37,757 INFO src.train.trainer: Last model at epoch 156 saved to checkpoints/etas_20260330-183526/last_model_1.pth
2026-03-30 18:35:37,757 INFO src.train.trainer: Epoch 157
2026-03-30 18:35:37,817 INFO src.train.trainer: New best validation loss: -4.5632, saved to checkpoints/etas_20260330-183526/best_model_1.pth
2026-03-30 18:35:37,819 INFO src.train.trainer: Last model at epoch 157 saved to checkpoints/etas_20260330-183526/last_model_1.pth
2026-03-30 18:35:37,819 INFO src.train.trainer: Epoch 158
2026-03-30 18:35:37,885 INFO src.train.trainer: New best validation loss: -4.5710, saved to checkpoints/etas_20260330-183526/best_model_1.pth
2026-03-30 18:35:37,888 INFO src.train.trainer: Last model at epoch 158 saved to checkpoints/etas_20260330-183526/last_model_1.pth
2026-03-30 18:35:37,888 INFO src.train.trainer: Epoch 159
2026-03-30 18:35:37,961 INFO src.train.trainer: New best validation loss: -4.5787, saved to checkpoints/etas_20260330-183526/best_model_1.pth
2026-03-30 18:35:37,962 INFO src.train.trainer: Last model at epoch 159 saved to checkpoints/etas_20260330-183526/last_model_1.pth
2026-03-30 18:35:37,962 INFO src.train.trainer: Epoch 160
2026-03-30 18:35:38,028 INFO src.train.trainer: New best validation loss: -4.5863, saved to checkpoints/etas_20260330-183526/best_model_1.pth
2026-03-30 18:35:38,030 INFO src.train.trainer: Last model at epoch 160 saved to checkpoints/etas_20260330-183526/last_model_1.pth
2026-03-30 18:35:38,031 INFO src.train.trainer: Epoch 161
2026-03-30 18:35:38,105 INFO src.train.trainer: New best validation loss: -4.5937, saved to checkpoints/etas_20260330-183526/best_model_1.pth
2026-03-30 18:35:38,107 INFO src.train.trainer: Last model at epoch 161 saved to checkpoints/etas_20260330-183526/last_model_1.pth
2026-03-30 18:35:38,107 INFO src.train.trainer: Epoch 162
2026-03-30 18:35:38,178 INFO src.train.trainer: New best validation loss: -4.6011, saved to checkpoints/etas_20260330-183526/best_model_1.pth
2026-03-30 18:35:38,180 INFO src.train.trainer: Last model at epoch 162 saved to checkpoints/etas_20260330-183526/last_model_1.pth
2026-03-30 18:35:38,180 INFO src.train.trainer: Epoch 163
2026-03-30 18:35:38,249 INFO src.train.trainer: New best validation loss: -4.6084, saved to checkpoints/etas_20260330-183526/best_model_1.pth
2026-03-30 18:35:38,252 INFO src.train.trainer: Last model at epoch 163 saved to checkpoints/etas_20260330-183526/last_model_1.pth
2026-03-30 18:35:38,252 INFO src.train.trainer: Epoch 164
2026-03-30 18:35:38,329 INFO src.train.trainer: New best validation loss: -4.6158, saved to checkpoints/etas_20260330-183526/best_model_1.pth
2026-03-30 18:35:38,330 INFO src.train.trainer: Last model at epoch 164 saved to checkpoints/etas_20260330-183526/last_model_1.pth
2026-03-30 18:35:38,330 INFO src.train.trainer: Epoch 165
2026-03-30 18:35:38,404 INFO src.train.trainer: New best validation loss: -4.6229, saved to checkpoints/etas_20260330-183526/best_model_1.pth
2026-03-30 18:35:38,406 INFO src.train.trainer: Last model at epoch 165 saved to checkpoints/etas_20260330-183526/last_model_1.pth
2026-03-30 18:35:38,406 INFO src.train.trainer: Epoch 166
2026-03-30 18:35:38,461 INFO src.train.trainer: New best validation loss: -4.6300, saved to checkpoints/etas_20260330-183526/best_model_1.pth
2026-03-30 18:35:38,463 INFO src.train.trainer: Last model at epoch 166 saved to checkpoints/etas_20260330-183526/last_model_1.pth
2026-03-30 18:35:38,463 INFO src.train.trainer: Epoch 167
2026-03-30 18:35:38,516 INFO src.train.trainer: New best validation loss: -4.6370, saved to checkpoints/etas_20260330-183526/best_model_1.pth
2026-03-30 18:35:38,518 INFO src.train.trainer: Last model at epoch 167 saved to checkpoints/etas_20260330-183526/last_model_1.pth
2026-03-30 18:35:38,518 INFO src.train.trainer: Epoch 168
2026-03-30 18:35:38,573 INFO src.train.trainer: New best validation loss: -4.6440, saved to checkpoints/etas_20260330-183526/best_model_1.pth
2026-03-30 18:35:38,574 INFO src.train.trainer: Last model at epoch 168 saved to checkpoints/etas_20260330-183526/last_model_1.pth
2026-03-30 18:35:38,575 INFO src.train.trainer: Epoch 169
2026-03-30 18:35:38,628 INFO src.train.trainer: New best validation loss: -4.6508, saved to checkpoints/etas_20260330-183526/best_model_1.pth
2026-03-30 18:35:38,630 INFO src.train.trainer: Last model at epoch 169 saved to checkpoints/etas_20260330-183526/last_model_1.pth
2026-03-30 18:35:38,630 INFO src.train.trainer: Epoch 170
2026-03-30 18:35:38,684 INFO src.train.trainer: New best validation loss: -4.6577, saved to checkpoints/etas_20260330-183526/best_model_1.pth
2026-03-30 18:35:38,685 INFO src.train.trainer: Last model at epoch 170 saved to checkpoints/etas_20260330-183526/last_model_1.pth
2026-03-30 18:35:38,686 INFO src.train.trainer: Epoch 171
2026-03-30 18:35:38,739 INFO src.train.trainer: New best validation loss: -4.6643, saved to checkpoints/etas_20260330-183526/best_model_1.pth
2026-03-30 18:35:38,741 INFO src.train.trainer: Last model at epoch 171 saved to checkpoints/etas_20260330-183526/last_model_1.pth
2026-03-30 18:35:38,741 INFO src.train.trainer: Epoch 172
2026-03-30 18:35:38,799 INFO src.train.trainer: New best validation loss: -4.6711, saved to checkpoints/etas_20260330-183526/best_model_1.pth
2026-03-30 18:35:38,801 INFO src.train.trainer: Last model at epoch 172 saved to checkpoints/etas_20260330-183526/last_model_1.pth
2026-03-30 18:35:38,801 INFO src.train.trainer: Epoch 173
2026-03-30 18:35:38,866 INFO src.train.trainer: New best validation loss: -4.6777, saved to checkpoints/etas_20260330-183526/best_model_1.pth
2026-03-30 18:35:38,868 INFO src.train.trainer: Last model at epoch 173 saved to checkpoints/etas_20260330-183526/last_model_1.pth
2026-03-30 18:35:38,868 INFO src.train.trainer: Epoch 174
2026-03-30 18:35:38,928 INFO src.train.trainer: New best validation loss: -4.6843, saved to checkpoints/etas_20260330-183526/best_model_1.pth
2026-03-30 18:35:38,931 INFO src.train.trainer: Last model at epoch 174 saved to checkpoints/etas_20260330-183526/last_model_1.pth
2026-03-30 18:35:38,931 INFO src.train.trainer: Epoch 175
2026-03-30 18:35:38,995 INFO src.train.trainer: New best validation loss: -4.6907, saved to checkpoints/etas_20260330-183526/best_model_1.pth
2026-03-30 18:35:38,997 INFO src.train.trainer: Last model at epoch 175 saved to checkpoints/etas_20260330-183526/last_model_1.pth
2026-03-30 18:35:38,997 INFO src.train.trainer: Epoch 176
2026-03-30 18:35:39,058 INFO src.train.trainer: New best validation loss: -4.6972, saved to checkpoints/etas_20260330-183526/best_model_1.pth
2026-03-30 18:35:39,060 INFO src.train.trainer: Last model at epoch 176 saved to checkpoints/etas_20260330-183526/last_model_1.pth
2026-03-30 18:35:39,060 INFO src.train.trainer: Epoch 177
2026-03-30 18:35:39,124 INFO src.train.trainer: New best validation loss: -4.7035, saved to checkpoints/etas_20260330-183526/best_model_1.pth
2026-03-30 18:35:39,127 INFO src.train.trainer: Last model at epoch 177 saved to checkpoints/etas_20260330-183526/last_model_1.pth
2026-03-30 18:35:39,127 INFO src.train.trainer: Epoch 178
2026-03-30 18:35:39,188 INFO src.train.trainer: New best validation loss: -4.7099, saved to checkpoints/etas_20260330-183526/best_model_1.pth
2026-03-30 18:35:39,190 INFO src.train.trainer: Last model at epoch 178 saved to checkpoints/etas_20260330-183526/last_model_1.pth
2026-03-30 18:35:39,190 INFO src.train.trainer: Epoch 179
2026-03-30 18:35:39,252 INFO src.train.trainer: New best validation loss: -4.7161, saved to checkpoints/etas_20260330-183526/best_model_1.pth
2026-03-30 18:35:39,254 INFO src.train.trainer: Last model at epoch 179 saved to checkpoints/etas_20260330-183526/last_model_1.pth
2026-03-30 18:35:39,254 INFO src.train.trainer: Epoch 180
2026-03-30 18:35:39,299 INFO src.train.trainer: New best validation loss: -4.7223, saved to checkpoints/etas_20260330-183526/best_model_1.pth
2026-03-30 18:35:39,302 INFO src.train.trainer: Last model at epoch 180 saved to checkpoints/etas_20260330-183526/last_model_1.pth
2026-03-30 18:35:39,302 INFO src.train.trainer: Epoch 181
2026-03-30 18:35:39,357 INFO src.train.trainer: New best validation loss: -4.7285, saved to checkpoints/etas_20260330-183526/best_model_1.pth
2026-03-30 18:35:39,359 INFO src.train.trainer: Last model at epoch 181 saved to checkpoints/etas_20260330-183526/last_model_1.pth
2026-03-30 18:35:39,359 INFO src.train.trainer: Epoch 182
2026-03-30 18:35:39,400 INFO src.train.trainer: New best validation loss: -4.7346, saved to checkpoints/etas_20260330-183526/best_model_1.pth
2026-03-30 18:35:39,402 INFO src.train.trainer: Last model at epoch 182 saved to checkpoints/etas_20260330-183526/last_model_1.pth
2026-03-30 18:35:39,402 INFO src.train.trainer: Epoch 183
2026-03-30 18:35:39,442 INFO src.train.trainer: New best validation loss: -4.7406, saved to checkpoints/etas_20260330-183526/best_model_1.pth
2026-03-30 18:35:39,444 INFO src.train.trainer: Last model at epoch 183 saved to checkpoints/etas_20260330-183526/last_model_1.pth
2026-03-30 18:35:39,444 INFO src.train.trainer: Epoch 184
2026-03-30 18:35:39,493 INFO src.train.trainer: New best validation loss: -4.7466, saved to checkpoints/etas_20260330-183526/best_model_1.pth
2026-03-30 18:35:39,495 INFO src.train.trainer: Last model at epoch 184 saved to checkpoints/etas_20260330-183526/last_model_1.pth
2026-03-30 18:35:39,495 INFO src.train.trainer: Epoch 185
2026-03-30 18:35:39,546 INFO src.train.trainer: New best validation loss: -4.7526, saved to checkpoints/etas_20260330-183526/best_model_1.pth
2026-03-30 18:35:39,548 INFO src.train.trainer: Last model at epoch 185 saved to checkpoints/etas_20260330-183526/last_model_1.pth
2026-03-30 18:35:39,548 INFO src.train.trainer: Epoch 186
2026-03-30 18:35:39,599 INFO src.train.trainer: New best validation loss: -4.7585, saved to checkpoints/etas_20260330-183526/best_model_1.pth
2026-03-30 18:35:39,601 INFO src.train.trainer: Last model at epoch 186 saved to checkpoints/etas_20260330-183526/last_model_1.pth
2026-03-30 18:35:39,601 INFO src.train.trainer: Epoch 187
2026-03-30 18:35:39,652 INFO src.train.trainer: New best validation loss: -4.7643, saved to checkpoints/etas_20260330-183526/best_model_1.pth
2026-03-30 18:35:39,654 INFO src.train.trainer: Last model at epoch 187 saved to checkpoints/etas_20260330-183526/last_model_1.pth
2026-03-30 18:35:39,654 INFO src.train.trainer: Epoch 188
2026-03-30 18:35:39,707 INFO src.train.trainer: New best validation loss: -4.7702, saved to checkpoints/etas_20260330-183526/best_model_1.pth
2026-03-30 18:35:39,709 INFO src.train.trainer: Last model at epoch 188 saved to checkpoints/etas_20260330-183526/last_model_1.pth
2026-03-30 18:35:39,709 INFO src.train.trainer: Epoch 189
2026-03-30 18:35:39,765 INFO src.train.trainer: New best validation loss: -4.7760, saved to checkpoints/etas_20260330-183526/best_model_1.pth
2026-03-30 18:35:39,767 INFO src.train.trainer: Last model at epoch 189 saved to checkpoints/etas_20260330-183526/last_model_1.pth
2026-03-30 18:35:39,767 INFO src.train.trainer: Epoch 190
2026-03-30 18:35:39,824 INFO src.train.trainer: New best validation loss: -4.7816, saved to checkpoints/etas_20260330-183526/best_model_1.pth
2026-03-30 18:35:39,825 INFO src.train.trainer: Last model at epoch 190 saved to checkpoints/etas_20260330-183526/last_model_1.pth
2026-03-30 18:35:39,826 INFO src.train.trainer: Epoch 191
2026-03-30 18:35:39,882 INFO src.train.trainer: New best validation loss: -4.7874, saved to checkpoints/etas_20260330-183526/best_model_1.pth
2026-03-30 18:35:39,884 INFO src.train.trainer: Last model at epoch 191 saved to checkpoints/etas_20260330-183526/last_model_1.pth
2026-03-30 18:35:39,884 INFO src.train.trainer: Epoch 192
2026-03-30 18:35:39,948 INFO src.train.trainer: New best validation loss: -4.7930, saved to checkpoints/etas_20260330-183526/best_model_1.pth
2026-03-30 18:35:39,950 INFO src.train.trainer: Last model at epoch 192 saved to checkpoints/etas_20260330-183526/last_model_1.pth
2026-03-30 18:35:39,950 INFO src.train.trainer: Epoch 193
2026-03-30 18:35:40,008 INFO src.train.trainer: New best validation loss: -4.7986, saved to checkpoints/etas_20260330-183526/best_model_1.pth
2026-03-30 18:35:40,010 INFO src.train.trainer: Last model at epoch 193 saved to checkpoints/etas_20260330-183526/last_model_1.pth
2026-03-30 18:35:40,010 INFO src.train.trainer: Epoch 194
2026-03-30 18:35:40,073 INFO src.train.trainer: New best validation loss: -4.8042, saved to checkpoints/etas_20260330-183526/best_model_1.pth
2026-03-30 18:35:40,075 INFO src.train.trainer: Last model at epoch 194 saved to checkpoints/etas_20260330-183526/last_model_1.pth
2026-03-30 18:35:40,075 INFO src.train.trainer: Epoch 195
2026-03-30 18:35:40,139 INFO src.train.trainer: New best validation loss: -4.8097, saved to checkpoints/etas_20260330-183526/best_model_1.pth
2026-03-30 18:35:40,141 INFO src.train.trainer: Last model at epoch 195 saved to checkpoints/etas_20260330-183526/last_model_1.pth
2026-03-30 18:35:40,141 INFO src.train.trainer: Epoch 196
2026-03-30 18:35:40,207 INFO src.train.trainer: New best validation loss: -4.8152, saved to checkpoints/etas_20260330-183526/best_model_1.pth
2026-03-30 18:35:40,209 INFO src.train.trainer: Last model at epoch 196 saved to checkpoints/etas_20260330-183526/last_model_1.pth
2026-03-30 18:35:40,209 INFO src.train.trainer: Epoch 197
2026-03-30 18:35:40,310 INFO src.train.trainer: New best validation loss: -4.8206, saved to checkpoints/etas_20260330-183526/best_model_1.pth
2026-03-30 18:35:40,312 INFO src.train.trainer: Last model at epoch 197 saved to checkpoints/etas_20260330-183526/last_model_1.pth
2026-03-30 18:35:40,312 INFO src.train.trainer: Epoch 198
2026-03-30 18:35:40,380 INFO src.train.trainer: New best validation loss: -4.8261, saved to checkpoints/etas_20260330-183526/best_model_1.pth
2026-03-30 18:35:40,383 INFO src.train.trainer: Last model at epoch 198 saved to checkpoints/etas_20260330-183526/last_model_1.pth
2026-03-30 18:35:40,383 INFO src.train.trainer: Epoch 199
2026-03-30 18:35:40,452 INFO src.train.trainer: New best validation loss: -4.8315, saved to checkpoints/etas_20260330-183526/best_model_1.pth
2026-03-30 18:35:40,455 INFO src.train.trainer: Last model at epoch 199 saved to checkpoints/etas_20260330-183526/last_model_1.pth
2026-03-30 18:35:40,455 INFO src.train.trainer: Epoch 200
2026-03-30 18:35:40,532 INFO src.train.trainer: New best validation loss: -4.8368, saved to checkpoints/etas_20260330-183526/best_model_1.pth
2026-03-30 18:35:40,534 INFO src.train.trainer: Last model at epoch 200 saved to checkpoints/etas_20260330-183526/last_model_1.pth
2026-03-30 18:35:40,534 INFO src.train.trainer: Epoch 201
2026-03-30 18:35:40,599 INFO src.train.trainer: New best validation loss: -4.8422, saved to checkpoints/etas_20260330-183526/best_model_1.pth
2026-03-30 18:35:40,601 INFO src.train.trainer: Last model at epoch 201 saved to checkpoints/etas_20260330-183526/last_model_1.pth
2026-03-30 18:35:40,601 INFO src.train.trainer: Epoch 202
2026-03-30 18:35:40,666 INFO src.train.trainer: New best validation loss: -4.8474, saved to checkpoints/etas_20260330-183526/best_model_1.pth
2026-03-30 18:35:40,668 INFO src.train.trainer: Last model at epoch 202 saved to checkpoints/etas_20260330-183526/last_model_1.pth
2026-03-30 18:35:40,668 INFO src.train.trainer: Epoch 203
2026-03-30 18:35:40,729 INFO src.train.trainer: New best validation loss: -4.8526, saved to checkpoints/etas_20260330-183526/best_model_1.pth
2026-03-30 18:35:40,731 INFO src.train.trainer: Last model at epoch 203 saved to checkpoints/etas_20260330-183526/last_model_1.pth
2026-03-30 18:35:40,731 INFO src.train.trainer: Epoch 204
2026-03-30 18:35:40,796 INFO src.train.trainer: New best validation loss: -4.8578, saved to checkpoints/etas_20260330-183526/best_model_1.pth
2026-03-30 18:35:40,798 INFO src.train.trainer: Last model at epoch 204 saved to checkpoints/etas_20260330-183526/last_model_1.pth
2026-03-30 18:35:40,798 INFO src.train.trainer: Epoch 205
2026-03-30 18:35:40,867 INFO src.train.trainer: New best validation loss: -4.8630, saved to checkpoints/etas_20260330-183526/best_model_1.pth
2026-03-30 18:35:40,869 INFO src.train.trainer: Last model at epoch 205 saved to checkpoints/etas_20260330-183526/last_model_1.pth
2026-03-30 18:35:40,869 INFO src.train.trainer: Epoch 206
2026-03-30 18:35:40,930 INFO src.train.trainer: New best validation loss: -4.8682, saved to checkpoints/etas_20260330-183526/best_model_1.pth
2026-03-30 18:35:40,932 INFO src.train.trainer: Last model at epoch 206 saved to checkpoints/etas_20260330-183526/last_model_1.pth
2026-03-30 18:35:40,932 INFO src.train.trainer: Epoch 207
2026-03-30 18:35:40,994 INFO src.train.trainer: New best validation loss: -4.8733, saved to checkpoints/etas_20260330-183526/best_model_1.pth
2026-03-30 18:35:40,996 INFO src.train.trainer: Last model at epoch 207 saved to checkpoints/etas_20260330-183526/last_model_1.pth
2026-03-30 18:35:40,996 INFO src.train.trainer: Epoch 208
2026-03-30 18:35:41,062 INFO src.train.trainer: New best validation loss: -4.8784, saved to checkpoints/etas_20260330-183526/best_model_1.pth
2026-03-30 18:35:41,064 INFO src.train.trainer: Last model at epoch 208 saved to checkpoints/etas_20260330-183526/last_model_1.pth
2026-03-30 18:35:41,064 INFO src.train.trainer: Epoch 209
2026-03-30 18:35:41,131 INFO src.train.trainer: New best validation loss: -4.8835, saved to checkpoints/etas_20260330-183526/best_model_1.pth
2026-03-30 18:35:41,133 INFO src.train.trainer: Last model at epoch 209 saved to checkpoints/etas_20260330-183526/last_model_1.pth
2026-03-30 18:35:41,133 INFO src.train.trainer: Epoch 210
2026-03-30 18:35:41,193 INFO src.train.trainer: New best validation loss: -4.8885, saved to checkpoints/etas_20260330-183526/best_model_1.pth
2026-03-30 18:35:41,194 INFO src.train.trainer: Last model at epoch 210 saved to checkpoints/etas_20260330-183526/last_model_1.pth
2026-03-30 18:35:41,194 INFO src.train.trainer: Epoch 211
2026-03-30 18:35:41,260 INFO src.train.trainer: New best validation loss: -4.8935, saved to checkpoints/etas_20260330-183526/best_model_1.pth
2026-03-30 18:35:41,262 INFO src.train.trainer: Last model at epoch 211 saved to checkpoints/etas_20260330-183526/last_model_1.pth
2026-03-30 18:35:41,262 INFO src.train.trainer: Epoch 212
2026-03-30 18:35:41,324 INFO src.train.trainer: New best validation loss: -4.8984, saved to checkpoints/etas_20260330-183526/best_model_1.pth
2026-03-30 18:35:41,325 INFO src.train.trainer: Last model at epoch 212 saved to checkpoints/etas_20260330-183526/last_model_1.pth
2026-03-30 18:35:41,326 INFO src.train.trainer: Epoch 213
2026-03-30 18:35:41,384 INFO src.train.trainer: New best validation loss: -4.9034, saved to checkpoints/etas_20260330-183526/best_model_1.pth
2026-03-30 18:35:41,386 INFO src.train.trainer: Last model at epoch 213 saved to checkpoints/etas_20260330-183526/last_model_1.pth
2026-03-30 18:35:41,387 INFO src.train.trainer: Epoch 214
2026-03-30 18:35:41,450 INFO src.train.trainer: New best validation loss: -4.9083, saved to checkpoints/etas_20260330-183526/best_model_1.pth
2026-03-30 18:35:41,452 INFO src.train.trainer: Last model at epoch 214 saved to checkpoints/etas_20260330-183526/last_model_1.pth
2026-03-30 18:35:41,452 INFO src.train.trainer: Epoch 215
2026-03-30 18:35:41,514 INFO src.train.trainer: New best validation loss: -4.9131, saved to checkpoints/etas_20260330-183526/best_model_1.pth
2026-03-30 18:35:41,516 INFO src.train.trainer: Last model at epoch 215 saved to checkpoints/etas_20260330-183526/last_model_1.pth
2026-03-30 18:35:41,516 INFO src.train.trainer: Epoch 216
2026-03-30 18:35:41,560 INFO src.train.trainer: New best validation loss: -4.9180, saved to checkpoints/etas_20260330-183526/best_model_1.pth
2026-03-30 18:35:41,562 INFO src.train.trainer: Last model at epoch 216 saved to checkpoints/etas_20260330-183526/last_model_1.pth
2026-03-30 18:35:41,562 INFO src.train.trainer: Epoch 217
2026-03-30 18:35:41,603 INFO src.train.trainer: New best validation loss: -4.9229, saved to checkpoints/etas_20260330-183526/best_model_1.pth
2026-03-30 18:35:41,604 INFO src.train.trainer: Last model at epoch 217 saved to checkpoints/etas_20260330-183526/last_model_1.pth
2026-03-30 18:35:41,604 INFO src.train.trainer: Epoch 218
2026-03-30 18:35:41,650 INFO src.train.trainer: New best validation loss: -4.9277, saved to checkpoints/etas_20260330-183526/best_model_1.pth
2026-03-30 18:35:41,652 INFO src.train.trainer: Last model at epoch 218 saved to checkpoints/etas_20260330-183526/last_model_1.pth
2026-03-30 18:35:41,652 INFO src.train.trainer: Epoch 219
2026-03-30 18:35:41,702 INFO src.train.trainer: New best validation loss: -4.9324, saved to checkpoints/etas_20260330-183526/best_model_1.pth
2026-03-30 18:35:41,704 INFO src.train.trainer: Last model at epoch 219 saved to checkpoints/etas_20260330-183526/last_model_1.pth
2026-03-30 18:35:41,704 INFO src.train.trainer: Epoch 220
2026-03-30 18:35:41,753 INFO src.train.trainer: New best validation loss: -4.9372, saved to checkpoints/etas_20260330-183526/best_model_1.pth
2026-03-30 18:35:41,755 INFO src.train.trainer: Last model at epoch 220 saved to checkpoints/etas_20260330-183526/last_model_1.pth
2026-03-30 18:35:41,755 INFO src.train.trainer: Epoch 221
2026-03-30 18:35:41,808 INFO src.train.trainer: New best validation loss: -4.9419, saved to checkpoints/etas_20260330-183526/best_model_1.pth
2026-03-30 18:35:41,809 INFO src.train.trainer: Last model at epoch 221 saved to checkpoints/etas_20260330-183526/last_model_1.pth
2026-03-30 18:35:41,810 INFO src.train.trainer: Epoch 222
2026-03-30 18:35:41,863 INFO src.train.trainer: New best validation loss: -4.9466, saved to checkpoints/etas_20260330-183526/best_model_1.pth
2026-03-30 18:35:41,865 INFO src.train.trainer: Last model at epoch 222 saved to checkpoints/etas_20260330-183526/last_model_1.pth
2026-03-30 18:35:41,865 INFO src.train.trainer: Epoch 223
2026-03-30 18:35:41,921 INFO src.train.trainer: New best validation loss: -4.9513, saved to checkpoints/etas_20260330-183526/best_model_1.pth
2026-03-30 18:35:41,922 INFO src.train.trainer: Last model at epoch 223 saved to checkpoints/etas_20260330-183526/last_model_1.pth
2026-03-30 18:35:41,923 INFO src.train.trainer: Epoch 224
2026-03-30 18:35:41,979 INFO src.train.trainer: New best validation loss: -4.9560, saved to checkpoints/etas_20260330-183526/best_model_1.pth
2026-03-30 18:35:41,981 INFO src.train.trainer: Last model at epoch 224 saved to checkpoints/etas_20260330-183526/last_model_1.pth
2026-03-30 18:35:41,981 INFO src.train.trainer: Epoch 225
2026-03-30 18:35:42,037 INFO src.train.trainer: New best validation loss: -4.9606, saved to checkpoints/etas_20260330-183526/best_model_1.pth
2026-03-30 18:35:42,039 INFO src.train.trainer: Last model at epoch 225 saved to checkpoints/etas_20260330-183526/last_model_1.pth
2026-03-30 18:35:42,039 INFO src.train.trainer: Epoch 226
2026-03-30 18:35:42,099 INFO src.train.trainer: New best validation loss: -4.9652, saved to checkpoints/etas_20260330-183526/best_model_1.pth
2026-03-30 18:35:42,101 INFO src.train.trainer: Last model at epoch 226 saved to checkpoints/etas_20260330-183526/last_model_1.pth
2026-03-30 18:35:42,101 INFO src.train.trainer: Epoch 227
2026-03-30 18:35:42,164 INFO src.train.trainer: New best validation loss: -4.9698, saved to checkpoints/etas_20260330-183526/best_model_1.pth
2026-03-30 18:35:42,166 INFO src.train.trainer: Last model at epoch 227 saved to checkpoints/etas_20260330-183526/last_model_1.pth
2026-03-30 18:35:42,166 INFO src.train.trainer: Epoch 228
2026-03-30 18:35:42,228 INFO src.train.trainer: New best validation loss: -4.9743, saved to checkpoints/etas_20260330-183526/best_model_1.pth
2026-03-30 18:35:42,230 INFO src.train.trainer: Last model at epoch 228 saved to checkpoints/etas_20260330-183526/last_model_1.pth
2026-03-30 18:35:42,230 INFO src.train.trainer: Epoch 229
2026-03-30 18:35:42,293 INFO src.train.trainer: New best validation loss: -4.9789, saved to checkpoints/etas_20260330-183526/best_model_1.pth
2026-03-30 18:35:42,295 INFO src.train.trainer: Last model at epoch 229 saved to checkpoints/etas_20260330-183526/last_model_1.pth
2026-03-30 18:35:42,295 INFO src.train.trainer: Epoch 230
2026-03-30 18:35:42,363 INFO src.train.trainer: New best validation loss: -4.9834, saved to checkpoints/etas_20260330-183526/best_model_1.pth
2026-03-30 18:35:42,365 INFO src.train.trainer: Last model at epoch 230 saved to checkpoints/etas_20260330-183526/last_model_1.pth
2026-03-30 18:35:42,365 INFO src.train.trainer: Epoch 231
2026-03-30 18:35:42,431 INFO src.train.trainer: New best validation loss: -4.9879, saved to checkpoints/etas_20260330-183526/best_model_1.pth
2026-03-30 18:35:42,433 INFO src.train.trainer: Last model at epoch 231 saved to checkpoints/etas_20260330-183526/last_model_1.pth
2026-03-30 18:35:42,433 INFO src.train.trainer: Epoch 232
2026-03-30 18:35:42,494 INFO src.train.trainer: New best validation loss: -4.9924, saved to checkpoints/etas_20260330-183526/best_model_1.pth
2026-03-30 18:35:42,496 INFO src.train.trainer: Last model at epoch 232 saved to checkpoints/etas_20260330-183526/last_model_1.pth
2026-03-30 18:35:42,496 INFO src.train.trainer: Epoch 233
2026-03-30 18:35:42,562 INFO src.train.trainer: New best validation loss: -4.9968, saved to checkpoints/etas_20260330-183526/best_model_1.pth
2026-03-30 18:35:42,564 INFO src.train.trainer: Last model at epoch 233 saved to checkpoints/etas_20260330-183526/last_model_1.pth
2026-03-30 18:35:42,564 INFO src.train.trainer: Epoch 234
2026-03-30 18:35:42,627 INFO src.train.trainer: New best validation loss: -5.0013, saved to checkpoints/etas_20260330-183526/best_model_1.pth
2026-03-30 18:35:42,630 INFO src.train.trainer: Last model at epoch 234 saved to checkpoints/etas_20260330-183526/last_model_1.pth
2026-03-30 18:35:42,630 INFO src.train.trainer: Epoch 235
2026-03-30 18:35:42,699 INFO src.train.trainer: New best validation loss: -5.0057, saved to checkpoints/etas_20260330-183526/best_model_1.pth
2026-03-30 18:35:42,701 INFO src.train.trainer: Last model at epoch 235 saved to checkpoints/etas_20260330-183526/last_model_1.pth
2026-03-30 18:35:42,701 INFO src.train.trainer: Epoch 236
2026-03-30 18:35:42,767 INFO src.train.trainer: New best validation loss: -5.0101, saved to checkpoints/etas_20260330-183526/best_model_1.pth
2026-03-30 18:35:42,769 INFO src.train.trainer: Last model at epoch 236 saved to checkpoints/etas_20260330-183526/last_model_1.pth
2026-03-30 18:35:42,769 INFO src.train.trainer: Epoch 237
2026-03-30 18:35:42,839 INFO src.train.trainer: New best validation loss: -5.0145, saved to checkpoints/etas_20260330-183526/best_model_1.pth
2026-03-30 18:35:42,841 INFO src.train.trainer: Last model at epoch 237 saved to checkpoints/etas_20260330-183526/last_model_1.pth
2026-03-30 18:35:42,841 INFO src.train.trainer: Epoch 238
2026-03-30 18:35:42,914 INFO src.train.trainer: New best validation loss: -5.0189, saved to checkpoints/etas_20260330-183526/best_model_1.pth
2026-03-30 18:35:42,916 INFO src.train.trainer: Last model at epoch 238 saved to checkpoints/etas_20260330-183526/last_model_1.pth
2026-03-30 18:35:42,916 INFO src.train.trainer: Epoch 239
2026-03-30 18:35:42,980 INFO src.train.trainer: New best validation loss: -5.0232, saved to checkpoints/etas_20260330-183526/best_model_1.pth
2026-03-30 18:35:42,982 INFO src.train.trainer: Last model at epoch 239 saved to checkpoints/etas_20260330-183526/last_model_1.pth
2026-03-30 18:35:42,982 INFO src.train.trainer: Epoch 240
2026-03-30 18:35:43,056 INFO src.train.trainer: New best validation loss: -5.0275, saved to checkpoints/etas_20260330-183526/best_model_1.pth
2026-03-30 18:35:43,058 INFO src.train.trainer: Last model at epoch 240 saved to checkpoints/etas_20260330-183526/last_model_1.pth
2026-03-30 18:35:43,058 INFO src.train.trainer: Epoch 241
2026-03-30 18:35:43,125 INFO src.train.trainer: New best validation loss: -5.0318, saved to checkpoints/etas_20260330-183526/best_model_1.pth
2026-03-30 18:35:43,127 INFO src.train.trainer: Last model at epoch 241 saved to checkpoints/etas_20260330-183526/last_model_1.pth
2026-03-30 18:35:43,127 INFO src.train.trainer: Epoch 242
2026-03-30 18:35:43,190 INFO src.train.trainer: New best validation loss: -5.0361, saved to checkpoints/etas_20260330-183526/best_model_1.pth
2026-03-30 18:35:43,192 INFO src.train.trainer: Last model at epoch 242 saved to checkpoints/etas_20260330-183526/last_model_1.pth
2026-03-30 18:35:43,192 INFO src.train.trainer: Epoch 243
2026-03-30 18:35:43,253 INFO src.train.trainer: New best validation loss: -5.0404, saved to checkpoints/etas_20260330-183526/best_model_1.pth
2026-03-30 18:35:43,255 INFO src.train.trainer: Last model at epoch 243 saved to checkpoints/etas_20260330-183526/last_model_1.pth
2026-03-30 18:35:43,256 INFO src.train.trainer: Epoch 244
2026-03-30 18:35:43,318 INFO src.train.trainer: New best validation loss: -5.0446, saved to checkpoints/etas_20260330-183526/best_model_1.pth
2026-03-30 18:35:43,320 INFO src.train.trainer: Last model at epoch 244 saved to checkpoints/etas_20260330-183526/last_model_1.pth
2026-03-30 18:35:43,320 INFO src.train.trainer: Epoch 245
2026-03-30 18:35:43,384 INFO src.train.trainer: New best validation loss: -5.0489, saved to checkpoints/etas_20260330-183526/best_model_1.pth
2026-03-30 18:35:43,386 INFO src.train.trainer: Last model at epoch 245 saved to checkpoints/etas_20260330-183526/last_model_1.pth
2026-03-30 18:35:43,386 INFO src.train.trainer: Epoch 246
2026-03-30 18:35:43,450 INFO src.train.trainer: New best validation loss: -5.0531, saved to checkpoints/etas_20260330-183526/best_model_1.pth
2026-03-30 18:35:43,452 INFO src.train.trainer: Last model at epoch 246 saved to checkpoints/etas_20260330-183526/last_model_1.pth
2026-03-30 18:35:43,452 INFO src.train.trainer: Epoch 247
2026-03-30 18:35:43,515 INFO src.train.trainer: New best validation loss: -5.0573, saved to checkpoints/etas_20260330-183526/best_model_1.pth
2026-03-30 18:35:43,518 INFO src.train.trainer: Last model at epoch 247 saved to checkpoints/etas_20260330-183526/last_model_1.pth
2026-03-30 18:35:43,518 INFO src.train.trainer: Epoch 248
2026-03-30 18:35:43,581 INFO src.train.trainer: New best validation loss: -5.0615, saved to checkpoints/etas_20260330-183526/best_model_1.pth
2026-03-30 18:35:43,583 INFO src.train.trainer: Last model at epoch 248 saved to checkpoints/etas_20260330-183526/last_model_1.pth
2026-03-30 18:35:43,583 INFO src.train.trainer: Epoch 249
2026-03-30 18:35:43,649 INFO src.train.trainer: New best validation loss: -5.0656, saved to checkpoints/etas_20260330-183526/best_model_1.pth
2026-03-30 18:35:43,651 INFO src.train.trainer: Last model at epoch 249 saved to checkpoints/etas_20260330-183526/last_model_1.pth
2026-03-30 18:35:43,651 INFO src.train.trainer: Epoch 250
2026-03-30 18:35:43,720 INFO src.train.trainer: New best validation loss: -5.0697, saved to checkpoints/etas_20260330-183526/best_model_1.pth
2026-03-30 18:35:43,723 INFO src.train.trainer: Last model at epoch 250 saved to checkpoints/etas_20260330-183526/last_model_1.pth
2026-03-30 18:35:43,723 INFO src.train.trainer: Epoch 251
2026-03-30 18:35:43,791 INFO src.train.trainer: New best validation loss: -5.0738, saved to checkpoints/etas_20260330-183526/best_model_1.pth
2026-03-30 18:35:43,793 INFO src.train.trainer: Last model at epoch 251 saved to checkpoints/etas_20260330-183526/last_model_1.pth
2026-03-30 18:35:43,793 INFO src.train.trainer: Epoch 252
2026-03-30 18:35:43,858 INFO src.train.trainer: New best validation loss: -5.0780, saved to checkpoints/etas_20260330-183526/best_model_1.pth
2026-03-30 18:35:43,861 INFO src.train.trainer: Last model at epoch 252 saved to checkpoints/etas_20260330-183526/last_model_1.pth
2026-03-30 18:35:43,861 INFO src.train.trainer: Epoch 253
2026-03-30 18:35:43,929 INFO src.train.trainer: New best validation loss: -5.0821, saved to checkpoints/etas_20260330-183526/best_model_1.pth
2026-03-30 18:35:43,931 INFO src.train.trainer: Last model at epoch 253 saved to checkpoints/etas_20260330-183526/last_model_1.pth
2026-03-30 18:35:43,931 INFO src.train.trainer: Epoch 254
2026-03-30 18:35:44,000 INFO src.train.trainer: New best validation loss: -5.0861, saved to checkpoints/etas_20260330-183526/best_model_1.pth
2026-03-30 18:35:44,002 INFO src.train.trainer: Last model at epoch 254 saved to checkpoints/etas_20260330-183526/last_model_1.pth
2026-03-30 18:35:44,002 INFO src.train.trainer: Epoch 255
2026-03-30 18:35:44,066 INFO src.train.trainer: New best validation loss: -5.0902, saved to checkpoints/etas_20260330-183526/best_model_1.pth
2026-03-30 18:35:44,069 INFO src.train.trainer: Last model at epoch 255 saved to checkpoints/etas_20260330-183526/last_model_1.pth
2026-03-30 18:35:44,069 INFO src.train.trainer: Epoch 256
2026-03-30 18:35:44,138 INFO src.train.trainer: New best validation loss: -5.0942, saved to checkpoints/etas_20260330-183526/best_model_1.pth
2026-03-30 18:35:44,140 INFO src.train.trainer: Last model at epoch 256 saved to checkpoints/etas_20260330-183526/last_model_1.pth
2026-03-30 18:35:44,140 INFO src.train.trainer: Epoch 257
2026-03-30 18:35:44,208 INFO src.train.trainer: New best validation loss: -5.0982, saved to checkpoints/etas_20260330-183526/best_model_1.pth
2026-03-30 18:35:44,210 INFO src.train.trainer: Last model at epoch 257 saved to checkpoints/etas_20260330-183526/last_model_1.pth
2026-03-30 18:35:44,210 INFO src.train.trainer: Epoch 258
2026-03-30 18:35:44,279 INFO src.train.trainer: New best validation loss: -5.1023, saved to checkpoints/etas_20260330-183526/best_model_1.pth
2026-03-30 18:35:44,281 INFO src.train.trainer: Last model at epoch 258 saved to checkpoints/etas_20260330-183526/last_model_1.pth
2026-03-30 18:35:44,281 INFO src.train.trainer: Epoch 259
2026-03-30 18:35:44,350 INFO src.train.trainer: New best validation loss: -5.1063, saved to checkpoints/etas_20260330-183526/best_model_1.pth
2026-03-30 18:35:44,352 INFO src.train.trainer: Last model at epoch 259 saved to checkpoints/etas_20260330-183526/last_model_1.pth
2026-03-30 18:35:44,352 INFO src.train.trainer: Epoch 260
2026-03-30 18:35:44,424 INFO src.train.trainer: New best validation loss: -5.1102, saved to checkpoints/etas_20260330-183526/best_model_1.pth
2026-03-30 18:35:44,426 INFO src.train.trainer: Last model at epoch 260 saved to checkpoints/etas_20260330-183526/last_model_1.pth
2026-03-30 18:35:44,426 INFO src.train.trainer: Epoch 261
2026-03-30 18:35:44,495 INFO src.train.trainer: New best validation loss: -5.1142, saved to checkpoints/etas_20260330-183526/best_model_1.pth
2026-03-30 18:35:44,497 INFO src.train.trainer: Last model at epoch 261 saved to checkpoints/etas_20260330-183526/last_model_1.pth
2026-03-30 18:35:44,497 INFO src.train.trainer: Epoch 262
2026-03-30 18:35:44,566 INFO src.train.trainer: New best validation loss: -5.1181, saved to checkpoints/etas_20260330-183526/best_model_1.pth
2026-03-30 18:35:44,569 INFO src.train.trainer: Last model at epoch 262 saved to checkpoints/etas_20260330-183526/last_model_1.pth
2026-03-30 18:35:44,569 INFO src.train.trainer: Epoch 263
2026-03-30 18:35:44,634 INFO src.train.trainer: New best validation loss: -5.1220, saved to checkpoints/etas_20260330-183526/best_model_1.pth
2026-03-30 18:35:44,637 INFO src.train.trainer: Last model at epoch 263 saved to checkpoints/etas_20260330-183526/last_model_1.pth
2026-03-30 18:35:44,637 INFO src.train.trainer: Epoch 264
2026-03-30 18:35:44,704 INFO src.train.trainer: New best validation loss: -5.1259, saved to checkpoints/etas_20260330-183526/best_model_1.pth
2026-03-30 18:35:44,706 INFO src.train.trainer: Last model at epoch 264 saved to checkpoints/etas_20260330-183526/last_model_1.pth
2026-03-30 18:35:44,706 INFO src.train.trainer: Epoch 265
2026-03-30 18:35:44,775 INFO src.train.trainer: New best validation loss: -5.1299, saved to checkpoints/etas_20260330-183526/best_model_1.pth
2026-03-30 18:35:44,777 INFO src.train.trainer: Last model at epoch 265 saved to checkpoints/etas_20260330-183526/last_model_1.pth
2026-03-30 18:35:44,777 INFO src.train.trainer: Epoch 266
2026-03-30 18:35:44,844 INFO src.train.trainer: New best validation loss: -5.1337, saved to checkpoints/etas_20260330-183526/best_model_1.pth
2026-03-30 18:35:44,846 INFO src.train.trainer: Last model at epoch 266 saved to checkpoints/etas_20260330-183526/last_model_1.pth
2026-03-30 18:35:44,847 INFO src.train.trainer: Epoch 267
2026-03-30 18:35:44,919 INFO src.train.trainer: New best validation loss: -5.1376, saved to checkpoints/etas_20260330-183526/best_model_1.pth
2026-03-30 18:35:44,921 INFO src.train.trainer: Last model at epoch 267 saved to checkpoints/etas_20260330-183526/last_model_1.pth
2026-03-30 18:35:44,921 INFO src.train.trainer: Epoch 268
2026-03-30 18:35:44,987 INFO src.train.trainer: New best validation loss: -5.1414, saved to checkpoints/etas_20260330-183526/best_model_1.pth
2026-03-30 18:35:44,990 INFO src.train.trainer: Last model at epoch 268 saved to checkpoints/etas_20260330-183526/last_model_1.pth
2026-03-30 18:35:44,990 INFO src.train.trainer: Epoch 269
2026-03-30 18:35:45,059 INFO src.train.trainer: New best validation loss: -5.1453, saved to checkpoints/etas_20260330-183526/best_model_1.pth
2026-03-30 18:35:45,061 INFO src.train.trainer: Last model at epoch 269 saved to checkpoints/etas_20260330-183526/last_model_1.pth
2026-03-30 18:35:45,061 INFO src.train.trainer: Epoch 270
2026-03-30 18:35:45,129 INFO src.train.trainer: New best validation loss: -5.1491, saved to checkpoints/etas_20260330-183526/best_model_1.pth
2026-03-30 18:35:45,131 INFO src.train.trainer: Last model at epoch 270 saved to checkpoints/etas_20260330-183526/last_model_1.pth
2026-03-30 18:35:45,131 INFO src.train.trainer: Epoch 271
2026-03-30 18:35:45,199 INFO src.train.trainer: New best validation loss: -5.1529, saved to checkpoints/etas_20260330-183526/best_model_1.pth
2026-03-30 18:35:45,201 INFO src.train.trainer: Last model at epoch 271 saved to checkpoints/etas_20260330-183526/last_model_1.pth
2026-03-30 18:35:45,201 INFO src.train.trainer: Epoch 272
2026-03-30 18:35:45,269 INFO src.train.trainer: New best validation loss: -5.1567, saved to checkpoints/etas_20260330-183526/best_model_1.pth
2026-03-30 18:35:45,271 INFO src.train.trainer: Last model at epoch 272 saved to checkpoints/etas_20260330-183526/last_model_1.pth
2026-03-30 18:35:45,271 INFO src.train.trainer: Epoch 273
2026-03-30 18:35:45,343 INFO src.train.trainer: New best validation loss: -5.1604, saved to checkpoints/etas_20260330-183526/best_model_1.pth
2026-03-30 18:35:45,345 INFO src.train.trainer: Last model at epoch 273 saved to checkpoints/etas_20260330-183526/last_model_1.pth
2026-03-30 18:35:45,345 INFO src.train.trainer: Epoch 274
2026-03-30 18:35:45,413 INFO src.train.trainer: New best validation loss: -5.1642, saved to checkpoints/etas_20260330-183526/best_model_1.pth
2026-03-30 18:35:45,415 INFO src.train.trainer: Last model at epoch 274 saved to checkpoints/etas_20260330-183526/last_model_1.pth
2026-03-30 18:35:45,415 INFO src.train.trainer: Epoch 275
2026-03-30 18:35:45,482 INFO src.train.trainer: New best validation loss: -5.1679, saved to checkpoints/etas_20260330-183526/best_model_1.pth
2026-03-30 18:35:45,484 INFO src.train.trainer: Last model at epoch 275 saved to checkpoints/etas_20260330-183526/last_model_1.pth
2026-03-30 18:35:45,484 INFO src.train.trainer: Epoch 276
2026-03-30 18:35:45,547 INFO src.train.trainer: New best validation loss: -5.1717, saved to checkpoints/etas_20260330-183526/best_model_1.pth
2026-03-30 18:35:45,549 INFO src.train.trainer: Last model at epoch 276 saved to checkpoints/etas_20260330-183526/last_model_1.pth
2026-03-30 18:35:45,549 INFO src.train.trainer: Epoch 277
2026-03-30 18:35:45,612 INFO src.train.trainer: New best validation loss: -5.1754, saved to checkpoints/etas_20260330-183526/best_model_1.pth
2026-03-30 18:35:45,614 INFO src.train.trainer: Last model at epoch 277 saved to checkpoints/etas_20260330-183526/last_model_1.pth
2026-03-30 18:35:45,614 INFO src.train.trainer: Epoch 278
2026-03-30 18:35:45,658 INFO src.train.trainer: New best validation loss: -5.1791, saved to checkpoints/etas_20260330-183526/best_model_1.pth
2026-03-30 18:35:45,660 INFO src.train.trainer: Last model at epoch 278 saved to checkpoints/etas_20260330-183526/last_model_1.pth
2026-03-30 18:35:45,660 INFO src.train.trainer: Epoch 279
2026-03-30 18:35:45,703 INFO src.train.trainer: New best validation loss: -5.1828, saved to checkpoints/etas_20260330-183526/best_model_1.pth
2026-03-30 18:35:45,704 INFO src.train.trainer: Last model at epoch 279 saved to checkpoints/etas_20260330-183526/last_model_1.pth
2026-03-30 18:35:45,704 INFO src.train.trainer: Epoch 280
2026-03-30 18:35:45,745 INFO src.train.trainer: New best validation loss: -5.1864, saved to checkpoints/etas_20260330-183526/best_model_1.pth
2026-03-30 18:35:45,747 INFO src.train.trainer: Last model at epoch 280 saved to checkpoints/etas_20260330-183526/last_model_1.pth
2026-03-30 18:35:45,747 INFO src.train.trainer: Epoch 281
2026-03-30 18:35:45,796 INFO src.train.trainer: New best validation loss: -5.1901, saved to checkpoints/etas_20260330-183526/best_model_1.pth
2026-03-30 18:35:45,797 INFO src.train.trainer: Last model at epoch 281 saved to checkpoints/etas_20260330-183526/last_model_1.pth
2026-03-30 18:35:45,797 INFO src.train.trainer: Epoch 282
2026-03-30 18:35:45,846 INFO src.train.trainer: New best validation loss: -5.1937, saved to checkpoints/etas_20260330-183526/best_model_1.pth
2026-03-30 18:35:45,848 INFO src.train.trainer: Last model at epoch 282 saved to checkpoints/etas_20260330-183526/last_model_1.pth
2026-03-30 18:35:45,848 INFO src.train.trainer: Epoch 283
2026-03-30 18:35:45,899 INFO src.train.trainer: New best validation loss: -5.1973, saved to checkpoints/etas_20260330-183526/best_model_1.pth
2026-03-30 18:35:45,901 INFO src.train.trainer: Last model at epoch 283 saved to checkpoints/etas_20260330-183526/last_model_1.pth
2026-03-30 18:35:45,901 INFO src.train.trainer: Epoch 284
2026-03-30 18:35:45,954 INFO src.train.trainer: New best validation loss: -5.2009, saved to checkpoints/etas_20260330-183526/best_model_1.pth
2026-03-30 18:35:45,956 INFO src.train.trainer: Last model at epoch 284 saved to checkpoints/etas_20260330-183526/last_model_1.pth
2026-03-30 18:35:45,956 INFO src.train.trainer: Epoch 285
2026-03-30 18:35:46,010 INFO src.train.trainer: New best validation loss: -5.2046, saved to checkpoints/etas_20260330-183526/best_model_1.pth
2026-03-30 18:35:46,011 INFO src.train.trainer: Last model at epoch 285 saved to checkpoints/etas_20260330-183526/last_model_1.pth
2026-03-30 18:35:46,011 INFO src.train.trainer: Epoch 286
2026-03-30 18:35:46,065 INFO src.train.trainer: New best validation loss: -5.2082, saved to checkpoints/etas_20260330-183526/best_model_1.pth
2026-03-30 18:35:46,067 INFO src.train.trainer: Last model at epoch 286 saved to checkpoints/etas_20260330-183526/last_model_1.pth
2026-03-30 18:35:46,067 INFO src.train.trainer: Epoch 287
2026-03-30 18:35:46,122 INFO src.train.trainer: New best validation loss: -5.2117, saved to checkpoints/etas_20260330-183526/best_model_1.pth
2026-03-30 18:35:46,123 INFO src.train.trainer: Last model at epoch 287 saved to checkpoints/etas_20260330-183526/last_model_1.pth
2026-03-30 18:35:46,124 INFO src.train.trainer: Epoch 288
2026-03-30 18:35:46,183 INFO src.train.trainer: New best validation loss: -5.2153, saved to checkpoints/etas_20260330-183526/best_model_1.pth
2026-03-30 18:35:46,185 INFO src.train.trainer: Last model at epoch 288 saved to checkpoints/etas_20260330-183526/last_model_1.pth
2026-03-30 18:35:46,185 INFO src.train.trainer: Epoch 289
2026-03-30 18:35:46,246 INFO src.train.trainer: New best validation loss: -5.2188, saved to checkpoints/etas_20260330-183526/best_model_1.pth
2026-03-30 18:35:46,248 INFO src.train.trainer: Last model at epoch 289 saved to checkpoints/etas_20260330-183526/last_model_1.pth
2026-03-30 18:35:46,248 INFO src.train.trainer: Epoch 290
2026-03-30 18:35:46,310 INFO src.train.trainer: New best validation loss: -5.2224, saved to checkpoints/etas_20260330-183526/best_model_1.pth
2026-03-30 18:35:46,312 INFO src.train.trainer: Last model at epoch 290 saved to checkpoints/etas_20260330-183526/last_model_1.pth
2026-03-30 18:35:46,312 INFO src.train.trainer: Epoch 291
2026-03-30 18:35:46,376 INFO src.train.trainer: New best validation loss: -5.2259, saved to checkpoints/etas_20260330-183526/best_model_1.pth
2026-03-30 18:35:46,379 INFO src.train.trainer: Last model at epoch 291 saved to checkpoints/etas_20260330-183526/last_model_1.pth
2026-03-30 18:35:46,379 INFO src.train.trainer: Epoch 292
2026-03-30 18:35:46,445 INFO src.train.trainer: New best validation loss: -5.2294, saved to checkpoints/etas_20260330-183526/best_model_1.pth
2026-03-30 18:35:46,447 INFO src.train.trainer: Last model at epoch 292 saved to checkpoints/etas_20260330-183526/last_model_1.pth
2026-03-30 18:35:46,447 INFO src.train.trainer: Epoch 293
2026-03-30 18:35:46,515 INFO src.train.trainer: New best validation loss: -5.2329, saved to checkpoints/etas_20260330-183526/best_model_1.pth
2026-03-30 18:35:46,517 INFO src.train.trainer: Last model at epoch 293 saved to checkpoints/etas_20260330-183526/last_model_1.pth
2026-03-30 18:35:46,517 INFO src.train.trainer: Epoch 294
2026-03-30 18:35:46,586 INFO src.train.trainer: New best validation loss: -5.2363, saved to checkpoints/etas_20260330-183526/best_model_1.pth
2026-03-30 18:35:46,588 INFO src.train.trainer: Last model at epoch 294 saved to checkpoints/etas_20260330-183526/last_model_1.pth
2026-03-30 18:35:46,588 INFO src.train.trainer: Epoch 295
2026-03-30 18:35:46,654 INFO src.train.trainer: New best validation loss: -5.2398, saved to checkpoints/etas_20260330-183526/best_model_1.pth
2026-03-30 18:35:46,656 INFO src.train.trainer: Last model at epoch 295 saved to checkpoints/etas_20260330-183526/last_model_1.pth
2026-03-30 18:35:46,656 INFO src.train.trainer: Epoch 296
2026-03-30 18:35:46,721 INFO src.train.trainer: New best validation loss: -5.2433, saved to checkpoints/etas_20260330-183526/best_model_1.pth
2026-03-30 18:35:46,724 INFO src.train.trainer: Last model at epoch 296 saved to checkpoints/etas_20260330-183526/last_model_1.pth
2026-03-30 18:35:46,724 INFO src.train.trainer: Epoch 297
2026-03-30 18:35:46,789 INFO src.train.trainer: New best validation loss: -5.2467, saved to checkpoints/etas_20260330-183526/best_model_1.pth
2026-03-30 18:35:46,791 INFO src.train.trainer: Last model at epoch 297 saved to checkpoints/etas_20260330-183526/last_model_1.pth
2026-03-30 18:35:46,791 INFO src.train.trainer: Epoch 298
2026-03-30 18:35:46,855 INFO src.train.trainer: New best validation loss: -5.2501, saved to checkpoints/etas_20260330-183526/best_model_1.pth
2026-03-30 18:35:46,857 INFO src.train.trainer: Last model at epoch 298 saved to checkpoints/etas_20260330-183526/last_model_1.pth
2026-03-30 18:35:46,857 INFO src.train.trainer: Epoch 299
2026-03-30 18:35:46,920 INFO src.train.trainer: New best validation loss: -5.2535, saved to checkpoints/etas_20260330-183526/best_model_1.pth
2026-03-30 18:35:46,922 INFO src.train.trainer: Last model at epoch 299 saved to checkpoints/etas_20260330-183526/last_model_1.pth
2026-03-30 18:35:46,922 INFO src.train.trainer: Epoch 300
2026-03-30 18:35:46,986 INFO src.train.trainer: New best validation loss: -5.2569, saved to checkpoints/etas_20260330-183526/best_model_1.pth
2026-03-30 18:35:46,988 INFO src.train.trainer: Last model at epoch 300 saved to checkpoints/etas_20260330-183526/last_model_1.pth
2026-03-30 18:35:46,988 INFO src.train.trainer: Epoch 301
2026-03-30 18:35:47,052 INFO src.train.trainer: New best validation loss: -5.2603, saved to checkpoints/etas_20260330-183526/best_model_1.pth
2026-03-30 18:35:47,054 INFO src.train.trainer: Last model at epoch 301 saved to checkpoints/etas_20260330-183526/last_model_1.pth
2026-03-30 18:35:47,054 INFO src.train.trainer: Epoch 302
2026-03-30 18:35:47,121 INFO src.train.trainer: New best validation loss: -5.2637, saved to checkpoints/etas_20260330-183526/best_model_1.pth
2026-03-30 18:35:47,123 INFO src.train.trainer: Last model at epoch 302 saved to checkpoints/etas_20260330-183526/last_model_1.pth
2026-03-30 18:35:47,123 INFO src.train.trainer: Epoch 303
2026-03-30 18:35:47,190 INFO src.train.trainer: New best validation loss: -5.2670, saved to checkpoints/etas_20260330-183526/best_model_1.pth
2026-03-30 18:35:47,192 INFO src.train.trainer: Last model at epoch 303 saved to checkpoints/etas_20260330-183526/last_model_1.pth
2026-03-30 18:35:47,192 INFO src.train.trainer: Epoch 304
2026-03-30 18:35:47,257 INFO src.train.trainer: New best validation loss: -5.2703, saved to checkpoints/etas_20260330-183526/best_model_1.pth
2026-03-30 18:35:47,259 INFO src.train.trainer: Last model at epoch 304 saved to checkpoints/etas_20260330-183526/last_model_1.pth
2026-03-30 18:35:47,259 INFO src.train.trainer: Epoch 305
2026-03-30 18:35:47,323 INFO src.train.trainer: New best validation loss: -5.2736, saved to checkpoints/etas_20260330-183526/best_model_1.pth
2026-03-30 18:35:47,325 INFO src.train.trainer: Last model at epoch 305 saved to checkpoints/etas_20260330-183526/last_model_1.pth
2026-03-30 18:35:47,325 INFO src.train.trainer: Epoch 306
2026-03-30 18:35:47,389 INFO src.train.trainer: New best validation loss: -5.2769, saved to checkpoints/etas_20260330-183526/best_model_1.pth
2026-03-30 18:35:47,391 INFO src.train.trainer: Last model at epoch 306 saved to checkpoints/etas_20260330-183526/last_model_1.pth
2026-03-30 18:35:47,391 INFO src.train.trainer: Epoch 307
2026-03-30 18:35:47,455 INFO src.train.trainer: New best validation loss: -5.2802, saved to checkpoints/etas_20260330-183526/best_model_1.pth
2026-03-30 18:35:47,457 INFO src.train.trainer: Last model at epoch 307 saved to checkpoints/etas_20260330-183526/last_model_1.pth
2026-03-30 18:35:47,457 INFO src.train.trainer: Epoch 308
2026-03-30 18:35:47,522 INFO src.train.trainer: New best validation loss: -5.2835, saved to checkpoints/etas_20260330-183526/best_model_1.pth
2026-03-30 18:35:47,524 INFO src.train.trainer: Last model at epoch 308 saved to checkpoints/etas_20260330-183526/last_model_1.pth
2026-03-30 18:35:47,524 INFO src.train.trainer: Epoch 309
2026-03-30 18:35:47,588 INFO src.train.trainer: New best validation loss: -5.2868, saved to checkpoints/etas_20260330-183526/best_model_1.pth
2026-03-30 18:35:47,590 INFO src.train.trainer: Last model at epoch 309 saved to checkpoints/etas_20260330-183526/last_model_1.pth
2026-03-30 18:35:47,590 INFO src.train.trainer: Epoch 310
2026-03-30 18:35:47,655 INFO src.train.trainer: New best validation loss: -5.2900, saved to checkpoints/etas_20260330-183526/best_model_1.pth
2026-03-30 18:35:47,658 INFO src.train.trainer: Last model at epoch 310 saved to checkpoints/etas_20260330-183526/last_model_1.pth
2026-03-30 18:35:47,659 INFO src.train.trainer: Epoch 311
2026-03-30 18:35:47,723 INFO src.train.trainer: New best validation loss: -5.2933, saved to checkpoints/etas_20260330-183526/best_model_1.pth
2026-03-30 18:35:47,725 INFO src.train.trainer: Last model at epoch 311 saved to checkpoints/etas_20260330-183526/last_model_1.pth
2026-03-30 18:35:47,725 INFO src.train.trainer: Epoch 312
2026-03-30 18:35:47,790 INFO src.train.trainer: New best validation loss: -5.2965, saved to checkpoints/etas_20260330-183526/best_model_1.pth
2026-03-30 18:35:47,792 INFO src.train.trainer: Last model at epoch 312 saved to checkpoints/etas_20260330-183526/last_model_1.pth
2026-03-30 18:35:47,792 INFO src.train.trainer: Epoch 313
2026-03-30 18:35:47,859 INFO src.train.trainer: New best validation loss: -5.2997, saved to checkpoints/etas_20260330-183526/best_model_1.pth
2026-03-30 18:35:47,861 INFO src.train.trainer: Last model at epoch 313 saved to checkpoints/etas_20260330-183526/last_model_1.pth
2026-03-30 18:35:47,861 INFO src.train.trainer: Epoch 314
2026-03-30 18:35:47,925 INFO src.train.trainer: New best validation loss: -5.3029, saved to checkpoints/etas_20260330-183526/best_model_1.pth
2026-03-30 18:35:47,927 INFO src.train.trainer: Last model at epoch 314 saved to checkpoints/etas_20260330-183526/last_model_1.pth
2026-03-30 18:35:47,927 INFO src.train.trainer: Epoch 315
2026-03-30 18:35:47,991 INFO src.train.trainer: New best validation loss: -5.3061, saved to checkpoints/etas_20260330-183526/best_model_1.pth
2026-03-30 18:35:47,993 INFO src.train.trainer: Last model at epoch 315 saved to checkpoints/etas_20260330-183526/last_model_1.pth
2026-03-30 18:35:47,993 INFO src.train.trainer: Epoch 316
2026-03-30 18:35:48,055 INFO src.train.trainer: New best validation loss: -5.3093, saved to checkpoints/etas_20260330-183526/best_model_1.pth
2026-03-30 18:35:48,057 INFO src.train.trainer: Last model at epoch 316 saved to checkpoints/etas_20260330-183526/last_model_1.pth
2026-03-30 18:35:48,058 INFO src.train.trainer: Epoch 317
2026-03-30 18:35:48,122 INFO src.train.trainer: New best validation loss: -5.3124, saved to checkpoints/etas_20260330-183526/best_model_1.pth
2026-03-30 18:35:48,124 INFO src.train.trainer: Last model at epoch 317 saved to checkpoints/etas_20260330-183526/last_model_1.pth
2026-03-30 18:35:48,124 INFO src.train.trainer: Epoch 318
2026-03-30 18:35:48,189 INFO src.train.trainer: New best validation loss: -5.3155, saved to checkpoints/etas_20260330-183526/best_model_1.pth
2026-03-30 18:35:48,191 INFO src.train.trainer: Last model at epoch 318 saved to checkpoints/etas_20260330-183526/last_model_1.pth
2026-03-30 18:35:48,191 INFO src.train.trainer: Epoch 319
2026-03-30 18:35:48,259 INFO src.train.trainer: New best validation loss: -5.3187, saved to checkpoints/etas_20260330-183526/best_model_1.pth
2026-03-30 18:35:48,261 INFO src.train.trainer: Last model at epoch 319 saved to checkpoints/etas_20260330-183526/last_model_1.pth
2026-03-30 18:35:48,261 INFO src.train.trainer: Epoch 320
2026-03-30 18:35:48,331 INFO src.train.trainer: New best validation loss: -5.3218, saved to checkpoints/etas_20260330-183526/best_model_1.pth
2026-03-30 18:35:48,333 INFO src.train.trainer: Last model at epoch 320 saved to checkpoints/etas_20260330-183526/last_model_1.pth
2026-03-30 18:35:48,333 INFO src.train.trainer: Epoch 321
2026-03-30 18:35:48,406 INFO src.train.trainer: New best validation loss: -5.3249, saved to checkpoints/etas_20260330-183526/best_model_1.pth
2026-03-30 18:35:48,408 INFO src.train.trainer: Last model at epoch 321 saved to checkpoints/etas_20260330-183526/last_model_1.pth
2026-03-30 18:35:48,408 INFO src.train.trainer: Epoch 322
2026-03-30 18:35:48,477 INFO src.train.trainer: New best validation loss: -5.3280, saved to checkpoints/etas_20260330-183526/best_model_1.pth
2026-03-30 18:35:48,480 INFO src.train.trainer: Last model at epoch 322 saved to checkpoints/etas_20260330-183526/last_model_1.pth
2026-03-30 18:35:48,480 INFO src.train.trainer: Epoch 323
2026-03-30 18:35:48,551 INFO src.train.trainer: New best validation loss: -5.3310, saved to checkpoints/etas_20260330-183526/best_model_1.pth
2026-03-30 18:35:48,553 INFO src.train.trainer: Last model at epoch 323 saved to checkpoints/etas_20260330-183526/last_model_1.pth
2026-03-30 18:35:48,553 INFO src.train.trainer: Epoch 324
2026-03-30 18:35:48,624 INFO src.train.trainer: New best validation loss: -5.3341, saved to checkpoints/etas_20260330-183526/best_model_1.pth
2026-03-30 18:35:48,627 INFO src.train.trainer: Last model at epoch 324 saved to checkpoints/etas_20260330-183526/last_model_1.pth
2026-03-30 18:35:48,627 INFO src.train.trainer: Epoch 325
2026-03-30 18:35:48,697 INFO src.train.trainer: New best validation loss: -5.3371, saved to checkpoints/etas_20260330-183526/best_model_1.pth
2026-03-30 18:35:48,700 INFO src.train.trainer: Last model at epoch 325 saved to checkpoints/etas_20260330-183526/last_model_1.pth
2026-03-30 18:35:48,700 INFO src.train.trainer: Epoch 326
2026-03-30 18:35:48,773 INFO src.train.trainer: New best validation loss: -5.3402, saved to checkpoints/etas_20260330-183526/best_model_1.pth
2026-03-30 18:35:48,775 INFO src.train.trainer: Last model at epoch 326 saved to checkpoints/etas_20260330-183526/last_model_1.pth
2026-03-30 18:35:48,775 INFO src.train.trainer: Epoch 327
2026-03-30 18:35:48,853 INFO src.train.trainer: New best validation loss: -5.3432, saved to checkpoints/etas_20260330-183526/best_model_1.pth
2026-03-30 18:35:48,855 INFO src.train.trainer: Last model at epoch 327 saved to checkpoints/etas_20260330-183526/last_model_1.pth
2026-03-30 18:35:48,855 INFO src.train.trainer: Epoch 328
2026-03-30 18:35:48,921 INFO src.train.trainer: New best validation loss: -5.3462, saved to checkpoints/etas_20260330-183526/best_model_1.pth
2026-03-30 18:35:48,923 INFO src.train.trainer: Last model at epoch 328 saved to checkpoints/etas_20260330-183526/last_model_1.pth
2026-03-30 18:35:48,923 INFO src.train.trainer: Epoch 329
2026-03-30 18:35:48,992 INFO src.train.trainer: New best validation loss: -5.3491, saved to checkpoints/etas_20260330-183526/best_model_1.pth
2026-03-30 18:35:48,994 INFO src.train.trainer: Last model at epoch 329 saved to checkpoints/etas_20260330-183526/last_model_1.pth
2026-03-30 18:35:48,994 INFO src.train.trainer: Epoch 330
2026-03-30 18:35:49,062 INFO src.train.trainer: New best validation loss: -5.3521, saved to checkpoints/etas_20260330-183526/best_model_1.pth
2026-03-30 18:35:49,065 INFO src.train.trainer: Last model at epoch 330 saved to checkpoints/etas_20260330-183526/last_model_1.pth
2026-03-30 18:35:49,065 INFO src.train.trainer: Epoch 331
2026-03-30 18:35:49,135 INFO src.train.trainer: New best validation loss: -5.3551, saved to checkpoints/etas_20260330-183526/best_model_1.pth
2026-03-30 18:35:49,137 INFO src.train.trainer: Last model at epoch 331 saved to checkpoints/etas_20260330-183526/last_model_1.pth
2026-03-30 18:35:49,137 INFO src.train.trainer: Epoch 332
2026-03-30 18:35:49,205 INFO src.train.trainer: New best validation loss: -5.3580, saved to checkpoints/etas_20260330-183526/best_model_1.pth
2026-03-30 18:35:49,207 INFO src.train.trainer: Last model at epoch 332 saved to checkpoints/etas_20260330-183526/last_model_1.pth
2026-03-30 18:35:49,208 INFO src.train.trainer: Epoch 333
2026-03-30 18:35:49,275 INFO src.train.trainer: New best validation loss: -5.3609, saved to checkpoints/etas_20260330-183526/best_model_1.pth
2026-03-30 18:35:49,277 INFO src.train.trainer: Last model at epoch 333 saved to checkpoints/etas_20260330-183526/last_model_1.pth
2026-03-30 18:35:49,277 INFO src.train.trainer: Epoch 334
2026-03-30 18:35:49,349 INFO src.train.trainer: New best validation loss: -5.3639, saved to checkpoints/etas_20260330-183526/best_model_1.pth
2026-03-30 18:35:49,351 INFO src.train.trainer: Last model at epoch 334 saved to checkpoints/etas_20260330-183526/last_model_1.pth
2026-03-30 18:35:49,352 INFO src.train.trainer: Epoch 335
2026-03-30 18:35:49,417 INFO src.train.trainer: New best validation loss: -5.3667, saved to checkpoints/etas_20260330-183526/best_model_1.pth
2026-03-30 18:35:49,420 INFO src.train.trainer: Last model at epoch 335 saved to checkpoints/etas_20260330-183526/last_model_1.pth
2026-03-30 18:35:49,420 INFO src.train.trainer: Epoch 336
2026-03-30 18:35:49,487 INFO src.train.trainer: New best validation loss: -5.3696, saved to checkpoints/etas_20260330-183526/best_model_1.pth
2026-03-30 18:35:49,490 INFO src.train.trainer: Last model at epoch 336 saved to checkpoints/etas_20260330-183526/last_model_1.pth
2026-03-30 18:35:49,490 INFO src.train.trainer: Epoch 337
2026-03-30 18:35:49,559 INFO src.train.trainer: New best validation loss: -5.3725, saved to checkpoints/etas_20260330-183526/best_model_1.pth
2026-03-30 18:35:49,561 INFO src.train.trainer: Last model at epoch 337 saved to checkpoints/etas_20260330-183526/last_model_1.pth
2026-03-30 18:35:49,561 INFO src.train.trainer: Epoch 338
2026-03-30 18:35:49,632 INFO src.train.trainer: New best validation loss: -5.3754, saved to checkpoints/etas_20260330-183526/best_model_1.pth
2026-03-30 18:35:49,635 INFO src.train.trainer: Last model at epoch 338 saved to checkpoints/etas_20260330-183526/last_model_1.pth
2026-03-30 18:35:49,635 INFO src.train.trainer: Epoch 339
2026-03-30 18:35:49,708 INFO src.train.trainer: New best validation loss: -5.3782, saved to checkpoints/etas_20260330-183526/best_model_1.pth
2026-03-30 18:35:49,711 INFO src.train.trainer: Last model at epoch 339 saved to checkpoints/etas_20260330-183526/last_model_1.pth
2026-03-30 18:35:49,711 INFO src.train.trainer: Epoch 340
2026-03-30 18:35:49,784 INFO src.train.trainer: New best validation loss: -5.3810, saved to checkpoints/etas_20260330-183526/best_model_1.pth
2026-03-30 18:35:49,786 INFO src.train.trainer: Last model at epoch 340 saved to checkpoints/etas_20260330-183526/last_model_1.pth
2026-03-30 18:35:49,786 INFO src.train.trainer: Epoch 341
2026-03-30 18:35:49,852 INFO src.train.trainer: New best validation loss: -5.3838, saved to checkpoints/etas_20260330-183526/best_model_1.pth
2026-03-30 18:35:49,855 INFO src.train.trainer: Last model at epoch 341 saved to checkpoints/etas_20260330-183526/last_model_1.pth
2026-03-30 18:35:49,855 INFO src.train.trainer: Epoch 342
2026-03-30 18:35:49,923 INFO src.train.trainer: New best validation loss: -5.3866, saved to checkpoints/etas_20260330-183526/best_model_1.pth
2026-03-30 18:35:49,925 INFO src.train.trainer: Last model at epoch 342 saved to checkpoints/etas_20260330-183526/last_model_1.pth
2026-03-30 18:35:49,925 INFO src.train.trainer: Epoch 343
2026-03-30 18:35:49,994 INFO src.train.trainer: New best validation loss: -5.3894, saved to checkpoints/etas_20260330-183526/best_model_1.pth
2026-03-30 18:35:49,996 INFO src.train.trainer: Last model at epoch 343 saved to checkpoints/etas_20260330-183526/last_model_1.pth
2026-03-30 18:35:49,996 INFO src.train.trainer: Epoch 344
2026-03-30 18:35:50,051 INFO src.train.trainer: New best validation loss: -5.3922, saved to checkpoints/etas_20260330-183526/best_model_1.pth
2026-03-30 18:35:50,053 INFO src.train.trainer: Last model at epoch 344 saved to checkpoints/etas_20260330-183526/last_model_1.pth
2026-03-30 18:35:50,053 INFO src.train.trainer: Epoch 345
2026-03-30 18:35:50,100 INFO src.train.trainer: New best validation loss: -5.3949, saved to checkpoints/etas_20260330-183526/best_model_1.pth
2026-03-30 18:35:50,102 INFO src.train.trainer: Last model at epoch 345 saved to checkpoints/etas_20260330-183526/last_model_1.pth
2026-03-30 18:35:50,102 INFO src.train.trainer: Epoch 346
2026-03-30 18:35:50,158 INFO src.train.trainer: New best validation loss: -5.3977, saved to checkpoints/etas_20260330-183526/best_model_1.pth
2026-03-30 18:35:50,161 INFO src.train.trainer: Last model at epoch 346 saved to checkpoints/etas_20260330-183526/last_model_1.pth
2026-03-30 18:35:50,161 INFO src.train.trainer: Epoch 347
2026-03-30 18:35:50,211 INFO src.train.trainer: New best validation loss: -5.4004, saved to checkpoints/etas_20260330-183526/best_model_1.pth
2026-03-30 18:35:50,213 INFO src.train.trainer: Last model at epoch 347 saved to checkpoints/etas_20260330-183526/last_model_1.pth
2026-03-30 18:35:50,213 INFO src.train.trainer: Epoch 348
2026-03-30 18:35:50,270 INFO src.train.trainer: New best validation loss: -5.4031, saved to checkpoints/etas_20260330-183526/best_model_1.pth
2026-03-30 18:35:50,272 INFO src.train.trainer: Last model at epoch 348 saved to checkpoints/etas_20260330-183526/last_model_1.pth
2026-03-30 18:35:50,272 INFO src.train.trainer: Epoch 349
2026-03-30 18:35:50,326 INFO src.train.trainer: New best validation loss: -5.4058, saved to checkpoints/etas_20260330-183526/best_model_1.pth
2026-03-30 18:35:50,327 INFO src.train.trainer: Last model at epoch 349 saved to checkpoints/etas_20260330-183526/last_model_1.pth
2026-03-30 18:35:50,327 INFO src.train.trainer: Epoch 350
2026-03-30 18:35:50,382 INFO src.train.trainer: New best validation loss: -5.4085, saved to checkpoints/etas_20260330-183526/best_model_1.pth
2026-03-30 18:35:50,384 INFO src.train.trainer: Last model at epoch 350 saved to checkpoints/etas_20260330-183526/last_model_1.pth
2026-03-30 18:35:50,384 INFO src.train.trainer: Epoch 351
2026-03-30 18:35:50,438 INFO src.train.trainer: New best validation loss: -5.4111, saved to checkpoints/etas_20260330-183526/best_model_1.pth
2026-03-30 18:35:50,440 INFO src.train.trainer: Last model at epoch 351 saved to checkpoints/etas_20260330-183526/last_model_1.pth
2026-03-30 18:35:50,440 INFO src.train.trainer: Epoch 352
2026-03-30 18:35:50,496 INFO src.train.trainer: New best validation loss: -5.4138, saved to checkpoints/etas_20260330-183526/best_model_1.pth
2026-03-30 18:35:50,497 INFO src.train.trainer: Last model at epoch 352 saved to checkpoints/etas_20260330-183526/last_model_1.pth
2026-03-30 18:35:50,497 INFO src.train.trainer: Epoch 353
2026-03-30 18:35:50,554 INFO src.train.trainer: New best validation loss: -5.4164, saved to checkpoints/etas_20260330-183526/best_model_1.pth
2026-03-30 18:35:50,556 INFO src.train.trainer: Last model at epoch 353 saved to checkpoints/etas_20260330-183526/last_model_1.pth
2026-03-30 18:35:50,556 INFO src.train.trainer: Epoch 354
2026-03-30 18:35:50,618 INFO src.train.trainer: New best validation loss: -5.4190, saved to checkpoints/etas_20260330-183526/best_model_1.pth
2026-03-30 18:35:50,620 INFO src.train.trainer: Last model at epoch 354 saved to checkpoints/etas_20260330-183526/last_model_1.pth
2026-03-30 18:35:50,620 INFO src.train.trainer: Epoch 355
2026-03-30 18:35:50,682 INFO src.train.trainer: New best validation loss: -5.4216, saved to checkpoints/etas_20260330-183526/best_model_1.pth
2026-03-30 18:35:50,685 INFO src.train.trainer: Last model at epoch 355 saved to checkpoints/etas_20260330-183526/last_model_1.pth
2026-03-30 18:35:50,685 INFO src.train.trainer: Epoch 356
2026-03-30 18:35:50,745 INFO src.train.trainer: New best validation loss: -5.4242, saved to checkpoints/etas_20260330-183526/best_model_1.pth
2026-03-30 18:35:50,747 INFO src.train.trainer: Last model at epoch 356 saved to checkpoints/etas_20260330-183526/last_model_1.pth
2026-03-30 18:35:50,747 INFO src.train.trainer: Epoch 357
2026-03-30 18:35:50,809 INFO src.train.trainer: New best validation loss: -5.4268, saved to checkpoints/etas_20260330-183526/best_model_1.pth
2026-03-30 18:35:50,811 INFO src.train.trainer: Last model at epoch 357 saved to checkpoints/etas_20260330-183526/last_model_1.pth
2026-03-30 18:35:50,811 INFO src.train.trainer: Epoch 358
2026-03-30 18:35:50,873 INFO src.train.trainer: New best validation loss: -5.4293, saved to checkpoints/etas_20260330-183526/best_model_1.pth
2026-03-30 18:35:50,876 INFO src.train.trainer: Last model at epoch 358 saved to checkpoints/etas_20260330-183526/last_model_1.pth
2026-03-30 18:35:50,876 INFO src.train.trainer: Epoch 359
2026-03-30 18:35:50,938 INFO src.train.trainer: New best validation loss: -5.4319, saved to checkpoints/etas_20260330-183526/best_model_1.pth
2026-03-30 18:35:50,940 INFO src.train.trainer: Last model at epoch 359 saved to checkpoints/etas_20260330-183526/last_model_1.pth
2026-03-30 18:35:50,940 INFO src.train.trainer: Epoch 360
2026-03-30 18:35:51,002 INFO src.train.trainer: New best validation loss: -5.4344, saved to checkpoints/etas_20260330-183526/best_model_1.pth
2026-03-30 18:35:51,004 INFO src.train.trainer: Last model at epoch 360 saved to checkpoints/etas_20260330-183526/last_model_1.pth
2026-03-30 18:35:51,004 INFO src.train.trainer: Epoch 361
2026-03-30 18:35:51,068 INFO src.train.trainer: New best validation loss: -5.4369, saved to checkpoints/etas_20260330-183526/best_model_1.pth
2026-03-30 18:35:51,071 INFO src.train.trainer: Last model at epoch 361 saved to checkpoints/etas_20260330-183526/last_model_1.pth
2026-03-30 18:35:51,071 INFO src.train.trainer: Epoch 362
2026-03-30 18:35:51,135 INFO src.train.trainer: New best validation loss: -5.4394, saved to checkpoints/etas_20260330-183526/best_model_1.pth
2026-03-30 18:35:51,138 INFO src.train.trainer: Last model at epoch 362 saved to checkpoints/etas_20260330-183526/last_model_1.pth
2026-03-30 18:35:51,138 INFO src.train.trainer: Epoch 363
2026-03-30 18:35:51,199 INFO src.train.trainer: New best validation loss: -5.4419, saved to checkpoints/etas_20260330-183526/best_model_1.pth
2026-03-30 18:35:51,202 INFO src.train.trainer: Last model at epoch 363 saved to checkpoints/etas_20260330-183526/last_model_1.pth
2026-03-30 18:35:51,202 INFO src.train.trainer: Epoch 364
2026-03-30 18:35:51,280 INFO src.train.trainer: New best validation loss: -5.4444, saved to checkpoints/etas_20260330-183526/best_model_1.pth
2026-03-30 18:35:51,283 INFO src.train.trainer: Last model at epoch 364 saved to checkpoints/etas_20260330-183526/last_model_1.pth
2026-03-30 18:35:51,283 INFO src.train.trainer: Epoch 365
2026-03-30 18:35:51,347 INFO src.train.trainer: New best validation loss: -5.4468, saved to checkpoints/etas_20260330-183526/best_model_1.pth
2026-03-30 18:35:51,350 INFO src.train.trainer: Last model at epoch 365 saved to checkpoints/etas_20260330-183526/last_model_1.pth
2026-03-30 18:35:51,350 INFO src.train.trainer: Epoch 366
2026-03-30 18:35:51,411 INFO src.train.trainer: New best validation loss: -5.4493, saved to checkpoints/etas_20260330-183526/best_model_1.pth
2026-03-30 18:35:51,413 INFO src.train.trainer: Last model at epoch 366 saved to checkpoints/etas_20260330-183526/last_model_1.pth
2026-03-30 18:35:51,413 INFO src.train.trainer: Epoch 367
2026-03-30 18:35:51,472 INFO src.train.trainer: New best validation loss: -5.4517, saved to checkpoints/etas_20260330-183526/best_model_1.pth
2026-03-30 18:35:51,475 INFO src.train.trainer: Last model at epoch 367 saved to checkpoints/etas_20260330-183526/last_model_1.pth
2026-03-30 18:35:51,475 INFO src.train.trainer: Epoch 368
2026-03-30 18:35:51,535 INFO src.train.trainer: New best validation loss: -5.4541, saved to checkpoints/etas_20260330-183526/best_model_1.pth
2026-03-30 18:35:51,537 INFO src.train.trainer: Last model at epoch 368 saved to checkpoints/etas_20260330-183526/last_model_1.pth
2026-03-30 18:35:51,537 INFO src.train.trainer: Epoch 369
2026-03-30 18:35:51,608 INFO src.train.trainer: New best validation loss: -5.4565, saved to checkpoints/etas_20260330-183526/best_model_1.pth
2026-03-30 18:35:51,610 INFO src.train.trainer: Last model at epoch 369 saved to checkpoints/etas_20260330-183526/last_model_1.pth
2026-03-30 18:35:51,610 INFO src.train.trainer: Epoch 370
2026-03-30 18:35:51,663 INFO src.train.trainer: New best validation loss: -5.4588, saved to checkpoints/etas_20260330-183526/best_model_1.pth
2026-03-30 18:35:51,665 INFO src.train.trainer: Last model at epoch 370 saved to checkpoints/etas_20260330-183526/last_model_1.pth
2026-03-30 18:35:51,665 INFO src.train.trainer: Epoch 371
2026-03-30 18:35:51,718 INFO src.train.trainer: New best validation loss: -5.4612, saved to checkpoints/etas_20260330-183526/best_model_1.pth
2026-03-30 18:35:51,721 INFO src.train.trainer: Last model at epoch 371 saved to checkpoints/etas_20260330-183526/last_model_1.pth
2026-03-30 18:35:51,721 INFO src.train.trainer: Epoch 372
2026-03-30 18:35:51,769 INFO src.train.trainer: New best validation loss: -5.4635, saved to checkpoints/etas_20260330-183526/best_model_1.pth
2026-03-30 18:35:51,771 INFO src.train.trainer: Last model at epoch 372 saved to checkpoints/etas_20260330-183526/last_model_1.pth
2026-03-30 18:35:51,771 INFO src.train.trainer: Epoch 373
2026-03-30 18:35:51,818 INFO src.train.trainer: New best validation loss: -5.4658, saved to checkpoints/etas_20260330-183526/best_model_1.pth
2026-03-30 18:35:51,821 INFO src.train.trainer: Last model at epoch 373 saved to checkpoints/etas_20260330-183526/last_model_1.pth
2026-03-30 18:35:51,821 INFO src.train.trainer: Epoch 374
2026-03-30 18:35:51,870 INFO src.train.trainer: New best validation loss: -5.4682, saved to checkpoints/etas_20260330-183526/best_model_1.pth
2026-03-30 18:35:51,872 INFO src.train.trainer: Last model at epoch 374 saved to checkpoints/etas_20260330-183526/last_model_1.pth
2026-03-30 18:35:51,872 INFO src.train.trainer: Epoch 375
2026-03-30 18:35:51,923 INFO src.train.trainer: New best validation loss: -5.4704, saved to checkpoints/etas_20260330-183526/best_model_1.pth
2026-03-30 18:35:51,924 INFO src.train.trainer: Last model at epoch 375 saved to checkpoints/etas_20260330-183526/last_model_1.pth
2026-03-30 18:35:51,924 INFO src.train.trainer: Epoch 376
2026-03-30 18:35:51,975 INFO src.train.trainer: New best validation loss: -5.4727, saved to checkpoints/etas_20260330-183526/best_model_1.pth
2026-03-30 18:35:51,977 INFO src.train.trainer: Last model at epoch 376 saved to checkpoints/etas_20260330-183526/last_model_1.pth
2026-03-30 18:35:51,977 INFO src.train.trainer: Epoch 377
2026-03-30 18:35:52,028 INFO src.train.trainer: New best validation loss: -5.4750, saved to checkpoints/etas_20260330-183526/best_model_1.pth
2026-03-30 18:35:52,030 INFO src.train.trainer: Last model at epoch 377 saved to checkpoints/etas_20260330-183526/last_model_1.pth
2026-03-30 18:35:52,030 INFO src.train.trainer: Epoch 378
2026-03-30 18:35:52,081 INFO src.train.trainer: New best validation loss: -5.4772, saved to checkpoints/etas_20260330-183526/best_model_1.pth
2026-03-30 18:35:52,083 INFO src.train.trainer: Last model at epoch 378 saved to checkpoints/etas_20260330-183526/last_model_1.pth
2026-03-30 18:35:52,083 INFO src.train.trainer: Epoch 379
2026-03-30 18:35:52,138 INFO src.train.trainer: New best validation loss: -5.4795, saved to checkpoints/etas_20260330-183526/best_model_1.pth
2026-03-30 18:35:52,140 INFO src.train.trainer: Last model at epoch 379 saved to checkpoints/etas_20260330-183526/last_model_1.pth
2026-03-30 18:35:52,140 INFO src.train.trainer: Epoch 380
2026-03-30 18:35:52,195 INFO src.train.trainer: New best validation loss: -5.4817, saved to checkpoints/etas_20260330-183526/best_model_1.pth
2026-03-30 18:35:52,197 INFO src.train.trainer: Last model at epoch 380 saved to checkpoints/etas_20260330-183526/last_model_1.pth
2026-03-30 18:35:52,197 INFO src.train.trainer: Epoch 381
2026-03-30 18:35:52,255 INFO src.train.trainer: New best validation loss: -5.4839, saved to checkpoints/etas_20260330-183526/best_model_1.pth
2026-03-30 18:35:52,257 INFO src.train.trainer: Last model at epoch 381 saved to checkpoints/etas_20260330-183526/last_model_1.pth
2026-03-30 18:35:52,257 INFO src.train.trainer: Epoch 382
2026-03-30 18:35:52,313 INFO src.train.trainer: New best validation loss: -5.4860, saved to checkpoints/etas_20260330-183526/best_model_1.pth
2026-03-30 18:35:52,316 INFO src.train.trainer: Last model at epoch 382 saved to checkpoints/etas_20260330-183526/last_model_1.pth
2026-03-30 18:35:52,316 INFO src.train.trainer: Epoch 383
2026-03-30 18:35:52,377 INFO src.train.trainer: New best validation loss: -5.4882, saved to checkpoints/etas_20260330-183526/best_model_1.pth
2026-03-30 18:35:52,379 INFO src.train.trainer: Last model at epoch 383 saved to checkpoints/etas_20260330-183526/last_model_1.pth
2026-03-30 18:35:52,379 INFO src.train.trainer: Epoch 384
2026-03-30 18:35:52,441 INFO src.train.trainer: New best validation loss: -5.4903, saved to checkpoints/etas_20260330-183526/best_model_1.pth
2026-03-30 18:35:52,443 INFO src.train.trainer: Last model at epoch 384 saved to checkpoints/etas_20260330-183526/last_model_1.pth
2026-03-30 18:35:52,443 INFO src.train.trainer: Epoch 385
2026-03-30 18:35:52,502 INFO src.train.trainer: New best validation loss: -5.4925, saved to checkpoints/etas_20260330-183526/best_model_1.pth
2026-03-30 18:35:52,505 INFO src.train.trainer: Last model at epoch 385 saved to checkpoints/etas_20260330-183526/last_model_1.pth
2026-03-30 18:35:52,505 INFO src.train.trainer: Epoch 386
2026-03-30 18:35:52,566 INFO src.train.trainer: New best validation loss: -5.4946, saved to checkpoints/etas_20260330-183526/best_model_1.pth
2026-03-30 18:35:52,568 INFO src.train.trainer: Last model at epoch 386 saved to checkpoints/etas_20260330-183526/last_model_1.pth
2026-03-30 18:35:52,568 INFO src.train.trainer: Epoch 387
2026-03-30 18:35:52,630 INFO src.train.trainer: New best validation loss: -5.4967, saved to checkpoints/etas_20260330-183526/best_model_1.pth
2026-03-30 18:35:52,632 INFO src.train.trainer: Last model at epoch 387 saved to checkpoints/etas_20260330-183526/last_model_1.pth
2026-03-30 18:35:52,632 INFO src.train.trainer: Epoch 388
2026-03-30 18:35:52,693 INFO src.train.trainer: New best validation loss: -5.4988, saved to checkpoints/etas_20260330-183526/best_model_1.pth
2026-03-30 18:35:52,695 INFO src.train.trainer: Last model at epoch 388 saved to checkpoints/etas_20260330-183526/last_model_1.pth
2026-03-30 18:35:52,695 INFO src.train.trainer: Epoch 389
2026-03-30 18:35:52,757 INFO src.train.trainer: New best validation loss: -5.5008, saved to checkpoints/etas_20260330-183526/best_model_1.pth
2026-03-30 18:35:52,759 INFO src.train.trainer: Last model at epoch 389 saved to checkpoints/etas_20260330-183526/last_model_1.pth
2026-03-30 18:35:52,759 INFO src.train.trainer: Epoch 390
2026-03-30 18:35:52,821 INFO src.train.trainer: New best validation loss: -5.5029, saved to checkpoints/etas_20260330-183526/best_model_1.pth
2026-03-30 18:35:52,823 INFO src.train.trainer: Last model at epoch 390 saved to checkpoints/etas_20260330-183526/last_model_1.pth
2026-03-30 18:35:52,823 INFO src.train.trainer: Epoch 391
2026-03-30 18:35:52,884 INFO src.train.trainer: New best validation loss: -5.5049, saved to checkpoints/etas_20260330-183526/best_model_1.pth
2026-03-30 18:35:52,887 INFO src.train.trainer: Last model at epoch 391 saved to checkpoints/etas_20260330-183526/last_model_1.pth
2026-03-30 18:35:52,887 INFO src.train.trainer: Epoch 392
2026-03-30 18:35:52,950 INFO src.train.trainer: New best validation loss: -5.5070, saved to checkpoints/etas_20260330-183526/best_model_1.pth
2026-03-30 18:35:52,953 INFO src.train.trainer: Last model at epoch 392 saved to checkpoints/etas_20260330-183526/last_model_1.pth
2026-03-30 18:35:52,953 INFO src.train.trainer: Epoch 393
2026-03-30 18:35:53,016 INFO src.train.trainer: New best validation loss: -5.5089, saved to checkpoints/etas_20260330-183526/best_model_1.pth
2026-03-30 18:35:53,019 INFO src.train.trainer: Last model at epoch 393 saved to checkpoints/etas_20260330-183526/last_model_1.pth
2026-03-30 18:35:53,019 INFO src.train.trainer: Epoch 394
2026-03-30 18:35:53,089 INFO src.train.trainer: New best validation loss: -5.5109, saved to checkpoints/etas_20260330-183526/best_model_1.pth
2026-03-30 18:35:53,092 INFO src.train.trainer: Last model at epoch 394 saved to checkpoints/etas_20260330-183526/last_model_1.pth
2026-03-30 18:35:53,092 INFO src.train.trainer: Epoch 395
2026-03-30 18:35:53,160 INFO src.train.trainer: New best validation loss: -5.5129, saved to checkpoints/etas_20260330-183526/best_model_1.pth
2026-03-30 18:35:53,163 INFO src.train.trainer: Last model at epoch 395 saved to checkpoints/etas_20260330-183526/last_model_1.pth
2026-03-30 18:35:53,163 INFO src.train.trainer: Epoch 396
2026-03-30 18:35:53,233 INFO src.train.trainer: New best validation loss: -5.5148, saved to checkpoints/etas_20260330-183526/best_model_1.pth
2026-03-30 18:35:53,236 INFO src.train.trainer: Last model at epoch 396 saved to checkpoints/etas_20260330-183526/last_model_1.pth
2026-03-30 18:35:53,236 INFO src.train.trainer: Epoch 397
2026-03-30 18:35:53,306 INFO src.train.trainer: New best validation loss: -5.5168, saved to checkpoints/etas_20260330-183526/best_model_1.pth
2026-03-30 18:35:53,309 INFO src.train.trainer: Last model at epoch 397 saved to checkpoints/etas_20260330-183526/last_model_1.pth
2026-03-30 18:35:53,309 INFO src.train.trainer: Epoch 398
2026-03-30 18:35:53,374 INFO src.train.trainer: New best validation loss: -5.5187, saved to checkpoints/etas_20260330-183526/best_model_1.pth
2026-03-30 18:35:53,376 INFO src.train.trainer: Last model at epoch 398 saved to checkpoints/etas_20260330-183526/last_model_1.pth
2026-03-30 18:35:53,377 INFO src.train.trainer: Epoch 399
2026-03-30 18:35:53,443 INFO src.train.trainer: New best validation loss: -5.5206, saved to checkpoints/etas_20260330-183526/best_model_1.pth
2026-03-30 18:35:53,445 INFO src.train.trainer: Last model at epoch 399 saved to checkpoints/etas_20260330-183526/last_model_1.pth
2026-03-30 18:35:53,445 INFO src.train.trainer: Epoch 400
2026-03-30 18:35:53,509 INFO src.train.trainer: New best validation loss: -5.5225, saved to checkpoints/etas_20260330-183526/best_model_1.pth
2026-03-30 18:35:53,511 INFO src.train.trainer: Last model at epoch 400 saved to checkpoints/etas_20260330-183526/last_model_1.pth
2026-03-30 18:35:53,511 INFO src.train.trainer: Epoch 401
2026-03-30 18:35:53,576 INFO src.train.trainer: New best validation loss: -5.5243, saved to checkpoints/etas_20260330-183526/best_model_1.pth
2026-03-30 18:35:53,579 INFO src.train.trainer: Last model at epoch 401 saved to checkpoints/etas_20260330-183526/last_model_1.pth
2026-03-30 18:35:53,579 INFO src.train.trainer: Epoch 402
2026-03-30 18:35:53,647 INFO src.train.trainer: New best validation loss: -5.5262, saved to checkpoints/etas_20260330-183526/best_model_1.pth
2026-03-30 18:35:53,649 INFO src.train.trainer: Last model at epoch 402 saved to checkpoints/etas_20260330-183526/last_model_1.pth
2026-03-30 18:35:53,649 INFO src.train.trainer: Epoch 403
2026-03-30 18:35:53,718 INFO src.train.trainer: New best validation loss: -5.5280, saved to checkpoints/etas_20260330-183526/best_model_1.pth
2026-03-30 18:35:53,720 INFO src.train.trainer: Last model at epoch 403 saved to checkpoints/etas_20260330-183526/last_model_1.pth
2026-03-30 18:35:53,720 INFO src.train.trainer: Epoch 404
2026-03-30 18:35:53,786 INFO src.train.trainer: New best validation loss: -5.5298, saved to checkpoints/etas_20260330-183526/best_model_1.pth
2026-03-30 18:35:53,788 INFO src.train.trainer: Last model at epoch 404 saved to checkpoints/etas_20260330-183526/last_model_1.pth
2026-03-30 18:35:53,789 INFO src.train.trainer: Epoch 405
2026-03-30 18:35:53,859 INFO src.train.trainer: New best validation loss: -5.5316, saved to checkpoints/etas_20260330-183526/best_model_1.pth
2026-03-30 18:35:53,861 INFO src.train.trainer: Last model at epoch 405 saved to checkpoints/etas_20260330-183526/last_model_1.pth
2026-03-30 18:35:53,862 INFO src.train.trainer: Epoch 406
2026-03-30 18:35:53,929 INFO src.train.trainer: New best validation loss: -5.5334, saved to checkpoints/etas_20260330-183526/best_model_1.pth
2026-03-30 18:35:53,931 INFO src.train.trainer: Last model at epoch 406 saved to checkpoints/etas_20260330-183526/last_model_1.pth
2026-03-30 18:35:53,932 INFO src.train.trainer: Epoch 407
2026-03-30 18:35:54,001 INFO src.train.trainer: New best validation loss: -5.5352, saved to checkpoints/etas_20260330-183526/best_model_1.pth
2026-03-30 18:35:54,003 INFO src.train.trainer: Last model at epoch 407 saved to checkpoints/etas_20260330-183526/last_model_1.pth
2026-03-30 18:35:54,003 INFO src.train.trainer: Epoch 408
2026-03-30 18:35:54,073 INFO src.train.trainer: New best validation loss: -5.5369, saved to checkpoints/etas_20260330-183526/best_model_1.pth
2026-03-30 18:35:54,075 INFO src.train.trainer: Last model at epoch 408 saved to checkpoints/etas_20260330-183526/last_model_1.pth
2026-03-30 18:35:54,075 INFO src.train.trainer: Epoch 409
2026-03-30 18:35:54,144 INFO src.train.trainer: New best validation loss: -5.5386, saved to checkpoints/etas_20260330-183526/best_model_1.pth
2026-03-30 18:35:54,146 INFO src.train.trainer: Last model at epoch 409 saved to checkpoints/etas_20260330-183526/last_model_1.pth
2026-03-30 18:35:54,146 INFO src.train.trainer: Epoch 410
2026-03-30 18:35:54,210 INFO src.train.trainer: New best validation loss: -5.5403, saved to checkpoints/etas_20260330-183526/best_model_1.pth
2026-03-30 18:35:54,212 INFO src.train.trainer: Last model at epoch 410 saved to checkpoints/etas_20260330-183526/last_model_1.pth
2026-03-30 18:35:54,212 INFO src.train.trainer: Epoch 411
2026-03-30 18:35:54,281 INFO src.train.trainer: New best validation loss: -5.5420, saved to checkpoints/etas_20260330-183526/best_model_1.pth
2026-03-30 18:35:54,283 INFO src.train.trainer: Last model at epoch 411 saved to checkpoints/etas_20260330-183526/last_model_1.pth
2026-03-30 18:35:54,283 INFO src.train.trainer: Epoch 412
2026-03-30 18:35:54,348 INFO src.train.trainer: New best validation loss: -5.5437, saved to checkpoints/etas_20260330-183526/best_model_1.pth
2026-03-30 18:35:54,350 INFO src.train.trainer: Last model at epoch 412 saved to checkpoints/etas_20260330-183526/last_model_1.pth
2026-03-30 18:35:54,350 INFO src.train.trainer: Epoch 413
2026-03-30 18:35:54,414 INFO src.train.trainer: New best validation loss: -5.5454, saved to checkpoints/etas_20260330-183526/best_model_1.pth
2026-03-30 18:35:54,416 INFO src.train.trainer: Last model at epoch 413 saved to checkpoints/etas_20260330-183526/last_model_1.pth
2026-03-30 18:35:54,416 INFO src.train.trainer: Epoch 414
2026-03-30 18:35:54,480 INFO src.train.trainer: New best validation loss: -5.5470, saved to checkpoints/etas_20260330-183526/best_model_1.pth
2026-03-30 18:35:54,482 INFO src.train.trainer: Last model at epoch 414 saved to checkpoints/etas_20260330-183526/last_model_1.pth
2026-03-30 18:35:54,482 INFO src.train.trainer: Epoch 415
2026-03-30 18:35:54,551 INFO src.train.trainer: New best validation loss: -5.5486, saved to checkpoints/etas_20260330-183526/best_model_1.pth
2026-03-30 18:35:54,553 INFO src.train.trainer: Last model at epoch 415 saved to checkpoints/etas_20260330-183526/last_model_1.pth
2026-03-30 18:35:54,553 INFO src.train.trainer: Epoch 416
2026-03-30 18:35:54,620 INFO src.train.trainer: New best validation loss: -5.5502, saved to checkpoints/etas_20260330-183526/best_model_1.pth
2026-03-30 18:35:54,622 INFO src.train.trainer: Last model at epoch 416 saved to checkpoints/etas_20260330-183526/last_model_1.pth
2026-03-30 18:35:54,622 INFO src.train.trainer: Epoch 417
2026-03-30 18:35:54,683 INFO src.train.trainer: New best validation loss: -5.5518, saved to checkpoints/etas_20260330-183526/best_model_1.pth
2026-03-30 18:35:54,685 INFO src.train.trainer: Last model at epoch 417 saved to checkpoints/etas_20260330-183526/last_model_1.pth
2026-03-30 18:35:54,685 INFO src.train.trainer: Epoch 418
2026-03-30 18:35:54,743 INFO src.train.trainer: New best validation loss: -5.5534, saved to checkpoints/etas_20260330-183526/best_model_1.pth
2026-03-30 18:35:54,745 INFO src.train.trainer: Last model at epoch 418 saved to checkpoints/etas_20260330-183526/last_model_1.pth
2026-03-30 18:35:54,745 INFO src.train.trainer: Epoch 419
2026-03-30 18:35:54,800 INFO src.train.trainer: New best validation loss: -5.5549, saved to checkpoints/etas_20260330-183526/best_model_1.pth
2026-03-30 18:35:54,802 INFO src.train.trainer: Last model at epoch 419 saved to checkpoints/etas_20260330-183526/last_model_1.pth
2026-03-30 18:35:54,802 INFO src.train.trainer: Epoch 420
2026-03-30 18:35:54,864 INFO src.train.trainer: New best validation loss: -5.5565, saved to checkpoints/etas_20260330-183526/best_model_1.pth
2026-03-30 18:35:54,866 INFO src.train.trainer: Last model at epoch 420 saved to checkpoints/etas_20260330-183526/last_model_1.pth
2026-03-30 18:35:54,866 INFO src.train.trainer: Epoch 421
2026-03-30 18:35:54,925 INFO src.train.trainer: New best validation loss: -5.5580, saved to checkpoints/etas_20260330-183526/best_model_1.pth
2026-03-30 18:35:54,927 INFO src.train.trainer: Last model at epoch 421 saved to checkpoints/etas_20260330-183526/last_model_1.pth
2026-03-30 18:35:54,927 INFO src.train.trainer: Epoch 422
2026-03-30 18:35:54,993 INFO src.train.trainer: New best validation loss: -5.5595, saved to checkpoints/etas_20260330-183526/best_model_1.pth
2026-03-30 18:35:54,995 INFO src.train.trainer: Last model at epoch 422 saved to checkpoints/etas_20260330-183526/last_model_1.pth
2026-03-30 18:35:54,995 INFO src.train.trainer: Epoch 423
2026-03-30 18:35:55,058 INFO src.train.trainer: New best validation loss: -5.5610, saved to checkpoints/etas_20260330-183526/best_model_1.pth
2026-03-30 18:35:55,060 INFO src.train.trainer: Last model at epoch 423 saved to checkpoints/etas_20260330-183526/last_model_1.pth
2026-03-30 18:35:55,060 INFO src.train.trainer: Epoch 424
2026-03-30 18:35:55,127 INFO src.train.trainer: New best validation loss: -5.5624, saved to checkpoints/etas_20260330-183526/best_model_1.pth
2026-03-30 18:35:55,129 INFO src.train.trainer: Last model at epoch 424 saved to checkpoints/etas_20260330-183526/last_model_1.pth
2026-03-30 18:35:55,129 INFO src.train.trainer: Epoch 425
2026-03-30 18:35:55,185 INFO src.train.trainer: New best validation loss: -5.5639, saved to checkpoints/etas_20260330-183526/best_model_1.pth
2026-03-30 18:35:55,187 INFO src.train.trainer: Last model at epoch 425 saved to checkpoints/etas_20260330-183526/last_model_1.pth
2026-03-30 18:35:55,187 INFO src.train.trainer: Epoch 426
2026-03-30 18:35:55,244 INFO src.train.trainer: New best validation loss: -5.5653, saved to checkpoints/etas_20260330-183526/best_model_1.pth
2026-03-30 18:35:55,246 INFO src.train.trainer: Last model at epoch 426 saved to checkpoints/etas_20260330-183526/last_model_1.pth
2026-03-30 18:35:55,246 INFO src.train.trainer: Epoch 427
2026-03-30 18:35:55,308 INFO src.train.trainer: New best validation loss: -5.5667, saved to checkpoints/etas_20260330-183526/best_model_1.pth
2026-03-30 18:35:55,309 INFO src.train.trainer: Last model at epoch 427 saved to checkpoints/etas_20260330-183526/last_model_1.pth
2026-03-30 18:35:55,310 INFO src.train.trainer: Epoch 428
2026-03-30 18:35:55,374 INFO src.train.trainer: New best validation loss: -5.5681, saved to checkpoints/etas_20260330-183526/best_model_1.pth
2026-03-30 18:35:55,376 INFO src.train.trainer: Last model at epoch 428 saved to checkpoints/etas_20260330-183526/last_model_1.pth
2026-03-30 18:35:55,376 INFO src.train.trainer: Epoch 429
2026-03-30 18:35:55,438 INFO src.train.trainer: New best validation loss: -5.5695, saved to checkpoints/etas_20260330-183526/best_model_1.pth
2026-03-30 18:35:55,440 INFO src.train.trainer: Last model at epoch 429 saved to checkpoints/etas_20260330-183526/last_model_1.pth
2026-03-30 18:35:55,440 INFO src.train.trainer: Epoch 430
2026-03-30 18:35:55,499 INFO src.train.trainer: New best validation loss: -5.5708, saved to checkpoints/etas_20260330-183526/best_model_1.pth
2026-03-30 18:35:55,501 INFO src.train.trainer: Last model at epoch 430 saved to checkpoints/etas_20260330-183526/last_model_1.pth
2026-03-30 18:35:55,501 INFO src.train.trainer: Epoch 431
2026-03-30 18:35:55,561 INFO src.train.trainer: New best validation loss: -5.5722, saved to checkpoints/etas_20260330-183526/best_model_1.pth
2026-03-30 18:35:55,563 INFO src.train.trainer: Last model at epoch 431 saved to checkpoints/etas_20260330-183526/last_model_1.pth
2026-03-30 18:35:55,563 INFO src.train.trainer: Epoch 432
2026-03-30 18:35:55,643 INFO src.train.trainer: New best validation loss: -5.5735, saved to checkpoints/etas_20260330-183526/best_model_1.pth
2026-03-30 18:35:55,645 INFO src.train.trainer: Last model at epoch 432 saved to checkpoints/etas_20260330-183526/last_model_1.pth
2026-03-30 18:35:55,645 INFO src.train.trainer: Epoch 433
2026-03-30 18:35:55,711 INFO src.train.trainer: New best validation loss: -5.5748, saved to checkpoints/etas_20260330-183526/best_model_1.pth
2026-03-30 18:35:55,713 INFO src.train.trainer: Last model at epoch 433 saved to checkpoints/etas_20260330-183526/last_model_1.pth
2026-03-30 18:35:55,713 INFO src.train.trainer: Epoch 434
2026-03-30 18:35:55,783 INFO src.train.trainer: New best validation loss: -5.5761, saved to checkpoints/etas_20260330-183526/best_model_1.pth
2026-03-30 18:35:55,785 INFO src.train.trainer: Last model at epoch 434 saved to checkpoints/etas_20260330-183526/last_model_1.pth
2026-03-30 18:35:55,785 INFO src.train.trainer: Epoch 435
2026-03-30 18:35:55,844 INFO src.train.trainer: New best validation loss: -5.5774, saved to checkpoints/etas_20260330-183526/best_model_1.pth
2026-03-30 18:35:55,846 INFO src.train.trainer: Last model at epoch 435 saved to checkpoints/etas_20260330-183526/last_model_1.pth
2026-03-30 18:35:55,846 INFO src.train.trainer: Epoch 436
2026-03-30 18:35:55,905 INFO src.train.trainer: New best validation loss: -5.5787, saved to checkpoints/etas_20260330-183526/best_model_1.pth
2026-03-30 18:35:55,907 INFO src.train.trainer: Last model at epoch 436 saved to checkpoints/etas_20260330-183526/last_model_1.pth
2026-03-30 18:35:55,907 INFO src.train.trainer: Epoch 437
2026-03-30 18:35:55,968 INFO src.train.trainer: New best validation loss: -5.5799, saved to checkpoints/etas_20260330-183526/best_model_1.pth
2026-03-30 18:35:55,970 INFO src.train.trainer: Last model at epoch 437 saved to checkpoints/etas_20260330-183526/last_model_1.pth
2026-03-30 18:35:55,970 INFO src.train.trainer: Epoch 438
2026-03-30 18:35:56,034 INFO src.train.trainer: New best validation loss: -5.5812, saved to checkpoints/etas_20260330-183526/best_model_1.pth
2026-03-30 18:35:56,036 INFO src.train.trainer: Last model at epoch 438 saved to checkpoints/etas_20260330-183526/last_model_1.pth
2026-03-30 18:35:56,036 INFO src.train.trainer: Epoch 439
2026-03-30 18:35:56,100 INFO src.train.trainer: New best validation loss: -5.5824, saved to checkpoints/etas_20260330-183526/best_model_1.pth
2026-03-30 18:35:56,103 INFO src.train.trainer: Last model at epoch 439 saved to checkpoints/etas_20260330-183526/last_model_1.pth
2026-03-30 18:35:56,103 INFO src.train.trainer: Epoch 440
2026-03-30 18:35:56,168 INFO src.train.trainer: New best validation loss: -5.5836, saved to checkpoints/etas_20260330-183526/best_model_1.pth
2026-03-30 18:35:56,170 INFO src.train.trainer: Last model at epoch 440 saved to checkpoints/etas_20260330-183526/last_model_1.pth
2026-03-30 18:35:56,170 INFO src.train.trainer: Epoch 441
2026-03-30 18:35:56,240 INFO src.train.trainer: New best validation loss: -5.5847, saved to checkpoints/etas_20260330-183526/best_model_1.pth
2026-03-30 18:35:56,242 INFO src.train.trainer: Last model at epoch 441 saved to checkpoints/etas_20260330-183526/last_model_1.pth
2026-03-30 18:35:56,242 INFO src.train.trainer: Epoch 442
2026-03-30 18:35:56,309 INFO src.train.trainer: New best validation loss: -5.5859, saved to checkpoints/etas_20260330-183526/best_model_1.pth
2026-03-30 18:35:56,311 INFO src.train.trainer: Last model at epoch 442 saved to checkpoints/etas_20260330-183526/last_model_1.pth
2026-03-30 18:35:56,311 INFO src.train.trainer: Epoch 443
2026-03-30 18:35:56,377 INFO src.train.trainer: New best validation loss: -5.5871, saved to checkpoints/etas_20260330-183526/best_model_1.pth
2026-03-30 18:35:56,379 INFO src.train.trainer: Last model at epoch 443 saved to checkpoints/etas_20260330-183526/last_model_1.pth
2026-03-30 18:35:56,379 INFO src.train.trainer: Epoch 444
2026-03-30 18:35:56,445 INFO src.train.trainer: New best validation loss: -5.5882, saved to checkpoints/etas_20260330-183526/best_model_1.pth
2026-03-30 18:35:56,448 INFO src.train.trainer: Last model at epoch 444 saved to checkpoints/etas_20260330-183526/last_model_1.pth
2026-03-30 18:35:56,448 INFO src.train.trainer: Epoch 445
2026-03-30 18:35:56,517 INFO src.train.trainer: New best validation loss: -5.5893, saved to checkpoints/etas_20260330-183526/best_model_1.pth
2026-03-30 18:35:56,519 INFO src.train.trainer: Last model at epoch 445 saved to checkpoints/etas_20260330-183526/last_model_1.pth
2026-03-30 18:35:56,519 INFO src.train.trainer: Epoch 446
2026-03-30 18:35:56,586 INFO src.train.trainer: New best validation loss: -5.5904, saved to checkpoints/etas_20260330-183526/best_model_1.pth
2026-03-30 18:35:56,589 INFO src.train.trainer: Last model at epoch 446 saved to checkpoints/etas_20260330-183526/last_model_1.pth
2026-03-30 18:35:56,589 INFO src.train.trainer: Epoch 447
2026-03-30 18:35:56,660 INFO src.train.trainer: New best validation loss: -5.5915, saved to checkpoints/etas_20260330-183526/best_model_1.pth
2026-03-30 18:35:56,663 INFO src.train.trainer: Last model at epoch 447 saved to checkpoints/etas_20260330-183526/last_model_1.pth
2026-03-30 18:35:56,663 INFO src.train.trainer: Epoch 448
2026-03-30 18:35:56,732 INFO src.train.trainer: New best validation loss: -5.5926, saved to checkpoints/etas_20260330-183526/best_model_1.pth
2026-03-30 18:35:56,735 INFO src.train.trainer: Last model at epoch 448 saved to checkpoints/etas_20260330-183526/last_model_1.pth
2026-03-30 18:35:56,735 INFO src.train.trainer: Epoch 449
2026-03-30 18:35:56,804 INFO src.train.trainer: New best validation loss: -5.5936, saved to checkpoints/etas_20260330-183526/best_model_1.pth
2026-03-30 18:35:56,806 INFO src.train.trainer: Last model at epoch 449 saved to checkpoints/etas_20260330-183526/last_model_1.pth
2026-03-30 18:35:56,806 INFO src.train.trainer: Epoch 450
2026-03-30 18:35:56,876 INFO src.train.trainer: New best validation loss: -5.5946, saved to checkpoints/etas_20260330-183526/best_model_1.pth
2026-03-30 18:35:56,878 INFO src.train.trainer: Last model at epoch 450 saved to checkpoints/etas_20260330-183526/last_model_1.pth
2026-03-30 18:35:56,878 INFO src.train.trainer: Epoch 451
2026-03-30 18:35:56,943 INFO src.train.trainer: New best validation loss: -5.5955, saved to checkpoints/etas_20260330-183526/best_model_1.pth
2026-03-30 18:35:56,946 INFO src.train.trainer: Last model at epoch 451 saved to checkpoints/etas_20260330-183526/last_model_1.pth
2026-03-30 18:35:56,946 INFO src.train.trainer: Epoch 452
2026-03-30 18:35:57,014 INFO src.train.trainer: New best validation loss: -5.5963, saved to checkpoints/etas_20260330-183526/best_model_1.pth
2026-03-30 18:35:57,016 INFO src.train.trainer: Last model at epoch 452 saved to checkpoints/etas_20260330-183526/last_model_1.pth
2026-03-30 18:35:57,016 INFO src.train.trainer: Epoch 453
2026-03-30 18:35:57,086 INFO src.train.trainer: New best validation loss: -5.5971, saved to checkpoints/etas_20260330-183526/best_model_1.pth
2026-03-30 18:35:57,088 INFO src.train.trainer: Last model at epoch 453 saved to checkpoints/etas_20260330-183526/last_model_1.pth
2026-03-30 18:35:57,088 INFO src.train.trainer: Epoch 454
2026-03-30 18:35:57,154 INFO src.train.trainer: New best validation loss: -5.5978, saved to checkpoints/etas_20260330-183526/best_model_1.pth
2026-03-30 18:35:57,156 INFO src.train.trainer: Last model at epoch 454 saved to checkpoints/etas_20260330-183526/last_model_1.pth
2026-03-30 18:35:57,156 INFO src.train.trainer: Epoch 455
2026-03-30 18:35:57,223 INFO src.train.trainer: New best validation loss: -5.5986, saved to checkpoints/etas_20260330-183526/best_model_1.pth
2026-03-30 18:35:57,225 INFO src.train.trainer: Last model at epoch 455 saved to checkpoints/etas_20260330-183526/last_model_1.pth
2026-03-30 18:35:57,225 INFO src.train.trainer: Epoch 456
2026-03-30 18:35:57,290 INFO src.train.trainer: New best validation loss: -5.5994, saved to checkpoints/etas_20260330-183526/best_model_1.pth
2026-03-30 18:35:57,293 INFO src.train.trainer: Last model at epoch 456 saved to checkpoints/etas_20260330-183526/last_model_1.pth
2026-03-30 18:35:57,293 INFO src.train.trainer: Epoch 457
2026-03-30 18:35:57,363 INFO src.train.trainer: New best validation loss: -5.6001, saved to checkpoints/etas_20260330-183526/best_model_1.pth
2026-03-30 18:35:57,365 INFO src.train.trainer: Last model at epoch 457 saved to checkpoints/etas_20260330-183526/last_model_1.pth
2026-03-30 18:35:57,365 INFO src.train.trainer: Epoch 458
2026-03-30 18:35:57,431 INFO src.train.trainer: New best validation loss: -5.6009, saved to checkpoints/etas_20260330-183526/best_model_1.pth
2026-03-30 18:35:57,433 INFO src.train.trainer: Last model at epoch 458 saved to checkpoints/etas_20260330-183526/last_model_1.pth
2026-03-30 18:35:57,434 INFO src.train.trainer: Epoch 459
2026-03-30 18:35:57,500 INFO src.train.trainer: New best validation loss: -5.6016, saved to checkpoints/etas_20260330-183526/best_model_1.pth
2026-03-30 18:35:57,502 INFO src.train.trainer: Last model at epoch 459 saved to checkpoints/etas_20260330-183526/last_model_1.pth
2026-03-30 18:35:57,503 INFO src.train.trainer: Epoch 460
2026-03-30 18:35:57,569 INFO src.train.trainer: New best validation loss: -5.6023, saved to checkpoints/etas_20260330-183526/best_model_1.pth
2026-03-30 18:35:57,573 INFO src.train.trainer: Last model at epoch 460 saved to checkpoints/etas_20260330-183526/last_model_1.pth
2026-03-30 18:35:57,573 INFO src.train.trainer: Epoch 461
2026-03-30 18:35:57,640 INFO src.train.trainer: New best validation loss: -5.6031, saved to checkpoints/etas_20260330-183526/best_model_1.pth
2026-03-30 18:35:57,643 INFO src.train.trainer: Last model at epoch 461 saved to checkpoints/etas_20260330-183526/last_model_1.pth
2026-03-30 18:35:57,643 INFO src.train.trainer: Epoch 462
2026-03-30 18:35:57,714 INFO src.train.trainer: New best validation loss: -5.6038, saved to checkpoints/etas_20260330-183526/best_model_1.pth
2026-03-30 18:35:57,716 INFO src.train.trainer: Last model at epoch 462 saved to checkpoints/etas_20260330-183526/last_model_1.pth
2026-03-30 18:35:57,716 INFO src.train.trainer: Epoch 463
2026-03-30 18:35:57,785 INFO src.train.trainer: New best validation loss: -5.6045, saved to checkpoints/etas_20260330-183526/best_model_1.pth
2026-03-30 18:35:57,787 INFO src.train.trainer: Last model at epoch 463 saved to checkpoints/etas_20260330-183526/last_model_1.pth
2026-03-30 18:35:57,787 INFO src.train.trainer: Epoch 464
2026-03-30 18:35:57,858 INFO src.train.trainer: New best validation loss: -5.6051, saved to checkpoints/etas_20260330-183526/best_model_1.pth
2026-03-30 18:35:57,860 INFO src.train.trainer: Last model at epoch 464 saved to checkpoints/etas_20260330-183526/last_model_1.pth
2026-03-30 18:35:57,861 INFO src.train.trainer: Epoch 465
2026-03-30 18:35:57,930 INFO src.train.trainer: New best validation loss: -5.6058, saved to checkpoints/etas_20260330-183526/best_model_1.pth
2026-03-30 18:35:57,932 INFO src.train.trainer: Last model at epoch 465 saved to checkpoints/etas_20260330-183526/last_model_1.pth
2026-03-30 18:35:57,932 INFO src.train.trainer: Epoch 466
2026-03-30 18:35:57,998 INFO src.train.trainer: New best validation loss: -5.6065, saved to checkpoints/etas_20260330-183526/best_model_1.pth
2026-03-30 18:35:58,000 INFO src.train.trainer: Last model at epoch 466 saved to checkpoints/etas_20260330-183526/last_model_1.pth
2026-03-30 18:35:58,001 INFO src.train.trainer: Epoch 467
2026-03-30 18:35:58,067 INFO src.train.trainer: New best validation loss: -5.6072, saved to checkpoints/etas_20260330-183526/best_model_1.pth
2026-03-30 18:35:58,069 INFO src.train.trainer: Last model at epoch 467 saved to checkpoints/etas_20260330-183526/last_model_1.pth
2026-03-30 18:35:58,069 INFO src.train.trainer: Epoch 468
2026-03-30 18:35:58,131 INFO src.train.trainer: New best validation loss: -5.6078, saved to checkpoints/etas_20260330-183526/best_model_1.pth
2026-03-30 18:35:58,133 INFO src.train.trainer: Last model at epoch 468 saved to checkpoints/etas_20260330-183526/last_model_1.pth
2026-03-30 18:35:58,134 INFO src.train.trainer: Epoch 469
2026-03-30 18:35:58,199 INFO src.train.trainer: New best validation loss: -5.6085, saved to checkpoints/etas_20260330-183526/best_model_1.pth
2026-03-30 18:35:58,201 INFO src.train.trainer: Last model at epoch 469 saved to checkpoints/etas_20260330-183526/last_model_1.pth
2026-03-30 18:35:58,201 INFO src.train.trainer: Epoch 470
2026-03-30 18:35:58,269 INFO src.train.trainer: New best validation loss: -5.6091, saved to checkpoints/etas_20260330-183526/best_model_1.pth
2026-03-30 18:35:58,271 INFO src.train.trainer: Last model at epoch 470 saved to checkpoints/etas_20260330-183526/last_model_1.pth
2026-03-30 18:35:58,272 INFO src.train.trainer: Epoch 471
2026-03-30 18:35:58,344 INFO src.train.trainer: New best validation loss: -5.6097, saved to checkpoints/etas_20260330-183526/best_model_1.pth
2026-03-30 18:35:58,346 INFO src.train.trainer: Last model at epoch 471 saved to checkpoints/etas_20260330-183526/last_model_1.pth
2026-03-30 18:35:58,346 INFO src.train.trainer: Epoch 472
2026-03-30 18:35:58,411 INFO src.train.trainer: New best validation loss: -5.6103, saved to checkpoints/etas_20260330-183526/best_model_1.pth
2026-03-30 18:35:58,413 INFO src.train.trainer: Last model at epoch 472 saved to checkpoints/etas_20260330-183526/last_model_1.pth
2026-03-30 18:35:58,413 INFO src.train.trainer: Epoch 473
2026-03-30 18:35:58,479 INFO src.train.trainer: New best validation loss: -5.6110, saved to checkpoints/etas_20260330-183526/best_model_1.pth
2026-03-30 18:35:58,481 INFO src.train.trainer: Last model at epoch 473 saved to checkpoints/etas_20260330-183526/last_model_1.pth
2026-03-30 18:35:58,481 INFO src.train.trainer: Epoch 474
2026-03-30 18:35:58,546 INFO src.train.trainer: New best validation loss: -5.6116, saved to checkpoints/etas_20260330-183526/best_model_1.pth
2026-03-30 18:35:58,549 INFO src.train.trainer: Last model at epoch 474 saved to checkpoints/etas_20260330-183526/last_model_1.pth
2026-03-30 18:35:58,549 INFO src.train.trainer: Epoch 475
2026-03-30 18:35:58,614 INFO src.train.trainer: New best validation loss: -5.6122, saved to checkpoints/etas_20260330-183526/best_model_1.pth
2026-03-30 18:35:58,617 INFO src.train.trainer: Last model at epoch 475 saved to checkpoints/etas_20260330-183526/last_model_1.pth
2026-03-30 18:35:58,617 INFO src.train.trainer: Epoch 476
2026-03-30 18:35:58,680 INFO src.train.trainer: New best validation loss: -5.6127, saved to checkpoints/etas_20260330-183526/best_model_1.pth
2026-03-30 18:35:58,682 INFO src.train.trainer: Last model at epoch 476 saved to checkpoints/etas_20260330-183526/last_model_1.pth
2026-03-30 18:35:58,682 INFO src.train.trainer: Epoch 477
2026-03-30 18:35:58,748 INFO src.train.trainer: New best validation loss: -5.6133, saved to checkpoints/etas_20260330-183526/best_model_1.pth
2026-03-30 18:35:58,750 INFO src.train.trainer: Last model at epoch 477 saved to checkpoints/etas_20260330-183526/last_model_1.pth
2026-03-30 18:35:58,751 INFO src.train.trainer: Epoch 478
2026-03-30 18:35:58,813 INFO src.train.trainer: New best validation loss: -5.6139, saved to checkpoints/etas_20260330-183526/best_model_1.pth
2026-03-30 18:35:58,815 INFO src.train.trainer: Last model at epoch 478 saved to checkpoints/etas_20260330-183526/last_model_1.pth
2026-03-30 18:35:58,815 INFO src.train.trainer: Epoch 479
2026-03-30 18:35:58,878 INFO src.train.trainer: New best validation loss: -5.6144, saved to checkpoints/etas_20260330-183526/best_model_1.pth
2026-03-30 18:35:58,880 INFO src.train.trainer: Last model at epoch 479 saved to checkpoints/etas_20260330-183526/last_model_1.pth
2026-03-30 18:35:58,880 INFO src.train.trainer: Epoch 480
2026-03-30 18:35:58,944 INFO src.train.trainer: New best validation loss: -5.6150, saved to checkpoints/etas_20260330-183526/best_model_1.pth
2026-03-30 18:35:58,946 INFO src.train.trainer: Last model at epoch 480 saved to checkpoints/etas_20260330-183526/last_model_1.pth
2026-03-30 18:35:58,946 INFO src.train.trainer: Epoch 481
2026-03-30 18:35:59,008 INFO src.train.trainer: New best validation loss: -5.6155, saved to checkpoints/etas_20260330-183526/best_model_1.pth
2026-03-30 18:35:59,010 INFO src.train.trainer: Last model at epoch 481 saved to checkpoints/etas_20260330-183526/last_model_1.pth
2026-03-30 18:35:59,010 INFO src.train.trainer: Epoch 482
2026-03-30 18:35:59,071 INFO src.train.trainer: New best validation loss: -5.6161, saved to checkpoints/etas_20260330-183526/best_model_1.pth
2026-03-30 18:35:59,073 INFO src.train.trainer: Last model at epoch 482 saved to checkpoints/etas_20260330-183526/last_model_1.pth
2026-03-30 18:35:59,073 INFO src.train.trainer: Epoch 483
2026-03-30 18:35:59,137 INFO src.train.trainer: New best validation loss: -5.6166, saved to checkpoints/etas_20260330-183526/best_model_1.pth
2026-03-30 18:35:59,139 INFO src.train.trainer: Last model at epoch 483 saved to checkpoints/etas_20260330-183526/last_model_1.pth
2026-03-30 18:35:59,139 INFO src.train.trainer: Epoch 484
2026-03-30 18:35:59,207 INFO src.train.trainer: New best validation loss: -5.6171, saved to checkpoints/etas_20260330-183526/best_model_1.pth
2026-03-30 18:35:59,209 INFO src.train.trainer: Last model at epoch 484 saved to checkpoints/etas_20260330-183526/last_model_1.pth
2026-03-30 18:35:59,209 INFO src.train.trainer: Epoch 485
2026-03-30 18:35:59,271 INFO src.train.trainer: New best validation loss: -5.6176, saved to checkpoints/etas_20260330-183526/best_model_1.pth
2026-03-30 18:35:59,274 INFO src.train.trainer: Last model at epoch 485 saved to checkpoints/etas_20260330-183526/last_model_1.pth
2026-03-30 18:35:59,274 INFO src.train.trainer: Epoch 486
2026-03-30 18:35:59,342 INFO src.train.trainer: New best validation loss: -5.6181, saved to checkpoints/etas_20260330-183526/best_model_1.pth
2026-03-30 18:35:59,344 INFO src.train.trainer: Last model at epoch 486 saved to checkpoints/etas_20260330-183526/last_model_1.pth
2026-03-30 18:35:59,345 INFO src.train.trainer: Epoch 487
2026-03-30 18:35:59,410 INFO src.train.trainer: New best validation loss: -5.6186, saved to checkpoints/etas_20260330-183526/best_model_1.pth
2026-03-30 18:35:59,412 INFO src.train.trainer: Last model at epoch 487 saved to checkpoints/etas_20260330-183526/last_model_1.pth
2026-03-30 18:35:59,412 INFO src.train.trainer: Epoch 488
2026-03-30 18:35:59,472 INFO src.train.trainer: New best validation loss: -5.6191, saved to checkpoints/etas_20260330-183526/best_model_1.pth
2026-03-30 18:35:59,474 INFO src.train.trainer: Last model at epoch 488 saved to checkpoints/etas_20260330-183526/last_model_1.pth
2026-03-30 18:35:59,475 INFO src.train.trainer: Epoch 489
2026-03-30 18:35:59,536 INFO src.train.trainer: New best validation loss: -5.6196, saved to checkpoints/etas_20260330-183526/best_model_1.pth
2026-03-30 18:35:59,538 INFO src.train.trainer: Last model at epoch 489 saved to checkpoints/etas_20260330-183526/last_model_1.pth
2026-03-30 18:35:59,538 INFO src.train.trainer: Epoch 490
2026-03-30 18:35:59,603 INFO src.train.trainer: New best validation loss: -5.6201, saved to checkpoints/etas_20260330-183526/best_model_1.pth
2026-03-30 18:35:59,605 INFO src.train.trainer: Last model at epoch 490 saved to checkpoints/etas_20260330-183526/last_model_1.pth
2026-03-30 18:35:59,605 INFO src.train.trainer: Epoch 491
2026-03-30 18:35:59,670 INFO src.train.trainer: New best validation loss: -5.6206, saved to checkpoints/etas_20260330-183526/best_model_1.pth
2026-03-30 18:35:59,672 INFO src.train.trainer: Last model at epoch 491 saved to checkpoints/etas_20260330-183526/last_model_1.pth
2026-03-30 18:35:59,672 INFO src.train.trainer: Epoch 492
2026-03-30 18:35:59,736 INFO src.train.trainer: New best validation loss: -5.6210, saved to checkpoints/etas_20260330-183526/best_model_1.pth
2026-03-30 18:35:59,738 INFO src.train.trainer: Last model at epoch 492 saved to checkpoints/etas_20260330-183526/last_model_1.pth
2026-03-30 18:35:59,738 INFO src.train.trainer: Epoch 493
2026-03-30 18:35:59,802 INFO src.train.trainer: New best validation loss: -5.6215, saved to checkpoints/etas_20260330-183526/best_model_1.pth
2026-03-30 18:35:59,804 INFO src.train.trainer: Last model at epoch 493 saved to checkpoints/etas_20260330-183526/last_model_1.pth
2026-03-30 18:35:59,804 INFO src.train.trainer: Epoch 494
2026-03-30 18:35:59,867 INFO src.train.trainer: New best validation loss: -5.6219, saved to checkpoints/etas_20260330-183526/best_model_1.pth
2026-03-30 18:35:59,869 INFO src.train.trainer: Last model at epoch 494 saved to checkpoints/etas_20260330-183526/last_model_1.pth
2026-03-30 18:35:59,869 INFO src.train.trainer: Epoch 495
2026-03-30 18:35:59,935 INFO src.train.trainer: New best validation loss: -5.6224, saved to checkpoints/etas_20260330-183526/best_model_1.pth
2026-03-30 18:35:59,937 INFO src.train.trainer: Last model at epoch 495 saved to checkpoints/etas_20260330-183526/last_model_1.pth
2026-03-30 18:35:59,937 INFO src.train.trainer: Epoch 496
2026-03-30 18:36:00,006 INFO src.train.trainer: New best validation loss: -5.6228, saved to checkpoints/etas_20260330-183526/best_model_1.pth
2026-03-30 18:36:00,008 INFO src.train.trainer: Last model at epoch 496 saved to checkpoints/etas_20260330-183526/last_model_1.pth
2026-03-30 18:36:00,008 INFO src.train.trainer: Epoch 497
2026-03-30 18:36:00,073 INFO src.train.trainer: New best validation loss: -5.6233, saved to checkpoints/etas_20260330-183526/best_model_1.pth
2026-03-30 18:36:00,075 INFO src.train.trainer: Last model at epoch 497 saved to checkpoints/etas_20260330-183526/last_model_1.pth
2026-03-30 18:36:00,075 INFO src.train.trainer: Epoch 498
2026-03-30 18:36:00,152 INFO src.train.trainer: New best validation loss: -5.6237, saved to checkpoints/etas_20260330-183526/best_model_1.pth
2026-03-30 18:36:00,155 INFO src.train.trainer: Last model at epoch 498 saved to checkpoints/etas_20260330-183526/last_model_1.pth
2026-03-30 18:36:00,155 INFO src.train.trainer: Epoch 499
2026-03-30 18:36:00,250 INFO src.train.trainer: New best validation loss: -5.6241, saved to checkpoints/etas_20260330-183526/best_model_1.pth
2026-03-30 18:36:00,251 INFO src.train.trainer: Last model at epoch 499 saved to checkpoints/etas_20260330-183526/last_model_1.pth
2026-03-30 18:36:00,251 INFO src.train.trainer: Epoch 500
2026-03-30 18:36:00,309 INFO src.train.trainer: New best validation loss: -5.6245, saved to checkpoints/etas_20260330-183526/best_model_1.pth
2026-03-30 18:36:00,311 INFO src.train.trainer: Last model at epoch 500 saved to checkpoints/etas_20260330-183526/last_model_1.pth
2026-03-30 18:36:00,311 INFO src.train.trainer: Epoch 501
2026-03-30 18:36:00,377 INFO src.train.trainer: New best validation loss: -5.6249, saved to checkpoints/etas_20260330-183526/best_model_1.pth
2026-03-30 18:36:00,379 INFO src.train.trainer: Last model at epoch 501 saved to checkpoints/etas_20260330-183526/last_model_1.pth
2026-03-30 18:36:00,380 INFO src.train.trainer: Epoch 502
2026-03-30 18:36:00,444 INFO src.train.trainer: New best validation loss: -5.6253, saved to checkpoints/etas_20260330-183526/best_model_1.pth
2026-03-30 18:36:00,446 INFO src.train.trainer: Last model at epoch 502 saved to checkpoints/etas_20260330-183526/last_model_1.pth
2026-03-30 18:36:00,446 INFO src.train.trainer: Epoch 503
2026-03-30 18:36:00,510 INFO src.train.trainer: New best validation loss: -5.6257, saved to checkpoints/etas_20260330-183526/best_model_1.pth
2026-03-30 18:36:00,513 INFO src.train.trainer: Last model at epoch 503 saved to checkpoints/etas_20260330-183526/last_model_1.pth
2026-03-30 18:36:00,513 INFO src.train.trainer: Epoch 504
2026-03-30 18:36:00,579 INFO src.train.trainer: New best validation loss: -5.6261, saved to checkpoints/etas_20260330-183526/best_model_1.pth
2026-03-30 18:36:00,582 INFO src.train.trainer: Last model at epoch 504 saved to checkpoints/etas_20260330-183526/last_model_1.pth
2026-03-30 18:36:00,582 INFO src.train.trainer: Epoch 505
2026-03-30 18:36:00,650 INFO src.train.trainer: New best validation loss: -5.6265, saved to checkpoints/etas_20260330-183526/best_model_1.pth
2026-03-30 18:36:00,652 INFO src.train.trainer: Last model at epoch 505 saved to checkpoints/etas_20260330-183526/last_model_1.pth
2026-03-30 18:36:00,652 INFO src.train.trainer: Epoch 506
2026-03-30 18:36:00,717 INFO src.train.trainer: New best validation loss: -5.6269, saved to checkpoints/etas_20260330-183526/best_model_1.pth
2026-03-30 18:36:00,719 INFO src.train.trainer: Last model at epoch 506 saved to checkpoints/etas_20260330-183526/last_model_1.pth
2026-03-30 18:36:00,720 INFO src.train.trainer: Epoch 507
2026-03-30 18:36:00,786 INFO src.train.trainer: New best validation loss: -5.6272, saved to checkpoints/etas_20260330-183526/best_model_1.pth
2026-03-30 18:36:00,788 INFO src.train.trainer: Last model at epoch 507 saved to checkpoints/etas_20260330-183526/last_model_1.pth
2026-03-30 18:36:00,788 INFO src.train.trainer: Epoch 508
2026-03-30 18:36:00,855 INFO src.train.trainer: New best validation loss: -5.6276, saved to checkpoints/etas_20260330-183526/best_model_1.pth
2026-03-30 18:36:00,857 INFO src.train.trainer: Last model at epoch 508 saved to checkpoints/etas_20260330-183526/last_model_1.pth
2026-03-30 18:36:00,857 INFO src.train.trainer: Epoch 509
2026-03-30 18:36:00,924 INFO src.train.trainer: New best validation loss: -5.6280, saved to checkpoints/etas_20260330-183526/best_model_1.pth
2026-03-30 18:36:00,927 INFO src.train.trainer: Last model at epoch 509 saved to checkpoints/etas_20260330-183526/last_model_1.pth
2026-03-30 18:36:00,927 INFO src.train.trainer: Epoch 510
2026-03-30 18:36:00,997 INFO src.train.trainer: New best validation loss: -5.6283, saved to checkpoints/etas_20260330-183526/best_model_1.pth
2026-03-30 18:36:01,000 INFO src.train.trainer: Last model at epoch 510 saved to checkpoints/etas_20260330-183526/last_model_1.pth
2026-03-30 18:36:01,000 INFO src.train.trainer: Epoch 511
2026-03-30 18:36:01,071 INFO src.train.trainer: New best validation loss: -5.6287, saved to checkpoints/etas_20260330-183526/best_model_1.pth
2026-03-30 18:36:01,073 INFO src.train.trainer: Last model at epoch 511 saved to checkpoints/etas_20260330-183526/last_model_1.pth
2026-03-30 18:36:01,073 INFO src.train.trainer: Epoch 512
2026-03-30 18:36:01,145 INFO src.train.trainer: New best validation loss: -5.6290, saved to checkpoints/etas_20260330-183526/best_model_1.pth
2026-03-30 18:36:01,147 INFO src.train.trainer: Last model at epoch 512 saved to checkpoints/etas_20260330-183526/last_model_1.pth
2026-03-30 18:36:01,147 INFO src.train.trainer: Epoch 513
2026-03-30 18:36:01,213 INFO src.train.trainer: New best validation loss: -5.6293, saved to checkpoints/etas_20260330-183526/best_model_1.pth
2026-03-30 18:36:01,215 INFO src.train.trainer: Last model at epoch 513 saved to checkpoints/etas_20260330-183526/last_model_1.pth
2026-03-30 18:36:01,215 INFO src.train.trainer: Epoch 514
2026-03-30 18:36:01,284 INFO src.train.trainer: New best validation loss: -5.6297, saved to checkpoints/etas_20260330-183526/best_model_1.pth
2026-03-30 18:36:01,286 INFO src.train.trainer: Last model at epoch 514 saved to checkpoints/etas_20260330-183526/last_model_1.pth
2026-03-30 18:36:01,286 INFO src.train.trainer: Epoch 515
2026-03-30 18:36:01,361 INFO src.train.trainer: New best validation loss: -5.6300, saved to checkpoints/etas_20260330-183526/best_model_1.pth
2026-03-30 18:36:01,363 INFO src.train.trainer: Last model at epoch 515 saved to checkpoints/etas_20260330-183526/last_model_1.pth
2026-03-30 18:36:01,364 INFO src.train.trainer: Epoch 516
2026-03-30 18:36:01,427 INFO src.train.trainer: New best validation loss: -5.6303, saved to checkpoints/etas_20260330-183526/best_model_1.pth
2026-03-30 18:36:01,430 INFO src.train.trainer: Last model at epoch 516 saved to checkpoints/etas_20260330-183526/last_model_1.pth
2026-03-30 18:36:01,430 INFO src.train.trainer: Epoch 517
2026-03-30 18:36:01,495 INFO src.train.trainer: New best validation loss: -5.6306, saved to checkpoints/etas_20260330-183526/best_model_1.pth
2026-03-30 18:36:01,497 INFO src.train.trainer: Last model at epoch 517 saved to checkpoints/etas_20260330-183526/last_model_1.pth
2026-03-30 18:36:01,498 INFO src.train.trainer: Epoch 518
2026-03-30 18:36:01,565 INFO src.train.trainer: New best validation loss: -5.6310, saved to checkpoints/etas_20260330-183526/best_model_1.pth
2026-03-30 18:36:01,567 INFO src.train.trainer: Last model at epoch 518 saved to checkpoints/etas_20260330-183526/last_model_1.pth
2026-03-30 18:36:01,567 INFO src.train.trainer: Epoch 519
2026-03-30 18:36:01,632 INFO src.train.trainer: New best validation loss: -5.6313, saved to checkpoints/etas_20260330-183526/best_model_1.pth
2026-03-30 18:36:01,635 INFO src.train.trainer: Last model at epoch 519 saved to checkpoints/etas_20260330-183526/last_model_1.pth
2026-03-30 18:36:01,635 INFO src.train.trainer: Epoch 520
2026-03-30 18:36:01,702 INFO src.train.trainer: New best validation loss: -5.6316, saved to checkpoints/etas_20260330-183526/best_model_1.pth
2026-03-30 18:36:01,704 INFO src.train.trainer: Last model at epoch 520 saved to checkpoints/etas_20260330-183526/last_model_1.pth
2026-03-30 18:36:01,704 INFO src.train.trainer: Epoch 521
2026-03-30 18:36:01,771 INFO src.train.trainer: New best validation loss: -5.6319, saved to checkpoints/etas_20260330-183526/best_model_1.pth
2026-03-30 18:36:01,773 INFO src.train.trainer: Last model at epoch 521 saved to checkpoints/etas_20260330-183526/last_model_1.pth
2026-03-30 18:36:01,773 INFO src.train.trainer: Epoch 522
2026-03-30 18:36:01,839 INFO src.train.trainer: New best validation loss: -5.6322, saved to checkpoints/etas_20260330-183526/best_model_1.pth
2026-03-30 18:36:01,841 INFO src.train.trainer: Last model at epoch 522 saved to checkpoints/etas_20260330-183526/last_model_1.pth
2026-03-30 18:36:01,841 INFO src.train.trainer: Epoch 523
2026-03-30 18:36:01,912 INFO src.train.trainer: New best validation loss: -5.6324, saved to checkpoints/etas_20260330-183526/best_model_1.pth
2026-03-30 18:36:01,914 INFO src.train.trainer: Last model at epoch 523 saved to checkpoints/etas_20260330-183526/last_model_1.pth
2026-03-30 18:36:01,914 INFO src.train.trainer: Epoch 524
2026-03-30 18:36:01,982 INFO src.train.trainer: New best validation loss: -5.6327, saved to checkpoints/etas_20260330-183526/best_model_1.pth
2026-03-30 18:36:01,984 INFO src.train.trainer: Last model at epoch 524 saved to checkpoints/etas_20260330-183526/last_model_1.pth
2026-03-30 18:36:01,984 INFO src.train.trainer: Epoch 525
2026-03-30 18:36:02,050 INFO src.train.trainer: New best validation loss: -5.6330, saved to checkpoints/etas_20260330-183526/best_model_1.pth
2026-03-30 18:36:02,052 INFO src.train.trainer: Last model at epoch 525 saved to checkpoints/etas_20260330-183526/last_model_1.pth
2026-03-30 18:36:02,052 INFO src.train.trainer: Epoch 526
2026-03-30 18:36:02,119 INFO src.train.trainer: New best validation loss: -5.6333, saved to checkpoints/etas_20260330-183526/best_model_1.pth
2026-03-30 18:36:02,121 INFO src.train.trainer: Last model at epoch 526 saved to checkpoints/etas_20260330-183526/last_model_1.pth
2026-03-30 18:36:02,121 INFO src.train.trainer: Epoch 527
2026-03-30 18:36:02,186 INFO src.train.trainer: New best validation loss: -5.6336, saved to checkpoints/etas_20260330-183526/best_model_1.pth
2026-03-30 18:36:02,189 INFO src.train.trainer: Last model at epoch 527 saved to checkpoints/etas_20260330-183526/last_model_1.pth
2026-03-30 18:36:02,189 INFO src.train.trainer: Epoch 528
2026-03-30 18:36:02,255 INFO src.train.trainer: New best validation loss: -5.6338, saved to checkpoints/etas_20260330-183526/best_model_1.pth
2026-03-30 18:36:02,257 INFO src.train.trainer: Last model at epoch 528 saved to checkpoints/etas_20260330-183526/last_model_1.pth
2026-03-30 18:36:02,257 INFO src.train.trainer: Epoch 529
2026-03-30 18:36:02,324 INFO src.train.trainer: New best validation loss: -5.6341, saved to checkpoints/etas_20260330-183526/best_model_1.pth
2026-03-30 18:36:02,326 INFO src.train.trainer: Last model at epoch 529 saved to checkpoints/etas_20260330-183526/last_model_1.pth
2026-03-30 18:36:02,326 INFO src.train.trainer: Epoch 530
2026-03-30 18:36:02,393 INFO src.train.trainer: New best validation loss: -5.6343, saved to checkpoints/etas_20260330-183526/best_model_1.pth
2026-03-30 18:36:02,396 INFO src.train.trainer: Last model at epoch 530 saved to checkpoints/etas_20260330-183526/last_model_1.pth
2026-03-30 18:36:02,396 INFO src.train.trainer: Epoch 531
2026-03-30 18:36:02,460 INFO src.train.trainer: New best validation loss: -5.6346, saved to checkpoints/etas_20260330-183526/best_model_1.pth
2026-03-30 18:36:02,462 INFO src.train.trainer: Last model at epoch 531 saved to checkpoints/etas_20260330-183526/last_model_1.pth
2026-03-30 18:36:02,462 INFO src.train.trainer: Epoch 532
2026-03-30 18:36:02,525 INFO src.train.trainer: New best validation loss: -5.6349, saved to checkpoints/etas_20260330-183526/best_model_1.pth
2026-03-30 18:36:02,527 INFO src.train.trainer: Last model at epoch 532 saved to checkpoints/etas_20260330-183526/last_model_1.pth
2026-03-30 18:36:02,527 INFO src.train.trainer: Epoch 533
2026-03-30 18:36:02,591 INFO src.train.trainer: New best validation loss: -5.6351, saved to checkpoints/etas_20260330-183526/best_model_1.pth
2026-03-30 18:36:02,593 INFO src.train.trainer: Last model at epoch 533 saved to checkpoints/etas_20260330-183526/last_model_1.pth
2026-03-30 18:36:02,593 INFO src.train.trainer: Epoch 534
2026-03-30 18:36:02,657 INFO src.train.trainer: New best validation loss: -5.6353, saved to checkpoints/etas_20260330-183526/best_model_1.pth
2026-03-30 18:36:02,659 INFO src.train.trainer: Last model at epoch 534 saved to checkpoints/etas_20260330-183526/last_model_1.pth
2026-03-30 18:36:02,659 INFO src.train.trainer: Epoch 535
2026-03-30 18:36:02,723 INFO src.train.trainer: New best validation loss: -5.6356, saved to checkpoints/etas_20260330-183526/best_model_1.pth
2026-03-30 18:36:02,726 INFO src.train.trainer: Last model at epoch 535 saved to checkpoints/etas_20260330-183526/last_model_1.pth
2026-03-30 18:36:02,726 INFO src.train.trainer: Epoch 536
2026-03-30 18:36:02,791 INFO src.train.trainer: New best validation loss: -5.6358, saved to checkpoints/etas_20260330-183526/best_model_1.pth
2026-03-30 18:36:02,794 INFO src.train.trainer: Last model at epoch 536 saved to checkpoints/etas_20260330-183526/last_model_1.pth
2026-03-30 18:36:02,794 INFO src.train.trainer: Epoch 537
2026-03-30 18:36:02,862 INFO src.train.trainer: New best validation loss: -5.6361, saved to checkpoints/etas_20260330-183526/best_model_1.pth
2026-03-30 18:36:02,865 INFO src.train.trainer: Last model at epoch 537 saved to checkpoints/etas_20260330-183526/last_model_1.pth
2026-03-30 18:36:02,865 INFO src.train.trainer: Epoch 538
2026-03-30 18:36:02,935 INFO src.train.trainer: New best validation loss: -5.6363, saved to checkpoints/etas_20260330-183526/best_model_1.pth
2026-03-30 18:36:02,937 INFO src.train.trainer: Last model at epoch 538 saved to checkpoints/etas_20260330-183526/last_model_1.pth
2026-03-30 18:36:02,937 INFO src.train.trainer: Epoch 539
2026-03-30 18:36:03,005 INFO src.train.trainer: New best validation loss: -5.6365, saved to checkpoints/etas_20260330-183526/best_model_1.pth
2026-03-30 18:36:03,007 INFO src.train.trainer: Last model at epoch 539 saved to checkpoints/etas_20260330-183526/last_model_1.pth
2026-03-30 18:36:03,008 INFO src.train.trainer: Epoch 540
2026-03-30 18:36:03,075 INFO src.train.trainer: New best validation loss: -5.6368, saved to checkpoints/etas_20260330-183526/best_model_1.pth
2026-03-30 18:36:03,078 INFO src.train.trainer: Last model at epoch 540 saved to checkpoints/etas_20260330-183526/last_model_1.pth
2026-03-30 18:36:03,078 INFO src.train.trainer: Epoch 541
2026-03-30 18:36:03,146 INFO src.train.trainer: New best validation loss: -5.6370, saved to checkpoints/etas_20260330-183526/best_model_1.pth
2026-03-30 18:36:03,149 INFO src.train.trainer: Last model at epoch 541 saved to checkpoints/etas_20260330-183526/last_model_1.pth
2026-03-30 18:36:03,149 INFO src.train.trainer: Epoch 542
2026-03-30 18:36:03,216 INFO src.train.trainer: New best validation loss: -5.6372, saved to checkpoints/etas_20260330-183526/best_model_1.pth
2026-03-30 18:36:03,218 INFO src.train.trainer: Last model at epoch 542 saved to checkpoints/etas_20260330-183526/last_model_1.pth
2026-03-30 18:36:03,218 INFO src.train.trainer: Epoch 543
2026-03-30 18:36:03,286 INFO src.train.trainer: New best validation loss: -5.6374, saved to checkpoints/etas_20260330-183526/best_model_1.pth
2026-03-30 18:36:03,288 INFO src.train.trainer: Last model at epoch 543 saved to checkpoints/etas_20260330-183526/last_model_1.pth
2026-03-30 18:36:03,288 INFO src.train.trainer: Epoch 544
2026-03-30 18:36:03,354 INFO src.train.trainer: New best validation loss: -5.6377, saved to checkpoints/etas_20260330-183526/best_model_1.pth
2026-03-30 18:36:03,357 INFO src.train.trainer: Last model at epoch 544 saved to checkpoints/etas_20260330-183526/last_model_1.pth
2026-03-30 18:36:03,357 INFO src.train.trainer: Epoch 545
2026-03-30 18:36:03,426 INFO src.train.trainer: New best validation loss: -5.6379, saved to checkpoints/etas_20260330-183526/best_model_1.pth
2026-03-30 18:36:03,428 INFO src.train.trainer: Last model at epoch 545 saved to checkpoints/etas_20260330-183526/last_model_1.pth
2026-03-30 18:36:03,428 INFO src.train.trainer: Epoch 546
2026-03-30 18:36:03,497 INFO src.train.trainer: New best validation loss: -5.6381, saved to checkpoints/etas_20260330-183526/best_model_1.pth
2026-03-30 18:36:03,499 INFO src.train.trainer: Last model at epoch 546 saved to checkpoints/etas_20260330-183526/last_model_1.pth
2026-03-30 18:36:03,499 INFO src.train.trainer: Epoch 547
2026-03-30 18:36:03,569 INFO src.train.trainer: New best validation loss: -5.6383, saved to checkpoints/etas_20260330-183526/best_model_1.pth
2026-03-30 18:36:03,571 INFO src.train.trainer: Last model at epoch 547 saved to checkpoints/etas_20260330-183526/last_model_1.pth
2026-03-30 18:36:03,571 INFO src.train.trainer: Epoch 548
2026-03-30 18:36:03,643 INFO src.train.trainer: New best validation loss: -5.6385, saved to checkpoints/etas_20260330-183526/best_model_1.pth
2026-03-30 18:36:03,645 INFO src.train.trainer: Last model at epoch 548 saved to checkpoints/etas_20260330-183526/last_model_1.pth
2026-03-30 18:36:03,645 INFO src.train.trainer: Epoch 549
2026-03-30 18:36:03,716 INFO src.train.trainer: New best validation loss: -5.6387, saved to checkpoints/etas_20260330-183526/best_model_1.pth
2026-03-30 18:36:03,718 INFO src.train.trainer: Last model at epoch 549 saved to checkpoints/etas_20260330-183526/last_model_1.pth
2026-03-30 18:36:03,718 INFO src.train.trainer: Epoch 550
2026-03-30 18:36:03,784 INFO src.train.trainer: New best validation loss: -5.6389, saved to checkpoints/etas_20260330-183526/best_model_1.pth
2026-03-30 18:36:03,789 INFO src.train.trainer: Last model at epoch 550 saved to checkpoints/etas_20260330-183526/last_model_1.pth
2026-03-30 18:36:03,789 INFO src.train.trainer: Epoch 551
2026-03-30 18:36:03,859 INFO src.train.trainer: New best validation loss: -5.6391, saved to checkpoints/etas_20260330-183526/best_model_1.pth
2026-03-30 18:36:03,861 INFO src.train.trainer: Last model at epoch 551 saved to checkpoints/etas_20260330-183526/last_model_1.pth
2026-03-30 18:36:03,861 INFO src.train.trainer: Epoch 552
2026-03-30 18:36:03,927 INFO src.train.trainer: New best validation loss: -5.6393, saved to checkpoints/etas_20260330-183526/best_model_1.pth
2026-03-30 18:36:03,930 INFO src.train.trainer: Last model at epoch 552 saved to checkpoints/etas_20260330-183526/last_model_1.pth
2026-03-30 18:36:03,930 INFO src.train.trainer: Epoch 553
2026-03-30 18:36:03,995 INFO src.train.trainer: New best validation loss: -5.6395, saved to checkpoints/etas_20260330-183526/best_model_1.pth
2026-03-30 18:36:03,997 INFO src.train.trainer: Last model at epoch 553 saved to checkpoints/etas_20260330-183526/last_model_1.pth
2026-03-30 18:36:03,997 INFO src.train.trainer: Epoch 554
2026-03-30 18:36:04,061 INFO src.train.trainer: New best validation loss: -5.6397, saved to checkpoints/etas_20260330-183526/best_model_1.pth
2026-03-30 18:36:04,063 INFO src.train.trainer: Last model at epoch 554 saved to checkpoints/etas_20260330-183526/last_model_1.pth
2026-03-30 18:36:04,063 INFO src.train.trainer: Epoch 555
2026-03-30 18:36:04,131 INFO src.train.trainer: New best validation loss: -5.6399, saved to checkpoints/etas_20260330-183526/best_model_1.pth
2026-03-30 18:36:04,134 INFO src.train.trainer: Last model at epoch 555 saved to checkpoints/etas_20260330-183526/last_model_1.pth
2026-03-30 18:36:04,134 INFO src.train.trainer: Epoch 556
2026-03-30 18:36:04,198 INFO src.train.trainer: New best validation loss: -5.6401, saved to checkpoints/etas_20260330-183526/best_model_1.pth
2026-03-30 18:36:04,200 INFO src.train.trainer: Last model at epoch 556 saved to checkpoints/etas_20260330-183526/last_model_1.pth
2026-03-30 18:36:04,200 INFO src.train.trainer: Epoch 557
2026-03-30 18:36:04,265 INFO src.train.trainer: New best validation loss: -5.6403, saved to checkpoints/etas_20260330-183526/best_model_1.pth
2026-03-30 18:36:04,267 INFO src.train.trainer: Last model at epoch 557 saved to checkpoints/etas_20260330-183526/last_model_1.pth
2026-03-30 18:36:04,267 INFO src.train.trainer: Epoch 558
2026-03-30 18:36:04,333 INFO src.train.trainer: New best validation loss: -5.6405, saved to checkpoints/etas_20260330-183526/best_model_1.pth
2026-03-30 18:36:04,336 INFO src.train.trainer: Last model at epoch 558 saved to checkpoints/etas_20260330-183526/last_model_1.pth
2026-03-30 18:36:04,336 INFO src.train.trainer: Epoch 559
2026-03-30 18:36:04,405 INFO src.train.trainer: New best validation loss: -5.6407, saved to checkpoints/etas_20260330-183526/best_model_1.pth
2026-03-30 18:36:04,408 INFO src.train.trainer: Last model at epoch 559 saved to checkpoints/etas_20260330-183526/last_model_1.pth
2026-03-30 18:36:04,408 INFO src.train.trainer: Epoch 560
2026-03-30 18:36:04,474 INFO src.train.trainer: New best validation loss: -5.6409, saved to checkpoints/etas_20260330-183526/best_model_1.pth
2026-03-30 18:36:04,477 INFO src.train.trainer: Last model at epoch 560 saved to checkpoints/etas_20260330-183526/last_model_1.pth
2026-03-30 18:36:04,477 INFO src.train.trainer: Epoch 561
2026-03-30 18:36:04,545 INFO src.train.trainer: New best validation loss: -5.6410, saved to checkpoints/etas_20260330-183526/best_model_1.pth
2026-03-30 18:36:04,547 INFO src.train.trainer: Last model at epoch 561 saved to checkpoints/etas_20260330-183526/last_model_1.pth
2026-03-30 18:36:04,547 INFO src.train.trainer: Epoch 562
2026-03-30 18:36:04,612 INFO src.train.trainer: New best validation loss: -5.6412, saved to checkpoints/etas_20260330-183526/best_model_1.pth
2026-03-30 18:36:04,614 INFO src.train.trainer: Last model at epoch 562 saved to checkpoints/etas_20260330-183526/last_model_1.pth
2026-03-30 18:36:04,614 INFO src.train.trainer: Epoch 563
2026-03-30 18:36:04,683 INFO src.train.trainer: New best validation loss: -5.6414, saved to checkpoints/etas_20260330-183526/best_model_1.pth
2026-03-30 18:36:04,686 INFO src.train.trainer: Last model at epoch 563 saved to checkpoints/etas_20260330-183526/last_model_1.pth
2026-03-30 18:36:04,686 INFO src.train.trainer: Epoch 564
2026-03-30 18:36:04,751 INFO src.train.trainer: New best validation loss: -5.6416, saved to checkpoints/etas_20260330-183526/best_model_1.pth
2026-03-30 18:36:04,753 INFO src.train.trainer: Last model at epoch 564 saved to checkpoints/etas_20260330-183526/last_model_1.pth
2026-03-30 18:36:04,753 INFO src.train.trainer: Epoch 565
2026-03-30 18:36:04,818 INFO src.train.trainer: New best validation loss: -5.6418, saved to checkpoints/etas_20260330-183526/best_model_1.pth
2026-03-30 18:36:04,821 INFO src.train.trainer: Last model at epoch 565 saved to checkpoints/etas_20260330-183526/last_model_1.pth
2026-03-30 18:36:04,821 INFO src.train.trainer: Epoch 566
2026-03-30 18:36:04,886 INFO src.train.trainer: New best validation loss: -5.6419, saved to checkpoints/etas_20260330-183526/best_model_1.pth
2026-03-30 18:36:04,888 INFO src.train.trainer: Last model at epoch 566 saved to checkpoints/etas_20260330-183526/last_model_1.pth
2026-03-30 18:36:04,889 INFO src.train.trainer: Epoch 567
2026-03-30 18:36:04,954 INFO src.train.trainer: New best validation loss: -5.6421, saved to checkpoints/etas_20260330-183526/best_model_1.pth
2026-03-30 18:36:04,957 INFO src.train.trainer: Last model at epoch 567 saved to checkpoints/etas_20260330-183526/last_model_1.pth
2026-03-30 18:36:04,957 INFO src.train.trainer: Epoch 568
2026-03-30 18:36:05,022 INFO src.train.trainer: New best validation loss: -5.6423, saved to checkpoints/etas_20260330-183526/best_model_1.pth
2026-03-30 18:36:05,024 INFO src.train.trainer: Last model at epoch 568 saved to checkpoints/etas_20260330-183526/last_model_1.pth
2026-03-30 18:36:05,024 INFO src.train.trainer: Epoch 569
2026-03-30 18:36:05,092 INFO src.train.trainer: New best validation loss: -5.6424, saved to checkpoints/etas_20260330-183526/best_model_1.pth
2026-03-30 18:36:05,094 INFO src.train.trainer: Last model at epoch 569 saved to checkpoints/etas_20260330-183526/last_model_1.pth
2026-03-30 18:36:05,094 INFO src.train.trainer: Epoch 570
2026-03-30 18:36:05,159 INFO src.train.trainer: New best validation loss: -5.6426, saved to checkpoints/etas_20260330-183526/best_model_1.pth
2026-03-30 18:36:05,161 INFO src.train.trainer: Last model at epoch 570 saved to checkpoints/etas_20260330-183526/last_model_1.pth
2026-03-30 18:36:05,161 INFO src.train.trainer: Epoch 571
2026-03-30 18:36:05,225 INFO src.train.trainer: New best validation loss: -5.6428, saved to checkpoints/etas_20260330-183526/best_model_1.pth
2026-03-30 18:36:05,227 INFO src.train.trainer: Last model at epoch 571 saved to checkpoints/etas_20260330-183526/last_model_1.pth
2026-03-30 18:36:05,227 INFO src.train.trainer: Epoch 572
2026-03-30 18:36:05,291 INFO src.train.trainer: New best validation loss: -5.6430, saved to checkpoints/etas_20260330-183526/best_model_1.pth
2026-03-30 18:36:05,294 INFO src.train.trainer: Last model at epoch 572 saved to checkpoints/etas_20260330-183526/last_model_1.pth
2026-03-30 18:36:05,294 INFO src.train.trainer: Epoch 573
2026-03-30 18:36:05,358 INFO src.train.trainer: New best validation loss: -5.6431, saved to checkpoints/etas_20260330-183526/best_model_1.pth
2026-03-30 18:36:05,360 INFO src.train.trainer: Last model at epoch 573 saved to checkpoints/etas_20260330-183526/last_model_1.pth
2026-03-30 18:36:05,360 INFO src.train.trainer: Epoch 574
2026-03-30 18:36:05,424 INFO src.train.trainer: New best validation loss: -5.6433, saved to checkpoints/etas_20260330-183526/best_model_1.pth
2026-03-30 18:36:05,426 INFO src.train.trainer: Last model at epoch 574 saved to checkpoints/etas_20260330-183526/last_model_1.pth
2026-03-30 18:36:05,426 INFO src.train.trainer: Epoch 575
2026-03-30 18:36:05,489 INFO src.train.trainer: New best validation loss: -5.6435, saved to checkpoints/etas_20260330-183526/best_model_1.pth
2026-03-30 18:36:05,491 INFO src.train.trainer: Last model at epoch 575 saved to checkpoints/etas_20260330-183526/last_model_1.pth
2026-03-30 18:36:05,491 INFO src.train.trainer: Epoch 576
2026-03-30 18:36:05,555 INFO src.train.trainer: New best validation loss: -5.6436, saved to checkpoints/etas_20260330-183526/best_model_1.pth
2026-03-30 18:36:05,557 INFO src.train.trainer: Last model at epoch 576 saved to checkpoints/etas_20260330-183526/last_model_1.pth
2026-03-30 18:36:05,557 INFO src.train.trainer: Epoch 577
2026-03-30 18:36:05,621 INFO src.train.trainer: New best validation loss: -5.6438, saved to checkpoints/etas_20260330-183526/best_model_1.pth
2026-03-30 18:36:05,623 INFO src.train.trainer: Last model at epoch 577 saved to checkpoints/etas_20260330-183526/last_model_1.pth
2026-03-30 18:36:05,623 INFO src.train.trainer: Epoch 578
2026-03-30 18:36:05,688 INFO src.train.trainer: New best validation loss: -5.6439, saved to checkpoints/etas_20260330-183526/best_model_1.pth
2026-03-30 18:36:05,691 INFO src.train.trainer: Last model at epoch 578 saved to checkpoints/etas_20260330-183526/last_model_1.pth
2026-03-30 18:36:05,691 INFO src.train.trainer: Epoch 579
2026-03-30 18:36:05,762 INFO src.train.trainer: New best validation loss: -5.6441, saved to checkpoints/etas_20260330-183526/best_model_1.pth
2026-03-30 18:36:05,765 INFO src.train.trainer: Last model at epoch 579 saved to checkpoints/etas_20260330-183526/last_model_1.pth
2026-03-30 18:36:05,765 INFO src.train.trainer: Epoch 580
2026-03-30 18:36:05,832 INFO src.train.trainer: New best validation loss: -5.6443, saved to checkpoints/etas_20260330-183526/best_model_1.pth
2026-03-30 18:36:05,834 INFO src.train.trainer: Last model at epoch 580 saved to checkpoints/etas_20260330-183526/last_model_1.pth
2026-03-30 18:36:05,834 INFO src.train.trainer: Epoch 581
2026-03-30 18:36:05,898 INFO src.train.trainer: New best validation loss: -5.6444, saved to checkpoints/etas_20260330-183526/best_model_1.pth
2026-03-30 18:36:05,900 INFO src.train.trainer: Last model at epoch 581 saved to checkpoints/etas_20260330-183526/last_model_1.pth
2026-03-30 18:36:05,900 INFO src.train.trainer: Epoch 582
2026-03-30 18:36:05,967 INFO src.train.trainer: New best validation loss: -5.6446, saved to checkpoints/etas_20260330-183526/best_model_1.pth
2026-03-30 18:36:05,969 INFO src.train.trainer: Last model at epoch 582 saved to checkpoints/etas_20260330-183526/last_model_1.pth
2026-03-30 18:36:05,969 INFO src.train.trainer: Epoch 583
2026-03-30 18:36:06,038 INFO src.train.trainer: New best validation loss: -5.6447, saved to checkpoints/etas_20260330-183526/best_model_1.pth
2026-03-30 18:36:06,040 INFO src.train.trainer: Last model at epoch 583 saved to checkpoints/etas_20260330-183526/last_model_1.pth
2026-03-30 18:36:06,040 INFO src.train.trainer: Epoch 584
2026-03-30 18:36:06,109 INFO src.train.trainer: New best validation loss: -5.6449, saved to checkpoints/etas_20260330-183526/best_model_1.pth
2026-03-30 18:36:06,111 INFO src.train.trainer: Last model at epoch 584 saved to checkpoints/etas_20260330-183526/last_model_1.pth
2026-03-30 18:36:06,111 INFO src.train.trainer: Epoch 585
2026-03-30 18:36:06,183 INFO src.train.trainer: New best validation loss: -5.6451, saved to checkpoints/etas_20260330-183526/best_model_1.pth
2026-03-30 18:36:06,185 INFO src.train.trainer: Last model at epoch 585 saved to checkpoints/etas_20260330-183526/last_model_1.pth
2026-03-30 18:36:06,185 INFO src.train.trainer: Epoch 586
2026-03-30 18:36:06,256 INFO src.train.trainer: New best validation loss: -5.6452, saved to checkpoints/etas_20260330-183526/best_model_1.pth
2026-03-30 18:36:06,258 INFO src.train.trainer: Last model at epoch 586 saved to checkpoints/etas_20260330-183526/last_model_1.pth
2026-03-30 18:36:06,258 INFO src.train.trainer: Epoch 587
2026-03-30 18:36:06,329 INFO src.train.trainer: New best validation loss: -5.6454, saved to checkpoints/etas_20260330-183526/best_model_1.pth
2026-03-30 18:36:06,331 INFO src.train.trainer: Last model at epoch 587 saved to checkpoints/etas_20260330-183526/last_model_1.pth
2026-03-30 18:36:06,331 INFO src.train.trainer: Epoch 588
2026-03-30 18:36:06,396 INFO src.train.trainer: New best validation loss: -5.6455, saved to checkpoints/etas_20260330-183526/best_model_1.pth
2026-03-30 18:36:06,398 INFO src.train.trainer: Last model at epoch 588 saved to checkpoints/etas_20260330-183526/last_model_1.pth
2026-03-30 18:36:06,398 INFO src.train.trainer: Epoch 589
2026-03-30 18:36:06,461 INFO src.train.trainer: New best validation loss: -5.6457, saved to checkpoints/etas_20260330-183526/best_model_1.pth
2026-03-30 18:36:06,463 INFO src.train.trainer: Last model at epoch 589 saved to checkpoints/etas_20260330-183526/last_model_1.pth
2026-03-30 18:36:06,463 INFO src.train.trainer: Epoch 590
2026-03-30 18:36:06,530 INFO src.train.trainer: New best validation loss: -5.6458, saved to checkpoints/etas_20260330-183526/best_model_1.pth
2026-03-30 18:36:06,532 INFO src.train.trainer: Last model at epoch 590 saved to checkpoints/etas_20260330-183526/last_model_1.pth
2026-03-30 18:36:06,533 INFO src.train.trainer: Epoch 591
2026-03-30 18:36:06,598 INFO src.train.trainer: New best validation loss: -5.6460, saved to checkpoints/etas_20260330-183526/best_model_1.pth
2026-03-30 18:36:06,600 INFO src.train.trainer: Last model at epoch 591 saved to checkpoints/etas_20260330-183526/last_model_1.pth
2026-03-30 18:36:06,600 INFO src.train.trainer: Epoch 592
2026-03-30 18:36:06,670 INFO src.train.trainer: New best validation loss: -5.6461, saved to checkpoints/etas_20260330-183526/best_model_1.pth
2026-03-30 18:36:06,672 INFO src.train.trainer: Last model at epoch 592 saved to checkpoints/etas_20260330-183526/last_model_1.pth
2026-03-30 18:36:06,672 INFO src.train.trainer: Epoch 593
2026-03-30 18:36:06,742 INFO src.train.trainer: New best validation loss: -5.6463, saved to checkpoints/etas_20260330-183526/best_model_1.pth
2026-03-30 18:36:06,744 INFO src.train.trainer: Last model at epoch 593 saved to checkpoints/etas_20260330-183526/last_model_1.pth
2026-03-30 18:36:06,744 INFO src.train.trainer: Epoch 594
2026-03-30 18:36:06,809 INFO src.train.trainer: New best validation loss: -5.6464, saved to checkpoints/etas_20260330-183526/best_model_1.pth
2026-03-30 18:36:06,811 INFO src.train.trainer: Last model at epoch 594 saved to checkpoints/etas_20260330-183526/last_model_1.pth
2026-03-30 18:36:06,811 INFO src.train.trainer: Epoch 595
2026-03-30 18:36:06,878 INFO src.train.trainer: New best validation loss: -5.6466, saved to checkpoints/etas_20260330-183526/best_model_1.pth
2026-03-30 18:36:06,880 INFO src.train.trainer: Last model at epoch 595 saved to checkpoints/etas_20260330-183526/last_model_1.pth
2026-03-30 18:36:06,880 INFO src.train.trainer: Epoch 596
2026-03-30 18:36:06,945 INFO src.train.trainer: New best validation loss: -5.6468, saved to checkpoints/etas_20260330-183526/best_model_1.pth
2026-03-30 18:36:06,947 INFO src.train.trainer: Last model at epoch 596 saved to checkpoints/etas_20260330-183526/last_model_1.pth
2026-03-30 18:36:06,947 INFO src.train.trainer: Epoch 597
2026-03-30 18:36:07,015 INFO src.train.trainer: New best validation loss: -5.6469, saved to checkpoints/etas_20260330-183526/best_model_1.pth
2026-03-30 18:36:07,018 INFO src.train.trainer: Last model at epoch 597 saved to checkpoints/etas_20260330-183526/last_model_1.pth
2026-03-30 18:36:07,018 INFO src.train.trainer: Epoch 598
2026-03-30 18:36:07,087 INFO src.train.trainer: New best validation loss: -5.6471, saved to checkpoints/etas_20260330-183526/best_model_1.pth
2026-03-30 18:36:07,089 INFO src.train.trainer: Last model at epoch 598 saved to checkpoints/etas_20260330-183526/last_model_1.pth
2026-03-30 18:36:07,090 INFO src.train.trainer: Epoch 599
2026-03-30 18:36:07,160 INFO src.train.trainer: New best validation loss: -5.6472, saved to checkpoints/etas_20260330-183526/best_model_1.pth
2026-03-30 18:36:07,162 INFO src.train.trainer: Last model at epoch 599 saved to checkpoints/etas_20260330-183526/last_model_1.pth
2026-03-30 18:36:07,162 INFO src.train.trainer: Epoch 600
2026-03-30 18:36:07,232 INFO src.train.trainer: New best validation loss: -5.6474, saved to checkpoints/etas_20260330-183526/best_model_1.pth
2026-03-30 18:36:07,235 INFO src.train.trainer: Last model at epoch 600 saved to checkpoints/etas_20260330-183526/last_model_1.pth
2026-03-30 18:36:07,235 INFO src.train.trainer: Epoch 601
2026-03-30 18:36:07,306 INFO src.train.trainer: New best validation loss: -5.6475, saved to checkpoints/etas_20260330-183526/best_model_1.pth
2026-03-30 18:36:07,309 INFO src.train.trainer: Last model at epoch 601 saved to checkpoints/etas_20260330-183526/last_model_1.pth
2026-03-30 18:36:07,309 INFO src.train.trainer: Epoch 602
2026-03-30 18:36:07,381 INFO src.train.trainer: New best validation loss: -5.6477, saved to checkpoints/etas_20260330-183526/best_model_1.pth
2026-03-30 18:36:07,383 INFO src.train.trainer: Last model at epoch 602 saved to checkpoints/etas_20260330-183526/last_model_1.pth
2026-03-30 18:36:07,383 INFO src.train.trainer: Epoch 603
2026-03-30 18:36:07,449 INFO src.train.trainer: New best validation loss: -5.6478, saved to checkpoints/etas_20260330-183526/best_model_1.pth
2026-03-30 18:36:07,452 INFO src.train.trainer: Last model at epoch 603 saved to checkpoints/etas_20260330-183526/last_model_1.pth
2026-03-30 18:36:07,452 INFO src.train.trainer: Epoch 604
2026-03-30 18:36:07,522 INFO src.train.trainer: New best validation loss: -5.6480, saved to checkpoints/etas_20260330-183526/best_model_1.pth
2026-03-30 18:36:07,524 INFO src.train.trainer: Last model at epoch 604 saved to checkpoints/etas_20260330-183526/last_model_1.pth
2026-03-30 18:36:07,524 INFO src.train.trainer: Epoch 605
2026-03-30 18:36:07,590 INFO src.train.trainer: New best validation loss: -5.6481, saved to checkpoints/etas_20260330-183526/best_model_1.pth
2026-03-30 18:36:07,593 INFO src.train.trainer: Last model at epoch 605 saved to checkpoints/etas_20260330-183526/last_model_1.pth
2026-03-30 18:36:07,593 INFO src.train.trainer: Epoch 606
2026-03-30 18:36:07,662 INFO src.train.trainer: New best validation loss: -5.6483, saved to checkpoints/etas_20260330-183526/best_model_1.pth
2026-03-30 18:36:07,664 INFO src.train.trainer: Last model at epoch 606 saved to checkpoints/etas_20260330-183526/last_model_1.pth
2026-03-30 18:36:07,664 INFO src.train.trainer: Epoch 607
2026-03-30 18:36:07,731 INFO src.train.trainer: New best validation loss: -5.6484, saved to checkpoints/etas_20260330-183526/best_model_1.pth
2026-03-30 18:36:07,733 INFO src.train.trainer: Last model at epoch 607 saved to checkpoints/etas_20260330-183526/last_model_1.pth
2026-03-30 18:36:07,733 INFO src.train.trainer: Epoch 608
2026-03-30 18:36:07,800 INFO src.train.trainer: New best validation loss: -5.6486, saved to checkpoints/etas_20260330-183526/best_model_1.pth
2026-03-30 18:36:07,803 INFO src.train.trainer: Last model at epoch 608 saved to checkpoints/etas_20260330-183526/last_model_1.pth
2026-03-30 18:36:07,803 INFO src.train.trainer: Epoch 609
2026-03-30 18:36:07,871 INFO src.train.trainer: New best validation loss: -5.6487, saved to checkpoints/etas_20260330-183526/best_model_1.pth
2026-03-30 18:36:07,874 INFO src.train.trainer: Last model at epoch 609 saved to checkpoints/etas_20260330-183526/last_model_1.pth
2026-03-30 18:36:07,874 INFO src.train.trainer: Epoch 610
2026-03-30 18:36:07,942 INFO src.train.trainer: New best validation loss: -5.6489, saved to checkpoints/etas_20260330-183526/best_model_1.pth
2026-03-30 18:36:07,944 INFO src.train.trainer: Last model at epoch 610 saved to checkpoints/etas_20260330-183526/last_model_1.pth
2026-03-30 18:36:07,944 INFO src.train.trainer: Epoch 611
2026-03-30 18:36:08,010 INFO src.train.trainer: New best validation loss: -5.6490, saved to checkpoints/etas_20260330-183526/best_model_1.pth
2026-03-30 18:36:08,012 INFO src.train.trainer: Last model at epoch 611 saved to checkpoints/etas_20260330-183526/last_model_1.pth
2026-03-30 18:36:08,012 INFO src.train.trainer: Epoch 612
2026-03-30 18:36:08,077 INFO src.train.trainer: New best validation loss: -5.6492, saved to checkpoints/etas_20260330-183526/best_model_1.pth
2026-03-30 18:36:08,079 INFO src.train.trainer: Last model at epoch 612 saved to checkpoints/etas_20260330-183526/last_model_1.pth
2026-03-30 18:36:08,080 INFO src.train.trainer: Epoch 613
2026-03-30 18:36:08,148 INFO src.train.trainer: New best validation loss: -5.6493, saved to checkpoints/etas_20260330-183526/best_model_1.pth
2026-03-30 18:36:08,150 INFO src.train.trainer: Last model at epoch 613 saved to checkpoints/etas_20260330-183526/last_model_1.pth
2026-03-30 18:36:08,150 INFO src.train.trainer: Epoch 614
2026-03-30 18:36:08,218 INFO src.train.trainer: New best validation loss: -5.6495, saved to checkpoints/etas_20260330-183526/best_model_1.pth
2026-03-30 18:36:08,220 INFO src.train.trainer: Last model at epoch 614 saved to checkpoints/etas_20260330-183526/last_model_1.pth
2026-03-30 18:36:08,220 INFO src.train.trainer: Epoch 615
2026-03-30 18:36:08,290 INFO src.train.trainer: New best validation loss: -5.6496, saved to checkpoints/etas_20260330-183526/best_model_1.pth
2026-03-30 18:36:08,292 INFO src.train.trainer: Last model at epoch 615 saved to checkpoints/etas_20260330-183526/last_model_1.pth
2026-03-30 18:36:08,292 INFO src.train.trainer: Epoch 616
2026-03-30 18:36:08,358 INFO src.train.trainer: New best validation loss: -5.6498, saved to checkpoints/etas_20260330-183526/best_model_1.pth
2026-03-30 18:36:08,360 INFO src.train.trainer: Last model at epoch 616 saved to checkpoints/etas_20260330-183526/last_model_1.pth
2026-03-30 18:36:08,360 INFO src.train.trainer: Epoch 617
2026-03-30 18:36:08,428 INFO src.train.trainer: New best validation loss: -5.6499, saved to checkpoints/etas_20260330-183526/best_model_1.pth
2026-03-30 18:36:08,430 INFO src.train.trainer: Last model at epoch 617 saved to checkpoints/etas_20260330-183526/last_model_1.pth
2026-03-30 18:36:08,430 INFO src.train.trainer: Epoch 618
2026-03-30 18:36:08,497 INFO src.train.trainer: New best validation loss: -5.6501, saved to checkpoints/etas_20260330-183526/best_model_1.pth
2026-03-30 18:36:08,499 INFO src.train.trainer: Last model at epoch 618 saved to checkpoints/etas_20260330-183526/last_model_1.pth
2026-03-30 18:36:08,499 INFO src.train.trainer: Epoch 619
2026-03-30 18:36:08,564 INFO src.train.trainer: New best validation loss: -5.6502, saved to checkpoints/etas_20260330-183526/best_model_1.pth
2026-03-30 18:36:08,566 INFO src.train.trainer: Last model at epoch 619 saved to checkpoints/etas_20260330-183526/last_model_1.pth
2026-03-30 18:36:08,566 INFO src.train.trainer: Epoch 620
2026-03-30 18:36:08,634 INFO src.train.trainer: New best validation loss: -5.6504, saved to checkpoints/etas_20260330-183526/best_model_1.pth
2026-03-30 18:36:08,636 INFO src.train.trainer: Last model at epoch 620 saved to checkpoints/etas_20260330-183526/last_model_1.pth
2026-03-30 18:36:08,636 INFO src.train.trainer: Epoch 621
2026-03-30 18:36:08,703 INFO src.train.trainer: New best validation loss: -5.6506, saved to checkpoints/etas_20260330-183526/best_model_1.pth
2026-03-30 18:36:08,705 INFO src.train.trainer: Last model at epoch 621 saved to checkpoints/etas_20260330-183526/last_model_1.pth
2026-03-30 18:36:08,705 INFO src.train.trainer: Epoch 622
2026-03-30 18:36:08,771 INFO src.train.trainer: New best validation loss: -5.6507, saved to checkpoints/etas_20260330-183526/best_model_1.pth
2026-03-30 18:36:08,773 INFO src.train.trainer: Last model at epoch 622 saved to checkpoints/etas_20260330-183526/last_model_1.pth
2026-03-30 18:36:08,773 INFO src.train.trainer: Epoch 623
2026-03-30 18:36:08,838 INFO src.train.trainer: New best validation loss: -5.6509, saved to checkpoints/etas_20260330-183526/best_model_1.pth
2026-03-30 18:36:08,839 INFO src.train.trainer: Last model at epoch 623 saved to checkpoints/etas_20260330-183526/last_model_1.pth
2026-03-30 18:36:08,840 INFO src.train.trainer: Epoch 624
2026-03-30 18:36:08,902 INFO src.train.trainer: New best validation loss: -5.6510, saved to checkpoints/etas_20260330-183526/best_model_1.pth
2026-03-30 18:36:08,904 INFO src.train.trainer: Last model at epoch 624 saved to checkpoints/etas_20260330-183526/last_model_1.pth
2026-03-30 18:36:08,904 INFO src.train.trainer: Epoch 625
2026-03-30 18:36:08,968 INFO src.train.trainer: New best validation loss: -5.6512, saved to checkpoints/etas_20260330-183526/best_model_1.pth
2026-03-30 18:36:08,970 INFO src.train.trainer: Last model at epoch 625 saved to checkpoints/etas_20260330-183526/last_model_1.pth
2026-03-30 18:36:08,970 INFO src.train.trainer: Epoch 626
2026-03-30 18:36:09,034 INFO src.train.trainer: New best validation loss: -5.6513, saved to checkpoints/etas_20260330-183526/best_model_1.pth
2026-03-30 18:36:09,036 INFO src.train.trainer: Last model at epoch 626 saved to checkpoints/etas_20260330-183526/last_model_1.pth
2026-03-30 18:36:09,036 INFO src.train.trainer: Epoch 627
2026-03-30 18:36:09,099 INFO src.train.trainer: New best validation loss: -5.6515, saved to checkpoints/etas_20260330-183526/best_model_1.pth
2026-03-30 18:36:09,101 INFO src.train.trainer: Last model at epoch 627 saved to checkpoints/etas_20260330-183526/last_model_1.pth
2026-03-30 18:36:09,101 INFO src.train.trainer: Epoch 628
2026-03-30 18:36:09,165 INFO src.train.trainer: New best validation loss: -5.6516, saved to checkpoints/etas_20260330-183526/best_model_1.pth
2026-03-30 18:36:09,167 INFO src.train.trainer: Last model at epoch 628 saved to checkpoints/etas_20260330-183526/last_model_1.pth
2026-03-30 18:36:09,168 INFO src.train.trainer: Epoch 629
2026-03-30 18:36:09,237 INFO src.train.trainer: New best validation loss: -5.6518, saved to checkpoints/etas_20260330-183526/best_model_1.pth
2026-03-30 18:36:09,240 INFO src.train.trainer: Last model at epoch 629 saved to checkpoints/etas_20260330-183526/last_model_1.pth
2026-03-30 18:36:09,240 INFO src.train.trainer: Epoch 630
2026-03-30 18:36:09,301 INFO src.train.trainer: New best validation loss: -5.6520, saved to checkpoints/etas_20260330-183526/best_model_1.pth
2026-03-30 18:36:09,303 INFO src.train.trainer: Last model at epoch 630 saved to checkpoints/etas_20260330-183526/last_model_1.pth
2026-03-30 18:36:09,304 INFO src.train.trainer: Epoch 631
2026-03-30 18:36:09,367 INFO src.train.trainer: New best validation loss: -5.6521, saved to checkpoints/etas_20260330-183526/best_model_1.pth
2026-03-30 18:36:09,369 INFO src.train.trainer: Last model at epoch 631 saved to checkpoints/etas_20260330-183526/last_model_1.pth
2026-03-30 18:36:09,370 INFO src.train.trainer: Epoch 632
2026-03-30 18:36:09,432 INFO src.train.trainer: New best validation loss: -5.6523, saved to checkpoints/etas_20260330-183526/best_model_1.pth
2026-03-30 18:36:09,434 INFO src.train.trainer: Last model at epoch 632 saved to checkpoints/etas_20260330-183526/last_model_1.pth
2026-03-30 18:36:09,434 INFO src.train.trainer: Epoch 633
2026-03-30 18:36:09,496 INFO src.train.trainer: New best validation loss: -5.6524, saved to checkpoints/etas_20260330-183526/best_model_1.pth
2026-03-30 18:36:09,498 INFO src.train.trainer: Last model at epoch 633 saved to checkpoints/etas_20260330-183526/last_model_1.pth
2026-03-30 18:36:09,498 INFO src.train.trainer: Epoch 634
2026-03-30 18:36:09,562 INFO src.train.trainer: New best validation loss: -5.6526, saved to checkpoints/etas_20260330-183526/best_model_1.pth
2026-03-30 18:36:09,564 INFO src.train.trainer: Last model at epoch 634 saved to checkpoints/etas_20260330-183526/last_model_1.pth
2026-03-30 18:36:09,565 INFO src.train.trainer: Epoch 635
2026-03-30 18:36:09,626 INFO src.train.trainer: New best validation loss: -5.6528, saved to checkpoints/etas_20260330-183526/best_model_1.pth
2026-03-30 18:36:09,628 INFO src.train.trainer: Last model at epoch 635 saved to checkpoints/etas_20260330-183526/last_model_1.pth
2026-03-30 18:36:09,628 INFO src.train.trainer: Epoch 636
2026-03-30 18:36:09,688 INFO src.train.trainer: New best validation loss: -5.6529, saved to checkpoints/etas_20260330-183526/best_model_1.pth
2026-03-30 18:36:09,690 INFO src.train.trainer: Last model at epoch 636 saved to checkpoints/etas_20260330-183526/last_model_1.pth
2026-03-30 18:36:09,690 INFO src.train.trainer: Epoch 637
2026-03-30 18:36:09,751 INFO src.train.trainer: New best validation loss: -5.6531, saved to checkpoints/etas_20260330-183526/best_model_1.pth
2026-03-30 18:36:09,752 INFO src.train.trainer: Last model at epoch 637 saved to checkpoints/etas_20260330-183526/last_model_1.pth
2026-03-30 18:36:09,753 INFO src.train.trainer: Epoch 638
2026-03-30 18:36:09,817 INFO src.train.trainer: New best validation loss: -5.6532, saved to checkpoints/etas_20260330-183526/best_model_1.pth
2026-03-30 18:36:09,819 INFO src.train.trainer: Last model at epoch 638 saved to checkpoints/etas_20260330-183526/last_model_1.pth
2026-03-30 18:36:09,819 INFO src.train.trainer: Epoch 639
2026-03-30 18:36:09,879 INFO src.train.trainer: New best validation loss: -5.6534, saved to checkpoints/etas_20260330-183526/best_model_1.pth
2026-03-30 18:36:09,882 INFO src.train.trainer: Last model at epoch 639 saved to checkpoints/etas_20260330-183526/last_model_1.pth
2026-03-30 18:36:09,882 INFO src.train.trainer: Epoch 640
2026-03-30 18:36:09,942 INFO src.train.trainer: New best validation loss: -5.6536, saved to checkpoints/etas_20260330-183526/best_model_1.pth
2026-03-30 18:36:09,944 INFO src.train.trainer: Last model at epoch 640 saved to checkpoints/etas_20260330-183526/last_model_1.pth
2026-03-30 18:36:09,944 INFO src.train.trainer: Epoch 641
2026-03-30 18:36:10,005 INFO src.train.trainer: New best validation loss: -5.6537, saved to checkpoints/etas_20260330-183526/best_model_1.pth
2026-03-30 18:36:10,007 INFO src.train.trainer: Last model at epoch 641 saved to checkpoints/etas_20260330-183526/last_model_1.pth
2026-03-30 18:36:10,007 INFO src.train.trainer: Epoch 642
2026-03-30 18:36:10,069 INFO src.train.trainer: New best validation loss: -5.6539, saved to checkpoints/etas_20260330-183526/best_model_1.pth
2026-03-30 18:36:10,071 INFO src.train.trainer: Last model at epoch 642 saved to checkpoints/etas_20260330-183526/last_model_1.pth
2026-03-30 18:36:10,072 INFO src.train.trainer: Epoch 643
2026-03-30 18:36:10,135 INFO src.train.trainer: New best validation loss: -5.6540, saved to checkpoints/etas_20260330-183526/best_model_1.pth
2026-03-30 18:36:10,137 INFO src.train.trainer: Last model at epoch 643 saved to checkpoints/etas_20260330-183526/last_model_1.pth
2026-03-30 18:36:10,137 INFO src.train.trainer: Epoch 644
2026-03-30 18:36:10,241 INFO src.train.trainer: New best validation loss: -5.6542, saved to checkpoints/etas_20260330-183526/best_model_1.pth
2026-03-30 18:36:10,243 INFO src.train.trainer: Last model at epoch 644 saved to checkpoints/etas_20260330-183526/last_model_1.pth
2026-03-30 18:36:10,243 INFO src.train.trainer: Epoch 645
2026-03-30 18:36:10,309 INFO src.train.trainer: New best validation loss: -5.6544, saved to checkpoints/etas_20260330-183526/best_model_1.pth
2026-03-30 18:36:10,312 INFO src.train.trainer: Last model at epoch 645 saved to checkpoints/etas_20260330-183526/last_model_1.pth
2026-03-30 18:36:10,312 INFO src.train.trainer: Epoch 646
2026-03-30 18:36:10,384 INFO src.train.trainer: New best validation loss: -5.6545, saved to checkpoints/etas_20260330-183526/best_model_1.pth
2026-03-30 18:36:10,387 INFO src.train.trainer: Last model at epoch 646 saved to checkpoints/etas_20260330-183526/last_model_1.pth
2026-03-30 18:36:10,387 INFO src.train.trainer: Epoch 647
2026-03-30 18:36:10,456 INFO src.train.trainer: New best validation loss: -5.6547, saved to checkpoints/etas_20260330-183526/best_model_1.pth
2026-03-30 18:36:10,459 INFO src.train.trainer: Last model at epoch 647 saved to checkpoints/etas_20260330-183526/last_model_1.pth
2026-03-30 18:36:10,459 INFO src.train.trainer: Epoch 648
2026-03-30 18:36:10,529 INFO src.train.trainer: New best validation loss: -5.6549, saved to checkpoints/etas_20260330-183526/best_model_1.pth
2026-03-30 18:36:10,531 INFO src.train.trainer: Last model at epoch 648 saved to checkpoints/etas_20260330-183526/last_model_1.pth
2026-03-30 18:36:10,531 INFO src.train.trainer: Epoch 649
2026-03-30 18:36:10,600 INFO src.train.trainer: New best validation loss: -5.6550, saved to checkpoints/etas_20260330-183526/best_model_1.pth
2026-03-30 18:36:10,602 INFO src.train.trainer: Last model at epoch 649 saved to checkpoints/etas_20260330-183526/last_model_1.pth
2026-03-30 18:36:10,602 INFO src.train.trainer: Epoch 650
2026-03-30 18:36:10,669 INFO src.train.trainer: New best validation loss: -5.6552, saved to checkpoints/etas_20260330-183526/best_model_1.pth
2026-03-30 18:36:10,671 INFO src.train.trainer: Last model at epoch 650 saved to checkpoints/etas_20260330-183526/last_model_1.pth
2026-03-30 18:36:10,671 INFO src.train.trainer: Epoch 651
2026-03-30 18:36:10,738 INFO src.train.trainer: New best validation loss: -5.6554, saved to checkpoints/etas_20260330-183526/best_model_1.pth
2026-03-30 18:36:10,740 INFO src.train.trainer: Last model at epoch 651 saved to checkpoints/etas_20260330-183526/last_model_1.pth
2026-03-30 18:36:10,740 INFO src.train.trainer: Epoch 652
2026-03-30 18:36:10,813 INFO src.train.trainer: New best validation loss: -5.6555, saved to checkpoints/etas_20260330-183526/best_model_1.pth
2026-03-30 18:36:10,815 INFO src.train.trainer: Last model at epoch 652 saved to checkpoints/etas_20260330-183526/last_model_1.pth
2026-03-30 18:36:10,816 INFO src.train.trainer: Epoch 653
2026-03-30 18:36:10,888 INFO src.train.trainer: New best validation loss: -5.6557, saved to checkpoints/etas_20260330-183526/best_model_1.pth
2026-03-30 18:36:10,891 INFO src.train.trainer: Last model at epoch 653 saved to checkpoints/etas_20260330-183526/last_model_1.pth
2026-03-30 18:36:10,891 INFO src.train.trainer: Epoch 654
2026-03-30 18:36:10,958 INFO src.train.trainer: New best validation loss: -5.6559, saved to checkpoints/etas_20260330-183526/best_model_1.pth
2026-03-30 18:36:10,960 INFO src.train.trainer: Last model at epoch 654 saved to checkpoints/etas_20260330-183526/last_model_1.pth
2026-03-30 18:36:10,960 INFO src.train.trainer: Epoch 655
2026-03-30 18:36:11,025 INFO src.train.trainer: New best validation loss: -5.6560, saved to checkpoints/etas_20260330-183526/best_model_1.pth
2026-03-30 18:36:11,027 INFO src.train.trainer: Last model at epoch 655 saved to checkpoints/etas_20260330-183526/last_model_1.pth
2026-03-30 18:36:11,027 INFO src.train.trainer: Epoch 656
2026-03-30 18:36:11,094 INFO src.train.trainer: New best validation loss: -5.6562, saved to checkpoints/etas_20260330-183526/best_model_1.pth
2026-03-30 18:36:11,096 INFO src.train.trainer: Last model at epoch 656 saved to checkpoints/etas_20260330-183526/last_model_1.pth
2026-03-30 18:36:11,096 INFO src.train.trainer: Epoch 657
2026-03-30 18:36:11,162 INFO src.train.trainer: New best validation loss: -5.6564, saved to checkpoints/etas_20260330-183526/best_model_1.pth
2026-03-30 18:36:11,164 INFO src.train.trainer: Last model at epoch 657 saved to checkpoints/etas_20260330-183526/last_model_1.pth
2026-03-30 18:36:11,164 INFO src.train.trainer: Epoch 658
2026-03-30 18:36:11,231 INFO src.train.trainer: New best validation loss: -5.6565, saved to checkpoints/etas_20260330-183526/best_model_1.pth
2026-03-30 18:36:11,233 INFO src.train.trainer: Last model at epoch 658 saved to checkpoints/etas_20260330-183526/last_model_1.pth
2026-03-30 18:36:11,233 INFO src.train.trainer: Epoch 659
2026-03-30 18:36:11,298 INFO src.train.trainer: New best validation loss: -5.6567, saved to checkpoints/etas_20260330-183526/best_model_1.pth
2026-03-30 18:36:11,300 INFO src.train.trainer: Last model at epoch 659 saved to checkpoints/etas_20260330-183526/last_model_1.pth
2026-03-30 18:36:11,300 INFO src.train.trainer: Epoch 660
2026-03-30 18:36:11,367 INFO src.train.trainer: New best validation loss: -5.6569, saved to checkpoints/etas_20260330-183526/best_model_1.pth
2026-03-30 18:36:11,369 INFO src.train.trainer: Last model at epoch 660 saved to checkpoints/etas_20260330-183526/last_model_1.pth
2026-03-30 18:36:11,369 INFO src.train.trainer: Epoch 661
2026-03-30 18:36:11,436 INFO src.train.trainer: New best validation loss: -5.6571, saved to checkpoints/etas_20260330-183526/best_model_1.pth
2026-03-30 18:36:11,438 INFO src.train.trainer: Last model at epoch 661 saved to checkpoints/etas_20260330-183526/last_model_1.pth
2026-03-30 18:36:11,439 INFO src.train.trainer: Epoch 662
2026-03-30 18:36:11,504 INFO src.train.trainer: New best validation loss: -5.6572, saved to checkpoints/etas_20260330-183526/best_model_1.pth
2026-03-30 18:36:11,506 INFO src.train.trainer: Last model at epoch 662 saved to checkpoints/etas_20260330-183526/last_model_1.pth
2026-03-30 18:36:11,506 INFO src.train.trainer: Epoch 663
2026-03-30 18:36:11,575 INFO src.train.trainer: New best validation loss: -5.6574, saved to checkpoints/etas_20260330-183526/best_model_1.pth
2026-03-30 18:36:11,578 INFO src.train.trainer: Last model at epoch 663 saved to checkpoints/etas_20260330-183526/last_model_1.pth
2026-03-30 18:36:11,578 INFO src.train.trainer: Epoch 664
2026-03-30 18:36:11,647 INFO src.train.trainer: New best validation loss: -5.6576, saved to checkpoints/etas_20260330-183526/best_model_1.pth
2026-03-30 18:36:11,650 INFO src.train.trainer: Last model at epoch 664 saved to checkpoints/etas_20260330-183526/last_model_1.pth
2026-03-30 18:36:11,650 INFO src.train.trainer: Epoch 665
2026-03-30 18:36:11,718 INFO src.train.trainer: New best validation loss: -5.6577, saved to checkpoints/etas_20260330-183526/best_model_1.pth
2026-03-30 18:36:11,720 INFO src.train.trainer: Last model at epoch 665 saved to checkpoints/etas_20260330-183526/last_model_1.pth
2026-03-30 18:36:11,720 INFO src.train.trainer: Epoch 666
2026-03-30 18:36:11,791 INFO src.train.trainer: New best validation loss: -5.6579, saved to checkpoints/etas_20260330-183526/best_model_1.pth
2026-03-30 18:36:11,793 INFO src.train.trainer: Last model at epoch 666 saved to checkpoints/etas_20260330-183526/last_model_1.pth
2026-03-30 18:36:11,793 INFO src.train.trainer: Epoch 667
2026-03-30 18:36:11,860 INFO src.train.trainer: New best validation loss: -5.6581, saved to checkpoints/etas_20260330-183526/best_model_1.pth
2026-03-30 18:36:11,862 INFO src.train.trainer: Last model at epoch 667 saved to checkpoints/etas_20260330-183526/last_model_1.pth
2026-03-30 18:36:11,862 INFO src.train.trainer: Epoch 668
2026-03-30 18:36:11,927 INFO src.train.trainer: New best validation loss: -5.6583, saved to checkpoints/etas_20260330-183526/best_model_1.pth
2026-03-30 18:36:11,929 INFO src.train.trainer: Last model at epoch 668 saved to checkpoints/etas_20260330-183526/last_model_1.pth
2026-03-30 18:36:11,930 INFO src.train.trainer: Epoch 669
2026-03-30 18:36:11,994 INFO src.train.trainer: New best validation loss: -5.6584, saved to checkpoints/etas_20260330-183526/best_model_1.pth
2026-03-30 18:36:11,997 INFO src.train.trainer: Last model at epoch 669 saved to checkpoints/etas_20260330-183526/last_model_1.pth
2026-03-30 18:36:11,997 INFO src.train.trainer: Epoch 670
2026-03-30 18:36:12,065 INFO src.train.trainer: New best validation loss: -5.6586, saved to checkpoints/etas_20260330-183526/best_model_1.pth
2026-03-30 18:36:12,067 INFO src.train.trainer: Last model at epoch 670 saved to checkpoints/etas_20260330-183526/last_model_1.pth
2026-03-30 18:36:12,067 INFO src.train.trainer: Epoch 671
2026-03-30 18:36:12,132 INFO src.train.trainer: New best validation loss: -5.6588, saved to checkpoints/etas_20260330-183526/best_model_1.pth
2026-03-30 18:36:12,134 INFO src.train.trainer: Last model at epoch 671 saved to checkpoints/etas_20260330-183526/last_model_1.pth
2026-03-30 18:36:12,134 INFO src.train.trainer: Epoch 672
2026-03-30 18:36:12,200 INFO src.train.trainer: New best validation loss: -5.6590, saved to checkpoints/etas_20260330-183526/best_model_1.pth
2026-03-30 18:36:12,203 INFO src.train.trainer: Last model at epoch 672 saved to checkpoints/etas_20260330-183526/last_model_1.pth
2026-03-30 18:36:12,203 INFO src.train.trainer: Epoch 673
2026-03-30 18:36:12,272 INFO src.train.trainer: New best validation loss: -5.6592, saved to checkpoints/etas_20260330-183526/best_model_1.pth
2026-03-30 18:36:12,274 INFO src.train.trainer: Last model at epoch 673 saved to checkpoints/etas_20260330-183526/last_model_1.pth
2026-03-30 18:36:12,274 INFO src.train.trainer: Epoch 674
2026-03-30 18:36:12,338 INFO src.train.trainer: New best validation loss: -5.6593, saved to checkpoints/etas_20260330-183526/best_model_1.pth
2026-03-30 18:36:12,340 INFO src.train.trainer: Last model at epoch 674 saved to checkpoints/etas_20260330-183526/last_model_1.pth
2026-03-30 18:36:12,340 INFO src.train.trainer: Epoch 675
2026-03-30 18:36:12,403 INFO src.train.trainer: New best validation loss: -5.6595, saved to checkpoints/etas_20260330-183526/best_model_1.pth
2026-03-30 18:36:12,405 INFO src.train.trainer: Last model at epoch 675 saved to checkpoints/etas_20260330-183526/last_model_1.pth
2026-03-30 18:36:12,406 INFO src.train.trainer: Epoch 676
2026-03-30 18:36:12,469 INFO src.train.trainer: New best validation loss: -5.6597, saved to checkpoints/etas_20260330-183526/best_model_1.pth
2026-03-30 18:36:12,471 INFO src.train.trainer: Last model at epoch 676 saved to checkpoints/etas_20260330-183526/last_model_1.pth
2026-03-30 18:36:12,471 INFO src.train.trainer: Epoch 677
2026-03-30 18:36:12,535 INFO src.train.trainer: New best validation loss: -5.6599, saved to checkpoints/etas_20260330-183526/best_model_1.pth
2026-03-30 18:36:12,538 INFO src.train.trainer: Last model at epoch 677 saved to checkpoints/etas_20260330-183526/last_model_1.pth
2026-03-30 18:36:12,538 INFO src.train.trainer: Epoch 678
2026-03-30 18:36:12,604 INFO src.train.trainer: New best validation loss: -5.6600, saved to checkpoints/etas_20260330-183526/best_model_1.pth
2026-03-30 18:36:12,606 INFO src.train.trainer: Last model at epoch 678 saved to checkpoints/etas_20260330-183526/last_model_1.pth
2026-03-30 18:36:12,606 INFO src.train.trainer: Epoch 679
2026-03-30 18:36:12,672 INFO src.train.trainer: New best validation loss: -5.6602, saved to checkpoints/etas_20260330-183526/best_model_1.pth
2026-03-30 18:36:12,674 INFO src.train.trainer: Last model at epoch 679 saved to checkpoints/etas_20260330-183526/last_model_1.pth
2026-03-30 18:36:12,674 INFO src.train.trainer: Epoch 680
2026-03-30 18:36:12,742 INFO src.train.trainer: New best validation loss: -5.6604, saved to checkpoints/etas_20260330-183526/best_model_1.pth
2026-03-30 18:36:12,745 INFO src.train.trainer: Last model at epoch 680 saved to checkpoints/etas_20260330-183526/last_model_1.pth
2026-03-30 18:36:12,745 INFO src.train.trainer: Epoch 681
2026-03-30 18:36:12,811 INFO src.train.trainer: New best validation loss: -5.6606, saved to checkpoints/etas_20260330-183526/best_model_1.pth
2026-03-30 18:36:12,813 INFO src.train.trainer: Last model at epoch 681 saved to checkpoints/etas_20260330-183526/last_model_1.pth
2026-03-30 18:36:12,814 INFO src.train.trainer: Epoch 682
2026-03-30 18:36:12,878 INFO src.train.trainer: New best validation loss: -5.6608, saved to checkpoints/etas_20260330-183526/best_model_1.pth
2026-03-30 18:36:12,880 INFO src.train.trainer: Last model at epoch 682 saved to checkpoints/etas_20260330-183526/last_model_1.pth
2026-03-30 18:36:12,880 INFO src.train.trainer: Epoch 683
2026-03-30 18:36:12,947 INFO src.train.trainer: New best validation loss: -5.6609, saved to checkpoints/etas_20260330-183526/best_model_1.pth
2026-03-30 18:36:12,949 INFO src.train.trainer: Last model at epoch 683 saved to checkpoints/etas_20260330-183526/last_model_1.pth
2026-03-30 18:36:12,949 INFO src.train.trainer: Epoch 684
2026-03-30 18:36:13,019 INFO src.train.trainer: New best validation loss: -5.6611, saved to checkpoints/etas_20260330-183526/best_model_1.pth
2026-03-30 18:36:13,021 INFO src.train.trainer: Last model at epoch 684 saved to checkpoints/etas_20260330-183526/last_model_1.pth
2026-03-30 18:36:13,021 INFO src.train.trainer: Epoch 685
2026-03-30 18:36:13,087 INFO src.train.trainer: New best validation loss: -5.6613, saved to checkpoints/etas_20260330-183526/best_model_1.pth
2026-03-30 18:36:13,090 INFO src.train.trainer: Last model at epoch 685 saved to checkpoints/etas_20260330-183526/last_model_1.pth
2026-03-30 18:36:13,090 INFO src.train.trainer: Epoch 686
2026-03-30 18:36:13,158 INFO src.train.trainer: New best validation loss: -5.6615, saved to checkpoints/etas_20260330-183526/best_model_1.pth
2026-03-30 18:36:13,160 INFO src.train.trainer: Last model at epoch 686 saved to checkpoints/etas_20260330-183526/last_model_1.pth
2026-03-30 18:36:13,161 INFO src.train.trainer: Epoch 687
2026-03-30 18:36:13,225 INFO src.train.trainer: New best validation loss: -5.6617, saved to checkpoints/etas_20260330-183526/best_model_1.pth
2026-03-30 18:36:13,227 INFO src.train.trainer: Last model at epoch 687 saved to checkpoints/etas_20260330-183526/last_model_1.pth
2026-03-30 18:36:13,227 INFO src.train.trainer: Epoch 688
2026-03-30 18:36:13,295 INFO src.train.trainer: New best validation loss: -5.6619, saved to checkpoints/etas_20260330-183526/best_model_1.pth
2026-03-30 18:36:13,297 INFO src.train.trainer: Last model at epoch 688 saved to checkpoints/etas_20260330-183526/last_model_1.pth
2026-03-30 18:36:13,297 INFO src.train.trainer: Epoch 689
2026-03-30 18:36:13,366 INFO src.train.trainer: New best validation loss: -5.6620, saved to checkpoints/etas_20260330-183526/best_model_1.pth
2026-03-30 18:36:13,368 INFO src.train.trainer: Last model at epoch 689 saved to checkpoints/etas_20260330-183526/last_model_1.pth
2026-03-30 18:36:13,368 INFO src.train.trainer: Epoch 690
2026-03-30 18:36:13,435 INFO src.train.trainer: New best validation loss: -5.6622, saved to checkpoints/etas_20260330-183526/best_model_1.pth
2026-03-30 18:36:13,437 INFO src.train.trainer: Last model at epoch 690 saved to checkpoints/etas_20260330-183526/last_model_1.pth
2026-03-30 18:36:13,437 INFO src.train.trainer: Epoch 691
2026-03-30 18:36:13,502 INFO src.train.trainer: New best validation loss: -5.6624, saved to checkpoints/etas_20260330-183526/best_model_1.pth
2026-03-30 18:36:13,505 INFO src.train.trainer: Last model at epoch 691 saved to checkpoints/etas_20260330-183526/last_model_1.pth
2026-03-30 18:36:13,505 INFO src.train.trainer: Epoch 692
2026-03-30 18:36:13,571 INFO src.train.trainer: New best validation loss: -5.6626, saved to checkpoints/etas_20260330-183526/best_model_1.pth
2026-03-30 18:36:13,574 INFO src.train.trainer: Last model at epoch 692 saved to checkpoints/etas_20260330-183526/last_model_1.pth
2026-03-30 18:36:13,574 INFO src.train.trainer: Epoch 693
2026-03-30 18:36:13,639 INFO src.train.trainer: New best validation loss: -5.6628, saved to checkpoints/etas_20260330-183526/best_model_1.pth
2026-03-30 18:36:13,641 INFO src.train.trainer: Last model at epoch 693 saved to checkpoints/etas_20260330-183526/last_model_1.pth
2026-03-30 18:36:13,641 INFO src.train.trainer: Epoch 694
2026-03-30 18:36:13,709 INFO src.train.trainer: New best validation loss: -5.6630, saved to checkpoints/etas_20260330-183526/best_model_1.pth
2026-03-30 18:36:13,711 INFO src.train.trainer: Last model at epoch 694 saved to checkpoints/etas_20260330-183526/last_model_1.pth
2026-03-30 18:36:13,711 INFO src.train.trainer: Epoch 695
2026-03-30 18:36:13,777 INFO src.train.trainer: New best validation loss: -5.6631, saved to checkpoints/etas_20260330-183526/best_model_1.pth
2026-03-30 18:36:13,779 INFO src.train.trainer: Last model at epoch 695 saved to checkpoints/etas_20260330-183526/last_model_1.pth
2026-03-30 18:36:13,779 INFO src.train.trainer: Epoch 696
2026-03-30 18:36:13,847 INFO src.train.trainer: New best validation loss: -5.6633, saved to checkpoints/etas_20260330-183526/best_model_1.pth
2026-03-30 18:36:13,849 INFO src.train.trainer: Last model at epoch 696 saved to checkpoints/etas_20260330-183526/last_model_1.pth
2026-03-30 18:36:13,849 INFO src.train.trainer: Epoch 697
2026-03-30 18:36:13,918 INFO src.train.trainer: New best validation loss: -5.6635, saved to checkpoints/etas_20260330-183526/best_model_1.pth
2026-03-30 18:36:13,920 INFO src.train.trainer: Last model at epoch 697 saved to checkpoints/etas_20260330-183526/last_model_1.pth
2026-03-30 18:36:13,920 INFO src.train.trainer: Epoch 698
2026-03-30 18:36:13,986 INFO src.train.trainer: New best validation loss: -5.6637, saved to checkpoints/etas_20260330-183526/best_model_1.pth
2026-03-30 18:36:13,988 INFO src.train.trainer: Last model at epoch 698 saved to checkpoints/etas_20260330-183526/last_model_1.pth
2026-03-30 18:36:13,988 INFO src.train.trainer: Epoch 699
2026-03-30 18:36:14,054 INFO src.train.trainer: New best validation loss: -5.6639, saved to checkpoints/etas_20260330-183526/best_model_1.pth
2026-03-30 18:36:14,057 INFO src.train.trainer: Last model at epoch 699 saved to checkpoints/etas_20260330-183526/last_model_1.pth
2026-03-30 18:36:14,057 INFO src.train.trainer: Epoch 700
2026-03-30 18:36:14,127 INFO src.train.trainer: New best validation loss: -5.6641, saved to checkpoints/etas_20260330-183526/best_model_1.pth
2026-03-30 18:36:14,129 INFO src.train.trainer: Last model at epoch 700 saved to checkpoints/etas_20260330-183526/last_model_1.pth
2026-03-30 18:36:14,129 INFO src.train.trainer: Epoch 701
2026-03-30 18:36:14,194 INFO src.train.trainer: New best validation loss: -5.6643, saved to checkpoints/etas_20260330-183526/best_model_1.pth
2026-03-30 18:36:14,196 INFO src.train.trainer: Last model at epoch 701 saved to checkpoints/etas_20260330-183526/last_model_1.pth
2026-03-30 18:36:14,196 INFO src.train.trainer: Epoch 702
2026-03-30 18:36:14,261 INFO src.train.trainer: New best validation loss: -5.6645, saved to checkpoints/etas_20260330-183526/best_model_1.pth
2026-03-30 18:36:14,263 INFO src.train.trainer: Last model at epoch 702 saved to checkpoints/etas_20260330-183526/last_model_1.pth
2026-03-30 18:36:14,263 INFO src.train.trainer: Epoch 703
2026-03-30 18:36:14,329 INFO src.train.trainer: New best validation loss: -5.6647, saved to checkpoints/etas_20260330-183526/best_model_1.pth
2026-03-30 18:36:14,332 INFO src.train.trainer: Last model at epoch 703 saved to checkpoints/etas_20260330-183526/last_model_1.pth
2026-03-30 18:36:14,332 INFO src.train.trainer: Epoch 704
2026-03-30 18:36:14,398 INFO src.train.trainer: New best validation loss: -5.6648, saved to checkpoints/etas_20260330-183526/best_model_1.pth
2026-03-30 18:36:14,401 INFO src.train.trainer: Last model at epoch 704 saved to checkpoints/etas_20260330-183526/last_model_1.pth
2026-03-30 18:36:14,401 INFO src.train.trainer: Epoch 705
2026-03-30 18:36:14,466 INFO src.train.trainer: New best validation loss: -5.6650, saved to checkpoints/etas_20260330-183526/best_model_1.pth
2026-03-30 18:36:14,468 INFO src.train.trainer: Last model at epoch 705 saved to checkpoints/etas_20260330-183526/last_model_1.pth
2026-03-30 18:36:14,468 INFO src.train.trainer: Epoch 706
2026-03-30 18:36:14,533 INFO src.train.trainer: New best validation loss: -5.6652, saved to checkpoints/etas_20260330-183526/best_model_1.pth
2026-03-30 18:36:14,536 INFO src.train.trainer: Last model at epoch 706 saved to checkpoints/etas_20260330-183526/last_model_1.pth
2026-03-30 18:36:14,536 INFO src.train.trainer: Epoch 707
2026-03-30 18:36:14,601 INFO src.train.trainer: New best validation loss: -5.6654, saved to checkpoints/etas_20260330-183526/best_model_1.pth
2026-03-30 18:36:14,603 INFO src.train.trainer: Last model at epoch 707 saved to checkpoints/etas_20260330-183526/last_model_1.pth
2026-03-30 18:36:14,603 INFO src.train.trainer: Epoch 708
2026-03-30 18:36:14,670 INFO src.train.trainer: New best validation loss: -5.6656, saved to checkpoints/etas_20260330-183526/best_model_1.pth
2026-03-30 18:36:14,672 INFO src.train.trainer: Last model at epoch 708 saved to checkpoints/etas_20260330-183526/last_model_1.pth
2026-03-30 18:36:14,672 INFO src.train.trainer: Epoch 709
2026-03-30 18:36:14,736 INFO src.train.trainer: New best validation loss: -5.6658, saved to checkpoints/etas_20260330-183526/best_model_1.pth
2026-03-30 18:36:14,738 INFO src.train.trainer: Last model at epoch 709 saved to checkpoints/etas_20260330-183526/last_model_1.pth
2026-03-30 18:36:14,738 INFO src.train.trainer: Epoch 710
2026-03-30 18:36:14,800 INFO src.train.trainer: New best validation loss: -5.6660, saved to checkpoints/etas_20260330-183526/best_model_1.pth
2026-03-30 18:36:14,802 INFO src.train.trainer: Last model at epoch 710 saved to checkpoints/etas_20260330-183526/last_model_1.pth
2026-03-30 18:36:14,802 INFO src.train.trainer: Epoch 711
2026-03-30 18:36:14,865 INFO src.train.trainer: New best validation loss: -5.6662, saved to checkpoints/etas_20260330-183526/best_model_1.pth
2026-03-30 18:36:14,867 INFO src.train.trainer: Last model at epoch 711 saved to checkpoints/etas_20260330-183526/last_model_1.pth
2026-03-30 18:36:14,867 INFO src.train.trainer: Epoch 712
2026-03-30 18:36:14,931 INFO src.train.trainer: New best validation loss: -5.6664, saved to checkpoints/etas_20260330-183526/best_model_1.pth
2026-03-30 18:36:14,933 INFO src.train.trainer: Last model at epoch 712 saved to checkpoints/etas_20260330-183526/last_model_1.pth
2026-03-30 18:36:14,933 INFO src.train.trainer: Epoch 713
2026-03-30 18:36:15,001 INFO src.train.trainer: New best validation loss: -5.6665, saved to checkpoints/etas_20260330-183526/best_model_1.pth
2026-03-30 18:36:15,003 INFO src.train.trainer: Last model at epoch 713 saved to checkpoints/etas_20260330-183526/last_model_1.pth
2026-03-30 18:36:15,003 INFO src.train.trainer: Epoch 714
2026-03-30 18:36:15,069 INFO src.train.trainer: New best validation loss: -5.6667, saved to checkpoints/etas_20260330-183526/best_model_1.pth
2026-03-30 18:36:15,071 INFO src.train.trainer: Last model at epoch 714 saved to checkpoints/etas_20260330-183526/last_model_1.pth
2026-03-30 18:36:15,072 INFO src.train.trainer: Epoch 715
2026-03-30 18:36:15,136 INFO src.train.trainer: New best validation loss: -5.6669, saved to checkpoints/etas_20260330-183526/best_model_1.pth
2026-03-30 18:36:15,138 INFO src.train.trainer: Last model at epoch 715 saved to checkpoints/etas_20260330-183526/last_model_1.pth
2026-03-30 18:36:15,138 INFO src.train.trainer: Epoch 716
2026-03-30 18:36:15,207 INFO src.train.trainer: New best validation loss: -5.6671, saved to checkpoints/etas_20260330-183526/best_model_1.pth
2026-03-30 18:36:15,210 INFO src.train.trainer: Last model at epoch 716 saved to checkpoints/etas_20260330-183526/last_model_1.pth
2026-03-30 18:36:15,210 INFO src.train.trainer: Epoch 717
2026-03-30 18:36:15,272 INFO src.train.trainer: New best validation loss: -5.6673, saved to checkpoints/etas_20260330-183526/best_model_1.pth
2026-03-30 18:36:15,274 INFO src.train.trainer: Last model at epoch 717 saved to checkpoints/etas_20260330-183526/last_model_1.pth
2026-03-30 18:36:15,274 INFO src.train.trainer: Epoch 718
2026-03-30 18:36:15,338 INFO src.train.trainer: New best validation loss: -5.6675, saved to checkpoints/etas_20260330-183526/best_model_1.pth
2026-03-30 18:36:15,340 INFO src.train.trainer: Last model at epoch 718 saved to checkpoints/etas_20260330-183526/last_model_1.pth
2026-03-30 18:36:15,340 INFO src.train.trainer: Epoch 719
2026-03-30 18:36:15,405 INFO src.train.trainer: New best validation loss: -5.6677, saved to checkpoints/etas_20260330-183526/best_model_1.pth
2026-03-30 18:36:15,407 INFO src.train.trainer: Last model at epoch 719 saved to checkpoints/etas_20260330-183526/last_model_1.pth
2026-03-30 18:36:15,407 INFO src.train.trainer: Epoch 720
2026-03-30 18:36:15,476 INFO src.train.trainer: New best validation loss: -5.6679, saved to checkpoints/etas_20260330-183526/best_model_1.pth
2026-03-30 18:36:15,478 INFO src.train.trainer: Last model at epoch 720 saved to checkpoints/etas_20260330-183526/last_model_1.pth
2026-03-30 18:36:15,478 INFO src.train.trainer: Epoch 721
2026-03-30 18:36:15,544 INFO src.train.trainer: New best validation loss: -5.6681, saved to checkpoints/etas_20260330-183526/best_model_1.pth
2026-03-30 18:36:15,546 INFO src.train.trainer: Last model at epoch 721 saved to checkpoints/etas_20260330-183526/last_model_1.pth
2026-03-30 18:36:15,546 INFO src.train.trainer: Epoch 722
2026-03-30 18:36:15,612 INFO src.train.trainer: New best validation loss: -5.6683, saved to checkpoints/etas_20260330-183526/best_model_1.pth
2026-03-30 18:36:15,614 INFO src.train.trainer: Last model at epoch 722 saved to checkpoints/etas_20260330-183526/last_model_1.pth
2026-03-30 18:36:15,614 INFO src.train.trainer: Epoch 723
2026-03-30 18:36:15,681 INFO src.train.trainer: New best validation loss: -5.6685, saved to checkpoints/etas_20260330-183526/best_model_1.pth
2026-03-30 18:36:15,683 INFO src.train.trainer: Last model at epoch 723 saved to checkpoints/etas_20260330-183526/last_model_1.pth
2026-03-30 18:36:15,683 INFO src.train.trainer: Epoch 724
2026-03-30 18:36:15,749 INFO src.train.trainer: New best validation loss: -5.6686, saved to checkpoints/etas_20260330-183526/best_model_1.pth
2026-03-30 18:36:15,751 INFO src.train.trainer: Last model at epoch 724 saved to checkpoints/etas_20260330-183526/last_model_1.pth
2026-03-30 18:36:15,751 INFO src.train.trainer: Epoch 725
2026-03-30 18:36:15,819 INFO src.train.trainer: New best validation loss: -5.6688, saved to checkpoints/etas_20260330-183526/best_model_1.pth
2026-03-30 18:36:15,821 INFO src.train.trainer: Last model at epoch 725 saved to checkpoints/etas_20260330-183526/last_model_1.pth
2026-03-30 18:36:15,821 INFO src.train.trainer: Epoch 726
2026-03-30 18:36:15,890 INFO src.train.trainer: New best validation loss: -5.6690, saved to checkpoints/etas_20260330-183526/best_model_1.pth
2026-03-30 18:36:15,892 INFO src.train.trainer: Last model at epoch 726 saved to checkpoints/etas_20260330-183526/last_model_1.pth
2026-03-30 18:36:15,892 INFO src.train.trainer: Epoch 727
2026-03-30 18:36:15,961 INFO src.train.trainer: New best validation loss: -5.6692, saved to checkpoints/etas_20260330-183526/best_model_1.pth
2026-03-30 18:36:15,963 INFO src.train.trainer: Last model at epoch 727 saved to checkpoints/etas_20260330-183526/last_model_1.pth
2026-03-30 18:36:15,963 INFO src.train.trainer: Epoch 728
2026-03-30 18:36:16,032 INFO src.train.trainer: New best validation loss: -5.6694, saved to checkpoints/etas_20260330-183526/best_model_1.pth
2026-03-30 18:36:16,035 INFO src.train.trainer: Last model at epoch 728 saved to checkpoints/etas_20260330-183526/last_model_1.pth
2026-03-30 18:36:16,035 INFO src.train.trainer: Epoch 729
2026-03-30 18:36:16,104 INFO src.train.trainer: New best validation loss: -5.6696, saved to checkpoints/etas_20260330-183526/best_model_1.pth
2026-03-30 18:36:16,106 INFO src.train.trainer: Last model at epoch 729 saved to checkpoints/etas_20260330-183526/last_model_1.pth
2026-03-30 18:36:16,106 INFO src.train.trainer: Epoch 730
2026-03-30 18:36:16,172 INFO src.train.trainer: New best validation loss: -5.6698, saved to checkpoints/etas_20260330-183526/best_model_1.pth
2026-03-30 18:36:16,174 INFO src.train.trainer: Last model at epoch 730 saved to checkpoints/etas_20260330-183526/last_model_1.pth
2026-03-30 18:36:16,175 INFO src.train.trainer: Epoch 731
2026-03-30 18:36:16,241 INFO src.train.trainer: New best validation loss: -5.6700, saved to checkpoints/etas_20260330-183526/best_model_1.pth
2026-03-30 18:36:16,243 INFO src.train.trainer: Last model at epoch 731 saved to checkpoints/etas_20260330-183526/last_model_1.pth
2026-03-30 18:36:16,243 INFO src.train.trainer: Epoch 732
2026-03-30 18:36:16,312 INFO src.train.trainer: New best validation loss: -5.6701, saved to checkpoints/etas_20260330-183526/best_model_1.pth
2026-03-30 18:36:16,314 INFO src.train.trainer: Last model at epoch 732 saved to checkpoints/etas_20260330-183526/last_model_1.pth
2026-03-30 18:36:16,315 INFO src.train.trainer: Epoch 733
2026-03-30 18:36:16,381 INFO src.train.trainer: New best validation loss: -5.6703, saved to checkpoints/etas_20260330-183526/best_model_1.pth
2026-03-30 18:36:16,383 INFO src.train.trainer: Last model at epoch 733 saved to checkpoints/etas_20260330-183526/last_model_1.pth
2026-03-30 18:36:16,383 INFO src.train.trainer: Epoch 734
2026-03-30 18:36:16,453 INFO src.train.trainer: New best validation loss: -5.6705, saved to checkpoints/etas_20260330-183526/best_model_1.pth
2026-03-30 18:36:16,455 INFO src.train.trainer: Last model at epoch 734 saved to checkpoints/etas_20260330-183526/last_model_1.pth
2026-03-30 18:36:16,455 INFO src.train.trainer: Epoch 735
2026-03-30 18:36:16,529 INFO src.train.trainer: New best validation loss: -5.6707, saved to checkpoints/etas_20260330-183526/best_model_1.pth
2026-03-30 18:36:16,531 INFO src.train.trainer: Last model at epoch 735 saved to checkpoints/etas_20260330-183526/last_model_1.pth
2026-03-30 18:36:16,531 INFO src.train.trainer: Epoch 736
2026-03-30 18:36:16,598 INFO src.train.trainer: New best validation loss: -5.6709, saved to checkpoints/etas_20260330-183526/best_model_1.pth
2026-03-30 18:36:16,600 INFO src.train.trainer: Last model at epoch 736 saved to checkpoints/etas_20260330-183526/last_model_1.pth
2026-03-30 18:36:16,600 INFO src.train.trainer: Epoch 737
2026-03-30 18:36:16,667 INFO src.train.trainer: New best validation loss: -5.6711, saved to checkpoints/etas_20260330-183526/best_model_1.pth
2026-03-30 18:36:16,669 INFO src.train.trainer: Last model at epoch 737 saved to checkpoints/etas_20260330-183526/last_model_1.pth
2026-03-30 18:36:16,669 INFO src.train.trainer: Epoch 738
2026-03-30 18:36:16,738 INFO src.train.trainer: New best validation loss: -5.6713, saved to checkpoints/etas_20260330-183526/best_model_1.pth
2026-03-30 18:36:16,740 INFO src.train.trainer: Last model at epoch 738 saved to checkpoints/etas_20260330-183526/last_model_1.pth
2026-03-30 18:36:16,740 INFO src.train.trainer: Epoch 739
2026-03-30 18:36:16,804 INFO src.train.trainer: New best validation loss: -5.6715, saved to checkpoints/etas_20260330-183526/best_model_1.pth
2026-03-30 18:36:16,806 INFO src.train.trainer: Last model at epoch 739 saved to checkpoints/etas_20260330-183526/last_model_1.pth
2026-03-30 18:36:16,806 INFO src.train.trainer: Epoch 740
2026-03-30 18:36:16,872 INFO src.train.trainer: New best validation loss: -5.6716, saved to checkpoints/etas_20260330-183526/best_model_1.pth
2026-03-30 18:36:16,874 INFO src.train.trainer: Last model at epoch 740 saved to checkpoints/etas_20260330-183526/last_model_1.pth
2026-03-30 18:36:16,874 INFO src.train.trainer: Epoch 741
2026-03-30 18:36:16,945 INFO src.train.trainer: New best validation loss: -5.6718, saved to checkpoints/etas_20260330-183526/best_model_1.pth
2026-03-30 18:36:16,948 INFO src.train.trainer: Last model at epoch 741 saved to checkpoints/etas_20260330-183526/last_model_1.pth
2026-03-30 18:36:16,948 INFO src.train.trainer: Epoch 742
2026-03-30 18:36:17,014 INFO src.train.trainer: New best validation loss: -5.6720, saved to checkpoints/etas_20260330-183526/best_model_1.pth
2026-03-30 18:36:17,016 INFO src.train.trainer: Last model at epoch 742 saved to checkpoints/etas_20260330-183526/last_model_1.pth
2026-03-30 18:36:17,017 INFO src.train.trainer: Epoch 743
2026-03-30 18:36:17,082 INFO src.train.trainer: New best validation loss: -5.6722, saved to checkpoints/etas_20260330-183526/best_model_1.pth
2026-03-30 18:36:17,084 INFO src.train.trainer: Last model at epoch 743 saved to checkpoints/etas_20260330-183526/last_model_1.pth
2026-03-30 18:36:17,085 INFO src.train.trainer: Epoch 744
2026-03-30 18:36:17,152 INFO src.train.trainer: New best validation loss: -5.6724, saved to checkpoints/etas_20260330-183526/best_model_1.pth
2026-03-30 18:36:17,154 INFO src.train.trainer: Last model at epoch 744 saved to checkpoints/etas_20260330-183526/last_model_1.pth
2026-03-30 18:36:17,154 INFO src.train.trainer: Epoch 745
2026-03-30 18:36:17,220 INFO src.train.trainer: New best validation loss: -5.6726, saved to checkpoints/etas_20260330-183526/best_model_1.pth
2026-03-30 18:36:17,222 INFO src.train.trainer: Last model at epoch 745 saved to checkpoints/etas_20260330-183526/last_model_1.pth
2026-03-30 18:36:17,223 INFO src.train.trainer: Epoch 746
2026-03-30 18:36:17,288 INFO src.train.trainer: New best validation loss: -5.6728, saved to checkpoints/etas_20260330-183526/best_model_1.pth
2026-03-30 18:36:17,290 INFO src.train.trainer: Last model at epoch 746 saved to checkpoints/etas_20260330-183526/last_model_1.pth
2026-03-30 18:36:17,290 INFO src.train.trainer: Epoch 747
2026-03-30 18:36:17,360 INFO src.train.trainer: New best validation loss: -5.6730, saved to checkpoints/etas_20260330-183526/best_model_1.pth
2026-03-30 18:36:17,362 INFO src.train.trainer: Last model at epoch 747 saved to checkpoints/etas_20260330-183526/last_model_1.pth
2026-03-30 18:36:17,362 INFO src.train.trainer: Epoch 748
2026-03-30 18:36:17,430 INFO src.train.trainer: New best validation loss: -5.6732, saved to checkpoints/etas_20260330-183526/best_model_1.pth
2026-03-30 18:36:17,432 INFO src.train.trainer: Last model at epoch 748 saved to checkpoints/etas_20260330-183526/last_model_1.pth
2026-03-30 18:36:17,432 INFO src.train.trainer: Epoch 749
2026-03-30 18:36:17,500 INFO src.train.trainer: New best validation loss: -5.6734, saved to checkpoints/etas_20260330-183526/best_model_1.pth
2026-03-30 18:36:17,502 INFO src.train.trainer: Last model at epoch 749 saved to checkpoints/etas_20260330-183526/last_model_1.pth
2026-03-30 18:36:17,502 INFO src.train.trainer: Epoch 750
2026-03-30 18:36:17,567 INFO src.train.trainer: New best validation loss: -5.6736, saved to checkpoints/etas_20260330-183526/best_model_1.pth
2026-03-30 18:36:17,570 INFO src.train.trainer: Last model at epoch 750 saved to checkpoints/etas_20260330-183526/last_model_1.pth
2026-03-30 18:36:17,570 INFO src.train.trainer: Epoch 751
2026-03-30 18:36:17,638 INFO src.train.trainer: New best validation loss: -5.6737, saved to checkpoints/etas_20260330-183526/best_model_1.pth
2026-03-30 18:36:17,640 INFO src.train.trainer: Last model at epoch 751 saved to checkpoints/etas_20260330-183526/last_model_1.pth
2026-03-30 18:36:17,640 INFO src.train.trainer: Epoch 752
2026-03-30 18:36:17,707 INFO src.train.trainer: New best validation loss: -5.6739, saved to checkpoints/etas_20260330-183526/best_model_1.pth
2026-03-30 18:36:17,709 INFO src.train.trainer: Last model at epoch 752 saved to checkpoints/etas_20260330-183526/last_model_1.pth
2026-03-30 18:36:17,709 INFO src.train.trainer: Epoch 753
2026-03-30 18:36:17,775 INFO src.train.trainer: New best validation loss: -5.6741, saved to checkpoints/etas_20260330-183526/best_model_1.pth
2026-03-30 18:36:17,777 INFO src.train.trainer: Last model at epoch 753 saved to checkpoints/etas_20260330-183526/last_model_1.pth
2026-03-30 18:36:17,777 INFO src.train.trainer: Epoch 754
2026-03-30 18:36:17,847 INFO src.train.trainer: New best validation loss: -5.6742, saved to checkpoints/etas_20260330-183526/best_model_1.pth
2026-03-30 18:36:17,849 INFO src.train.trainer: Last model at epoch 754 saved to checkpoints/etas_20260330-183526/last_model_1.pth
2026-03-30 18:36:17,849 INFO src.train.trainer: Epoch 755
2026-03-30 18:36:17,913 INFO src.train.trainer: New best validation loss: -5.6744, saved to checkpoints/etas_20260330-183526/best_model_1.pth
2026-03-30 18:36:17,915 INFO src.train.trainer: Last model at epoch 755 saved to checkpoints/etas_20260330-183526/last_model_1.pth
2026-03-30 18:36:17,915 INFO src.train.trainer: Epoch 756
2026-03-30 18:36:17,978 INFO src.train.trainer: New best validation loss: -5.6745, saved to checkpoints/etas_20260330-183526/best_model_1.pth
2026-03-30 18:36:17,981 INFO src.train.trainer: Last model at epoch 756 saved to checkpoints/etas_20260330-183526/last_model_1.pth
2026-03-30 18:36:17,981 INFO src.train.trainer: Epoch 757
2026-03-30 18:36:18,048 INFO src.train.trainer: New best validation loss: -5.6747, saved to checkpoints/etas_20260330-183526/best_model_1.pth
2026-03-30 18:36:18,050 INFO src.train.trainer: Last model at epoch 757 saved to checkpoints/etas_20260330-183526/last_model_1.pth
2026-03-30 18:36:18,050 INFO src.train.trainer: Epoch 758
2026-03-30 18:36:18,114 INFO src.train.trainer: New best validation loss: -5.6748, saved to checkpoints/etas_20260330-183526/best_model_1.pth
2026-03-30 18:36:18,116 INFO src.train.trainer: Last model at epoch 758 saved to checkpoints/etas_20260330-183526/last_model_1.pth
2026-03-30 18:36:18,116 INFO src.train.trainer: Epoch 759
2026-03-30 18:36:18,183 INFO src.train.trainer: New best validation loss: -5.6750, saved to checkpoints/etas_20260330-183526/best_model_1.pth
2026-03-30 18:36:18,185 INFO src.train.trainer: Last model at epoch 759 saved to checkpoints/etas_20260330-183526/last_model_1.pth
2026-03-30 18:36:18,185 INFO src.train.trainer: Epoch 760
2026-03-30 18:36:18,255 INFO src.train.trainer: New best validation loss: -5.6752, saved to checkpoints/etas_20260330-183526/best_model_1.pth
2026-03-30 18:36:18,258 INFO src.train.trainer: Last model at epoch 760 saved to checkpoints/etas_20260330-183526/last_model_1.pth
2026-03-30 18:36:18,258 INFO src.train.trainer: Epoch 761
2026-03-30 18:36:18,328 INFO src.train.trainer: New best validation loss: -5.6753, saved to checkpoints/etas_20260330-183526/best_model_1.pth
2026-03-30 18:36:18,330 INFO src.train.trainer: Last model at epoch 761 saved to checkpoints/etas_20260330-183526/last_model_1.pth
2026-03-30 18:36:18,331 INFO src.train.trainer: Epoch 762
2026-03-30 18:36:18,399 INFO src.train.trainer: New best validation loss: -5.6755, saved to checkpoints/etas_20260330-183526/best_model_1.pth
2026-03-30 18:36:18,401 INFO src.train.trainer: Last model at epoch 762 saved to checkpoints/etas_20260330-183526/last_model_1.pth
2026-03-30 18:36:18,401 INFO src.train.trainer: Epoch 763
2026-03-30 18:36:18,471 INFO src.train.trainer: New best validation loss: -5.6756, saved to checkpoints/etas_20260330-183526/best_model_1.pth
2026-03-30 18:36:18,473 INFO src.train.trainer: Last model at epoch 763 saved to checkpoints/etas_20260330-183526/last_model_1.pth
2026-03-30 18:36:18,473 INFO src.train.trainer: Epoch 764
2026-03-30 18:36:18,541 INFO src.train.trainer: New best validation loss: -5.6758, saved to checkpoints/etas_20260330-183526/best_model_1.pth
2026-03-30 18:36:18,544 INFO src.train.trainer: Last model at epoch 764 saved to checkpoints/etas_20260330-183526/last_model_1.pth
2026-03-30 18:36:18,544 INFO src.train.trainer: Epoch 765
2026-03-30 18:36:18,613 INFO src.train.trainer: New best validation loss: -5.6759, saved to checkpoints/etas_20260330-183526/best_model_1.pth
2026-03-30 18:36:18,615 INFO src.train.trainer: Last model at epoch 765 saved to checkpoints/etas_20260330-183526/last_model_1.pth
2026-03-30 18:36:18,615 INFO src.train.trainer: Epoch 766
2026-03-30 18:36:18,684 INFO src.train.trainer: New best validation loss: -5.6761, saved to checkpoints/etas_20260330-183526/best_model_1.pth
2026-03-30 18:36:18,686 INFO src.train.trainer: Last model at epoch 766 saved to checkpoints/etas_20260330-183526/last_model_1.pth
2026-03-30 18:36:18,686 INFO src.train.trainer: Epoch 767
2026-03-30 18:36:18,752 INFO src.train.trainer: New best validation loss: -5.6762, saved to checkpoints/etas_20260330-183526/best_model_1.pth
2026-03-30 18:36:18,754 INFO src.train.trainer: Last model at epoch 767 saved to checkpoints/etas_20260330-183526/last_model_1.pth
2026-03-30 18:36:18,754 INFO src.train.trainer: Epoch 768
2026-03-30 18:36:18,822 INFO src.train.trainer: New best validation loss: -5.6764, saved to checkpoints/etas_20260330-183526/best_model_1.pth
2026-03-30 18:36:18,824 INFO src.train.trainer: Last model at epoch 768 saved to checkpoints/etas_20260330-183526/last_model_1.pth
2026-03-30 18:36:18,824 INFO src.train.trainer: Epoch 769
2026-03-30 18:36:18,893 INFO src.train.trainer: New best validation loss: -5.6765, saved to checkpoints/etas_20260330-183526/best_model_1.pth
2026-03-30 18:36:18,895 INFO src.train.trainer: Last model at epoch 769 saved to checkpoints/etas_20260330-183526/last_model_1.pth
2026-03-30 18:36:18,895 INFO src.train.trainer: Epoch 770
2026-03-30 18:36:18,958 INFO src.train.trainer: New best validation loss: -5.6767, saved to checkpoints/etas_20260330-183526/best_model_1.pth
2026-03-30 18:36:18,960 INFO src.train.trainer: Last model at epoch 770 saved to checkpoints/etas_20260330-183526/last_model_1.pth
2026-03-30 18:36:18,960 INFO src.train.trainer: Epoch 771
2026-03-30 18:36:19,026 INFO src.train.trainer: New best validation loss: -5.6768, saved to checkpoints/etas_20260330-183526/best_model_1.pth
2026-03-30 18:36:19,028 INFO src.train.trainer: Last model at epoch 771 saved to checkpoints/etas_20260330-183526/last_model_1.pth
2026-03-30 18:36:19,028 INFO src.train.trainer: Epoch 772
2026-03-30 18:36:19,099 INFO src.train.trainer: New best validation loss: -5.6770, saved to checkpoints/etas_20260330-183526/best_model_1.pth
2026-03-30 18:36:19,101 INFO src.train.trainer: Last model at epoch 772 saved to checkpoints/etas_20260330-183526/last_model_1.pth
2026-03-30 18:36:19,101 INFO src.train.trainer: Epoch 773
2026-03-30 18:36:19,166 INFO src.train.trainer: New best validation loss: -5.6771, saved to checkpoints/etas_20260330-183526/best_model_1.pth
2026-03-30 18:36:19,168 INFO src.train.trainer: Last model at epoch 773 saved to checkpoints/etas_20260330-183526/last_model_1.pth
2026-03-30 18:36:19,168 INFO src.train.trainer: Epoch 774
2026-03-30 18:36:19,235 INFO src.train.trainer: New best validation loss: -5.6773, saved to checkpoints/etas_20260330-183526/best_model_1.pth
2026-03-30 18:36:19,237 INFO src.train.trainer: Last model at epoch 774 saved to checkpoints/etas_20260330-183526/last_model_1.pth
2026-03-30 18:36:19,238 INFO src.train.trainer: Epoch 775
2026-03-30 18:36:19,307 INFO src.train.trainer: New best validation loss: -5.6774, saved to checkpoints/etas_20260330-183526/best_model_1.pth
2026-03-30 18:36:19,309 INFO src.train.trainer: Last model at epoch 775 saved to checkpoints/etas_20260330-183526/last_model_1.pth
2026-03-30 18:36:19,309 INFO src.train.trainer: Epoch 776
2026-03-30 18:36:19,373 INFO src.train.trainer: New best validation loss: -5.6776, saved to checkpoints/etas_20260330-183526/best_model_1.pth
2026-03-30 18:36:19,375 INFO src.train.trainer: Last model at epoch 776 saved to checkpoints/etas_20260330-183526/last_model_1.pth
2026-03-30 18:36:19,375 INFO src.train.trainer: Epoch 777
2026-03-30 18:36:19,442 INFO src.train.trainer: New best validation loss: -5.6777, saved to checkpoints/etas_20260330-183526/best_model_1.pth
2026-03-30 18:36:19,444 INFO src.train.trainer: Last model at epoch 777 saved to checkpoints/etas_20260330-183526/last_model_1.pth
2026-03-30 18:36:19,444 INFO src.train.trainer: Epoch 778
2026-03-30 18:36:19,513 INFO src.train.trainer: New best validation loss: -5.6779, saved to checkpoints/etas_20260330-183526/best_model_1.pth
2026-03-30 18:36:19,516 INFO src.train.trainer: Last model at epoch 778 saved to checkpoints/etas_20260330-183526/last_model_1.pth
2026-03-30 18:36:19,516 INFO src.train.trainer: Epoch 779
2026-03-30 18:36:19,582 INFO src.train.trainer: New best validation loss: -5.6780, saved to checkpoints/etas_20260330-183526/best_model_1.pth
2026-03-30 18:36:19,584 INFO src.train.trainer: Last model at epoch 779 saved to checkpoints/etas_20260330-183526/last_model_1.pth
2026-03-30 18:36:19,584 INFO src.train.trainer: Epoch 780
2026-03-30 18:36:19,647 INFO src.train.trainer: New best validation loss: -5.6782, saved to checkpoints/etas_20260330-183526/best_model_1.pth
2026-03-30 18:36:19,649 INFO src.train.trainer: Last model at epoch 780 saved to checkpoints/etas_20260330-183526/last_model_1.pth
2026-03-30 18:36:19,649 INFO src.train.trainer: Epoch 781
2026-03-30 18:36:19,718 INFO src.train.trainer: New best validation loss: -5.6783, saved to checkpoints/etas_20260330-183526/best_model_1.pth
2026-03-30 18:36:19,720 INFO src.train.trainer: Last model at epoch 781 saved to checkpoints/etas_20260330-183526/last_model_1.pth
2026-03-30 18:36:19,720 INFO src.train.trainer: Epoch 782
2026-03-30 18:36:19,784 INFO src.train.trainer: New best validation loss: -5.6784, saved to checkpoints/etas_20260330-183526/best_model_1.pth
2026-03-30 18:36:19,786 INFO src.train.trainer: Last model at epoch 782 saved to checkpoints/etas_20260330-183526/last_model_1.pth
2026-03-30 18:36:19,786 INFO src.train.trainer: Epoch 783
2026-03-30 18:36:19,851 INFO src.train.trainer: New best validation loss: -5.6786, saved to checkpoints/etas_20260330-183526/best_model_1.pth
2026-03-30 18:36:19,853 INFO src.train.trainer: Last model at epoch 783 saved to checkpoints/etas_20260330-183526/last_model_1.pth
2026-03-30 18:36:19,853 INFO src.train.trainer: Epoch 784
2026-03-30 18:36:19,922 INFO src.train.trainer: New best validation loss: -5.6787, saved to checkpoints/etas_20260330-183526/best_model_1.pth
2026-03-30 18:36:19,924 INFO src.train.trainer: Last model at epoch 784 saved to checkpoints/etas_20260330-183526/last_model_1.pth
2026-03-30 18:36:19,924 INFO src.train.trainer: Epoch 785
2026-03-30 18:36:19,989 INFO src.train.trainer: New best validation loss: -5.6789, saved to checkpoints/etas_20260330-183526/best_model_1.pth
2026-03-30 18:36:19,991 INFO src.train.trainer: Last model at epoch 785 saved to checkpoints/etas_20260330-183526/last_model_1.pth
2026-03-30 18:36:19,991 INFO src.train.trainer: Epoch 786
2026-03-30 18:36:20,058 INFO src.train.trainer: New best validation loss: -5.6790, saved to checkpoints/etas_20260330-183526/best_model_1.pth
2026-03-30 18:36:20,060 INFO src.train.trainer: Last model at epoch 786 saved to checkpoints/etas_20260330-183526/last_model_1.pth
2026-03-30 18:36:20,060 INFO src.train.trainer: Epoch 787
2026-03-30 18:36:20,132 INFO src.train.trainer: New best validation loss: -5.6792, saved to checkpoints/etas_20260330-183526/best_model_1.pth
2026-03-30 18:36:20,134 INFO src.train.trainer: Last model at epoch 787 saved to checkpoints/etas_20260330-183526/last_model_1.pth
2026-03-30 18:36:20,134 INFO src.train.trainer: Epoch 788
2026-03-30 18:36:20,199 INFO src.train.trainer: New best validation loss: -5.6793, saved to checkpoints/etas_20260330-183526/best_model_1.pth
2026-03-30 18:36:20,201 INFO src.train.trainer: Last model at epoch 788 saved to checkpoints/etas_20260330-183526/last_model_1.pth
2026-03-30 18:36:20,201 INFO src.train.trainer: Epoch 789
2026-03-30 18:36:20,268 INFO src.train.trainer: New best validation loss: -5.6795, saved to checkpoints/etas_20260330-183526/best_model_1.pth
2026-03-30 18:36:20,271 INFO src.train.trainer: Last model at epoch 789 saved to checkpoints/etas_20260330-183526/last_model_1.pth
2026-03-30 18:36:20,271 INFO src.train.trainer: Epoch 790
2026-03-30 18:36:20,342 INFO src.train.trainer: New best validation loss: -5.6797, saved to checkpoints/etas_20260330-183526/best_model_1.pth
2026-03-30 18:36:20,344 INFO src.train.trainer: Last model at epoch 790 saved to checkpoints/etas_20260330-183526/last_model_1.pth
2026-03-30 18:36:20,345 INFO src.train.trainer: Epoch 791
2026-03-30 18:36:20,411 INFO src.train.trainer: New best validation loss: -5.6798, saved to checkpoints/etas_20260330-183526/best_model_1.pth
2026-03-30 18:36:20,413 INFO src.train.trainer: Last model at epoch 791 saved to checkpoints/etas_20260330-183526/last_model_1.pth
2026-03-30 18:36:20,413 INFO src.train.trainer: Epoch 792
2026-03-30 18:36:20,481 INFO src.train.trainer: New best validation loss: -5.6800, saved to checkpoints/etas_20260330-183526/best_model_1.pth
2026-03-30 18:36:20,483 INFO src.train.trainer: Last model at epoch 792 saved to checkpoints/etas_20260330-183526/last_model_1.pth
2026-03-30 18:36:20,483 INFO src.train.trainer: Epoch 793
2026-03-30 18:36:20,551 INFO src.train.trainer: New best validation loss: -5.6801, saved to checkpoints/etas_20260330-183526/best_model_1.pth
2026-03-30 18:36:20,553 INFO src.train.trainer: Last model at epoch 793 saved to checkpoints/etas_20260330-183526/last_model_1.pth
2026-03-30 18:36:20,553 INFO src.train.trainer: Epoch 794
2026-03-30 18:36:20,619 INFO src.train.trainer: New best validation loss: -5.6803, saved to checkpoints/etas_20260330-183526/best_model_1.pth
2026-03-30 18:36:20,621 INFO src.train.trainer: Last model at epoch 794 saved to checkpoints/etas_20260330-183526/last_model_1.pth
2026-03-30 18:36:20,621 INFO src.train.trainer: Epoch 795
2026-03-30 18:36:20,692 INFO src.train.trainer: New best validation loss: -5.6804, saved to checkpoints/etas_20260330-183526/best_model_1.pth
2026-03-30 18:36:20,694 INFO src.train.trainer: Last model at epoch 795 saved to checkpoints/etas_20260330-183526/last_model_1.pth
2026-03-30 18:36:20,694 INFO src.train.trainer: Epoch 796
2026-03-30 18:36:20,758 INFO src.train.trainer: New best validation loss: -5.6806, saved to checkpoints/etas_20260330-183526/best_model_1.pth
2026-03-30 18:36:20,759 INFO src.train.trainer: Last model at epoch 796 saved to checkpoints/etas_20260330-183526/last_model_1.pth
2026-03-30 18:36:20,760 INFO src.train.trainer: Epoch 797
2026-03-30 18:36:20,824 INFO src.train.trainer: New best validation loss: -5.6807, saved to checkpoints/etas_20260330-183526/best_model_1.pth
2026-03-30 18:36:20,826 INFO src.train.trainer: Last model at epoch 797 saved to checkpoints/etas_20260330-183526/last_model_1.pth
2026-03-30 18:36:20,826 INFO src.train.trainer: Epoch 798
2026-03-30 18:36:20,893 INFO src.train.trainer: New best validation loss: -5.6809, saved to checkpoints/etas_20260330-183526/best_model_1.pth
2026-03-30 18:36:20,895 INFO src.train.trainer: Last model at epoch 798 saved to checkpoints/etas_20260330-183526/last_model_1.pth
2026-03-30 18:36:20,895 INFO src.train.trainer: Epoch 799
2026-03-30 18:36:20,960 INFO src.train.trainer: New best validation loss: -5.6810, saved to checkpoints/etas_20260330-183526/best_model_1.pth
2026-03-30 18:36:20,962 INFO src.train.trainer: Last model at epoch 799 saved to checkpoints/etas_20260330-183526/last_model_1.pth
2026-03-30 18:36:20,962 INFO src.train.trainer: Epoch 800
2026-03-30 18:36:21,030 INFO src.train.trainer: New best validation loss: -5.6811, saved to checkpoints/etas_20260330-183526/best_model_1.pth
2026-03-30 18:36:21,032 INFO src.train.trainer: Last model at epoch 800 saved to checkpoints/etas_20260330-183526/last_model_1.pth
2026-03-30 18:36:21,032 INFO src.train.trainer: Epoch 801
2026-03-30 18:36:21,100 INFO src.train.trainer: New best validation loss: -5.6813, saved to checkpoints/etas_20260330-183526/best_model_1.pth
2026-03-30 18:36:21,102 INFO src.train.trainer: Last model at epoch 801 saved to checkpoints/etas_20260330-183526/last_model_1.pth
2026-03-30 18:36:21,102 INFO src.train.trainer: Epoch 802
2026-03-30 18:36:21,168 INFO src.train.trainer: New best validation loss: -5.6814, saved to checkpoints/etas_20260330-183526/best_model_1.pth
2026-03-30 18:36:21,170 INFO src.train.trainer: Last model at epoch 802 saved to checkpoints/etas_20260330-183526/last_model_1.pth
2026-03-30 18:36:21,170 INFO src.train.trainer: Epoch 803
2026-03-30 18:36:21,236 INFO src.train.trainer: New best validation loss: -5.6816, saved to checkpoints/etas_20260330-183526/best_model_1.pth
2026-03-30 18:36:21,238 INFO src.train.trainer: Last model at epoch 803 saved to checkpoints/etas_20260330-183526/last_model_1.pth
2026-03-30 18:36:21,238 INFO src.train.trainer: Epoch 804
2026-03-30 18:36:21,306 INFO src.train.trainer: New best validation loss: -5.6817, saved to checkpoints/etas_20260330-183526/best_model_1.pth
2026-03-30 18:36:21,308 INFO src.train.trainer: Last model at epoch 804 saved to checkpoints/etas_20260330-183526/last_model_1.pth
2026-03-30 18:36:21,308 INFO src.train.trainer: Epoch 805
2026-03-30 18:36:21,374 INFO src.train.trainer: New best validation loss: -5.6818, saved to checkpoints/etas_20260330-183526/best_model_1.pth
2026-03-30 18:36:21,376 INFO src.train.trainer: Last model at epoch 805 saved to checkpoints/etas_20260330-183526/last_model_1.pth
2026-03-30 18:36:21,376 INFO src.train.trainer: Epoch 806
2026-03-30 18:36:21,442 INFO src.train.trainer: New best validation loss: -5.6820, saved to checkpoints/etas_20260330-183526/best_model_1.pth
2026-03-30 18:36:21,444 INFO src.train.trainer: Last model at epoch 806 saved to checkpoints/etas_20260330-183526/last_model_1.pth
2026-03-30 18:36:21,444 INFO src.train.trainer: Epoch 807
2026-03-30 18:36:21,511 INFO src.train.trainer: New best validation loss: -5.6821, saved to checkpoints/etas_20260330-183526/best_model_1.pth
2026-03-30 18:36:21,513 INFO src.train.trainer: Last model at epoch 807 saved to checkpoints/etas_20260330-183526/last_model_1.pth
2026-03-30 18:36:21,513 INFO src.train.trainer: Epoch 808
2026-03-30 18:36:21,577 INFO src.train.trainer: New best validation loss: -5.6822, saved to checkpoints/etas_20260330-183526/best_model_1.pth
2026-03-30 18:36:21,579 INFO src.train.trainer: Last model at epoch 808 saved to checkpoints/etas_20260330-183526/last_model_1.pth
2026-03-30 18:36:21,579 INFO src.train.trainer: Epoch 809
2026-03-30 18:36:21,644 INFO src.train.trainer: New best validation loss: -5.6824, saved to checkpoints/etas_20260330-183526/best_model_1.pth
2026-03-30 18:36:21,647 INFO src.train.trainer: Last model at epoch 809 saved to checkpoints/etas_20260330-183526/last_model_1.pth
2026-03-30 18:36:21,647 INFO src.train.trainer: Epoch 810
2026-03-30 18:36:21,710 INFO src.train.trainer: New best validation loss: -5.6825, saved to checkpoints/etas_20260330-183526/best_model_1.pth
2026-03-30 18:36:21,712 INFO src.train.trainer: Last model at epoch 810 saved to checkpoints/etas_20260330-183526/last_model_1.pth
2026-03-30 18:36:21,713 INFO src.train.trainer: Epoch 811
2026-03-30 18:36:21,779 INFO src.train.trainer: New best validation loss: -5.6826, saved to checkpoints/etas_20260330-183526/best_model_1.pth
2026-03-30 18:36:21,781 INFO src.train.trainer: Last model at epoch 811 saved to checkpoints/etas_20260330-183526/last_model_1.pth
2026-03-30 18:36:21,782 INFO src.train.trainer: Epoch 812
2026-03-30 18:36:21,845 INFO src.train.trainer: New best validation loss: -5.6828, saved to checkpoints/etas_20260330-183526/best_model_1.pth
2026-03-30 18:36:21,847 INFO src.train.trainer: Last model at epoch 812 saved to checkpoints/etas_20260330-183526/last_model_1.pth
2026-03-30 18:36:21,847 INFO src.train.trainer: Epoch 813
2026-03-30 18:36:21,912 INFO src.train.trainer: New best validation loss: -5.6829, saved to checkpoints/etas_20260330-183526/best_model_1.pth
2026-03-30 18:36:21,914 INFO src.train.trainer: Last model at epoch 813 saved to checkpoints/etas_20260330-183526/last_model_1.pth
2026-03-30 18:36:21,914 INFO src.train.trainer: Epoch 814
2026-03-30 18:36:21,976 INFO src.train.trainer: New best validation loss: -5.6831, saved to checkpoints/etas_20260330-183526/best_model_1.pth
2026-03-30 18:36:21,979 INFO src.train.trainer: Last model at epoch 814 saved to checkpoints/etas_20260330-183526/last_model_1.pth
2026-03-30 18:36:21,979 INFO src.train.trainer: Epoch 815
2026-03-30 18:36:22,042 INFO src.train.trainer: New best validation loss: -5.6832, saved to checkpoints/etas_20260330-183526/best_model_1.pth
2026-03-30 18:36:22,044 INFO src.train.trainer: Last model at epoch 815 saved to checkpoints/etas_20260330-183526/last_model_1.pth
2026-03-30 18:36:22,045 INFO src.train.trainer: Epoch 816
2026-03-30 18:36:22,107 INFO src.train.trainer: New best validation loss: -5.6834, saved to checkpoints/etas_20260330-183526/best_model_1.pth
2026-03-30 18:36:22,109 INFO src.train.trainer: Last model at epoch 816 saved to checkpoints/etas_20260330-183526/last_model_1.pth
2026-03-30 18:36:22,109 INFO src.train.trainer: Epoch 817
2026-03-30 18:36:22,170 INFO src.train.trainer: New best validation loss: -5.6835, saved to checkpoints/etas_20260330-183526/best_model_1.pth
2026-03-30 18:36:22,172 INFO src.train.trainer: Last model at epoch 817 saved to checkpoints/etas_20260330-183526/last_model_1.pth
2026-03-30 18:36:22,172 INFO src.train.trainer: Epoch 818
2026-03-30 18:36:22,236 INFO src.train.trainer: New best validation loss: -5.6837, saved to checkpoints/etas_20260330-183526/best_model_1.pth
2026-03-30 18:36:22,238 INFO src.train.trainer: Last model at epoch 818 saved to checkpoints/etas_20260330-183526/last_model_1.pth
2026-03-30 18:36:22,238 INFO src.train.trainer: Epoch 819
2026-03-30 18:36:22,305 INFO src.train.trainer: New best validation loss: -5.6839, saved to checkpoints/etas_20260330-183526/best_model_1.pth
2026-03-30 18:36:22,307 INFO src.train.trainer: Last model at epoch 819 saved to checkpoints/etas_20260330-183526/last_model_1.pth
2026-03-30 18:36:22,308 INFO src.train.trainer: Epoch 820
2026-03-30 18:36:22,370 INFO src.train.trainer: New best validation loss: -5.6840, saved to checkpoints/etas_20260330-183526/best_model_1.pth
2026-03-30 18:36:22,372 INFO src.train.trainer: Last model at epoch 820 saved to checkpoints/etas_20260330-183526/last_model_1.pth
2026-03-30 18:36:22,372 INFO src.train.trainer: Epoch 821
2026-03-30 18:36:22,435 INFO src.train.trainer: New best validation loss: -5.6842, saved to checkpoints/etas_20260330-183526/best_model_1.pth
2026-03-30 18:36:22,438 INFO src.train.trainer: Last model at epoch 821 saved to checkpoints/etas_20260330-183526/last_model_1.pth
2026-03-30 18:36:22,438 INFO src.train.trainer: Epoch 822
2026-03-30 18:36:22,508 INFO src.train.trainer: New best validation loss: -5.6844, saved to checkpoints/etas_20260330-183526/best_model_1.pth
2026-03-30 18:36:22,510 INFO src.train.trainer: Last model at epoch 822 saved to checkpoints/etas_20260330-183526/last_model_1.pth
2026-03-30 18:36:22,510 INFO src.train.trainer: Epoch 823
2026-03-30 18:36:22,579 INFO src.train.trainer: New best validation loss: -5.6845, saved to checkpoints/etas_20260330-183526/best_model_1.pth
2026-03-30 18:36:22,581 INFO src.train.trainer: Last model at epoch 823 saved to checkpoints/etas_20260330-183526/last_model_1.pth
2026-03-30 18:36:22,581 INFO src.train.trainer: Epoch 824
2026-03-30 18:36:22,643 INFO src.train.trainer: New best validation loss: -5.6847, saved to checkpoints/etas_20260330-183526/best_model_1.pth
2026-03-30 18:36:22,645 INFO src.train.trainer: Last model at epoch 824 saved to checkpoints/etas_20260330-183526/last_model_1.pth
2026-03-30 18:36:22,645 INFO src.train.trainer: Epoch 825
2026-03-30 18:36:22,706 INFO src.train.trainer: New best validation loss: -5.6849, saved to checkpoints/etas_20260330-183526/best_model_1.pth
2026-03-30 18:36:22,709 INFO src.train.trainer: Last model at epoch 825 saved to checkpoints/etas_20260330-183526/last_model_1.pth
2026-03-30 18:36:22,709 INFO src.train.trainer: Epoch 826
2026-03-30 18:36:22,770 INFO src.train.trainer: New best validation loss: -5.6850, saved to checkpoints/etas_20260330-183526/best_model_1.pth
2026-03-30 18:36:22,772 INFO src.train.trainer: Last model at epoch 826 saved to checkpoints/etas_20260330-183526/last_model_1.pth
2026-03-30 18:36:22,772 INFO src.train.trainer: Epoch 827
2026-03-30 18:36:22,833 INFO src.train.trainer: New best validation loss: -5.6852, saved to checkpoints/etas_20260330-183526/best_model_1.pth
2026-03-30 18:36:22,835 INFO src.train.trainer: Last model at epoch 827 saved to checkpoints/etas_20260330-183526/last_model_1.pth
2026-03-30 18:36:22,835 INFO src.train.trainer: Epoch 828
2026-03-30 18:36:22,897 INFO src.train.trainer: New best validation loss: -5.6854, saved to checkpoints/etas_20260330-183526/best_model_1.pth
2026-03-30 18:36:22,899 INFO src.train.trainer: Last model at epoch 828 saved to checkpoints/etas_20260330-183526/last_model_1.pth
2026-03-30 18:36:22,900 INFO src.train.trainer: Epoch 829
2026-03-30 18:36:22,964 INFO src.train.trainer: New best validation loss: -5.6855, saved to checkpoints/etas_20260330-183526/best_model_1.pth
2026-03-30 18:36:22,967 INFO src.train.trainer: Last model at epoch 829 saved to checkpoints/etas_20260330-183526/last_model_1.pth
2026-03-30 18:36:22,967 INFO src.train.trainer: Epoch 830
2026-03-30 18:36:23,034 INFO src.train.trainer: New best validation loss: -5.6857, saved to checkpoints/etas_20260330-183526/best_model_1.pth
2026-03-30 18:36:23,036 INFO src.train.trainer: Last model at epoch 830 saved to checkpoints/etas_20260330-183526/last_model_1.pth
2026-03-30 18:36:23,036 INFO src.train.trainer: Epoch 831
2026-03-30 18:36:23,108 INFO src.train.trainer: New best validation loss: -5.6858, saved to checkpoints/etas_20260330-183526/best_model_1.pth
2026-03-30 18:36:23,111 INFO src.train.trainer: Last model at epoch 831 saved to checkpoints/etas_20260330-183526/last_model_1.pth
2026-03-30 18:36:23,111 INFO src.train.trainer: Epoch 832
2026-03-30 18:36:23,176 INFO src.train.trainer: New best validation loss: -5.6860, saved to checkpoints/etas_20260330-183526/best_model_1.pth
2026-03-30 18:36:23,178 INFO src.train.trainer: Last model at epoch 832 saved to checkpoints/etas_20260330-183526/last_model_1.pth
2026-03-30 18:36:23,178 INFO src.train.trainer: Epoch 833
2026-03-30 18:36:23,241 INFO src.train.trainer: New best validation loss: -5.6861, saved to checkpoints/etas_20260330-183526/best_model_1.pth
2026-03-30 18:36:23,243 INFO src.train.trainer: Last model at epoch 833 saved to checkpoints/etas_20260330-183526/last_model_1.pth
2026-03-30 18:36:23,243 INFO src.train.trainer: Epoch 834
2026-03-30 18:36:23,308 INFO src.train.trainer: New best validation loss: -5.6863, saved to checkpoints/etas_20260330-183526/best_model_1.pth
2026-03-30 18:36:23,311 INFO src.train.trainer: Last model at epoch 834 saved to checkpoints/etas_20260330-183526/last_model_1.pth
2026-03-30 18:36:23,312 INFO src.train.trainer: Epoch 835
2026-03-30 18:36:23,378 INFO src.train.trainer: New best validation loss: -5.6864, saved to checkpoints/etas_20260330-183526/best_model_1.pth
2026-03-30 18:36:23,380 INFO src.train.trainer: Last model at epoch 835 saved to checkpoints/etas_20260330-183526/last_model_1.pth
2026-03-30 18:36:23,380 INFO src.train.trainer: Epoch 836
2026-03-30 18:36:23,446 INFO src.train.trainer: New best validation loss: -5.6866, saved to checkpoints/etas_20260330-183526/best_model_1.pth
2026-03-30 18:36:23,448 INFO src.train.trainer: Last model at epoch 836 saved to checkpoints/etas_20260330-183526/last_model_1.pth
2026-03-30 18:36:23,448 INFO src.train.trainer: Epoch 837
2026-03-30 18:36:23,513 INFO src.train.trainer: New best validation loss: -5.6867, saved to checkpoints/etas_20260330-183526/best_model_1.pth
2026-03-30 18:36:23,515 INFO src.train.trainer: Last model at epoch 837 saved to checkpoints/etas_20260330-183526/last_model_1.pth
2026-03-30 18:36:23,515 INFO src.train.trainer: Epoch 838
2026-03-30 18:36:23,597 INFO src.train.trainer: New best validation loss: -5.6868, saved to checkpoints/etas_20260330-183526/best_model_1.pth
2026-03-30 18:36:23,600 INFO src.train.trainer: Last model at epoch 838 saved to checkpoints/etas_20260330-183526/last_model_1.pth
2026-03-30 18:36:23,600 INFO src.train.trainer: Epoch 839
2026-03-30 18:36:23,662 INFO src.train.trainer: New best validation loss: -5.6870, saved to checkpoints/etas_20260330-183526/best_model_1.pth
2026-03-30 18:36:23,664 INFO src.train.trainer: Last model at epoch 839 saved to checkpoints/etas_20260330-183526/last_model_1.pth
2026-03-30 18:36:23,664 INFO src.train.trainer: Epoch 840
2026-03-30 18:36:23,722 INFO src.train.trainer: New best validation loss: -5.6871, saved to checkpoints/etas_20260330-183526/best_model_1.pth
2026-03-30 18:36:23,723 INFO src.train.trainer: Last model at epoch 840 saved to checkpoints/etas_20260330-183526/last_model_1.pth
2026-03-30 18:36:23,724 INFO src.train.trainer: Epoch 841
2026-03-30 18:36:23,784 INFO src.train.trainer: New best validation loss: -5.6873, saved to checkpoints/etas_20260330-183526/best_model_1.pth
2026-03-30 18:36:23,786 INFO src.train.trainer: Last model at epoch 841 saved to checkpoints/etas_20260330-183526/last_model_1.pth
2026-03-30 18:36:23,786 INFO src.train.trainer: Epoch 842
2026-03-30 18:36:23,844 INFO src.train.trainer: New best validation loss: -5.6874, saved to checkpoints/etas_20260330-183526/best_model_1.pth
2026-03-30 18:36:23,846 INFO src.train.trainer: Last model at epoch 842 saved to checkpoints/etas_20260330-183526/last_model_1.pth
2026-03-30 18:36:23,846 INFO src.train.trainer: Epoch 843
2026-03-30 18:36:23,906 INFO src.train.trainer: New best validation loss: -5.6876, saved to checkpoints/etas_20260330-183526/best_model_1.pth
2026-03-30 18:36:23,908 INFO src.train.trainer: Last model at epoch 843 saved to checkpoints/etas_20260330-183526/last_model_1.pth
2026-03-30 18:36:23,908 INFO src.train.trainer: Epoch 844
2026-03-30 18:36:23,970 INFO src.train.trainer: New best validation loss: -5.6877, saved to checkpoints/etas_20260330-183526/best_model_1.pth
2026-03-30 18:36:23,972 INFO src.train.trainer: Last model at epoch 844 saved to checkpoints/etas_20260330-183526/last_model_1.pth
2026-03-30 18:36:23,972 INFO src.train.trainer: Epoch 845
2026-03-30 18:36:24,029 INFO src.train.trainer: New best validation loss: -5.6879, saved to checkpoints/etas_20260330-183526/best_model_1.pth
2026-03-30 18:36:24,031 INFO src.train.trainer: Last model at epoch 845 saved to checkpoints/etas_20260330-183526/last_model_1.pth
2026-03-30 18:36:24,031 INFO src.train.trainer: Epoch 846
2026-03-30 18:36:24,091 INFO src.train.trainer: New best validation loss: -5.6880, saved to checkpoints/etas_20260330-183526/best_model_1.pth
2026-03-30 18:36:24,093 INFO src.train.trainer: Last model at epoch 846 saved to checkpoints/etas_20260330-183526/last_model_1.pth
2026-03-30 18:36:24,093 INFO src.train.trainer: Epoch 847
2026-03-30 18:36:24,162 INFO src.train.trainer: New best validation loss: -5.6881, saved to checkpoints/etas_20260330-183526/best_model_1.pth
2026-03-30 18:36:24,164 INFO src.train.trainer: Last model at epoch 847 saved to checkpoints/etas_20260330-183526/last_model_1.pth
2026-03-30 18:36:24,164 INFO src.train.trainer: Epoch 848
2026-03-30 18:36:24,215 INFO src.train.trainer: New best validation loss: -5.6882, saved to checkpoints/etas_20260330-183526/best_model_1.pth
2026-03-30 18:36:24,217 INFO src.train.trainer: Last model at epoch 848 saved to checkpoints/etas_20260330-183526/last_model_1.pth
2026-03-30 18:36:24,217 INFO src.train.trainer: Epoch 849
2026-03-30 18:36:24,271 INFO src.train.trainer: New best validation loss: -5.6884, saved to checkpoints/etas_20260330-183526/best_model_1.pth
2026-03-30 18:36:24,273 INFO src.train.trainer: Last model at epoch 849 saved to checkpoints/etas_20260330-183526/last_model_1.pth
2026-03-30 18:36:24,273 INFO src.train.trainer: Epoch 850
2026-03-30 18:36:24,325 INFO src.train.trainer: New best validation loss: -5.6885, saved to checkpoints/etas_20260330-183526/best_model_1.pth
2026-03-30 18:36:24,327 INFO src.train.trainer: Last model at epoch 850 saved to checkpoints/etas_20260330-183526/last_model_1.pth
2026-03-30 18:36:24,327 INFO src.train.trainer: Epoch 851
2026-03-30 18:36:24,384 INFO src.train.trainer: New best validation loss: -5.6886, saved to checkpoints/etas_20260330-183526/best_model_1.pth
2026-03-30 18:36:24,386 INFO src.train.trainer: Last model at epoch 851 saved to checkpoints/etas_20260330-183526/last_model_1.pth
2026-03-30 18:36:24,386 INFO src.train.trainer: Epoch 852
2026-03-30 18:36:24,441 INFO src.train.trainer: New best validation loss: -5.6887, saved to checkpoints/etas_20260330-183526/best_model_1.pth
2026-03-30 18:36:24,443 INFO src.train.trainer: Last model at epoch 852 saved to checkpoints/etas_20260330-183526/last_model_1.pth
2026-03-30 18:36:24,443 INFO src.train.trainer: Epoch 853
2026-03-30 18:36:24,500 INFO src.train.trainer: New best validation loss: -5.6889, saved to checkpoints/etas_20260330-183526/best_model_1.pth
2026-03-30 18:36:24,502 INFO src.train.trainer: Last model at epoch 853 saved to checkpoints/etas_20260330-183526/last_model_1.pth
2026-03-30 18:36:24,502 INFO src.train.trainer: Epoch 854
2026-03-30 18:36:24,560 INFO src.train.trainer: New best validation loss: -5.6890, saved to checkpoints/etas_20260330-183526/best_model_1.pth
2026-03-30 18:36:24,562 INFO src.train.trainer: Last model at epoch 854 saved to checkpoints/etas_20260330-183526/last_model_1.pth
2026-03-30 18:36:24,562 INFO src.train.trainer: Epoch 855
2026-03-30 18:36:24,622 INFO src.train.trainer: New best validation loss: -5.6891, saved to checkpoints/etas_20260330-183526/best_model_1.pth
2026-03-30 18:36:24,623 INFO src.train.trainer: Last model at epoch 855 saved to checkpoints/etas_20260330-183526/last_model_1.pth
2026-03-30 18:36:24,623 INFO src.train.trainer: Epoch 856
2026-03-30 18:36:24,682 INFO src.train.trainer: New best validation loss: -5.6893, saved to checkpoints/etas_20260330-183526/best_model_1.pth
2026-03-30 18:36:24,684 INFO src.train.trainer: Last model at epoch 856 saved to checkpoints/etas_20260330-183526/last_model_1.pth
2026-03-30 18:36:24,684 INFO src.train.trainer: Epoch 857
2026-03-30 18:36:24,742 INFO src.train.trainer: New best validation loss: -5.6894, saved to checkpoints/etas_20260330-183526/best_model_1.pth
2026-03-30 18:36:24,744 INFO src.train.trainer: Last model at epoch 857 saved to checkpoints/etas_20260330-183526/last_model_1.pth
2026-03-30 18:36:24,744 INFO src.train.trainer: Epoch 858
2026-03-30 18:36:24,804 INFO src.train.trainer: New best validation loss: -5.6896, saved to checkpoints/etas_20260330-183526/best_model_1.pth
2026-03-30 18:36:24,806 INFO src.train.trainer: Last model at epoch 858 saved to checkpoints/etas_20260330-183526/last_model_1.pth
2026-03-30 18:36:24,806 INFO src.train.trainer: Epoch 859
2026-03-30 18:36:24,865 INFO src.train.trainer: New best validation loss: -5.6897, saved to checkpoints/etas_20260330-183526/best_model_1.pth
2026-03-30 18:36:24,868 INFO src.train.trainer: Last model at epoch 859 saved to checkpoints/etas_20260330-183526/last_model_1.pth
2026-03-30 18:36:24,868 INFO src.train.trainer: Epoch 860
2026-03-30 18:36:24,933 INFO src.train.trainer: New best validation loss: -5.6899, saved to checkpoints/etas_20260330-183526/best_model_1.pth
2026-03-30 18:36:24,935 INFO src.train.trainer: Last model at epoch 860 saved to checkpoints/etas_20260330-183526/last_model_1.pth
2026-03-30 18:36:24,936 INFO src.train.trainer: Epoch 861
2026-03-30 18:36:25,000 INFO src.train.trainer: New best validation loss: -5.6900, saved to checkpoints/etas_20260330-183526/best_model_1.pth
2026-03-30 18:36:25,002 INFO src.train.trainer: Last model at epoch 861 saved to checkpoints/etas_20260330-183526/last_model_1.pth
2026-03-30 18:36:25,002 INFO src.train.trainer: Epoch 862
2026-03-30 18:36:25,069 INFO src.train.trainer: New best validation loss: -5.6902, saved to checkpoints/etas_20260330-183526/best_model_1.pth
2026-03-30 18:36:25,071 INFO src.train.trainer: Last model at epoch 862 saved to checkpoints/etas_20260330-183526/last_model_1.pth
2026-03-30 18:36:25,071 INFO src.train.trainer: Epoch 863
2026-03-30 18:36:25,137 INFO src.train.trainer: New best validation loss: -5.6904, saved to checkpoints/etas_20260330-183526/best_model_1.pth
2026-03-30 18:36:25,139 INFO src.train.trainer: Last model at epoch 863 saved to checkpoints/etas_20260330-183526/last_model_1.pth
2026-03-30 18:36:25,139 INFO src.train.trainer: Epoch 864
2026-03-30 18:36:25,203 INFO src.train.trainer: New best validation loss: -5.6906, saved to checkpoints/etas_20260330-183526/best_model_1.pth
2026-03-30 18:36:25,205 INFO src.train.trainer: Last model at epoch 864 saved to checkpoints/etas_20260330-183526/last_model_1.pth
2026-03-30 18:36:25,206 INFO src.train.trainer: Epoch 865
2026-03-30 18:36:25,273 INFO src.train.trainer: New best validation loss: -5.6907, saved to checkpoints/etas_20260330-183526/best_model_1.pth
2026-03-30 18:36:25,275 INFO src.train.trainer: Last model at epoch 865 saved to checkpoints/etas_20260330-183526/last_model_1.pth
2026-03-30 18:36:25,275 INFO src.train.trainer: Epoch 866
2026-03-30 18:36:25,338 INFO src.train.trainer: New best validation loss: -5.6909, saved to checkpoints/etas_20260330-183526/best_model_1.pth
2026-03-30 18:36:25,340 INFO src.train.trainer: Last model at epoch 866 saved to checkpoints/etas_20260330-183526/last_model_1.pth
2026-03-30 18:36:25,341 INFO src.train.trainer: Epoch 867
2026-03-30 18:36:25,406 INFO src.train.trainer: New best validation loss: -5.6911, saved to checkpoints/etas_20260330-183526/best_model_1.pth
2026-03-30 18:36:25,408 INFO src.train.trainer: Last model at epoch 867 saved to checkpoints/etas_20260330-183526/last_model_1.pth
2026-03-30 18:36:25,408 INFO src.train.trainer: Epoch 868
2026-03-30 18:36:25,478 INFO src.train.trainer: New best validation loss: -5.6912, saved to checkpoints/etas_20260330-183526/best_model_1.pth
2026-03-30 18:36:25,480 INFO src.train.trainer: Last model at epoch 868 saved to checkpoints/etas_20260330-183526/last_model_1.pth
2026-03-30 18:36:25,480 INFO src.train.trainer: Epoch 869
2026-03-30 18:36:25,545 INFO src.train.trainer: New best validation loss: -5.6914, saved to checkpoints/etas_20260330-183526/best_model_1.pth
2026-03-30 18:36:25,547 INFO src.train.trainer: Last model at epoch 869 saved to checkpoints/etas_20260330-183526/last_model_1.pth
2026-03-30 18:36:25,547 INFO src.train.trainer: Epoch 870
2026-03-30 18:36:25,613 INFO src.train.trainer: New best validation loss: -5.6916, saved to checkpoints/etas_20260330-183526/best_model_1.pth
2026-03-30 18:36:25,615 INFO src.train.trainer: Last model at epoch 870 saved to checkpoints/etas_20260330-183526/last_model_1.pth
2026-03-30 18:36:25,615 INFO src.train.trainer: Epoch 871
2026-03-30 18:36:25,680 INFO src.train.trainer: New best validation loss: -5.6918, saved to checkpoints/etas_20260330-183526/best_model_1.pth
2026-03-30 18:36:25,682 INFO src.train.trainer: Last model at epoch 871 saved to checkpoints/etas_20260330-183526/last_model_1.pth
2026-03-30 18:36:25,682 INFO src.train.trainer: Epoch 872
2026-03-30 18:36:25,754 INFO src.train.trainer: New best validation loss: -5.6919, saved to checkpoints/etas_20260330-183526/best_model_1.pth
2026-03-30 18:36:25,756 INFO src.train.trainer: Last model at epoch 872 saved to checkpoints/etas_20260330-183526/last_model_1.pth
2026-03-30 18:36:25,756 INFO src.train.trainer: Epoch 873
2026-03-30 18:36:25,825 INFO src.train.trainer: New best validation loss: -5.6921, saved to checkpoints/etas_20260330-183526/best_model_1.pth
2026-03-30 18:36:25,827 INFO src.train.trainer: Last model at epoch 873 saved to checkpoints/etas_20260330-183526/last_model_1.pth
2026-03-30 18:36:25,827 INFO src.train.trainer: Epoch 874
2026-03-30 18:36:25,892 INFO src.train.trainer: New best validation loss: -5.6922, saved to checkpoints/etas_20260330-183526/best_model_1.pth
2026-03-30 18:36:25,894 INFO src.train.trainer: Last model at epoch 874 saved to checkpoints/etas_20260330-183526/last_model_1.pth
2026-03-30 18:36:25,894 INFO src.train.trainer: Epoch 875
2026-03-30 18:36:25,965 INFO src.train.trainer: New best validation loss: -5.6924, saved to checkpoints/etas_20260330-183526/best_model_1.pth
2026-03-30 18:36:25,968 INFO src.train.trainer: Last model at epoch 875 saved to checkpoints/etas_20260330-183526/last_model_1.pth
2026-03-30 18:36:25,968 INFO src.train.trainer: Epoch 876
2026-03-30 18:36:26,031 INFO src.train.trainer: New best validation loss: -5.6926, saved to checkpoints/etas_20260330-183526/best_model_1.pth
2026-03-30 18:36:26,033 INFO src.train.trainer: Last model at epoch 876 saved to checkpoints/etas_20260330-183526/last_model_1.pth
2026-03-30 18:36:26,033 INFO src.train.trainer: Epoch 877
2026-03-30 18:36:26,096 INFO src.train.trainer: New best validation loss: -5.6927, saved to checkpoints/etas_20260330-183526/best_model_1.pth
2026-03-30 18:36:26,098 INFO src.train.trainer: Last model at epoch 877 saved to checkpoints/etas_20260330-183526/last_model_1.pth
2026-03-30 18:36:26,098 INFO src.train.trainer: Epoch 878
2026-03-30 18:36:26,163 INFO src.train.trainer: New best validation loss: -5.6929, saved to checkpoints/etas_20260330-183526/best_model_1.pth
2026-03-30 18:36:26,165 INFO src.train.trainer: Last model at epoch 878 saved to checkpoints/etas_20260330-183526/last_model_1.pth
2026-03-30 18:36:26,165 INFO src.train.trainer: Epoch 879
2026-03-30 18:36:26,231 INFO src.train.trainer: New best validation loss: -5.6931, saved to checkpoints/etas_20260330-183526/best_model_1.pth
2026-03-30 18:36:26,234 INFO src.train.trainer: Last model at epoch 879 saved to checkpoints/etas_20260330-183526/last_model_1.pth
2026-03-30 18:36:26,234 INFO src.train.trainer: Epoch 880
2026-03-30 18:36:26,301 INFO src.train.trainer: New best validation loss: -5.6932, saved to checkpoints/etas_20260330-183526/best_model_1.pth
2026-03-30 18:36:26,303 INFO src.train.trainer: Last model at epoch 880 saved to checkpoints/etas_20260330-183526/last_model_1.pth
2026-03-30 18:36:26,303 INFO src.train.trainer: Epoch 881
2026-03-30 18:36:26,361 INFO src.train.trainer: New best validation loss: -5.6934, saved to checkpoints/etas_20260330-183526/best_model_1.pth
2026-03-30 18:36:26,363 INFO src.train.trainer: Last model at epoch 881 saved to checkpoints/etas_20260330-183526/last_model_1.pth
2026-03-30 18:36:26,363 INFO src.train.trainer: Epoch 882
2026-03-30 18:36:26,423 INFO src.train.trainer: New best validation loss: -5.6935, saved to checkpoints/etas_20260330-183526/best_model_1.pth
2026-03-30 18:36:26,425 INFO src.train.trainer: Last model at epoch 882 saved to checkpoints/etas_20260330-183526/last_model_1.pth
2026-03-30 18:36:26,425 INFO src.train.trainer: Epoch 883
2026-03-30 18:36:26,487 INFO src.train.trainer: New best validation loss: -5.6937, saved to checkpoints/etas_20260330-183526/best_model_1.pth
2026-03-30 18:36:26,489 INFO src.train.trainer: Last model at epoch 883 saved to checkpoints/etas_20260330-183526/last_model_1.pth
2026-03-30 18:36:26,489 INFO src.train.trainer: Epoch 884
2026-03-30 18:36:26,551 INFO src.train.trainer: New best validation loss: -5.6939, saved to checkpoints/etas_20260330-183526/best_model_1.pth
2026-03-30 18:36:26,555 INFO src.train.trainer: Last model at epoch 884 saved to checkpoints/etas_20260330-183526/last_model_1.pth
2026-03-30 18:36:26,555 INFO src.train.trainer: Epoch 885
2026-03-30 18:36:26,616 INFO src.train.trainer: New best validation loss: -5.6941, saved to checkpoints/etas_20260330-183526/best_model_1.pth
2026-03-30 18:36:26,618 INFO src.train.trainer: Last model at epoch 885 saved to checkpoints/etas_20260330-183526/last_model_1.pth
2026-03-30 18:36:26,618 INFO src.train.trainer: Epoch 886
2026-03-30 18:36:26,687 INFO src.train.trainer: New best validation loss: -5.6943, saved to checkpoints/etas_20260330-183526/best_model_1.pth
2026-03-30 18:36:26,689 INFO src.train.trainer: Last model at epoch 886 saved to checkpoints/etas_20260330-183526/last_model_1.pth
2026-03-30 18:36:26,689 INFO src.train.trainer: Epoch 887
2026-03-30 18:36:26,756 INFO src.train.trainer: New best validation loss: -5.6944, saved to checkpoints/etas_20260330-183526/best_model_1.pth
2026-03-30 18:36:26,758 INFO src.train.trainer: Last model at epoch 887 saved to checkpoints/etas_20260330-183526/last_model_1.pth
2026-03-30 18:36:26,758 INFO src.train.trainer: Epoch 888
2026-03-30 18:36:26,829 INFO src.train.trainer: New best validation loss: -5.6946, saved to checkpoints/etas_20260330-183526/best_model_1.pth
2026-03-30 18:36:26,832 INFO src.train.trainer: Last model at epoch 888 saved to checkpoints/etas_20260330-183526/last_model_1.pth
2026-03-30 18:36:26,832 INFO src.train.trainer: Epoch 889
2026-03-30 18:36:26,901 INFO src.train.trainer: New best validation loss: -5.6948, saved to checkpoints/etas_20260330-183526/best_model_1.pth
2026-03-30 18:36:26,904 INFO src.train.trainer: Last model at epoch 889 saved to checkpoints/etas_20260330-183526/last_model_1.pth
2026-03-30 18:36:26,904 INFO src.train.trainer: Epoch 890
2026-03-30 18:36:26,975 INFO src.train.trainer: New best validation loss: -5.6950, saved to checkpoints/etas_20260330-183526/best_model_1.pth
2026-03-30 18:36:26,977 INFO src.train.trainer: Last model at epoch 890 saved to checkpoints/etas_20260330-183526/last_model_1.pth
2026-03-30 18:36:26,978 INFO src.train.trainer: Epoch 891
2026-03-30 18:36:27,046 INFO src.train.trainer: New best validation loss: -5.6951, saved to checkpoints/etas_20260330-183526/best_model_1.pth
2026-03-30 18:36:27,049 INFO src.train.trainer: Last model at epoch 891 saved to checkpoints/etas_20260330-183526/last_model_1.pth
2026-03-30 18:36:27,049 INFO src.train.trainer: Epoch 892
2026-03-30 18:36:27,120 INFO src.train.trainer: New best validation loss: -5.6953, saved to checkpoints/etas_20260330-183526/best_model_1.pth
2026-03-30 18:36:27,122 INFO src.train.trainer: Last model at epoch 892 saved to checkpoints/etas_20260330-183526/last_model_1.pth
2026-03-30 18:36:27,122 INFO src.train.trainer: Epoch 893
2026-03-30 18:36:27,186 INFO src.train.trainer: New best validation loss: -5.6954, saved to checkpoints/etas_20260330-183526/best_model_1.pth
2026-03-30 18:36:27,189 INFO src.train.trainer: Last model at epoch 893 saved to checkpoints/etas_20260330-183526/last_model_1.pth
2026-03-30 18:36:27,189 INFO src.train.trainer: Epoch 894
2026-03-30 18:36:27,256 INFO src.train.trainer: New best validation loss: -5.6956, saved to checkpoints/etas_20260330-183526/best_model_1.pth
2026-03-30 18:36:27,258 INFO src.train.trainer: Last model at epoch 894 saved to checkpoints/etas_20260330-183526/last_model_1.pth
2026-03-30 18:36:27,258 INFO src.train.trainer: Epoch 895
2026-03-30 18:36:27,329 INFO src.train.trainer: New best validation loss: -5.6957, saved to checkpoints/etas_20260330-183526/best_model_1.pth
2026-03-30 18:36:27,331 INFO src.train.trainer: Last model at epoch 895 saved to checkpoints/etas_20260330-183526/last_model_1.pth
2026-03-30 18:36:27,331 INFO src.train.trainer: Epoch 896
2026-03-30 18:36:27,398 INFO src.train.trainer: New best validation loss: -5.6959, saved to checkpoints/etas_20260330-183526/best_model_1.pth
2026-03-30 18:36:27,400 INFO src.train.trainer: Last model at epoch 896 saved to checkpoints/etas_20260330-183526/last_model_1.pth
2026-03-30 18:36:27,400 INFO src.train.trainer: Epoch 897
2026-03-30 18:36:27,467 INFO src.train.trainer: New best validation loss: -5.6960, saved to checkpoints/etas_20260330-183526/best_model_1.pth
2026-03-30 18:36:27,469 INFO src.train.trainer: Last model at epoch 897 saved to checkpoints/etas_20260330-183526/last_model_1.pth
2026-03-30 18:36:27,469 INFO src.train.trainer: Epoch 898
2026-03-30 18:36:27,541 INFO src.train.trainer: New best validation loss: -5.6962, saved to checkpoints/etas_20260330-183526/best_model_1.pth
2026-03-30 18:36:27,543 INFO src.train.trainer: Last model at epoch 898 saved to checkpoints/etas_20260330-183526/last_model_1.pth
2026-03-30 18:36:27,543 INFO src.train.trainer: Epoch 899
2026-03-30 18:36:27,609 INFO src.train.trainer: New best validation loss: -5.6963, saved to checkpoints/etas_20260330-183526/best_model_1.pth
2026-03-30 18:36:27,611 INFO src.train.trainer: Last model at epoch 899 saved to checkpoints/etas_20260330-183526/last_model_1.pth
2026-03-30 18:36:27,611 INFO src.train.trainer: Epoch 900
2026-03-30 18:36:27,679 INFO src.train.trainer: New best validation loss: -5.6965, saved to checkpoints/etas_20260330-183526/best_model_1.pth
2026-03-30 18:36:27,681 INFO src.train.trainer: Last model at epoch 900 saved to checkpoints/etas_20260330-183526/last_model_1.pth
2026-03-30 18:36:27,682 INFO src.train.trainer: Epoch 901
2026-03-30 18:36:27,749 INFO src.train.trainer: New best validation loss: -5.6966, saved to checkpoints/etas_20260330-183526/best_model_1.pth
2026-03-30 18:36:27,750 INFO src.train.trainer: Last model at epoch 901 saved to checkpoints/etas_20260330-183526/last_model_1.pth
2026-03-30 18:36:27,751 INFO src.train.trainer: Epoch 902
2026-03-30 18:36:27,815 INFO src.train.trainer: New best validation loss: -5.6968, saved to checkpoints/etas_20260330-183526/best_model_1.pth
2026-03-30 18:36:27,817 INFO src.train.trainer: Last model at epoch 902 saved to checkpoints/etas_20260330-183526/last_model_1.pth
2026-03-30 18:36:27,817 INFO src.train.trainer: Epoch 903
2026-03-30 18:36:27,883 INFO src.train.trainer: New best validation loss: -5.6970, saved to checkpoints/etas_20260330-183526/best_model_1.pth
2026-03-30 18:36:27,889 INFO src.train.trainer: Last model at epoch 903 saved to checkpoints/etas_20260330-183526/last_model_1.pth
2026-03-30 18:36:27,889 INFO src.train.trainer: Epoch 904
2026-03-30 18:36:27,970 INFO src.train.trainer: New best validation loss: -5.6972, saved to checkpoints/etas_20260330-183526/best_model_1.pth
2026-03-30 18:36:27,972 INFO src.train.trainer: Last model at epoch 904 saved to checkpoints/etas_20260330-183526/last_model_1.pth
2026-03-30 18:36:27,972 INFO src.train.trainer: Epoch 905
2026-03-30 18:36:28,042 INFO src.train.trainer: New best validation loss: -5.6974, saved to checkpoints/etas_20260330-183526/best_model_1.pth
2026-03-30 18:36:28,045 INFO src.train.trainer: Last model at epoch 905 saved to checkpoints/etas_20260330-183526/last_model_1.pth
2026-03-30 18:36:28,045 INFO src.train.trainer: Epoch 906
2026-03-30 18:36:28,117 INFO src.train.trainer: New best validation loss: -5.6976, saved to checkpoints/etas_20260330-183526/best_model_1.pth
2026-03-30 18:36:28,119 INFO src.train.trainer: Last model at epoch 906 saved to checkpoints/etas_20260330-183526/last_model_1.pth
2026-03-30 18:36:28,119 INFO src.train.trainer: Epoch 907
2026-03-30 18:36:28,182 INFO src.train.trainer: New best validation loss: -5.6977, saved to checkpoints/etas_20260330-183526/best_model_1.pth
2026-03-30 18:36:28,184 INFO src.train.trainer: Last model at epoch 907 saved to checkpoints/etas_20260330-183526/last_model_1.pth
2026-03-30 18:36:28,184 INFO src.train.trainer: Epoch 908
2026-03-30 18:36:28,248 INFO src.train.trainer: New best validation loss: -5.6979, saved to checkpoints/etas_20260330-183526/best_model_1.pth
2026-03-30 18:36:28,250 INFO src.train.trainer: Last model at epoch 908 saved to checkpoints/etas_20260330-183526/last_model_1.pth
2026-03-30 18:36:28,250 INFO src.train.trainer: Epoch 909
2026-03-30 18:36:28,319 INFO src.train.trainer: New best validation loss: -5.6981, saved to checkpoints/etas_20260330-183526/best_model_1.pth
2026-03-30 18:36:28,322 INFO src.train.trainer: Last model at epoch 909 saved to checkpoints/etas_20260330-183526/last_model_1.pth
2026-03-30 18:36:28,322 INFO src.train.trainer: Epoch 910
2026-03-30 18:36:28,389 INFO src.train.trainer: New best validation loss: -5.6982, saved to checkpoints/etas_20260330-183526/best_model_1.pth
2026-03-30 18:36:28,391 INFO src.train.trainer: Last model at epoch 910 saved to checkpoints/etas_20260330-183526/last_model_1.pth
2026-03-30 18:36:28,391 INFO src.train.trainer: Epoch 911
2026-03-30 18:36:28,455 INFO src.train.trainer: New best validation loss: -5.6984, saved to checkpoints/etas_20260330-183526/best_model_1.pth
2026-03-30 18:36:28,458 INFO src.train.trainer: Last model at epoch 911 saved to checkpoints/etas_20260330-183526/last_model_1.pth
2026-03-30 18:36:28,458 INFO src.train.trainer: Epoch 912
2026-03-30 18:36:28,528 INFO src.train.trainer: New best validation loss: -5.6986, saved to checkpoints/etas_20260330-183526/best_model_1.pth
2026-03-30 18:36:28,530 INFO src.train.trainer: Last model at epoch 912 saved to checkpoints/etas_20260330-183526/last_model_1.pth
2026-03-30 18:36:28,530 INFO src.train.trainer: Epoch 913
2026-03-30 18:36:28,594 INFO src.train.trainer: New best validation loss: -5.6987, saved to checkpoints/etas_20260330-183526/best_model_1.pth
2026-03-30 18:36:28,596 INFO src.train.trainer: Last model at epoch 913 saved to checkpoints/etas_20260330-183526/last_model_1.pth
2026-03-30 18:36:28,596 INFO src.train.trainer: Epoch 914
2026-03-30 18:36:28,667 INFO src.train.trainer: New best validation loss: -5.6989, saved to checkpoints/etas_20260330-183526/best_model_1.pth
2026-03-30 18:36:28,669 INFO src.train.trainer: Last model at epoch 914 saved to checkpoints/etas_20260330-183526/last_model_1.pth
2026-03-30 18:36:28,669 INFO src.train.trainer: Epoch 915
2026-03-30 18:36:28,734 INFO src.train.trainer: New best validation loss: -5.6990, saved to checkpoints/etas_20260330-183526/best_model_1.pth
2026-03-30 18:36:28,736 INFO src.train.trainer: Last model at epoch 915 saved to checkpoints/etas_20260330-183526/last_model_1.pth
2026-03-30 18:36:28,736 INFO src.train.trainer: Epoch 916
2026-03-30 18:36:28,802 INFO src.train.trainer: New best validation loss: -5.6991, saved to checkpoints/etas_20260330-183526/best_model_1.pth
2026-03-30 18:36:28,804 INFO src.train.trainer: Last model at epoch 916 saved to checkpoints/etas_20260330-183526/last_model_1.pth
2026-03-30 18:36:28,804 INFO src.train.trainer: Epoch 917
2026-03-30 18:36:28,873 INFO src.train.trainer: New best validation loss: -5.6993, saved to checkpoints/etas_20260330-183526/best_model_1.pth
2026-03-30 18:36:28,875 INFO src.train.trainer: Last model at epoch 917 saved to checkpoints/etas_20260330-183526/last_model_1.pth
2026-03-30 18:36:28,875 INFO src.train.trainer: Epoch 918
2026-03-30 18:36:28,937 INFO src.train.trainer: New best validation loss: -5.6994, saved to checkpoints/etas_20260330-183526/best_model_1.pth
2026-03-30 18:36:28,939 INFO src.train.trainer: Last model at epoch 918 saved to checkpoints/etas_20260330-183526/last_model_1.pth
2026-03-30 18:36:28,939 INFO src.train.trainer: Epoch 919
2026-03-30 18:36:29,003 INFO src.train.trainer: New best validation loss: -5.6995, saved to checkpoints/etas_20260330-183526/best_model_1.pth
2026-03-30 18:36:29,005 INFO src.train.trainer: Last model at epoch 919 saved to checkpoints/etas_20260330-183526/last_model_1.pth
2026-03-30 18:36:29,005 INFO src.train.trainer: Epoch 920
2026-03-30 18:36:29,066 INFO src.train.trainer: New best validation loss: -5.6996, saved to checkpoints/etas_20260330-183526/best_model_1.pth
2026-03-30 18:36:29,068 INFO src.train.trainer: Last model at epoch 920 saved to checkpoints/etas_20260330-183526/last_model_1.pth
2026-03-30 18:36:29,068 INFO src.train.trainer: Epoch 921
2026-03-30 18:36:29,140 INFO src.train.trainer: New best validation loss: -5.6998, saved to checkpoints/etas_20260330-183526/best_model_1.pth
2026-03-30 18:36:29,143 INFO src.train.trainer: Last model at epoch 921 saved to checkpoints/etas_20260330-183526/last_model_1.pth
2026-03-30 18:36:29,143 INFO src.train.trainer: Epoch 922
2026-03-30 18:36:29,204 INFO src.train.trainer: New best validation loss: -5.6999, saved to checkpoints/etas_20260330-183526/best_model_1.pth
2026-03-30 18:36:29,206 INFO src.train.trainer: Last model at epoch 922 saved to checkpoints/etas_20260330-183526/last_model_1.pth
2026-03-30 18:36:29,206 INFO src.train.trainer: Epoch 923
2026-03-30 18:36:29,272 INFO src.train.trainer: New best validation loss: -5.7001, saved to checkpoints/etas_20260330-183526/best_model_1.pth
2026-03-30 18:36:29,274 INFO src.train.trainer: Last model at epoch 923 saved to checkpoints/etas_20260330-183526/last_model_1.pth
2026-03-30 18:36:29,274 INFO src.train.trainer: Epoch 924
2026-03-30 18:36:29,340 INFO src.train.trainer: New best validation loss: -5.7002, saved to checkpoints/etas_20260330-183526/best_model_1.pth
2026-03-30 18:36:29,342 INFO src.train.trainer: Last model at epoch 924 saved to checkpoints/etas_20260330-183526/last_model_1.pth
2026-03-30 18:36:29,342 INFO src.train.trainer: Epoch 925
2026-03-30 18:36:29,406 INFO src.train.trainer: New best validation loss: -5.7004, saved to checkpoints/etas_20260330-183526/best_model_1.pth
2026-03-30 18:36:29,408 INFO src.train.trainer: Last model at epoch 925 saved to checkpoints/etas_20260330-183526/last_model_1.pth
2026-03-30 18:36:29,409 INFO src.train.trainer: Epoch 926
2026-03-30 18:36:29,471 INFO src.train.trainer: New best validation loss: -5.7006, saved to checkpoints/etas_20260330-183526/best_model_1.pth
2026-03-30 18:36:29,474 INFO src.train.trainer: Last model at epoch 926 saved to checkpoints/etas_20260330-183526/last_model_1.pth
2026-03-30 18:36:29,474 INFO src.train.trainer: Epoch 927
2026-03-30 18:36:29,538 INFO src.train.trainer: New best validation loss: -5.7008, saved to checkpoints/etas_20260330-183526/best_model_1.pth
2026-03-30 18:36:29,540 INFO src.train.trainer: Last model at epoch 927 saved to checkpoints/etas_20260330-183526/last_model_1.pth
2026-03-30 18:36:29,540 INFO src.train.trainer: Epoch 928
2026-03-30 18:36:29,603 INFO src.train.trainer: New best validation loss: -5.7010, saved to checkpoints/etas_20260330-183526/best_model_1.pth
2026-03-30 18:36:29,605 INFO src.train.trainer: Last model at epoch 928 saved to checkpoints/etas_20260330-183526/last_model_1.pth
2026-03-30 18:36:29,605 INFO src.train.trainer: Epoch 929
2026-03-30 18:36:29,666 INFO src.train.trainer: New best validation loss: -5.7012, saved to checkpoints/etas_20260330-183526/best_model_1.pth
2026-03-30 18:36:29,669 INFO src.train.trainer: Last model at epoch 929 saved to checkpoints/etas_20260330-183526/last_model_1.pth
2026-03-30 18:36:29,669 INFO src.train.trainer: Epoch 930
2026-03-30 18:36:29,731 INFO src.train.trainer: New best validation loss: -5.7015, saved to checkpoints/etas_20260330-183526/best_model_1.pth
2026-03-30 18:36:29,733 INFO src.train.trainer: Last model at epoch 930 saved to checkpoints/etas_20260330-183526/last_model_1.pth
2026-03-30 18:36:29,733 INFO src.train.trainer: Epoch 931
2026-03-30 18:36:29,800 INFO src.train.trainer: New best validation loss: -5.7017, saved to checkpoints/etas_20260330-183526/best_model_1.pth
2026-03-30 18:36:29,802 INFO src.train.trainer: Last model at epoch 931 saved to checkpoints/etas_20260330-183526/last_model_1.pth
2026-03-30 18:36:29,802 INFO src.train.trainer: Epoch 932
2026-03-30 18:36:29,868 INFO src.train.trainer: New best validation loss: -5.7020, saved to checkpoints/etas_20260330-183526/best_model_1.pth
2026-03-30 18:36:29,870 INFO src.train.trainer: Last model at epoch 932 saved to checkpoints/etas_20260330-183526/last_model_1.pth
2026-03-30 18:36:29,871 INFO src.train.trainer: Epoch 933
2026-03-30 18:36:29,939 INFO src.train.trainer: New best validation loss: -5.7022, saved to checkpoints/etas_20260330-183526/best_model_1.pth
2026-03-30 18:36:29,941 INFO src.train.trainer: Last model at epoch 933 saved to checkpoints/etas_20260330-183526/last_model_1.pth
2026-03-30 18:36:29,941 INFO src.train.trainer: Epoch 934
2026-03-30 18:36:30,012 INFO src.train.trainer: New best validation loss: -5.7024, saved to checkpoints/etas_20260330-183526/best_model_1.pth
2026-03-30 18:36:30,014 INFO src.train.trainer: Last model at epoch 934 saved to checkpoints/etas_20260330-183526/last_model_1.pth
2026-03-30 18:36:30,014 INFO src.train.trainer: Epoch 935
2026-03-30 18:36:30,082 INFO src.train.trainer: New best validation loss: -5.7026, saved to checkpoints/etas_20260330-183526/best_model_1.pth
2026-03-30 18:36:30,084 INFO src.train.trainer: Last model at epoch 935 saved to checkpoints/etas_20260330-183526/last_model_1.pth
2026-03-30 18:36:30,084 INFO src.train.trainer: Epoch 936
2026-03-30 18:36:30,149 INFO src.train.trainer: New best validation loss: -5.7029, saved to checkpoints/etas_20260330-183526/best_model_1.pth
2026-03-30 18:36:30,151 INFO src.train.trainer: Last model at epoch 936 saved to checkpoints/etas_20260330-183526/last_model_1.pth
2026-03-30 18:36:30,151 INFO src.train.trainer: Epoch 937
2026-03-30 18:36:30,214 INFO src.train.trainer: New best validation loss: -5.7031, saved to checkpoints/etas_20260330-183526/best_model_1.pth
2026-03-30 18:36:30,216 INFO src.train.trainer: Last model at epoch 937 saved to checkpoints/etas_20260330-183526/last_model_1.pth
2026-03-30 18:36:30,216 INFO src.train.trainer: Epoch 938
2026-03-30 18:36:30,280 INFO src.train.trainer: New best validation loss: -5.7033, saved to checkpoints/etas_20260330-183526/best_model_1.pth
2026-03-30 18:36:30,283 INFO src.train.trainer: Last model at epoch 938 saved to checkpoints/etas_20260330-183526/last_model_1.pth
2026-03-30 18:36:30,283 INFO src.train.trainer: Epoch 939
2026-03-30 18:36:30,350 INFO src.train.trainer: New best validation loss: -5.7034, saved to checkpoints/etas_20260330-183526/best_model_1.pth
2026-03-30 18:36:30,353 INFO src.train.trainer: Last model at epoch 939 saved to checkpoints/etas_20260330-183526/last_model_1.pth
2026-03-30 18:36:30,353 INFO src.train.trainer: Epoch 940
2026-03-30 18:36:30,422 INFO src.train.trainer: New best validation loss: -5.7036, saved to checkpoints/etas_20260330-183526/best_model_1.pth
2026-03-30 18:36:30,424 INFO src.train.trainer: Last model at epoch 940 saved to checkpoints/etas_20260330-183526/last_model_1.pth
2026-03-30 18:36:30,424 INFO src.train.trainer: Epoch 941
2026-03-30 18:36:30,493 INFO src.train.trainer: New best validation loss: -5.7037, saved to checkpoints/etas_20260330-183526/best_model_1.pth
2026-03-30 18:36:30,495 INFO src.train.trainer: Last model at epoch 941 saved to checkpoints/etas_20260330-183526/last_model_1.pth
2026-03-30 18:36:30,495 INFO src.train.trainer: Epoch 942
2026-03-30 18:36:30,562 INFO src.train.trainer: New best validation loss: -5.7039, saved to checkpoints/etas_20260330-183526/best_model_1.pth
2026-03-30 18:36:30,564 INFO src.train.trainer: Last model at epoch 942 saved to checkpoints/etas_20260330-183526/last_model_1.pth
2026-03-30 18:36:30,564 INFO src.train.trainer: Epoch 943
2026-03-30 18:36:30,635 INFO src.train.trainer: New best validation loss: -5.7040, saved to checkpoints/etas_20260330-183526/best_model_1.pth
2026-03-30 18:36:30,637 INFO src.train.trainer: Last model at epoch 943 saved to checkpoints/etas_20260330-183526/last_model_1.pth
2026-03-30 18:36:30,638 INFO src.train.trainer: Epoch 944
2026-03-30 18:36:30,704 INFO src.train.trainer: New best validation loss: -5.7041, saved to checkpoints/etas_20260330-183526/best_model_1.pth
2026-03-30 18:36:30,706 INFO src.train.trainer: Last model at epoch 944 saved to checkpoints/etas_20260330-183526/last_model_1.pth
2026-03-30 18:36:30,706 INFO src.train.trainer: Epoch 945
2026-03-30 18:36:30,777 INFO src.train.trainer: New best validation loss: -5.7042, saved to checkpoints/etas_20260330-183526/best_model_1.pth
2026-03-30 18:36:30,779 INFO src.train.trainer: Last model at epoch 945 saved to checkpoints/etas_20260330-183526/last_model_1.pth
2026-03-30 18:36:30,779 INFO src.train.trainer: Epoch 946
2026-03-30 18:36:30,851 INFO src.train.trainer: New best validation loss: -5.7044, saved to checkpoints/etas_20260330-183526/best_model_1.pth
2026-03-30 18:36:30,853 INFO src.train.trainer: Last model at epoch 946 saved to checkpoints/etas_20260330-183526/last_model_1.pth
2026-03-30 18:36:30,853 INFO src.train.trainer: Epoch 947
2026-03-30 18:36:30,920 INFO src.train.trainer: New best validation loss: -5.7045, saved to checkpoints/etas_20260330-183526/best_model_1.pth
2026-03-30 18:36:30,922 INFO src.train.trainer: Last model at epoch 947 saved to checkpoints/etas_20260330-183526/last_model_1.pth
2026-03-30 18:36:30,922 INFO src.train.trainer: Epoch 948
2026-03-30 18:36:30,991 INFO src.train.trainer: New best validation loss: -5.7046, saved to checkpoints/etas_20260330-183526/best_model_1.pth
2026-03-30 18:36:30,993 INFO src.train.trainer: Last model at epoch 948 saved to checkpoints/etas_20260330-183526/last_model_1.pth
2026-03-30 18:36:30,993 INFO src.train.trainer: Epoch 949
2026-03-30 18:36:31,061 INFO src.train.trainer: New best validation loss: -5.7048, saved to checkpoints/etas_20260330-183526/best_model_1.pth
2026-03-30 18:36:31,064 INFO src.train.trainer: Last model at epoch 949 saved to checkpoints/etas_20260330-183526/last_model_1.pth
2026-03-30 18:36:31,064 INFO src.train.trainer: Epoch 950
2026-03-30 18:36:31,129 INFO src.train.trainer: New best validation loss: -5.7049, saved to checkpoints/etas_20260330-183526/best_model_1.pth
2026-03-30 18:36:31,131 INFO src.train.trainer: Last model at epoch 950 saved to checkpoints/etas_20260330-183526/last_model_1.pth
2026-03-30 18:36:31,131 INFO src.train.trainer: Epoch 951
2026-03-30 18:36:31,198 INFO src.train.trainer: New best validation loss: -5.7051, saved to checkpoints/etas_20260330-183526/best_model_1.pth
2026-03-30 18:36:31,200 INFO src.train.trainer: Last model at epoch 951 saved to checkpoints/etas_20260330-183526/last_model_1.pth
2026-03-30 18:36:31,200 INFO src.train.trainer: Epoch 952
2026-03-30 18:36:31,269 INFO src.train.trainer: New best validation loss: -5.7052, saved to checkpoints/etas_20260330-183526/best_model_1.pth
2026-03-30 18:36:31,271 INFO src.train.trainer: Last model at epoch 952 saved to checkpoints/etas_20260330-183526/last_model_1.pth
2026-03-30 18:36:31,271 INFO src.train.trainer: Epoch 953
2026-03-30 18:36:31,337 INFO src.train.trainer: New best validation loss: -5.7054, saved to checkpoints/etas_20260330-183526/best_model_1.pth
2026-03-30 18:36:31,339 INFO src.train.trainer: Last model at epoch 953 saved to checkpoints/etas_20260330-183526/last_model_1.pth
2026-03-30 18:36:31,339 INFO src.train.trainer: Epoch 954
2026-03-30 18:36:31,408 INFO src.train.trainer: New best validation loss: -5.7056, saved to checkpoints/etas_20260330-183526/best_model_1.pth
2026-03-30 18:36:31,411 INFO src.train.trainer: Last model at epoch 954 saved to checkpoints/etas_20260330-183526/last_model_1.pth
2026-03-30 18:36:31,411 INFO src.train.trainer: Epoch 955
2026-03-30 18:36:31,481 INFO src.train.trainer: New best validation loss: -5.7058, saved to checkpoints/etas_20260330-183526/best_model_1.pth
2026-03-30 18:36:31,483 INFO src.train.trainer: Last model at epoch 955 saved to checkpoints/etas_20260330-183526/last_model_1.pth
2026-03-30 18:36:31,483 INFO src.train.trainer: Epoch 956
2026-03-30 18:36:31,553 INFO src.train.trainer: New best validation loss: -5.7060, saved to checkpoints/etas_20260330-183526/best_model_1.pth
2026-03-30 18:36:31,555 INFO src.train.trainer: Last model at epoch 956 saved to checkpoints/etas_20260330-183526/last_model_1.pth
2026-03-30 18:36:31,555 INFO src.train.trainer: Epoch 957
2026-03-30 18:36:31,618 INFO src.train.trainer: New best validation loss: -5.7063, saved to checkpoints/etas_20260330-183526/best_model_1.pth
2026-03-30 18:36:31,620 INFO src.train.trainer: Last model at epoch 957 saved to checkpoints/etas_20260330-183526/last_model_1.pth
2026-03-30 18:36:31,620 INFO src.train.trainer: Epoch 958
2026-03-30 18:36:31,684 INFO src.train.trainer: New best validation loss: -5.7065, saved to checkpoints/etas_20260330-183526/best_model_1.pth
2026-03-30 18:36:31,686 INFO src.train.trainer: Last model at epoch 958 saved to checkpoints/etas_20260330-183526/last_model_1.pth
2026-03-30 18:36:31,686 INFO src.train.trainer: Epoch 959
2026-03-30 18:36:31,753 INFO src.train.trainer: New best validation loss: -5.7067, saved to checkpoints/etas_20260330-183526/best_model_1.pth
2026-03-30 18:36:31,756 INFO src.train.trainer: Last model at epoch 959 saved to checkpoints/etas_20260330-183526/last_model_1.pth
2026-03-30 18:36:31,756 INFO src.train.trainer: Epoch 960
2026-03-30 18:36:31,819 INFO src.train.trainer: New best validation loss: -5.7069, saved to checkpoints/etas_20260330-183526/best_model_1.pth
2026-03-30 18:36:31,821 INFO src.train.trainer: Last model at epoch 960 saved to checkpoints/etas_20260330-183526/last_model_1.pth
2026-03-30 18:36:31,821 INFO src.train.trainer: Epoch 961
2026-03-30 18:36:31,884 INFO src.train.trainer: New best validation loss: -5.7072, saved to checkpoints/etas_20260330-183526/best_model_1.pth
2026-03-30 18:36:31,886 INFO src.train.trainer: Last model at epoch 961 saved to checkpoints/etas_20260330-183526/last_model_1.pth
2026-03-30 18:36:31,886 INFO src.train.trainer: Epoch 962
2026-03-30 18:36:31,951 INFO src.train.trainer: New best validation loss: -5.7074, saved to checkpoints/etas_20260330-183526/best_model_1.pth
2026-03-30 18:36:31,954 INFO src.train.trainer: Last model at epoch 962 saved to checkpoints/etas_20260330-183526/last_model_1.pth
2026-03-30 18:36:31,954 INFO src.train.trainer: Epoch 963
2026-03-30 18:36:32,020 INFO src.train.trainer: New best validation loss: -5.7076, saved to checkpoints/etas_20260330-183526/best_model_1.pth
2026-03-30 18:36:32,022 INFO src.train.trainer: Last model at epoch 963 saved to checkpoints/etas_20260330-183526/last_model_1.pth
2026-03-30 18:36:32,022 INFO src.train.trainer: Epoch 964
2026-03-30 18:36:32,087 INFO src.train.trainer: New best validation loss: -5.7077, saved to checkpoints/etas_20260330-183526/best_model_1.pth
2026-03-30 18:36:32,089 INFO src.train.trainer: Last model at epoch 964 saved to checkpoints/etas_20260330-183526/last_model_1.pth
2026-03-30 18:36:32,089 INFO src.train.trainer: Epoch 965
2026-03-30 18:36:32,160 INFO src.train.trainer: New best validation loss: -5.7079, saved to checkpoints/etas_20260330-183526/best_model_1.pth
2026-03-30 18:36:32,162 INFO src.train.trainer: Last model at epoch 965 saved to checkpoints/etas_20260330-183526/last_model_1.pth
2026-03-30 18:36:32,162 INFO src.train.trainer: Epoch 966
2026-03-30 18:36:32,227 INFO src.train.trainer: New best validation loss: -5.7081, saved to checkpoints/etas_20260330-183526/best_model_1.pth
2026-03-30 18:36:32,229 INFO src.train.trainer: Last model at epoch 966 saved to checkpoints/etas_20260330-183526/last_model_1.pth
2026-03-30 18:36:32,229 INFO src.train.trainer: Epoch 967
2026-03-30 18:36:32,302 INFO src.train.trainer: New best validation loss: -5.7083, saved to checkpoints/etas_20260330-183526/best_model_1.pth
2026-03-30 18:36:32,304 INFO src.train.trainer: Last model at epoch 967 saved to checkpoints/etas_20260330-183526/last_model_1.pth
2026-03-30 18:36:32,304 INFO src.train.trainer: Epoch 968
2026-03-30 18:36:32,373 INFO src.train.trainer: New best validation loss: -5.7085, saved to checkpoints/etas_20260330-183526/best_model_1.pth
2026-03-30 18:36:32,375 INFO src.train.trainer: Last model at epoch 968 saved to checkpoints/etas_20260330-183526/last_model_1.pth
2026-03-30 18:36:32,375 INFO src.train.trainer: Epoch 969
2026-03-30 18:36:32,443 INFO src.train.trainer: New best validation loss: -5.7087, saved to checkpoints/etas_20260330-183526/best_model_1.pth
2026-03-30 18:36:32,445 INFO src.train.trainer: Last model at epoch 969 saved to checkpoints/etas_20260330-183526/last_model_1.pth
2026-03-30 18:36:32,445 INFO src.train.trainer: Epoch 970
2026-03-30 18:36:32,516 INFO src.train.trainer: New best validation loss: -5.7088, saved to checkpoints/etas_20260330-183526/best_model_1.pth
2026-03-30 18:36:32,518 INFO src.train.trainer: Last model at epoch 970 saved to checkpoints/etas_20260330-183526/last_model_1.pth
2026-03-30 18:36:32,518 INFO src.train.trainer: Epoch 971
2026-03-30 18:36:32,587 INFO src.train.trainer: New best validation loss: -5.7090, saved to checkpoints/etas_20260330-183526/best_model_1.pth
2026-03-30 18:36:32,589 INFO src.train.trainer: Last model at epoch 971 saved to checkpoints/etas_20260330-183526/last_model_1.pth
2026-03-30 18:36:32,589 INFO src.train.trainer: Epoch 972
2026-03-30 18:36:32,658 INFO src.train.trainer: New best validation loss: -5.7091, saved to checkpoints/etas_20260330-183526/best_model_1.pth
2026-03-30 18:36:32,660 INFO src.train.trainer: Last model at epoch 972 saved to checkpoints/etas_20260330-183526/last_model_1.pth
2026-03-30 18:36:32,660 INFO src.train.trainer: Epoch 973
2026-03-30 18:36:32,729 INFO src.train.trainer: New best validation loss: -5.7093, saved to checkpoints/etas_20260330-183526/best_model_1.pth
2026-03-30 18:36:32,731 INFO src.train.trainer: Last model at epoch 973 saved to checkpoints/etas_20260330-183526/last_model_1.pth
2026-03-30 18:36:32,731 INFO src.train.trainer: Epoch 974
2026-03-30 18:36:32,803 INFO src.train.trainer: New best validation loss: -5.7094, saved to checkpoints/etas_20260330-183526/best_model_1.pth
2026-03-30 18:36:32,805 INFO src.train.trainer: Last model at epoch 974 saved to checkpoints/etas_20260330-183526/last_model_1.pth
2026-03-30 18:36:32,805 INFO src.train.trainer: Epoch 975
2026-03-30 18:36:32,869 INFO src.train.trainer: New best validation loss: -5.7095, saved to checkpoints/etas_20260330-183526/best_model_1.pth
2026-03-30 18:36:32,871 INFO src.train.trainer: Last model at epoch 975 saved to checkpoints/etas_20260330-183526/last_model_1.pth
2026-03-30 18:36:32,872 INFO src.train.trainer: Epoch 976
2026-03-30 18:36:32,940 INFO src.train.trainer: New best validation loss: -5.7097, saved to checkpoints/etas_20260330-183526/best_model_1.pth
2026-03-30 18:36:32,942 INFO src.train.trainer: Last model at epoch 976 saved to checkpoints/etas_20260330-183526/last_model_1.pth
2026-03-30 18:36:32,942 INFO src.train.trainer: Epoch 977
2026-03-30 18:36:33,015 INFO src.train.trainer: New best validation loss: -5.7098, saved to checkpoints/etas_20260330-183526/best_model_1.pth
2026-03-30 18:36:33,017 INFO src.train.trainer: Last model at epoch 977 saved to checkpoints/etas_20260330-183526/last_model_1.pth
2026-03-30 18:36:33,018 INFO src.train.trainer: Epoch 978
2026-03-30 18:36:33,080 INFO src.train.trainer: New best validation loss: -5.7099, saved to checkpoints/etas_20260330-183526/best_model_1.pth
2026-03-30 18:36:33,082 INFO src.train.trainer: Last model at epoch 978 saved to checkpoints/etas_20260330-183526/last_model_1.pth
2026-03-30 18:36:33,082 INFO src.train.trainer: Epoch 979
2026-03-30 18:36:33,147 INFO src.train.trainer: New best validation loss: -5.7101, saved to checkpoints/etas_20260330-183526/best_model_1.pth
2026-03-30 18:36:33,149 INFO src.train.trainer: Last model at epoch 979 saved to checkpoints/etas_20260330-183526/last_model_1.pth
2026-03-30 18:36:33,149 INFO src.train.trainer: Epoch 980
2026-03-30 18:36:33,217 INFO src.train.trainer: New best validation loss: -5.7103, saved to checkpoints/etas_20260330-183526/best_model_1.pth
2026-03-30 18:36:33,220 INFO src.train.trainer: Last model at epoch 980 saved to checkpoints/etas_20260330-183526/last_model_1.pth
2026-03-30 18:36:33,220 INFO src.train.trainer: Epoch 981
2026-03-30 18:36:33,284 INFO src.train.trainer: New best validation loss: -5.7104, saved to checkpoints/etas_20260330-183526/best_model_1.pth
2026-03-30 18:36:33,286 INFO src.train.trainer: Last model at epoch 981 saved to checkpoints/etas_20260330-183526/last_model_1.pth
2026-03-30 18:36:33,286 INFO src.train.trainer: Epoch 982
2026-03-30 18:36:33,350 INFO src.train.trainer: New best validation loss: -5.7106, saved to checkpoints/etas_20260330-183526/best_model_1.pth
2026-03-30 18:36:33,352 INFO src.train.trainer: Last model at epoch 982 saved to checkpoints/etas_20260330-183526/last_model_1.pth
2026-03-30 18:36:33,352 INFO src.train.trainer: Epoch 983
2026-03-30 18:36:33,420 INFO src.train.trainer: New best validation loss: -5.7108, saved to checkpoints/etas_20260330-183526/best_model_1.pth
2026-03-30 18:36:33,422 INFO src.train.trainer: Last model at epoch 983 saved to checkpoints/etas_20260330-183526/last_model_1.pth
2026-03-30 18:36:33,422 INFO src.train.trainer: Epoch 984
2026-03-30 18:36:33,490 INFO src.train.trainer: New best validation loss: -5.7110, saved to checkpoints/etas_20260330-183526/best_model_1.pth
2026-03-30 18:36:33,493 INFO src.train.trainer: Last model at epoch 984 saved to checkpoints/etas_20260330-183526/last_model_1.pth
2026-03-30 18:36:33,493 INFO src.train.trainer: Epoch 985
2026-03-30 18:36:33,561 INFO src.train.trainer: New best validation loss: -5.7112, saved to checkpoints/etas_20260330-183526/best_model_1.pth
2026-03-30 18:36:33,563 INFO src.train.trainer: Last model at epoch 985 saved to checkpoints/etas_20260330-183526/last_model_1.pth
2026-03-30 18:36:33,564 INFO src.train.trainer: Epoch 986
2026-03-30 18:36:33,635 INFO src.train.trainer: New best validation loss: -5.7113, saved to checkpoints/etas_20260330-183526/best_model_1.pth
2026-03-30 18:36:33,637 INFO src.train.trainer: Last model at epoch 986 saved to checkpoints/etas_20260330-183526/last_model_1.pth
2026-03-30 18:36:33,637 INFO src.train.trainer: Epoch 987
2026-03-30 18:36:33,702 INFO src.train.trainer: New best validation loss: -5.7115, saved to checkpoints/etas_20260330-183526/best_model_1.pth
2026-03-30 18:36:33,704 INFO src.train.trainer: Last model at epoch 987 saved to checkpoints/etas_20260330-183526/last_model_1.pth
2026-03-30 18:36:33,704 INFO src.train.trainer: Epoch 988
2026-03-30 18:36:33,770 INFO src.train.trainer: New best validation loss: -5.7117, saved to checkpoints/etas_20260330-183526/best_model_1.pth
2026-03-30 18:36:33,774 INFO src.train.trainer: Last model at epoch 988 saved to checkpoints/etas_20260330-183526/last_model_1.pth
2026-03-30 18:36:33,774 INFO src.train.trainer: Epoch 989
2026-03-30 18:36:33,842 INFO src.train.trainer: New best validation loss: -5.7119, saved to checkpoints/etas_20260330-183526/best_model_1.pth
2026-03-30 18:36:33,844 INFO src.train.trainer: Last model at epoch 989 saved to checkpoints/etas_20260330-183526/last_model_1.pth
2026-03-30 18:36:33,844 INFO src.train.trainer: Epoch 990
2026-03-30 18:36:33,909 INFO src.train.trainer: New best validation loss: -5.7120, saved to checkpoints/etas_20260330-183526/best_model_1.pth
2026-03-30 18:36:33,911 INFO src.train.trainer: Last model at epoch 990 saved to checkpoints/etas_20260330-183526/last_model_1.pth
2026-03-30 18:36:33,911 INFO src.train.trainer: Epoch 991
2026-03-30 18:36:33,977 INFO src.train.trainer: New best validation loss: -5.7122, saved to checkpoints/etas_20260330-183526/best_model_1.pth
2026-03-30 18:36:33,979 INFO src.train.trainer: Last model at epoch 991 saved to checkpoints/etas_20260330-183526/last_model_1.pth
2026-03-30 18:36:33,980 INFO src.train.trainer: Epoch 992
2026-03-30 18:36:34,045 INFO src.train.trainer: New best validation loss: -5.7124, saved to checkpoints/etas_20260330-183526/best_model_1.pth
2026-03-30 18:36:34,047 INFO src.train.trainer: Last model at epoch 992 saved to checkpoints/etas_20260330-183526/last_model_1.pth
2026-03-30 18:36:34,047 INFO src.train.trainer: Epoch 993
2026-03-30 18:36:34,117 INFO src.train.trainer: New best validation loss: -5.7125, saved to checkpoints/etas_20260330-183526/best_model_1.pth
2026-03-30 18:36:34,119 INFO src.train.trainer: Last model at epoch 993 saved to checkpoints/etas_20260330-183526/last_model_1.pth
2026-03-30 18:36:34,119 INFO src.train.trainer: Epoch 994
2026-03-30 18:36:34,180 INFO src.train.trainer: New best validation loss: -5.7127, saved to checkpoints/etas_20260330-183526/best_model_1.pth
2026-03-30 18:36:34,183 INFO src.train.trainer: Last model at epoch 994 saved to checkpoints/etas_20260330-183526/last_model_1.pth
2026-03-30 18:36:34,183 INFO src.train.trainer: Epoch 995
2026-03-30 18:36:34,251 INFO src.train.trainer: New best validation loss: -5.7129, saved to checkpoints/etas_20260330-183526/best_model_1.pth
2026-03-30 18:36:34,253 INFO src.train.trainer: Last model at epoch 995 saved to checkpoints/etas_20260330-183526/last_model_1.pth
2026-03-30 18:36:34,253 INFO src.train.trainer: Epoch 996
2026-03-30 18:36:34,316 INFO src.train.trainer: New best validation loss: -5.7130, saved to checkpoints/etas_20260330-183526/best_model_1.pth
2026-03-30 18:36:34,318 INFO src.train.trainer: Last model at epoch 996 saved to checkpoints/etas_20260330-183526/last_model_1.pth
2026-03-30 18:36:34,318 INFO src.train.trainer: Epoch 997
2026-03-30 18:36:34,380 INFO src.train.trainer: New best validation loss: -5.7132, saved to checkpoints/etas_20260330-183526/best_model_1.pth
2026-03-30 18:36:34,382 INFO src.train.trainer: Last model at epoch 997 saved to checkpoints/etas_20260330-183526/last_model_1.pth
2026-03-30 18:36:34,382 INFO src.train.trainer: Epoch 998
2026-03-30 18:36:34,453 INFO src.train.trainer: New best validation loss: -5.7134, saved to checkpoints/etas_20260330-183526/best_model_1.pth
2026-03-30 18:36:34,454 INFO src.train.trainer: Last model at epoch 998 saved to checkpoints/etas_20260330-183526/last_model_1.pth
2026-03-30 18:36:34,455 INFO src.train.trainer: Epoch 999
2026-03-30 18:36:34,518 INFO src.train.trainer: New best validation loss: -5.7136, saved to checkpoints/etas_20260330-183526/best_model_1.pth
2026-03-30 18:36:34,520 INFO src.train.trainer: Last model at epoch 999 saved to checkpoints/etas_20260330-183526/last_model_1.pth
2026-03-30 18:36:34,520 INFO src.train.trainer: Epoch 1000
2026-03-30 18:36:34,585 INFO src.train.trainer: New best validation loss: -5.7138, saved to checkpoints/etas_20260330-183526/best_model_1.pth
2026-03-30 18:36:34,586 INFO src.train.trainer: Last model at epoch 1000 saved to checkpoints/etas_20260330-183526/last_model_1.pth
2026-03-30 18:36:34,587 INFO src.train.trainer: Epoch 1001
2026-03-30 18:36:34,651 INFO src.train.trainer: New best validation loss: -5.7140, saved to checkpoints/etas_20260330-183526/best_model_1.pth
2026-03-30 18:36:34,653 INFO src.train.trainer: Last model at epoch 1001 saved to checkpoints/etas_20260330-183526/last_model_1.pth
2026-03-30 18:36:34,653 INFO src.train.trainer: Epoch 1002
2026-03-30 18:36:34,720 INFO src.train.trainer: New best validation loss: -5.7142, saved to checkpoints/etas_20260330-183526/best_model_1.pth
2026-03-30 18:36:34,722 INFO src.train.trainer: Last model at epoch 1002 saved to checkpoints/etas_20260330-183526/last_model_1.pth
2026-03-30 18:36:34,722 INFO src.train.trainer: Epoch 1003
2026-03-30 18:36:34,787 INFO src.train.trainer: New best validation loss: -5.7144, saved to checkpoints/etas_20260330-183526/best_model_1.pth
2026-03-30 18:36:34,789 INFO src.train.trainer: Last model at epoch 1003 saved to checkpoints/etas_20260330-183526/last_model_1.pth
2026-03-30 18:36:34,790 INFO src.train.trainer: Epoch 1004
2026-03-30 18:36:34,861 INFO src.train.trainer: New best validation loss: -5.7146, saved to checkpoints/etas_20260330-183526/best_model_1.pth
2026-03-30 18:36:34,863 INFO src.train.trainer: Last model at epoch 1004 saved to checkpoints/etas_20260330-183526/last_model_1.pth
2026-03-30 18:36:34,863 INFO src.train.trainer: Epoch 1005
2026-03-30 18:36:34,933 INFO src.train.trainer: New best validation loss: -5.7148, saved to checkpoints/etas_20260330-183526/best_model_1.pth
2026-03-30 18:36:34,935 INFO src.train.trainer: Last model at epoch 1005 saved to checkpoints/etas_20260330-183526/last_model_1.pth
2026-03-30 18:36:34,935 INFO src.train.trainer: Epoch 1006
2026-03-30 18:36:35,001 INFO src.train.trainer: New best validation loss: -5.7150, saved to checkpoints/etas_20260330-183526/best_model_1.pth
2026-03-30 18:36:35,003 INFO src.train.trainer: Last model at epoch 1006 saved to checkpoints/etas_20260330-183526/last_model_1.pth
2026-03-30 18:36:35,004 INFO src.train.trainer: Epoch 1007
2026-03-30 18:36:35,074 INFO src.train.trainer: New best validation loss: -5.7152, saved to checkpoints/etas_20260330-183526/best_model_1.pth
2026-03-30 18:36:35,077 INFO src.train.trainer: Last model at epoch 1007 saved to checkpoints/etas_20260330-183526/last_model_1.pth
2026-03-30 18:36:35,077 INFO src.train.trainer: Epoch 1008
2026-03-30 18:36:35,143 INFO src.train.trainer: New best validation loss: -5.7154, saved to checkpoints/etas_20260330-183526/best_model_1.pth
2026-03-30 18:36:35,146 INFO src.train.trainer: Last model at epoch 1008 saved to checkpoints/etas_20260330-183526/last_model_1.pth
2026-03-30 18:36:35,146 INFO src.train.trainer: Epoch 1009
2026-03-30 18:36:35,213 INFO src.train.trainer: New best validation loss: -5.7156, saved to checkpoints/etas_20260330-183526/best_model_1.pth
2026-03-30 18:36:35,216 INFO src.train.trainer: Last model at epoch 1009 saved to checkpoints/etas_20260330-183526/last_model_1.pth
2026-03-30 18:36:35,216 INFO src.train.trainer: Epoch 1010
2026-03-30 18:36:35,286 INFO src.train.trainer: New best validation loss: -5.7157, saved to checkpoints/etas_20260330-183526/best_model_1.pth
2026-03-30 18:36:35,289 INFO src.train.trainer: Last model at epoch 1010 saved to checkpoints/etas_20260330-183526/last_model_1.pth
2026-03-30 18:36:35,289 INFO src.train.trainer: Epoch 1011
2026-03-30 18:36:35,354 INFO src.train.trainer: New best validation loss: -5.7159, saved to checkpoints/etas_20260330-183526/best_model_1.pth
2026-03-30 18:36:35,356 INFO src.train.trainer: Last model at epoch 1011 saved to checkpoints/etas_20260330-183526/last_model_1.pth
2026-03-30 18:36:35,356 INFO src.train.trainer: Epoch 1012
2026-03-30 18:36:35,426 INFO src.train.trainer: New best validation loss: -5.7161, saved to checkpoints/etas_20260330-183526/best_model_1.pth
2026-03-30 18:36:35,428 INFO src.train.trainer: Last model at epoch 1012 saved to checkpoints/etas_20260330-183526/last_model_1.pth
2026-03-30 18:36:35,428 INFO src.train.trainer: Epoch 1013
2026-03-30 18:36:35,496 INFO src.train.trainer: New best validation loss: -5.7162, saved to checkpoints/etas_20260330-183526/best_model_1.pth
2026-03-30 18:36:35,498 INFO src.train.trainer: Last model at epoch 1013 saved to checkpoints/etas_20260330-183526/last_model_1.pth
2026-03-30 18:36:35,498 INFO src.train.trainer: Epoch 1014
2026-03-30 18:36:35,565 INFO src.train.trainer: New best validation loss: -5.7164, saved to checkpoints/etas_20260330-183526/best_model_1.pth
2026-03-30 18:36:35,567 INFO src.train.trainer: Last model at epoch 1014 saved to checkpoints/etas_20260330-183526/last_model_1.pth
2026-03-30 18:36:35,567 INFO src.train.trainer: Epoch 1015
2026-03-30 18:36:35,635 INFO src.train.trainer: New best validation loss: -5.7166, saved to checkpoints/etas_20260330-183526/best_model_1.pth
2026-03-30 18:36:35,637 INFO src.train.trainer: Last model at epoch 1015 saved to checkpoints/etas_20260330-183526/last_model_1.pth
2026-03-30 18:36:35,637 INFO src.train.trainer: Epoch 1016
2026-03-30 18:36:35,702 INFO src.train.trainer: New best validation loss: -5.7168, saved to checkpoints/etas_20260330-183526/best_model_1.pth
2026-03-30 18:36:35,704 INFO src.train.trainer: Last model at epoch 1016 saved to checkpoints/etas_20260330-183526/last_model_1.pth
2026-03-30 18:36:35,704 INFO src.train.trainer: Epoch 1017
2026-03-30 18:36:35,771 INFO src.train.trainer: New best validation loss: -5.7170, saved to checkpoints/etas_20260330-183526/best_model_1.pth
2026-03-30 18:36:35,773 INFO src.train.trainer: Last model at epoch 1017 saved to checkpoints/etas_20260330-183526/last_model_1.pth
2026-03-30 18:36:35,774 INFO src.train.trainer: Epoch 1018
2026-03-30 18:36:35,844 INFO src.train.trainer: New best validation loss: -5.7172, saved to checkpoints/etas_20260330-183526/best_model_1.pth
2026-03-30 18:36:35,846 INFO src.train.trainer: Last model at epoch 1018 saved to checkpoints/etas_20260330-183526/last_model_1.pth
2026-03-30 18:36:35,847 INFO src.train.trainer: Epoch 1019
2026-03-30 18:36:35,918 INFO src.train.trainer: New best validation loss: -5.7174, saved to checkpoints/etas_20260330-183526/best_model_1.pth
2026-03-30 18:36:35,920 INFO src.train.trainer: Last model at epoch 1019 saved to checkpoints/etas_20260330-183526/last_model_1.pth
2026-03-30 18:36:35,920 INFO src.train.trainer: Epoch 1020
2026-03-30 18:36:35,989 INFO src.train.trainer: New best validation loss: -5.7176, saved to checkpoints/etas_20260330-183526/best_model_1.pth
2026-03-30 18:36:35,991 INFO src.train.trainer: Last model at epoch 1020 saved to checkpoints/etas_20260330-183526/last_model_1.pth
2026-03-30 18:36:35,991 INFO src.train.trainer: Epoch 1021
2026-03-30 18:36:36,061 INFO src.train.trainer: New best validation loss: -5.7179, saved to checkpoints/etas_20260330-183526/best_model_1.pth
2026-03-30 18:36:36,064 INFO src.train.trainer: Last model at epoch 1021 saved to checkpoints/etas_20260330-183526/last_model_1.pth
2026-03-30 18:36:36,064 INFO src.train.trainer: Epoch 1022
2026-03-30 18:36:36,133 INFO src.train.trainer: New best validation loss: -5.7181, saved to checkpoints/etas_20260330-183526/best_model_1.pth
2026-03-30 18:36:36,136 INFO src.train.trainer: Last model at epoch 1022 saved to checkpoints/etas_20260330-183526/last_model_1.pth
2026-03-30 18:36:36,136 INFO src.train.trainer: Epoch 1023
2026-03-30 18:36:36,202 INFO src.train.trainer: New best validation loss: -5.7182, saved to checkpoints/etas_20260330-183526/best_model_1.pth
2026-03-30 18:36:36,205 INFO src.train.trainer: Last model at epoch 1023 saved to checkpoints/etas_20260330-183526/last_model_1.pth
2026-03-30 18:36:36,205 INFO src.train.trainer: Epoch 1024
2026-03-30 18:36:36,278 INFO src.train.trainer: New best validation loss: -5.7184, saved to checkpoints/etas_20260330-183526/best_model_1.pth
2026-03-30 18:36:36,280 INFO src.train.trainer: Last model at epoch 1024 saved to checkpoints/etas_20260330-183526/last_model_1.pth
2026-03-30 18:36:36,280 INFO src.train.trainer: Epoch 1025
2026-03-30 18:36:36,354 INFO src.train.trainer: New best validation loss: -5.7186, saved to checkpoints/etas_20260330-183526/best_model_1.pth
2026-03-30 18:36:36,356 INFO src.train.trainer: Last model at epoch 1025 saved to checkpoints/etas_20260330-183526/last_model_1.pth
2026-03-30 18:36:36,356 INFO src.train.trainer: Epoch 1026
2026-03-30 18:36:36,426 INFO src.train.trainer: New best validation loss: -5.7188, saved to checkpoints/etas_20260330-183526/best_model_1.pth
2026-03-30 18:36:36,428 INFO src.train.trainer: Last model at epoch 1026 saved to checkpoints/etas_20260330-183526/last_model_1.pth
2026-03-30 18:36:36,429 INFO src.train.trainer: Epoch 1027
2026-03-30 18:36:36,498 INFO src.train.trainer: New best validation loss: -5.7190, saved to checkpoints/etas_20260330-183526/best_model_1.pth
2026-03-30 18:36:36,501 INFO src.train.trainer: Last model at epoch 1027 saved to checkpoints/etas_20260330-183526/last_model_1.pth
2026-03-30 18:36:36,501 INFO src.train.trainer: Epoch 1028
2026-03-30 18:36:36,567 INFO src.train.trainer: New best validation loss: -5.7192, saved to checkpoints/etas_20260330-183526/best_model_1.pth
2026-03-30 18:36:36,569 INFO src.train.trainer: Last model at epoch 1028 saved to checkpoints/etas_20260330-183526/last_model_1.pth
2026-03-30 18:36:36,569 INFO src.train.trainer: Epoch 1029
2026-03-30 18:36:36,634 INFO src.train.trainer: New best validation loss: -5.7193, saved to checkpoints/etas_20260330-183526/best_model_1.pth
2026-03-30 18:36:36,637 INFO src.train.trainer: Last model at epoch 1029 saved to checkpoints/etas_20260330-183526/last_model_1.pth
2026-03-30 18:36:36,637 INFO src.train.trainer: Epoch 1030
2026-03-30 18:36:36,704 INFO src.train.trainer: New best validation loss: -5.7195, saved to checkpoints/etas_20260330-183526/best_model_1.pth
2026-03-30 18:36:36,706 INFO src.train.trainer: Last model at epoch 1030 saved to checkpoints/etas_20260330-183526/last_model_1.pth
2026-03-30 18:36:36,706 INFO src.train.trainer: Epoch 1031
2026-03-30 18:36:36,776 INFO src.train.trainer: New best validation loss: -5.7197, saved to checkpoints/etas_20260330-183526/best_model_1.pth
2026-03-30 18:36:36,779 INFO src.train.trainer: Last model at epoch 1031 saved to checkpoints/etas_20260330-183526/last_model_1.pth
2026-03-30 18:36:36,779 INFO src.train.trainer: Epoch 1032
2026-03-30 18:36:36,848 INFO src.train.trainer: New best validation loss: -5.7199, saved to checkpoints/etas_20260330-183526/best_model_1.pth
2026-03-30 18:36:36,850 INFO src.train.trainer: Last model at epoch 1032 saved to checkpoints/etas_20260330-183526/last_model_1.pth
2026-03-30 18:36:36,850 INFO src.train.trainer: Epoch 1033
2026-03-30 18:36:36,923 INFO src.train.trainer: New best validation loss: -5.7200, saved to checkpoints/etas_20260330-183526/best_model_1.pth
2026-03-30 18:36:36,925 INFO src.train.trainer: Last model at epoch 1033 saved to checkpoints/etas_20260330-183526/last_model_1.pth
2026-03-30 18:36:36,926 INFO src.train.trainer: Epoch 1034
2026-03-30 18:36:36,998 INFO src.train.trainer: New best validation loss: -5.7202, saved to checkpoints/etas_20260330-183526/best_model_1.pth
2026-03-30 18:36:37,000 INFO src.train.trainer: Last model at epoch 1034 saved to checkpoints/etas_20260330-183526/last_model_1.pth
2026-03-30 18:36:37,000 INFO src.train.trainer: Epoch 1035
2026-03-30 18:36:37,066 INFO src.train.trainer: New best validation loss: -5.7204, saved to checkpoints/etas_20260330-183526/best_model_1.pth
2026-03-30 18:36:37,068 INFO src.train.trainer: Last model at epoch 1035 saved to checkpoints/etas_20260330-183526/last_model_1.pth
2026-03-30 18:36:37,068 INFO src.train.trainer: Epoch 1036
2026-03-30 18:36:37,138 INFO src.train.trainer: New best validation loss: -5.7205, saved to checkpoints/etas_20260330-183526/best_model_1.pth
2026-03-30 18:36:37,140 INFO src.train.trainer: Last model at epoch 1036 saved to checkpoints/etas_20260330-183526/last_model_1.pth
2026-03-30 18:36:37,140 INFO src.train.trainer: Epoch 1037
2026-03-30 18:36:37,203 INFO src.train.trainer: New best validation loss: -5.7207, saved to checkpoints/etas_20260330-183526/best_model_1.pth
2026-03-30 18:36:37,206 INFO src.train.trainer: Last model at epoch 1037 saved to checkpoints/etas_20260330-183526/last_model_1.pth
2026-03-30 18:36:37,206 INFO src.train.trainer: Epoch 1038
2026-03-30 18:36:37,269 INFO src.train.trainer: New best validation loss: -5.7208, saved to checkpoints/etas_20260330-183526/best_model_1.pth
2026-03-30 18:36:37,271 INFO src.train.trainer: Last model at epoch 1038 saved to checkpoints/etas_20260330-183526/last_model_1.pth
2026-03-30 18:36:37,271 INFO src.train.trainer: Epoch 1039
2026-03-30 18:36:37,339 INFO src.train.trainer: New best validation loss: -5.7209, saved to checkpoints/etas_20260330-183526/best_model_1.pth
2026-03-30 18:36:37,341 INFO src.train.trainer: Last model at epoch 1039 saved to checkpoints/etas_20260330-183526/last_model_1.pth
2026-03-30 18:36:37,341 INFO src.train.trainer: Epoch 1040
2026-03-30 18:36:37,409 INFO src.train.trainer: New best validation loss: -5.7210, saved to checkpoints/etas_20260330-183526/best_model_1.pth
2026-03-30 18:36:37,411 INFO src.train.trainer: Last model at epoch 1040 saved to checkpoints/etas_20260330-183526/last_model_1.pth
2026-03-30 18:36:37,411 INFO src.train.trainer: Epoch 1041
2026-03-30 18:36:37,475 INFO src.train.trainer: New best validation loss: -5.7211, saved to checkpoints/etas_20260330-183526/best_model_1.pth
2026-03-30 18:36:37,478 INFO src.train.trainer: Last model at epoch 1041 saved to checkpoints/etas_20260330-183526/last_model_1.pth
2026-03-30 18:36:37,478 INFO src.train.trainer: Epoch 1042
2026-03-30 18:36:37,547 INFO src.train.trainer: New best validation loss: -5.7213, saved to checkpoints/etas_20260330-183526/best_model_1.pth
2026-03-30 18:36:37,549 INFO src.train.trainer: Last model at epoch 1042 saved to checkpoints/etas_20260330-183526/last_model_1.pth
2026-03-30 18:36:37,549 INFO src.train.trainer: Epoch 1043
2026-03-30 18:36:37,618 INFO src.train.trainer: New best validation loss: -5.7214, saved to checkpoints/etas_20260330-183526/best_model_1.pth
2026-03-30 18:36:37,620 INFO src.train.trainer: Last model at epoch 1043 saved to checkpoints/etas_20260330-183526/last_model_1.pth
2026-03-30 18:36:37,620 INFO src.train.trainer: Epoch 1044
2026-03-30 18:36:37,688 INFO src.train.trainer: New best validation loss: -5.7216, saved to checkpoints/etas_20260330-183526/best_model_1.pth
2026-03-30 18:36:37,691 INFO src.train.trainer: Last model at epoch 1044 saved to checkpoints/etas_20260330-183526/last_model_1.pth
2026-03-30 18:36:37,691 INFO src.train.trainer: Epoch 1045
2026-03-30 18:36:37,761 INFO src.train.trainer: New best validation loss: -5.7218, saved to checkpoints/etas_20260330-183526/best_model_1.pth
2026-03-30 18:36:37,763 INFO src.train.trainer: Last model at epoch 1045 saved to checkpoints/etas_20260330-183526/last_model_1.pth
2026-03-30 18:36:37,764 INFO src.train.trainer: Epoch 1046
2026-03-30 18:36:37,833 INFO src.train.trainer: New best validation loss: -5.7219, saved to checkpoints/etas_20260330-183526/best_model_1.pth
2026-03-30 18:36:37,835 INFO src.train.trainer: Last model at epoch 1046 saved to checkpoints/etas_20260330-183526/last_model_1.pth
2026-03-30 18:36:37,835 INFO src.train.trainer: Epoch 1047
2026-03-30 18:36:37,906 INFO src.train.trainer: New best validation loss: -5.7221, saved to checkpoints/etas_20260330-183526/best_model_1.pth
2026-03-30 18:36:37,908 INFO src.train.trainer: Last model at epoch 1047 saved to checkpoints/etas_20260330-183526/last_model_1.pth
2026-03-30 18:36:37,908 INFO src.train.trainer: Epoch 1048
2026-03-30 18:36:37,979 INFO src.train.trainer: New best validation loss: -5.7223, saved to checkpoints/etas_20260330-183526/best_model_1.pth
2026-03-30 18:36:37,982 INFO src.train.trainer: Last model at epoch 1048 saved to checkpoints/etas_20260330-183526/last_model_1.pth
2026-03-30 18:36:37,982 INFO src.train.trainer: Epoch 1049
2026-03-30 18:36:38,051 INFO src.train.trainer: New best validation loss: -5.7225, saved to checkpoints/etas_20260330-183526/best_model_1.pth
2026-03-30 18:36:38,053 INFO src.train.trainer: Last model at epoch 1049 saved to checkpoints/etas_20260330-183526/last_model_1.pth
2026-03-30 18:36:38,053 INFO src.train.trainer: Epoch 1050
2026-03-30 18:36:38,122 INFO src.train.trainer: New best validation loss: -5.7227, saved to checkpoints/etas_20260330-183526/best_model_1.pth
2026-03-30 18:36:38,125 INFO src.train.trainer: Last model at epoch 1050 saved to checkpoints/etas_20260330-183526/last_model_1.pth
2026-03-30 18:36:38,125 INFO src.train.trainer: Epoch 1051
2026-03-30 18:36:38,195 INFO src.train.trainer: New best validation loss: -5.7228, saved to checkpoints/etas_20260330-183526/best_model_1.pth
2026-03-30 18:36:38,198 INFO src.train.trainer: Last model at epoch 1051 saved to checkpoints/etas_20260330-183526/last_model_1.pth
2026-03-30 18:36:38,198 INFO src.train.trainer: Epoch 1052
2026-03-30 18:36:38,269 INFO src.train.trainer: New best validation loss: -5.7229, saved to checkpoints/etas_20260330-183526/best_model_1.pth
2026-03-30 18:36:38,271 INFO src.train.trainer: Last model at epoch 1052 saved to checkpoints/etas_20260330-183526/last_model_1.pth
2026-03-30 18:36:38,271 INFO src.train.trainer: Epoch 1053
2026-03-30 18:36:38,339 INFO src.train.trainer: New best validation loss: -5.7230, saved to checkpoints/etas_20260330-183526/best_model_1.pth
2026-03-30 18:36:38,343 INFO src.train.trainer: Last model at epoch 1053 saved to checkpoints/etas_20260330-183526/last_model_1.pth
2026-03-30 18:36:38,343 INFO src.train.trainer: Epoch 1054
2026-03-30 18:36:38,434 INFO src.train.trainer: New best validation loss: -5.7231, saved to checkpoints/etas_20260330-183526/best_model_1.pth
2026-03-30 18:36:38,436 INFO src.train.trainer: Last model at epoch 1054 saved to checkpoints/etas_20260330-183526/last_model_1.pth
2026-03-30 18:36:38,436 INFO src.train.trainer: Epoch 1055
2026-03-30 18:36:38,495 INFO src.train.trainer: New best validation loss: -5.7233, saved to checkpoints/etas_20260330-183526/best_model_1.pth
2026-03-30 18:36:38,497 INFO src.train.trainer: Last model at epoch 1055 saved to checkpoints/etas_20260330-183526/last_model_1.pth
2026-03-30 18:36:38,498 INFO src.train.trainer: Epoch 1056
2026-03-30 18:36:38,551 INFO src.train.trainer: New best validation loss: -5.7234, saved to checkpoints/etas_20260330-183526/best_model_1.pth
2026-03-30 18:36:38,553 INFO src.train.trainer: Last model at epoch 1056 saved to checkpoints/etas_20260330-183526/last_model_1.pth
2026-03-30 18:36:38,553 INFO src.train.trainer: Epoch 1057
2026-03-30 18:36:38,604 INFO src.train.trainer: New best validation loss: -5.7235, saved to checkpoints/etas_20260330-183526/best_model_1.pth
2026-03-30 18:36:38,606 INFO src.train.trainer: Last model at epoch 1057 saved to checkpoints/etas_20260330-183526/last_model_1.pth
2026-03-30 18:36:38,606 INFO src.train.trainer: Epoch 1058
2026-03-30 18:36:38,654 INFO src.train.trainer: New best validation loss: -5.7236, saved to checkpoints/etas_20260330-183526/best_model_1.pth
2026-03-30 18:36:38,656 INFO src.train.trainer: Last model at epoch 1058 saved to checkpoints/etas_20260330-183526/last_model_1.pth
2026-03-30 18:36:38,656 INFO src.train.trainer: Epoch 1059
2026-03-30 18:36:38,708 INFO src.train.trainer: New best validation loss: -5.7237, saved to checkpoints/etas_20260330-183526/best_model_1.pth
2026-03-30 18:36:38,710 INFO src.train.trainer: Last model at epoch 1059 saved to checkpoints/etas_20260330-183526/last_model_1.pth
2026-03-30 18:36:38,710 INFO src.train.trainer: Epoch 1060
2026-03-30 18:36:38,759 INFO src.train.trainer: New best validation loss: -5.7239, saved to checkpoints/etas_20260330-183526/best_model_1.pth
2026-03-30 18:36:38,761 INFO src.train.trainer: Last model at epoch 1060 saved to checkpoints/etas_20260330-183526/last_model_1.pth
2026-03-30 18:36:38,761 INFO src.train.trainer: Epoch 1061
2026-03-30 18:36:38,810 INFO src.train.trainer: New best validation loss: -5.7240, saved to checkpoints/etas_20260330-183526/best_model_1.pth
2026-03-30 18:36:38,812 INFO src.train.trainer: Last model at epoch 1061 saved to checkpoints/etas_20260330-183526/last_model_1.pth
2026-03-30 18:36:38,812 INFO src.train.trainer: Epoch 1062
2026-03-30 18:36:38,863 INFO src.train.trainer: New best validation loss: -5.7241, saved to checkpoints/etas_20260330-183526/best_model_1.pth
2026-03-30 18:36:38,865 INFO src.train.trainer: Last model at epoch 1062 saved to checkpoints/etas_20260330-183526/last_model_1.pth
2026-03-30 18:36:38,865 INFO src.train.trainer: Epoch 1063
2026-03-30 18:36:38,918 INFO src.train.trainer: New best validation loss: -5.7242, saved to checkpoints/etas_20260330-183526/best_model_1.pth
2026-03-30 18:36:38,920 INFO src.train.trainer: Last model at epoch 1063 saved to checkpoints/etas_20260330-183526/last_model_1.pth
2026-03-30 18:36:38,920 INFO src.train.trainer: Epoch 1064
2026-03-30 18:36:38,974 INFO src.train.trainer: New best validation loss: -5.7243, saved to checkpoints/etas_20260330-183526/best_model_1.pth
2026-03-30 18:36:38,976 INFO src.train.trainer: Last model at epoch 1064 saved to checkpoints/etas_20260330-183526/last_model_1.pth
2026-03-30 18:36:38,976 INFO src.train.trainer: Epoch 1065
2026-03-30 18:36:39,029 INFO src.train.trainer: New best validation loss: -5.7245, saved to checkpoints/etas_20260330-183526/best_model_1.pth
2026-03-30 18:36:39,031 INFO src.train.trainer: Last model at epoch 1065 saved to checkpoints/etas_20260330-183526/last_model_1.pth
2026-03-30 18:36:39,031 INFO src.train.trainer: Epoch 1066
2026-03-30 18:36:39,088 INFO src.train.trainer: New best validation loss: -5.7247, saved to checkpoints/etas_20260330-183526/best_model_1.pth
2026-03-30 18:36:39,090 INFO src.train.trainer: Last model at epoch 1066 saved to checkpoints/etas_20260330-183526/last_model_1.pth
2026-03-30 18:36:39,090 INFO src.train.trainer: Epoch 1067
2026-03-30 18:36:39,147 INFO src.train.trainer: New best validation loss: -5.7249, saved to checkpoints/etas_20260330-183526/best_model_1.pth
2026-03-30 18:36:39,149 INFO src.train.trainer: Last model at epoch 1067 saved to checkpoints/etas_20260330-183526/last_model_1.pth
2026-03-30 18:36:39,149 INFO src.train.trainer: Epoch 1068
2026-03-30 18:36:39,205 INFO src.train.trainer: New best validation loss: -5.7251, saved to checkpoints/etas_20260330-183526/best_model_1.pth
2026-03-30 18:36:39,207 INFO src.train.trainer: Last model at epoch 1068 saved to checkpoints/etas_20260330-183526/last_model_1.pth
2026-03-30 18:36:39,207 INFO src.train.trainer: Epoch 1069
2026-03-30 18:36:39,267 INFO src.train.trainer: New best validation loss: -5.7253, saved to checkpoints/etas_20260330-183526/best_model_1.pth
2026-03-30 18:36:39,269 INFO src.train.trainer: Last model at epoch 1069 saved to checkpoints/etas_20260330-183526/last_model_1.pth
2026-03-30 18:36:39,269 INFO src.train.trainer: Epoch 1070
2026-03-30 18:36:39,332 INFO src.train.trainer: New best validation loss: -5.7254, saved to checkpoints/etas_20260330-183526/best_model_1.pth
2026-03-30 18:36:39,335 INFO src.train.trainer: Last model at epoch 1070 saved to checkpoints/etas_20260330-183526/last_model_1.pth
2026-03-30 18:36:39,335 INFO src.train.trainer: Epoch 1071
2026-03-30 18:36:39,399 INFO src.train.trainer: New best validation loss: -5.7257, saved to checkpoints/etas_20260330-183526/best_model_1.pth
2026-03-30 18:36:39,402 INFO src.train.trainer: Last model at epoch 1071 saved to checkpoints/etas_20260330-183526/last_model_1.pth
2026-03-30 18:36:39,402 INFO src.train.trainer: Epoch 1072
2026-03-30 18:36:39,468 INFO src.train.trainer: New best validation loss: -5.7259, saved to checkpoints/etas_20260330-183526/best_model_1.pth
2026-03-30 18:36:39,470 INFO src.train.trainer: Last model at epoch 1072 saved to checkpoints/etas_20260330-183526/last_model_1.pth
2026-03-30 18:36:39,470 INFO src.train.trainer: Epoch 1073
2026-03-30 18:36:39,533 INFO src.train.trainer: New best validation loss: -5.7261, saved to checkpoints/etas_20260330-183526/best_model_1.pth
2026-03-30 18:36:39,535 INFO src.train.trainer: Last model at epoch 1073 saved to checkpoints/etas_20260330-183526/last_model_1.pth
2026-03-30 18:36:39,535 INFO src.train.trainer: Epoch 1074
2026-03-30 18:36:39,601 INFO src.train.trainer: New best validation loss: -5.7262, saved to checkpoints/etas_20260330-183526/best_model_1.pth
2026-03-30 18:36:39,603 INFO src.train.trainer: Last model at epoch 1074 saved to checkpoints/etas_20260330-183526/last_model_1.pth
2026-03-30 18:36:39,603 INFO src.train.trainer: Epoch 1075
2026-03-30 18:36:39,671 INFO src.train.trainer: New best validation loss: -5.7264, saved to checkpoints/etas_20260330-183526/best_model_1.pth
2026-03-30 18:36:39,673 INFO src.train.trainer: Last model at epoch 1075 saved to checkpoints/etas_20260330-183526/last_model_1.pth
2026-03-30 18:36:39,673 INFO src.train.trainer: Epoch 1076
2026-03-30 18:36:39,746 INFO src.train.trainer: New best validation loss: -5.7266, saved to checkpoints/etas_20260330-183526/best_model_1.pth
2026-03-30 18:36:39,748 INFO src.train.trainer: Last model at epoch 1076 saved to checkpoints/etas_20260330-183526/last_model_1.pth
2026-03-30 18:36:39,748 INFO src.train.trainer: Epoch 1077
2026-03-30 18:36:39,811 INFO src.train.trainer: New best validation loss: -5.7268, saved to checkpoints/etas_20260330-183526/best_model_1.pth
2026-03-30 18:36:39,813 INFO src.train.trainer: Last model at epoch 1077 saved to checkpoints/etas_20260330-183526/last_model_1.pth
2026-03-30 18:36:39,813 INFO src.train.trainer: Epoch 1078
2026-03-30 18:36:39,879 INFO src.train.trainer: New best validation loss: -5.7269, saved to checkpoints/etas_20260330-183526/best_model_1.pth
2026-03-30 18:36:39,881 INFO src.train.trainer: Last model at epoch 1078 saved to checkpoints/etas_20260330-183526/last_model_1.pth
2026-03-30 18:36:39,881 INFO src.train.trainer: Epoch 1079
2026-03-30 18:36:39,949 INFO src.train.trainer: New best validation loss: -5.7271, saved to checkpoints/etas_20260330-183526/best_model_1.pth
2026-03-30 18:36:39,951 INFO src.train.trainer: Last model at epoch 1079 saved to checkpoints/etas_20260330-183526/last_model_1.pth
2026-03-30 18:36:39,951 INFO src.train.trainer: Epoch 1080
2026-03-30 18:36:40,016 INFO src.train.trainer: New best validation loss: -5.7272, saved to checkpoints/etas_20260330-183526/best_model_1.pth
2026-03-30 18:36:40,018 INFO src.train.trainer: Last model at epoch 1080 saved to checkpoints/etas_20260330-183526/last_model_1.pth
2026-03-30 18:36:40,018 INFO src.train.trainer: Epoch 1081
2026-03-30 18:36:40,082 INFO src.train.trainer: New best validation loss: -5.7273, saved to checkpoints/etas_20260330-183526/best_model_1.pth
2026-03-30 18:36:40,084 INFO src.train.trainer: Last model at epoch 1081 saved to checkpoints/etas_20260330-183526/last_model_1.pth
2026-03-30 18:36:40,084 INFO src.train.trainer: Epoch 1082
2026-03-30 18:36:40,148 INFO src.train.trainer: New best validation loss: -5.7274, saved to checkpoints/etas_20260330-183526/best_model_1.pth
2026-03-30 18:36:40,150 INFO src.train.trainer: Last model at epoch 1082 saved to checkpoints/etas_20260330-183526/last_model_1.pth
2026-03-30 18:36:40,150 INFO src.train.trainer: Epoch 1083
2026-03-30 18:36:40,217 INFO src.train.trainer: New best validation loss: -5.7275, saved to checkpoints/etas_20260330-183526/best_model_1.pth
2026-03-30 18:36:40,220 INFO src.train.trainer: Last model at epoch 1083 saved to checkpoints/etas_20260330-183526/last_model_1.pth
2026-03-30 18:36:40,220 INFO src.train.trainer: Epoch 1084
2026-03-30 18:36:40,285 INFO src.train.trainer: New best validation loss: -5.7275, saved to checkpoints/etas_20260330-183526/best_model_1.pth
2026-03-30 18:36:40,288 INFO src.train.trainer: Last model at epoch 1084 saved to checkpoints/etas_20260330-183526/last_model_1.pth
2026-03-30 18:36:40,288 INFO src.train.trainer: Epoch 1085
2026-03-30 18:36:40,353 INFO src.train.trainer: New best validation loss: -5.7276, saved to checkpoints/etas_20260330-183526/best_model_1.pth
2026-03-30 18:36:40,355 INFO src.train.trainer: Last model at epoch 1085 saved to checkpoints/etas_20260330-183526/last_model_1.pth
2026-03-30 18:36:40,355 INFO src.train.trainer: Epoch 1086
2026-03-30 18:36:40,425 INFO src.train.trainer: New best validation loss: -5.7277, saved to checkpoints/etas_20260330-183526/best_model_1.pth
2026-03-30 18:36:40,427 INFO src.train.trainer: Last model at epoch 1086 saved to checkpoints/etas_20260330-183526/last_model_1.pth
2026-03-30 18:36:40,427 INFO src.train.trainer: Epoch 1087
2026-03-30 18:36:40,495 INFO src.train.trainer: New best validation loss: -5.7279, saved to checkpoints/etas_20260330-183526/best_model_1.pth
2026-03-30 18:36:40,497 INFO src.train.trainer: Last model at epoch 1087 saved to checkpoints/etas_20260330-183526/last_model_1.pth
2026-03-30 18:36:40,497 INFO src.train.trainer: Epoch 1088
2026-03-30 18:36:40,564 INFO src.train.trainer: New best validation loss: -5.7280, saved to checkpoints/etas_20260330-183526/best_model_1.pth
2026-03-30 18:36:40,566 INFO src.train.trainer: Last model at epoch 1088 saved to checkpoints/etas_20260330-183526/last_model_1.pth
2026-03-30 18:36:40,566 INFO src.train.trainer: Epoch 1089
2026-03-30 18:36:40,637 INFO src.train.trainer: New best validation loss: -5.7281, saved to checkpoints/etas_20260330-183526/best_model_1.pth
2026-03-30 18:36:40,640 INFO src.train.trainer: Last model at epoch 1089 saved to checkpoints/etas_20260330-183526/last_model_1.pth
2026-03-30 18:36:40,640 INFO src.train.trainer: Epoch 1090
2026-03-30 18:36:40,708 INFO src.train.trainer: New best validation loss: -5.7282, saved to checkpoints/etas_20260330-183526/best_model_1.pth
2026-03-30 18:36:40,710 INFO src.train.trainer: Last model at epoch 1090 saved to checkpoints/etas_20260330-183526/last_model_1.pth
2026-03-30 18:36:40,710 INFO src.train.trainer: Epoch 1091
2026-03-30 18:36:40,777 INFO src.train.trainer: New best validation loss: -5.7284, saved to checkpoints/etas_20260330-183526/best_model_1.pth
2026-03-30 18:36:40,780 INFO src.train.trainer: Last model at epoch 1091 saved to checkpoints/etas_20260330-183526/last_model_1.pth
2026-03-30 18:36:40,780 INFO src.train.trainer: Epoch 1092
2026-03-30 18:36:40,850 INFO src.train.trainer: New best validation loss: -5.7285, saved to checkpoints/etas_20260330-183526/best_model_1.pth
2026-03-30 18:36:40,852 INFO src.train.trainer: Last model at epoch 1092 saved to checkpoints/etas_20260330-183526/last_model_1.pth
2026-03-30 18:36:40,852 INFO src.train.trainer: Epoch 1093
2026-03-30 18:36:40,918 INFO src.train.trainer: New best validation loss: -5.7287, saved to checkpoints/etas_20260330-183526/best_model_1.pth
2026-03-30 18:36:40,920 INFO src.train.trainer: Last model at epoch 1093 saved to checkpoints/etas_20260330-183526/last_model_1.pth
2026-03-30 18:36:40,920 INFO src.train.trainer: Epoch 1094
2026-03-30 18:36:40,989 INFO src.train.trainer: New best validation loss: -5.7289, saved to checkpoints/etas_20260330-183526/best_model_1.pth
2026-03-30 18:36:40,991 INFO src.train.trainer: Last model at epoch 1094 saved to checkpoints/etas_20260330-183526/last_model_1.pth
2026-03-30 18:36:40,991 INFO src.train.trainer: Epoch 1095
2026-03-30 18:36:41,056 INFO src.train.trainer: New best validation loss: -5.7290, saved to checkpoints/etas_20260330-183526/best_model_1.pth
2026-03-30 18:36:41,059 INFO src.train.trainer: Last model at epoch 1095 saved to checkpoints/etas_20260330-183526/last_model_1.pth
2026-03-30 18:36:41,059 INFO src.train.trainer: Epoch 1096
2026-03-30 18:36:41,128 INFO src.train.trainer: New best validation loss: -5.7292, saved to checkpoints/etas_20260330-183526/best_model_1.pth
2026-03-30 18:36:41,130 INFO src.train.trainer: Last model at epoch 1096 saved to checkpoints/etas_20260330-183526/last_model_1.pth
2026-03-30 18:36:41,130 INFO src.train.trainer: Epoch 1097
2026-03-30 18:36:41,198 INFO src.train.trainer: New best validation loss: -5.7293, saved to checkpoints/etas_20260330-183526/best_model_1.pth
2026-03-30 18:36:41,200 INFO src.train.trainer: Last model at epoch 1097 saved to checkpoints/etas_20260330-183526/last_model_1.pth
2026-03-30 18:36:41,200 INFO src.train.trainer: Epoch 1098
2026-03-30 18:36:41,263 INFO src.train.trainer: New best validation loss: -5.7295, saved to checkpoints/etas_20260330-183526/best_model_1.pth
2026-03-30 18:36:41,265 INFO src.train.trainer: Last model at epoch 1098 saved to checkpoints/etas_20260330-183526/last_model_1.pth
2026-03-30 18:36:41,265 INFO src.train.trainer: Epoch 1099
2026-03-30 18:36:41,329 INFO src.train.trainer: New best validation loss: -5.7296, saved to checkpoints/etas_20260330-183526/best_model_1.pth
2026-03-30 18:36:41,331 INFO src.train.trainer: Last model at epoch 1099 saved to checkpoints/etas_20260330-183526/last_model_1.pth
2026-03-30 18:36:41,331 INFO src.train.trainer: Epoch 1100
2026-03-30 18:36:41,399 INFO src.train.trainer: New best validation loss: -5.7297, saved to checkpoints/etas_20260330-183526/best_model_1.pth
2026-03-30 18:36:41,401 INFO src.train.trainer: Last model at epoch 1100 saved to checkpoints/etas_20260330-183526/last_model_1.pth
2026-03-30 18:36:41,401 INFO src.train.trainer: Epoch 1101
2026-03-30 18:36:41,465 INFO src.train.trainer: New best validation loss: -5.7298, saved to checkpoints/etas_20260330-183526/best_model_1.pth
2026-03-30 18:36:41,467 INFO src.train.trainer: Last model at epoch 1101 saved to checkpoints/etas_20260330-183526/last_model_1.pth
2026-03-30 18:36:41,467 INFO src.train.trainer: Epoch 1102
2026-03-30 18:36:41,534 INFO src.train.trainer: New best validation loss: -5.7299, saved to checkpoints/etas_20260330-183526/best_model_1.pth
2026-03-30 18:36:41,536 INFO src.train.trainer: Last model at epoch 1102 saved to checkpoints/etas_20260330-183526/last_model_1.pth
2026-03-30 18:36:41,537 INFO src.train.trainer: Epoch 1103
2026-03-30 18:36:41,603 INFO src.train.trainer: New best validation loss: -5.7299, saved to checkpoints/etas_20260330-183526/best_model_1.pth
2026-03-30 18:36:41,605 INFO src.train.trainer: Last model at epoch 1103 saved to checkpoints/etas_20260330-183526/last_model_1.pth
2026-03-30 18:36:41,605 INFO src.train.trainer: Epoch 1104
2026-03-30 18:36:41,669 INFO src.train.trainer: New best validation loss: -5.7300, saved to checkpoints/etas_20260330-183526/best_model_1.pth
2026-03-30 18:36:41,671 INFO src.train.trainer: Last model at epoch 1104 saved to checkpoints/etas_20260330-183526/last_model_1.pth
2026-03-30 18:36:41,671 INFO src.train.trainer: Epoch 1105
2026-03-30 18:36:41,737 INFO src.train.trainer: New best validation loss: -5.7301, saved to checkpoints/etas_20260330-183526/best_model_1.pth
2026-03-30 18:36:41,739 INFO src.train.trainer: Last model at epoch 1105 saved to checkpoints/etas_20260330-183526/last_model_1.pth
2026-03-30 18:36:41,739 INFO src.train.trainer: Epoch 1106
2026-03-30 18:36:41,802 INFO src.train.trainer: New best validation loss: -5.7302, saved to checkpoints/etas_20260330-183526/best_model_1.pth
2026-03-30 18:36:41,804 INFO src.train.trainer: Last model at epoch 1106 saved to checkpoints/etas_20260330-183526/last_model_1.pth
2026-03-30 18:36:41,804 INFO src.train.trainer: Epoch 1107
2026-03-30 18:36:41,869 INFO src.train.trainer: New best validation loss: -5.7303, saved to checkpoints/etas_20260330-183526/best_model_1.pth
2026-03-30 18:36:41,871 INFO src.train.trainer: Last model at epoch 1107 saved to checkpoints/etas_20260330-183526/last_model_1.pth
2026-03-30 18:36:41,871 INFO src.train.trainer: Epoch 1108
2026-03-30 18:36:41,936 INFO src.train.trainer: New best validation loss: -5.7304, saved to checkpoints/etas_20260330-183526/best_model_1.pth
2026-03-30 18:36:41,938 INFO src.train.trainer: Last model at epoch 1108 saved to checkpoints/etas_20260330-183526/last_model_1.pth
2026-03-30 18:36:41,938 INFO src.train.trainer: Epoch 1109
2026-03-30 18:36:42,009 INFO src.train.trainer: New best validation loss: -5.7305, saved to checkpoints/etas_20260330-183526/best_model_1.pth
2026-03-30 18:36:42,011 INFO src.train.trainer: Last model at epoch 1109 saved to checkpoints/etas_20260330-183526/last_model_1.pth
2026-03-30 18:36:42,011 INFO src.train.trainer: Epoch 1110
2026-03-30 18:36:42,074 INFO src.train.trainer: New best validation loss: -5.7307, saved to checkpoints/etas_20260330-183526/best_model_1.pth
2026-03-30 18:36:42,076 INFO src.train.trainer: Last model at epoch 1110 saved to checkpoints/etas_20260330-183526/last_model_1.pth
2026-03-30 18:36:42,076 INFO src.train.trainer: Epoch 1111
2026-03-30 18:36:42,138 INFO src.train.trainer: New best validation loss: -5.7308, saved to checkpoints/etas_20260330-183526/best_model_1.pth
2026-03-30 18:36:42,140 INFO src.train.trainer: Last model at epoch 1111 saved to checkpoints/etas_20260330-183526/last_model_1.pth
2026-03-30 18:36:42,140 INFO src.train.trainer: Epoch 1112
2026-03-30 18:36:42,220 INFO src.train.trainer: New best validation loss: -5.7310, saved to checkpoints/etas_20260330-183526/best_model_1.pth
2026-03-30 18:36:42,222 INFO src.train.trainer: Last model at epoch 1112 saved to checkpoints/etas_20260330-183526/last_model_1.pth
2026-03-30 18:36:42,222 INFO src.train.trainer: Epoch 1113
2026-03-30 18:36:42,279 INFO src.train.trainer: New best validation loss: -5.7312, saved to checkpoints/etas_20260330-183526/best_model_1.pth
2026-03-30 18:36:42,282 INFO src.train.trainer: Last model at epoch 1113 saved to checkpoints/etas_20260330-183526/last_model_1.pth
2026-03-30 18:36:42,282 INFO src.train.trainer: Epoch 1114
2026-03-30 18:36:42,343 INFO src.train.trainer: New best validation loss: -5.7314, saved to checkpoints/etas_20260330-183526/best_model_1.pth
2026-03-30 18:36:42,345 INFO src.train.trainer: Last model at epoch 1114 saved to checkpoints/etas_20260330-183526/last_model_1.pth
2026-03-30 18:36:42,345 INFO src.train.trainer: Epoch 1115
2026-03-30 18:36:42,407 INFO src.train.trainer: New best validation loss: -5.7316, saved to checkpoints/etas_20260330-183526/best_model_1.pth
2026-03-30 18:36:42,409 INFO src.train.trainer: Last model at epoch 1115 saved to checkpoints/etas_20260330-183526/last_model_1.pth
2026-03-30 18:36:42,410 INFO src.train.trainer: Epoch 1116
2026-03-30 18:36:42,472 INFO src.train.trainer: New best validation loss: -5.7317, saved to checkpoints/etas_20260330-183526/best_model_1.pth
2026-03-30 18:36:42,474 INFO src.train.trainer: Last model at epoch 1116 saved to checkpoints/etas_20260330-183526/last_model_1.pth
2026-03-30 18:36:42,474 INFO src.train.trainer: Epoch 1117
2026-03-30 18:36:42,534 INFO src.train.trainer: New best validation loss: -5.7319, saved to checkpoints/etas_20260330-183526/best_model_1.pth
2026-03-30 18:36:42,537 INFO src.train.trainer: Last model at epoch 1117 saved to checkpoints/etas_20260330-183526/last_model_1.pth
2026-03-30 18:36:42,537 INFO src.train.trainer: Epoch 1118
2026-03-30 18:36:42,603 INFO src.train.trainer: New best validation loss: -5.7320, saved to checkpoints/etas_20260330-183526/best_model_1.pth
2026-03-30 18:36:42,605 INFO src.train.trainer: Last model at epoch 1118 saved to checkpoints/etas_20260330-183526/last_model_1.pth
2026-03-30 18:36:42,605 INFO src.train.trainer: Epoch 1119
2026-03-30 18:36:42,665 INFO src.train.trainer: New best validation loss: -5.7322, saved to checkpoints/etas_20260330-183526/best_model_1.pth
2026-03-30 18:36:42,667 INFO src.train.trainer: Last model at epoch 1119 saved to checkpoints/etas_20260330-183526/last_model_1.pth
2026-03-30 18:36:42,667 INFO src.train.trainer: Epoch 1120
2026-03-30 18:36:42,728 INFO src.train.trainer: New best validation loss: -5.7323, saved to checkpoints/etas_20260330-183526/best_model_1.pth
2026-03-30 18:36:42,730 INFO src.train.trainer: Last model at epoch 1120 saved to checkpoints/etas_20260330-183526/last_model_1.pth
2026-03-30 18:36:42,730 INFO src.train.trainer: Epoch 1121
2026-03-30 18:36:42,794 INFO src.train.trainer: New best validation loss: -5.7325, saved to checkpoints/etas_20260330-183526/best_model_1.pth
2026-03-30 18:36:42,796 INFO src.train.trainer: Last model at epoch 1121 saved to checkpoints/etas_20260330-183526/last_model_1.pth
2026-03-30 18:36:42,796 INFO src.train.trainer: Epoch 1122
2026-03-30 18:36:42,860 INFO src.train.trainer: New best validation loss: -5.7326, saved to checkpoints/etas_20260330-183526/best_model_1.pth
2026-03-30 18:36:42,862 INFO src.train.trainer: Last model at epoch 1122 saved to checkpoints/etas_20260330-183526/last_model_1.pth
2026-03-30 18:36:42,862 INFO src.train.trainer: Epoch 1123
2026-03-30 18:36:42,922 INFO src.train.trainer: New best validation loss: -5.7327, saved to checkpoints/etas_20260330-183526/best_model_1.pth
2026-03-30 18:36:42,924 INFO src.train.trainer: Last model at epoch 1123 saved to checkpoints/etas_20260330-183526/last_model_1.pth
2026-03-30 18:36:42,924 INFO src.train.trainer: Epoch 1124
2026-03-30 18:36:42,985 INFO src.train.trainer: New best validation loss: -5.7329, saved to checkpoints/etas_20260330-183526/best_model_1.pth
2026-03-30 18:36:42,987 INFO src.train.trainer: Last model at epoch 1124 saved to checkpoints/etas_20260330-183526/last_model_1.pth
2026-03-30 18:36:42,987 INFO src.train.trainer: Epoch 1125
2026-03-30 18:36:43,053 INFO src.train.trainer: New best validation loss: -5.7330, saved to checkpoints/etas_20260330-183526/best_model_1.pth
2026-03-30 18:36:43,055 INFO src.train.trainer: Last model at epoch 1125 saved to checkpoints/etas_20260330-183526/last_model_1.pth
2026-03-30 18:36:43,055 INFO src.train.trainer: Epoch 1126
2026-03-30 18:36:43,122 INFO src.train.trainer: New best validation loss: -5.7331, saved to checkpoints/etas_20260330-183526/best_model_1.pth
2026-03-30 18:36:43,124 INFO src.train.trainer: Last model at epoch 1126 saved to checkpoints/etas_20260330-183526/last_model_1.pth
2026-03-30 18:36:43,124 INFO src.train.trainer: Epoch 1127
2026-03-30 18:36:43,190 INFO src.train.trainer: New best validation loss: -5.7333, saved to checkpoints/etas_20260330-183526/best_model_1.pth
2026-03-30 18:36:43,192 INFO src.train.trainer: Last model at epoch 1127 saved to checkpoints/etas_20260330-183526/last_model_1.pth
2026-03-30 18:36:43,192 INFO src.train.trainer: Epoch 1128
2026-03-30 18:36:43,263 INFO src.train.trainer: New best validation loss: -5.7334, saved to checkpoints/etas_20260330-183526/best_model_1.pth
2026-03-30 18:36:43,265 INFO src.train.trainer: Last model at epoch 1128 saved to checkpoints/etas_20260330-183526/last_model_1.pth
2026-03-30 18:36:43,265 INFO src.train.trainer: Epoch 1129
2026-03-30 18:36:43,330 INFO src.train.trainer: New best validation loss: -5.7336, saved to checkpoints/etas_20260330-183526/best_model_1.pth
2026-03-30 18:36:43,332 INFO src.train.trainer: Last model at epoch 1129 saved to checkpoints/etas_20260330-183526/last_model_1.pth
2026-03-30 18:36:43,332 INFO src.train.trainer: Epoch 1130
2026-03-30 18:36:43,397 INFO src.train.trainer: New best validation loss: -5.7337, saved to checkpoints/etas_20260330-183526/best_model_1.pth
2026-03-30 18:36:43,399 INFO src.train.trainer: Last model at epoch 1130 saved to checkpoints/etas_20260330-183526/last_model_1.pth
2026-03-30 18:36:43,399 INFO src.train.trainer: Epoch 1131
2026-03-30 18:36:43,469 INFO src.train.trainer: New best validation loss: -5.7339, saved to checkpoints/etas_20260330-183526/best_model_1.pth
2026-03-30 18:36:43,471 INFO src.train.trainer: Last model at epoch 1131 saved to checkpoints/etas_20260330-183526/last_model_1.pth
2026-03-30 18:36:43,472 INFO src.train.trainer: Epoch 1132
2026-03-30 18:36:43,533 INFO src.train.trainer: New best validation loss: -5.7340, saved to checkpoints/etas_20260330-183526/best_model_1.pth
2026-03-30 18:36:43,535 INFO src.train.trainer: Last model at epoch 1132 saved to checkpoints/etas_20260330-183526/last_model_1.pth
2026-03-30 18:36:43,535 INFO src.train.trainer: Epoch 1133
2026-03-30 18:36:43,601 INFO src.train.trainer: New best validation loss: -5.7342, saved to checkpoints/etas_20260330-183526/best_model_1.pth
2026-03-30 18:36:43,603 INFO src.train.trainer: Last model at epoch 1133 saved to checkpoints/etas_20260330-183526/last_model_1.pth
2026-03-30 18:36:43,603 INFO src.train.trainer: Epoch 1134
2026-03-30 18:36:43,667 INFO src.train.trainer: New best validation loss: -5.7344, saved to checkpoints/etas_20260330-183526/best_model_1.pth
2026-03-30 18:36:43,669 INFO src.train.trainer: Last model at epoch 1134 saved to checkpoints/etas_20260330-183526/last_model_1.pth
2026-03-30 18:36:43,669 INFO src.train.trainer: Epoch 1135
2026-03-30 18:36:43,736 INFO src.train.trainer: New best validation loss: -5.7345, saved to checkpoints/etas_20260330-183526/best_model_1.pth
2026-03-30 18:36:43,738 INFO src.train.trainer: Last model at epoch 1135 saved to checkpoints/etas_20260330-183526/last_model_1.pth
2026-03-30 18:36:43,738 INFO src.train.trainer: Epoch 1136
2026-03-30 18:36:43,804 INFO src.train.trainer: New best validation loss: -5.7346, saved to checkpoints/etas_20260330-183526/best_model_1.pth
2026-03-30 18:36:43,806 INFO src.train.trainer: Last model at epoch 1136 saved to checkpoints/etas_20260330-183526/last_model_1.pth
2026-03-30 18:36:43,806 INFO src.train.trainer: Epoch 1137
2026-03-30 18:36:43,870 INFO src.train.trainer: New best validation loss: -5.7347, saved to checkpoints/etas_20260330-183526/best_model_1.pth
2026-03-30 18:36:43,873 INFO src.train.trainer: Last model at epoch 1137 saved to checkpoints/etas_20260330-183526/last_model_1.pth
2026-03-30 18:36:43,873 INFO src.train.trainer: Epoch 1138
2026-03-30 18:36:43,937 INFO src.train.trainer: New best validation loss: -5.7348, saved to checkpoints/etas_20260330-183526/best_model_1.pth
2026-03-30 18:36:43,939 INFO src.train.trainer: Last model at epoch 1138 saved to checkpoints/etas_20260330-183526/last_model_1.pth
2026-03-30 18:36:43,939 INFO src.train.trainer: Epoch 1139
2026-03-30 18:36:44,001 INFO src.train.trainer: New best validation loss: -5.7349, saved to checkpoints/etas_20260330-183526/best_model_1.pth
2026-03-30 18:36:44,003 INFO src.train.trainer: Last model at epoch 1139 saved to checkpoints/etas_20260330-183526/last_model_1.pth
2026-03-30 18:36:44,003 INFO src.train.trainer: Epoch 1140
2026-03-30 18:36:44,064 INFO src.train.trainer: New best validation loss: -5.7350, saved to checkpoints/etas_20260330-183526/best_model_1.pth
2026-03-30 18:36:44,067 INFO src.train.trainer: Last model at epoch 1140 saved to checkpoints/etas_20260330-183526/last_model_1.pth
2026-03-30 18:36:44,067 INFO src.train.trainer: Epoch 1141
2026-03-30 18:36:44,132 INFO src.train.trainer: New best validation loss: -5.7352, saved to checkpoints/etas_20260330-183526/best_model_1.pth
2026-03-30 18:36:44,134 INFO src.train.trainer: Last model at epoch 1141 saved to checkpoints/etas_20260330-183526/last_model_1.pth
2026-03-30 18:36:44,134 INFO src.train.trainer: Epoch 1142
2026-03-30 18:36:44,194 INFO src.train.trainer: New best validation loss: -5.7353, saved to checkpoints/etas_20260330-183526/best_model_1.pth
2026-03-30 18:36:44,195 INFO src.train.trainer: Last model at epoch 1142 saved to checkpoints/etas_20260330-183526/last_model_1.pth
2026-03-30 18:36:44,196 INFO src.train.trainer: Epoch 1143
2026-03-30 18:36:44,256 INFO src.train.trainer: New best validation loss: -5.7354, saved to checkpoints/etas_20260330-183526/best_model_1.pth
2026-03-30 18:36:44,258 INFO src.train.trainer: Last model at epoch 1143 saved to checkpoints/etas_20260330-183526/last_model_1.pth
2026-03-30 18:36:44,258 INFO src.train.trainer: Epoch 1144
2026-03-30 18:36:44,322 INFO src.train.trainer: New best validation loss: -5.7356, saved to checkpoints/etas_20260330-183526/best_model_1.pth
2026-03-30 18:36:44,324 INFO src.train.trainer: Last model at epoch 1144 saved to checkpoints/etas_20260330-183526/last_model_1.pth
2026-03-30 18:36:44,324 INFO src.train.trainer: Epoch 1145
2026-03-30 18:36:44,385 INFO src.train.trainer: New best validation loss: -5.7358, saved to checkpoints/etas_20260330-183526/best_model_1.pth
2026-03-30 18:36:44,387 INFO src.train.trainer: Last model at epoch 1145 saved to checkpoints/etas_20260330-183526/last_model_1.pth
2026-03-30 18:36:44,387 INFO src.train.trainer: Epoch 1146
2026-03-30 18:36:44,448 INFO src.train.trainer: New best validation loss: -5.7359, saved to checkpoints/etas_20260330-183526/best_model_1.pth
2026-03-30 18:36:44,450 INFO src.train.trainer: Last model at epoch 1146 saved to checkpoints/etas_20260330-183526/last_model_1.pth
2026-03-30 18:36:44,450 INFO src.train.trainer: Epoch 1147
2026-03-30 18:36:44,511 INFO src.train.trainer: New best validation loss: -5.7361, saved to checkpoints/etas_20260330-183526/best_model_1.pth
2026-03-30 18:36:44,513 INFO src.train.trainer: Last model at epoch 1147 saved to checkpoints/etas_20260330-183526/last_model_1.pth
2026-03-30 18:36:44,513 INFO src.train.trainer: Epoch 1148
2026-03-30 18:36:44,575 INFO src.train.trainer: New best validation loss: -5.7363, saved to checkpoints/etas_20260330-183526/best_model_1.pth
2026-03-30 18:36:44,577 INFO src.train.trainer: Last model at epoch 1148 saved to checkpoints/etas_20260330-183526/last_model_1.pth
2026-03-30 18:36:44,577 INFO src.train.trainer: Epoch 1149
2026-03-30 18:36:44,641 INFO src.train.trainer: New best validation loss: -5.7365, saved to checkpoints/etas_20260330-183526/best_model_1.pth
2026-03-30 18:36:44,643 INFO src.train.trainer: Last model at epoch 1149 saved to checkpoints/etas_20260330-183526/last_model_1.pth
2026-03-30 18:36:44,643 INFO src.train.trainer: Epoch 1150
2026-03-30 18:36:44,706 INFO src.train.trainer: New best validation loss: -5.7366, saved to checkpoints/etas_20260330-183526/best_model_1.pth
2026-03-30 18:36:44,708 INFO src.train.trainer: Last model at epoch 1150 saved to checkpoints/etas_20260330-183526/last_model_1.pth
2026-03-30 18:36:44,708 INFO src.train.trainer: Epoch 1151
2026-03-30 18:36:44,772 INFO src.train.trainer: New best validation loss: -5.7368, saved to checkpoints/etas_20260330-183526/best_model_1.pth
2026-03-30 18:36:44,774 INFO src.train.trainer: Last model at epoch 1151 saved to checkpoints/etas_20260330-183526/last_model_1.pth
2026-03-30 18:36:44,774 INFO src.train.trainer: Epoch 1152
2026-03-30 18:36:44,838 INFO src.train.trainer: New best validation loss: -5.7369, saved to checkpoints/etas_20260330-183526/best_model_1.pth
2026-03-30 18:36:44,840 INFO src.train.trainer: Last model at epoch 1152 saved to checkpoints/etas_20260330-183526/last_model_1.pth
2026-03-30 18:36:44,841 INFO src.train.trainer: Epoch 1153
2026-03-30 18:36:44,916 INFO src.train.trainer: New best validation loss: -5.7370, saved to checkpoints/etas_20260330-183526/best_model_1.pth
2026-03-30 18:36:44,918 INFO src.train.trainer: Last model at epoch 1153 saved to checkpoints/etas_20260330-183526/last_model_1.pth
2026-03-30 18:36:44,919 INFO src.train.trainer: Epoch 1154
2026-03-30 18:36:44,990 INFO src.train.trainer: New best validation loss: -5.7371, saved to checkpoints/etas_20260330-183526/best_model_1.pth
2026-03-30 18:36:44,993 INFO src.train.trainer: Last model at epoch 1154 saved to checkpoints/etas_20260330-183526/last_model_1.pth
2026-03-30 18:36:44,993 INFO src.train.trainer: Epoch 1155
2026-03-30 18:36:45,056 INFO src.train.trainer: New best validation loss: -5.7373, saved to checkpoints/etas_20260330-183526/best_model_1.pth
2026-03-30 18:36:45,058 INFO src.train.trainer: Last model at epoch 1155 saved to checkpoints/etas_20260330-183526/last_model_1.pth
2026-03-30 18:36:45,059 INFO src.train.trainer: Epoch 1156
2026-03-30 18:36:45,121 INFO src.train.trainer: New best validation loss: -5.7374, saved to checkpoints/etas_20260330-183526/best_model_1.pth
2026-03-30 18:36:45,123 INFO src.train.trainer: Last model at epoch 1156 saved to checkpoints/etas_20260330-183526/last_model_1.pth
2026-03-30 18:36:45,123 INFO src.train.trainer: Epoch 1157
2026-03-30 18:36:45,186 INFO src.train.trainer: New best validation loss: -5.7375, saved to checkpoints/etas_20260330-183526/best_model_1.pth
2026-03-30 18:36:45,188 INFO src.train.trainer: Last model at epoch 1157 saved to checkpoints/etas_20260330-183526/last_model_1.pth
2026-03-30 18:36:45,188 INFO src.train.trainer: Epoch 1158
2026-03-30 18:36:45,338 INFO src.train.trainer: New best validation loss: -5.7376, saved to checkpoints/etas_20260330-183526/best_model_1.pth
2026-03-30 18:36:45,340 INFO src.train.trainer: Last model at epoch 1158 saved to checkpoints/etas_20260330-183526/last_model_1.pth
2026-03-30 18:36:45,341 INFO src.train.trainer: Epoch 1159
2026-03-30 18:36:45,405 INFO src.train.trainer: New best validation loss: -5.7377, saved to checkpoints/etas_20260330-183526/best_model_1.pth
2026-03-30 18:36:45,407 INFO src.train.trainer: Last model at epoch 1159 saved to checkpoints/etas_20260330-183526/last_model_1.pth
2026-03-30 18:36:45,407 INFO src.train.trainer: Epoch 1160
2026-03-30 18:36:45,473 INFO src.train.trainer: New best validation loss: -5.7379, saved to checkpoints/etas_20260330-183526/best_model_1.pth
2026-03-30 18:36:45,475 INFO src.train.trainer: Last model at epoch 1160 saved to checkpoints/etas_20260330-183526/last_model_1.pth
2026-03-30 18:36:45,476 INFO src.train.trainer: Epoch 1161
2026-03-30 18:36:45,546 INFO src.train.trainer: New best validation loss: -5.7380, saved to checkpoints/etas_20260330-183526/best_model_1.pth
2026-03-30 18:36:45,549 INFO src.train.trainer: Last model at epoch 1161 saved to checkpoints/etas_20260330-183526/last_model_1.pth
2026-03-30 18:36:45,549 INFO src.train.trainer: Epoch 1162
2026-03-30 18:36:45,618 INFO src.train.trainer: New best validation loss: -5.7381, saved to checkpoints/etas_20260330-183526/best_model_1.pth
2026-03-30 18:36:45,620 INFO src.train.trainer: Last model at epoch 1162 saved to checkpoints/etas_20260330-183526/last_model_1.pth
2026-03-30 18:36:45,620 INFO src.train.trainer: Epoch 1163
2026-03-30 18:36:45,687 INFO src.train.trainer: New best validation loss: -5.7382, saved to checkpoints/etas_20260330-183526/best_model_1.pth
2026-03-30 18:36:45,689 INFO src.train.trainer: Last model at epoch 1163 saved to checkpoints/etas_20260330-183526/last_model_1.pth
2026-03-30 18:36:45,689 INFO src.train.trainer: Epoch 1164
2026-03-30 18:36:45,735 INFO src.train.trainer: New best validation loss: -5.7383, saved to checkpoints/etas_20260330-183526/best_model_1.pth
2026-03-30 18:36:45,737 INFO src.train.trainer: Last model at epoch 1164 saved to checkpoints/etas_20260330-183526/last_model_1.pth
2026-03-30 18:36:45,737 INFO src.train.trainer: Epoch 1165
2026-03-30 18:36:45,795 INFO src.train.trainer: New best validation loss: -5.7384, saved to checkpoints/etas_20260330-183526/best_model_1.pth
2026-03-30 18:36:45,797 INFO src.train.trainer: Last model at epoch 1165 saved to checkpoints/etas_20260330-183526/last_model_1.pth
2026-03-30 18:36:45,797 INFO src.train.trainer: Epoch 1166
2026-03-30 18:36:45,850 INFO src.train.trainer: New best validation loss: -5.7386, saved to checkpoints/etas_20260330-183526/best_model_1.pth
2026-03-30 18:36:45,852 INFO src.train.trainer: Last model at epoch 1166 saved to checkpoints/etas_20260330-183526/last_model_1.pth
2026-03-30 18:36:45,853 INFO src.train.trainer: Epoch 1167
2026-03-30 18:36:45,903 INFO src.train.trainer: New best validation loss: -5.7387, saved to checkpoints/etas_20260330-183526/best_model_1.pth
2026-03-30 18:36:45,905 INFO src.train.trainer: Last model at epoch 1167 saved to checkpoints/etas_20260330-183526/last_model_1.pth
2026-03-30 18:36:45,905 INFO src.train.trainer: Epoch 1168
2026-03-30 18:36:45,956 INFO src.train.trainer: New best validation loss: -5.7389, saved to checkpoints/etas_20260330-183526/best_model_1.pth
2026-03-30 18:36:45,958 INFO src.train.trainer: Last model at epoch 1168 saved to checkpoints/etas_20260330-183526/last_model_1.pth
2026-03-30 18:36:45,958 INFO src.train.trainer: Epoch 1169
2026-03-30 18:36:46,014 INFO src.train.trainer: New best validation loss: -5.7390, saved to checkpoints/etas_20260330-183526/best_model_1.pth
2026-03-30 18:36:46,016 INFO src.train.trainer: Last model at epoch 1169 saved to checkpoints/etas_20260330-183526/last_model_1.pth
2026-03-30 18:36:46,016 INFO src.train.trainer: Epoch 1170
2026-03-30 18:36:46,073 INFO src.train.trainer: New best validation loss: -5.7391, saved to checkpoints/etas_20260330-183526/best_model_1.pth
2026-03-30 18:36:46,075 INFO src.train.trainer: Last model at epoch 1170 saved to checkpoints/etas_20260330-183526/last_model_1.pth
2026-03-30 18:36:46,075 INFO src.train.trainer: Epoch 1171
2026-03-30 18:36:46,137 INFO src.train.trainer: New best validation loss: -5.7392, saved to checkpoints/etas_20260330-183526/best_model_1.pth
2026-03-30 18:36:46,139 INFO src.train.trainer: Last model at epoch 1171 saved to checkpoints/etas_20260330-183526/last_model_1.pth
2026-03-30 18:36:46,139 INFO src.train.trainer: Epoch 1172
2026-03-30 18:36:46,200 INFO src.train.trainer: New best validation loss: -5.7393, saved to checkpoints/etas_20260330-183526/best_model_1.pth
2026-03-30 18:36:46,202 INFO src.train.trainer: Last model at epoch 1172 saved to checkpoints/etas_20260330-183526/last_model_1.pth
2026-03-30 18:36:46,202 INFO src.train.trainer: Epoch 1173
2026-03-30 18:36:46,260 INFO src.train.trainer: New best validation loss: -5.7394, saved to checkpoints/etas_20260330-183526/best_model_1.pth
2026-03-30 18:36:46,262 INFO src.train.trainer: Last model at epoch 1173 saved to checkpoints/etas_20260330-183526/last_model_1.pth
2026-03-30 18:36:46,263 INFO src.train.trainer: Epoch 1174
2026-03-30 18:36:46,325 INFO src.train.trainer: New best validation loss: -5.7395, saved to checkpoints/etas_20260330-183526/best_model_1.pth
2026-03-30 18:36:46,328 INFO src.train.trainer: Last model at epoch 1174 saved to checkpoints/etas_20260330-183526/last_model_1.pth
2026-03-30 18:36:46,328 INFO src.train.trainer: Epoch 1175
2026-03-30 18:36:46,390 INFO src.train.trainer: New best validation loss: -5.7396, saved to checkpoints/etas_20260330-183526/best_model_1.pth
2026-03-30 18:36:46,392 INFO src.train.trainer: Last model at epoch 1175 saved to checkpoints/etas_20260330-183526/last_model_1.pth
2026-03-30 18:36:46,392 INFO src.train.trainer: Epoch 1176
2026-03-30 18:36:46,454 INFO src.train.trainer: New best validation loss: -5.7398, saved to checkpoints/etas_20260330-183526/best_model_1.pth
2026-03-30 18:36:46,457 INFO src.train.trainer: Last model at epoch 1176 saved to checkpoints/etas_20260330-183526/last_model_1.pth
2026-03-30 18:36:46,457 INFO src.train.trainer: Epoch 1177
2026-03-30 18:36:46,519 INFO src.train.trainer: New best validation loss: -5.7399, saved to checkpoints/etas_20260330-183526/best_model_1.pth
2026-03-30 18:36:46,523 INFO src.train.trainer: Last model at epoch 1177 saved to checkpoints/etas_20260330-183526/last_model_1.pth
2026-03-30 18:36:46,523 INFO src.train.trainer: Epoch 1178
2026-03-30 18:36:46,587 INFO src.train.trainer: New best validation loss: -5.7400, saved to checkpoints/etas_20260330-183526/best_model_1.pth
2026-03-30 18:36:46,590 INFO src.train.trainer: Last model at epoch 1178 saved to checkpoints/etas_20260330-183526/last_model_1.pth
2026-03-30 18:36:46,590 INFO src.train.trainer: Epoch 1179
2026-03-30 18:36:46,651 INFO src.train.trainer: New best validation loss: -5.7401, saved to checkpoints/etas_20260330-183526/best_model_1.pth
2026-03-30 18:36:46,653 INFO src.train.trainer: Last model at epoch 1179 saved to checkpoints/etas_20260330-183526/last_model_1.pth
2026-03-30 18:36:46,653 INFO src.train.trainer: Epoch 1180
2026-03-30 18:36:46,717 INFO src.train.trainer: New best validation loss: -5.7403, saved to checkpoints/etas_20260330-183526/best_model_1.pth
2026-03-30 18:36:46,719 INFO src.train.trainer: Last model at epoch 1180 saved to checkpoints/etas_20260330-183526/last_model_1.pth
2026-03-30 18:36:46,719 INFO src.train.trainer: Epoch 1181
2026-03-30 18:36:46,785 INFO src.train.trainer: New best validation loss: -5.7404, saved to checkpoints/etas_20260330-183526/best_model_1.pth
2026-03-30 18:36:46,788 INFO src.train.trainer: Last model at epoch 1181 saved to checkpoints/etas_20260330-183526/last_model_1.pth
2026-03-30 18:36:46,788 INFO src.train.trainer: Epoch 1182
2026-03-30 18:36:46,854 INFO src.train.trainer: New best validation loss: -5.7405, saved to checkpoints/etas_20260330-183526/best_model_1.pth
2026-03-30 18:36:46,856 INFO src.train.trainer: Last model at epoch 1182 saved to checkpoints/etas_20260330-183526/last_model_1.pth
2026-03-30 18:36:46,857 INFO src.train.trainer: Epoch 1183
2026-03-30 18:36:46,927 INFO src.train.trainer: New best validation loss: -5.7407, saved to checkpoints/etas_20260330-183526/best_model_1.pth
2026-03-30 18:36:46,930 INFO src.train.trainer: Last model at epoch 1183 saved to checkpoints/etas_20260330-183526/last_model_1.pth
2026-03-30 18:36:46,930 INFO src.train.trainer: Epoch 1184
2026-03-30 18:36:46,995 INFO src.train.trainer: New best validation loss: -5.7409, saved to checkpoints/etas_20260330-183526/best_model_1.pth
2026-03-30 18:36:46,997 INFO src.train.trainer: Last model at epoch 1184 saved to checkpoints/etas_20260330-183526/last_model_1.pth
2026-03-30 18:36:46,997 INFO src.train.trainer: Epoch 1185
2026-03-30 18:36:47,063 INFO src.train.trainer: New best validation loss: -5.7410, saved to checkpoints/etas_20260330-183526/best_model_1.pth
2026-03-30 18:36:47,065 INFO src.train.trainer: Last model at epoch 1185 saved to checkpoints/etas_20260330-183526/last_model_1.pth
2026-03-30 18:36:47,065 INFO src.train.trainer: Epoch 1186
2026-03-30 18:36:47,137 INFO src.train.trainer: New best validation loss: -5.7412, saved to checkpoints/etas_20260330-183526/best_model_1.pth
2026-03-30 18:36:47,139 INFO src.train.trainer: Last model at epoch 1186 saved to checkpoints/etas_20260330-183526/last_model_1.pth
2026-03-30 18:36:47,139 INFO src.train.trainer: Epoch 1187
2026-03-30 18:36:47,204 INFO src.train.trainer: New best validation loss: -5.7414, saved to checkpoints/etas_20260330-183526/best_model_1.pth
2026-03-30 18:36:47,206 INFO src.train.trainer: Last model at epoch 1187 saved to checkpoints/etas_20260330-183526/last_model_1.pth
2026-03-30 18:36:47,207 INFO src.train.trainer: Epoch 1188
2026-03-30 18:36:47,277 INFO src.train.trainer: New best validation loss: -5.7415, saved to checkpoints/etas_20260330-183526/best_model_1.pth
2026-03-30 18:36:47,279 INFO src.train.trainer: Last model at epoch 1188 saved to checkpoints/etas_20260330-183526/last_model_1.pth
2026-03-30 18:36:47,279 INFO src.train.trainer: Epoch 1189
2026-03-30 18:36:47,343 INFO src.train.trainer: New best validation loss: -5.7417, saved to checkpoints/etas_20260330-183526/best_model_1.pth
2026-03-30 18:36:47,346 INFO src.train.trainer: Last model at epoch 1189 saved to checkpoints/etas_20260330-183526/last_model_1.pth
2026-03-30 18:36:47,346 INFO src.train.trainer: Epoch 1190
2026-03-30 18:36:47,410 INFO src.train.trainer: New best validation loss: -5.7418, saved to checkpoints/etas_20260330-183526/best_model_1.pth
2026-03-30 18:36:47,412 INFO src.train.trainer: Last model at epoch 1190 saved to checkpoints/etas_20260330-183526/last_model_1.pth
2026-03-30 18:36:47,412 INFO src.train.trainer: Epoch 1191
2026-03-30 18:36:47,479 INFO src.train.trainer: New best validation loss: -5.7419, saved to checkpoints/etas_20260330-183526/best_model_1.pth
2026-03-30 18:36:47,481 INFO src.train.trainer: Last model at epoch 1191 saved to checkpoints/etas_20260330-183526/last_model_1.pth
2026-03-30 18:36:47,481 INFO src.train.trainer: Epoch 1192
2026-03-30 18:36:47,550 INFO src.train.trainer: New best validation loss: -5.7420, saved to checkpoints/etas_20260330-183526/best_model_1.pth
2026-03-30 18:36:47,553 INFO src.train.trainer: Last model at epoch 1192 saved to checkpoints/etas_20260330-183526/last_model_1.pth
2026-03-30 18:36:47,553 INFO src.train.trainer: Epoch 1193
2026-03-30 18:36:47,620 INFO src.train.trainer: New best validation loss: -5.7421, saved to checkpoints/etas_20260330-183526/best_model_1.pth
2026-03-30 18:36:47,622 INFO src.train.trainer: Last model at epoch 1193 saved to checkpoints/etas_20260330-183526/last_model_1.pth
2026-03-30 18:36:47,622 INFO src.train.trainer: Epoch 1194
2026-03-30 18:36:47,689 INFO src.train.trainer: New best validation loss: -5.7422, saved to checkpoints/etas_20260330-183526/best_model_1.pth
2026-03-30 18:36:47,691 INFO src.train.trainer: Last model at epoch 1194 saved to checkpoints/etas_20260330-183526/last_model_1.pth
2026-03-30 18:36:47,691 INFO src.train.trainer: Epoch 1195
2026-03-30 18:36:47,764 INFO src.train.trainer: New best validation loss: -5.7424, saved to checkpoints/etas_20260330-183526/best_model_1.pth
2026-03-30 18:36:47,767 INFO src.train.trainer: Last model at epoch 1195 saved to checkpoints/etas_20260330-183526/last_model_1.pth
2026-03-30 18:36:47,767 INFO src.train.trainer: Epoch 1196
2026-03-30 18:36:47,842 INFO src.train.trainer: New best validation loss: -5.7425, saved to checkpoints/etas_20260330-183526/best_model_1.pth
2026-03-30 18:36:47,844 INFO src.train.trainer: Last model at epoch 1196 saved to checkpoints/etas_20260330-183526/last_model_1.pth
2026-03-30 18:36:47,844 INFO src.train.trainer: Epoch 1197
2026-03-30 18:36:47,911 INFO src.train.trainer: New best validation loss: -5.7426, saved to checkpoints/etas_20260330-183526/best_model_1.pth
2026-03-30 18:36:47,913 INFO src.train.trainer: Last model at epoch 1197 saved to checkpoints/etas_20260330-183526/last_model_1.pth
2026-03-30 18:36:47,913 INFO src.train.trainer: Epoch 1198
2026-03-30 18:36:47,975 INFO src.train.trainer: New best validation loss: -5.7428, saved to checkpoints/etas_20260330-183526/best_model_1.pth
2026-03-30 18:36:47,977 INFO src.train.trainer: Last model at epoch 1198 saved to checkpoints/etas_20260330-183526/last_model_1.pth
2026-03-30 18:36:47,977 INFO src.train.trainer: Epoch 1199
2026-03-30 18:36:48,040 INFO src.train.trainer: New best validation loss: -5.7429, saved to checkpoints/etas_20260330-183526/best_model_1.pth
2026-03-30 18:36:48,043 INFO src.train.trainer: Last model at epoch 1199 saved to checkpoints/etas_20260330-183526/last_model_1.pth
2026-03-30 18:36:48,043 INFO src.train.trainer: Epoch 1200
2026-03-30 18:36:48,111 INFO src.train.trainer: New best validation loss: -5.7430, saved to checkpoints/etas_20260330-183526/best_model_1.pth
2026-03-30 18:36:48,113 INFO src.train.trainer: Last model at epoch 1200 saved to checkpoints/etas_20260330-183526/last_model_1.pth
2026-03-30 18:36:48,113 INFO src.train.trainer: Epoch 1201
2026-03-30 18:36:48,179 INFO src.train.trainer: New best validation loss: -5.7431, saved to checkpoints/etas_20260330-183526/best_model_1.pth
2026-03-30 18:36:48,182 INFO src.train.trainer: Last model at epoch 1201 saved to checkpoints/etas_20260330-183526/last_model_1.pth
2026-03-30 18:36:48,182 INFO src.train.trainer: Epoch 1202
2026-03-30 18:36:48,249 INFO src.train.trainer: New best validation loss: -5.7433, saved to checkpoints/etas_20260330-183526/best_model_1.pth
2026-03-30 18:36:48,251 INFO src.train.trainer: Last model at epoch 1202 saved to checkpoints/etas_20260330-183526/last_model_1.pth
2026-03-30 18:36:48,252 INFO src.train.trainer: Epoch 1203
2026-03-30 18:36:48,318 INFO src.train.trainer: New best validation loss: -5.7433, saved to checkpoints/etas_20260330-183526/best_model_1.pth
2026-03-30 18:36:48,320 INFO src.train.trainer: Last model at epoch 1203 saved to checkpoints/etas_20260330-183526/last_model_1.pth
2026-03-30 18:36:48,320 INFO src.train.trainer: Epoch 1204
2026-03-30 18:36:48,387 INFO src.train.trainer: New best validation loss: -5.7434, saved to checkpoints/etas_20260330-183526/best_model_1.pth
2026-03-30 18:36:48,389 INFO src.train.trainer: Last model at epoch 1204 saved to checkpoints/etas_20260330-183526/last_model_1.pth
2026-03-30 18:36:48,389 INFO src.train.trainer: Epoch 1205
2026-03-30 18:36:48,455 INFO src.train.trainer: New best validation loss: -5.7435, saved to checkpoints/etas_20260330-183526/best_model_1.pth
2026-03-30 18:36:48,457 INFO src.train.trainer: Last model at epoch 1205 saved to checkpoints/etas_20260330-183526/last_model_1.pth
2026-03-30 18:36:48,457 INFO src.train.trainer: Epoch 1206
2026-03-30 18:36:48,525 INFO src.train.trainer: New best validation loss: -5.7436, saved to checkpoints/etas_20260330-183526/best_model_1.pth
2026-03-30 18:36:48,527 INFO src.train.trainer: Last model at epoch 1206 saved to checkpoints/etas_20260330-183526/last_model_1.pth
2026-03-30 18:36:48,527 INFO src.train.trainer: Epoch 1207
2026-03-30 18:36:48,592 INFO src.train.trainer: New best validation loss: -5.7437, saved to checkpoints/etas_20260330-183526/best_model_1.pth
2026-03-30 18:36:48,596 INFO src.train.trainer: Last model at epoch 1207 saved to checkpoints/etas_20260330-183526/last_model_1.pth
2026-03-30 18:36:48,596 INFO src.train.trainer: Epoch 1208
2026-03-30 18:36:48,663 INFO src.train.trainer: New best validation loss: -5.7438, saved to checkpoints/etas_20260330-183526/best_model_1.pth
2026-03-30 18:36:48,665 INFO src.train.trainer: Last model at epoch 1208 saved to checkpoints/etas_20260330-183526/last_model_1.pth
2026-03-30 18:36:48,665 INFO src.train.trainer: Epoch 1209
2026-03-30 18:36:48,734 INFO src.train.trainer: New best validation loss: -5.7439, saved to checkpoints/etas_20260330-183526/best_model_1.pth
2026-03-30 18:36:48,736 INFO src.train.trainer: Last model at epoch 1209 saved to checkpoints/etas_20260330-183526/last_model_1.pth
2026-03-30 18:36:48,736 INFO src.train.trainer: Epoch 1210
2026-03-30 18:36:48,807 INFO src.train.trainer: New best validation loss: -5.7440, saved to checkpoints/etas_20260330-183526/best_model_1.pth
2026-03-30 18:36:48,809 INFO src.train.trainer: Last model at epoch 1210 saved to checkpoints/etas_20260330-183526/last_model_1.pth
2026-03-30 18:36:48,809 INFO src.train.trainer: Epoch 1211
2026-03-30 18:36:48,879 INFO src.train.trainer: New best validation loss: -5.7442, saved to checkpoints/etas_20260330-183526/best_model_1.pth
2026-03-30 18:36:48,881 INFO src.train.trainer: Last model at epoch 1211 saved to checkpoints/etas_20260330-183526/last_model_1.pth
2026-03-30 18:36:48,881 INFO src.train.trainer: Epoch 1212
2026-03-30 18:36:48,947 INFO src.train.trainer: New best validation loss: -5.7444, saved to checkpoints/etas_20260330-183526/best_model_1.pth
2026-03-30 18:36:48,949 INFO src.train.trainer: Last model at epoch 1212 saved to checkpoints/etas_20260330-183526/last_model_1.pth
2026-03-30 18:36:48,949 INFO src.train.trainer: Epoch 1213
2026-03-30 18:36:49,018 INFO src.train.trainer: New best validation loss: -5.7445, saved to checkpoints/etas_20260330-183526/best_model_1.pth
2026-03-30 18:36:49,020 INFO src.train.trainer: Last model at epoch 1213 saved to checkpoints/etas_20260330-183526/last_model_1.pth
2026-03-30 18:36:49,020 INFO src.train.trainer: Epoch 1214
2026-03-30 18:36:49,084 INFO src.train.trainer: New best validation loss: -5.7447, saved to checkpoints/etas_20260330-183526/best_model_1.pth
2026-03-30 18:36:49,086 INFO src.train.trainer: Last model at epoch 1214 saved to checkpoints/etas_20260330-183526/last_model_1.pth
2026-03-30 18:36:49,087 INFO src.train.trainer: Epoch 1215
2026-03-30 18:36:49,154 INFO src.train.trainer: New best validation loss: -5.7449, saved to checkpoints/etas_20260330-183526/best_model_1.pth
2026-03-30 18:36:49,156 INFO src.train.trainer: Last model at epoch 1215 saved to checkpoints/etas_20260330-183526/last_model_1.pth
2026-03-30 18:36:49,156 INFO src.train.trainer: Epoch 1216
2026-03-30 18:36:49,222 INFO src.train.trainer: New best validation loss: -5.7451, saved to checkpoints/etas_20260330-183526/best_model_1.pth
2026-03-30 18:36:49,224 INFO src.train.trainer: Last model at epoch 1216 saved to checkpoints/etas_20260330-183526/last_model_1.pth
2026-03-30 18:36:49,224 INFO src.train.trainer: Epoch 1217
2026-03-30 18:36:49,290 INFO src.train.trainer: New best validation loss: -5.7453, saved to checkpoints/etas_20260330-183526/best_model_1.pth
2026-03-30 18:36:49,293 INFO src.train.trainer: Last model at epoch 1217 saved to checkpoints/etas_20260330-183526/last_model_1.pth
2026-03-30 18:36:49,293 INFO src.train.trainer: Epoch 1218
2026-03-30 18:36:49,361 INFO src.train.trainer: New best validation loss: -5.7455, saved to checkpoints/etas_20260330-183526/best_model_1.pth
2026-03-30 18:36:49,363 INFO src.train.trainer: Last model at epoch 1218 saved to checkpoints/etas_20260330-183526/last_model_1.pth
2026-03-30 18:36:49,363 INFO src.train.trainer: Epoch 1219
2026-03-30 18:36:49,432 INFO src.train.trainer: New best validation loss: -5.7456, saved to checkpoints/etas_20260330-183526/best_model_1.pth
2026-03-30 18:36:49,434 INFO src.train.trainer: Last model at epoch 1219 saved to checkpoints/etas_20260330-183526/last_model_1.pth
2026-03-30 18:36:49,434 INFO src.train.trainer: Epoch 1220
2026-03-30 18:36:49,496 INFO src.train.trainer: New best validation loss: -5.7458, saved to checkpoints/etas_20260330-183526/best_model_1.pth
2026-03-30 18:36:49,499 INFO src.train.trainer: Last model at epoch 1220 saved to checkpoints/etas_20260330-183526/last_model_1.pth
2026-03-30 18:36:49,499 INFO src.train.trainer: Epoch 1221
2026-03-30 18:36:49,564 INFO src.train.trainer: New best validation loss: -5.7460, saved to checkpoints/etas_20260330-183526/best_model_1.pth
2026-03-30 18:36:49,566 INFO src.train.trainer: Last model at epoch 1221 saved to checkpoints/etas_20260330-183526/last_model_1.pth
2026-03-30 18:36:49,566 INFO src.train.trainer: Epoch 1222
2026-03-30 18:36:49,628 INFO src.train.trainer: New best validation loss: -5.7461, saved to checkpoints/etas_20260330-183526/best_model_1.pth
2026-03-30 18:36:49,630 INFO src.train.trainer: Last model at epoch 1222 saved to checkpoints/etas_20260330-183526/last_model_1.pth
2026-03-30 18:36:49,630 INFO src.train.trainer: Epoch 1223
2026-03-30 18:36:49,695 INFO src.train.trainer: New best validation loss: -5.7462, saved to checkpoints/etas_20260330-183526/best_model_1.pth
2026-03-30 18:36:49,697 INFO src.train.trainer: Last model at epoch 1223 saved to checkpoints/etas_20260330-183526/last_model_1.pth
2026-03-30 18:36:49,697 INFO src.train.trainer: Epoch 1224
2026-03-30 18:36:49,758 INFO src.train.trainer: New best validation loss: -5.7463, saved to checkpoints/etas_20260330-183526/best_model_1.pth
2026-03-30 18:36:49,760 INFO src.train.trainer: Last model at epoch 1224 saved to checkpoints/etas_20260330-183526/last_model_1.pth
2026-03-30 18:36:49,761 INFO src.train.trainer: Epoch 1225
2026-03-30 18:36:49,823 INFO src.train.trainer: New best validation loss: -5.7463, saved to checkpoints/etas_20260330-183526/best_model_1.pth
2026-03-30 18:36:49,825 INFO src.train.trainer: Last model at epoch 1225 saved to checkpoints/etas_20260330-183526/last_model_1.pth
2026-03-30 18:36:49,825 INFO src.train.trainer: Epoch 1226
2026-03-30 18:36:49,887 INFO src.train.trainer: New best validation loss: -5.7464, saved to checkpoints/etas_20260330-183526/best_model_1.pth
2026-03-30 18:36:49,889 INFO src.train.trainer: Last model at epoch 1226 saved to checkpoints/etas_20260330-183526/last_model_1.pth
2026-03-30 18:36:49,889 INFO src.train.trainer: Epoch 1227
2026-03-30 18:36:49,953 INFO src.train.trainer: New best validation loss: -5.7464, saved to checkpoints/etas_20260330-183526/best_model_1.pth
2026-03-30 18:36:49,955 INFO src.train.trainer: Last model at epoch 1227 saved to checkpoints/etas_20260330-183526/last_model_1.pth
2026-03-30 18:36:49,955 INFO src.train.trainer: Epoch 1228
2026-03-30 18:36:50,021 INFO src.train.trainer: New best validation loss: -5.7465, saved to checkpoints/etas_20260330-183526/best_model_1.pth
2026-03-30 18:36:50,023 INFO src.train.trainer: Last model at epoch 1228 saved to checkpoints/etas_20260330-183526/last_model_1.pth
2026-03-30 18:36:50,023 INFO src.train.trainer: Epoch 1229
2026-03-30 18:36:50,076 INFO src.train.trainer: New best validation loss: -5.7466, saved to checkpoints/etas_20260330-183526/best_model_1.pth
2026-03-30 18:36:50,078 INFO src.train.trainer: Last model at epoch 1229 saved to checkpoints/etas_20260330-183526/last_model_1.pth
2026-03-30 18:36:50,078 INFO src.train.trainer: Epoch 1230
2026-03-30 18:36:50,125 INFO src.train.trainer: New best validation loss: -5.7467, saved to checkpoints/etas_20260330-183526/best_model_1.pth
2026-03-30 18:36:50,127 INFO src.train.trainer: Last model at epoch 1230 saved to checkpoints/etas_20260330-183526/last_model_1.pth
2026-03-30 18:36:50,127 INFO src.train.trainer: Epoch 1231
2026-03-30 18:36:50,169 INFO src.train.trainer: New best validation loss: -5.7468, saved to checkpoints/etas_20260330-183526/best_model_1.pth
2026-03-30 18:36:50,170 INFO src.train.trainer: Last model at epoch 1231 saved to checkpoints/etas_20260330-183526/last_model_1.pth
2026-03-30 18:36:50,170 INFO src.train.trainer: Epoch 1232
2026-03-30 18:36:50,210 INFO src.train.trainer: New best validation loss: -5.7469, saved to checkpoints/etas_20260330-183526/best_model_1.pth
2026-03-30 18:36:50,212 INFO src.train.trainer: Last model at epoch 1232 saved to checkpoints/etas_20260330-183526/last_model_1.pth
2026-03-30 18:36:50,212 INFO src.train.trainer: Epoch 1233
2026-03-30 18:36:50,261 INFO src.train.trainer: New best validation loss: -5.7470, saved to checkpoints/etas_20260330-183526/best_model_1.pth
2026-03-30 18:36:50,262 INFO src.train.trainer: Last model at epoch 1233 saved to checkpoints/etas_20260330-183526/last_model_1.pth
2026-03-30 18:36:50,262 INFO src.train.trainer: Epoch 1234
2026-03-30 18:36:50,312 INFO src.train.trainer: New best validation loss: -5.7471, saved to checkpoints/etas_20260330-183526/best_model_1.pth
2026-03-30 18:36:50,313 INFO src.train.trainer: Last model at epoch 1234 saved to checkpoints/etas_20260330-183526/last_model_1.pth
2026-03-30 18:36:50,313 INFO src.train.trainer: Epoch 1235
2026-03-30 18:36:50,364 INFO src.train.trainer: New best validation loss: -5.7473, saved to checkpoints/etas_20260330-183526/best_model_1.pth
2026-03-30 18:36:50,366 INFO src.train.trainer: Last model at epoch 1235 saved to checkpoints/etas_20260330-183526/last_model_1.pth
2026-03-30 18:36:50,366 INFO src.train.trainer: Epoch 1236
2026-03-30 18:36:50,418 INFO src.train.trainer: New best validation loss: -5.7474, saved to checkpoints/etas_20260330-183526/best_model_1.pth
2026-03-30 18:36:50,419 INFO src.train.trainer: Last model at epoch 1236 saved to checkpoints/etas_20260330-183526/last_model_1.pth
2026-03-30 18:36:50,419 INFO src.train.trainer: Epoch 1237
2026-03-30 18:36:50,472 INFO src.train.trainer: New best validation loss: -5.7475, saved to checkpoints/etas_20260330-183526/best_model_1.pth
2026-03-30 18:36:50,474 INFO src.train.trainer: Last model at epoch 1237 saved to checkpoints/etas_20260330-183526/last_model_1.pth
2026-03-30 18:36:50,474 INFO src.train.trainer: Epoch 1238
2026-03-30 18:36:50,530 INFO src.train.trainer: New best validation loss: -5.7477, saved to checkpoints/etas_20260330-183526/best_model_1.pth
2026-03-30 18:36:50,532 INFO src.train.trainer: Last model at epoch 1238 saved to checkpoints/etas_20260330-183526/last_model_1.pth
2026-03-30 18:36:50,532 INFO src.train.trainer: Epoch 1239
2026-03-30 18:36:50,589 INFO src.train.trainer: New best validation loss: -5.7479, saved to checkpoints/etas_20260330-183526/best_model_1.pth
2026-03-30 18:36:50,591 INFO src.train.trainer: Last model at epoch 1239 saved to checkpoints/etas_20260330-183526/last_model_1.pth
2026-03-30 18:36:50,591 INFO src.train.trainer: Epoch 1240
2026-03-30 18:36:50,647 INFO src.train.trainer: New best validation loss: -5.7481, saved to checkpoints/etas_20260330-183526/best_model_1.pth
2026-03-30 18:36:50,649 INFO src.train.trainer: Last model at epoch 1240 saved to checkpoints/etas_20260330-183526/last_model_1.pth
2026-03-30 18:36:50,649 INFO src.train.trainer: Epoch 1241
2026-03-30 18:36:50,705 INFO src.train.trainer: New best validation loss: -5.7483, saved to checkpoints/etas_20260330-183526/best_model_1.pth
2026-03-30 18:36:50,707 INFO src.train.trainer: Last model at epoch 1241 saved to checkpoints/etas_20260330-183526/last_model_1.pth
2026-03-30 18:36:50,707 INFO src.train.trainer: Epoch 1242
2026-03-30 18:36:50,765 INFO src.train.trainer: New best validation loss: -5.7485, saved to checkpoints/etas_20260330-183526/best_model_1.pth
2026-03-30 18:36:50,767 INFO src.train.trainer: Last model at epoch 1242 saved to checkpoints/etas_20260330-183526/last_model_1.pth
2026-03-30 18:36:50,767 INFO src.train.trainer: Epoch 1243
2026-03-30 18:36:50,823 INFO src.train.trainer: New best validation loss: -5.7487, saved to checkpoints/etas_20260330-183526/best_model_1.pth
2026-03-30 18:36:50,826 INFO src.train.trainer: Last model at epoch 1243 saved to checkpoints/etas_20260330-183526/last_model_1.pth
2026-03-30 18:36:50,826 INFO src.train.trainer: Epoch 1244
2026-03-30 18:36:50,884 INFO src.train.trainer: New best validation loss: -5.7489, saved to checkpoints/etas_20260330-183526/best_model_1.pth
2026-03-30 18:36:50,886 INFO src.train.trainer: Last model at epoch 1244 saved to checkpoints/etas_20260330-183526/last_model_1.pth
2026-03-30 18:36:50,886 INFO src.train.trainer: Epoch 1245
2026-03-30 18:36:50,946 INFO src.train.trainer: New best validation loss: -5.7490, saved to checkpoints/etas_20260330-183526/best_model_1.pth
2026-03-30 18:36:50,949 INFO src.train.trainer: Last model at epoch 1245 saved to checkpoints/etas_20260330-183526/last_model_1.pth
2026-03-30 18:36:50,949 INFO src.train.trainer: Epoch 1246
2026-03-30 18:36:51,010 INFO src.train.trainer: New best validation loss: -5.7491, saved to checkpoints/etas_20260330-183526/best_model_1.pth
2026-03-30 18:36:51,012 INFO src.train.trainer: Last model at epoch 1246 saved to checkpoints/etas_20260330-183526/last_model_1.pth
2026-03-30 18:36:51,012 INFO src.train.trainer: Epoch 1247
2026-03-30 18:36:51,075 INFO src.train.trainer: New best validation loss: -5.7492, saved to checkpoints/etas_20260330-183526/best_model_1.pth
2026-03-30 18:36:51,077 INFO src.train.trainer: Last model at epoch 1247 saved to checkpoints/etas_20260330-183526/last_model_1.pth
2026-03-30 18:36:51,077 INFO src.train.trainer: Epoch 1248
2026-03-30 18:36:51,140 INFO src.train.trainer: New best validation loss: -5.7494, saved to checkpoints/etas_20260330-183526/best_model_1.pth
2026-03-30 18:36:51,141 INFO src.train.trainer: Last model at epoch 1248 saved to checkpoints/etas_20260330-183526/last_model_1.pth
2026-03-30 18:36:51,142 INFO src.train.trainer: Epoch 1249
2026-03-30 18:36:51,202 INFO src.train.trainer: New best validation loss: -5.7495, saved to checkpoints/etas_20260330-183526/best_model_1.pth
2026-03-30 18:36:51,205 INFO src.train.trainer: Last model at epoch 1249 saved to checkpoints/etas_20260330-183526/last_model_1.pth
2026-03-30 18:36:51,205 INFO src.train.trainer: Epoch 1250
2026-03-30 18:36:51,266 INFO src.train.trainer: New best validation loss: -5.7496, saved to checkpoints/etas_20260330-183526/best_model_1.pth
2026-03-30 18:36:51,268 INFO src.train.trainer: Last model at epoch 1250 saved to checkpoints/etas_20260330-183526/last_model_1.pth
2026-03-30 18:36:51,268 INFO src.train.trainer: Epoch 1251
2026-03-30 18:36:51,329 INFO src.train.trainer: New best validation loss: -5.7498, saved to checkpoints/etas_20260330-183526/best_model_1.pth
2026-03-30 18:36:51,331 INFO src.train.trainer: Last model at epoch 1251 saved to checkpoints/etas_20260330-183526/last_model_1.pth
2026-03-30 18:36:51,331 INFO src.train.trainer: Epoch 1252
2026-03-30 18:36:51,395 INFO src.train.trainer: New best validation loss: -5.7499, saved to checkpoints/etas_20260330-183526/best_model_1.pth
2026-03-30 18:36:51,398 INFO src.train.trainer: Last model at epoch 1252 saved to checkpoints/etas_20260330-183526/last_model_1.pth
2026-03-30 18:36:51,398 INFO src.train.trainer: Epoch 1253
2026-03-30 18:36:51,467 INFO src.train.trainer: New best validation loss: -5.7500, saved to checkpoints/etas_20260330-183526/best_model_1.pth
2026-03-30 18:36:51,469 INFO src.train.trainer: Last model at epoch 1253 saved to checkpoints/etas_20260330-183526/last_model_1.pth
2026-03-30 18:36:51,469 INFO src.train.trainer: Epoch 1254
2026-03-30 18:36:51,534 INFO src.train.trainer: New best validation loss: -5.7501, saved to checkpoints/etas_20260330-183526/best_model_1.pth
2026-03-30 18:36:51,536 INFO src.train.trainer: Last model at epoch 1254 saved to checkpoints/etas_20260330-183526/last_model_1.pth
2026-03-30 18:36:51,536 INFO src.train.trainer: Epoch 1255
2026-03-30 18:36:51,601 INFO src.train.trainer: New best validation loss: -5.7502, saved to checkpoints/etas_20260330-183526/best_model_1.pth
2026-03-30 18:36:51,603 INFO src.train.trainer: Last model at epoch 1255 saved to checkpoints/etas_20260330-183526/last_model_1.pth
2026-03-30 18:36:51,604 INFO src.train.trainer: Epoch 1256
2026-03-30 18:36:51,670 INFO src.train.trainer: New best validation loss: -5.7503, saved to checkpoints/etas_20260330-183526/best_model_1.pth
2026-03-30 18:36:51,672 INFO src.train.trainer: Last model at epoch 1256 saved to checkpoints/etas_20260330-183526/last_model_1.pth
2026-03-30 18:36:51,672 INFO src.train.trainer: Epoch 1257
2026-03-30 18:36:51,742 INFO src.train.trainer: New best validation loss: -5.7504, saved to checkpoints/etas_20260330-183526/best_model_1.pth
2026-03-30 18:36:51,744 INFO src.train.trainer: Last model at epoch 1257 saved to checkpoints/etas_20260330-183526/last_model_1.pth
2026-03-30 18:36:51,744 INFO src.train.trainer: Epoch 1258
2026-03-30 18:36:51,813 INFO src.train.trainer: New best validation loss: -5.7504, saved to checkpoints/etas_20260330-183526/best_model_1.pth
2026-03-30 18:36:51,815 INFO src.train.trainer: Last model at epoch 1258 saved to checkpoints/etas_20260330-183526/last_model_1.pth
2026-03-30 18:36:51,815 INFO src.train.trainer: Epoch 1259
2026-03-30 18:36:51,881 INFO src.train.trainer: New best validation loss: -5.7505, saved to checkpoints/etas_20260330-183526/best_model_1.pth
2026-03-30 18:36:51,883 INFO src.train.trainer: Last model at epoch 1259 saved to checkpoints/etas_20260330-183526/last_model_1.pth
2026-03-30 18:36:51,883 INFO src.train.trainer: Epoch 1260
2026-03-30 18:36:51,950 INFO src.train.trainer: New best validation loss: -5.7506, saved to checkpoints/etas_20260330-183526/best_model_1.pth
2026-03-30 18:36:51,952 INFO src.train.trainer: Last model at epoch 1260 saved to checkpoints/etas_20260330-183526/last_model_1.pth
2026-03-30 18:36:51,952 INFO src.train.trainer: Epoch 1261
2026-03-30 18:36:52,020 INFO src.train.trainer: New best validation loss: -5.7506, saved to checkpoints/etas_20260330-183526/best_model_1.pth
2026-03-30 18:36:52,022 INFO src.train.trainer: Last model at epoch 1261 saved to checkpoints/etas_20260330-183526/last_model_1.pth
2026-03-30 18:36:52,022 INFO src.train.trainer: Epoch 1262
2026-03-30 18:36:52,089 INFO src.train.trainer: New best validation loss: -5.7507, saved to checkpoints/etas_20260330-183526/best_model_1.pth
2026-03-30 18:36:52,092 INFO src.train.trainer: Last model at epoch 1262 saved to checkpoints/etas_20260330-183526/last_model_1.pth
2026-03-30 18:36:52,092 INFO src.train.trainer: Epoch 1263
2026-03-30 18:36:52,146 INFO src.train.trainer: New best validation loss: -5.7508, saved to checkpoints/etas_20260330-183526/best_model_1.pth
2026-03-30 18:36:52,148 INFO src.train.trainer: Last model at epoch 1263 saved to checkpoints/etas_20260330-183526/last_model_1.pth
2026-03-30 18:36:52,148 INFO src.train.trainer: Epoch 1264
2026-03-30 18:36:52,196 INFO src.train.trainer: New best validation loss: -5.7510, saved to checkpoints/etas_20260330-183526/best_model_1.pth
2026-03-30 18:36:52,198 INFO src.train.trainer: Last model at epoch 1264 saved to checkpoints/etas_20260330-183526/last_model_1.pth
2026-03-30 18:36:52,198 INFO src.train.trainer: Epoch 1265
2026-03-30 18:36:52,257 INFO src.train.trainer: New best validation loss: -5.7511, saved to checkpoints/etas_20260330-183526/best_model_1.pth
2026-03-30 18:36:52,258 INFO src.train.trainer: Last model at epoch 1265 saved to checkpoints/etas_20260330-183526/last_model_1.pth
2026-03-30 18:36:52,259 INFO src.train.trainer: Epoch 1266
2026-03-30 18:36:52,316 INFO src.train.trainer: New best validation loss: -5.7513, saved to checkpoints/etas_20260330-183526/best_model_1.pth
2026-03-30 18:36:52,318 INFO src.train.trainer: Last model at epoch 1266 saved to checkpoints/etas_20260330-183526/last_model_1.pth
2026-03-30 18:36:52,318 INFO src.train.trainer: Epoch 1267
2026-03-30 18:36:52,376 INFO src.train.trainer: New best validation loss: -5.7514, saved to checkpoints/etas_20260330-183526/best_model_1.pth
2026-03-30 18:36:52,378 INFO src.train.trainer: Last model at epoch 1267 saved to checkpoints/etas_20260330-183526/last_model_1.pth
2026-03-30 18:36:52,378 INFO src.train.trainer: Epoch 1268
2026-03-30 18:36:52,437 INFO src.train.trainer: New best validation loss: -5.7516, saved to checkpoints/etas_20260330-183526/best_model_1.pth
2026-03-30 18:36:52,439 INFO src.train.trainer: Last model at epoch 1268 saved to checkpoints/etas_20260330-183526/last_model_1.pth
2026-03-30 18:36:52,439 INFO src.train.trainer: Epoch 1269
2026-03-30 18:36:52,503 INFO src.train.trainer: New best validation loss: -5.7518, saved to checkpoints/etas_20260330-183526/best_model_1.pth
2026-03-30 18:36:52,505 INFO src.train.trainer: Last model at epoch 1269 saved to checkpoints/etas_20260330-183526/last_model_1.pth
2026-03-30 18:36:52,506 INFO src.train.trainer: Epoch 1270
2026-03-30 18:36:52,569 INFO src.train.trainer: New best validation loss: -5.7520, saved to checkpoints/etas_20260330-183526/best_model_1.pth
2026-03-30 18:36:52,572 INFO src.train.trainer: Last model at epoch 1270 saved to checkpoints/etas_20260330-183526/last_model_1.pth
2026-03-30 18:36:52,572 INFO src.train.trainer: Epoch 1271
2026-03-30 18:36:52,634 INFO src.train.trainer: New best validation loss: -5.7521, saved to checkpoints/etas_20260330-183526/best_model_1.pth
2026-03-30 18:36:52,636 INFO src.train.trainer: Last model at epoch 1271 saved to checkpoints/etas_20260330-183526/last_model_1.pth
2026-03-30 18:36:52,636 INFO src.train.trainer: Epoch 1272
2026-03-30 18:36:52,699 INFO src.train.trainer: New best validation loss: -5.7523, saved to checkpoints/etas_20260330-183526/best_model_1.pth
2026-03-30 18:36:52,701 INFO src.train.trainer: Last model at epoch 1272 saved to checkpoints/etas_20260330-183526/last_model_1.pth
2026-03-30 18:36:52,701 INFO src.train.trainer: Epoch 1273
2026-03-30 18:36:52,766 INFO src.train.trainer: New best validation loss: -5.7524, saved to checkpoints/etas_20260330-183526/best_model_1.pth
2026-03-30 18:36:52,768 INFO src.train.trainer: Last model at epoch 1273 saved to checkpoints/etas_20260330-183526/last_model_1.pth
2026-03-30 18:36:52,768 INFO src.train.trainer: Epoch 1274
2026-03-30 18:36:52,834 INFO src.train.trainer: New best validation loss: -5.7526, saved to checkpoints/etas_20260330-183526/best_model_1.pth
2026-03-30 18:36:52,837 INFO src.train.trainer: Last model at epoch 1274 saved to checkpoints/etas_20260330-183526/last_model_1.pth
2026-03-30 18:36:52,837 INFO src.train.trainer: Epoch 1275
2026-03-30 18:36:52,907 INFO src.train.trainer: New best validation loss: -5.7527, saved to checkpoints/etas_20260330-183526/best_model_1.pth
2026-03-30 18:36:52,909 INFO src.train.trainer: Last model at epoch 1275 saved to checkpoints/etas_20260330-183526/last_model_1.pth
2026-03-30 18:36:52,910 INFO src.train.trainer: Epoch 1276
2026-03-30 18:36:52,975 INFO src.train.trainer: New best validation loss: -5.7528, saved to checkpoints/etas_20260330-183526/best_model_1.pth
2026-03-30 18:36:52,977 INFO src.train.trainer: Last model at epoch 1276 saved to checkpoints/etas_20260330-183526/last_model_1.pth
2026-03-30 18:36:52,977 INFO src.train.trainer: Epoch 1277
2026-03-30 18:36:53,043 INFO src.train.trainer: New best validation loss: -5.7529, saved to checkpoints/etas_20260330-183526/best_model_1.pth
2026-03-30 18:36:53,045 INFO src.train.trainer: Last model at epoch 1277 saved to checkpoints/etas_20260330-183526/last_model_1.pth
2026-03-30 18:36:53,045 INFO src.train.trainer: Epoch 1278
2026-03-30 18:36:53,107 INFO src.train.trainer: New best validation loss: -5.7529, saved to checkpoints/etas_20260330-183526/best_model_1.pth
2026-03-30 18:36:53,109 INFO src.train.trainer: Last model at epoch 1278 saved to checkpoints/etas_20260330-183526/last_model_1.pth
2026-03-30 18:36:53,109 INFO src.train.trainer: Epoch 1279
2026-03-30 18:36:53,176 INFO src.train.trainer: New best validation loss: -5.7530, saved to checkpoints/etas_20260330-183526/best_model_1.pth
2026-03-30 18:36:53,178 INFO src.train.trainer: Last model at epoch 1279 saved to checkpoints/etas_20260330-183526/last_model_1.pth
2026-03-30 18:36:53,178 INFO src.train.trainer: Epoch 1280
2026-03-30 18:36:53,244 INFO src.train.trainer: New best validation loss: -5.7530, saved to checkpoints/etas_20260330-183526/best_model_1.pth
2026-03-30 18:36:53,246 INFO src.train.trainer: Last model at epoch 1280 saved to checkpoints/etas_20260330-183526/last_model_1.pth
2026-03-30 18:36:53,246 INFO src.train.trainer: Epoch 1281
2026-03-30 18:36:53,316 INFO src.train.trainer: New best validation loss: -5.7530, saved to checkpoints/etas_20260330-183526/best_model_1.pth
2026-03-30 18:36:53,318 INFO src.train.trainer: Last model at epoch 1281 saved to checkpoints/etas_20260330-183526/last_model_1.pth
2026-03-30 18:36:53,318 INFO src.train.trainer: Epoch 1282
2026-03-30 18:36:53,396 INFO src.train.trainer: Last model at epoch 1282 saved to checkpoints/etas_20260330-183526/last_model_1.pth
2026-03-30 18:36:53,396 INFO src.train.trainer: Epoch 1283
2026-03-30 18:36:53,469 INFO src.train.trainer: Last model at epoch 1283 saved to checkpoints/etas_20260330-183526/last_model_1.pth
2026-03-30 18:36:53,469 INFO src.train.trainer: Epoch 1284
2026-03-30 18:36:53,538 INFO src.train.trainer: New best validation loss: -5.7530, saved to checkpoints/etas_20260330-183526/best_model_1.pth
2026-03-30 18:36:53,540 INFO src.train.trainer: Last model at epoch 1284 saved to checkpoints/etas_20260330-183526/last_model_1.pth
2026-03-30 18:36:53,540 INFO src.train.trainer: Epoch 1285
2026-03-30 18:36:53,603 INFO src.train.trainer: New best validation loss: -5.7531, saved to checkpoints/etas_20260330-183526/best_model_1.pth
2026-03-30 18:36:53,605 INFO src.train.trainer: Last model at epoch 1285 saved to checkpoints/etas_20260330-183526/last_model_1.pth
2026-03-30 18:36:53,605 INFO src.train.trainer: Epoch 1286
2026-03-30 18:36:53,666 INFO src.train.trainer: New best validation loss: -5.7532, saved to checkpoints/etas_20260330-183526/best_model_1.pth
2026-03-30 18:36:53,668 INFO src.train.trainer: Last model at epoch 1286 saved to checkpoints/etas_20260330-183526/last_model_1.pth
2026-03-30 18:36:53,668 INFO src.train.trainer: Epoch 1287
2026-03-30 18:36:53,731 INFO src.train.trainer: New best validation loss: -5.7534, saved to checkpoints/etas_20260330-183526/best_model_1.pth
2026-03-30 18:36:53,733 INFO src.train.trainer: Last model at epoch 1287 saved to checkpoints/etas_20260330-183526/last_model_1.pth
2026-03-30 18:36:53,734 INFO src.train.trainer: Epoch 1288
2026-03-30 18:36:53,795 INFO src.train.trainer: New best validation loss: -5.7536, saved to checkpoints/etas_20260330-183526/best_model_1.pth
2026-03-30 18:36:53,797 INFO src.train.trainer: Last model at epoch 1288 saved to checkpoints/etas_20260330-183526/last_model_1.pth
2026-03-30 18:36:53,797 INFO src.train.trainer: Epoch 1289
2026-03-30 18:36:53,860 INFO src.train.trainer: New best validation loss: -5.7538, saved to checkpoints/etas_20260330-183526/best_model_1.pth
2026-03-30 18:36:53,862 INFO src.train.trainer: Last model at epoch 1289 saved to checkpoints/etas_20260330-183526/last_model_1.pth
2026-03-30 18:36:53,862 INFO src.train.trainer: Epoch 1290
2026-03-30 18:36:53,923 INFO src.train.trainer: New best validation loss: -5.7541, saved to checkpoints/etas_20260330-183526/best_model_1.pth
2026-03-30 18:36:53,925 INFO src.train.trainer: Last model at epoch 1290 saved to checkpoints/etas_20260330-183526/last_model_1.pth
2026-03-30 18:36:53,925 INFO src.train.trainer: Epoch 1291
2026-03-30 18:36:53,989 INFO src.train.trainer: New best validation loss: -5.7543, saved to checkpoints/etas_20260330-183526/best_model_1.pth
2026-03-30 18:36:53,991 INFO src.train.trainer: Last model at epoch 1291 saved to checkpoints/etas_20260330-183526/last_model_1.pth
2026-03-30 18:36:53,991 INFO src.train.trainer: Epoch 1292
2026-03-30 18:36:54,056 INFO src.train.trainer: New best validation loss: -5.7546, saved to checkpoints/etas_20260330-183526/best_model_1.pth
2026-03-30 18:36:54,058 INFO src.train.trainer: Last model at epoch 1292 saved to checkpoints/etas_20260330-183526/last_model_1.pth
2026-03-30 18:36:54,058 INFO src.train.trainer: Epoch 1293
2026-03-30 18:36:54,125 INFO src.train.trainer: New best validation loss: -5.7549, saved to checkpoints/etas_20260330-183526/best_model_1.pth
2026-03-30 18:36:54,127 INFO src.train.trainer: Last model at epoch 1293 saved to checkpoints/etas_20260330-183526/last_model_1.pth
2026-03-30 18:36:54,127 INFO src.train.trainer: Epoch 1294
2026-03-30 18:36:54,195 INFO src.train.trainer: New best validation loss: -5.7552, saved to checkpoints/etas_20260330-183526/best_model_1.pth
2026-03-30 18:36:54,198 INFO src.train.trainer: Last model at epoch 1294 saved to checkpoints/etas_20260330-183526/last_model_1.pth
2026-03-30 18:36:54,198 INFO src.train.trainer: Epoch 1295
2026-03-30 18:36:54,262 INFO src.train.trainer: New best validation loss: -5.7554, saved to checkpoints/etas_20260330-183526/best_model_1.pth
2026-03-30 18:36:54,264 INFO src.train.trainer: Last model at epoch 1295 saved to checkpoints/etas_20260330-183526/last_model_1.pth
2026-03-30 18:36:54,264 INFO src.train.trainer: Epoch 1296
2026-03-30 18:36:54,310 INFO src.train.trainer: New best validation loss: -5.7556, saved to checkpoints/etas_20260330-183526/best_model_1.pth
2026-03-30 18:36:54,312 INFO src.train.trainer: Last model at epoch 1296 saved to checkpoints/etas_20260330-183526/last_model_1.pth
2026-03-30 18:36:54,312 INFO src.train.trainer: Epoch 1297
2026-03-30 18:36:54,355 INFO src.train.trainer: New best validation loss: -5.7557, saved to checkpoints/etas_20260330-183526/best_model_1.pth
2026-03-30 18:36:54,358 INFO src.train.trainer: Last model at epoch 1297 saved to checkpoints/etas_20260330-183526/last_model_1.pth
2026-03-30 18:36:54,358 INFO src.train.trainer: Epoch 1298
2026-03-30 18:36:54,410 INFO src.train.trainer: New best validation loss: -5.7559, saved to checkpoints/etas_20260330-183526/best_model_1.pth
2026-03-30 18:36:54,412 INFO src.train.trainer: Last model at epoch 1298 saved to checkpoints/etas_20260330-183526/last_model_1.pth
2026-03-30 18:36:54,412 INFO src.train.trainer: Epoch 1299
2026-03-30 18:36:54,465 INFO src.train.trainer: New best validation loss: -5.7560, saved to checkpoints/etas_20260330-183526/best_model_1.pth
2026-03-30 18:36:54,467 INFO src.train.trainer: Last model at epoch 1299 saved to checkpoints/etas_20260330-183526/last_model_1.pth
2026-03-30 18:36:54,467 INFO src.train.trainer: Epoch 1300
2026-03-30 18:36:54,523 INFO src.train.trainer: New best validation loss: -5.7561, saved to checkpoints/etas_20260330-183526/best_model_1.pth
2026-03-30 18:36:54,525 INFO src.train.trainer: Last model at epoch 1300 saved to checkpoints/etas_20260330-183526/last_model_1.pth
2026-03-30 18:36:54,525 INFO src.train.trainer: Epoch 1301
2026-03-30 18:36:54,581 INFO src.train.trainer: New best validation loss: -5.7562, saved to checkpoints/etas_20260330-183526/best_model_1.pth
2026-03-30 18:36:54,584 INFO src.train.trainer: Last model at epoch 1301 saved to checkpoints/etas_20260330-183526/last_model_1.pth
2026-03-30 18:36:54,584 INFO src.train.trainer: Epoch 1302
2026-03-30 18:36:54,644 INFO src.train.trainer: New best validation loss: -5.7562, saved to checkpoints/etas_20260330-183526/best_model_1.pth
2026-03-30 18:36:54,646 INFO src.train.trainer: Last model at epoch 1302 saved to checkpoints/etas_20260330-183526/last_model_1.pth
2026-03-30 18:36:54,646 INFO src.train.trainer: Epoch 1303
2026-03-30 18:36:54,707 INFO src.train.trainer: New best validation loss: -5.7562, saved to checkpoints/etas_20260330-183526/best_model_1.pth
2026-03-30 18:36:54,708 INFO src.train.trainer: Last model at epoch 1303 saved to checkpoints/etas_20260330-183526/last_model_1.pth
2026-03-30 18:36:54,709 INFO src.train.trainer: Epoch 1304
2026-03-30 18:36:54,770 INFO src.train.trainer: New best validation loss: -5.7562, saved to checkpoints/etas_20260330-183526/best_model_1.pth
2026-03-30 18:36:54,772 INFO src.train.trainer: Last model at epoch 1304 saved to checkpoints/etas_20260330-183526/last_model_1.pth
2026-03-30 18:36:54,772 INFO src.train.trainer: Epoch 1305
2026-03-30 18:36:54,834 INFO src.train.trainer: New best validation loss: -5.7562, saved to checkpoints/etas_20260330-183526/best_model_1.pth
2026-03-30 18:36:54,836 INFO src.train.trainer: Last model at epoch 1305 saved to checkpoints/etas_20260330-183526/last_model_1.pth
2026-03-30 18:36:54,836 INFO src.train.trainer: Epoch 1306
2026-03-30 18:36:54,897 INFO src.train.trainer: New best validation loss: -5.7563, saved to checkpoints/etas_20260330-183526/best_model_1.pth
2026-03-30 18:36:54,899 INFO src.train.trainer: Last model at epoch 1306 saved to checkpoints/etas_20260330-183526/last_model_1.pth
2026-03-30 18:36:54,899 INFO src.train.trainer: Epoch 1307
2026-03-30 18:36:54,960 INFO src.train.trainer: New best validation loss: -5.7563, saved to checkpoints/etas_20260330-183526/best_model_1.pth
2026-03-30 18:36:54,962 INFO src.train.trainer: Last model at epoch 1307 saved to checkpoints/etas_20260330-183526/last_model_1.pth
2026-03-30 18:36:54,962 INFO src.train.trainer: Epoch 1308
2026-03-30 18:36:55,022 INFO src.train.trainer: New best validation loss: -5.7563, saved to checkpoints/etas_20260330-183526/best_model_1.pth
2026-03-30 18:36:55,024 INFO src.train.trainer: Last model at epoch 1308 saved to checkpoints/etas_20260330-183526/last_model_1.pth
2026-03-30 18:36:55,024 INFO src.train.trainer: Epoch 1309
2026-03-30 18:36:55,086 INFO src.train.trainer: New best validation loss: -5.7564, saved to checkpoints/etas_20260330-183526/best_model_1.pth
2026-03-30 18:36:55,088 INFO src.train.trainer: Last model at epoch 1309 saved to checkpoints/etas_20260330-183526/last_model_1.pth
2026-03-30 18:36:55,089 INFO src.train.trainer: Epoch 1310
2026-03-30 18:36:55,150 INFO src.train.trainer: New best validation loss: -5.7565, saved to checkpoints/etas_20260330-183526/best_model_1.pth
2026-03-30 18:36:55,152 INFO src.train.trainer: Last model at epoch 1310 saved to checkpoints/etas_20260330-183526/last_model_1.pth
2026-03-30 18:36:55,152 INFO src.train.trainer: Epoch 1311
2026-03-30 18:36:55,212 INFO src.train.trainer: New best validation loss: -5.7566, saved to checkpoints/etas_20260330-183526/best_model_1.pth
2026-03-30 18:36:55,214 INFO src.train.trainer: Last model at epoch 1311 saved to checkpoints/etas_20260330-183526/last_model_1.pth
2026-03-30 18:36:55,214 INFO src.train.trainer: Epoch 1312
2026-03-30 18:36:55,409 INFO src.train.trainer: New best validation loss: -5.7568, saved to checkpoints/etas_20260330-183526/best_model_1.pth
2026-03-30 18:36:55,411 INFO src.train.trainer: Last model at epoch 1312 saved to checkpoints/etas_20260330-183526/last_model_1.pth
2026-03-30 18:36:55,411 INFO src.train.trainer: Epoch 1313
2026-03-30 18:36:55,480 INFO src.train.trainer: New best validation loss: -5.7569, saved to checkpoints/etas_20260330-183526/best_model_1.pth
2026-03-30 18:36:55,483 INFO src.train.trainer: Last model at epoch 1313 saved to checkpoints/etas_20260330-183526/last_model_1.pth
2026-03-30 18:36:55,483 INFO src.train.trainer: Epoch 1314
2026-03-30 18:36:55,554 INFO src.train.trainer: New best validation loss: -5.7571, saved to checkpoints/etas_20260330-183526/best_model_1.pth
2026-03-30 18:36:55,556 INFO src.train.trainer: Last model at epoch 1314 saved to checkpoints/etas_20260330-183526/last_model_1.pth
2026-03-30 18:36:55,556 INFO src.train.trainer: Epoch 1315
2026-03-30 18:36:55,628 INFO src.train.trainer: New best validation loss: -5.7572, saved to checkpoints/etas_20260330-183526/best_model_1.pth
2026-03-30 18:36:55,630 INFO src.train.trainer: Last model at epoch 1315 saved to checkpoints/etas_20260330-183526/last_model_1.pth
2026-03-30 18:36:55,630 INFO src.train.trainer: Epoch 1316
2026-03-30 18:36:55,694 INFO src.train.trainer: New best validation loss: -5.7573, saved to checkpoints/etas_20260330-183526/best_model_1.pth
2026-03-30 18:36:55,697 INFO src.train.trainer: Last model at epoch 1316 saved to checkpoints/etas_20260330-183526/last_model_1.pth
2026-03-30 18:36:55,697 INFO src.train.trainer: Epoch 1317
2026-03-30 18:36:55,765 INFO src.train.trainer: New best validation loss: -5.7574, saved to checkpoints/etas_20260330-183526/best_model_1.pth
2026-03-30 18:36:55,768 INFO src.train.trainer: Last model at epoch 1317 saved to checkpoints/etas_20260330-183526/last_model_1.pth
2026-03-30 18:36:55,768 INFO src.train.trainer: Epoch 1318
2026-03-30 18:36:55,831 INFO src.train.trainer: New best validation loss: -5.7575, saved to checkpoints/etas_20260330-183526/best_model_1.pth
2026-03-30 18:36:55,833 INFO src.train.trainer: Last model at epoch 1318 saved to checkpoints/etas_20260330-183526/last_model_1.pth
2026-03-30 18:36:55,834 INFO src.train.trainer: Epoch 1319
2026-03-30 18:36:55,895 INFO src.train.trainer: New best validation loss: -5.7576, saved to checkpoints/etas_20260330-183526/best_model_1.pth
2026-03-30 18:36:55,897 INFO src.train.trainer: Last model at epoch 1319 saved to checkpoints/etas_20260330-183526/last_model_1.pth
2026-03-30 18:36:55,897 INFO src.train.trainer: Epoch 1320
2026-03-30 18:36:55,959 INFO src.train.trainer: New best validation loss: -5.7576, saved to checkpoints/etas_20260330-183526/best_model_1.pth
2026-03-30 18:36:55,961 INFO src.train.trainer: Last model at epoch 1320 saved to checkpoints/etas_20260330-183526/last_model_1.pth
2026-03-30 18:36:55,961 INFO src.train.trainer: Epoch 1321
2026-03-30 18:36:56,022 INFO src.train.trainer: New best validation loss: -5.7577, saved to checkpoints/etas_20260330-183526/best_model_1.pth
2026-03-30 18:36:56,024 INFO src.train.trainer: Last model at epoch 1321 saved to checkpoints/etas_20260330-183526/last_model_1.pth
2026-03-30 18:36:56,024 INFO src.train.trainer: Epoch 1322
2026-03-30 18:36:56,086 INFO src.train.trainer: New best validation loss: -5.7578, saved to checkpoints/etas_20260330-183526/best_model_1.pth
2026-03-30 18:36:56,088 INFO src.train.trainer: Last model at epoch 1322 saved to checkpoints/etas_20260330-183526/last_model_1.pth
2026-03-30 18:36:56,088 INFO src.train.trainer: Epoch 1323
2026-03-30 18:36:56,150 INFO src.train.trainer: New best validation loss: -5.7579, saved to checkpoints/etas_20260330-183526/best_model_1.pth
2026-03-30 18:36:56,152 INFO src.train.trainer: Last model at epoch 1323 saved to checkpoints/etas_20260330-183526/last_model_1.pth
2026-03-30 18:36:56,152 INFO src.train.trainer: Epoch 1324
2026-03-30 18:36:56,216 INFO src.train.trainer: New best validation loss: -5.7579, saved to checkpoints/etas_20260330-183526/best_model_1.pth
2026-03-30 18:36:56,218 INFO src.train.trainer: Last model at epoch 1324 saved to checkpoints/etas_20260330-183526/last_model_1.pth
2026-03-30 18:36:56,218 INFO src.train.trainer: Epoch 1325
2026-03-30 18:36:56,281 INFO src.train.trainer: New best validation loss: -5.7581, saved to checkpoints/etas_20260330-183526/best_model_1.pth
2026-03-30 18:36:56,283 INFO src.train.trainer: Last model at epoch 1325 saved to checkpoints/etas_20260330-183526/last_model_1.pth
2026-03-30 18:36:56,283 INFO src.train.trainer: Epoch 1326
2026-03-30 18:36:56,345 INFO src.train.trainer: New best validation loss: -5.7582, saved to checkpoints/etas_20260330-183526/best_model_1.pth
2026-03-30 18:36:56,347 INFO src.train.trainer: Last model at epoch 1326 saved to checkpoints/etas_20260330-183526/last_model_1.pth
2026-03-30 18:36:56,347 INFO src.train.trainer: Epoch 1327
2026-03-30 18:36:56,410 INFO src.train.trainer: New best validation loss: -5.7583, saved to checkpoints/etas_20260330-183526/best_model_1.pth
2026-03-30 18:36:56,412 INFO src.train.trainer: Last model at epoch 1327 saved to checkpoints/etas_20260330-183526/last_model_1.pth
2026-03-30 18:36:56,412 INFO src.train.trainer: Epoch 1328
2026-03-30 18:36:56,476 INFO src.train.trainer: New best validation loss: -5.7585, saved to checkpoints/etas_20260330-183526/best_model_1.pth
2026-03-30 18:36:56,478 INFO src.train.trainer: Last model at epoch 1328 saved to checkpoints/etas_20260330-183526/last_model_1.pth
2026-03-30 18:36:56,478 INFO src.train.trainer: Epoch 1329
2026-03-30 18:36:56,544 INFO src.train.trainer: New best validation loss: -5.7587, saved to checkpoints/etas_20260330-183526/best_model_1.pth
2026-03-30 18:36:56,546 INFO src.train.trainer: Last model at epoch 1329 saved to checkpoints/etas_20260330-183526/last_model_1.pth
2026-03-30 18:36:56,546 INFO src.train.trainer: Epoch 1330
2026-03-30 18:36:56,612 INFO src.train.trainer: New best validation loss: -5.7589, saved to checkpoints/etas_20260330-183526/best_model_1.pth
2026-03-30 18:36:56,614 INFO src.train.trainer: Last model at epoch 1330 saved to checkpoints/etas_20260330-183526/last_model_1.pth
2026-03-30 18:36:56,614 INFO src.train.trainer: Epoch 1331
2026-03-30 18:36:56,680 INFO src.train.trainer: New best validation loss: -5.7591, saved to checkpoints/etas_20260330-183526/best_model_1.pth
2026-03-30 18:36:56,682 INFO src.train.trainer: Last model at epoch 1331 saved to checkpoints/etas_20260330-183526/last_model_1.pth
2026-03-30 18:36:56,682 INFO src.train.trainer: Epoch 1332
2026-03-30 18:36:56,752 INFO src.train.trainer: New best validation loss: -5.7593, saved to checkpoints/etas_20260330-183526/best_model_1.pth
2026-03-30 18:36:56,754 INFO src.train.trainer: Last model at epoch 1332 saved to checkpoints/etas_20260330-183526/last_model_1.pth
2026-03-30 18:36:56,754 INFO src.train.trainer: Epoch 1333
2026-03-30 18:36:56,819 INFO src.train.trainer: New best validation loss: -5.7595, saved to checkpoints/etas_20260330-183526/best_model_1.pth
2026-03-30 18:36:56,821 INFO src.train.trainer: Last model at epoch 1333 saved to checkpoints/etas_20260330-183526/last_model_1.pth
2026-03-30 18:36:56,822 INFO src.train.trainer: Epoch 1334
2026-03-30 18:36:56,889 INFO src.train.trainer: New best validation loss: -5.7597, saved to checkpoints/etas_20260330-183526/best_model_1.pth
2026-03-30 18:36:56,891 INFO src.train.trainer: Last model at epoch 1334 saved to checkpoints/etas_20260330-183526/last_model_1.pth
2026-03-30 18:36:56,891 INFO src.train.trainer: Epoch 1335
2026-03-30 18:36:56,956 INFO src.train.trainer: New best validation loss: -5.7598, saved to checkpoints/etas_20260330-183526/best_model_1.pth
2026-03-30 18:36:56,958 INFO src.train.trainer: Last model at epoch 1335 saved to checkpoints/etas_20260330-183526/last_model_1.pth
2026-03-30 18:36:56,958 INFO src.train.trainer: Epoch 1336
2026-03-30 18:36:57,023 INFO src.train.trainer: New best validation loss: -5.7599, saved to checkpoints/etas_20260330-183526/best_model_1.pth
2026-03-30 18:36:57,025 INFO src.train.trainer: Last model at epoch 1336 saved to checkpoints/etas_20260330-183526/last_model_1.pth
2026-03-30 18:36:57,025 INFO src.train.trainer: Epoch 1337
2026-03-30 18:36:57,091 INFO src.train.trainer: New best validation loss: -5.7600, saved to checkpoints/etas_20260330-183526/best_model_1.pth
2026-03-30 18:36:57,093 INFO src.train.trainer: Last model at epoch 1337 saved to checkpoints/etas_20260330-183526/last_model_1.pth
2026-03-30 18:36:57,093 INFO src.train.trainer: Epoch 1338
2026-03-30 18:36:57,158 INFO src.train.trainer: New best validation loss: -5.7601, saved to checkpoints/etas_20260330-183526/best_model_1.pth
2026-03-30 18:36:57,160 INFO src.train.trainer: Last model at epoch 1338 saved to checkpoints/etas_20260330-183526/last_model_1.pth
2026-03-30 18:36:57,160 INFO src.train.trainer: Epoch 1339
2026-03-30 18:36:57,226 INFO src.train.trainer: New best validation loss: -5.7603, saved to checkpoints/etas_20260330-183526/best_model_1.pth
2026-03-30 18:36:57,228 INFO src.train.trainer: Last model at epoch 1339 saved to checkpoints/etas_20260330-183526/last_model_1.pth
2026-03-30 18:36:57,228 INFO src.train.trainer: Epoch 1340
2026-03-30 18:36:57,293 INFO src.train.trainer: New best validation loss: -5.7604, saved to checkpoints/etas_20260330-183526/best_model_1.pth
2026-03-30 18:36:57,295 INFO src.train.trainer: Last model at epoch 1340 saved to checkpoints/etas_20260330-183526/last_model_1.pth
2026-03-30 18:36:57,296 INFO src.train.trainer: Epoch 1341
2026-03-30 18:36:57,361 INFO src.train.trainer: New best validation loss: -5.7605, saved to checkpoints/etas_20260330-183526/best_model_1.pth
2026-03-30 18:36:57,363 INFO src.train.trainer: Last model at epoch 1341 saved to checkpoints/etas_20260330-183526/last_model_1.pth
2026-03-30 18:36:57,363 INFO src.train.trainer: Epoch 1342
2026-03-30 18:36:57,429 INFO src.train.trainer: New best validation loss: -5.7607, saved to checkpoints/etas_20260330-183526/best_model_1.pth
2026-03-30 18:36:57,431 INFO src.train.trainer: Last model at epoch 1342 saved to checkpoints/etas_20260330-183526/last_model_1.pth
2026-03-30 18:36:57,431 INFO src.train.trainer: Epoch 1343
2026-03-30 18:36:57,496 INFO src.train.trainer: New best validation loss: -5.7608, saved to checkpoints/etas_20260330-183526/best_model_1.pth
2026-03-30 18:36:57,499 INFO src.train.trainer: Last model at epoch 1343 saved to checkpoints/etas_20260330-183526/last_model_1.pth
2026-03-30 18:36:57,499 INFO src.train.trainer: Epoch 1344
2026-03-30 18:36:57,564 INFO src.train.trainer: New best validation loss: -5.7610, saved to checkpoints/etas_20260330-183526/best_model_1.pth
2026-03-30 18:36:57,566 INFO src.train.trainer: Last model at epoch 1344 saved to checkpoints/etas_20260330-183526/last_model_1.pth
2026-03-30 18:36:57,567 INFO src.train.trainer: Epoch 1345
2026-03-30 18:36:57,633 INFO src.train.trainer: New best validation loss: -5.7611, saved to checkpoints/etas_20260330-183526/best_model_1.pth
2026-03-30 18:36:57,635 INFO src.train.trainer: Last model at epoch 1345 saved to checkpoints/etas_20260330-183526/last_model_1.pth
2026-03-30 18:36:57,635 INFO src.train.trainer: Epoch 1346
2026-03-30 18:36:57,702 INFO src.train.trainer: New best validation loss: -5.7613, saved to checkpoints/etas_20260330-183526/best_model_1.pth
2026-03-30 18:36:57,704 INFO src.train.trainer: Last model at epoch 1346 saved to checkpoints/etas_20260330-183526/last_model_1.pth
2026-03-30 18:36:57,704 INFO src.train.trainer: Epoch 1347
2026-03-30 18:36:57,768 INFO src.train.trainer: New best validation loss: -5.7614, saved to checkpoints/etas_20260330-183526/best_model_1.pth
2026-03-30 18:36:57,770 INFO src.train.trainer: Last model at epoch 1347 saved to checkpoints/etas_20260330-183526/last_model_1.pth
2026-03-30 18:36:57,771 INFO src.train.trainer: Epoch 1348
2026-03-30 18:36:57,835 INFO src.train.trainer: New best validation loss: -5.7615, saved to checkpoints/etas_20260330-183526/best_model_1.pth
2026-03-30 18:36:57,837 INFO src.train.trainer: Last model at epoch 1348 saved to checkpoints/etas_20260330-183526/last_model_1.pth
2026-03-30 18:36:57,837 INFO src.train.trainer: Epoch 1349
2026-03-30 18:36:57,902 INFO src.train.trainer: New best validation loss: -5.7616, saved to checkpoints/etas_20260330-183526/best_model_1.pth
2026-03-30 18:36:57,904 INFO src.train.trainer: Last model at epoch 1349 saved to checkpoints/etas_20260330-183526/last_model_1.pth
2026-03-30 18:36:57,904 INFO src.train.trainer: Epoch 1350
2026-03-30 18:36:57,971 INFO src.train.trainer: New best validation loss: -5.7617, saved to checkpoints/etas_20260330-183526/best_model_1.pth
2026-03-30 18:36:57,973 INFO src.train.trainer: Last model at epoch 1350 saved to checkpoints/etas_20260330-183526/last_model_1.pth
2026-03-30 18:36:57,974 INFO src.train.trainer: Epoch 1351
2026-03-30 18:36:58,039 INFO src.train.trainer: New best validation loss: -5.7618, saved to checkpoints/etas_20260330-183526/best_model_1.pth
2026-03-30 18:36:58,041 INFO src.train.trainer: Last model at epoch 1351 saved to checkpoints/etas_20260330-183526/last_model_1.pth
2026-03-30 18:36:58,041 INFO src.train.trainer: Epoch 1352
2026-03-30 18:36:58,108 INFO src.train.trainer: New best validation loss: -5.7618, saved to checkpoints/etas_20260330-183526/best_model_1.pth
2026-03-30 18:36:58,110 INFO src.train.trainer: Last model at epoch 1352 saved to checkpoints/etas_20260330-183526/last_model_1.pth
2026-03-30 18:36:58,110 INFO src.train.trainer: Epoch 1353
2026-03-30 18:36:58,178 INFO src.train.trainer: New best validation loss: -5.7618, saved to checkpoints/etas_20260330-183526/best_model_1.pth
2026-03-30 18:36:58,180 INFO src.train.trainer: Last model at epoch 1353 saved to checkpoints/etas_20260330-183526/last_model_1.pth
2026-03-30 18:36:58,180 INFO src.train.trainer: Epoch 1354
2026-03-30 18:36:58,245 INFO src.train.trainer: Last model at epoch 1354 saved to checkpoints/etas_20260330-183526/last_model_1.pth
2026-03-30 18:36:58,245 INFO src.train.trainer: Epoch 1355
2026-03-30 18:36:58,312 INFO src.train.trainer: Last model at epoch 1355 saved to checkpoints/etas_20260330-183526/last_model_1.pth
2026-03-30 18:36:58,313 INFO src.train.trainer: Epoch 1356
2026-03-30 18:36:58,381 INFO src.train.trainer: New best validation loss: -5.7618, saved to checkpoints/etas_20260330-183526/best_model_1.pth
2026-03-30 18:36:58,383 INFO src.train.trainer: Last model at epoch 1356 saved to checkpoints/etas_20260330-183526/last_model_1.pth
2026-03-30 18:36:58,383 INFO src.train.trainer: Epoch 1357
2026-03-30 18:36:58,454 INFO src.train.trainer: New best validation loss: -5.7619, saved to checkpoints/etas_20260330-183526/best_model_1.pth
2026-03-30 18:36:58,456 INFO src.train.trainer: Last model at epoch 1357 saved to checkpoints/etas_20260330-183526/last_model_1.pth
2026-03-30 18:36:58,456 INFO src.train.trainer: Epoch 1358
2026-03-30 18:36:58,521 INFO src.train.trainer: New best validation loss: -5.7619, saved to checkpoints/etas_20260330-183526/best_model_1.pth
2026-03-30 18:36:58,523 INFO src.train.trainer: Last model at epoch 1358 saved to checkpoints/etas_20260330-183526/last_model_1.pth
2026-03-30 18:36:58,524 INFO src.train.trainer: Epoch 1359
2026-03-30 18:36:58,590 INFO src.train.trainer: New best validation loss: -5.7620, saved to checkpoints/etas_20260330-183526/best_model_1.pth
2026-03-30 18:36:58,592 INFO src.train.trainer: Last model at epoch 1359 saved to checkpoints/etas_20260330-183526/last_model_1.pth
2026-03-30 18:36:58,592 INFO src.train.trainer: Epoch 1360
2026-03-30 18:36:58,658 INFO src.train.trainer: New best validation loss: -5.7621, saved to checkpoints/etas_20260330-183526/best_model_1.pth
2026-03-30 18:36:58,660 INFO src.train.trainer: Last model at epoch 1360 saved to checkpoints/etas_20260330-183526/last_model_1.pth
2026-03-30 18:36:58,660 INFO src.train.trainer: Epoch 1361
2026-03-30 18:36:58,728 INFO src.train.trainer: New best validation loss: -5.7622, saved to checkpoints/etas_20260330-183526/best_model_1.pth
2026-03-30 18:36:58,730 INFO src.train.trainer: Last model at epoch 1361 saved to checkpoints/etas_20260330-183526/last_model_1.pth
2026-03-30 18:36:58,730 INFO src.train.trainer: Epoch 1362
2026-03-30 18:36:58,801 INFO src.train.trainer: New best validation loss: -5.7623, saved to checkpoints/etas_20260330-183526/best_model_1.pth
2026-03-30 18:36:58,803 INFO src.train.trainer: Last model at epoch 1362 saved to checkpoints/etas_20260330-183526/last_model_1.pth
2026-03-30 18:36:58,803 INFO src.train.trainer: Epoch 1363
2026-03-30 18:36:58,869 INFO src.train.trainer: New best validation loss: -5.7624, saved to checkpoints/etas_20260330-183526/best_model_1.pth
2026-03-30 18:36:58,871 INFO src.train.trainer: Last model at epoch 1363 saved to checkpoints/etas_20260330-183526/last_model_1.pth
2026-03-30 18:36:58,871 INFO src.train.trainer: Epoch 1364
2026-03-30 18:36:58,938 INFO src.train.trainer: New best validation loss: -5.7626, saved to checkpoints/etas_20260330-183526/best_model_1.pth
2026-03-30 18:36:58,941 INFO src.train.trainer: Last model at epoch 1364 saved to checkpoints/etas_20260330-183526/last_model_1.pth
2026-03-30 18:36:58,941 INFO src.train.trainer: Epoch 1365
2026-03-30 18:36:59,007 INFO src.train.trainer: New best validation loss: -5.7628, saved to checkpoints/etas_20260330-183526/best_model_1.pth
2026-03-30 18:36:59,010 INFO src.train.trainer: Last model at epoch 1365 saved to checkpoints/etas_20260330-183526/last_model_1.pth
2026-03-30 18:36:59,010 INFO src.train.trainer: Epoch 1366
2026-03-30 18:36:59,078 INFO src.train.trainer: New best validation loss: -5.7629, saved to checkpoints/etas_20260330-183526/best_model_1.pth
2026-03-30 18:36:59,080 INFO src.train.trainer: Last model at epoch 1366 saved to checkpoints/etas_20260330-183526/last_model_1.pth
2026-03-30 18:36:59,080 INFO src.train.trainer: Epoch 1367
2026-03-30 18:36:59,146 INFO src.train.trainer: New best validation loss: -5.7631, saved to checkpoints/etas_20260330-183526/best_model_1.pth
2026-03-30 18:36:59,148 INFO src.train.trainer: Last model at epoch 1367 saved to checkpoints/etas_20260330-183526/last_model_1.pth
2026-03-30 18:36:59,148 INFO src.train.trainer: Epoch 1368
2026-03-30 18:36:59,214 INFO src.train.trainer: New best validation loss: -5.7633, saved to checkpoints/etas_20260330-183526/best_model_1.pth
2026-03-30 18:36:59,216 INFO src.train.trainer: Last model at epoch 1368 saved to checkpoints/etas_20260330-183526/last_model_1.pth
2026-03-30 18:36:59,216 INFO src.train.trainer: Epoch 1369
2026-03-30 18:36:59,281 INFO src.train.trainer: New best validation loss: -5.7634, saved to checkpoints/etas_20260330-183526/best_model_1.pth
2026-03-30 18:36:59,283 INFO src.train.trainer: Last model at epoch 1369 saved to checkpoints/etas_20260330-183526/last_model_1.pth
2026-03-30 18:36:59,283 INFO src.train.trainer: Epoch 1370
2026-03-30 18:36:59,349 INFO src.train.trainer: New best validation loss: -5.7635, saved to checkpoints/etas_20260330-183526/best_model_1.pth
2026-03-30 18:36:59,351 INFO src.train.trainer: Last model at epoch 1370 saved to checkpoints/etas_20260330-183526/last_model_1.pth
2026-03-30 18:36:59,351 INFO src.train.trainer: Epoch 1371
2026-03-30 18:36:59,416 INFO src.train.trainer: New best validation loss: -5.7636, saved to checkpoints/etas_20260330-183526/best_model_1.pth
2026-03-30 18:36:59,418 INFO src.train.trainer: Last model at epoch 1371 saved to checkpoints/etas_20260330-183526/last_model_1.pth
2026-03-30 18:36:59,418 INFO src.train.trainer: Epoch 1372
2026-03-30 18:36:59,485 INFO src.train.trainer: New best validation loss: -5.7637, saved to checkpoints/etas_20260330-183526/best_model_1.pth
2026-03-30 18:36:59,488 INFO src.train.trainer: Last model at epoch 1372 saved to checkpoints/etas_20260330-183526/last_model_1.pth
2026-03-30 18:36:59,488 INFO src.train.trainer: Epoch 1373
2026-03-30 18:36:59,555 INFO src.train.trainer: New best validation loss: -5.7638, saved to checkpoints/etas_20260330-183526/best_model_1.pth
2026-03-30 18:36:59,557 INFO src.train.trainer: Last model at epoch 1373 saved to checkpoints/etas_20260330-183526/last_model_1.pth
2026-03-30 18:36:59,557 INFO src.train.trainer: Epoch 1374
2026-03-30 18:36:59,623 INFO src.train.trainer: New best validation loss: -5.7639, saved to checkpoints/etas_20260330-183526/best_model_1.pth
2026-03-30 18:36:59,625 INFO src.train.trainer: Last model at epoch 1374 saved to checkpoints/etas_20260330-183526/last_model_1.pth
2026-03-30 18:36:59,625 INFO src.train.trainer: Epoch 1375
2026-03-30 18:36:59,695 INFO src.train.trainer: New best validation loss: -5.7640, saved to checkpoints/etas_20260330-183526/best_model_1.pth
2026-03-30 18:36:59,697 INFO src.train.trainer: Last model at epoch 1375 saved to checkpoints/etas_20260330-183526/last_model_1.pth
2026-03-30 18:36:59,697 INFO src.train.trainer: Epoch 1376
2026-03-30 18:36:59,764 INFO src.train.trainer: New best validation loss: -5.7640, saved to checkpoints/etas_20260330-183526/best_model_1.pth
2026-03-30 18:36:59,766 INFO src.train.trainer: Last model at epoch 1376 saved to checkpoints/etas_20260330-183526/last_model_1.pth
2026-03-30 18:36:59,766 INFO src.train.trainer: Epoch 1377
2026-03-30 18:36:59,834 INFO src.train.trainer: New best validation loss: -5.7641, saved to checkpoints/etas_20260330-183526/best_model_1.pth
2026-03-30 18:36:59,836 INFO src.train.trainer: Last model at epoch 1377 saved to checkpoints/etas_20260330-183526/last_model_1.pth
2026-03-30 18:36:59,837 INFO src.train.trainer: Epoch 1378
2026-03-30 18:36:59,906 INFO src.train.trainer: New best validation loss: -5.7641, saved to checkpoints/etas_20260330-183526/best_model_1.pth
2026-03-30 18:36:59,908 INFO src.train.trainer: Last model at epoch 1378 saved to checkpoints/etas_20260330-183526/last_model_1.pth
2026-03-30 18:36:59,908 INFO src.train.trainer: Epoch 1379
2026-03-30 18:36:59,973 INFO src.train.trainer: New best validation loss: -5.7642, saved to checkpoints/etas_20260330-183526/best_model_1.pth
2026-03-30 18:36:59,975 INFO src.train.trainer: Last model at epoch 1379 saved to checkpoints/etas_20260330-183526/last_model_1.pth
2026-03-30 18:36:59,975 INFO src.train.trainer: Epoch 1380
2026-03-30 18:37:00,041 INFO src.train.trainer: New best validation loss: -5.7642, saved to checkpoints/etas_20260330-183526/best_model_1.pth
2026-03-30 18:37:00,043 INFO src.train.trainer: Last model at epoch 1380 saved to checkpoints/etas_20260330-183526/last_model_1.pth
2026-03-30 18:37:00,043 INFO src.train.trainer: Epoch 1381
2026-03-30 18:37:00,111 INFO src.train.trainer: New best validation loss: -5.7643, saved to checkpoints/etas_20260330-183526/best_model_1.pth
2026-03-30 18:37:00,113 INFO src.train.trainer: Last model at epoch 1381 saved to checkpoints/etas_20260330-183526/last_model_1.pth
2026-03-30 18:37:00,113 INFO src.train.trainer: Epoch 1382
2026-03-30 18:37:00,178 INFO src.train.trainer: New best validation loss: -5.7644, saved to checkpoints/etas_20260330-183526/best_model_1.pth
2026-03-30 18:37:00,181 INFO src.train.trainer: Last model at epoch 1382 saved to checkpoints/etas_20260330-183526/last_model_1.pth
2026-03-30 18:37:00,181 INFO src.train.trainer: Epoch 1383
2026-03-30 18:37:00,247 INFO src.train.trainer: New best validation loss: -5.7644, saved to checkpoints/etas_20260330-183526/best_model_1.pth
2026-03-30 18:37:00,249 INFO src.train.trainer: Last model at epoch 1383 saved to checkpoints/etas_20260330-183526/last_model_1.pth
2026-03-30 18:37:00,249 INFO src.train.trainer: Epoch 1384
2026-03-30 18:37:00,316 INFO src.train.trainer: New best validation loss: -5.7645, saved to checkpoints/etas_20260330-183526/best_model_1.pth
2026-03-30 18:37:00,318 INFO src.train.trainer: Last model at epoch 1384 saved to checkpoints/etas_20260330-183526/last_model_1.pth
2026-03-30 18:37:00,318 INFO src.train.trainer: Epoch 1385
2026-03-30 18:37:00,385 INFO src.train.trainer: New best validation loss: -5.7646, saved to checkpoints/etas_20260330-183526/best_model_1.pth
2026-03-30 18:37:00,387 INFO src.train.trainer: Last model at epoch 1385 saved to checkpoints/etas_20260330-183526/last_model_1.pth
2026-03-30 18:37:00,387 INFO src.train.trainer: Epoch 1386
2026-03-30 18:37:00,450 INFO src.train.trainer: New best validation loss: -5.7647, saved to checkpoints/etas_20260330-183526/best_model_1.pth
2026-03-30 18:37:00,452 INFO src.train.trainer: Last model at epoch 1386 saved to checkpoints/etas_20260330-183526/last_model_1.pth
2026-03-30 18:37:00,452 INFO src.train.trainer: Epoch 1387
2026-03-30 18:37:00,519 INFO src.train.trainer: New best validation loss: -5.7648, saved to checkpoints/etas_20260330-183526/best_model_1.pth
2026-03-30 18:37:00,521 INFO src.train.trainer: Last model at epoch 1387 saved to checkpoints/etas_20260330-183526/last_model_1.pth
2026-03-30 18:37:00,521 INFO src.train.trainer: Epoch 1388
2026-03-30 18:37:00,588 INFO src.train.trainer: New best validation loss: -5.7649, saved to checkpoints/etas_20260330-183526/best_model_1.pth
2026-03-30 18:37:00,590 INFO src.train.trainer: Last model at epoch 1388 saved to checkpoints/etas_20260330-183526/last_model_1.pth
2026-03-30 18:37:00,590 INFO src.train.trainer: Epoch 1389
2026-03-30 18:37:00,657 INFO src.train.trainer: New best validation loss: -5.7650, saved to checkpoints/etas_20260330-183526/best_model_1.pth
2026-03-30 18:37:00,660 INFO src.train.trainer: Last model at epoch 1389 saved to checkpoints/etas_20260330-183526/last_model_1.pth
2026-03-30 18:37:00,660 INFO src.train.trainer: Epoch 1390
2026-03-30 18:37:00,723 INFO src.train.trainer: New best validation loss: -5.7652, saved to checkpoints/etas_20260330-183526/best_model_1.pth
2026-03-30 18:37:00,725 INFO src.train.trainer: Last model at epoch 1390 saved to checkpoints/etas_20260330-183526/last_model_1.pth
2026-03-30 18:37:00,726 INFO src.train.trainer: Epoch 1391
2026-03-30 18:37:00,790 INFO src.train.trainer: New best validation loss: -5.7653, saved to checkpoints/etas_20260330-183526/best_model_1.pth
2026-03-30 18:37:00,792 INFO src.train.trainer: Last model at epoch 1391 saved to checkpoints/etas_20260330-183526/last_model_1.pth
2026-03-30 18:37:00,792 INFO src.train.trainer: Epoch 1392
2026-03-30 18:37:00,852 INFO src.train.trainer: New best validation loss: -5.7654, saved to checkpoints/etas_20260330-183526/best_model_1.pth
2026-03-30 18:37:00,854 INFO src.train.trainer: Last model at epoch 1392 saved to checkpoints/etas_20260330-183526/last_model_1.pth
2026-03-30 18:37:00,854 INFO src.train.trainer: Epoch 1393
2026-03-30 18:37:00,918 INFO src.train.trainer: New best validation loss: -5.7655, saved to checkpoints/etas_20260330-183526/best_model_1.pth
2026-03-30 18:37:00,920 INFO src.train.trainer: Last model at epoch 1393 saved to checkpoints/etas_20260330-183526/last_model_1.pth
2026-03-30 18:37:00,920 INFO src.train.trainer: Epoch 1394
2026-03-30 18:37:00,987 INFO src.train.trainer: New best validation loss: -5.7656, saved to checkpoints/etas_20260330-183526/best_model_1.pth
2026-03-30 18:37:00,989 INFO src.train.trainer: Last model at epoch 1394 saved to checkpoints/etas_20260330-183526/last_model_1.pth
2026-03-30 18:37:00,989 INFO src.train.trainer: Epoch 1395
2026-03-30 18:37:01,050 INFO src.train.trainer: New best validation loss: -5.7657, saved to checkpoints/etas_20260330-183526/best_model_1.pth
2026-03-30 18:37:01,052 INFO src.train.trainer: Last model at epoch 1395 saved to checkpoints/etas_20260330-183526/last_model_1.pth
2026-03-30 18:37:01,052 INFO src.train.trainer: Epoch 1396
2026-03-30 18:37:01,119 INFO src.train.trainer: New best validation loss: -5.7658, saved to checkpoints/etas_20260330-183526/best_model_1.pth
2026-03-30 18:37:01,121 INFO src.train.trainer: Last model at epoch 1396 saved to checkpoints/etas_20260330-183526/last_model_1.pth
2026-03-30 18:37:01,121 INFO src.train.trainer: Epoch 1397
2026-03-30 18:37:01,185 INFO src.train.trainer: New best validation loss: -5.7658, saved to checkpoints/etas_20260330-183526/best_model_1.pth
2026-03-30 18:37:01,187 INFO src.train.trainer: Last model at epoch 1397 saved to checkpoints/etas_20260330-183526/last_model_1.pth
2026-03-30 18:37:01,187 INFO src.train.trainer: Epoch 1398
2026-03-30 18:37:01,247 INFO src.train.trainer: New best validation loss: -5.7659, saved to checkpoints/etas_20260330-183526/best_model_1.pth
2026-03-30 18:37:01,249 INFO src.train.trainer: Last model at epoch 1398 saved to checkpoints/etas_20260330-183526/last_model_1.pth
2026-03-30 18:37:01,249 INFO src.train.trainer: Epoch 1399
2026-03-30 18:37:01,309 INFO src.train.trainer: New best validation loss: -5.7660, saved to checkpoints/etas_20260330-183526/best_model_1.pth
2026-03-30 18:37:01,311 INFO src.train.trainer: Last model at epoch 1399 saved to checkpoints/etas_20260330-183526/last_model_1.pth
2026-03-30 18:37:01,311 INFO src.train.trainer: Epoch 1400
2026-03-30 18:37:01,377 INFO src.train.trainer: New best validation loss: -5.7661, saved to checkpoints/etas_20260330-183526/best_model_1.pth
2026-03-30 18:37:01,379 INFO src.train.trainer: Last model at epoch 1400 saved to checkpoints/etas_20260330-183526/last_model_1.pth
2026-03-30 18:37:01,379 INFO src.train.trainer: Epoch 1401
2026-03-30 18:37:01,446 INFO src.train.trainer: New best validation loss: -5.7662, saved to checkpoints/etas_20260330-183526/best_model_1.pth
2026-03-30 18:37:01,448 INFO src.train.trainer: Last model at epoch 1401 saved to checkpoints/etas_20260330-183526/last_model_1.pth
2026-03-30 18:37:01,448 INFO src.train.trainer: Epoch 1402
2026-03-30 18:37:01,516 INFO src.train.trainer: New best validation loss: -5.7664, saved to checkpoints/etas_20260330-183526/best_model_1.pth
2026-03-30 18:37:01,518 INFO src.train.trainer: Last model at epoch 1402 saved to checkpoints/etas_20260330-183526/last_model_1.pth
2026-03-30 18:37:01,518 INFO src.train.trainer: Epoch 1403
2026-03-30 18:37:01,586 INFO src.train.trainer: New best validation loss: -5.7665, saved to checkpoints/etas_20260330-183526/best_model_1.pth
2026-03-30 18:37:01,588 INFO src.train.trainer: Last model at epoch 1403 saved to checkpoints/etas_20260330-183526/last_model_1.pth
2026-03-30 18:37:01,588 INFO src.train.trainer: Epoch 1404
2026-03-30 18:37:01,658 INFO src.train.trainer: New best validation loss: -5.7667, saved to checkpoints/etas_20260330-183526/best_model_1.pth
2026-03-30 18:37:01,660 INFO src.train.trainer: Last model at epoch 1404 saved to checkpoints/etas_20260330-183526/last_model_1.pth
2026-03-30 18:37:01,660 INFO src.train.trainer: Epoch 1405
2026-03-30 18:37:01,728 INFO src.train.trainer: New best validation loss: -5.7668, saved to checkpoints/etas_20260330-183526/best_model_1.pth
2026-03-30 18:37:01,730 INFO src.train.trainer: Last model at epoch 1405 saved to checkpoints/etas_20260330-183526/last_model_1.pth
2026-03-30 18:37:01,730 INFO src.train.trainer: Epoch 1406
2026-03-30 18:37:01,797 INFO src.train.trainer: New best validation loss: -5.7670, saved to checkpoints/etas_20260330-183526/best_model_1.pth
2026-03-30 18:37:01,800 INFO src.train.trainer: Last model at epoch 1406 saved to checkpoints/etas_20260330-183526/last_model_1.pth
2026-03-30 18:37:01,800 INFO src.train.trainer: Epoch 1407
2026-03-30 18:37:01,871 INFO src.train.trainer: New best validation loss: -5.7671, saved to checkpoints/etas_20260330-183526/best_model_1.pth
2026-03-30 18:37:01,873 INFO src.train.trainer: Last model at epoch 1407 saved to checkpoints/etas_20260330-183526/last_model_1.pth
2026-03-30 18:37:01,873 INFO src.train.trainer: Epoch 1408
2026-03-30 18:37:01,942 INFO src.train.trainer: New best validation loss: -5.7672, saved to checkpoints/etas_20260330-183526/best_model_1.pth
2026-03-30 18:37:01,945 INFO src.train.trainer: Last model at epoch 1408 saved to checkpoints/etas_20260330-183526/last_model_1.pth
2026-03-30 18:37:01,945 INFO src.train.trainer: Epoch 1409
2026-03-30 18:37:02,012 INFO src.train.trainer: New best validation loss: -5.7673, saved to checkpoints/etas_20260330-183526/best_model_1.pth
2026-03-30 18:37:02,014 INFO src.train.trainer: Last model at epoch 1409 saved to checkpoints/etas_20260330-183526/last_model_1.pth
2026-03-30 18:37:02,014 INFO src.train.trainer: Epoch 1410
2026-03-30 18:37:02,084 INFO src.train.trainer: New best validation loss: -5.7674, saved to checkpoints/etas_20260330-183526/best_model_1.pth
2026-03-30 18:37:02,086 INFO src.train.trainer: Last model at epoch 1410 saved to checkpoints/etas_20260330-183526/last_model_1.pth
2026-03-30 18:37:02,086 INFO src.train.trainer: Epoch 1411
2026-03-30 18:37:02,151 INFO src.train.trainer: New best validation loss: -5.7674, saved to checkpoints/etas_20260330-183526/best_model_1.pth
2026-03-30 18:37:02,153 INFO src.train.trainer: Last model at epoch 1411 saved to checkpoints/etas_20260330-183526/last_model_1.pth
2026-03-30 18:37:02,154 INFO src.train.trainer: Epoch 1412
2026-03-30 18:37:02,222 INFO src.train.trainer: New best validation loss: -5.7674, saved to checkpoints/etas_20260330-183526/best_model_1.pth
2026-03-30 18:37:02,224 INFO src.train.trainer: Last model at epoch 1412 saved to checkpoints/etas_20260330-183526/last_model_1.pth
2026-03-30 18:37:02,224 INFO src.train.trainer: Epoch 1413
2026-03-30 18:37:02,288 INFO src.train.trainer: New best validation loss: -5.7675, saved to checkpoints/etas_20260330-183526/best_model_1.pth
2026-03-30 18:37:02,290 INFO src.train.trainer: Last model at epoch 1413 saved to checkpoints/etas_20260330-183526/last_model_1.pth
2026-03-30 18:37:02,290 INFO src.train.trainer: Epoch 1414
2026-03-30 18:37:02,355 INFO src.train.trainer: New best validation loss: -5.7675, saved to checkpoints/etas_20260330-183526/best_model_1.pth
2026-03-30 18:37:02,357 INFO src.train.trainer: Last model at epoch 1414 saved to checkpoints/etas_20260330-183526/last_model_1.pth
2026-03-30 18:37:02,357 INFO src.train.trainer: Epoch 1415
2026-03-30 18:37:02,423 INFO src.train.trainer: New best validation loss: -5.7675, saved to checkpoints/etas_20260330-183526/best_model_1.pth
2026-03-30 18:37:02,426 INFO src.train.trainer: Last model at epoch 1415 saved to checkpoints/etas_20260330-183526/last_model_1.pth
2026-03-30 18:37:02,426 INFO src.train.trainer: Epoch 1416
2026-03-30 18:37:02,495 INFO src.train.trainer: New best validation loss: -5.7675, saved to checkpoints/etas_20260330-183526/best_model_1.pth
2026-03-30 18:37:02,497 INFO src.train.trainer: Last model at epoch 1416 saved to checkpoints/etas_20260330-183526/last_model_1.pth
2026-03-30 18:37:02,497 INFO src.train.trainer: Epoch 1417
2026-03-30 18:37:02,567 INFO src.train.trainer: New best validation loss: -5.7675, saved to checkpoints/etas_20260330-183526/best_model_1.pth
2026-03-30 18:37:02,569 INFO src.train.trainer: Last model at epoch 1417 saved to checkpoints/etas_20260330-183526/last_model_1.pth
2026-03-30 18:37:02,569 INFO src.train.trainer: Epoch 1418
2026-03-30 18:37:02,638 INFO src.train.trainer: New best validation loss: -5.7675, saved to checkpoints/etas_20260330-183526/best_model_1.pth
2026-03-30 18:37:02,640 INFO src.train.trainer: Last model at epoch 1418 saved to checkpoints/etas_20260330-183526/last_model_1.pth
2026-03-30 18:37:02,640 INFO src.train.trainer: Epoch 1419
2026-03-30 18:37:02,709 INFO src.train.trainer: New best validation loss: -5.7676, saved to checkpoints/etas_20260330-183526/best_model_1.pth
2026-03-30 18:37:02,711 INFO src.train.trainer: Last model at epoch 1419 saved to checkpoints/etas_20260330-183526/last_model_1.pth
2026-03-30 18:37:02,711 INFO src.train.trainer: Epoch 1420
2026-03-30 18:37:02,778 INFO src.train.trainer: New best validation loss: -5.7676, saved to checkpoints/etas_20260330-183526/best_model_1.pth
2026-03-30 18:37:02,780 INFO src.train.trainer: Last model at epoch 1420 saved to checkpoints/etas_20260330-183526/last_model_1.pth
2026-03-30 18:37:02,780 INFO src.train.trainer: Epoch 1421
2026-03-30 18:37:02,846 INFO src.train.trainer: New best validation loss: -5.7677, saved to checkpoints/etas_20260330-183526/best_model_1.pth
2026-03-30 18:37:02,848 INFO src.train.trainer: Last model at epoch 1421 saved to checkpoints/etas_20260330-183526/last_model_1.pth
2026-03-30 18:37:02,848 INFO src.train.trainer: Epoch 1422
2026-03-30 18:37:02,915 INFO src.train.trainer: New best validation loss: -5.7678, saved to checkpoints/etas_20260330-183526/best_model_1.pth
2026-03-30 18:37:02,917 INFO src.train.trainer: Last model at epoch 1422 saved to checkpoints/etas_20260330-183526/last_model_1.pth
2026-03-30 18:37:02,917 INFO src.train.trainer: Epoch 1423
2026-03-30 18:37:02,983 INFO src.train.trainer: New best validation loss: -5.7680, saved to checkpoints/etas_20260330-183526/best_model_1.pth
2026-03-30 18:37:02,985 INFO src.train.trainer: Last model at epoch 1423 saved to checkpoints/etas_20260330-183526/last_model_1.pth
2026-03-30 18:37:02,985 INFO src.train.trainer: Epoch 1424
2026-03-30 18:37:03,050 INFO src.train.trainer: New best validation loss: -5.7681, saved to checkpoints/etas_20260330-183526/best_model_1.pth
2026-03-30 18:37:03,052 INFO src.train.trainer: Last model at epoch 1424 saved to checkpoints/etas_20260330-183526/last_model_1.pth
2026-03-30 18:37:03,052 INFO src.train.trainer: Epoch 1425
2026-03-30 18:37:03,098 INFO src.train.trainer: New best validation loss: -5.7683, saved to checkpoints/etas_20260330-183526/best_model_1.pth
2026-03-30 18:37:03,099 INFO src.train.trainer: Last model at epoch 1425 saved to checkpoints/etas_20260330-183526/last_model_1.pth
2026-03-30 18:37:03,100 INFO src.train.trainer: Epoch 1426
2026-03-30 18:37:03,144 INFO src.train.trainer: New best validation loss: -5.7685, saved to checkpoints/etas_20260330-183526/best_model_1.pth
2026-03-30 18:37:03,145 INFO src.train.trainer: Last model at epoch 1426 saved to checkpoints/etas_20260330-183526/last_model_1.pth
2026-03-30 18:37:03,145 INFO src.train.trainer: Epoch 1427
2026-03-30 18:37:03,199 INFO src.train.trainer: New best validation loss: -5.7686, saved to checkpoints/etas_20260330-183526/best_model_1.pth
2026-03-30 18:37:03,200 INFO src.train.trainer: Last model at epoch 1427 saved to checkpoints/etas_20260330-183526/last_model_1.pth
2026-03-30 18:37:03,200 INFO src.train.trainer: Epoch 1428
2026-03-30 18:37:03,252 INFO src.train.trainer: New best validation loss: -5.7688, saved to checkpoints/etas_20260330-183526/best_model_1.pth
2026-03-30 18:37:03,254 INFO src.train.trainer: Last model at epoch 1428 saved to checkpoints/etas_20260330-183526/last_model_1.pth
2026-03-30 18:37:03,254 INFO src.train.trainer: Epoch 1429
2026-03-30 18:37:03,307 INFO src.train.trainer: New best validation loss: -5.7689, saved to checkpoints/etas_20260330-183526/best_model_1.pth
2026-03-30 18:37:03,309 INFO src.train.trainer: Last model at epoch 1429 saved to checkpoints/etas_20260330-183526/last_model_1.pth
2026-03-30 18:37:03,309 INFO src.train.trainer: Epoch 1430
2026-03-30 18:37:03,367 INFO src.train.trainer: New best validation loss: -5.7690, saved to checkpoints/etas_20260330-183526/best_model_1.pth
2026-03-30 18:37:03,369 INFO src.train.trainer: Last model at epoch 1430 saved to checkpoints/etas_20260330-183526/last_model_1.pth
2026-03-30 18:37:03,369 INFO src.train.trainer: Epoch 1431
2026-03-30 18:37:03,425 INFO src.train.trainer: New best validation loss: -5.7691, saved to checkpoints/etas_20260330-183526/best_model_1.pth
2026-03-30 18:37:03,427 INFO src.train.trainer: Last model at epoch 1431 saved to checkpoints/etas_20260330-183526/last_model_1.pth
2026-03-30 18:37:03,427 INFO src.train.trainer: Epoch 1432
2026-03-30 18:37:03,483 INFO src.train.trainer: New best validation loss: -5.7692, saved to checkpoints/etas_20260330-183526/best_model_1.pth
2026-03-30 18:37:03,485 INFO src.train.trainer: Last model at epoch 1432 saved to checkpoints/etas_20260330-183526/last_model_1.pth
2026-03-30 18:37:03,485 INFO src.train.trainer: Epoch 1433
2026-03-30 18:37:03,543 INFO src.train.trainer: New best validation loss: -5.7693, saved to checkpoints/etas_20260330-183526/best_model_1.pth
2026-03-30 18:37:03,546 INFO src.train.trainer: Last model at epoch 1433 saved to checkpoints/etas_20260330-183526/last_model_1.pth
2026-03-30 18:37:03,546 INFO src.train.trainer: Epoch 1434
2026-03-30 18:37:03,609 INFO src.train.trainer: New best validation loss: -5.7693, saved to checkpoints/etas_20260330-183526/best_model_1.pth
2026-03-30 18:37:03,610 INFO src.train.trainer: Last model at epoch 1434 saved to checkpoints/etas_20260330-183526/last_model_1.pth
2026-03-30 18:37:03,610 INFO src.train.trainer: Epoch 1435
2026-03-30 18:37:03,671 INFO src.train.trainer: New best validation loss: -5.7694, saved to checkpoints/etas_20260330-183526/best_model_1.pth
2026-03-30 18:37:03,672 INFO src.train.trainer: Last model at epoch 1435 saved to checkpoints/etas_20260330-183526/last_model_1.pth
2026-03-30 18:37:03,673 INFO src.train.trainer: Epoch 1436
2026-03-30 18:37:03,733 INFO src.train.trainer: New best validation loss: -5.7694, saved to checkpoints/etas_20260330-183526/best_model_1.pth
2026-03-30 18:37:03,735 INFO src.train.trainer: Last model at epoch 1436 saved to checkpoints/etas_20260330-183526/last_model_1.pth
2026-03-30 18:37:03,735 INFO src.train.trainer: Epoch 1437
2026-03-30 18:37:03,796 INFO src.train.trainer: New best validation loss: -5.7695, saved to checkpoints/etas_20260330-183526/best_model_1.pth
2026-03-30 18:37:03,798 INFO src.train.trainer: Last model at epoch 1437 saved to checkpoints/etas_20260330-183526/last_model_1.pth
2026-03-30 18:37:03,798 INFO src.train.trainer: Epoch 1438
2026-03-30 18:37:03,858 INFO src.train.trainer: New best validation loss: -5.7695, saved to checkpoints/etas_20260330-183526/best_model_1.pth
2026-03-30 18:37:03,860 INFO src.train.trainer: Last model at epoch 1438 saved to checkpoints/etas_20260330-183526/last_model_1.pth
2026-03-30 18:37:03,860 INFO src.train.trainer: Epoch 1439
2026-03-30 18:37:03,922 INFO src.train.trainer: New best validation loss: -5.7696, saved to checkpoints/etas_20260330-183526/best_model_1.pth
2026-03-30 18:37:03,925 INFO src.train.trainer: Last model at epoch 1439 saved to checkpoints/etas_20260330-183526/last_model_1.pth
2026-03-30 18:37:03,925 INFO src.train.trainer: Epoch 1440
2026-03-30 18:37:03,987 INFO src.train.trainer: New best validation loss: -5.7697, saved to checkpoints/etas_20260330-183526/best_model_1.pth
2026-03-30 18:37:03,989 INFO src.train.trainer: Last model at epoch 1440 saved to checkpoints/etas_20260330-183526/last_model_1.pth
2026-03-30 18:37:03,989 INFO src.train.trainer: Epoch 1441
2026-03-30 18:37:04,054 INFO src.train.trainer: New best validation loss: -5.7698, saved to checkpoints/etas_20260330-183526/best_model_1.pth
2026-03-30 18:37:04,057 INFO src.train.trainer: Last model at epoch 1441 saved to checkpoints/etas_20260330-183526/last_model_1.pth
2026-03-30 18:37:04,057 INFO src.train.trainer: Epoch 1442
2026-03-30 18:37:04,120 INFO src.train.trainer: New best validation loss: -5.7698, saved to checkpoints/etas_20260330-183526/best_model_1.pth
2026-03-30 18:37:04,122 INFO src.train.trainer: Last model at epoch 1442 saved to checkpoints/etas_20260330-183526/last_model_1.pth
2026-03-30 18:37:04,122 INFO src.train.trainer: Epoch 1443
2026-03-30 18:37:04,190 INFO src.train.trainer: New best validation loss: -5.7699, saved to checkpoints/etas_20260330-183526/best_model_1.pth
2026-03-30 18:37:04,192 INFO src.train.trainer: Last model at epoch 1443 saved to checkpoints/etas_20260330-183526/last_model_1.pth
2026-03-30 18:37:04,192 INFO src.train.trainer: Epoch 1444
2026-03-30 18:37:04,260 INFO src.train.trainer: New best validation loss: -5.7701, saved to checkpoints/etas_20260330-183526/best_model_1.pth
2026-03-30 18:37:04,262 INFO src.train.trainer: Last model at epoch 1444 saved to checkpoints/etas_20260330-183526/last_model_1.pth
2026-03-30 18:37:04,262 INFO src.train.trainer: Epoch 1445
2026-03-30 18:37:04,330 INFO src.train.trainer: New best validation loss: -5.7702, saved to checkpoints/etas_20260330-183526/best_model_1.pth
2026-03-30 18:37:04,332 INFO src.train.trainer: Last model at epoch 1445 saved to checkpoints/etas_20260330-183526/last_model_1.pth
2026-03-30 18:37:04,332 INFO src.train.trainer: Epoch 1446
2026-03-30 18:37:04,400 INFO src.train.trainer: New best validation loss: -5.7703, saved to checkpoints/etas_20260330-183526/best_model_1.pth
2026-03-30 18:37:04,402 INFO src.train.trainer: Last model at epoch 1446 saved to checkpoints/etas_20260330-183526/last_model_1.pth
2026-03-30 18:37:04,402 INFO src.train.trainer: Epoch 1447
2026-03-30 18:37:04,469 INFO src.train.trainer: New best validation loss: -5.7704, saved to checkpoints/etas_20260330-183526/best_model_1.pth
2026-03-30 18:37:04,471 INFO src.train.trainer: Last model at epoch 1447 saved to checkpoints/etas_20260330-183526/last_model_1.pth
2026-03-30 18:37:04,471 INFO src.train.trainer: Epoch 1448
2026-03-30 18:37:04,541 INFO src.train.trainer: New best validation loss: -5.7704, saved to checkpoints/etas_20260330-183526/best_model_1.pth
2026-03-30 18:37:04,543 INFO src.train.trainer: Last model at epoch 1448 saved to checkpoints/etas_20260330-183526/last_model_1.pth
2026-03-30 18:37:04,543 INFO src.train.trainer: Epoch 1449
2026-03-30 18:37:04,611 INFO src.train.trainer: New best validation loss: -5.7705, saved to checkpoints/etas_20260330-183526/best_model_1.pth
2026-03-30 18:37:04,613 INFO src.train.trainer: Last model at epoch 1449 saved to checkpoints/etas_20260330-183526/last_model_1.pth
2026-03-30 18:37:04,613 INFO src.train.trainer: Epoch 1450
2026-03-30 18:37:04,678 INFO src.train.trainer: New best validation loss: -5.7706, saved to checkpoints/etas_20260330-183526/best_model_1.pth
2026-03-30 18:37:04,680 INFO src.train.trainer: Last model at epoch 1450 saved to checkpoints/etas_20260330-183526/last_model_1.pth
2026-03-30 18:37:04,680 INFO src.train.trainer: Epoch 1451
2026-03-30 18:37:04,748 INFO src.train.trainer: New best validation loss: -5.7707, saved to checkpoints/etas_20260330-183526/best_model_1.pth
2026-03-30 18:37:04,750 INFO src.train.trainer: Last model at epoch 1451 saved to checkpoints/etas_20260330-183526/last_model_1.pth
2026-03-30 18:37:04,750 INFO src.train.trainer: Epoch 1452
2026-03-30 18:37:04,816 INFO src.train.trainer: New best validation loss: -5.7708, saved to checkpoints/etas_20260330-183526/best_model_1.pth
2026-03-30 18:37:04,818 INFO src.train.trainer: Last model at epoch 1452 saved to checkpoints/etas_20260330-183526/last_model_1.pth
2026-03-30 18:37:04,818 INFO src.train.trainer: Epoch 1453
2026-03-30 18:37:04,888 INFO src.train.trainer: New best validation loss: -5.7709, saved to checkpoints/etas_20260330-183526/best_model_1.pth
2026-03-30 18:37:04,890 INFO src.train.trainer: Last model at epoch 1453 saved to checkpoints/etas_20260330-183526/last_model_1.pth
2026-03-30 18:37:04,890 INFO src.train.trainer: Epoch 1454
2026-03-30 18:37:04,958 INFO src.train.trainer: New best validation loss: -5.7710, saved to checkpoints/etas_20260330-183526/best_model_1.pth
2026-03-30 18:37:04,960 INFO src.train.trainer: Last model at epoch 1454 saved to checkpoints/etas_20260330-183526/last_model_1.pth
2026-03-30 18:37:04,960 INFO src.train.trainer: Epoch 1455
2026-03-30 18:37:05,027 INFO src.train.trainer: New best validation loss: -5.7711, saved to checkpoints/etas_20260330-183526/best_model_1.pth
2026-03-30 18:37:05,030 INFO src.train.trainer: Last model at epoch 1455 saved to checkpoints/etas_20260330-183526/last_model_1.pth
2026-03-30 18:37:05,030 INFO src.train.trainer: Epoch 1456
2026-03-30 18:37:05,098 INFO src.train.trainer: New best validation loss: -5.7712, saved to checkpoints/etas_20260330-183526/best_model_1.pth
2026-03-30 18:37:05,100 INFO src.train.trainer: Last model at epoch 1456 saved to checkpoints/etas_20260330-183526/last_model_1.pth
2026-03-30 18:37:05,100 INFO src.train.trainer: Epoch 1457
2026-03-30 18:37:05,175 INFO src.train.trainer: New best validation loss: -5.7714, saved to checkpoints/etas_20260330-183526/best_model_1.pth
2026-03-30 18:37:05,177 INFO src.train.trainer: Last model at epoch 1457 saved to checkpoints/etas_20260330-183526/last_model_1.pth
2026-03-30 18:37:05,178 INFO src.train.trainer: Epoch 1458
2026-03-30 18:37:05,238 INFO src.train.trainer: New best validation loss: -5.7715, saved to checkpoints/etas_20260330-183526/best_model_1.pth
2026-03-30 18:37:05,240 INFO src.train.trainer: Last model at epoch 1458 saved to checkpoints/etas_20260330-183526/last_model_1.pth
2026-03-30 18:37:05,240 INFO src.train.trainer: Epoch 1459
2026-03-30 18:37:05,305 INFO src.train.trainer: New best validation loss: -5.7716, saved to checkpoints/etas_20260330-183526/best_model_1.pth
2026-03-30 18:37:05,307 INFO src.train.trainer: Last model at epoch 1459 saved to checkpoints/etas_20260330-183526/last_model_1.pth
2026-03-30 18:37:05,307 INFO src.train.trainer: Epoch 1460
2026-03-30 18:37:05,370 INFO src.train.trainer: New best validation loss: -5.7718, saved to checkpoints/etas_20260330-183526/best_model_1.pth
2026-03-30 18:37:05,372 INFO src.train.trainer: Last model at epoch 1460 saved to checkpoints/etas_20260330-183526/last_model_1.pth
2026-03-30 18:37:05,372 INFO src.train.trainer: Epoch 1461
2026-03-30 18:37:05,438 INFO src.train.trainer: New best validation loss: -5.7718, saved to checkpoints/etas_20260330-183526/best_model_1.pth
2026-03-30 18:37:05,439 INFO src.train.trainer: Last model at epoch 1461 saved to checkpoints/etas_20260330-183526/last_model_1.pth
2026-03-30 18:37:05,440 INFO src.train.trainer: Epoch 1462
2026-03-30 18:37:05,502 INFO src.train.trainer: New best validation loss: -5.7719, saved to checkpoints/etas_20260330-183526/best_model_1.pth
2026-03-30 18:37:05,504 INFO src.train.trainer: Last model at epoch 1462 saved to checkpoints/etas_20260330-183526/last_model_1.pth
2026-03-30 18:37:05,504 INFO src.train.trainer: Epoch 1463
2026-03-30 18:37:05,567 INFO src.train.trainer: New best validation loss: -5.7720, saved to checkpoints/etas_20260330-183526/best_model_1.pth
2026-03-30 18:37:05,569 INFO src.train.trainer: Last model at epoch 1463 saved to checkpoints/etas_20260330-183526/last_model_1.pth
2026-03-30 18:37:05,569 INFO src.train.trainer: Epoch 1464
2026-03-30 18:37:05,631 INFO src.train.trainer: New best validation loss: -5.7720, saved to checkpoints/etas_20260330-183526/best_model_1.pth
2026-03-30 18:37:05,633 INFO src.train.trainer: Last model at epoch 1464 saved to checkpoints/etas_20260330-183526/last_model_1.pth
2026-03-30 18:37:05,633 INFO src.train.trainer: Epoch 1465
2026-03-30 18:37:05,695 INFO src.train.trainer: New best validation loss: -5.7721, saved to checkpoints/etas_20260330-183526/best_model_1.pth
2026-03-30 18:37:05,698 INFO src.train.trainer: Last model at epoch 1465 saved to checkpoints/etas_20260330-183526/last_model_1.pth
2026-03-30 18:37:05,698 INFO src.train.trainer: Epoch 1466
2026-03-30 18:37:05,766 INFO src.train.trainer: New best validation loss: -5.7722, saved to checkpoints/etas_20260330-183526/best_model_1.pth
2026-03-30 18:37:05,768 INFO src.train.trainer: Last model at epoch 1466 saved to checkpoints/etas_20260330-183526/last_model_1.pth
2026-03-30 18:37:05,768 INFO src.train.trainer: Epoch 1467
2026-03-30 18:37:05,830 INFO src.train.trainer: New best validation loss: -5.7723, saved to checkpoints/etas_20260330-183526/best_model_1.pth
2026-03-30 18:37:05,832 INFO src.train.trainer: Last model at epoch 1467 saved to checkpoints/etas_20260330-183526/last_model_1.pth
2026-03-30 18:37:05,832 INFO src.train.trainer: Epoch 1468
2026-03-30 18:37:05,895 INFO src.train.trainer: New best validation loss: -5.7723, saved to checkpoints/etas_20260330-183526/best_model_1.pth
2026-03-30 18:37:05,897 INFO src.train.trainer: Last model at epoch 1468 saved to checkpoints/etas_20260330-183526/last_model_1.pth
2026-03-30 18:37:05,897 INFO src.train.trainer: Epoch 1469
2026-03-30 18:37:05,963 INFO src.train.trainer: New best validation loss: -5.7724, saved to checkpoints/etas_20260330-183526/best_model_1.pth
2026-03-30 18:37:05,966 INFO src.train.trainer: Last model at epoch 1469 saved to checkpoints/etas_20260330-183526/last_model_1.pth
2026-03-30 18:37:05,966 INFO src.train.trainer: Epoch 1470
2026-03-30 18:37:06,029 INFO src.train.trainer: New best validation loss: -5.7725, saved to checkpoints/etas_20260330-183526/best_model_1.pth
2026-03-30 18:37:06,031 INFO src.train.trainer: Last model at epoch 1470 saved to checkpoints/etas_20260330-183526/last_model_1.pth
2026-03-30 18:37:06,032 INFO src.train.trainer: Epoch 1471
2026-03-30 18:37:06,098 INFO src.train.trainer: New best validation loss: -5.7725, saved to checkpoints/etas_20260330-183526/best_model_1.pth
2026-03-30 18:37:06,100 INFO src.train.trainer: Last model at epoch 1471 saved to checkpoints/etas_20260330-183526/last_model_1.pth
2026-03-30 18:37:06,100 INFO src.train.trainer: Epoch 1472
2026-03-30 18:37:06,163 INFO src.train.trainer: New best validation loss: -5.7726, saved to checkpoints/etas_20260330-183526/best_model_1.pth
2026-03-30 18:37:06,165 INFO src.train.trainer: Last model at epoch 1472 saved to checkpoints/etas_20260330-183526/last_model_1.pth
2026-03-30 18:37:06,165 INFO src.train.trainer: Epoch 1473
2026-03-30 18:37:06,229 INFO src.train.trainer: New best validation loss: -5.7726, saved to checkpoints/etas_20260330-183526/best_model_1.pth
2026-03-30 18:37:06,230 INFO src.train.trainer: Last model at epoch 1473 saved to checkpoints/etas_20260330-183526/last_model_1.pth
2026-03-30 18:37:06,231 INFO src.train.trainer: Epoch 1474
2026-03-30 18:37:06,292 INFO src.train.trainer: New best validation loss: -5.7727, saved to checkpoints/etas_20260330-183526/best_model_1.pth
2026-03-30 18:37:06,294 INFO src.train.trainer: Last model at epoch 1474 saved to checkpoints/etas_20260330-183526/last_model_1.pth
2026-03-30 18:37:06,294 INFO src.train.trainer: Epoch 1475
2026-03-30 18:37:06,361 INFO src.train.trainer: New best validation loss: -5.7728, saved to checkpoints/etas_20260330-183526/best_model_1.pth
2026-03-30 18:37:06,363 INFO src.train.trainer: Last model at epoch 1475 saved to checkpoints/etas_20260330-183526/last_model_1.pth
2026-03-30 18:37:06,363 INFO src.train.trainer: Epoch 1476
2026-03-30 18:37:06,429 INFO src.train.trainer: New best validation loss: -5.7729, saved to checkpoints/etas_20260330-183526/best_model_1.pth
2026-03-30 18:37:06,431 INFO src.train.trainer: Last model at epoch 1476 saved to checkpoints/etas_20260330-183526/last_model_1.pth
2026-03-30 18:37:06,432 INFO src.train.trainer: Epoch 1477
2026-03-30 18:37:06,499 INFO src.train.trainer: New best validation loss: -5.7730, saved to checkpoints/etas_20260330-183526/best_model_1.pth
2026-03-30 18:37:06,501 INFO src.train.trainer: Last model at epoch 1477 saved to checkpoints/etas_20260330-183526/last_model_1.pth
2026-03-30 18:37:06,501 INFO src.train.trainer: Epoch 1478
2026-03-30 18:37:06,569 INFO src.train.trainer: New best validation loss: -5.7731, saved to checkpoints/etas_20260330-183526/best_model_1.pth
2026-03-30 18:37:06,571 INFO src.train.trainer: Last model at epoch 1478 saved to checkpoints/etas_20260330-183526/last_model_1.pth
2026-03-30 18:37:06,571 INFO src.train.trainer: Epoch 1479
2026-03-30 18:37:06,637 INFO src.train.trainer: New best validation loss: -5.7732, saved to checkpoints/etas_20260330-183526/best_model_1.pth
2026-03-30 18:37:06,639 INFO src.train.trainer: Last model at epoch 1479 saved to checkpoints/etas_20260330-183526/last_model_1.pth
2026-03-30 18:37:06,639 INFO src.train.trainer: Epoch 1480
2026-03-30 18:37:06,709 INFO src.train.trainer: New best validation loss: -5.7733, saved to checkpoints/etas_20260330-183526/best_model_1.pth
2026-03-30 18:37:06,711 INFO src.train.trainer: Last model at epoch 1480 saved to checkpoints/etas_20260330-183526/last_model_1.pth
2026-03-30 18:37:06,711 INFO src.train.trainer: Epoch 1481
2026-03-30 18:37:06,778 INFO src.train.trainer: New best validation loss: -5.7735, saved to checkpoints/etas_20260330-183526/best_model_1.pth
2026-03-30 18:37:06,780 INFO src.train.trainer: Last model at epoch 1481 saved to checkpoints/etas_20260330-183526/last_model_1.pth
2026-03-30 18:37:06,780 INFO src.train.trainer: Epoch 1482
2026-03-30 18:37:06,845 INFO src.train.trainer: New best validation loss: -5.7736, saved to checkpoints/etas_20260330-183526/best_model_1.pth
2026-03-30 18:37:06,848 INFO src.train.trainer: Last model at epoch 1482 saved to checkpoints/etas_20260330-183526/last_model_1.pth
2026-03-30 18:37:06,848 INFO src.train.trainer: Epoch 1483
2026-03-30 18:37:06,913 INFO src.train.trainer: New best validation loss: -5.7736, saved to checkpoints/etas_20260330-183526/best_model_1.pth
2026-03-30 18:37:06,915 INFO src.train.trainer: Last model at epoch 1483 saved to checkpoints/etas_20260330-183526/last_model_1.pth
2026-03-30 18:37:06,915 INFO src.train.trainer: Epoch 1484
2026-03-30 18:37:06,981 INFO src.train.trainer: New best validation loss: -5.7737, saved to checkpoints/etas_20260330-183526/best_model_1.pth
2026-03-30 18:37:06,984 INFO src.train.trainer: Last model at epoch 1484 saved to checkpoints/etas_20260330-183526/last_model_1.pth
2026-03-30 18:37:06,984 INFO src.train.trainer: Epoch 1485
2026-03-30 18:37:07,053 INFO src.train.trainer: New best validation loss: -5.7738, saved to checkpoints/etas_20260330-183526/best_model_1.pth
2026-03-30 18:37:07,055 INFO src.train.trainer: Last model at epoch 1485 saved to checkpoints/etas_20260330-183526/last_model_1.pth
2026-03-30 18:37:07,055 INFO src.train.trainer: Epoch 1486
2026-03-30 18:37:07,120 INFO src.train.trainer: New best validation loss: -5.7738, saved to checkpoints/etas_20260330-183526/best_model_1.pth
2026-03-30 18:37:07,122 INFO src.train.trainer: Last model at epoch 1486 saved to checkpoints/etas_20260330-183526/last_model_1.pth
2026-03-30 18:37:07,122 INFO src.train.trainer: Epoch 1487
2026-03-30 18:37:07,187 INFO src.train.trainer: New best validation loss: -5.7738, saved to checkpoints/etas_20260330-183526/best_model_1.pth
2026-03-30 18:37:07,189 INFO src.train.trainer: Last model at epoch 1487 saved to checkpoints/etas_20260330-183526/last_model_1.pth
2026-03-30 18:37:07,190 INFO src.train.trainer: Epoch 1488
2026-03-30 18:37:07,254 INFO src.train.trainer: New best validation loss: -5.7739, saved to checkpoints/etas_20260330-183526/best_model_1.pth
2026-03-30 18:37:07,257 INFO src.train.trainer: Last model at epoch 1488 saved to checkpoints/etas_20260330-183526/last_model_1.pth
2026-03-30 18:37:07,257 INFO src.train.trainer: Epoch 1489
2026-03-30 18:37:07,325 INFO src.train.trainer: New best validation loss: -5.7739, saved to checkpoints/etas_20260330-183526/best_model_1.pth
2026-03-30 18:37:07,327 INFO src.train.trainer: Last model at epoch 1489 saved to checkpoints/etas_20260330-183526/last_model_1.pth
2026-03-30 18:37:07,327 INFO src.train.trainer: Epoch 1490
2026-03-30 18:37:07,396 INFO src.train.trainer: New best validation loss: -5.7740, saved to checkpoints/etas_20260330-183526/best_model_1.pth
2026-03-30 18:37:07,398 INFO src.train.trainer: Last model at epoch 1490 saved to checkpoints/etas_20260330-183526/last_model_1.pth
2026-03-30 18:37:07,398 INFO src.train.trainer: Epoch 1491
2026-03-30 18:37:07,467 INFO src.train.trainer: New best validation loss: -5.7741, saved to checkpoints/etas_20260330-183526/best_model_1.pth
2026-03-30 18:37:07,469 INFO src.train.trainer: Last model at epoch 1491 saved to checkpoints/etas_20260330-183526/last_model_1.pth
2026-03-30 18:37:07,469 INFO src.train.trainer: Epoch 1492
2026-03-30 18:37:07,535 INFO src.train.trainer: New best validation loss: -5.7742, saved to checkpoints/etas_20260330-183526/best_model_1.pth
2026-03-30 18:37:07,537 INFO src.train.trainer: Last model at epoch 1492 saved to checkpoints/etas_20260330-183526/last_model_1.pth
2026-03-30 18:37:07,537 INFO src.train.trainer: Epoch 1493
2026-03-30 18:37:07,604 INFO src.train.trainer: New best validation loss: -5.7743, saved to checkpoints/etas_20260330-183526/best_model_1.pth
2026-03-30 18:37:07,607 INFO src.train.trainer: Last model at epoch 1493 saved to checkpoints/etas_20260330-183526/last_model_1.pth
2026-03-30 18:37:07,607 INFO src.train.trainer: Epoch 1494
2026-03-30 18:37:07,676 INFO src.train.trainer: New best validation loss: -5.7745, saved to checkpoints/etas_20260330-183526/best_model_1.pth
2026-03-30 18:37:07,678 INFO src.train.trainer: Last model at epoch 1494 saved to checkpoints/etas_20260330-183526/last_model_1.pth
2026-03-30 18:37:07,679 INFO src.train.trainer: Epoch 1495
2026-03-30 18:37:07,746 INFO src.train.trainer: New best validation loss: -5.7746, saved to checkpoints/etas_20260330-183526/best_model_1.pth
2026-03-30 18:37:07,748 INFO src.train.trainer: Last model at epoch 1495 saved to checkpoints/etas_20260330-183526/last_model_1.pth
2026-03-30 18:37:07,748 INFO src.train.trainer: Epoch 1496
2026-03-30 18:37:07,815 INFO src.train.trainer: New best validation loss: -5.7748, saved to checkpoints/etas_20260330-183526/best_model_1.pth
2026-03-30 18:37:07,816 INFO src.train.trainer: Last model at epoch 1496 saved to checkpoints/etas_20260330-183526/last_model_1.pth
2026-03-30 18:37:07,817 INFO src.train.trainer: Epoch 1497
2026-03-30 18:37:07,887 INFO src.train.trainer: New best validation loss: -5.7749, saved to checkpoints/etas_20260330-183526/best_model_1.pth
2026-03-30 18:37:07,890 INFO src.train.trainer: Last model at epoch 1497 saved to checkpoints/etas_20260330-183526/last_model_1.pth
2026-03-30 18:37:07,890 INFO src.train.trainer: Epoch 1498
2026-03-30 18:37:07,956 INFO src.train.trainer: New best validation loss: -5.7751, saved to checkpoints/etas_20260330-183526/best_model_1.pth
2026-03-30 18:37:07,958 INFO src.train.trainer: Last model at epoch 1498 saved to checkpoints/etas_20260330-183526/last_model_1.pth
2026-03-30 18:37:07,958 INFO src.train.trainer: Epoch 1499
2026-03-30 18:37:08,024 INFO src.train.trainer: New best validation loss: -5.7752, saved to checkpoints/etas_20260330-183526/best_model_1.pth
2026-03-30 18:37:08,026 INFO src.train.trainer: Last model at epoch 1499 saved to checkpoints/etas_20260330-183526/last_model_1.pth
2026-03-30 18:37:08,026 INFO src.train.trainer: Epoch 1500
2026-03-30 18:37:08,092 INFO src.train.trainer: New best validation loss: -5.7753, saved to checkpoints/etas_20260330-183526/best_model_1.pth
2026-03-30 18:37:08,094 INFO src.train.trainer: Last model at epoch 1500 saved to checkpoints/etas_20260330-183526/last_model_1.pth
2026-03-30 18:37:20,922 INFO src.data.catalog: Loading existing catalog from /root/autodl-tmp/em_eqf/data/CB_HAB4/catalogs/7d831c6f.
2026-03-30 18:37:20,934 INFO src.data.preparation: Number of training events: 2963
2026-03-30 18:37:20,934 INFO src.data.preparation: Number of validation events: 995
2026-03-30 18:37:20,934 INFO src.data.preparation: Number of test events: 724
2026-03-30 18:37:21,548 INFO src.train.config_setup: load_specific_parts: None
2026-03-30 18:37:21,549 INFO src.train.config_setup: Checkpoint loaded: <All keys matched successfully>
2026-03-30 18:37:21,549 INFO src.train.config_setup: hyperparameters: {'model': 'etas', 'num_event_types': 1, 'pad_token_id': 1, 'task_type': 'tpp', 'bg_model': 'conv_mlp', 'bg_model_cfg': {'d_feature': 1, 'scale_init': 1000.0, 'mlp_bias': False, 'conv_bias': False}, 'bg_learning_rate': 0.0005, 'fix_mu': True, 'fixed_mu_value': 0, 'richter_b': None, 'base_rate_init': 0.26, 'batch_size': 1, 'accumulation_steps': 1, 'warmup_ratio': 0.1, 'learning_rate': 0.001, 'weight_decay': 0.005, 'loss_reduction': 'per_event', 'scheduler_factor': None, 'scheduler_patience': None, 'scheduler_threshold': None, 'scheduler_min_lr': 1e-06, 'scheduler_type': 'step_warmup', 'step_lr_step_size_ratio': 0.2, 'step_lr_gamma': 0.8, 'dim': 1, 'epochs': 1500, 'save_dir': 'checkpoints/etas_20260330-183526', 'cuda_id': '0', 'dataset': 'CB_HAB4', 'seed': 0, 'minibatch_training': False, 'split_by_time': True, 'time_order': ['train', 'val', 'test'], 'catalog_cfg': {'freq': '1D', 'mag_completeness': 0.9}, 'cuda': True, 'tau_mean': 0.006068115588277578, 'time_min': 0.0, 'tau_min': 4.789910690305987e-10, 'tau_max': 3.5911457538604736, 'tau_q05': 0.0007754630059935153, 'tau_q025': 3.4722001146292314e-05, 'mag_mean': 1.2605804204940796, 'time_max': 17.985092163085938, 'time_mean': 12.524797439575195, 'mag_completeness': 0.9, 'richter_b_mle': 1.1879588116789888, 'precision': 32, 'num_events_train': 2963, 'num_events_val': 995, 'num_events_test': 724, 'start_epoch': 0, 'best_val_loss': inf}
2026-03-30 18:37:21,550 INFO src.train.config_setup: train_metrics: {'avg_time_nll': -4.906612396240234, 'avg_total_nll': -4.906612396240234}
2026-03-30 18:37:21,550 INFO src.train.config_setup: val_metrics: {'avg_time_nll': -5.7752909660339355, 'avg_total_nll': -5.7752909660339355}
2026-03-30 18:37:21,877 INFO __main__: Saved test metrics to checkpoints/etas_20260330-183526/metrics_test_best_1.json
2026-03-30 18:37:21,877 INFO __main__: Metrics: {'nll_train_time': -4.907235622406006, 'nll_train_total': -4.907235622406006, 'nll_val_time': -5.7752909660339355, 'nll_val_total': -5.7752909660339355, 'nll_test_time': -4.563719272613525, 'nll_test_total': -4.563719272613525, 'num_events_train': 2963, 'num_events_val': 995, 'num_events_test': 724}
