2026-04-04 11:14:18,493 INFO src.data.catalog: Loading existing catalog from /root/autodl-tmp/em_eqf/data/CB_HAB4/catalogs/7d831c6f.
2026-04-04 11:14:18,523 INFO src.data.preparation: Number of training events: 2963
2026-04-04 11:14:18,524 INFO src.data.preparation: Number of validation events: 995
2026-04-04 11:14:18,524 INFO src.data.preparation: Number of test events: 724
2026-04-04 11:14:18,524 INFO __main__: No resume path provided. Training will start from scratch.
2026-04-04 11:14:18,714 INFO src.train.trainer: Epoch 1
2026-04-04 11:14:19,048 INFO src.train.trainer: New best validation loss: -4.0018, saved to checkpoints/etas_20260404-111418/best_model_1.pth
2026-04-04 11:14:19,049 INFO src.train.trainer: Last model at epoch 1 saved to checkpoints/etas_20260404-111418/last_model_1.pth
2026-04-04 11:14:19,050 INFO src.train.trainer: Epoch 2
2026-04-04 11:14:19,065 INFO src.train.trainer: New best validation loss: -4.0018, saved to checkpoints/etas_20260404-111418/best_model_1.pth
2026-04-04 11:14:19,067 INFO src.train.trainer: Last model at epoch 2 saved to checkpoints/etas_20260404-111418/last_model_1.pth
2026-04-04 11:14:19,067 INFO src.train.trainer: Epoch 3
2026-04-04 11:14:19,080 INFO src.train.trainer: New best validation loss: -4.0019, saved to checkpoints/etas_20260404-111418/best_model_1.pth
2026-04-04 11:14:19,081 INFO src.train.trainer: Last model at epoch 3 saved to checkpoints/etas_20260404-111418/last_model_1.pth
2026-04-04 11:14:19,082 INFO src.train.trainer: Epoch 4
2026-04-04 11:14:19,096 INFO src.train.trainer: New best validation loss: -4.0020, saved to checkpoints/etas_20260404-111418/best_model_1.pth
2026-04-04 11:14:19,097 INFO src.train.trainer: Last model at epoch 4 saved to checkpoints/etas_20260404-111418/last_model_1.pth
2026-04-04 11:14:19,098 INFO src.train.trainer: Epoch 5
2026-04-04 11:14:19,113 INFO src.train.trainer: New best validation loss: -4.0022, saved to checkpoints/etas_20260404-111418/best_model_1.pth
2026-04-04 11:14:19,114 INFO src.train.trainer: Last model at epoch 5 saved to checkpoints/etas_20260404-111418/last_model_1.pth
2026-04-04 11:14:19,114 INFO src.train.trainer: Epoch 6
2026-04-04 11:14:19,130 INFO src.train.trainer: New best validation loss: -4.0023, saved to checkpoints/etas_20260404-111418/best_model_1.pth
2026-04-04 11:14:19,131 INFO src.train.trainer: Last model at epoch 6 saved to checkpoints/etas_20260404-111418/last_model_1.pth
2026-04-04 11:14:19,131 INFO src.train.trainer: Epoch 7
2026-04-04 11:14:19,147 INFO src.train.trainer: New best validation loss: -4.0025, saved to checkpoints/etas_20260404-111418/best_model_1.pth
2026-04-04 11:14:19,148 INFO src.train.trainer: Last model at epoch 7 saved to checkpoints/etas_20260404-111418/last_model_1.pth
2026-04-04 11:14:19,148 INFO src.train.trainer: Epoch 8
2026-04-04 11:14:19,164 INFO src.train.trainer: New best validation loss: -4.0027, saved to checkpoints/etas_20260404-111418/best_model_1.pth
2026-04-04 11:14:19,165 INFO src.train.trainer: Last model at epoch 8 saved to checkpoints/etas_20260404-111418/last_model_1.pth
2026-04-04 11:14:19,165 INFO src.train.trainer: Epoch 9
2026-04-04 11:14:19,182 INFO src.train.trainer: New best validation loss: -4.0030, saved to checkpoints/etas_20260404-111418/best_model_1.pth
2026-04-04 11:14:19,183 INFO src.train.trainer: Last model at epoch 9 saved to checkpoints/etas_20260404-111418/last_model_1.pth
2026-04-04 11:14:19,183 INFO src.train.trainer: Epoch 10
2026-04-04 11:14:19,200 INFO src.train.trainer: New best validation loss: -4.0032, saved to checkpoints/etas_20260404-111418/best_model_1.pth
2026-04-04 11:14:19,201 INFO src.train.trainer: Last model at epoch 10 saved to checkpoints/etas_20260404-111418/last_model_1.pth
2026-04-04 11:14:19,201 INFO src.train.trainer: Epoch 11
2026-04-04 11:14:19,221 INFO src.train.trainer: New best validation loss: -4.0035, saved to checkpoints/etas_20260404-111418/best_model_1.pth
2026-04-04 11:14:19,222 INFO src.train.trainer: Last model at epoch 11 saved to checkpoints/etas_20260404-111418/last_model_1.pth
2026-04-04 11:14:19,222 INFO src.train.trainer: Epoch 12
2026-04-04 11:14:19,240 INFO src.train.trainer: New best validation loss: -4.0038, saved to checkpoints/etas_20260404-111418/best_model_1.pth
2026-04-04 11:14:19,241 INFO src.train.trainer: Last model at epoch 12 saved to checkpoints/etas_20260404-111418/last_model_1.pth
2026-04-04 11:14:19,241 INFO src.train.trainer: Epoch 13
2026-04-04 11:14:19,259 INFO src.train.trainer: New best validation loss: -4.0042, saved to checkpoints/etas_20260404-111418/best_model_1.pth
2026-04-04 11:14:19,260 INFO src.train.trainer: Last model at epoch 13 saved to checkpoints/etas_20260404-111418/last_model_1.pth
2026-04-04 11:14:19,260 INFO src.train.trainer: Epoch 14
2026-04-04 11:14:19,278 INFO src.train.trainer: New best validation loss: -4.0045, saved to checkpoints/etas_20260404-111418/best_model_1.pth
2026-04-04 11:14:19,279 INFO src.train.trainer: Last model at epoch 14 saved to checkpoints/etas_20260404-111418/last_model_1.pth
2026-04-04 11:14:19,279 INFO src.train.trainer: Epoch 15
2026-04-04 11:14:19,298 INFO src.train.trainer: New best validation loss: -4.0049, saved to checkpoints/etas_20260404-111418/best_model_1.pth
2026-04-04 11:14:19,299 INFO src.train.trainer: Last model at epoch 15 saved to checkpoints/etas_20260404-111418/last_model_1.pth
2026-04-04 11:14:19,299 INFO src.train.trainer: Epoch 16
2026-04-04 11:14:19,317 INFO src.train.trainer: New best validation loss: -4.0053, saved to checkpoints/etas_20260404-111418/best_model_1.pth
2026-04-04 11:14:19,318 INFO src.train.trainer: Last model at epoch 16 saved to checkpoints/etas_20260404-111418/last_model_1.pth
2026-04-04 11:14:19,318 INFO src.train.trainer: Epoch 17
2026-04-04 11:14:19,337 INFO src.train.trainer: New best validation loss: -4.0058, saved to checkpoints/etas_20260404-111418/best_model_1.pth
2026-04-04 11:14:19,338 INFO src.train.trainer: Last model at epoch 17 saved to checkpoints/etas_20260404-111418/last_model_1.pth
2026-04-04 11:14:19,338 INFO src.train.trainer: Epoch 18
2026-04-04 11:14:19,357 INFO src.train.trainer: New best validation loss: -4.0062, saved to checkpoints/etas_20260404-111418/best_model_1.pth
2026-04-04 11:14:19,359 INFO src.train.trainer: Last model at epoch 18 saved to checkpoints/etas_20260404-111418/last_model_1.pth
2026-04-04 11:14:19,359 INFO src.train.trainer: Epoch 19
2026-04-04 11:14:19,378 INFO src.train.trainer: New best validation loss: -4.0067, saved to checkpoints/etas_20260404-111418/best_model_1.pth
2026-04-04 11:14:19,379 INFO src.train.trainer: Last model at epoch 19 saved to checkpoints/etas_20260404-111418/last_model_1.pth
2026-04-04 11:14:19,379 INFO src.train.trainer: Epoch 20
2026-04-04 11:14:19,400 INFO src.train.trainer: New best validation loss: -4.0072, saved to checkpoints/etas_20260404-111418/best_model_1.pth
2026-04-04 11:14:19,401 INFO src.train.trainer: Last model at epoch 20 saved to checkpoints/etas_20260404-111418/last_model_1.pth
2026-04-04 11:14:19,401 INFO src.train.trainer: Epoch 21
2026-04-04 11:14:19,421 INFO src.train.trainer: New best validation loss: -4.0078, saved to checkpoints/etas_20260404-111418/best_model_1.pth
2026-04-04 11:14:19,422 INFO src.train.trainer: Last model at epoch 21 saved to checkpoints/etas_20260404-111418/last_model_1.pth
2026-04-04 11:14:19,422 INFO src.train.trainer: Epoch 22
2026-04-04 11:14:19,441 INFO src.train.trainer: New best validation loss: -4.0083, saved to checkpoints/etas_20260404-111418/best_model_1.pth
2026-04-04 11:14:19,442 INFO src.train.trainer: Last model at epoch 22 saved to checkpoints/etas_20260404-111418/last_model_1.pth
2026-04-04 11:14:19,442 INFO src.train.trainer: Epoch 23
2026-04-04 11:14:19,462 INFO src.train.trainer: New best validation loss: -4.0089, saved to checkpoints/etas_20260404-111418/best_model_1.pth
2026-04-04 11:14:19,463 INFO src.train.trainer: Last model at epoch 23 saved to checkpoints/etas_20260404-111418/last_model_1.pth
2026-04-04 11:14:19,463 INFO src.train.trainer: Epoch 24
2026-04-04 11:14:19,483 INFO src.train.trainer: New best validation loss: -4.0095, saved to checkpoints/etas_20260404-111418/best_model_1.pth
2026-04-04 11:14:19,484 INFO src.train.trainer: Last model at epoch 24 saved to checkpoints/etas_20260404-111418/last_model_1.pth
2026-04-04 11:14:19,484 INFO src.train.trainer: Epoch 25
2026-04-04 11:14:19,503 INFO src.train.trainer: New best validation loss: -4.0102, saved to checkpoints/etas_20260404-111418/best_model_1.pth
2026-04-04 11:14:19,504 INFO src.train.trainer: Last model at epoch 25 saved to checkpoints/etas_20260404-111418/last_model_1.pth
2026-04-04 11:14:19,504 INFO src.train.trainer: Epoch 26
2026-04-04 11:14:19,524 INFO src.train.trainer: New best validation loss: -4.0108, saved to checkpoints/etas_20260404-111418/best_model_1.pth
2026-04-04 11:14:19,526 INFO src.train.trainer: Last model at epoch 26 saved to checkpoints/etas_20260404-111418/last_model_1.pth
2026-04-04 11:14:19,526 INFO src.train.trainer: Epoch 27
2026-04-04 11:14:19,547 INFO src.train.trainer: New best validation loss: -4.0115, saved to checkpoints/etas_20260404-111418/best_model_1.pth
2026-04-04 11:14:19,548 INFO src.train.trainer: Last model at epoch 27 saved to checkpoints/etas_20260404-111418/last_model_1.pth
2026-04-04 11:14:19,548 INFO src.train.trainer: Epoch 28
2026-04-04 11:14:19,568 INFO src.train.trainer: New best validation loss: -4.0122, saved to checkpoints/etas_20260404-111418/best_model_1.pth
2026-04-04 11:14:19,569 INFO src.train.trainer: Last model at epoch 28 saved to checkpoints/etas_20260404-111418/last_model_1.pth
2026-04-04 11:14:19,569 INFO src.train.trainer: Epoch 29
2026-04-04 11:14:19,588 INFO src.train.trainer: New best validation loss: -4.0129, saved to checkpoints/etas_20260404-111418/best_model_1.pth
2026-04-04 11:14:19,589 INFO src.train.trainer: Last model at epoch 29 saved to checkpoints/etas_20260404-111418/last_model_1.pth
2026-04-04 11:14:19,589 INFO src.train.trainer: Epoch 30
2026-04-04 11:14:19,610 INFO src.train.trainer: New best validation loss: -4.0137, saved to checkpoints/etas_20260404-111418/best_model_1.pth
2026-04-04 11:14:19,611 INFO src.train.trainer: Last model at epoch 30 saved to checkpoints/etas_20260404-111418/last_model_1.pth
2026-04-04 11:14:19,611 INFO src.train.trainer: Epoch 31
2026-04-04 11:14:19,630 INFO src.train.trainer: New best validation loss: -4.0145, saved to checkpoints/etas_20260404-111418/best_model_1.pth
2026-04-04 11:14:19,631 INFO src.train.trainer: Last model at epoch 31 saved to checkpoints/etas_20260404-111418/last_model_1.pth
2026-04-04 11:14:19,631 INFO src.train.trainer: Epoch 32
2026-04-04 11:14:19,651 INFO src.train.trainer: New best validation loss: -4.0153, saved to checkpoints/etas_20260404-111418/best_model_1.pth
2026-04-04 11:14:19,652 INFO src.train.trainer: Last model at epoch 32 saved to checkpoints/etas_20260404-111418/last_model_1.pth
2026-04-04 11:14:19,652 INFO src.train.trainer: Epoch 33
2026-04-04 11:14:19,672 INFO src.train.trainer: New best validation loss: -4.0162, saved to checkpoints/etas_20260404-111418/best_model_1.pth
2026-04-04 11:14:19,673 INFO src.train.trainer: Last model at epoch 33 saved to checkpoints/etas_20260404-111418/last_model_1.pth
2026-04-04 11:14:19,673 INFO src.train.trainer: Epoch 34
2026-04-04 11:14:19,692 INFO src.train.trainer: New best validation loss: -4.0170, saved to checkpoints/etas_20260404-111418/best_model_1.pth
2026-04-04 11:14:19,693 INFO src.train.trainer: Last model at epoch 34 saved to checkpoints/etas_20260404-111418/last_model_1.pth
2026-04-04 11:14:19,693 INFO src.train.trainer: Epoch 35
2026-04-04 11:14:19,713 INFO src.train.trainer: New best validation loss: -4.0179, saved to checkpoints/etas_20260404-111418/best_model_1.pth
2026-04-04 11:14:19,714 INFO src.train.trainer: Last model at epoch 35 saved to checkpoints/etas_20260404-111418/last_model_1.pth
2026-04-04 11:14:19,714 INFO src.train.trainer: Epoch 36
2026-04-04 11:14:19,732 INFO src.train.trainer: New best validation loss: -4.0188, saved to checkpoints/etas_20260404-111418/best_model_1.pth
2026-04-04 11:14:19,733 INFO src.train.trainer: Last model at epoch 36 saved to checkpoints/etas_20260404-111418/last_model_1.pth
2026-04-04 11:14:19,734 INFO src.train.trainer: Epoch 37
2026-04-04 11:14:19,753 INFO src.train.trainer: New best validation loss: -4.0198, saved to checkpoints/etas_20260404-111418/best_model_1.pth
2026-04-04 11:14:19,754 INFO src.train.trainer: Last model at epoch 37 saved to checkpoints/etas_20260404-111418/last_model_1.pth
2026-04-04 11:14:19,754 INFO src.train.trainer: Epoch 38
2026-04-04 11:14:19,774 INFO src.train.trainer: New best validation loss: -4.0207, saved to checkpoints/etas_20260404-111418/best_model_1.pth
2026-04-04 11:14:19,775 INFO src.train.trainer: Last model at epoch 38 saved to checkpoints/etas_20260404-111418/last_model_1.pth
2026-04-04 11:14:19,775 INFO src.train.trainer: Epoch 39
2026-04-04 11:14:19,794 INFO src.train.trainer: New best validation loss: -4.0217, saved to checkpoints/etas_20260404-111418/best_model_1.pth
2026-04-04 11:14:19,795 INFO src.train.trainer: Last model at epoch 39 saved to checkpoints/etas_20260404-111418/last_model_1.pth
2026-04-04 11:14:19,795 INFO src.train.trainer: Epoch 40
2026-04-04 11:14:19,814 INFO src.train.trainer: New best validation loss: -4.0227, saved to checkpoints/etas_20260404-111418/best_model_1.pth
2026-04-04 11:14:19,815 INFO src.train.trainer: Last model at epoch 40 saved to checkpoints/etas_20260404-111418/last_model_1.pth
2026-04-04 11:14:19,815 INFO src.train.trainer: Epoch 41
2026-04-04 11:14:19,835 INFO src.train.trainer: New best validation loss: -4.0238, saved to checkpoints/etas_20260404-111418/best_model_1.pth
2026-04-04 11:14:19,836 INFO src.train.trainer: Last model at epoch 41 saved to checkpoints/etas_20260404-111418/last_model_1.pth
2026-04-04 11:14:19,836 INFO src.train.trainer: Epoch 42
2026-04-04 11:14:19,854 INFO src.train.trainer: New best validation loss: -4.0249, saved to checkpoints/etas_20260404-111418/best_model_1.pth
2026-04-04 11:14:19,856 INFO src.train.trainer: Last model at epoch 42 saved to checkpoints/etas_20260404-111418/last_model_1.pth
2026-04-04 11:14:19,856 INFO src.train.trainer: Epoch 43
2026-04-04 11:14:19,875 INFO src.train.trainer: New best validation loss: -4.0259, saved to checkpoints/etas_20260404-111418/best_model_1.pth
2026-04-04 11:14:19,876 INFO src.train.trainer: Last model at epoch 43 saved to checkpoints/etas_20260404-111418/last_model_1.pth
2026-04-04 11:14:19,876 INFO src.train.trainer: Epoch 44
2026-04-04 11:14:19,899 INFO src.train.trainer: New best validation loss: -4.0271, saved to checkpoints/etas_20260404-111418/best_model_1.pth
2026-04-04 11:14:19,900 INFO src.train.trainer: Last model at epoch 44 saved to checkpoints/etas_20260404-111418/last_model_1.pth
2026-04-04 11:14:19,900 INFO src.train.trainer: Epoch 45
2026-04-04 11:14:19,924 INFO src.train.trainer: New best validation loss: -4.0282, saved to checkpoints/etas_20260404-111418/best_model_1.pth
2026-04-04 11:14:19,925 INFO src.train.trainer: Last model at epoch 45 saved to checkpoints/etas_20260404-111418/last_model_1.pth
2026-04-04 11:14:19,925 INFO src.train.trainer: Epoch 46
2026-04-04 11:14:19,945 INFO src.train.trainer: New best validation loss: -4.0294, saved to checkpoints/etas_20260404-111418/best_model_1.pth
2026-04-04 11:14:19,946 INFO src.train.trainer: Last model at epoch 46 saved to checkpoints/etas_20260404-111418/last_model_1.pth
2026-04-04 11:14:19,946 INFO src.train.trainer: Epoch 47
2026-04-04 11:14:19,967 INFO src.train.trainer: New best validation loss: -4.0306, saved to checkpoints/etas_20260404-111418/best_model_1.pth
2026-04-04 11:14:19,968 INFO src.train.trainer: Last model at epoch 47 saved to checkpoints/etas_20260404-111418/last_model_1.pth
2026-04-04 11:14:19,968 INFO src.train.trainer: Epoch 48
2026-04-04 11:14:19,987 INFO src.train.trainer: New best validation loss: -4.0318, saved to checkpoints/etas_20260404-111418/best_model_1.pth
2026-04-04 11:14:19,988 INFO src.train.trainer: Last model at epoch 48 saved to checkpoints/etas_20260404-111418/last_model_1.pth
2026-04-04 11:14:19,988 INFO src.train.trainer: Epoch 49
2026-04-04 11:14:20,007 INFO src.train.trainer: New best validation loss: -4.0331, saved to checkpoints/etas_20260404-111418/best_model_1.pth
2026-04-04 11:14:20,008 INFO src.train.trainer: Last model at epoch 49 saved to checkpoints/etas_20260404-111418/last_model_1.pth
2026-04-04 11:14:20,008 INFO src.train.trainer: Epoch 50
2026-04-04 11:14:20,022 INFO src.train.trainer: New best validation loss: -4.0343, saved to checkpoints/etas_20260404-111418/best_model_1.pth
2026-04-04 11:14:20,023 INFO src.train.trainer: Last model at epoch 50 saved to checkpoints/etas_20260404-111418/last_model_1.pth
2026-04-04 11:14:20,023 INFO src.train.trainer: Epoch 51
2026-04-04 11:14:20,037 INFO src.train.trainer: New best validation loss: -4.0356, saved to checkpoints/etas_20260404-111418/best_model_1.pth
2026-04-04 11:14:20,038 INFO src.train.trainer: Last model at epoch 51 saved to checkpoints/etas_20260404-111418/last_model_1.pth
2026-04-04 11:14:20,038 INFO src.train.trainer: Epoch 52
2026-04-04 11:14:20,053 INFO src.train.trainer: New best validation loss: -4.0370, saved to checkpoints/etas_20260404-111418/best_model_1.pth
2026-04-04 11:14:20,054 INFO src.train.trainer: Last model at epoch 52 saved to checkpoints/etas_20260404-111418/last_model_1.pth
2026-04-04 11:14:20,054 INFO src.train.trainer: Epoch 53
2026-04-04 11:14:20,067 INFO src.train.trainer: New best validation loss: -4.0383, saved to checkpoints/etas_20260404-111418/best_model_1.pth
2026-04-04 11:14:20,068 INFO src.train.trainer: Last model at epoch 53 saved to checkpoints/etas_20260404-111418/last_model_1.pth
2026-04-04 11:14:20,069 INFO src.train.trainer: Epoch 54
2026-04-04 11:14:20,084 INFO src.train.trainer: New best validation loss: -4.0397, saved to checkpoints/etas_20260404-111418/best_model_1.pth
2026-04-04 11:14:20,085 INFO src.train.trainer: Last model at epoch 54 saved to checkpoints/etas_20260404-111418/last_model_1.pth
2026-04-04 11:14:20,085 INFO src.train.trainer: Epoch 55
2026-04-04 11:14:20,100 INFO src.train.trainer: New best validation loss: -4.0411, saved to checkpoints/etas_20260404-111418/best_model_1.pth
2026-04-04 11:14:20,102 INFO src.train.trainer: Last model at epoch 55 saved to checkpoints/etas_20260404-111418/last_model_1.pth
2026-04-04 11:14:20,102 INFO src.train.trainer: Epoch 56
2026-04-04 11:14:20,116 INFO src.train.trainer: New best validation loss: -4.0426, saved to checkpoints/etas_20260404-111418/best_model_1.pth
2026-04-04 11:14:20,117 INFO src.train.trainer: Last model at epoch 56 saved to checkpoints/etas_20260404-111418/last_model_1.pth
2026-04-04 11:14:20,117 INFO src.train.trainer: Epoch 57
2026-04-04 11:14:20,131 INFO src.train.trainer: New best validation loss: -4.0440, saved to checkpoints/etas_20260404-111418/best_model_1.pth
2026-04-04 11:14:20,132 INFO src.train.trainer: Last model at epoch 57 saved to checkpoints/etas_20260404-111418/last_model_1.pth
2026-04-04 11:14:20,132 INFO src.train.trainer: Epoch 58
2026-04-04 11:14:20,145 INFO src.train.trainer: New best validation loss: -4.0455, saved to checkpoints/etas_20260404-111418/best_model_1.pth
2026-04-04 11:14:20,146 INFO src.train.trainer: Last model at epoch 58 saved to checkpoints/etas_20260404-111418/last_model_1.pth
2026-04-04 11:14:20,146 INFO src.train.trainer: Epoch 59
2026-04-04 11:14:20,160 INFO src.train.trainer: New best validation loss: -4.0470, saved to checkpoints/etas_20260404-111418/best_model_1.pth
2026-04-04 11:14:20,161 INFO src.train.trainer: Last model at epoch 59 saved to checkpoints/etas_20260404-111418/last_model_1.pth
2026-04-04 11:14:20,161 INFO src.train.trainer: Epoch 60
2026-04-04 11:14:20,174 INFO src.train.trainer: New best validation loss: -4.0486, saved to checkpoints/etas_20260404-111418/best_model_1.pth
2026-04-04 11:14:20,175 INFO src.train.trainer: Last model at epoch 60 saved to checkpoints/etas_20260404-111418/last_model_1.pth
2026-04-04 11:14:20,175 INFO src.train.trainer: Epoch 61
2026-04-04 11:14:20,189 INFO src.train.trainer: New best validation loss: -4.0501, saved to checkpoints/etas_20260404-111418/best_model_1.pth
2026-04-04 11:14:20,190 INFO src.train.trainer: Last model at epoch 61 saved to checkpoints/etas_20260404-111418/last_model_1.pth
2026-04-04 11:14:20,190 INFO src.train.trainer: Epoch 62
2026-04-04 11:14:20,208 INFO src.train.trainer: New best validation loss: -4.0517, saved to checkpoints/etas_20260404-111418/best_model_1.pth
2026-04-04 11:14:20,209 INFO src.train.trainer: Last model at epoch 62 saved to checkpoints/etas_20260404-111418/last_model_1.pth
2026-04-04 11:14:20,209 INFO src.train.trainer: Epoch 63
2026-04-04 11:14:20,226 INFO src.train.trainer: New best validation loss: -4.0534, saved to checkpoints/etas_20260404-111418/best_model_1.pth
2026-04-04 11:14:20,227 INFO src.train.trainer: Last model at epoch 63 saved to checkpoints/etas_20260404-111418/last_model_1.pth
2026-04-04 11:14:20,227 INFO src.train.trainer: Epoch 64
2026-04-04 11:14:20,245 INFO src.train.trainer: New best validation loss: -4.0550, saved to checkpoints/etas_20260404-111418/best_model_1.pth
2026-04-04 11:14:20,246 INFO src.train.trainer: Last model at epoch 64 saved to checkpoints/etas_20260404-111418/last_model_1.pth
2026-04-04 11:14:20,246 INFO src.train.trainer: Epoch 65
2026-04-04 11:14:20,264 INFO src.train.trainer: New best validation loss: -4.0567, saved to checkpoints/etas_20260404-111418/best_model_1.pth
2026-04-04 11:14:20,265 INFO src.train.trainer: Last model at epoch 65 saved to checkpoints/etas_20260404-111418/last_model_1.pth
2026-04-04 11:14:20,265 INFO src.train.trainer: Epoch 66
2026-04-04 11:14:20,285 INFO src.train.trainer: New best validation loss: -4.0584, saved to checkpoints/etas_20260404-111418/best_model_1.pth
2026-04-04 11:14:20,286 INFO src.train.trainer: Last model at epoch 66 saved to checkpoints/etas_20260404-111418/last_model_1.pth
2026-04-04 11:14:20,286 INFO src.train.trainer: Epoch 67
2026-04-04 11:14:20,304 INFO src.train.trainer: New best validation loss: -4.0601, saved to checkpoints/etas_20260404-111418/best_model_1.pth
2026-04-04 11:14:20,306 INFO src.train.trainer: Last model at epoch 67 saved to checkpoints/etas_20260404-111418/last_model_1.pth
2026-04-04 11:14:20,306 INFO src.train.trainer: Epoch 68
2026-04-04 11:14:20,325 INFO src.train.trainer: New best validation loss: -4.0619, saved to checkpoints/etas_20260404-111418/best_model_1.pth
2026-04-04 11:14:20,326 INFO src.train.trainer: Last model at epoch 68 saved to checkpoints/etas_20260404-111418/last_model_1.pth
2026-04-04 11:14:20,326 INFO src.train.trainer: Epoch 69
2026-04-04 11:14:20,345 INFO src.train.trainer: New best validation loss: -4.0637, saved to checkpoints/etas_20260404-111418/best_model_1.pth
2026-04-04 11:14:20,346 INFO src.train.trainer: Last model at epoch 69 saved to checkpoints/etas_20260404-111418/last_model_1.pth
2026-04-04 11:14:20,346 INFO src.train.trainer: Epoch 70
2026-04-04 11:14:20,366 INFO src.train.trainer: New best validation loss: -4.0655, saved to checkpoints/etas_20260404-111418/best_model_1.pth
2026-04-04 11:14:20,367 INFO src.train.trainer: Last model at epoch 70 saved to checkpoints/etas_20260404-111418/last_model_1.pth
2026-04-04 11:14:20,367 INFO src.train.trainer: Epoch 71
2026-04-04 11:14:20,386 INFO src.train.trainer: New best validation loss: -4.0673, saved to checkpoints/etas_20260404-111418/best_model_1.pth
2026-04-04 11:14:20,387 INFO src.train.trainer: Last model at epoch 71 saved to checkpoints/etas_20260404-111418/last_model_1.pth
2026-04-04 11:14:20,387 INFO src.train.trainer: Epoch 72
2026-04-04 11:14:20,406 INFO src.train.trainer: New best validation loss: -4.0692, saved to checkpoints/etas_20260404-111418/best_model_1.pth
2026-04-04 11:14:20,407 INFO src.train.trainer: Last model at epoch 72 saved to checkpoints/etas_20260404-111418/last_model_1.pth
2026-04-04 11:14:20,407 INFO src.train.trainer: Epoch 73
2026-04-04 11:14:20,427 INFO src.train.trainer: New best validation loss: -4.0711, saved to checkpoints/etas_20260404-111418/best_model_1.pth
2026-04-04 11:14:20,428 INFO src.train.trainer: Last model at epoch 73 saved to checkpoints/etas_20260404-111418/last_model_1.pth
2026-04-04 11:14:20,428 INFO src.train.trainer: Epoch 74
2026-04-04 11:14:20,448 INFO src.train.trainer: New best validation loss: -4.0730, saved to checkpoints/etas_20260404-111418/best_model_1.pth
2026-04-04 11:14:20,449 INFO src.train.trainer: Last model at epoch 74 saved to checkpoints/etas_20260404-111418/last_model_1.pth
2026-04-04 11:14:20,449 INFO src.train.trainer: Epoch 75
2026-04-04 11:14:20,467 INFO src.train.trainer: New best validation loss: -4.0750, saved to checkpoints/etas_20260404-111418/best_model_1.pth
2026-04-04 11:14:20,468 INFO src.train.trainer: Last model at epoch 75 saved to checkpoints/etas_20260404-111418/last_model_1.pth
2026-04-04 11:14:20,468 INFO src.train.trainer: Epoch 76
2026-04-04 11:14:20,488 INFO src.train.trainer: New best validation loss: -4.0770, saved to checkpoints/etas_20260404-111418/best_model_1.pth
2026-04-04 11:14:20,489 INFO src.train.trainer: Last model at epoch 76 saved to checkpoints/etas_20260404-111418/last_model_1.pth
2026-04-04 11:14:20,489 INFO src.train.trainer: Epoch 77
2026-04-04 11:14:20,510 INFO src.train.trainer: New best validation loss: -4.0790, saved to checkpoints/etas_20260404-111418/best_model_1.pth
2026-04-04 11:14:20,511 INFO src.train.trainer: Last model at epoch 77 saved to checkpoints/etas_20260404-111418/last_model_1.pth
2026-04-04 11:14:20,511 INFO src.train.trainer: Epoch 78
2026-04-04 11:14:20,530 INFO src.train.trainer: New best validation loss: -4.0810, saved to checkpoints/etas_20260404-111418/best_model_1.pth
2026-04-04 11:14:20,531 INFO src.train.trainer: Last model at epoch 78 saved to checkpoints/etas_20260404-111418/last_model_1.pth
2026-04-04 11:14:20,531 INFO src.train.trainer: Epoch 79
2026-04-04 11:14:20,550 INFO src.train.trainer: New best validation loss: -4.0831, saved to checkpoints/etas_20260404-111418/best_model_1.pth
2026-04-04 11:14:20,552 INFO src.train.trainer: Last model at epoch 79 saved to checkpoints/etas_20260404-111418/last_model_1.pth
2026-04-04 11:14:20,552 INFO src.train.trainer: Epoch 80
2026-04-04 11:14:20,573 INFO src.train.trainer: New best validation loss: -4.0852, saved to checkpoints/etas_20260404-111418/best_model_1.pth
2026-04-04 11:14:20,574 INFO src.train.trainer: Last model at epoch 80 saved to checkpoints/etas_20260404-111418/last_model_1.pth
2026-04-04 11:14:20,574 INFO src.train.trainer: Epoch 81
2026-04-04 11:14:20,594 INFO src.train.trainer: New best validation loss: -4.0873, saved to checkpoints/etas_20260404-111418/best_model_1.pth
2026-04-04 11:14:20,595 INFO src.train.trainer: Last model at epoch 81 saved to checkpoints/etas_20260404-111418/last_model_1.pth
2026-04-04 11:14:20,595 INFO src.train.trainer: Epoch 82
2026-04-04 11:14:20,614 INFO src.train.trainer: New best validation loss: -4.0895, saved to checkpoints/etas_20260404-111418/best_model_1.pth
2026-04-04 11:14:20,615 INFO src.train.trainer: Last model at epoch 82 saved to checkpoints/etas_20260404-111418/last_model_1.pth
2026-04-04 11:14:20,615 INFO src.train.trainer: Epoch 83
2026-04-04 11:14:20,634 INFO src.train.trainer: New best validation loss: -4.0917, saved to checkpoints/etas_20260404-111418/best_model_1.pth
2026-04-04 11:14:20,635 INFO src.train.trainer: Last model at epoch 83 saved to checkpoints/etas_20260404-111418/last_model_1.pth
2026-04-04 11:14:20,635 INFO src.train.trainer: Epoch 84
2026-04-04 11:14:20,654 INFO src.train.trainer: New best validation loss: -4.0939, saved to checkpoints/etas_20260404-111418/best_model_1.pth
2026-04-04 11:14:20,655 INFO src.train.trainer: Last model at epoch 84 saved to checkpoints/etas_20260404-111418/last_model_1.pth
2026-04-04 11:14:20,655 INFO src.train.trainer: Epoch 85
2026-04-04 11:14:20,674 INFO src.train.trainer: New best validation loss: -4.0961, saved to checkpoints/etas_20260404-111418/best_model_1.pth
2026-04-04 11:14:20,675 INFO src.train.trainer: Last model at epoch 85 saved to checkpoints/etas_20260404-111418/last_model_1.pth
2026-04-04 11:14:20,675 INFO src.train.trainer: Epoch 86
2026-04-04 11:14:20,695 INFO src.train.trainer: New best validation loss: -4.0984, saved to checkpoints/etas_20260404-111418/best_model_1.pth
2026-04-04 11:14:20,696 INFO src.train.trainer: Last model at epoch 86 saved to checkpoints/etas_20260404-111418/last_model_1.pth
2026-04-04 11:14:20,696 INFO src.train.trainer: Epoch 87
2026-04-04 11:14:20,716 INFO src.train.trainer: New best validation loss: -4.1007, saved to checkpoints/etas_20260404-111418/best_model_1.pth
2026-04-04 11:14:20,717 INFO src.train.trainer: Last model at epoch 87 saved to checkpoints/etas_20260404-111418/last_model_1.pth
2026-04-04 11:14:20,717 INFO src.train.trainer: Epoch 88
2026-04-04 11:14:20,737 INFO src.train.trainer: New best validation loss: -4.1030, saved to checkpoints/etas_20260404-111418/best_model_1.pth
2026-04-04 11:14:20,738 INFO src.train.trainer: Last model at epoch 88 saved to checkpoints/etas_20260404-111418/last_model_1.pth
2026-04-04 11:14:20,738 INFO src.train.trainer: Epoch 89
2026-04-04 11:14:20,760 INFO src.train.trainer: New best validation loss: -4.1054, saved to checkpoints/etas_20260404-111418/best_model_1.pth
2026-04-04 11:14:20,762 INFO src.train.trainer: Last model at epoch 89 saved to checkpoints/etas_20260404-111418/last_model_1.pth
2026-04-04 11:14:20,762 INFO src.train.trainer: Epoch 90
2026-04-04 11:14:20,781 INFO src.train.trainer: New best validation loss: -4.1078, saved to checkpoints/etas_20260404-111418/best_model_1.pth
2026-04-04 11:14:20,782 INFO src.train.trainer: Last model at epoch 90 saved to checkpoints/etas_20260404-111418/last_model_1.pth
2026-04-04 11:14:20,782 INFO src.train.trainer: Epoch 91
2026-04-04 11:14:20,802 INFO src.train.trainer: New best validation loss: -4.1102, saved to checkpoints/etas_20260404-111418/best_model_1.pth
2026-04-04 11:14:20,803 INFO src.train.trainer: Last model at epoch 91 saved to checkpoints/etas_20260404-111418/last_model_1.pth
2026-04-04 11:14:20,803 INFO src.train.trainer: Epoch 92
2026-04-04 11:14:20,823 INFO src.train.trainer: New best validation loss: -4.1126, saved to checkpoints/etas_20260404-111418/best_model_1.pth
2026-04-04 11:14:20,824 INFO src.train.trainer: Last model at epoch 92 saved to checkpoints/etas_20260404-111418/last_model_1.pth
2026-04-04 11:14:20,824 INFO src.train.trainer: Epoch 93
2026-04-04 11:14:20,842 INFO src.train.trainer: New best validation loss: -4.1151, saved to checkpoints/etas_20260404-111418/best_model_1.pth
2026-04-04 11:14:20,843 INFO src.train.trainer: Last model at epoch 93 saved to checkpoints/etas_20260404-111418/last_model_1.pth
2026-04-04 11:14:20,843 INFO src.train.trainer: Epoch 94
2026-04-04 11:14:20,860 INFO src.train.trainer: New best validation loss: -4.1176, saved to checkpoints/etas_20260404-111418/best_model_1.pth
2026-04-04 11:14:20,861 INFO src.train.trainer: Last model at epoch 94 saved to checkpoints/etas_20260404-111418/last_model_1.pth
2026-04-04 11:14:20,861 INFO src.train.trainer: Epoch 95
2026-04-04 11:14:20,877 INFO src.train.trainer: New best validation loss: -4.1202, saved to checkpoints/etas_20260404-111418/best_model_1.pth
2026-04-04 11:14:20,878 INFO src.train.trainer: Last model at epoch 95 saved to checkpoints/etas_20260404-111418/last_model_1.pth
2026-04-04 11:14:20,878 INFO src.train.trainer: Epoch 96
2026-04-04 11:14:20,893 INFO src.train.trainer: New best validation loss: -4.1227, saved to checkpoints/etas_20260404-111418/best_model_1.pth
2026-04-04 11:14:20,894 INFO src.train.trainer: Last model at epoch 96 saved to checkpoints/etas_20260404-111418/last_model_1.pth
2026-04-04 11:14:20,894 INFO src.train.trainer: Epoch 97
2026-04-04 11:14:20,909 INFO src.train.trainer: New best validation loss: -4.1253, saved to checkpoints/etas_20260404-111418/best_model_1.pth
2026-04-04 11:14:20,910 INFO src.train.trainer: Last model at epoch 97 saved to checkpoints/etas_20260404-111418/last_model_1.pth
2026-04-04 11:14:20,910 INFO src.train.trainer: Epoch 98
2026-04-04 11:14:20,924 INFO src.train.trainer: New best validation loss: -4.1280, saved to checkpoints/etas_20260404-111418/best_model_1.pth
2026-04-04 11:14:20,925 INFO src.train.trainer: Last model at epoch 98 saved to checkpoints/etas_20260404-111418/last_model_1.pth
2026-04-04 11:14:20,925 INFO src.train.trainer: Epoch 99
2026-04-04 11:14:20,940 INFO src.train.trainer: New best validation loss: -4.1306, saved to checkpoints/etas_20260404-111418/best_model_1.pth
2026-04-04 11:14:20,941 INFO src.train.trainer: Last model at epoch 99 saved to checkpoints/etas_20260404-111418/last_model_1.pth
2026-04-04 11:14:20,941 INFO src.train.trainer: Epoch 100
2026-04-04 11:14:20,959 INFO src.train.trainer: New best validation loss: -4.1333, saved to checkpoints/etas_20260404-111418/best_model_1.pth
2026-04-04 11:14:20,960 INFO src.train.trainer: Last model at epoch 100 saved to checkpoints/etas_20260404-111418/last_model_1.pth
2026-04-04 11:14:20,960 INFO src.train.trainer: Epoch 101
2026-04-04 11:14:20,975 INFO src.train.trainer: New best validation loss: -4.1361, saved to checkpoints/etas_20260404-111418/best_model_1.pth
2026-04-04 11:14:20,976 INFO src.train.trainer: Last model at epoch 101 saved to checkpoints/etas_20260404-111418/last_model_1.pth
2026-04-04 11:14:20,976 INFO src.train.trainer: Epoch 102
2026-04-04 11:14:20,991 INFO src.train.trainer: New best validation loss: -4.1388, saved to checkpoints/etas_20260404-111418/best_model_1.pth
2026-04-04 11:14:20,992 INFO src.train.trainer: Last model at epoch 102 saved to checkpoints/etas_20260404-111418/last_model_1.pth
2026-04-04 11:14:20,992 INFO src.train.trainer: Epoch 103
2026-04-04 11:14:21,008 INFO src.train.trainer: New best validation loss: -4.1416, saved to checkpoints/etas_20260404-111418/best_model_1.pth
2026-04-04 11:14:21,010 INFO src.train.trainer: Last model at epoch 103 saved to checkpoints/etas_20260404-111418/last_model_1.pth
2026-04-04 11:14:21,010 INFO src.train.trainer: Epoch 104
2026-04-04 11:14:21,025 INFO src.train.trainer: New best validation loss: -4.1444, saved to checkpoints/etas_20260404-111418/best_model_1.pth
2026-04-04 11:14:21,026 INFO src.train.trainer: Last model at epoch 104 saved to checkpoints/etas_20260404-111418/last_model_1.pth
2026-04-04 11:14:21,026 INFO src.train.trainer: Epoch 105
2026-04-04 11:14:21,043 INFO src.train.trainer: New best validation loss: -4.1473, saved to checkpoints/etas_20260404-111418/best_model_1.pth
2026-04-04 11:14:21,044 INFO src.train.trainer: Last model at epoch 105 saved to checkpoints/etas_20260404-111418/last_model_1.pth
2026-04-04 11:14:21,044 INFO src.train.trainer: Epoch 106
2026-04-04 11:14:21,061 INFO src.train.trainer: New best validation loss: -4.1501, saved to checkpoints/etas_20260404-111418/best_model_1.pth
2026-04-04 11:14:21,062 INFO src.train.trainer: Last model at epoch 106 saved to checkpoints/etas_20260404-111418/last_model_1.pth
2026-04-04 11:14:21,062 INFO src.train.trainer: Epoch 107
2026-04-04 11:14:21,080 INFO src.train.trainer: New best validation loss: -4.1531, saved to checkpoints/etas_20260404-111418/best_model_1.pth
2026-04-04 11:14:21,081 INFO src.train.trainer: Last model at epoch 107 saved to checkpoints/etas_20260404-111418/last_model_1.pth
2026-04-04 11:14:21,081 INFO src.train.trainer: Epoch 108
2026-04-04 11:14:21,098 INFO src.train.trainer: New best validation loss: -4.1560, saved to checkpoints/etas_20260404-111418/best_model_1.pth
2026-04-04 11:14:21,099 INFO src.train.trainer: Last model at epoch 108 saved to checkpoints/etas_20260404-111418/last_model_1.pth
2026-04-04 11:14:21,099 INFO src.train.trainer: Epoch 109
2026-04-04 11:14:21,118 INFO src.train.trainer: New best validation loss: -4.1590, saved to checkpoints/etas_20260404-111418/best_model_1.pth
2026-04-04 11:14:21,119 INFO src.train.trainer: Last model at epoch 109 saved to checkpoints/etas_20260404-111418/last_model_1.pth
2026-04-04 11:14:21,119 INFO src.train.trainer: Epoch 110
2026-04-04 11:14:21,138 INFO src.train.trainer: New best validation loss: -4.1620, saved to checkpoints/etas_20260404-111418/best_model_1.pth
2026-04-04 11:14:21,139 INFO src.train.trainer: Last model at epoch 110 saved to checkpoints/etas_20260404-111418/last_model_1.pth
2026-04-04 11:14:21,139 INFO src.train.trainer: Epoch 111
2026-04-04 11:14:21,158 INFO src.train.trainer: New best validation loss: -4.1650, saved to checkpoints/etas_20260404-111418/best_model_1.pth
2026-04-04 11:14:21,159 INFO src.train.trainer: Last model at epoch 111 saved to checkpoints/etas_20260404-111418/last_model_1.pth
2026-04-04 11:14:21,159 INFO src.train.trainer: Epoch 112
2026-04-04 11:14:21,179 INFO src.train.trainer: New best validation loss: -4.1681, saved to checkpoints/etas_20260404-111418/best_model_1.pth
2026-04-04 11:14:21,180 INFO src.train.trainer: Last model at epoch 112 saved to checkpoints/etas_20260404-111418/last_model_1.pth
2026-04-04 11:14:21,180 INFO src.train.trainer: Epoch 113
2026-04-04 11:14:21,200 INFO src.train.trainer: New best validation loss: -4.1712, saved to checkpoints/etas_20260404-111418/best_model_1.pth
2026-04-04 11:14:21,201 INFO src.train.trainer: Last model at epoch 113 saved to checkpoints/etas_20260404-111418/last_model_1.pth
2026-04-04 11:14:21,201 INFO src.train.trainer: Epoch 114
2026-04-04 11:14:21,224 INFO src.train.trainer: New best validation loss: -4.1743, saved to checkpoints/etas_20260404-111418/best_model_1.pth
2026-04-04 11:14:21,226 INFO src.train.trainer: Last model at epoch 114 saved to checkpoints/etas_20260404-111418/last_model_1.pth
2026-04-04 11:14:21,226 INFO src.train.trainer: Epoch 115
2026-04-04 11:14:21,244 INFO src.train.trainer: New best validation loss: -4.1775, saved to checkpoints/etas_20260404-111418/best_model_1.pth
2026-04-04 11:14:21,245 INFO src.train.trainer: Last model at epoch 115 saved to checkpoints/etas_20260404-111418/last_model_1.pth
2026-04-04 11:14:21,245 INFO src.train.trainer: Epoch 116
2026-04-04 11:14:21,265 INFO src.train.trainer: New best validation loss: -4.1807, saved to checkpoints/etas_20260404-111418/best_model_1.pth
2026-04-04 11:14:21,266 INFO src.train.trainer: Last model at epoch 116 saved to checkpoints/etas_20260404-111418/last_model_1.pth
2026-04-04 11:14:21,266 INFO src.train.trainer: Epoch 117
2026-04-04 11:14:21,285 INFO src.train.trainer: New best validation loss: -4.1840, saved to checkpoints/etas_20260404-111418/best_model_1.pth
2026-04-04 11:14:21,286 INFO src.train.trainer: Last model at epoch 117 saved to checkpoints/etas_20260404-111418/last_model_1.pth
2026-04-04 11:14:21,286 INFO src.train.trainer: Epoch 118
2026-04-04 11:14:21,306 INFO src.train.trainer: New best validation loss: -4.1872, saved to checkpoints/etas_20260404-111418/best_model_1.pth
2026-04-04 11:14:21,307 INFO src.train.trainer: Last model at epoch 118 saved to checkpoints/etas_20260404-111418/last_model_1.pth
2026-04-04 11:14:21,307 INFO src.train.trainer: Epoch 119
2026-04-04 11:14:21,327 INFO src.train.trainer: New best validation loss: -4.1905, saved to checkpoints/etas_20260404-111418/best_model_1.pth
2026-04-04 11:14:21,328 INFO src.train.trainer: Last model at epoch 119 saved to checkpoints/etas_20260404-111418/last_model_1.pth
2026-04-04 11:14:21,328 INFO src.train.trainer: Epoch 120
2026-04-04 11:14:21,348 INFO src.train.trainer: New best validation loss: -4.1939, saved to checkpoints/etas_20260404-111418/best_model_1.pth
2026-04-04 11:14:21,349 INFO src.train.trainer: Last model at epoch 120 saved to checkpoints/etas_20260404-111418/last_model_1.pth
2026-04-04 11:14:21,349 INFO src.train.trainer: Epoch 121
2026-04-04 11:14:21,368 INFO src.train.trainer: New best validation loss: -4.1972, saved to checkpoints/etas_20260404-111418/best_model_1.pth
2026-04-04 11:14:21,369 INFO src.train.trainer: Last model at epoch 121 saved to checkpoints/etas_20260404-111418/last_model_1.pth
2026-04-04 11:14:21,369 INFO src.train.trainer: Epoch 122
2026-04-04 11:14:21,389 INFO src.train.trainer: New best validation loss: -4.2007, saved to checkpoints/etas_20260404-111418/best_model_1.pth
2026-04-04 11:14:21,390 INFO src.train.trainer: Last model at epoch 122 saved to checkpoints/etas_20260404-111418/last_model_1.pth
2026-04-04 11:14:21,390 INFO src.train.trainer: Epoch 123
2026-04-04 11:14:21,409 INFO src.train.trainer: New best validation loss: -4.2041, saved to checkpoints/etas_20260404-111418/best_model_1.pth
2026-04-04 11:14:21,410 INFO src.train.trainer: Last model at epoch 123 saved to checkpoints/etas_20260404-111418/last_model_1.pth
2026-04-04 11:14:21,410 INFO src.train.trainer: Epoch 124
2026-04-04 11:14:21,429 INFO src.train.trainer: New best validation loss: -4.2076, saved to checkpoints/etas_20260404-111418/best_model_1.pth
2026-04-04 11:14:21,430 INFO src.train.trainer: Last model at epoch 124 saved to checkpoints/etas_20260404-111418/last_model_1.pth
2026-04-04 11:14:21,430 INFO src.train.trainer: Epoch 125
2026-04-04 11:14:21,450 INFO src.train.trainer: New best validation loss: -4.2111, saved to checkpoints/etas_20260404-111418/best_model_1.pth
2026-04-04 11:14:21,451 INFO src.train.trainer: Last model at epoch 125 saved to checkpoints/etas_20260404-111418/last_model_1.pth
2026-04-04 11:14:21,451 INFO src.train.trainer: Epoch 126
2026-04-04 11:14:21,471 INFO src.train.trainer: New best validation loss: -4.2146, saved to checkpoints/etas_20260404-111418/best_model_1.pth
2026-04-04 11:14:21,472 INFO src.train.trainer: Last model at epoch 126 saved to checkpoints/etas_20260404-111418/last_model_1.pth
2026-04-04 11:14:21,472 INFO src.train.trainer: Epoch 127
2026-04-04 11:14:21,492 INFO src.train.trainer: New best validation loss: -4.2182, saved to checkpoints/etas_20260404-111418/best_model_1.pth
2026-04-04 11:14:21,493 INFO src.train.trainer: Last model at epoch 127 saved to checkpoints/etas_20260404-111418/last_model_1.pth
2026-04-04 11:14:21,493 INFO src.train.trainer: Epoch 128
2026-04-04 11:14:21,512 INFO src.train.trainer: New best validation loss: -4.2218, saved to checkpoints/etas_20260404-111418/best_model_1.pth
2026-04-04 11:14:21,513 INFO src.train.trainer: Last model at epoch 128 saved to checkpoints/etas_20260404-111418/last_model_1.pth
2026-04-04 11:14:21,513 INFO src.train.trainer: Epoch 129
2026-04-04 11:14:21,532 INFO src.train.trainer: New best validation loss: -4.2255, saved to checkpoints/etas_20260404-111418/best_model_1.pth
2026-04-04 11:14:21,533 INFO src.train.trainer: Last model at epoch 129 saved to checkpoints/etas_20260404-111418/last_model_1.pth
2026-04-04 11:14:21,533 INFO src.train.trainer: Epoch 130
2026-04-04 11:14:21,553 INFO src.train.trainer: New best validation loss: -4.2291, saved to checkpoints/etas_20260404-111418/best_model_1.pth
2026-04-04 11:14:21,554 INFO src.train.trainer: Last model at epoch 130 saved to checkpoints/etas_20260404-111418/last_model_1.pth
2026-04-04 11:14:21,554 INFO src.train.trainer: Epoch 131
2026-04-04 11:14:21,573 INFO src.train.trainer: New best validation loss: -4.2329, saved to checkpoints/etas_20260404-111418/best_model_1.pth
2026-04-04 11:14:21,574 INFO src.train.trainer: Last model at epoch 131 saved to checkpoints/etas_20260404-111418/last_model_1.pth
2026-04-04 11:14:21,574 INFO src.train.trainer: Epoch 132
2026-04-04 11:14:21,593 INFO src.train.trainer: New best validation loss: -4.2366, saved to checkpoints/etas_20260404-111418/best_model_1.pth
2026-04-04 11:14:21,594 INFO src.train.trainer: Last model at epoch 132 saved to checkpoints/etas_20260404-111418/last_model_1.pth
2026-04-04 11:14:21,594 INFO src.train.trainer: Epoch 133
2026-04-04 11:14:21,614 INFO src.train.trainer: New best validation loss: -4.2404, saved to checkpoints/etas_20260404-111418/best_model_1.pth
2026-04-04 11:14:21,615 INFO src.train.trainer: Last model at epoch 133 saved to checkpoints/etas_20260404-111418/last_model_1.pth
2026-04-04 11:14:21,615 INFO src.train.trainer: Epoch 134
2026-04-04 11:14:21,635 INFO src.train.trainer: New best validation loss: -4.2442, saved to checkpoints/etas_20260404-111418/best_model_1.pth
2026-04-04 11:14:21,636 INFO src.train.trainer: Last model at epoch 134 saved to checkpoints/etas_20260404-111418/last_model_1.pth
2026-04-04 11:14:21,636 INFO src.train.trainer: Epoch 135
2026-04-04 11:14:21,655 INFO src.train.trainer: New best validation loss: -4.2481, saved to checkpoints/etas_20260404-111418/best_model_1.pth
2026-04-04 11:14:21,656 INFO src.train.trainer: Last model at epoch 135 saved to checkpoints/etas_20260404-111418/last_model_1.pth
2026-04-04 11:14:21,656 INFO src.train.trainer: Epoch 136
2026-04-04 11:14:21,675 INFO src.train.trainer: New best validation loss: -4.2520, saved to checkpoints/etas_20260404-111418/best_model_1.pth
2026-04-04 11:14:21,676 INFO src.train.trainer: Last model at epoch 136 saved to checkpoints/etas_20260404-111418/last_model_1.pth
2026-04-04 11:14:21,676 INFO src.train.trainer: Epoch 137
2026-04-04 11:14:21,695 INFO src.train.trainer: New best validation loss: -4.2559, saved to checkpoints/etas_20260404-111418/best_model_1.pth
2026-04-04 11:14:21,696 INFO src.train.trainer: Last model at epoch 137 saved to checkpoints/etas_20260404-111418/last_model_1.pth
2026-04-04 11:14:21,696 INFO src.train.trainer: Epoch 138
2026-04-04 11:14:21,715 INFO src.train.trainer: New best validation loss: -4.2599, saved to checkpoints/etas_20260404-111418/best_model_1.pth
2026-04-04 11:14:21,716 INFO src.train.trainer: Last model at epoch 138 saved to checkpoints/etas_20260404-111418/last_model_1.pth
2026-04-04 11:14:21,716 INFO src.train.trainer: Epoch 139
2026-04-04 11:14:21,735 INFO src.train.trainer: New best validation loss: -4.2639, saved to checkpoints/etas_20260404-111418/best_model_1.pth
2026-04-04 11:14:21,736 INFO src.train.trainer: Last model at epoch 139 saved to checkpoints/etas_20260404-111418/last_model_1.pth
2026-04-04 11:14:21,736 INFO src.train.trainer: Epoch 140
2026-04-04 11:14:21,756 INFO src.train.trainer: New best validation loss: -4.2680, saved to checkpoints/etas_20260404-111418/best_model_1.pth
2026-04-04 11:14:21,757 INFO src.train.trainer: Last model at epoch 140 saved to checkpoints/etas_20260404-111418/last_model_1.pth
2026-04-04 11:14:21,757 INFO src.train.trainer: Epoch 141
2026-04-04 11:14:21,779 INFO src.train.trainer: New best validation loss: -4.2720, saved to checkpoints/etas_20260404-111418/best_model_1.pth
2026-04-04 11:14:21,780 INFO src.train.trainer: Last model at epoch 141 saved to checkpoints/etas_20260404-111418/last_model_1.pth
2026-04-04 11:14:21,780 INFO src.train.trainer: Epoch 142
2026-04-04 11:14:21,799 INFO src.train.trainer: New best validation loss: -4.2762, saved to checkpoints/etas_20260404-111418/best_model_1.pth
2026-04-04 11:14:21,800 INFO src.train.trainer: Last model at epoch 142 saved to checkpoints/etas_20260404-111418/last_model_1.pth
2026-04-04 11:14:21,800 INFO src.train.trainer: Epoch 143
2026-04-04 11:14:21,819 INFO src.train.trainer: New best validation loss: -4.2803, saved to checkpoints/etas_20260404-111418/best_model_1.pth
2026-04-04 11:14:21,820 INFO src.train.trainer: Last model at epoch 143 saved to checkpoints/etas_20260404-111418/last_model_1.pth
2026-04-04 11:14:21,820 INFO src.train.trainer: Epoch 144
2026-04-04 11:14:21,839 INFO src.train.trainer: New best validation loss: -4.2845, saved to checkpoints/etas_20260404-111418/best_model_1.pth
2026-04-04 11:14:21,840 INFO src.train.trainer: Last model at epoch 144 saved to checkpoints/etas_20260404-111418/last_model_1.pth
2026-04-04 11:14:21,840 INFO src.train.trainer: Epoch 145
2026-04-04 11:14:21,860 INFO src.train.trainer: New best validation loss: -4.2887, saved to checkpoints/etas_20260404-111418/best_model_1.pth
2026-04-04 11:14:21,861 INFO src.train.trainer: Last model at epoch 145 saved to checkpoints/etas_20260404-111418/last_model_1.pth
2026-04-04 11:14:21,861 INFO src.train.trainer: Epoch 146
2026-04-04 11:14:21,881 INFO src.train.trainer: New best validation loss: -4.2930, saved to checkpoints/etas_20260404-111418/best_model_1.pth
2026-04-04 11:14:21,882 INFO src.train.trainer: Last model at epoch 146 saved to checkpoints/etas_20260404-111418/last_model_1.pth
2026-04-04 11:14:21,882 INFO src.train.trainer: Epoch 147
2026-04-04 11:14:21,902 INFO src.train.trainer: New best validation loss: -4.2973, saved to checkpoints/etas_20260404-111418/best_model_1.pth
2026-04-04 11:14:21,903 INFO src.train.trainer: Last model at epoch 147 saved to checkpoints/etas_20260404-111418/last_model_1.pth
2026-04-04 11:14:21,903 INFO src.train.trainer: Epoch 148
2026-04-04 11:14:21,922 INFO src.train.trainer: New best validation loss: -4.3017, saved to checkpoints/etas_20260404-111418/best_model_1.pth
2026-04-04 11:14:21,923 INFO src.train.trainer: Last model at epoch 148 saved to checkpoints/etas_20260404-111418/last_model_1.pth
2026-04-04 11:14:21,923 INFO src.train.trainer: Epoch 149
2026-04-04 11:14:21,943 INFO src.train.trainer: New best validation loss: -4.3061, saved to checkpoints/etas_20260404-111418/best_model_1.pth
2026-04-04 11:14:21,944 INFO src.train.trainer: Last model at epoch 149 saved to checkpoints/etas_20260404-111418/last_model_1.pth
2026-04-04 11:14:21,944 INFO src.train.trainer: Epoch 150
2026-04-04 11:14:21,966 INFO src.train.trainer: New best validation loss: -4.3105, saved to checkpoints/etas_20260404-111418/best_model_1.pth
2026-04-04 11:14:21,967 INFO src.train.trainer: Last model at epoch 150 saved to checkpoints/etas_20260404-111418/last_model_1.pth
2026-04-04 11:14:21,967 INFO src.train.trainer: Epoch 151
2026-04-04 11:14:21,986 INFO src.train.trainer: New best validation loss: -4.3150, saved to checkpoints/etas_20260404-111418/best_model_1.pth
2026-04-04 11:14:21,987 INFO src.train.trainer: Last model at epoch 151 saved to checkpoints/etas_20260404-111418/last_model_1.pth
2026-04-04 11:14:21,987 INFO src.train.trainer: Epoch 152
2026-04-04 11:14:22,007 INFO src.train.trainer: New best validation loss: -4.3194, saved to checkpoints/etas_20260404-111418/best_model_1.pth
2026-04-04 11:14:22,008 INFO src.train.trainer: Last model at epoch 152 saved to checkpoints/etas_20260404-111418/last_model_1.pth
2026-04-04 11:14:22,008 INFO src.train.trainer: Epoch 153
2026-04-04 11:14:22,027 INFO src.train.trainer: New best validation loss: -4.3239, saved to checkpoints/etas_20260404-111418/best_model_1.pth
2026-04-04 11:14:22,028 INFO src.train.trainer: Last model at epoch 153 saved to checkpoints/etas_20260404-111418/last_model_1.pth
2026-04-04 11:14:22,028 INFO src.train.trainer: Epoch 154
2026-04-04 11:14:22,047 INFO src.train.trainer: New best validation loss: -4.3284, saved to checkpoints/etas_20260404-111418/best_model_1.pth
2026-04-04 11:14:22,048 INFO src.train.trainer: Last model at epoch 154 saved to checkpoints/etas_20260404-111418/last_model_1.pth
2026-04-04 11:14:22,048 INFO src.train.trainer: Epoch 155
2026-04-04 11:14:22,068 INFO src.train.trainer: New best validation loss: -4.3329, saved to checkpoints/etas_20260404-111418/best_model_1.pth
2026-04-04 11:14:22,069 INFO src.train.trainer: Last model at epoch 155 saved to checkpoints/etas_20260404-111418/last_model_1.pth
2026-04-04 11:14:22,069 INFO src.train.trainer: Epoch 156
2026-04-04 11:14:22,088 INFO src.train.trainer: New best validation loss: -4.3374, saved to checkpoints/etas_20260404-111418/best_model_1.pth
2026-04-04 11:14:22,089 INFO src.train.trainer: Last model at epoch 156 saved to checkpoints/etas_20260404-111418/last_model_1.pth
2026-04-04 11:14:22,089 INFO src.train.trainer: Epoch 157
2026-04-04 11:14:22,108 INFO src.train.trainer: New best validation loss: -4.3419, saved to checkpoints/etas_20260404-111418/best_model_1.pth
2026-04-04 11:14:22,109 INFO src.train.trainer: Last model at epoch 157 saved to checkpoints/etas_20260404-111418/last_model_1.pth
2026-04-04 11:14:22,109 INFO src.train.trainer: Epoch 158
2026-04-04 11:14:22,129 INFO src.train.trainer: New best validation loss: -4.3465, saved to checkpoints/etas_20260404-111418/best_model_1.pth
2026-04-04 11:14:22,130 INFO src.train.trainer: Last model at epoch 158 saved to checkpoints/etas_20260404-111418/last_model_1.pth
2026-04-04 11:14:22,130 INFO src.train.trainer: Epoch 159
2026-04-04 11:14:22,149 INFO src.train.trainer: New best validation loss: -4.3510, saved to checkpoints/etas_20260404-111418/best_model_1.pth
2026-04-04 11:14:22,150 INFO src.train.trainer: Last model at epoch 159 saved to checkpoints/etas_20260404-111418/last_model_1.pth
2026-04-04 11:14:22,150 INFO src.train.trainer: Epoch 160
2026-04-04 11:14:22,169 INFO src.train.trainer: New best validation loss: -4.3556, saved to checkpoints/etas_20260404-111418/best_model_1.pth
2026-04-04 11:14:22,170 INFO src.train.trainer: Last model at epoch 160 saved to checkpoints/etas_20260404-111418/last_model_1.pth
2026-04-04 11:14:22,170 INFO src.train.trainer: Epoch 161
2026-04-04 11:14:22,190 INFO src.train.trainer: New best validation loss: -4.3601, saved to checkpoints/etas_20260404-111418/best_model_1.pth
2026-04-04 11:14:22,191 INFO src.train.trainer: Last model at epoch 161 saved to checkpoints/etas_20260404-111418/last_model_1.pth
2026-04-04 11:14:22,191 INFO src.train.trainer: Epoch 162
2026-04-04 11:14:22,210 INFO src.train.trainer: New best validation loss: -4.3647, saved to checkpoints/etas_20260404-111418/best_model_1.pth
2026-04-04 11:14:22,211 INFO src.train.trainer: Last model at epoch 162 saved to checkpoints/etas_20260404-111418/last_model_1.pth
2026-04-04 11:14:22,211 INFO src.train.trainer: Epoch 163
2026-04-04 11:14:22,230 INFO src.train.trainer: New best validation loss: -4.3693, saved to checkpoints/etas_20260404-111418/best_model_1.pth
2026-04-04 11:14:22,231 INFO src.train.trainer: Last model at epoch 163 saved to checkpoints/etas_20260404-111418/last_model_1.pth
2026-04-04 11:14:22,231 INFO src.train.trainer: Epoch 164
2026-04-04 11:14:22,251 INFO src.train.trainer: New best validation loss: -4.3739, saved to checkpoints/etas_20260404-111418/best_model_1.pth
2026-04-04 11:14:22,252 INFO src.train.trainer: Last model at epoch 164 saved to checkpoints/etas_20260404-111418/last_model_1.pth
2026-04-04 11:14:22,252 INFO src.train.trainer: Epoch 165
2026-04-04 11:14:22,271 INFO src.train.trainer: New best validation loss: -4.3785, saved to checkpoints/etas_20260404-111418/best_model_1.pth
2026-04-04 11:14:22,272 INFO src.train.trainer: Last model at epoch 165 saved to checkpoints/etas_20260404-111418/last_model_1.pth
2026-04-04 11:14:22,272 INFO src.train.trainer: Epoch 166
2026-04-04 11:14:22,292 INFO src.train.trainer: New best validation loss: -4.3831, saved to checkpoints/etas_20260404-111418/best_model_1.pth
2026-04-04 11:14:22,293 INFO src.train.trainer: Last model at epoch 166 saved to checkpoints/etas_20260404-111418/last_model_1.pth
2026-04-04 11:14:22,293 INFO src.train.trainer: Epoch 167
2026-04-04 11:14:22,313 INFO src.train.trainer: New best validation loss: -4.3877, saved to checkpoints/etas_20260404-111418/best_model_1.pth
2026-04-04 11:14:22,314 INFO src.train.trainer: Last model at epoch 167 saved to checkpoints/etas_20260404-111418/last_model_1.pth
2026-04-04 11:14:22,314 INFO src.train.trainer: Epoch 168
2026-04-04 11:14:22,334 INFO src.train.trainer: New best validation loss: -4.3923, saved to checkpoints/etas_20260404-111418/best_model_1.pth
2026-04-04 11:14:22,335 INFO src.train.trainer: Last model at epoch 168 saved to checkpoints/etas_20260404-111418/last_model_1.pth
2026-04-04 11:14:22,335 INFO src.train.trainer: Epoch 169
2026-04-04 11:14:22,354 INFO src.train.trainer: New best validation loss: -4.3970, saved to checkpoints/etas_20260404-111418/best_model_1.pth
2026-04-04 11:14:22,355 INFO src.train.trainer: Last model at epoch 169 saved to checkpoints/etas_20260404-111418/last_model_1.pth
2026-04-04 11:14:22,355 INFO src.train.trainer: Epoch 170
2026-04-04 11:14:22,375 INFO src.train.trainer: New best validation loss: -4.4016, saved to checkpoints/etas_20260404-111418/best_model_1.pth
2026-04-04 11:14:22,376 INFO src.train.trainer: Last model at epoch 170 saved to checkpoints/etas_20260404-111418/last_model_1.pth
2026-04-04 11:14:22,376 INFO src.train.trainer: Epoch 171
2026-04-04 11:14:22,395 INFO src.train.trainer: New best validation loss: -4.4063, saved to checkpoints/etas_20260404-111418/best_model_1.pth
2026-04-04 11:14:22,396 INFO src.train.trainer: Last model at epoch 171 saved to checkpoints/etas_20260404-111418/last_model_1.pth
2026-04-04 11:14:22,396 INFO src.train.trainer: Epoch 172
2026-04-04 11:14:22,416 INFO src.train.trainer: New best validation loss: -4.4109, saved to checkpoints/etas_20260404-111418/best_model_1.pth
2026-04-04 11:14:22,417 INFO src.train.trainer: Last model at epoch 172 saved to checkpoints/etas_20260404-111418/last_model_1.pth
2026-04-04 11:14:22,417 INFO src.train.trainer: Epoch 173
2026-04-04 11:14:22,437 INFO src.train.trainer: New best validation loss: -4.4156, saved to checkpoints/etas_20260404-111418/best_model_1.pth
2026-04-04 11:14:22,438 INFO src.train.trainer: Last model at epoch 173 saved to checkpoints/etas_20260404-111418/last_model_1.pth
2026-04-04 11:14:22,438 INFO src.train.trainer: Epoch 174
2026-04-04 11:14:22,457 INFO src.train.trainer: New best validation loss: -4.4203, saved to checkpoints/etas_20260404-111418/best_model_1.pth
2026-04-04 11:14:22,458 INFO src.train.trainer: Last model at epoch 174 saved to checkpoints/etas_20260404-111418/last_model_1.pth
2026-04-04 11:14:22,458 INFO src.train.trainer: Epoch 175
2026-04-04 11:14:22,478 INFO src.train.trainer: New best validation loss: -4.4250, saved to checkpoints/etas_20260404-111418/best_model_1.pth
2026-04-04 11:14:22,479 INFO src.train.trainer: Last model at epoch 175 saved to checkpoints/etas_20260404-111418/last_model_1.pth
2026-04-04 11:14:22,479 INFO src.train.trainer: Epoch 176
2026-04-04 11:14:22,500 INFO src.train.trainer: New best validation loss: -4.4297, saved to checkpoints/etas_20260404-111418/best_model_1.pth
2026-04-04 11:14:22,501 INFO src.train.trainer: Last model at epoch 176 saved to checkpoints/etas_20260404-111418/last_model_1.pth
2026-04-04 11:14:22,501 INFO src.train.trainer: Epoch 177
2026-04-04 11:14:22,520 INFO src.train.trainer: New best validation loss: -4.4344, saved to checkpoints/etas_20260404-111418/best_model_1.pth
2026-04-04 11:14:22,521 INFO src.train.trainer: Last model at epoch 177 saved to checkpoints/etas_20260404-111418/last_model_1.pth
2026-04-04 11:14:22,522 INFO src.train.trainer: Epoch 178
2026-04-04 11:14:22,541 INFO src.train.trainer: New best validation loss: -4.4391, saved to checkpoints/etas_20260404-111418/best_model_1.pth
2026-04-04 11:14:22,542 INFO src.train.trainer: Last model at epoch 178 saved to checkpoints/etas_20260404-111418/last_model_1.pth
2026-04-04 11:14:22,542 INFO src.train.trainer: Epoch 179
2026-04-04 11:14:22,561 INFO src.train.trainer: New best validation loss: -4.4438, saved to checkpoints/etas_20260404-111418/best_model_1.pth
2026-04-04 11:14:22,562 INFO src.train.trainer: Last model at epoch 179 saved to checkpoints/etas_20260404-111418/last_model_1.pth
2026-04-04 11:14:22,562 INFO src.train.trainer: Epoch 180
2026-04-04 11:14:22,583 INFO src.train.trainer: New best validation loss: -4.4486, saved to checkpoints/etas_20260404-111418/best_model_1.pth
2026-04-04 11:14:22,583 INFO src.train.trainer: Last model at epoch 180 saved to checkpoints/etas_20260404-111418/last_model_1.pth
2026-04-04 11:14:22,584 INFO src.train.trainer: Epoch 181
2026-04-04 11:14:22,602 INFO src.train.trainer: New best validation loss: -4.4533, saved to checkpoints/etas_20260404-111418/best_model_1.pth
2026-04-04 11:14:22,603 INFO src.train.trainer: Last model at epoch 181 saved to checkpoints/etas_20260404-111418/last_model_1.pth
2026-04-04 11:14:22,603 INFO src.train.trainer: Epoch 182
2026-04-04 11:14:22,623 INFO src.train.trainer: New best validation loss: -4.4581, saved to checkpoints/etas_20260404-111418/best_model_1.pth
2026-04-04 11:14:22,624 INFO src.train.trainer: Last model at epoch 182 saved to checkpoints/etas_20260404-111418/last_model_1.pth
2026-04-04 11:14:22,624 INFO src.train.trainer: Epoch 183
2026-04-04 11:14:22,643 INFO src.train.trainer: New best validation loss: -4.4628, saved to checkpoints/etas_20260404-111418/best_model_1.pth
2026-04-04 11:14:22,644 INFO src.train.trainer: Last model at epoch 183 saved to checkpoints/etas_20260404-111418/last_model_1.pth
2026-04-04 11:14:22,644 INFO src.train.trainer: Epoch 184
2026-04-04 11:14:22,662 INFO src.train.trainer: New best validation loss: -4.4676, saved to checkpoints/etas_20260404-111418/best_model_1.pth
2026-04-04 11:14:22,663 INFO src.train.trainer: Last model at epoch 184 saved to checkpoints/etas_20260404-111418/last_model_1.pth
2026-04-04 11:14:22,663 INFO src.train.trainer: Epoch 185
2026-04-04 11:14:22,683 INFO src.train.trainer: New best validation loss: -4.4724, saved to checkpoints/etas_20260404-111418/best_model_1.pth
2026-04-04 11:14:22,684 INFO src.train.trainer: Last model at epoch 185 saved to checkpoints/etas_20260404-111418/last_model_1.pth
2026-04-04 11:14:22,684 INFO src.train.trainer: Epoch 186
2026-04-04 11:14:22,703 INFO src.train.trainer: New best validation loss: -4.4772, saved to checkpoints/etas_20260404-111418/best_model_1.pth
2026-04-04 11:14:22,704 INFO src.train.trainer: Last model at epoch 186 saved to checkpoints/etas_20260404-111418/last_model_1.pth
2026-04-04 11:14:22,704 INFO src.train.trainer: Epoch 187
2026-04-04 11:14:22,727 INFO src.train.trainer: New best validation loss: -4.4820, saved to checkpoints/etas_20260404-111418/best_model_1.pth
2026-04-04 11:14:22,727 INFO src.train.trainer: Last model at epoch 187 saved to checkpoints/etas_20260404-111418/last_model_1.pth
2026-04-04 11:14:22,728 INFO src.train.trainer: Epoch 188
2026-04-04 11:14:22,746 INFO src.train.trainer: New best validation loss: -4.4868, saved to checkpoints/etas_20260404-111418/best_model_1.pth
2026-04-04 11:14:22,747 INFO src.train.trainer: Last model at epoch 188 saved to checkpoints/etas_20260404-111418/last_model_1.pth
2026-04-04 11:14:22,747 INFO src.train.trainer: Epoch 189
2026-04-04 11:14:22,767 INFO src.train.trainer: New best validation loss: -4.4916, saved to checkpoints/etas_20260404-111418/best_model_1.pth
2026-04-04 11:14:22,768 INFO src.train.trainer: Last model at epoch 189 saved to checkpoints/etas_20260404-111418/last_model_1.pth
2026-04-04 11:14:22,768 INFO src.train.trainer: Epoch 190
2026-04-04 11:14:22,787 INFO src.train.trainer: New best validation loss: -4.4964, saved to checkpoints/etas_20260404-111418/best_model_1.pth
2026-04-04 11:14:22,788 INFO src.train.trainer: Last model at epoch 190 saved to checkpoints/etas_20260404-111418/last_model_1.pth
2026-04-04 11:14:22,788 INFO src.train.trainer: Epoch 191
2026-04-04 11:14:22,807 INFO src.train.trainer: New best validation loss: -4.5012, saved to checkpoints/etas_20260404-111418/best_model_1.pth
2026-04-04 11:14:22,808 INFO src.train.trainer: Last model at epoch 191 saved to checkpoints/etas_20260404-111418/last_model_1.pth
2026-04-04 11:14:22,808 INFO src.train.trainer: Epoch 192
2026-04-04 11:14:22,828 INFO src.train.trainer: New best validation loss: -4.5061, saved to checkpoints/etas_20260404-111418/best_model_1.pth
2026-04-04 11:14:22,829 INFO src.train.trainer: Last model at epoch 192 saved to checkpoints/etas_20260404-111418/last_model_1.pth
2026-04-04 11:14:22,829 INFO src.train.trainer: Epoch 193
2026-04-04 11:14:22,848 INFO src.train.trainer: New best validation loss: -4.5109, saved to checkpoints/etas_20260404-111418/best_model_1.pth
2026-04-04 11:14:22,849 INFO src.train.trainer: Last model at epoch 193 saved to checkpoints/etas_20260404-111418/last_model_1.pth
2026-04-04 11:14:22,849 INFO src.train.trainer: Epoch 194
2026-04-04 11:14:22,868 INFO src.train.trainer: New best validation loss: -4.5158, saved to checkpoints/etas_20260404-111418/best_model_1.pth
2026-04-04 11:14:22,869 INFO src.train.trainer: Last model at epoch 194 saved to checkpoints/etas_20260404-111418/last_model_1.pth
2026-04-04 11:14:22,869 INFO src.train.trainer: Epoch 195
2026-04-04 11:14:22,888 INFO src.train.trainer: New best validation loss: -4.5206, saved to checkpoints/etas_20260404-111418/best_model_1.pth
2026-04-04 11:14:22,889 INFO src.train.trainer: Last model at epoch 195 saved to checkpoints/etas_20260404-111418/last_model_1.pth
2026-04-04 11:14:22,889 INFO src.train.trainer: Epoch 196
2026-04-04 11:14:22,909 INFO src.train.trainer: New best validation loss: -4.5255, saved to checkpoints/etas_20260404-111418/best_model_1.pth
2026-04-04 11:14:22,910 INFO src.train.trainer: Last model at epoch 196 saved to checkpoints/etas_20260404-111418/last_model_1.pth
2026-04-04 11:14:22,911 INFO src.train.trainer: Epoch 197
2026-04-04 11:14:22,931 INFO src.train.trainer: New best validation loss: -4.5304, saved to checkpoints/etas_20260404-111418/best_model_1.pth
2026-04-04 11:14:22,932 INFO src.train.trainer: Last model at epoch 197 saved to checkpoints/etas_20260404-111418/last_model_1.pth
2026-04-04 11:14:22,932 INFO src.train.trainer: Epoch 198
2026-04-04 11:14:22,951 INFO src.train.trainer: New best validation loss: -4.5353, saved to checkpoints/etas_20260404-111418/best_model_1.pth
2026-04-04 11:14:22,952 INFO src.train.trainer: Last model at epoch 198 saved to checkpoints/etas_20260404-111418/last_model_1.pth
2026-04-04 11:14:22,952 INFO src.train.trainer: Epoch 199
2026-04-04 11:14:22,972 INFO src.train.trainer: New best validation loss: -4.5402, saved to checkpoints/etas_20260404-111418/best_model_1.pth
2026-04-04 11:14:22,973 INFO src.train.trainer: Last model at epoch 199 saved to checkpoints/etas_20260404-111418/last_model_1.pth
2026-04-04 11:14:22,973 INFO src.train.trainer: Epoch 200
2026-04-04 11:14:22,992 INFO src.train.trainer: New best validation loss: -4.5451, saved to checkpoints/etas_20260404-111418/best_model_1.pth
2026-04-04 11:14:22,993 INFO src.train.trainer: Last model at epoch 200 saved to checkpoints/etas_20260404-111418/last_model_1.pth
2026-04-04 11:14:22,993 INFO src.train.trainer: Epoch 201
2026-04-04 11:14:23,012 INFO src.train.trainer: New best validation loss: -4.5500, saved to checkpoints/etas_20260404-111418/best_model_1.pth
2026-04-04 11:14:23,013 INFO src.train.trainer: Last model at epoch 201 saved to checkpoints/etas_20260404-111418/last_model_1.pth
2026-04-04 11:14:23,013 INFO src.train.trainer: Epoch 202
2026-04-04 11:14:23,032 INFO src.train.trainer: New best validation loss: -4.5549, saved to checkpoints/etas_20260404-111418/best_model_1.pth
2026-04-04 11:14:23,033 INFO src.train.trainer: Last model at epoch 202 saved to checkpoints/etas_20260404-111418/last_model_1.pth
2026-04-04 11:14:23,033 INFO src.train.trainer: Epoch 203
2026-04-04 11:14:23,053 INFO src.train.trainer: New best validation loss: -4.5598, saved to checkpoints/etas_20260404-111418/best_model_1.pth
2026-04-04 11:14:23,054 INFO src.train.trainer: Last model at epoch 203 saved to checkpoints/etas_20260404-111418/last_model_1.pth
2026-04-04 11:14:23,054 INFO src.train.trainer: Epoch 204
2026-04-04 11:14:23,073 INFO src.train.trainer: New best validation loss: -4.5647, saved to checkpoints/etas_20260404-111418/best_model_1.pth
2026-04-04 11:14:23,074 INFO src.train.trainer: Last model at epoch 204 saved to checkpoints/etas_20260404-111418/last_model_1.pth
2026-04-04 11:14:23,074 INFO src.train.trainer: Epoch 205
2026-04-04 11:14:23,093 INFO src.train.trainer: New best validation loss: -4.5697, saved to checkpoints/etas_20260404-111418/best_model_1.pth
2026-04-04 11:14:23,094 INFO src.train.trainer: Last model at epoch 205 saved to checkpoints/etas_20260404-111418/last_model_1.pth
2026-04-04 11:14:23,094 INFO src.train.trainer: Epoch 206
2026-04-04 11:14:23,114 INFO src.train.trainer: New best validation loss: -4.5746, saved to checkpoints/etas_20260404-111418/best_model_1.pth
2026-04-04 11:14:23,115 INFO src.train.trainer: Last model at epoch 206 saved to checkpoints/etas_20260404-111418/last_model_1.pth
2026-04-04 11:14:23,115 INFO src.train.trainer: Epoch 207
2026-04-04 11:14:23,134 INFO src.train.trainer: New best validation loss: -4.5796, saved to checkpoints/etas_20260404-111418/best_model_1.pth
2026-04-04 11:14:23,135 INFO src.train.trainer: Last model at epoch 207 saved to checkpoints/etas_20260404-111418/last_model_1.pth
2026-04-04 11:14:23,135 INFO src.train.trainer: Epoch 208
2026-04-04 11:14:23,155 INFO src.train.trainer: New best validation loss: -4.5846, saved to checkpoints/etas_20260404-111418/best_model_1.pth
2026-04-04 11:14:23,156 INFO src.train.trainer: Last model at epoch 208 saved to checkpoints/etas_20260404-111418/last_model_1.pth
2026-04-04 11:14:23,156 INFO src.train.trainer: Epoch 209
2026-04-04 11:14:23,178 INFO src.train.trainer: New best validation loss: -4.5895, saved to checkpoints/etas_20260404-111418/best_model_1.pth
2026-04-04 11:14:23,179 INFO src.train.trainer: Last model at epoch 209 saved to checkpoints/etas_20260404-111418/last_model_1.pth
2026-04-04 11:14:23,179 INFO src.train.trainer: Epoch 210
2026-04-04 11:14:23,198 INFO src.train.trainer: New best validation loss: -4.5945, saved to checkpoints/etas_20260404-111418/best_model_1.pth
2026-04-04 11:14:23,199 INFO src.train.trainer: Last model at epoch 210 saved to checkpoints/etas_20260404-111418/last_model_1.pth
2026-04-04 11:14:23,199 INFO src.train.trainer: Epoch 211
2026-04-04 11:14:23,218 INFO src.train.trainer: New best validation loss: -4.5995, saved to checkpoints/etas_20260404-111418/best_model_1.pth
2026-04-04 11:14:23,219 INFO src.train.trainer: Last model at epoch 211 saved to checkpoints/etas_20260404-111418/last_model_1.pth
2026-04-04 11:14:23,219 INFO src.train.trainer: Epoch 212
2026-04-04 11:14:23,238 INFO src.train.trainer: New best validation loss: -4.6045, saved to checkpoints/etas_20260404-111418/best_model_1.pth
2026-04-04 11:14:23,239 INFO src.train.trainer: Last model at epoch 212 saved to checkpoints/etas_20260404-111418/last_model_1.pth
2026-04-04 11:14:23,239 INFO src.train.trainer: Epoch 213
2026-04-04 11:14:23,258 INFO src.train.trainer: New best validation loss: -4.6095, saved to checkpoints/etas_20260404-111418/best_model_1.pth
2026-04-04 11:14:23,259 INFO src.train.trainer: Last model at epoch 213 saved to checkpoints/etas_20260404-111418/last_model_1.pth
2026-04-04 11:14:23,259 INFO src.train.trainer: Epoch 214
2026-04-04 11:14:23,278 INFO src.train.trainer: New best validation loss: -4.6145, saved to checkpoints/etas_20260404-111418/best_model_1.pth
2026-04-04 11:14:23,279 INFO src.train.trainer: Last model at epoch 214 saved to checkpoints/etas_20260404-111418/last_model_1.pth
2026-04-04 11:14:23,280 INFO src.train.trainer: Epoch 215
2026-04-04 11:14:23,299 INFO src.train.trainer: New best validation loss: -4.6195, saved to checkpoints/etas_20260404-111418/best_model_1.pth
2026-04-04 11:14:23,300 INFO src.train.trainer: Last model at epoch 215 saved to checkpoints/etas_20260404-111418/last_model_1.pth
2026-04-04 11:14:23,300 INFO src.train.trainer: Epoch 216
2026-04-04 11:14:23,320 INFO src.train.trainer: New best validation loss: -4.6245, saved to checkpoints/etas_20260404-111418/best_model_1.pth
2026-04-04 11:14:23,321 INFO src.train.trainer: Last model at epoch 216 saved to checkpoints/etas_20260404-111418/last_model_1.pth
2026-04-04 11:14:23,321 INFO src.train.trainer: Epoch 217
2026-04-04 11:14:23,340 INFO src.train.trainer: New best validation loss: -4.6295, saved to checkpoints/etas_20260404-111418/best_model_1.pth
2026-04-04 11:14:23,341 INFO src.train.trainer: Last model at epoch 217 saved to checkpoints/etas_20260404-111418/last_model_1.pth
2026-04-04 11:14:23,341 INFO src.train.trainer: Epoch 218
2026-04-04 11:14:23,361 INFO src.train.trainer: New best validation loss: -4.6346, saved to checkpoints/etas_20260404-111418/best_model_1.pth
2026-04-04 11:14:23,362 INFO src.train.trainer: Last model at epoch 218 saved to checkpoints/etas_20260404-111418/last_model_1.pth
2026-04-04 11:14:23,362 INFO src.train.trainer: Epoch 219
2026-04-04 11:14:23,381 INFO src.train.trainer: New best validation loss: -4.6396, saved to checkpoints/etas_20260404-111418/best_model_1.pth
2026-04-04 11:14:23,382 INFO src.train.trainer: Last model at epoch 219 saved to checkpoints/etas_20260404-111418/last_model_1.pth
2026-04-04 11:14:23,382 INFO src.train.trainer: Epoch 220
2026-04-04 11:14:23,403 INFO src.train.trainer: New best validation loss: -4.6446, saved to checkpoints/etas_20260404-111418/best_model_1.pth
2026-04-04 11:14:23,404 INFO src.train.trainer: Last model at epoch 220 saved to checkpoints/etas_20260404-111418/last_model_1.pth
2026-04-04 11:14:23,405 INFO src.train.trainer: Epoch 221
2026-04-04 11:14:23,425 INFO src.train.trainer: New best validation loss: -4.6497, saved to checkpoints/etas_20260404-111418/best_model_1.pth
2026-04-04 11:14:23,426 INFO src.train.trainer: Last model at epoch 221 saved to checkpoints/etas_20260404-111418/last_model_1.pth
2026-04-04 11:14:23,426 INFO src.train.trainer: Epoch 222
2026-04-04 11:14:23,445 INFO src.train.trainer: New best validation loss: -4.6547, saved to checkpoints/etas_20260404-111418/best_model_1.pth
2026-04-04 11:14:23,446 INFO src.train.trainer: Last model at epoch 222 saved to checkpoints/etas_20260404-111418/last_model_1.pth
2026-04-04 11:14:23,446 INFO src.train.trainer: Epoch 223
2026-04-04 11:14:23,467 INFO src.train.trainer: New best validation loss: -4.6598, saved to checkpoints/etas_20260404-111418/best_model_1.pth
2026-04-04 11:14:23,468 INFO src.train.trainer: Last model at epoch 223 saved to checkpoints/etas_20260404-111418/last_model_1.pth
2026-04-04 11:14:23,468 INFO src.train.trainer: Epoch 224
2026-04-04 11:14:23,488 INFO src.train.trainer: New best validation loss: -4.6649, saved to checkpoints/etas_20260404-111418/best_model_1.pth
2026-04-04 11:14:23,488 INFO src.train.trainer: Last model at epoch 224 saved to checkpoints/etas_20260404-111418/last_model_1.pth
2026-04-04 11:14:23,489 INFO src.train.trainer: Epoch 225
2026-04-04 11:14:23,508 INFO src.train.trainer: New best validation loss: -4.6699, saved to checkpoints/etas_20260404-111418/best_model_1.pth
2026-04-04 11:14:23,509 INFO src.train.trainer: Last model at epoch 225 saved to checkpoints/etas_20260404-111418/last_model_1.pth
2026-04-04 11:14:23,509 INFO src.train.trainer: Epoch 226
2026-04-04 11:14:23,529 INFO src.train.trainer: New best validation loss: -4.6750, saved to checkpoints/etas_20260404-111418/best_model_1.pth
2026-04-04 11:14:23,530 INFO src.train.trainer: Last model at epoch 226 saved to checkpoints/etas_20260404-111418/last_model_1.pth
2026-04-04 11:14:23,530 INFO src.train.trainer: Epoch 227
2026-04-04 11:14:23,550 INFO src.train.trainer: New best validation loss: -4.6801, saved to checkpoints/etas_20260404-111418/best_model_1.pth
2026-04-04 11:14:23,551 INFO src.train.trainer: Last model at epoch 227 saved to checkpoints/etas_20260404-111418/last_model_1.pth
2026-04-04 11:14:23,551 INFO src.train.trainer: Epoch 228
2026-04-04 11:14:23,571 INFO src.train.trainer: New best validation loss: -4.6852, saved to checkpoints/etas_20260404-111418/best_model_1.pth
2026-04-04 11:14:23,572 INFO src.train.trainer: Last model at epoch 228 saved to checkpoints/etas_20260404-111418/last_model_1.pth
2026-04-04 11:14:23,572 INFO src.train.trainer: Epoch 229
2026-04-04 11:14:23,591 INFO src.train.trainer: New best validation loss: -4.6903, saved to checkpoints/etas_20260404-111418/best_model_1.pth
2026-04-04 11:14:23,592 INFO src.train.trainer: Last model at epoch 229 saved to checkpoints/etas_20260404-111418/last_model_1.pth
2026-04-04 11:14:23,592 INFO src.train.trainer: Epoch 230
2026-04-04 11:14:23,612 INFO src.train.trainer: New best validation loss: -4.6954, saved to checkpoints/etas_20260404-111418/best_model_1.pth
2026-04-04 11:14:23,613 INFO src.train.trainer: Last model at epoch 230 saved to checkpoints/etas_20260404-111418/last_model_1.pth
2026-04-04 11:14:23,613 INFO src.train.trainer: Epoch 231
2026-04-04 11:14:23,632 INFO src.train.trainer: New best validation loss: -4.7005, saved to checkpoints/etas_20260404-111418/best_model_1.pth
2026-04-04 11:14:23,633 INFO src.train.trainer: Last model at epoch 231 saved to checkpoints/etas_20260404-111418/last_model_1.pth
2026-04-04 11:14:23,633 INFO src.train.trainer: Epoch 232
2026-04-04 11:14:23,653 INFO src.train.trainer: New best validation loss: -4.7056, saved to checkpoints/etas_20260404-111418/best_model_1.pth
2026-04-04 11:14:23,654 INFO src.train.trainer: Last model at epoch 232 saved to checkpoints/etas_20260404-111418/last_model_1.pth
2026-04-04 11:14:23,654 INFO src.train.trainer: Epoch 233
2026-04-04 11:14:23,673 INFO src.train.trainer: New best validation loss: -4.7107, saved to checkpoints/etas_20260404-111418/best_model_1.pth
2026-04-04 11:14:23,674 INFO src.train.trainer: Last model at epoch 233 saved to checkpoints/etas_20260404-111418/last_model_1.pth
2026-04-04 11:14:23,674 INFO src.train.trainer: Epoch 234
2026-04-04 11:14:23,694 INFO src.train.trainer: New best validation loss: -4.7158, saved to checkpoints/etas_20260404-111418/best_model_1.pth
2026-04-04 11:14:23,695 INFO src.train.trainer: Last model at epoch 234 saved to checkpoints/etas_20260404-111418/last_model_1.pth
2026-04-04 11:14:23,695 INFO src.train.trainer: Epoch 235
2026-04-04 11:14:23,715 INFO src.train.trainer: New best validation loss: -4.7210, saved to checkpoints/etas_20260404-111418/best_model_1.pth
2026-04-04 11:14:23,716 INFO src.train.trainer: Last model at epoch 235 saved to checkpoints/etas_20260404-111418/last_model_1.pth
2026-04-04 11:14:23,716 INFO src.train.trainer: Epoch 236
2026-04-04 11:14:23,736 INFO src.train.trainer: New best validation loss: -4.7261, saved to checkpoints/etas_20260404-111418/best_model_1.pth
2026-04-04 11:14:23,737 INFO src.train.trainer: Last model at epoch 236 saved to checkpoints/etas_20260404-111418/last_model_1.pth
2026-04-04 11:14:23,737 INFO src.train.trainer: Epoch 237
2026-04-04 11:14:23,757 INFO src.train.trainer: New best validation loss: -4.7312, saved to checkpoints/etas_20260404-111418/best_model_1.pth
2026-04-04 11:14:23,758 INFO src.train.trainer: Last model at epoch 237 saved to checkpoints/etas_20260404-111418/last_model_1.pth
2026-04-04 11:14:23,758 INFO src.train.trainer: Epoch 238
2026-04-04 11:14:23,778 INFO src.train.trainer: New best validation loss: -4.7364, saved to checkpoints/etas_20260404-111418/best_model_1.pth
2026-04-04 11:14:23,780 INFO src.train.trainer: Last model at epoch 238 saved to checkpoints/etas_20260404-111418/last_model_1.pth
2026-04-04 11:14:23,780 INFO src.train.trainer: Epoch 239
2026-04-04 11:14:23,800 INFO src.train.trainer: New best validation loss: -4.7415, saved to checkpoints/etas_20260404-111418/best_model_1.pth
2026-04-04 11:14:23,801 INFO src.train.trainer: Last model at epoch 239 saved to checkpoints/etas_20260404-111418/last_model_1.pth
2026-04-04 11:14:23,801 INFO src.train.trainer: Epoch 240
2026-04-04 11:14:23,820 INFO src.train.trainer: New best validation loss: -4.7467, saved to checkpoints/etas_20260404-111418/best_model_1.pth
2026-04-04 11:14:23,821 INFO src.train.trainer: Last model at epoch 240 saved to checkpoints/etas_20260404-111418/last_model_1.pth
2026-04-04 11:14:23,821 INFO src.train.trainer: Epoch 241
2026-04-04 11:14:23,840 INFO src.train.trainer: New best validation loss: -4.7518, saved to checkpoints/etas_20260404-111418/best_model_1.pth
2026-04-04 11:14:23,841 INFO src.train.trainer: Last model at epoch 241 saved to checkpoints/etas_20260404-111418/last_model_1.pth
2026-04-04 11:14:23,841 INFO src.train.trainer: Epoch 242
2026-04-04 11:14:23,862 INFO src.train.trainer: New best validation loss: -4.7570, saved to checkpoints/etas_20260404-111418/best_model_1.pth
2026-04-04 11:14:23,863 INFO src.train.trainer: Last model at epoch 242 saved to checkpoints/etas_20260404-111418/last_model_1.pth
2026-04-04 11:14:23,863 INFO src.train.trainer: Epoch 243
2026-04-04 11:14:23,882 INFO src.train.trainer: New best validation loss: -4.7621, saved to checkpoints/etas_20260404-111418/best_model_1.pth
2026-04-04 11:14:23,883 INFO src.train.trainer: Last model at epoch 243 saved to checkpoints/etas_20260404-111418/last_model_1.pth
2026-04-04 11:14:23,883 INFO src.train.trainer: Epoch 244
2026-04-04 11:14:23,902 INFO src.train.trainer: New best validation loss: -4.7673, saved to checkpoints/etas_20260404-111418/best_model_1.pth
2026-04-04 11:14:23,903 INFO src.train.trainer: Last model at epoch 244 saved to checkpoints/etas_20260404-111418/last_model_1.pth
2026-04-04 11:14:23,903 INFO src.train.trainer: Epoch 245
2026-04-04 11:14:23,924 INFO src.train.trainer: New best validation loss: -4.7725, saved to checkpoints/etas_20260404-111418/best_model_1.pth
2026-04-04 11:14:23,925 INFO src.train.trainer: Last model at epoch 245 saved to checkpoints/etas_20260404-111418/last_model_1.pth
2026-04-04 11:14:23,925 INFO src.train.trainer: Epoch 246
2026-04-04 11:14:23,944 INFO src.train.trainer: New best validation loss: -4.7776, saved to checkpoints/etas_20260404-111418/best_model_1.pth
2026-04-04 11:14:23,945 INFO src.train.trainer: Last model at epoch 246 saved to checkpoints/etas_20260404-111418/last_model_1.pth
2026-04-04 11:14:23,945 INFO src.train.trainer: Epoch 247
2026-04-04 11:14:23,966 INFO src.train.trainer: New best validation loss: -4.7828, saved to checkpoints/etas_20260404-111418/best_model_1.pth
2026-04-04 11:14:23,967 INFO src.train.trainer: Last model at epoch 247 saved to checkpoints/etas_20260404-111418/last_model_1.pth
2026-04-04 11:14:23,967 INFO src.train.trainer: Epoch 248
2026-04-04 11:14:23,986 INFO src.train.trainer: New best validation loss: -4.7880, saved to checkpoints/etas_20260404-111418/best_model_1.pth
2026-04-04 11:14:23,987 INFO src.train.trainer: Last model at epoch 248 saved to checkpoints/etas_20260404-111418/last_model_1.pth
2026-04-04 11:14:23,987 INFO src.train.trainer: Epoch 249
2026-04-04 11:14:24,007 INFO src.train.trainer: New best validation loss: -4.7932, saved to checkpoints/etas_20260404-111418/best_model_1.pth
2026-04-04 11:14:24,008 INFO src.train.trainer: Last model at epoch 249 saved to checkpoints/etas_20260404-111418/last_model_1.pth
2026-04-04 11:14:24,008 INFO src.train.trainer: Epoch 250
2026-04-04 11:14:24,027 INFO src.train.trainer: New best validation loss: -4.7984, saved to checkpoints/etas_20260404-111418/best_model_1.pth
2026-04-04 11:14:24,028 INFO src.train.trainer: Last model at epoch 250 saved to checkpoints/etas_20260404-111418/last_model_1.pth
2026-04-04 11:14:24,029 INFO src.train.trainer: Epoch 251
2026-04-04 11:14:24,048 INFO src.train.trainer: New best validation loss: -4.8036, saved to checkpoints/etas_20260404-111418/best_model_1.pth
2026-04-04 11:14:24,049 INFO src.train.trainer: Last model at epoch 251 saved to checkpoints/etas_20260404-111418/last_model_1.pth
2026-04-04 11:14:24,049 INFO src.train.trainer: Epoch 252
2026-04-04 11:14:24,069 INFO src.train.trainer: New best validation loss: -4.8087, saved to checkpoints/etas_20260404-111418/best_model_1.pth
2026-04-04 11:14:24,070 INFO src.train.trainer: Last model at epoch 252 saved to checkpoints/etas_20260404-111418/last_model_1.pth
2026-04-04 11:14:24,070 INFO src.train.trainer: Epoch 253
2026-04-04 11:14:24,090 INFO src.train.trainer: New best validation loss: -4.8139, saved to checkpoints/etas_20260404-111418/best_model_1.pth
2026-04-04 11:14:24,092 INFO src.train.trainer: Last model at epoch 253 saved to checkpoints/etas_20260404-111418/last_model_1.pth
2026-04-04 11:14:24,092 INFO src.train.trainer: Epoch 254
2026-04-04 11:14:24,113 INFO src.train.trainer: New best validation loss: -4.8191, saved to checkpoints/etas_20260404-111418/best_model_1.pth
2026-04-04 11:14:24,115 INFO src.train.trainer: Last model at epoch 254 saved to checkpoints/etas_20260404-111418/last_model_1.pth
2026-04-04 11:14:24,115 INFO src.train.trainer: Epoch 255
2026-04-04 11:14:24,138 INFO src.train.trainer: New best validation loss: -4.8243, saved to checkpoints/etas_20260404-111418/best_model_1.pth
2026-04-04 11:14:24,139 INFO src.train.trainer: Last model at epoch 255 saved to checkpoints/etas_20260404-111418/last_model_1.pth
2026-04-04 11:14:24,139 INFO src.train.trainer: Epoch 256
2026-04-04 11:14:24,162 INFO src.train.trainer: New best validation loss: -4.8295, saved to checkpoints/etas_20260404-111418/best_model_1.pth
2026-04-04 11:14:24,164 INFO src.train.trainer: Last model at epoch 256 saved to checkpoints/etas_20260404-111418/last_model_1.pth
2026-04-04 11:14:24,164 INFO src.train.trainer: Epoch 257
2026-04-04 11:14:24,186 INFO src.train.trainer: New best validation loss: -4.8347, saved to checkpoints/etas_20260404-111418/best_model_1.pth
2026-04-04 11:14:24,188 INFO src.train.trainer: Last model at epoch 257 saved to checkpoints/etas_20260404-111418/last_model_1.pth
2026-04-04 11:14:24,188 INFO src.train.trainer: Epoch 258
2026-04-04 11:14:24,210 INFO src.train.trainer: New best validation loss: -4.8399, saved to checkpoints/etas_20260404-111418/best_model_1.pth
2026-04-04 11:14:24,212 INFO src.train.trainer: Last model at epoch 258 saved to checkpoints/etas_20260404-111418/last_model_1.pth
2026-04-04 11:14:24,212 INFO src.train.trainer: Epoch 259
2026-04-04 11:14:24,234 INFO src.train.trainer: New best validation loss: -4.8451, saved to checkpoints/etas_20260404-111418/best_model_1.pth
2026-04-04 11:14:24,235 INFO src.train.trainer: Last model at epoch 259 saved to checkpoints/etas_20260404-111418/last_model_1.pth
2026-04-04 11:14:24,235 INFO src.train.trainer: Epoch 260
2026-04-04 11:14:24,258 INFO src.train.trainer: New best validation loss: -4.8504, saved to checkpoints/etas_20260404-111418/best_model_1.pth
2026-04-04 11:14:24,259 INFO src.train.trainer: Last model at epoch 260 saved to checkpoints/etas_20260404-111418/last_model_1.pth
2026-04-04 11:14:24,259 INFO src.train.trainer: Epoch 261
2026-04-04 11:14:24,282 INFO src.train.trainer: New best validation loss: -4.8556, saved to checkpoints/etas_20260404-111418/best_model_1.pth
2026-04-04 11:14:24,283 INFO src.train.trainer: Last model at epoch 261 saved to checkpoints/etas_20260404-111418/last_model_1.pth
2026-04-04 11:14:24,283 INFO src.train.trainer: Epoch 262
2026-04-04 11:14:24,305 INFO src.train.trainer: New best validation loss: -4.8608, saved to checkpoints/etas_20260404-111418/best_model_1.pth
2026-04-04 11:14:24,307 INFO src.train.trainer: Last model at epoch 262 saved to checkpoints/etas_20260404-111418/last_model_1.pth
2026-04-04 11:14:24,307 INFO src.train.trainer: Epoch 263
2026-04-04 11:14:24,330 INFO src.train.trainer: New best validation loss: -4.8660, saved to checkpoints/etas_20260404-111418/best_model_1.pth
2026-04-04 11:14:24,331 INFO src.train.trainer: Last model at epoch 263 saved to checkpoints/etas_20260404-111418/last_model_1.pth
2026-04-04 11:14:24,331 INFO src.train.trainer: Epoch 264
2026-04-04 11:14:24,354 INFO src.train.trainer: New best validation loss: -4.8712, saved to checkpoints/etas_20260404-111418/best_model_1.pth
2026-04-04 11:14:24,356 INFO src.train.trainer: Last model at epoch 264 saved to checkpoints/etas_20260404-111418/last_model_1.pth
2026-04-04 11:14:24,356 INFO src.train.trainer: Epoch 265
2026-04-04 11:14:24,378 INFO src.train.trainer: New best validation loss: -4.8764, saved to checkpoints/etas_20260404-111418/best_model_1.pth
2026-04-04 11:14:24,380 INFO src.train.trainer: Last model at epoch 265 saved to checkpoints/etas_20260404-111418/last_model_1.pth
2026-04-04 11:14:24,380 INFO src.train.trainer: Epoch 266
2026-04-04 11:14:24,402 INFO src.train.trainer: New best validation loss: -4.8816, saved to checkpoints/etas_20260404-111418/best_model_1.pth
2026-04-04 11:14:24,404 INFO src.train.trainer: Last model at epoch 266 saved to checkpoints/etas_20260404-111418/last_model_1.pth
2026-04-04 11:14:24,404 INFO src.train.trainer: Epoch 267
2026-04-04 11:14:24,426 INFO src.train.trainer: New best validation loss: -4.8868, saved to checkpoints/etas_20260404-111418/best_model_1.pth
2026-04-04 11:14:24,428 INFO src.train.trainer: Last model at epoch 267 saved to checkpoints/etas_20260404-111418/last_model_1.pth
2026-04-04 11:14:24,428 INFO src.train.trainer: Epoch 268
2026-04-04 11:14:24,450 INFO src.train.trainer: New best validation loss: -4.8921, saved to checkpoints/etas_20260404-111418/best_model_1.pth
2026-04-04 11:14:24,452 INFO src.train.trainer: Last model at epoch 268 saved to checkpoints/etas_20260404-111418/last_model_1.pth
2026-04-04 11:14:24,452 INFO src.train.trainer: Epoch 269
2026-04-04 11:14:24,475 INFO src.train.trainer: New best validation loss: -4.8973, saved to checkpoints/etas_20260404-111418/best_model_1.pth
2026-04-04 11:14:24,476 INFO src.train.trainer: Last model at epoch 269 saved to checkpoints/etas_20260404-111418/last_model_1.pth
2026-04-04 11:14:24,476 INFO src.train.trainer: Epoch 270
2026-04-04 11:14:24,498 INFO src.train.trainer: New best validation loss: -4.9025, saved to checkpoints/etas_20260404-111418/best_model_1.pth
2026-04-04 11:14:24,499 INFO src.train.trainer: Last model at epoch 270 saved to checkpoints/etas_20260404-111418/last_model_1.pth
2026-04-04 11:14:24,499 INFO src.train.trainer: Epoch 271
2026-04-04 11:14:24,523 INFO src.train.trainer: New best validation loss: -4.9077, saved to checkpoints/etas_20260404-111418/best_model_1.pth
2026-04-04 11:14:24,524 INFO src.train.trainer: Last model at epoch 271 saved to checkpoints/etas_20260404-111418/last_model_1.pth
2026-04-04 11:14:24,524 INFO src.train.trainer: Epoch 272
2026-04-04 11:14:24,547 INFO src.train.trainer: New best validation loss: -4.9129, saved to checkpoints/etas_20260404-111418/best_model_1.pth
2026-04-04 11:14:24,549 INFO src.train.trainer: Last model at epoch 272 saved to checkpoints/etas_20260404-111418/last_model_1.pth
2026-04-04 11:14:24,549 INFO src.train.trainer: Epoch 273
2026-04-04 11:14:24,571 INFO src.train.trainer: New best validation loss: -4.9181, saved to checkpoints/etas_20260404-111418/best_model_1.pth
2026-04-04 11:14:24,573 INFO src.train.trainer: Last model at epoch 273 saved to checkpoints/etas_20260404-111418/last_model_1.pth
2026-04-04 11:14:24,573 INFO src.train.trainer: Epoch 274
2026-04-04 11:14:24,595 INFO src.train.trainer: New best validation loss: -4.9234, saved to checkpoints/etas_20260404-111418/best_model_1.pth
2026-04-04 11:14:24,596 INFO src.train.trainer: Last model at epoch 274 saved to checkpoints/etas_20260404-111418/last_model_1.pth
2026-04-04 11:14:24,596 INFO src.train.trainer: Epoch 275
2026-04-04 11:14:24,618 INFO src.train.trainer: New best validation loss: -4.9286, saved to checkpoints/etas_20260404-111418/best_model_1.pth
2026-04-04 11:14:24,620 INFO src.train.trainer: Last model at epoch 275 saved to checkpoints/etas_20260404-111418/last_model_1.pth
2026-04-04 11:14:24,620 INFO src.train.trainer: Epoch 276
2026-04-04 11:14:24,642 INFO src.train.trainer: New best validation loss: -4.9338, saved to checkpoints/etas_20260404-111418/best_model_1.pth
2026-04-04 11:14:24,644 INFO src.train.trainer: Last model at epoch 276 saved to checkpoints/etas_20260404-111418/last_model_1.pth
2026-04-04 11:14:24,645 INFO src.train.trainer: Epoch 277
2026-04-04 11:14:24,667 INFO src.train.trainer: New best validation loss: -4.9390, saved to checkpoints/etas_20260404-111418/best_model_1.pth
2026-04-04 11:14:24,669 INFO src.train.trainer: Last model at epoch 277 saved to checkpoints/etas_20260404-111418/last_model_1.pth
2026-04-04 11:14:24,669 INFO src.train.trainer: Epoch 278
2026-04-04 11:14:24,692 INFO src.train.trainer: New best validation loss: -4.9442, saved to checkpoints/etas_20260404-111418/best_model_1.pth
2026-04-04 11:14:24,693 INFO src.train.trainer: Last model at epoch 278 saved to checkpoints/etas_20260404-111418/last_model_1.pth
2026-04-04 11:14:24,694 INFO src.train.trainer: Epoch 279
2026-04-04 11:14:24,716 INFO src.train.trainer: New best validation loss: -4.9494, saved to checkpoints/etas_20260404-111418/best_model_1.pth
2026-04-04 11:14:24,718 INFO src.train.trainer: Last model at epoch 279 saved to checkpoints/etas_20260404-111418/last_model_1.pth
2026-04-04 11:14:24,718 INFO src.train.trainer: Epoch 280
2026-04-04 11:14:24,740 INFO src.train.trainer: New best validation loss: -4.9546, saved to checkpoints/etas_20260404-111418/best_model_1.pth
2026-04-04 11:14:24,741 INFO src.train.trainer: Last model at epoch 280 saved to checkpoints/etas_20260404-111418/last_model_1.pth
2026-04-04 11:14:24,741 INFO src.train.trainer: Epoch 281
2026-04-04 11:14:24,764 INFO src.train.trainer: New best validation loss: -4.9598, saved to checkpoints/etas_20260404-111418/best_model_1.pth
2026-04-04 11:14:24,765 INFO src.train.trainer: Last model at epoch 281 saved to checkpoints/etas_20260404-111418/last_model_1.pth
2026-04-04 11:14:24,765 INFO src.train.trainer: Epoch 282
2026-04-04 11:14:24,787 INFO src.train.trainer: New best validation loss: -4.9651, saved to checkpoints/etas_20260404-111418/best_model_1.pth
2026-04-04 11:14:24,789 INFO src.train.trainer: Last model at epoch 282 saved to checkpoints/etas_20260404-111418/last_model_1.pth
2026-04-04 11:14:24,789 INFO src.train.trainer: Epoch 283
2026-04-04 11:14:24,812 INFO src.train.trainer: New best validation loss: -4.9703, saved to checkpoints/etas_20260404-111418/best_model_1.pth
2026-04-04 11:14:24,813 INFO src.train.trainer: Last model at epoch 283 saved to checkpoints/etas_20260404-111418/last_model_1.pth
2026-04-04 11:14:24,813 INFO src.train.trainer: Epoch 284
2026-04-04 11:14:24,836 INFO src.train.trainer: New best validation loss: -4.9755, saved to checkpoints/etas_20260404-111418/best_model_1.pth
2026-04-04 11:14:24,837 INFO src.train.trainer: Last model at epoch 284 saved to checkpoints/etas_20260404-111418/last_model_1.pth
2026-04-04 11:14:24,837 INFO src.train.trainer: Epoch 285
2026-04-04 11:14:24,859 INFO src.train.trainer: New best validation loss: -4.9807, saved to checkpoints/etas_20260404-111418/best_model_1.pth
2026-04-04 11:14:24,861 INFO src.train.trainer: Last model at epoch 285 saved to checkpoints/etas_20260404-111418/last_model_1.pth
2026-04-04 11:14:24,861 INFO src.train.trainer: Epoch 286
2026-04-04 11:14:24,884 INFO src.train.trainer: New best validation loss: -4.9859, saved to checkpoints/etas_20260404-111418/best_model_1.pth
2026-04-04 11:14:24,885 INFO src.train.trainer: Last model at epoch 286 saved to checkpoints/etas_20260404-111418/last_model_1.pth
2026-04-04 11:14:24,885 INFO src.train.trainer: Epoch 287
2026-04-04 11:14:24,908 INFO src.train.trainer: New best validation loss: -4.9910, saved to checkpoints/etas_20260404-111418/best_model_1.pth
2026-04-04 11:14:24,909 INFO src.train.trainer: Last model at epoch 287 saved to checkpoints/etas_20260404-111418/last_model_1.pth
2026-04-04 11:14:24,909 INFO src.train.trainer: Epoch 288
2026-04-04 11:14:24,931 INFO src.train.trainer: New best validation loss: -4.9962, saved to checkpoints/etas_20260404-111418/best_model_1.pth
2026-04-04 11:14:24,933 INFO src.train.trainer: Last model at epoch 288 saved to checkpoints/etas_20260404-111418/last_model_1.pth
2026-04-04 11:14:24,933 INFO src.train.trainer: Epoch 289
2026-04-04 11:14:24,955 INFO src.train.trainer: New best validation loss: -5.0014, saved to checkpoints/etas_20260404-111418/best_model_1.pth
2026-04-04 11:14:24,957 INFO src.train.trainer: Last model at epoch 289 saved to checkpoints/etas_20260404-111418/last_model_1.pth
2026-04-04 11:14:24,957 INFO src.train.trainer: Epoch 290
2026-04-04 11:14:24,979 INFO src.train.trainer: New best validation loss: -5.0066, saved to checkpoints/etas_20260404-111418/best_model_1.pth
2026-04-04 11:14:24,981 INFO src.train.trainer: Last model at epoch 290 saved to checkpoints/etas_20260404-111418/last_model_1.pth
2026-04-04 11:14:24,981 INFO src.train.trainer: Epoch 291
2026-04-04 11:14:25,004 INFO src.train.trainer: New best validation loss: -5.0118, saved to checkpoints/etas_20260404-111418/best_model_1.pth
2026-04-04 11:14:25,005 INFO src.train.trainer: Last model at epoch 291 saved to checkpoints/etas_20260404-111418/last_model_1.pth
2026-04-04 11:14:25,005 INFO src.train.trainer: Epoch 292
2026-04-04 11:14:25,029 INFO src.train.trainer: New best validation loss: -5.0170, saved to checkpoints/etas_20260404-111418/best_model_1.pth
2026-04-04 11:14:25,030 INFO src.train.trainer: Last model at epoch 292 saved to checkpoints/etas_20260404-111418/last_model_1.pth
2026-04-04 11:14:25,031 INFO src.train.trainer: Epoch 293
2026-04-04 11:14:25,055 INFO src.train.trainer: New best validation loss: -5.0221, saved to checkpoints/etas_20260404-111418/best_model_1.pth
2026-04-04 11:14:25,056 INFO src.train.trainer: Last model at epoch 293 saved to checkpoints/etas_20260404-111418/last_model_1.pth
2026-04-04 11:14:25,056 INFO src.train.trainer: Epoch 294
2026-04-04 11:14:25,081 INFO src.train.trainer: New best validation loss: -5.0273, saved to checkpoints/etas_20260404-111418/best_model_1.pth
2026-04-04 11:14:25,082 INFO src.train.trainer: Last model at epoch 294 saved to checkpoints/etas_20260404-111418/last_model_1.pth
2026-04-04 11:14:25,082 INFO src.train.trainer: Epoch 295
2026-04-04 11:14:25,106 INFO src.train.trainer: New best validation loss: -5.0325, saved to checkpoints/etas_20260404-111418/best_model_1.pth
2026-04-04 11:14:25,108 INFO src.train.trainer: Last model at epoch 295 saved to checkpoints/etas_20260404-111418/last_model_1.pth
2026-04-04 11:14:25,108 INFO src.train.trainer: Epoch 296
2026-04-04 11:14:25,131 INFO src.train.trainer: New best validation loss: -5.0376, saved to checkpoints/etas_20260404-111418/best_model_1.pth
2026-04-04 11:14:25,132 INFO src.train.trainer: Last model at epoch 296 saved to checkpoints/etas_20260404-111418/last_model_1.pth
2026-04-04 11:14:25,132 INFO src.train.trainer: Epoch 297
2026-04-04 11:14:25,155 INFO src.train.trainer: New best validation loss: -5.0428, saved to checkpoints/etas_20260404-111418/best_model_1.pth
2026-04-04 11:14:25,156 INFO src.train.trainer: Last model at epoch 297 saved to checkpoints/etas_20260404-111418/last_model_1.pth
2026-04-04 11:14:25,156 INFO src.train.trainer: Epoch 298
2026-04-04 11:14:25,178 INFO src.train.trainer: New best validation loss: -5.0479, saved to checkpoints/etas_20260404-111418/best_model_1.pth
2026-04-04 11:14:25,179 INFO src.train.trainer: Last model at epoch 298 saved to checkpoints/etas_20260404-111418/last_model_1.pth
2026-04-04 11:14:25,180 INFO src.train.trainer: Epoch 299
2026-04-04 11:14:25,202 INFO src.train.trainer: New best validation loss: -5.0531, saved to checkpoints/etas_20260404-111418/best_model_1.pth
2026-04-04 11:14:25,203 INFO src.train.trainer: Last model at epoch 299 saved to checkpoints/etas_20260404-111418/last_model_1.pth
2026-04-04 11:14:25,204 INFO src.train.trainer: Epoch 300
2026-04-04 11:14:25,226 INFO src.train.trainer: New best validation loss: -5.0582, saved to checkpoints/etas_20260404-111418/best_model_1.pth
2026-04-04 11:14:25,227 INFO src.train.trainer: Last model at epoch 300 saved to checkpoints/etas_20260404-111418/last_model_1.pth
2026-04-04 11:14:25,227 INFO src.train.trainer: Epoch 301
2026-04-04 11:14:25,253 INFO src.train.trainer: New best validation loss: -5.0633, saved to checkpoints/etas_20260404-111418/best_model_1.pth
2026-04-04 11:14:25,254 INFO src.train.trainer: Last model at epoch 301 saved to checkpoints/etas_20260404-111418/last_model_1.pth
2026-04-04 11:14:25,254 INFO src.train.trainer: Epoch 302
2026-04-04 11:14:25,281 INFO src.train.trainer: New best validation loss: -5.0685, saved to checkpoints/etas_20260404-111418/best_model_1.pth
2026-04-04 11:14:25,282 INFO src.train.trainer: Last model at epoch 302 saved to checkpoints/etas_20260404-111418/last_model_1.pth
2026-04-04 11:14:25,282 INFO src.train.trainer: Epoch 303
2026-04-04 11:14:25,306 INFO src.train.trainer: New best validation loss: -5.0736, saved to checkpoints/etas_20260404-111418/best_model_1.pth
2026-04-04 11:14:25,307 INFO src.train.trainer: Last model at epoch 303 saved to checkpoints/etas_20260404-111418/last_model_1.pth
2026-04-04 11:14:25,308 INFO src.train.trainer: Epoch 304
2026-04-04 11:14:25,332 INFO src.train.trainer: New best validation loss: -5.0787, saved to checkpoints/etas_20260404-111418/best_model_1.pth
2026-04-04 11:14:25,333 INFO src.train.trainer: Last model at epoch 304 saved to checkpoints/etas_20260404-111418/last_model_1.pth
2026-04-04 11:14:25,333 INFO src.train.trainer: Epoch 305
2026-04-04 11:14:25,357 INFO src.train.trainer: New best validation loss: -5.0838, saved to checkpoints/etas_20260404-111418/best_model_1.pth
2026-04-04 11:14:25,359 INFO src.train.trainer: Last model at epoch 305 saved to checkpoints/etas_20260404-111418/last_model_1.pth
2026-04-04 11:14:25,359 INFO src.train.trainer: Epoch 306
2026-04-04 11:14:25,383 INFO src.train.trainer: New best validation loss: -5.0889, saved to checkpoints/etas_20260404-111418/best_model_1.pth
2026-04-04 11:14:25,384 INFO src.train.trainer: Last model at epoch 306 saved to checkpoints/etas_20260404-111418/last_model_1.pth
2026-04-04 11:14:25,384 INFO src.train.trainer: Epoch 307
2026-04-04 11:14:25,408 INFO src.train.trainer: New best validation loss: -5.0940, saved to checkpoints/etas_20260404-111418/best_model_1.pth
2026-04-04 11:14:25,409 INFO src.train.trainer: Last model at epoch 307 saved to checkpoints/etas_20260404-111418/last_model_1.pth
2026-04-04 11:14:25,409 INFO src.train.trainer: Epoch 308
2026-04-04 11:14:25,434 INFO src.train.trainer: New best validation loss: -5.0991, saved to checkpoints/etas_20260404-111418/best_model_1.pth
2026-04-04 11:14:25,435 INFO src.train.trainer: Last model at epoch 308 saved to checkpoints/etas_20260404-111418/last_model_1.pth
2026-04-04 11:14:25,435 INFO src.train.trainer: Epoch 309
2026-04-04 11:14:25,458 INFO src.train.trainer: New best validation loss: -5.1041, saved to checkpoints/etas_20260404-111418/best_model_1.pth
2026-04-04 11:14:25,460 INFO src.train.trainer: Last model at epoch 309 saved to checkpoints/etas_20260404-111418/last_model_1.pth
2026-04-04 11:14:25,460 INFO src.train.trainer: Epoch 310
2026-04-04 11:14:25,487 INFO src.train.trainer: New best validation loss: -5.1092, saved to checkpoints/etas_20260404-111418/best_model_1.pth
2026-04-04 11:14:25,489 INFO src.train.trainer: Last model at epoch 310 saved to checkpoints/etas_20260404-111418/last_model_1.pth
2026-04-04 11:14:25,489 INFO src.train.trainer: Epoch 311
2026-04-04 11:14:25,513 INFO src.train.trainer: New best validation loss: -5.1143, saved to checkpoints/etas_20260404-111418/best_model_1.pth
2026-04-04 11:14:25,514 INFO src.train.trainer: Last model at epoch 311 saved to checkpoints/etas_20260404-111418/last_model_1.pth
2026-04-04 11:14:25,514 INFO src.train.trainer: Epoch 312
2026-04-04 11:14:25,539 INFO src.train.trainer: New best validation loss: -5.1193, saved to checkpoints/etas_20260404-111418/best_model_1.pth
2026-04-04 11:14:25,540 INFO src.train.trainer: Last model at epoch 312 saved to checkpoints/etas_20260404-111418/last_model_1.pth
2026-04-04 11:14:25,540 INFO src.train.trainer: Epoch 313
2026-04-04 11:14:25,565 INFO src.train.trainer: New best validation loss: -5.1244, saved to checkpoints/etas_20260404-111418/best_model_1.pth
2026-04-04 11:14:25,566 INFO src.train.trainer: Last model at epoch 313 saved to checkpoints/etas_20260404-111418/last_model_1.pth
2026-04-04 11:14:25,566 INFO src.train.trainer: Epoch 314
2026-04-04 11:14:25,591 INFO src.train.trainer: New best validation loss: -5.1294, saved to checkpoints/etas_20260404-111418/best_model_1.pth
2026-04-04 11:14:25,592 INFO src.train.trainer: Last model at epoch 314 saved to checkpoints/etas_20260404-111418/last_model_1.pth
2026-04-04 11:14:25,592 INFO src.train.trainer: Epoch 315
2026-04-04 11:14:25,616 INFO src.train.trainer: New best validation loss: -5.1344, saved to checkpoints/etas_20260404-111418/best_model_1.pth
2026-04-04 11:14:25,618 INFO src.train.trainer: Last model at epoch 315 saved to checkpoints/etas_20260404-111418/last_model_1.pth
2026-04-04 11:14:25,618 INFO src.train.trainer: Epoch 316
2026-04-04 11:14:25,643 INFO src.train.trainer: New best validation loss: -5.1394, saved to checkpoints/etas_20260404-111418/best_model_1.pth
2026-04-04 11:14:25,644 INFO src.train.trainer: Last model at epoch 316 saved to checkpoints/etas_20260404-111418/last_model_1.pth
2026-04-04 11:14:25,645 INFO src.train.trainer: Epoch 317
2026-04-04 11:14:25,669 INFO src.train.trainer: New best validation loss: -5.1444, saved to checkpoints/etas_20260404-111418/best_model_1.pth
2026-04-04 11:14:25,671 INFO src.train.trainer: Last model at epoch 317 saved to checkpoints/etas_20260404-111418/last_model_1.pth
2026-04-04 11:14:25,671 INFO src.train.trainer: Epoch 318
2026-04-04 11:14:25,695 INFO src.train.trainer: New best validation loss: -5.1494, saved to checkpoints/etas_20260404-111418/best_model_1.pth
2026-04-04 11:14:25,696 INFO src.train.trainer: Last model at epoch 318 saved to checkpoints/etas_20260404-111418/last_model_1.pth
2026-04-04 11:14:25,696 INFO src.train.trainer: Epoch 319
2026-04-04 11:14:25,720 INFO src.train.trainer: New best validation loss: -5.1544, saved to checkpoints/etas_20260404-111418/best_model_1.pth
2026-04-04 11:14:25,721 INFO src.train.trainer: Last model at epoch 319 saved to checkpoints/etas_20260404-111418/last_model_1.pth
2026-04-04 11:14:25,722 INFO src.train.trainer: Epoch 320
2026-04-04 11:14:25,747 INFO src.train.trainer: New best validation loss: -5.1594, saved to checkpoints/etas_20260404-111418/best_model_1.pth
2026-04-04 11:14:25,749 INFO src.train.trainer: Last model at epoch 320 saved to checkpoints/etas_20260404-111418/last_model_1.pth
2026-04-04 11:14:25,749 INFO src.train.trainer: Epoch 321
2026-04-04 11:14:25,773 INFO src.train.trainer: New best validation loss: -5.1644, saved to checkpoints/etas_20260404-111418/best_model_1.pth
2026-04-04 11:14:25,775 INFO src.train.trainer: Last model at epoch 321 saved to checkpoints/etas_20260404-111418/last_model_1.pth
2026-04-04 11:14:25,775 INFO src.train.trainer: Epoch 322
2026-04-04 11:14:25,799 INFO src.train.trainer: New best validation loss: -5.1693, saved to checkpoints/etas_20260404-111418/best_model_1.pth
2026-04-04 11:14:25,801 INFO src.train.trainer: Last model at epoch 322 saved to checkpoints/etas_20260404-111418/last_model_1.pth
2026-04-04 11:14:25,801 INFO src.train.trainer: Epoch 323
2026-04-04 11:14:25,824 INFO src.train.trainer: New best validation loss: -5.1743, saved to checkpoints/etas_20260404-111418/best_model_1.pth
2026-04-04 11:14:25,826 INFO src.train.trainer: Last model at epoch 323 saved to checkpoints/etas_20260404-111418/last_model_1.pth
2026-04-04 11:14:25,826 INFO src.train.trainer: Epoch 324
2026-04-04 11:14:25,851 INFO src.train.trainer: New best validation loss: -5.1792, saved to checkpoints/etas_20260404-111418/best_model_1.pth
2026-04-04 11:14:25,852 INFO src.train.trainer: Last model at epoch 324 saved to checkpoints/etas_20260404-111418/last_model_1.pth
2026-04-04 11:14:25,853 INFO src.train.trainer: Epoch 325
2026-04-04 11:14:25,877 INFO src.train.trainer: New best validation loss: -5.1841, saved to checkpoints/etas_20260404-111418/best_model_1.pth
2026-04-04 11:14:25,879 INFO src.train.trainer: Last model at epoch 325 saved to checkpoints/etas_20260404-111418/last_model_1.pth
2026-04-04 11:14:25,879 INFO src.train.trainer: Epoch 326
2026-04-04 11:14:25,903 INFO src.train.trainer: New best validation loss: -5.1890, saved to checkpoints/etas_20260404-111418/best_model_1.pth
2026-04-04 11:14:25,905 INFO src.train.trainer: Last model at epoch 326 saved to checkpoints/etas_20260404-111418/last_model_1.pth
2026-04-04 11:14:25,905 INFO src.train.trainer: Epoch 327
2026-04-04 11:14:25,929 INFO src.train.trainer: New best validation loss: -5.1939, saved to checkpoints/etas_20260404-111418/best_model_1.pth
2026-04-04 11:14:25,930 INFO src.train.trainer: Last model at epoch 327 saved to checkpoints/etas_20260404-111418/last_model_1.pth
2026-04-04 11:14:25,930 INFO src.train.trainer: Epoch 328
2026-04-04 11:14:25,955 INFO src.train.trainer: New best validation loss: -5.1988, saved to checkpoints/etas_20260404-111418/best_model_1.pth
2026-04-04 11:14:25,956 INFO src.train.trainer: Last model at epoch 328 saved to checkpoints/etas_20260404-111418/last_model_1.pth
2026-04-04 11:14:25,956 INFO src.train.trainer: Epoch 329
2026-04-04 11:14:25,981 INFO src.train.trainer: New best validation loss: -5.2036, saved to checkpoints/etas_20260404-111418/best_model_1.pth
2026-04-04 11:14:25,982 INFO src.train.trainer: Last model at epoch 329 saved to checkpoints/etas_20260404-111418/last_model_1.pth
2026-04-04 11:14:25,982 INFO src.train.trainer: Epoch 330
2026-04-04 11:14:26,006 INFO src.train.trainer: New best validation loss: -5.2085, saved to checkpoints/etas_20260404-111418/best_model_1.pth
2026-04-04 11:14:26,007 INFO src.train.trainer: Last model at epoch 330 saved to checkpoints/etas_20260404-111418/last_model_1.pth
2026-04-04 11:14:26,008 INFO src.train.trainer: Epoch 331
2026-04-04 11:14:26,031 INFO src.train.trainer: New best validation loss: -5.2133, saved to checkpoints/etas_20260404-111418/best_model_1.pth
2026-04-04 11:14:26,033 INFO src.train.trainer: Last model at epoch 331 saved to checkpoints/etas_20260404-111418/last_model_1.pth
2026-04-04 11:14:26,033 INFO src.train.trainer: Epoch 332
2026-04-04 11:14:26,057 INFO src.train.trainer: New best validation loss: -5.2182, saved to checkpoints/etas_20260404-111418/best_model_1.pth
2026-04-04 11:14:26,059 INFO src.train.trainer: Last model at epoch 332 saved to checkpoints/etas_20260404-111418/last_model_1.pth
2026-04-04 11:14:26,059 INFO src.train.trainer: Epoch 333
2026-04-04 11:14:26,083 INFO src.train.trainer: New best validation loss: -5.2230, saved to checkpoints/etas_20260404-111418/best_model_1.pth
2026-04-04 11:14:26,084 INFO src.train.trainer: Last model at epoch 333 saved to checkpoints/etas_20260404-111418/last_model_1.pth
2026-04-04 11:14:26,084 INFO src.train.trainer: Epoch 334
2026-04-04 11:14:26,108 INFO src.train.trainer: New best validation loss: -5.2278, saved to checkpoints/etas_20260404-111418/best_model_1.pth
2026-04-04 11:14:26,110 INFO src.train.trainer: Last model at epoch 334 saved to checkpoints/etas_20260404-111418/last_model_1.pth
2026-04-04 11:14:26,110 INFO src.train.trainer: Epoch 335
2026-04-04 11:14:26,134 INFO src.train.trainer: New best validation loss: -5.2326, saved to checkpoints/etas_20260404-111418/best_model_1.pth
2026-04-04 11:14:26,136 INFO src.train.trainer: Last model at epoch 335 saved to checkpoints/etas_20260404-111418/last_model_1.pth
2026-04-04 11:14:26,136 INFO src.train.trainer: Epoch 336
2026-04-04 11:14:26,160 INFO src.train.trainer: New best validation loss: -5.2373, saved to checkpoints/etas_20260404-111418/best_model_1.pth
2026-04-04 11:14:26,162 INFO src.train.trainer: Last model at epoch 336 saved to checkpoints/etas_20260404-111418/last_model_1.pth
2026-04-04 11:14:26,162 INFO src.train.trainer: Epoch 337
2026-04-04 11:14:26,187 INFO src.train.trainer: New best validation loss: -5.2421, saved to checkpoints/etas_20260404-111418/best_model_1.pth
2026-04-04 11:14:26,188 INFO src.train.trainer: Last model at epoch 337 saved to checkpoints/etas_20260404-111418/last_model_1.pth
2026-04-04 11:14:26,188 INFO src.train.trainer: Epoch 338
2026-04-04 11:14:26,212 INFO src.train.trainer: New best validation loss: -5.2468, saved to checkpoints/etas_20260404-111418/best_model_1.pth
2026-04-04 11:14:26,214 INFO src.train.trainer: Last model at epoch 338 saved to checkpoints/etas_20260404-111418/last_model_1.pth
2026-04-04 11:14:26,214 INFO src.train.trainer: Epoch 339
2026-04-04 11:14:26,238 INFO src.train.trainer: New best validation loss: -5.2515, saved to checkpoints/etas_20260404-111418/best_model_1.pth
2026-04-04 11:14:26,239 INFO src.train.trainer: Last model at epoch 339 saved to checkpoints/etas_20260404-111418/last_model_1.pth
2026-04-04 11:14:26,239 INFO src.train.trainer: Epoch 340
2026-04-04 11:14:26,264 INFO src.train.trainer: New best validation loss: -5.2562, saved to checkpoints/etas_20260404-111418/best_model_1.pth
2026-04-04 11:14:26,265 INFO src.train.trainer: Last model at epoch 340 saved to checkpoints/etas_20260404-111418/last_model_1.pth
2026-04-04 11:14:26,265 INFO src.train.trainer: Epoch 341
2026-04-04 11:14:26,290 INFO src.train.trainer: New best validation loss: -5.2609, saved to checkpoints/etas_20260404-111418/best_model_1.pth
2026-04-04 11:14:26,291 INFO src.train.trainer: Last model at epoch 341 saved to checkpoints/etas_20260404-111418/last_model_1.pth
2026-04-04 11:14:26,291 INFO src.train.trainer: Epoch 342
2026-04-04 11:14:26,315 INFO src.train.trainer: New best validation loss: -5.2656, saved to checkpoints/etas_20260404-111418/best_model_1.pth
2026-04-04 11:14:26,317 INFO src.train.trainer: Last model at epoch 342 saved to checkpoints/etas_20260404-111418/last_model_1.pth
2026-04-04 11:14:26,317 INFO src.train.trainer: Epoch 343
2026-04-04 11:14:26,341 INFO src.train.trainer: New best validation loss: -5.2702, saved to checkpoints/etas_20260404-111418/best_model_1.pth
2026-04-04 11:14:26,342 INFO src.train.trainer: Last model at epoch 343 saved to checkpoints/etas_20260404-111418/last_model_1.pth
2026-04-04 11:14:26,342 INFO src.train.trainer: Epoch 344
2026-04-04 11:14:26,366 INFO src.train.trainer: New best validation loss: -5.2749, saved to checkpoints/etas_20260404-111418/best_model_1.pth
2026-04-04 11:14:26,367 INFO src.train.trainer: Last model at epoch 344 saved to checkpoints/etas_20260404-111418/last_model_1.pth
2026-04-04 11:14:26,367 INFO src.train.trainer: Epoch 345
2026-04-04 11:14:26,391 INFO src.train.trainer: New best validation loss: -5.2795, saved to checkpoints/etas_20260404-111418/best_model_1.pth
2026-04-04 11:14:26,392 INFO src.train.trainer: Last model at epoch 345 saved to checkpoints/etas_20260404-111418/last_model_1.pth
2026-04-04 11:14:26,393 INFO src.train.trainer: Epoch 346
2026-04-04 11:14:26,416 INFO src.train.trainer: New best validation loss: -5.2841, saved to checkpoints/etas_20260404-111418/best_model_1.pth
2026-04-04 11:14:26,418 INFO src.train.trainer: Last model at epoch 346 saved to checkpoints/etas_20260404-111418/last_model_1.pth
2026-04-04 11:14:26,418 INFO src.train.trainer: Epoch 347
2026-04-04 11:14:26,441 INFO src.train.trainer: New best validation loss: -5.2887, saved to checkpoints/etas_20260404-111418/best_model_1.pth
2026-04-04 11:14:26,443 INFO src.train.trainer: Last model at epoch 347 saved to checkpoints/etas_20260404-111418/last_model_1.pth
2026-04-04 11:14:26,443 INFO src.train.trainer: Epoch 348
2026-04-04 11:14:26,467 INFO src.train.trainer: New best validation loss: -5.2932, saved to checkpoints/etas_20260404-111418/best_model_1.pth
2026-04-04 11:14:26,469 INFO src.train.trainer: Last model at epoch 348 saved to checkpoints/etas_20260404-111418/last_model_1.pth
2026-04-04 11:14:26,469 INFO src.train.trainer: Epoch 349
2026-04-04 11:14:26,493 INFO src.train.trainer: New best validation loss: -5.2978, saved to checkpoints/etas_20260404-111418/best_model_1.pth
2026-04-04 11:14:26,494 INFO src.train.trainer: Last model at epoch 349 saved to checkpoints/etas_20260404-111418/last_model_1.pth
2026-04-04 11:14:26,494 INFO src.train.trainer: Epoch 350
2026-04-04 11:14:26,517 INFO src.train.trainer: New best validation loss: -5.3023, saved to checkpoints/etas_20260404-111418/best_model_1.pth
2026-04-04 11:14:26,519 INFO src.train.trainer: Last model at epoch 350 saved to checkpoints/etas_20260404-111418/last_model_1.pth
2026-04-04 11:14:26,519 INFO src.train.trainer: Epoch 351
2026-04-04 11:14:26,542 INFO src.train.trainer: New best validation loss: -5.3068, saved to checkpoints/etas_20260404-111418/best_model_1.pth
2026-04-04 11:14:26,544 INFO src.train.trainer: Last model at epoch 351 saved to checkpoints/etas_20260404-111418/last_model_1.pth
2026-04-04 11:14:26,544 INFO src.train.trainer: Epoch 352
2026-04-04 11:14:26,568 INFO src.train.trainer: New best validation loss: -5.3113, saved to checkpoints/etas_20260404-111418/best_model_1.pth
2026-04-04 11:14:26,569 INFO src.train.trainer: Last model at epoch 352 saved to checkpoints/etas_20260404-111418/last_model_1.pth
2026-04-04 11:14:26,569 INFO src.train.trainer: Epoch 353
2026-04-04 11:14:26,593 INFO src.train.trainer: New best validation loss: -5.3157, saved to checkpoints/etas_20260404-111418/best_model_1.pth
2026-04-04 11:14:26,595 INFO src.train.trainer: Last model at epoch 353 saved to checkpoints/etas_20260404-111418/last_model_1.pth
2026-04-04 11:14:26,595 INFO src.train.trainer: Epoch 354
2026-04-04 11:14:26,618 INFO src.train.trainer: New best validation loss: -5.3202, saved to checkpoints/etas_20260404-111418/best_model_1.pth
2026-04-04 11:14:26,620 INFO src.train.trainer: Last model at epoch 354 saved to checkpoints/etas_20260404-111418/last_model_1.pth
2026-04-04 11:14:26,620 INFO src.train.trainer: Epoch 355
2026-04-04 11:14:26,644 INFO src.train.trainer: New best validation loss: -5.3246, saved to checkpoints/etas_20260404-111418/best_model_1.pth
2026-04-04 11:14:26,645 INFO src.train.trainer: Last model at epoch 355 saved to checkpoints/etas_20260404-111418/last_model_1.pth
2026-04-04 11:14:26,646 INFO src.train.trainer: Epoch 356
2026-04-04 11:14:26,670 INFO src.train.trainer: New best validation loss: -5.3290, saved to checkpoints/etas_20260404-111418/best_model_1.pth
2026-04-04 11:14:26,671 INFO src.train.trainer: Last model at epoch 356 saved to checkpoints/etas_20260404-111418/last_model_1.pth
2026-04-04 11:14:26,671 INFO src.train.trainer: Epoch 357
2026-04-04 11:14:26,696 INFO src.train.trainer: New best validation loss: -5.3334, saved to checkpoints/etas_20260404-111418/best_model_1.pth
2026-04-04 11:14:26,697 INFO src.train.trainer: Last model at epoch 357 saved to checkpoints/etas_20260404-111418/last_model_1.pth
2026-04-04 11:14:26,697 INFO src.train.trainer: Epoch 358
2026-04-04 11:14:26,721 INFO src.train.trainer: New best validation loss: -5.3377, saved to checkpoints/etas_20260404-111418/best_model_1.pth
2026-04-04 11:14:26,722 INFO src.train.trainer: Last model at epoch 358 saved to checkpoints/etas_20260404-111418/last_model_1.pth
2026-04-04 11:14:26,722 INFO src.train.trainer: Epoch 359
2026-04-04 11:14:26,746 INFO src.train.trainer: New best validation loss: -5.3421, saved to checkpoints/etas_20260404-111418/best_model_1.pth
2026-04-04 11:14:26,747 INFO src.train.trainer: Last model at epoch 359 saved to checkpoints/etas_20260404-111418/last_model_1.pth
2026-04-04 11:14:26,747 INFO src.train.trainer: Epoch 360
2026-04-04 11:14:26,771 INFO src.train.trainer: New best validation loss: -5.3464, saved to checkpoints/etas_20260404-111418/best_model_1.pth
2026-04-04 11:14:26,773 INFO src.train.trainer: Last model at epoch 360 saved to checkpoints/etas_20260404-111418/last_model_1.pth
2026-04-04 11:14:26,773 INFO src.train.trainer: Epoch 361
2026-04-04 11:14:26,797 INFO src.train.trainer: New best validation loss: -5.3506, saved to checkpoints/etas_20260404-111418/best_model_1.pth
2026-04-04 11:14:26,799 INFO src.train.trainer: Last model at epoch 361 saved to checkpoints/etas_20260404-111418/last_model_1.pth
2026-04-04 11:14:26,799 INFO src.train.trainer: Epoch 362
2026-04-04 11:14:26,823 INFO src.train.trainer: New best validation loss: -5.3549, saved to checkpoints/etas_20260404-111418/best_model_1.pth
2026-04-04 11:14:26,824 INFO src.train.trainer: Last model at epoch 362 saved to checkpoints/etas_20260404-111418/last_model_1.pth
2026-04-04 11:14:26,824 INFO src.train.trainer: Epoch 363
2026-04-04 11:14:26,849 INFO src.train.trainer: New best validation loss: -5.3591, saved to checkpoints/etas_20260404-111418/best_model_1.pth
2026-04-04 11:14:26,851 INFO src.train.trainer: Last model at epoch 363 saved to checkpoints/etas_20260404-111418/last_model_1.pth
2026-04-04 11:14:26,851 INFO src.train.trainer: Epoch 364
2026-04-04 11:14:26,875 INFO src.train.trainer: New best validation loss: -5.3633, saved to checkpoints/etas_20260404-111418/best_model_1.pth
2026-04-04 11:14:26,877 INFO src.train.trainer: Last model at epoch 364 saved to checkpoints/etas_20260404-111418/last_model_1.pth
2026-04-04 11:14:26,877 INFO src.train.trainer: Epoch 365
2026-04-04 11:14:26,900 INFO src.train.trainer: New best validation loss: -5.3675, saved to checkpoints/etas_20260404-111418/best_model_1.pth
2026-04-04 11:14:26,903 INFO src.train.trainer: Last model at epoch 365 saved to checkpoints/etas_20260404-111418/last_model_1.pth
2026-04-04 11:14:26,903 INFO src.train.trainer: Epoch 366
2026-04-04 11:14:26,926 INFO src.train.trainer: New best validation loss: -5.3717, saved to checkpoints/etas_20260404-111418/best_model_1.pth
2026-04-04 11:14:26,928 INFO src.train.trainer: Last model at epoch 366 saved to checkpoints/etas_20260404-111418/last_model_1.pth
2026-04-04 11:14:26,928 INFO src.train.trainer: Epoch 367
2026-04-04 11:14:26,952 INFO src.train.trainer: New best validation loss: -5.3758, saved to checkpoints/etas_20260404-111418/best_model_1.pth
2026-04-04 11:14:26,953 INFO src.train.trainer: Last model at epoch 367 saved to checkpoints/etas_20260404-111418/last_model_1.pth
2026-04-04 11:14:26,953 INFO src.train.trainer: Epoch 368
2026-04-04 11:14:26,977 INFO src.train.trainer: New best validation loss: -5.3799, saved to checkpoints/etas_20260404-111418/best_model_1.pth
2026-04-04 11:14:26,978 INFO src.train.trainer: Last model at epoch 368 saved to checkpoints/etas_20260404-111418/last_model_1.pth
2026-04-04 11:14:26,978 INFO src.train.trainer: Epoch 369
2026-04-04 11:14:27,002 INFO src.train.trainer: New best validation loss: -5.3840, saved to checkpoints/etas_20260404-111418/best_model_1.pth
2026-04-04 11:14:27,004 INFO src.train.trainer: Last model at epoch 369 saved to checkpoints/etas_20260404-111418/last_model_1.pth
2026-04-04 11:14:27,004 INFO src.train.trainer: Epoch 370
2026-04-04 11:14:27,027 INFO src.train.trainer: New best validation loss: -5.3881, saved to checkpoints/etas_20260404-111418/best_model_1.pth
2026-04-04 11:14:27,029 INFO src.train.trainer: Last model at epoch 370 saved to checkpoints/etas_20260404-111418/last_model_1.pth
2026-04-04 11:14:27,029 INFO src.train.trainer: Epoch 371
2026-04-04 11:14:27,054 INFO src.train.trainer: New best validation loss: -5.3921, saved to checkpoints/etas_20260404-111418/best_model_1.pth
2026-04-04 11:14:27,055 INFO src.train.trainer: Last model at epoch 371 saved to checkpoints/etas_20260404-111418/last_model_1.pth
2026-04-04 11:14:27,055 INFO src.train.trainer: Epoch 372
2026-04-04 11:14:27,080 INFO src.train.trainer: New best validation loss: -5.3961, saved to checkpoints/etas_20260404-111418/best_model_1.pth
2026-04-04 11:14:27,082 INFO src.train.trainer: Last model at epoch 372 saved to checkpoints/etas_20260404-111418/last_model_1.pth
2026-04-04 11:14:27,082 INFO src.train.trainer: Epoch 373
2026-04-04 11:14:27,106 INFO src.train.trainer: New best validation loss: -5.4001, saved to checkpoints/etas_20260404-111418/best_model_1.pth
2026-04-04 11:14:27,107 INFO src.train.trainer: Last model at epoch 373 saved to checkpoints/etas_20260404-111418/last_model_1.pth
2026-04-04 11:14:27,107 INFO src.train.trainer: Epoch 374
2026-04-04 11:14:27,131 INFO src.train.trainer: New best validation loss: -5.4040, saved to checkpoints/etas_20260404-111418/best_model_1.pth
2026-04-04 11:14:27,132 INFO src.train.trainer: Last model at epoch 374 saved to checkpoints/etas_20260404-111418/last_model_1.pth
2026-04-04 11:14:27,132 INFO src.train.trainer: Epoch 375
2026-04-04 11:14:27,156 INFO src.train.trainer: New best validation loss: -5.4080, saved to checkpoints/etas_20260404-111418/best_model_1.pth
2026-04-04 11:14:27,157 INFO src.train.trainer: Last model at epoch 375 saved to checkpoints/etas_20260404-111418/last_model_1.pth
2026-04-04 11:14:27,157 INFO src.train.trainer: Epoch 376
2026-04-04 11:14:27,180 INFO src.train.trainer: New best validation loss: -5.4118, saved to checkpoints/etas_20260404-111418/best_model_1.pth
2026-04-04 11:14:27,182 INFO src.train.trainer: Last model at epoch 376 saved to checkpoints/etas_20260404-111418/last_model_1.pth
2026-04-04 11:14:27,182 INFO src.train.trainer: Epoch 377
2026-04-04 11:14:27,205 INFO src.train.trainer: New best validation loss: -5.4157, saved to checkpoints/etas_20260404-111418/best_model_1.pth
2026-04-04 11:14:27,206 INFO src.train.trainer: Last model at epoch 377 saved to checkpoints/etas_20260404-111418/last_model_1.pth
2026-04-04 11:14:27,207 INFO src.train.trainer: Epoch 378
2026-04-04 11:14:27,234 INFO src.train.trainer: New best validation loss: -5.4195, saved to checkpoints/etas_20260404-111418/best_model_1.pth
2026-04-04 11:14:27,236 INFO src.train.trainer: Last model at epoch 378 saved to checkpoints/etas_20260404-111418/last_model_1.pth
2026-04-04 11:14:27,236 INFO src.train.trainer: Epoch 379
2026-04-04 11:14:27,260 INFO src.train.trainer: New best validation loss: -5.4233, saved to checkpoints/etas_20260404-111418/best_model_1.pth
2026-04-04 11:14:27,261 INFO src.train.trainer: Last model at epoch 379 saved to checkpoints/etas_20260404-111418/last_model_1.pth
2026-04-04 11:14:27,261 INFO src.train.trainer: Epoch 380
2026-04-04 11:14:27,285 INFO src.train.trainer: New best validation loss: -5.4271, saved to checkpoints/etas_20260404-111418/best_model_1.pth
2026-04-04 11:14:27,287 INFO src.train.trainer: Last model at epoch 380 saved to checkpoints/etas_20260404-111418/last_model_1.pth
2026-04-04 11:14:27,287 INFO src.train.trainer: Epoch 381
2026-04-04 11:14:27,310 INFO src.train.trainer: New best validation loss: -5.4309, saved to checkpoints/etas_20260404-111418/best_model_1.pth
2026-04-04 11:14:27,312 INFO src.train.trainer: Last model at epoch 381 saved to checkpoints/etas_20260404-111418/last_model_1.pth
2026-04-04 11:14:27,312 INFO src.train.trainer: Epoch 382
2026-04-04 11:14:27,335 INFO src.train.trainer: New best validation loss: -5.4346, saved to checkpoints/etas_20260404-111418/best_model_1.pth
2026-04-04 11:14:27,337 INFO src.train.trainer: Last model at epoch 382 saved to checkpoints/etas_20260404-111418/last_model_1.pth
2026-04-04 11:14:27,337 INFO src.train.trainer: Epoch 383
2026-04-04 11:14:27,360 INFO src.train.trainer: New best validation loss: -5.4382, saved to checkpoints/etas_20260404-111418/best_model_1.pth
2026-04-04 11:14:27,362 INFO src.train.trainer: Last model at epoch 383 saved to checkpoints/etas_20260404-111418/last_model_1.pth
2026-04-04 11:14:27,362 INFO src.train.trainer: Epoch 384
2026-04-04 11:14:27,385 INFO src.train.trainer: New best validation loss: -5.4419, saved to checkpoints/etas_20260404-111418/best_model_1.pth
2026-04-04 11:14:27,387 INFO src.train.trainer: Last model at epoch 384 saved to checkpoints/etas_20260404-111418/last_model_1.pth
2026-04-04 11:14:27,387 INFO src.train.trainer: Epoch 385
2026-04-04 11:14:27,410 INFO src.train.trainer: New best validation loss: -5.4455, saved to checkpoints/etas_20260404-111418/best_model_1.pth
2026-04-04 11:14:27,412 INFO src.train.trainer: Last model at epoch 385 saved to checkpoints/etas_20260404-111418/last_model_1.pth
2026-04-04 11:14:27,412 INFO src.train.trainer: Epoch 386
2026-04-04 11:14:27,435 INFO src.train.trainer: New best validation loss: -5.4491, saved to checkpoints/etas_20260404-111418/best_model_1.pth
2026-04-04 11:14:27,436 INFO src.train.trainer: Last model at epoch 386 saved to checkpoints/etas_20260404-111418/last_model_1.pth
2026-04-04 11:14:27,437 INFO src.train.trainer: Epoch 387
2026-04-04 11:14:27,460 INFO src.train.trainer: New best validation loss: -5.4527, saved to checkpoints/etas_20260404-111418/best_model_1.pth
2026-04-04 11:14:27,462 INFO src.train.trainer: Last model at epoch 387 saved to checkpoints/etas_20260404-111418/last_model_1.pth
2026-04-04 11:14:27,462 INFO src.train.trainer: Epoch 388
2026-04-04 11:14:27,485 INFO src.train.trainer: New best validation loss: -5.4562, saved to checkpoints/etas_20260404-111418/best_model_1.pth
2026-04-04 11:14:27,487 INFO src.train.trainer: Last model at epoch 388 saved to checkpoints/etas_20260404-111418/last_model_1.pth
2026-04-04 11:14:27,487 INFO src.train.trainer: Epoch 389
2026-04-04 11:14:27,510 INFO src.train.trainer: New best validation loss: -5.4597, saved to checkpoints/etas_20260404-111418/best_model_1.pth
2026-04-04 11:14:27,511 INFO src.train.trainer: Last model at epoch 389 saved to checkpoints/etas_20260404-111418/last_model_1.pth
2026-04-04 11:14:27,511 INFO src.train.trainer: Epoch 390
2026-04-04 11:14:27,535 INFO src.train.trainer: New best validation loss: -5.4631, saved to checkpoints/etas_20260404-111418/best_model_1.pth
2026-04-04 11:14:27,536 INFO src.train.trainer: Last model at epoch 390 saved to checkpoints/etas_20260404-111418/last_model_1.pth
2026-04-04 11:14:27,537 INFO src.train.trainer: Epoch 391
2026-04-04 11:14:27,560 INFO src.train.trainer: New best validation loss: -5.4665, saved to checkpoints/etas_20260404-111418/best_model_1.pth
2026-04-04 11:14:27,561 INFO src.train.trainer: Last model at epoch 391 saved to checkpoints/etas_20260404-111418/last_model_1.pth
2026-04-04 11:14:27,561 INFO src.train.trainer: Epoch 392
2026-04-04 11:14:27,585 INFO src.train.trainer: New best validation loss: -5.4699, saved to checkpoints/etas_20260404-111418/best_model_1.pth
2026-04-04 11:14:27,586 INFO src.train.trainer: Last model at epoch 392 saved to checkpoints/etas_20260404-111418/last_model_1.pth
2026-04-04 11:14:27,586 INFO src.train.trainer: Epoch 393
2026-04-04 11:14:27,610 INFO src.train.trainer: New best validation loss: -5.4733, saved to checkpoints/etas_20260404-111418/best_model_1.pth
2026-04-04 11:14:27,611 INFO src.train.trainer: Last model at epoch 393 saved to checkpoints/etas_20260404-111418/last_model_1.pth
2026-04-04 11:14:27,611 INFO src.train.trainer: Epoch 394
2026-04-04 11:14:27,634 INFO src.train.trainer: New best validation loss: -5.4766, saved to checkpoints/etas_20260404-111418/best_model_1.pth
2026-04-04 11:14:27,636 INFO src.train.trainer: Last model at epoch 394 saved to checkpoints/etas_20260404-111418/last_model_1.pth
2026-04-04 11:14:27,636 INFO src.train.trainer: Epoch 395
2026-04-04 11:14:27,659 INFO src.train.trainer: New best validation loss: -5.4799, saved to checkpoints/etas_20260404-111418/best_model_1.pth
2026-04-04 11:14:27,661 INFO src.train.trainer: Last model at epoch 395 saved to checkpoints/etas_20260404-111418/last_model_1.pth
2026-04-04 11:14:27,661 INFO src.train.trainer: Epoch 396
2026-04-04 11:14:27,684 INFO src.train.trainer: New best validation loss: -5.4831, saved to checkpoints/etas_20260404-111418/best_model_1.pth
2026-04-04 11:14:27,686 INFO src.train.trainer: Last model at epoch 396 saved to checkpoints/etas_20260404-111418/last_model_1.pth
2026-04-04 11:14:27,686 INFO src.train.trainer: Epoch 397
2026-04-04 11:14:27,709 INFO src.train.trainer: New best validation loss: -5.4863, saved to checkpoints/etas_20260404-111418/best_model_1.pth
2026-04-04 11:14:27,711 INFO src.train.trainer: Last model at epoch 397 saved to checkpoints/etas_20260404-111418/last_model_1.pth
2026-04-04 11:14:27,711 INFO src.train.trainer: Epoch 398
2026-04-04 11:14:27,734 INFO src.train.trainer: New best validation loss: -5.4895, saved to checkpoints/etas_20260404-111418/best_model_1.pth
2026-04-04 11:14:27,736 INFO src.train.trainer: Last model at epoch 398 saved to checkpoints/etas_20260404-111418/last_model_1.pth
2026-04-04 11:14:27,736 INFO src.train.trainer: Epoch 399
2026-04-04 11:14:27,759 INFO src.train.trainer: New best validation loss: -5.4926, saved to checkpoints/etas_20260404-111418/best_model_1.pth
2026-04-04 11:14:27,760 INFO src.train.trainer: Last model at epoch 399 saved to checkpoints/etas_20260404-111418/last_model_1.pth
2026-04-04 11:14:27,761 INFO src.train.trainer: Epoch 400
2026-04-04 11:14:27,785 INFO src.train.trainer: New best validation loss: -5.4957, saved to checkpoints/etas_20260404-111418/best_model_1.pth
2026-04-04 11:14:27,786 INFO src.train.trainer: Last model at epoch 400 saved to checkpoints/etas_20260404-111418/last_model_1.pth
2026-04-04 11:14:27,786 INFO src.train.trainer: Epoch 401
2026-04-04 11:14:27,810 INFO src.train.trainer: New best validation loss: -5.4988, saved to checkpoints/etas_20260404-111418/best_model_1.pth
2026-04-04 11:14:27,811 INFO src.train.trainer: Last model at epoch 401 saved to checkpoints/etas_20260404-111418/last_model_1.pth
2026-04-04 11:14:27,811 INFO src.train.trainer: Epoch 402
2026-04-04 11:14:27,835 INFO src.train.trainer: New best validation loss: -5.5018, saved to checkpoints/etas_20260404-111418/best_model_1.pth
2026-04-04 11:14:27,836 INFO src.train.trainer: Last model at epoch 402 saved to checkpoints/etas_20260404-111418/last_model_1.pth
2026-04-04 11:14:27,837 INFO src.train.trainer: Epoch 403
2026-04-04 11:14:27,860 INFO src.train.trainer: New best validation loss: -5.5048, saved to checkpoints/etas_20260404-111418/best_model_1.pth
2026-04-04 11:14:27,861 INFO src.train.trainer: Last model at epoch 403 saved to checkpoints/etas_20260404-111418/last_model_1.pth
2026-04-04 11:14:27,861 INFO src.train.trainer: Epoch 404
2026-04-04 11:14:27,885 INFO src.train.trainer: New best validation loss: -5.5077, saved to checkpoints/etas_20260404-111418/best_model_1.pth
2026-04-04 11:14:27,886 INFO src.train.trainer: Last model at epoch 404 saved to checkpoints/etas_20260404-111418/last_model_1.pth
2026-04-04 11:14:27,886 INFO src.train.trainer: Epoch 405
2026-04-04 11:14:27,910 INFO src.train.trainer: New best validation loss: -5.5106, saved to checkpoints/etas_20260404-111418/best_model_1.pth
2026-04-04 11:14:27,911 INFO src.train.trainer: Last model at epoch 405 saved to checkpoints/etas_20260404-111418/last_model_1.pth
2026-04-04 11:14:27,912 INFO src.train.trainer: Epoch 406
2026-04-04 11:14:27,935 INFO src.train.trainer: New best validation loss: -5.5135, saved to checkpoints/etas_20260404-111418/best_model_1.pth
2026-04-04 11:14:27,936 INFO src.train.trainer: Last model at epoch 406 saved to checkpoints/etas_20260404-111418/last_model_1.pth
2026-04-04 11:14:27,936 INFO src.train.trainer: Epoch 407
2026-04-04 11:14:27,960 INFO src.train.trainer: New best validation loss: -5.5163, saved to checkpoints/etas_20260404-111418/best_model_1.pth
2026-04-04 11:14:27,961 INFO src.train.trainer: Last model at epoch 407 saved to checkpoints/etas_20260404-111418/last_model_1.pth
2026-04-04 11:14:27,961 INFO src.train.trainer: Epoch 408
2026-04-04 11:14:27,984 INFO src.train.trainer: New best validation loss: -5.5191, saved to checkpoints/etas_20260404-111418/best_model_1.pth
2026-04-04 11:14:27,986 INFO src.train.trainer: Last model at epoch 408 saved to checkpoints/etas_20260404-111418/last_model_1.pth
2026-04-04 11:14:27,986 INFO src.train.trainer: Epoch 409
2026-04-04 11:14:28,009 INFO src.train.trainer: New best validation loss: -5.5219, saved to checkpoints/etas_20260404-111418/best_model_1.pth
2026-04-04 11:14:28,010 INFO src.train.trainer: Last model at epoch 409 saved to checkpoints/etas_20260404-111418/last_model_1.pth
2026-04-04 11:14:28,011 INFO src.train.trainer: Epoch 410
2026-04-04 11:14:28,034 INFO src.train.trainer: New best validation loss: -5.5246, saved to checkpoints/etas_20260404-111418/best_model_1.pth
2026-04-04 11:14:28,035 INFO src.train.trainer: Last model at epoch 410 saved to checkpoints/etas_20260404-111418/last_model_1.pth
2026-04-04 11:14:28,035 INFO src.train.trainer: Epoch 411
2026-04-04 11:14:28,059 INFO src.train.trainer: New best validation loss: -5.5273, saved to checkpoints/etas_20260404-111418/best_model_1.pth
2026-04-04 11:14:28,061 INFO src.train.trainer: Last model at epoch 411 saved to checkpoints/etas_20260404-111418/last_model_1.pth
2026-04-04 11:14:28,061 INFO src.train.trainer: Epoch 412
2026-04-04 11:14:28,084 INFO src.train.trainer: New best validation loss: -5.5299, saved to checkpoints/etas_20260404-111418/best_model_1.pth
2026-04-04 11:14:28,086 INFO src.train.trainer: Last model at epoch 412 saved to checkpoints/etas_20260404-111418/last_model_1.pth
2026-04-04 11:14:28,086 INFO src.train.trainer: Epoch 413
2026-04-04 11:14:28,109 INFO src.train.trainer: New best validation loss: -5.5325, saved to checkpoints/etas_20260404-111418/best_model_1.pth
2026-04-04 11:14:28,111 INFO src.train.trainer: Last model at epoch 413 saved to checkpoints/etas_20260404-111418/last_model_1.pth
2026-04-04 11:14:28,111 INFO src.train.trainer: Epoch 414
2026-04-04 11:14:28,135 INFO src.train.trainer: New best validation loss: -5.5351, saved to checkpoints/etas_20260404-111418/best_model_1.pth
2026-04-04 11:14:28,136 INFO src.train.trainer: Last model at epoch 414 saved to checkpoints/etas_20260404-111418/last_model_1.pth
2026-04-04 11:14:28,136 INFO src.train.trainer: Epoch 415
2026-04-04 11:14:28,160 INFO src.train.trainer: New best validation loss: -5.5376, saved to checkpoints/etas_20260404-111418/best_model_1.pth
2026-04-04 11:14:28,161 INFO src.train.trainer: Last model at epoch 415 saved to checkpoints/etas_20260404-111418/last_model_1.pth
2026-04-04 11:14:28,161 INFO src.train.trainer: Epoch 416
2026-04-04 11:14:28,185 INFO src.train.trainer: New best validation loss: -5.5400, saved to checkpoints/etas_20260404-111418/best_model_1.pth
2026-04-04 11:14:28,186 INFO src.train.trainer: Last model at epoch 416 saved to checkpoints/etas_20260404-111418/last_model_1.pth
2026-04-04 11:14:28,186 INFO src.train.trainer: Epoch 417
2026-04-04 11:14:28,210 INFO src.train.trainer: New best validation loss: -5.5425, saved to checkpoints/etas_20260404-111418/best_model_1.pth
2026-04-04 11:14:28,212 INFO src.train.trainer: Last model at epoch 417 saved to checkpoints/etas_20260404-111418/last_model_1.pth
2026-04-04 11:14:28,212 INFO src.train.trainer: Epoch 418
2026-04-04 11:14:28,236 INFO src.train.trainer: New best validation loss: -5.5449, saved to checkpoints/etas_20260404-111418/best_model_1.pth
2026-04-04 11:14:28,237 INFO src.train.trainer: Last model at epoch 418 saved to checkpoints/etas_20260404-111418/last_model_1.pth
2026-04-04 11:14:28,237 INFO src.train.trainer: Epoch 419
2026-04-04 11:14:28,261 INFO src.train.trainer: New best validation loss: -5.5472, saved to checkpoints/etas_20260404-111418/best_model_1.pth
2026-04-04 11:14:28,262 INFO src.train.trainer: Last model at epoch 419 saved to checkpoints/etas_20260404-111418/last_model_1.pth
2026-04-04 11:14:28,263 INFO src.train.trainer: Epoch 420
2026-04-04 11:14:28,286 INFO src.train.trainer: New best validation loss: -5.5495, saved to checkpoints/etas_20260404-111418/best_model_1.pth
2026-04-04 11:14:28,288 INFO src.train.trainer: Last model at epoch 420 saved to checkpoints/etas_20260404-111418/last_model_1.pth
2026-04-04 11:14:28,288 INFO src.train.trainer: Epoch 421
2026-04-04 11:14:28,311 INFO src.train.trainer: New best validation loss: -5.5518, saved to checkpoints/etas_20260404-111418/best_model_1.pth
2026-04-04 11:14:28,313 INFO src.train.trainer: Last model at epoch 421 saved to checkpoints/etas_20260404-111418/last_model_1.pth
2026-04-04 11:14:28,313 INFO src.train.trainer: Epoch 422
2026-04-04 11:14:28,336 INFO src.train.trainer: New best validation loss: -5.5540, saved to checkpoints/etas_20260404-111418/best_model_1.pth
2026-04-04 11:14:28,338 INFO src.train.trainer: Last model at epoch 422 saved to checkpoints/etas_20260404-111418/last_model_1.pth
2026-04-04 11:14:28,338 INFO src.train.trainer: Epoch 423
2026-04-04 11:14:28,362 INFO src.train.trainer: New best validation loss: -5.5562, saved to checkpoints/etas_20260404-111418/best_model_1.pth
2026-04-04 11:14:28,363 INFO src.train.trainer: Last model at epoch 423 saved to checkpoints/etas_20260404-111418/last_model_1.pth
2026-04-04 11:14:28,363 INFO src.train.trainer: Epoch 424
2026-04-04 11:14:28,388 INFO src.train.trainer: New best validation loss: -5.5583, saved to checkpoints/etas_20260404-111418/best_model_1.pth
2026-04-04 11:14:28,389 INFO src.train.trainer: Last model at epoch 424 saved to checkpoints/etas_20260404-111418/last_model_1.pth
2026-04-04 11:14:28,389 INFO src.train.trainer: Epoch 425
2026-04-04 11:14:28,413 INFO src.train.trainer: New best validation loss: -5.5604, saved to checkpoints/etas_20260404-111418/best_model_1.pth
2026-04-04 11:14:28,415 INFO src.train.trainer: Last model at epoch 425 saved to checkpoints/etas_20260404-111418/last_model_1.pth
2026-04-04 11:14:28,415 INFO src.train.trainer: Epoch 426
2026-04-04 11:14:28,439 INFO src.train.trainer: New best validation loss: -5.5624, saved to checkpoints/etas_20260404-111418/best_model_1.pth
2026-04-04 11:14:28,441 INFO src.train.trainer: Last model at epoch 426 saved to checkpoints/etas_20260404-111418/last_model_1.pth
2026-04-04 11:14:28,441 INFO src.train.trainer: Epoch 427
2026-04-04 11:14:28,465 INFO src.train.trainer: New best validation loss: -5.5644, saved to checkpoints/etas_20260404-111418/best_model_1.pth
2026-04-04 11:14:28,466 INFO src.train.trainer: Last model at epoch 427 saved to checkpoints/etas_20260404-111418/last_model_1.pth
2026-04-04 11:14:28,467 INFO src.train.trainer: Epoch 428
2026-04-04 11:14:28,490 INFO src.train.trainer: New best validation loss: -5.5664, saved to checkpoints/etas_20260404-111418/best_model_1.pth
2026-04-04 11:14:28,492 INFO src.train.trainer: Last model at epoch 428 saved to checkpoints/etas_20260404-111418/last_model_1.pth
2026-04-04 11:14:28,492 INFO src.train.trainer: Epoch 429
2026-04-04 11:14:28,516 INFO src.train.trainer: New best validation loss: -5.5683, saved to checkpoints/etas_20260404-111418/best_model_1.pth
2026-04-04 11:14:28,518 INFO src.train.trainer: Last model at epoch 429 saved to checkpoints/etas_20260404-111418/last_model_1.pth
2026-04-04 11:14:28,518 INFO src.train.trainer: Epoch 430
2026-04-04 11:14:28,542 INFO src.train.trainer: New best validation loss: -5.5702, saved to checkpoints/etas_20260404-111418/best_model_1.pth
2026-04-04 11:14:28,543 INFO src.train.trainer: Last model at epoch 430 saved to checkpoints/etas_20260404-111418/last_model_1.pth
2026-04-04 11:14:28,543 INFO src.train.trainer: Epoch 431
2026-04-04 11:14:28,568 INFO src.train.trainer: New best validation loss: -5.5720, saved to checkpoints/etas_20260404-111418/best_model_1.pth
2026-04-04 11:14:28,569 INFO src.train.trainer: Last model at epoch 431 saved to checkpoints/etas_20260404-111418/last_model_1.pth
2026-04-04 11:14:28,569 INFO src.train.trainer: Epoch 432
2026-04-04 11:14:28,593 INFO src.train.trainer: New best validation loss: -5.5738, saved to checkpoints/etas_20260404-111418/best_model_1.pth
2026-04-04 11:14:28,594 INFO src.train.trainer: Last model at epoch 432 saved to checkpoints/etas_20260404-111418/last_model_1.pth
2026-04-04 11:14:28,595 INFO src.train.trainer: Epoch 433
2026-04-04 11:14:28,618 INFO src.train.trainer: New best validation loss: -5.5756, saved to checkpoints/etas_20260404-111418/best_model_1.pth
2026-04-04 11:14:28,620 INFO src.train.trainer: Last model at epoch 433 saved to checkpoints/etas_20260404-111418/last_model_1.pth
2026-04-04 11:14:28,620 INFO src.train.trainer: Epoch 434
2026-04-04 11:14:28,644 INFO src.train.trainer: New best validation loss: -5.5773, saved to checkpoints/etas_20260404-111418/best_model_1.pth
2026-04-04 11:14:28,645 INFO src.train.trainer: Last model at epoch 434 saved to checkpoints/etas_20260404-111418/last_model_1.pth
2026-04-04 11:14:28,646 INFO src.train.trainer: Epoch 435
2026-04-04 11:14:28,670 INFO src.train.trainer: New best validation loss: -5.5789, saved to checkpoints/etas_20260404-111418/best_model_1.pth
2026-04-04 11:14:28,672 INFO src.train.trainer: Last model at epoch 435 saved to checkpoints/etas_20260404-111418/last_model_1.pth
2026-04-04 11:14:28,672 INFO src.train.trainer: Epoch 436
2026-04-04 11:14:28,696 INFO src.train.trainer: New best validation loss: -5.5805, saved to checkpoints/etas_20260404-111418/best_model_1.pth
2026-04-04 11:14:28,698 INFO src.train.trainer: Last model at epoch 436 saved to checkpoints/etas_20260404-111418/last_model_1.pth
2026-04-04 11:14:28,698 INFO src.train.trainer: Epoch 437
2026-04-04 11:14:28,722 INFO src.train.trainer: New best validation loss: -5.5821, saved to checkpoints/etas_20260404-111418/best_model_1.pth
2026-04-04 11:14:28,723 INFO src.train.trainer: Last model at epoch 437 saved to checkpoints/etas_20260404-111418/last_model_1.pth
2026-04-04 11:14:28,724 INFO src.train.trainer: Epoch 438
2026-04-04 11:14:28,747 INFO src.train.trainer: New best validation loss: -5.5836, saved to checkpoints/etas_20260404-111418/best_model_1.pth
2026-04-04 11:14:28,749 INFO src.train.trainer: Last model at epoch 438 saved to checkpoints/etas_20260404-111418/last_model_1.pth
2026-04-04 11:14:28,749 INFO src.train.trainer: Epoch 439
2026-04-04 11:14:28,775 INFO src.train.trainer: New best validation loss: -5.5851, saved to checkpoints/etas_20260404-111418/best_model_1.pth
2026-04-04 11:14:28,776 INFO src.train.trainer: Last model at epoch 439 saved to checkpoints/etas_20260404-111418/last_model_1.pth
2026-04-04 11:14:28,776 INFO src.train.trainer: Epoch 440
2026-04-04 11:14:28,800 INFO src.train.trainer: New best validation loss: -5.5866, saved to checkpoints/etas_20260404-111418/best_model_1.pth
2026-04-04 11:14:28,802 INFO src.train.trainer: Last model at epoch 440 saved to checkpoints/etas_20260404-111418/last_model_1.pth
2026-04-04 11:14:28,802 INFO src.train.trainer: Epoch 441
2026-04-04 11:14:28,826 INFO src.train.trainer: New best validation loss: -5.5880, saved to checkpoints/etas_20260404-111418/best_model_1.pth
2026-04-04 11:14:28,828 INFO src.train.trainer: Last model at epoch 441 saved to checkpoints/etas_20260404-111418/last_model_1.pth
2026-04-04 11:14:28,828 INFO src.train.trainer: Epoch 442
2026-04-04 11:14:28,853 INFO src.train.trainer: New best validation loss: -5.5893, saved to checkpoints/etas_20260404-111418/best_model_1.pth
2026-04-04 11:14:28,854 INFO src.train.trainer: Last model at epoch 442 saved to checkpoints/etas_20260404-111418/last_model_1.pth
2026-04-04 11:14:28,854 INFO src.train.trainer: Epoch 443
2026-04-04 11:14:28,879 INFO src.train.trainer: New best validation loss: -5.5906, saved to checkpoints/etas_20260404-111418/best_model_1.pth
2026-04-04 11:14:28,880 INFO src.train.trainer: Last model at epoch 443 saved to checkpoints/etas_20260404-111418/last_model_1.pth
2026-04-04 11:14:28,880 INFO src.train.trainer: Epoch 444
2026-04-04 11:14:28,905 INFO src.train.trainer: New best validation loss: -5.5919, saved to checkpoints/etas_20260404-111418/best_model_1.pth
2026-04-04 11:14:28,906 INFO src.train.trainer: Last model at epoch 444 saved to checkpoints/etas_20260404-111418/last_model_1.pth
2026-04-04 11:14:28,906 INFO src.train.trainer: Epoch 445
2026-04-04 11:14:28,930 INFO src.train.trainer: New best validation loss: -5.5931, saved to checkpoints/etas_20260404-111418/best_model_1.pth
2026-04-04 11:14:28,932 INFO src.train.trainer: Last model at epoch 445 saved to checkpoints/etas_20260404-111418/last_model_1.pth
2026-04-04 11:14:28,932 INFO src.train.trainer: Epoch 446
2026-04-04 11:14:28,956 INFO src.train.trainer: New best validation loss: -5.5943, saved to checkpoints/etas_20260404-111418/best_model_1.pth
2026-04-04 11:14:28,957 INFO src.train.trainer: Last model at epoch 446 saved to checkpoints/etas_20260404-111418/last_model_1.pth
2026-04-04 11:14:28,957 INFO src.train.trainer: Epoch 447
2026-04-04 11:14:28,984 INFO src.train.trainer: New best validation loss: -5.5954, saved to checkpoints/etas_20260404-111418/best_model_1.pth
2026-04-04 11:14:28,986 INFO src.train.trainer: Last model at epoch 447 saved to checkpoints/etas_20260404-111418/last_model_1.pth
2026-04-04 11:14:28,986 INFO src.train.trainer: Epoch 448
2026-04-04 11:14:29,010 INFO src.train.trainer: New best validation loss: -5.5965, saved to checkpoints/etas_20260404-111418/best_model_1.pth
2026-04-04 11:14:29,012 INFO src.train.trainer: Last model at epoch 448 saved to checkpoints/etas_20260404-111418/last_model_1.pth
2026-04-04 11:14:29,012 INFO src.train.trainer: Epoch 449
2026-04-04 11:14:29,036 INFO src.train.trainer: New best validation loss: -5.5976, saved to checkpoints/etas_20260404-111418/best_model_1.pth
2026-04-04 11:14:29,038 INFO src.train.trainer: Last model at epoch 449 saved to checkpoints/etas_20260404-111418/last_model_1.pth
2026-04-04 11:14:29,038 INFO src.train.trainer: Epoch 450
2026-04-04 11:14:29,062 INFO src.train.trainer: New best validation loss: -5.5986, saved to checkpoints/etas_20260404-111418/best_model_1.pth
2026-04-04 11:14:29,064 INFO src.train.trainer: Last model at epoch 450 saved to checkpoints/etas_20260404-111418/last_model_1.pth
2026-04-04 11:14:29,064 INFO src.train.trainer: Epoch 451
2026-04-04 11:14:29,088 INFO src.train.trainer: New best validation loss: -5.5994, saved to checkpoints/etas_20260404-111418/best_model_1.pth
2026-04-04 11:14:29,090 INFO src.train.trainer: Last model at epoch 451 saved to checkpoints/etas_20260404-111418/last_model_1.pth
2026-04-04 11:14:29,090 INFO src.train.trainer: Epoch 452
2026-04-04 11:14:29,114 INFO src.train.trainer: New best validation loss: -5.6001, saved to checkpoints/etas_20260404-111418/best_model_1.pth
2026-04-04 11:14:29,115 INFO src.train.trainer: Last model at epoch 452 saved to checkpoints/etas_20260404-111418/last_model_1.pth
2026-04-04 11:14:29,115 INFO src.train.trainer: Epoch 453
2026-04-04 11:14:29,139 INFO src.train.trainer: New best validation loss: -5.6008, saved to checkpoints/etas_20260404-111418/best_model_1.pth
2026-04-04 11:14:29,140 INFO src.train.trainer: Last model at epoch 453 saved to checkpoints/etas_20260404-111418/last_model_1.pth
2026-04-04 11:14:29,140 INFO src.train.trainer: Epoch 454
2026-04-04 11:14:29,165 INFO src.train.trainer: New best validation loss: -5.6015, saved to checkpoints/etas_20260404-111418/best_model_1.pth
2026-04-04 11:14:29,166 INFO src.train.trainer: Last model at epoch 454 saved to checkpoints/etas_20260404-111418/last_model_1.pth
2026-04-04 11:14:29,166 INFO src.train.trainer: Epoch 455
2026-04-04 11:14:29,191 INFO src.train.trainer: New best validation loss: -5.6022, saved to checkpoints/etas_20260404-111418/best_model_1.pth
2026-04-04 11:14:29,192 INFO src.train.trainer: Last model at epoch 455 saved to checkpoints/etas_20260404-111418/last_model_1.pth
2026-04-04 11:14:29,192 INFO src.train.trainer: Epoch 456
2026-04-04 11:14:29,220 INFO src.train.trainer: New best validation loss: -5.6029, saved to checkpoints/etas_20260404-111418/best_model_1.pth
2026-04-04 11:14:29,221 INFO src.train.trainer: Last model at epoch 456 saved to checkpoints/etas_20260404-111418/last_model_1.pth
2026-04-04 11:14:29,221 INFO src.train.trainer: Epoch 457
2026-04-04 11:14:29,245 INFO src.train.trainer: New best validation loss: -5.6035, saved to checkpoints/etas_20260404-111418/best_model_1.pth
2026-04-04 11:14:29,247 INFO src.train.trainer: Last model at epoch 457 saved to checkpoints/etas_20260404-111418/last_model_1.pth
2026-04-04 11:14:29,247 INFO src.train.trainer: Epoch 458
2026-04-04 11:14:29,270 INFO src.train.trainer: New best validation loss: -5.6041, saved to checkpoints/etas_20260404-111418/best_model_1.pth
2026-04-04 11:14:29,272 INFO src.train.trainer: Last model at epoch 458 saved to checkpoints/etas_20260404-111418/last_model_1.pth
2026-04-04 11:14:29,272 INFO src.train.trainer: Epoch 459
2026-04-04 11:14:29,296 INFO src.train.trainer: New best validation loss: -5.6046, saved to checkpoints/etas_20260404-111418/best_model_1.pth
2026-04-04 11:14:29,297 INFO src.train.trainer: Last model at epoch 459 saved to checkpoints/etas_20260404-111418/last_model_1.pth
2026-04-04 11:14:29,297 INFO src.train.trainer: Epoch 460
2026-04-04 11:14:29,321 INFO src.train.trainer: New best validation loss: -5.6052, saved to checkpoints/etas_20260404-111418/best_model_1.pth
2026-04-04 11:14:29,322 INFO src.train.trainer: Last model at epoch 460 saved to checkpoints/etas_20260404-111418/last_model_1.pth
2026-04-04 11:14:29,322 INFO src.train.trainer: Epoch 461
2026-04-04 11:14:29,347 INFO src.train.trainer: New best validation loss: -5.6057, saved to checkpoints/etas_20260404-111418/best_model_1.pth
2026-04-04 11:14:29,348 INFO src.train.trainer: Last model at epoch 461 saved to checkpoints/etas_20260404-111418/last_model_1.pth
2026-04-04 11:14:29,348 INFO src.train.trainer: Epoch 462
2026-04-04 11:14:29,373 INFO src.train.trainer: New best validation loss: -5.6062, saved to checkpoints/etas_20260404-111418/best_model_1.pth
2026-04-04 11:14:29,374 INFO src.train.trainer: Last model at epoch 462 saved to checkpoints/etas_20260404-111418/last_model_1.pth
2026-04-04 11:14:29,374 INFO src.train.trainer: Epoch 463
2026-04-04 11:14:29,398 INFO src.train.trainer: New best validation loss: -5.6066, saved to checkpoints/etas_20260404-111418/best_model_1.pth
2026-04-04 11:14:29,400 INFO src.train.trainer: Last model at epoch 463 saved to checkpoints/etas_20260404-111418/last_model_1.pth
2026-04-04 11:14:29,400 INFO src.train.trainer: Epoch 464
2026-04-04 11:14:29,425 INFO src.train.trainer: New best validation loss: -5.6071, saved to checkpoints/etas_20260404-111418/best_model_1.pth
2026-04-04 11:14:29,426 INFO src.train.trainer: Last model at epoch 464 saved to checkpoints/etas_20260404-111418/last_model_1.pth
2026-04-04 11:14:29,426 INFO src.train.trainer: Epoch 465
2026-04-04 11:14:29,450 INFO src.train.trainer: New best validation loss: -5.6075, saved to checkpoints/etas_20260404-111418/best_model_1.pth
2026-04-04 11:14:29,451 INFO src.train.trainer: Last model at epoch 465 saved to checkpoints/etas_20260404-111418/last_model_1.pth
2026-04-04 11:14:29,452 INFO src.train.trainer: Epoch 466
2026-04-04 11:14:29,475 INFO src.train.trainer: New best validation loss: -5.6079, saved to checkpoints/etas_20260404-111418/best_model_1.pth
2026-04-04 11:14:29,476 INFO src.train.trainer: Last model at epoch 466 saved to checkpoints/etas_20260404-111418/last_model_1.pth
2026-04-04 11:14:29,477 INFO src.train.trainer: Epoch 467
2026-04-04 11:14:29,500 INFO src.train.trainer: New best validation loss: -5.6083, saved to checkpoints/etas_20260404-111418/best_model_1.pth
2026-04-04 11:14:29,502 INFO src.train.trainer: Last model at epoch 467 saved to checkpoints/etas_20260404-111418/last_model_1.pth
2026-04-04 11:14:29,502 INFO src.train.trainer: Epoch 468
2026-04-04 11:14:29,525 INFO src.train.trainer: New best validation loss: -5.6086, saved to checkpoints/etas_20260404-111418/best_model_1.pth
2026-04-04 11:14:29,527 INFO src.train.trainer: Last model at epoch 468 saved to checkpoints/etas_20260404-111418/last_model_1.pth
2026-04-04 11:14:29,527 INFO src.train.trainer: Epoch 469
2026-04-04 11:14:29,550 INFO src.train.trainer: New best validation loss: -5.6089, saved to checkpoints/etas_20260404-111418/best_model_1.pth
2026-04-04 11:14:29,552 INFO src.train.trainer: Last model at epoch 469 saved to checkpoints/etas_20260404-111418/last_model_1.pth
2026-04-04 11:14:29,552 INFO src.train.trainer: Epoch 470
2026-04-04 11:14:29,576 INFO src.train.trainer: New best validation loss: -5.6092, saved to checkpoints/etas_20260404-111418/best_model_1.pth
2026-04-04 11:14:29,577 INFO src.train.trainer: Last model at epoch 470 saved to checkpoints/etas_20260404-111418/last_model_1.pth
2026-04-04 11:14:29,577 INFO src.train.trainer: Epoch 471
2026-04-04 11:14:29,601 INFO src.train.trainer: New best validation loss: -5.6095, saved to checkpoints/etas_20260404-111418/best_model_1.pth
2026-04-04 11:14:29,602 INFO src.train.trainer: Last model at epoch 471 saved to checkpoints/etas_20260404-111418/last_model_1.pth
2026-04-04 11:14:29,602 INFO src.train.trainer: Epoch 472
2026-04-04 11:14:29,628 INFO src.train.trainer: New best validation loss: -5.6097, saved to checkpoints/etas_20260404-111418/best_model_1.pth
2026-04-04 11:14:29,630 INFO src.train.trainer: Last model at epoch 472 saved to checkpoints/etas_20260404-111418/last_model_1.pth
2026-04-04 11:14:29,630 INFO src.train.trainer: Epoch 473
2026-04-04 11:14:29,654 INFO src.train.trainer: New best validation loss: -5.6100, saved to checkpoints/etas_20260404-111418/best_model_1.pth
2026-04-04 11:14:29,656 INFO src.train.trainer: Last model at epoch 473 saved to checkpoints/etas_20260404-111418/last_model_1.pth
2026-04-04 11:14:29,656 INFO src.train.trainer: Epoch 474
2026-04-04 11:14:29,680 INFO src.train.trainer: New best validation loss: -5.6102, saved to checkpoints/etas_20260404-111418/best_model_1.pth
2026-04-04 11:14:29,682 INFO src.train.trainer: Last model at epoch 474 saved to checkpoints/etas_20260404-111418/last_model_1.pth
2026-04-04 11:14:29,682 INFO src.train.trainer: Epoch 475
2026-04-04 11:14:29,706 INFO src.train.trainer: New best validation loss: -5.6104, saved to checkpoints/etas_20260404-111418/best_model_1.pth
2026-04-04 11:14:29,707 INFO src.train.trainer: Last model at epoch 475 saved to checkpoints/etas_20260404-111418/last_model_1.pth
2026-04-04 11:14:29,707 INFO src.train.trainer: Epoch 476
2026-04-04 11:14:29,731 INFO src.train.trainer: New best validation loss: -5.6105, saved to checkpoints/etas_20260404-111418/best_model_1.pth
2026-04-04 11:14:29,733 INFO src.train.trainer: Last model at epoch 476 saved to checkpoints/etas_20260404-111418/last_model_1.pth
2026-04-04 11:14:29,733 INFO src.train.trainer: Epoch 477
2026-04-04 11:14:29,756 INFO src.train.trainer: New best validation loss: -5.6107, saved to checkpoints/etas_20260404-111418/best_model_1.pth
2026-04-04 11:14:29,758 INFO src.train.trainer: Last model at epoch 477 saved to checkpoints/etas_20260404-111418/last_model_1.pth
2026-04-04 11:14:29,758 INFO src.train.trainer: Epoch 478
2026-04-04 11:14:29,781 INFO src.train.trainer: New best validation loss: -5.6108, saved to checkpoints/etas_20260404-111418/best_model_1.pth
2026-04-04 11:14:29,783 INFO src.train.trainer: Last model at epoch 478 saved to checkpoints/etas_20260404-111418/last_model_1.pth
2026-04-04 11:14:29,783 INFO src.train.trainer: Epoch 479
2026-04-04 11:14:29,807 INFO src.train.trainer: New best validation loss: -5.6109, saved to checkpoints/etas_20260404-111418/best_model_1.pth
2026-04-04 11:14:29,809 INFO src.train.trainer: Last model at epoch 479 saved to checkpoints/etas_20260404-111418/last_model_1.pth
2026-04-04 11:14:29,809 INFO src.train.trainer: Epoch 480
2026-04-04 11:14:29,833 INFO src.train.trainer: New best validation loss: -5.6110, saved to checkpoints/etas_20260404-111418/best_model_1.pth
2026-04-04 11:14:29,835 INFO src.train.trainer: Last model at epoch 480 saved to checkpoints/etas_20260404-111418/last_model_1.pth
2026-04-04 11:14:29,835 INFO src.train.trainer: Epoch 481
2026-04-04 11:14:29,859 INFO src.train.trainer: New best validation loss: -5.6110, saved to checkpoints/etas_20260404-111418/best_model_1.pth
2026-04-04 11:14:29,860 INFO src.train.trainer: Last model at epoch 481 saved to checkpoints/etas_20260404-111418/last_model_1.pth
2026-04-04 11:14:29,860 INFO src.train.trainer: Epoch 482
2026-04-04 11:14:29,884 INFO src.train.trainer: New best validation loss: -5.6111, saved to checkpoints/etas_20260404-111418/best_model_1.pth
2026-04-04 11:14:29,886 INFO src.train.trainer: Last model at epoch 482 saved to checkpoints/etas_20260404-111418/last_model_1.pth
2026-04-04 11:14:29,886 INFO src.train.trainer: Epoch 483
2026-04-04 11:14:29,911 INFO src.train.trainer: New best validation loss: -5.6111, saved to checkpoints/etas_20260404-111418/best_model_1.pth
2026-04-04 11:14:29,912 INFO src.train.trainer: Last model at epoch 483 saved to checkpoints/etas_20260404-111418/last_model_1.pth
2026-04-04 11:14:29,912 INFO src.train.trainer: Epoch 484
2026-04-04 11:14:29,936 INFO src.train.trainer: Last model at epoch 484 saved to checkpoints/etas_20260404-111418/last_model_1.pth
2026-04-04 11:14:29,936 INFO src.train.trainer: Epoch 485
2026-04-04 11:14:29,960 INFO src.train.trainer: Last model at epoch 485 saved to checkpoints/etas_20260404-111418/last_model_1.pth
2026-04-04 11:14:29,960 INFO src.train.trainer: Epoch 486
2026-04-04 11:14:29,984 INFO src.train.trainer: Last model at epoch 486 saved to checkpoints/etas_20260404-111418/last_model_1.pth
2026-04-04 11:14:29,984 INFO src.train.trainer: Epoch 487
2026-04-04 11:14:30,009 INFO src.train.trainer: Last model at epoch 487 saved to checkpoints/etas_20260404-111418/last_model_1.pth
2026-04-04 11:14:30,009 INFO src.train.trainer: Epoch 488
2026-04-04 11:14:30,035 INFO src.train.trainer: Last model at epoch 488 saved to checkpoints/etas_20260404-111418/last_model_1.pth
2026-04-04 11:14:30,036 INFO src.train.trainer: Epoch 489
2026-04-04 11:14:30,061 INFO src.train.trainer: Last model at epoch 489 saved to checkpoints/etas_20260404-111418/last_model_1.pth
2026-04-04 11:14:30,062 INFO src.train.trainer: Epoch 490
2026-04-04 11:14:30,087 INFO src.train.trainer: Last model at epoch 490 saved to checkpoints/etas_20260404-111418/last_model_1.pth
2026-04-04 11:14:30,087 INFO src.train.trainer: Epoch 491
2026-04-04 11:14:30,112 INFO src.train.trainer: Last model at epoch 491 saved to checkpoints/etas_20260404-111418/last_model_1.pth
2026-04-04 11:14:30,112 INFO src.train.trainer: Epoch 492
2026-04-04 11:14:30,136 INFO src.train.trainer: Last model at epoch 492 saved to checkpoints/etas_20260404-111418/last_model_1.pth
2026-04-04 11:14:30,137 INFO src.train.trainer: Epoch 493
2026-04-04 11:14:30,161 INFO src.train.trainer: Last model at epoch 493 saved to checkpoints/etas_20260404-111418/last_model_1.pth
2026-04-04 11:14:30,161 INFO src.train.trainer: Epoch 494
2026-04-04 11:14:30,186 INFO src.train.trainer: Last model at epoch 494 saved to checkpoints/etas_20260404-111418/last_model_1.pth
2026-04-04 11:14:30,186 INFO src.train.trainer: Epoch 495
2026-04-04 11:14:30,211 INFO src.train.trainer: Last model at epoch 495 saved to checkpoints/etas_20260404-111418/last_model_1.pth
2026-04-04 11:14:30,212 INFO src.train.trainer: Epoch 496
2026-04-04 11:14:30,237 INFO src.train.trainer: Last model at epoch 496 saved to checkpoints/etas_20260404-111418/last_model_1.pth
2026-04-04 11:14:30,237 INFO src.train.trainer: Epoch 497
2026-04-04 11:14:30,261 INFO src.train.trainer: Last model at epoch 497 saved to checkpoints/etas_20260404-111418/last_model_1.pth
2026-04-04 11:14:30,261 INFO src.train.trainer: Epoch 498
2026-04-04 11:14:30,285 INFO src.train.trainer: Last model at epoch 498 saved to checkpoints/etas_20260404-111418/last_model_1.pth
2026-04-04 11:14:30,285 INFO src.train.trainer: Epoch 499
2026-04-04 11:14:30,305 INFO src.train.trainer: Last model at epoch 499 saved to checkpoints/etas_20260404-111418/last_model_1.pth
2026-04-04 11:14:30,305 INFO src.train.trainer: Epoch 500
2026-04-04 11:14:30,326 INFO src.train.trainer: Last model at epoch 500 saved to checkpoints/etas_20260404-111418/last_model_1.pth
2026-04-04 11:14:30,326 INFO src.train.trainer: Epoch 501
2026-04-04 11:14:30,346 INFO src.train.trainer: Last model at epoch 501 saved to checkpoints/etas_20260404-111418/last_model_1.pth
2026-04-04 11:14:30,346 INFO src.train.trainer: Epoch 502
2026-04-04 11:14:30,367 INFO src.train.trainer: Last model at epoch 502 saved to checkpoints/etas_20260404-111418/last_model_1.pth
2026-04-04 11:14:30,367 INFO src.train.trainer: Epoch 503
2026-04-04 11:14:30,386 INFO src.train.trainer: Last model at epoch 503 saved to checkpoints/etas_20260404-111418/last_model_1.pth
2026-04-04 11:14:30,386 INFO src.train.trainer: Epoch 504
2026-04-04 11:14:30,407 INFO src.train.trainer: Last model at epoch 504 saved to checkpoints/etas_20260404-111418/last_model_1.pth
2026-04-04 11:14:30,407 INFO src.train.trainer: Epoch 505
2026-04-04 11:14:30,427 INFO src.train.trainer: Last model at epoch 505 saved to checkpoints/etas_20260404-111418/last_model_1.pth
2026-04-04 11:14:30,427 INFO src.train.trainer: Epoch 506
2026-04-04 11:14:30,450 INFO src.train.trainer: Last model at epoch 506 saved to checkpoints/etas_20260404-111418/last_model_1.pth
2026-04-04 11:14:30,451 INFO src.train.trainer: Epoch 507
2026-04-04 11:14:30,472 INFO src.train.trainer: Last model at epoch 507 saved to checkpoints/etas_20260404-111418/last_model_1.pth
2026-04-04 11:14:30,473 INFO src.train.trainer: Epoch 508
2026-04-04 11:14:30,511 INFO src.train.trainer: Last model at epoch 508 saved to checkpoints/etas_20260404-111418/last_model_1.pth
2026-04-04 11:14:30,511 INFO src.train.trainer: Epoch 509
2026-04-04 11:14:30,539 INFO src.train.trainer: Last model at epoch 509 saved to checkpoints/etas_20260404-111418/last_model_1.pth
2026-04-04 11:14:30,539 INFO src.train.trainer: Epoch 510
2026-04-04 11:14:30,563 INFO src.train.trainer: Last model at epoch 510 saved to checkpoints/etas_20260404-111418/last_model_1.pth
2026-04-04 11:14:30,563 INFO src.train.trainer: Epoch 511
2026-04-04 11:14:30,612 INFO src.train.trainer: Last model at epoch 511 saved to checkpoints/etas_20260404-111418/last_model_1.pth
2026-04-04 11:14:30,612 INFO src.train.trainer: Epoch 512
2026-04-04 11:14:30,634 INFO src.train.trainer: Last model at epoch 512 saved to checkpoints/etas_20260404-111418/last_model_1.pth
2026-04-04 11:14:30,634 INFO src.train.trainer: Epoch 513
2026-04-04 11:14:30,654 INFO src.train.trainer: Last model at epoch 513 saved to checkpoints/etas_20260404-111418/last_model_1.pth
2026-04-04 11:14:30,654 INFO src.train.trainer: Epoch 514
2026-04-04 11:14:30,673 INFO src.train.trainer: Last model at epoch 514 saved to checkpoints/etas_20260404-111418/last_model_1.pth
2026-04-04 11:14:30,673 INFO src.train.trainer: Epoch 515
2026-04-04 11:14:30,719 INFO src.train.trainer: Last model at epoch 515 saved to checkpoints/etas_20260404-111418/last_model_1.pth
2026-04-04 11:14:30,719 INFO src.train.trainer: Epoch 516
2026-04-04 11:14:30,739 INFO src.train.trainer: Last model at epoch 516 saved to checkpoints/etas_20260404-111418/last_model_1.pth
2026-04-04 11:14:30,739 INFO src.train.trainer: Epoch 517
2026-04-04 11:14:30,759 INFO src.train.trainer: Last model at epoch 517 saved to checkpoints/etas_20260404-111418/last_model_1.pth
2026-04-04 11:14:30,759 INFO src.train.trainer: Epoch 518
2026-04-04 11:14:30,780 INFO src.train.trainer: Last model at epoch 518 saved to checkpoints/etas_20260404-111418/last_model_1.pth
2026-04-04 11:14:30,780 INFO src.train.trainer: Epoch 519
2026-04-04 11:14:30,802 INFO src.train.trainer: Last model at epoch 519 saved to checkpoints/etas_20260404-111418/last_model_1.pth
2026-04-04 11:14:30,802 INFO src.train.trainer: Epoch 520
2026-04-04 11:14:30,830 INFO src.train.trainer: Last model at epoch 520 saved to checkpoints/etas_20260404-111418/last_model_1.pth
2026-04-04 11:14:30,830 INFO src.train.trainer: Epoch 521
2026-04-04 11:14:30,855 INFO src.train.trainer: Last model at epoch 521 saved to checkpoints/etas_20260404-111418/last_model_1.pth
2026-04-04 11:14:30,855 INFO src.train.trainer: Epoch 522
2026-04-04 11:14:30,880 INFO src.train.trainer: Last model at epoch 522 saved to checkpoints/etas_20260404-111418/last_model_1.pth
2026-04-04 11:14:30,881 INFO src.train.trainer: Epoch 523
2026-04-04 11:14:30,908 INFO src.train.trainer: Last model at epoch 523 saved to checkpoints/etas_20260404-111418/last_model_1.pth
2026-04-04 11:14:30,908 INFO src.train.trainer: Epoch 524
2026-04-04 11:14:30,932 INFO src.train.trainer: Last model at epoch 524 saved to checkpoints/etas_20260404-111418/last_model_1.pth
2026-04-04 11:14:30,932 INFO src.train.trainer: Epoch 525
2026-04-04 11:14:30,957 INFO src.train.trainer: Last model at epoch 525 saved to checkpoints/etas_20260404-111418/last_model_1.pth
2026-04-04 11:14:30,957 INFO src.train.trainer: Epoch 526
2026-04-04 11:14:30,982 INFO src.train.trainer: Last model at epoch 526 saved to checkpoints/etas_20260404-111418/last_model_1.pth
2026-04-04 11:14:30,982 INFO src.train.trainer: Epoch 527
2026-04-04 11:14:31,007 INFO src.train.trainer: Last model at epoch 527 saved to checkpoints/etas_20260404-111418/last_model_1.pth
2026-04-04 11:14:31,007 INFO src.train.trainer: Epoch 528
2026-04-04 11:14:31,032 INFO src.train.trainer: Last model at epoch 528 saved to checkpoints/etas_20260404-111418/last_model_1.pth
2026-04-04 11:14:31,032 INFO src.train.trainer: Epoch 529
2026-04-04 11:14:31,057 INFO src.train.trainer: Last model at epoch 529 saved to checkpoints/etas_20260404-111418/last_model_1.pth
2026-04-04 11:14:31,057 INFO src.train.trainer: Epoch 530
2026-04-04 11:14:31,083 INFO src.train.trainer: Last model at epoch 530 saved to checkpoints/etas_20260404-111418/last_model_1.pth
2026-04-04 11:14:31,083 INFO src.train.trainer: Epoch 531
2026-04-04 11:14:31,108 INFO src.train.trainer: Last model at epoch 531 saved to checkpoints/etas_20260404-111418/last_model_1.pth
2026-04-04 11:14:31,108 INFO src.train.trainer: Epoch 532
2026-04-04 11:14:31,133 INFO src.train.trainer: Last model at epoch 532 saved to checkpoints/etas_20260404-111418/last_model_1.pth
2026-04-04 11:14:31,134 INFO src.train.trainer: Epoch 533
2026-04-04 11:14:31,158 INFO src.train.trainer: Last model at epoch 533 saved to checkpoints/etas_20260404-111418/last_model_1.pth
2026-04-04 11:14:31,158 INFO src.train.trainer: Epoch 534
2026-04-04 11:14:31,184 INFO src.train.trainer: Last model at epoch 534 saved to checkpoints/etas_20260404-111418/last_model_1.pth
2026-04-04 11:14:31,184 INFO src.train.trainer: Epoch 535
2026-04-04 11:14:31,209 INFO src.train.trainer: Last model at epoch 535 saved to checkpoints/etas_20260404-111418/last_model_1.pth
2026-04-04 11:14:31,209 INFO src.train.trainer: Epoch 536
2026-04-04 11:14:31,235 INFO src.train.trainer: Last model at epoch 536 saved to checkpoints/etas_20260404-111418/last_model_1.pth
2026-04-04 11:14:31,235 INFO src.train.trainer: Epoch 537
2026-04-04 11:14:31,259 INFO src.train.trainer: Last model at epoch 537 saved to checkpoints/etas_20260404-111418/last_model_1.pth
2026-04-04 11:14:31,259 INFO src.train.trainer: Epoch 538
2026-04-04 11:14:31,284 INFO src.train.trainer: Last model at epoch 538 saved to checkpoints/etas_20260404-111418/last_model_1.pth
2026-04-04 11:14:31,284 INFO src.train.trainer: Epoch 539
2026-04-04 11:14:31,309 INFO src.train.trainer: Last model at epoch 539 saved to checkpoints/etas_20260404-111418/last_model_1.pth
2026-04-04 11:14:31,309 INFO src.train.trainer: Epoch 540
2026-04-04 11:14:31,334 INFO src.train.trainer: Last model at epoch 540 saved to checkpoints/etas_20260404-111418/last_model_1.pth
2026-04-04 11:14:31,334 INFO src.train.trainer: Epoch 541
2026-04-04 11:14:31,359 INFO src.train.trainer: Last model at epoch 541 saved to checkpoints/etas_20260404-111418/last_model_1.pth
2026-04-04 11:14:31,359 INFO src.train.trainer: Epoch 542
2026-04-04 11:14:31,384 INFO src.train.trainer: Last model at epoch 542 saved to checkpoints/etas_20260404-111418/last_model_1.pth
2026-04-04 11:14:31,384 INFO src.train.trainer: Epoch 543
2026-04-04 11:14:31,409 INFO src.train.trainer: Last model at epoch 543 saved to checkpoints/etas_20260404-111418/last_model_1.pth
2026-04-04 11:14:31,409 INFO src.train.trainer: Epoch 544
2026-04-04 11:14:31,434 INFO src.train.trainer: Last model at epoch 544 saved to checkpoints/etas_20260404-111418/last_model_1.pth
2026-04-04 11:14:31,434 INFO src.train.trainer: Epoch 545
2026-04-04 11:14:31,462 INFO src.train.trainer: Last model at epoch 545 saved to checkpoints/etas_20260404-111418/last_model_1.pth
2026-04-04 11:14:31,463 INFO src.train.trainer: Epoch 546
2026-04-04 11:14:31,488 INFO src.train.trainer: Last model at epoch 546 saved to checkpoints/etas_20260404-111418/last_model_1.pth
2026-04-04 11:14:31,488 INFO src.train.trainer: Epoch 547
2026-04-04 11:14:31,512 INFO src.train.trainer: Last model at epoch 547 saved to checkpoints/etas_20260404-111418/last_model_1.pth
2026-04-04 11:14:31,512 INFO src.train.trainer: Epoch 548
2026-04-04 11:14:31,536 INFO src.train.trainer: Last model at epoch 548 saved to checkpoints/etas_20260404-111418/last_model_1.pth
2026-04-04 11:14:31,537 INFO src.train.trainer: Epoch 549
2026-04-04 11:14:31,558 INFO src.train.trainer: Last model at epoch 549 saved to checkpoints/etas_20260404-111418/last_model_1.pth
2026-04-04 11:14:31,558 INFO src.train.trainer: Epoch 550
2026-04-04 11:14:31,578 INFO src.train.trainer: Last model at epoch 550 saved to checkpoints/etas_20260404-111418/last_model_1.pth
2026-04-04 11:14:31,578 INFO src.train.trainer: Epoch 551
2026-04-04 11:14:31,600 INFO src.train.trainer: Last model at epoch 551 saved to checkpoints/etas_20260404-111418/last_model_1.pth
2026-04-04 11:14:31,600 INFO src.train.trainer: Epoch 552
2026-04-04 11:14:31,623 INFO src.train.trainer: Last model at epoch 552 saved to checkpoints/etas_20260404-111418/last_model_1.pth
2026-04-04 11:14:31,623 INFO src.train.trainer: Epoch 553
2026-04-04 11:14:31,649 INFO src.train.trainer: Last model at epoch 553 saved to checkpoints/etas_20260404-111418/last_model_1.pth
2026-04-04 11:14:31,649 INFO src.train.trainer: Epoch 554
2026-04-04 11:14:31,674 INFO src.train.trainer: Last model at epoch 554 saved to checkpoints/etas_20260404-111418/last_model_1.pth
2026-04-04 11:14:31,674 INFO src.train.trainer: Epoch 555
2026-04-04 11:14:31,699 INFO src.train.trainer: Last model at epoch 555 saved to checkpoints/etas_20260404-111418/last_model_1.pth
2026-04-04 11:14:31,699 INFO src.train.trainer: Epoch 556
2026-04-04 11:14:31,723 INFO src.train.trainer: Last model at epoch 556 saved to checkpoints/etas_20260404-111418/last_model_1.pth
2026-04-04 11:14:31,723 INFO src.train.trainer: Epoch 557
2026-04-04 11:14:31,748 INFO src.train.trainer: Last model at epoch 557 saved to checkpoints/etas_20260404-111418/last_model_1.pth
2026-04-04 11:14:31,749 INFO src.train.trainer: Epoch 558
2026-04-04 11:14:31,774 INFO src.train.trainer: Last model at epoch 558 saved to checkpoints/etas_20260404-111418/last_model_1.pth
2026-04-04 11:14:31,774 INFO src.train.trainer: Epoch 559
2026-04-04 11:14:31,802 INFO src.train.trainer: Last model at epoch 559 saved to checkpoints/etas_20260404-111418/last_model_1.pth
2026-04-04 11:14:31,802 INFO src.train.trainer: Epoch 560
2026-04-04 11:14:31,827 INFO src.train.trainer: Last model at epoch 560 saved to checkpoints/etas_20260404-111418/last_model_1.pth
2026-04-04 11:14:31,827 INFO src.train.trainer: Epoch 561
2026-04-04 11:14:31,851 INFO src.train.trainer: Last model at epoch 561 saved to checkpoints/etas_20260404-111418/last_model_1.pth
2026-04-04 11:14:31,851 INFO src.train.trainer: Epoch 562
2026-04-04 11:14:31,876 INFO src.train.trainer: Last model at epoch 562 saved to checkpoints/etas_20260404-111418/last_model_1.pth
2026-04-04 11:14:31,876 INFO src.train.trainer: Epoch 563
2026-04-04 11:14:31,901 INFO src.train.trainer: Last model at epoch 563 saved to checkpoints/etas_20260404-111418/last_model_1.pth
2026-04-04 11:14:31,901 INFO src.train.trainer: Epoch 564
2026-04-04 11:14:31,926 INFO src.train.trainer: Last model at epoch 564 saved to checkpoints/etas_20260404-111418/last_model_1.pth
2026-04-04 11:14:31,926 INFO src.train.trainer: Epoch 565
2026-04-04 11:14:31,950 INFO src.train.trainer: Last model at epoch 565 saved to checkpoints/etas_20260404-111418/last_model_1.pth
2026-04-04 11:14:31,950 INFO src.train.trainer: Epoch 566
2026-04-04 11:14:31,973 INFO src.train.trainer: Last model at epoch 566 saved to checkpoints/etas_20260404-111418/last_model_1.pth
2026-04-04 11:14:31,974 INFO src.train.trainer: Epoch 567
2026-04-04 11:14:31,997 INFO src.train.trainer: Last model at epoch 567 saved to checkpoints/etas_20260404-111418/last_model_1.pth
2026-04-04 11:14:31,998 INFO src.train.trainer: Epoch 568
2026-04-04 11:14:32,023 INFO src.train.trainer: Last model at epoch 568 saved to checkpoints/etas_20260404-111418/last_model_1.pth
2026-04-04 11:14:32,023 INFO src.train.trainer: Epoch 569
2026-04-04 11:14:32,045 INFO src.train.trainer: Last model at epoch 569 saved to checkpoints/etas_20260404-111418/last_model_1.pth
2026-04-04 11:14:32,045 INFO src.train.trainer: Epoch 570
2026-04-04 11:14:32,066 INFO src.train.trainer: Last model at epoch 570 saved to checkpoints/etas_20260404-111418/last_model_1.pth
2026-04-04 11:14:32,066 INFO src.train.trainer: Epoch 571
2026-04-04 11:14:32,086 INFO src.train.trainer: Last model at epoch 571 saved to checkpoints/etas_20260404-111418/last_model_1.pth
2026-04-04 11:14:32,086 INFO src.train.trainer: Epoch 572
2026-04-04 11:14:32,110 INFO src.train.trainer: Last model at epoch 572 saved to checkpoints/etas_20260404-111418/last_model_1.pth
2026-04-04 11:14:32,110 INFO src.train.trainer: Epoch 573
2026-04-04 11:14:32,133 INFO src.train.trainer: Last model at epoch 573 saved to checkpoints/etas_20260404-111418/last_model_1.pth
2026-04-04 11:14:32,133 INFO src.train.trainer: Epoch 574
2026-04-04 11:14:32,157 INFO src.train.trainer: Last model at epoch 574 saved to checkpoints/etas_20260404-111418/last_model_1.pth
2026-04-04 11:14:32,157 INFO src.train.trainer: Epoch 575
2026-04-04 11:14:32,180 INFO src.train.trainer: Last model at epoch 575 saved to checkpoints/etas_20260404-111418/last_model_1.pth
2026-04-04 11:14:32,180 INFO src.train.trainer: Epoch 576
2026-04-04 11:14:32,204 INFO src.train.trainer: Last model at epoch 576 saved to checkpoints/etas_20260404-111418/last_model_1.pth
2026-04-04 11:14:32,204 INFO src.train.trainer: Epoch 577
2026-04-04 11:14:32,228 INFO src.train.trainer: Last model at epoch 577 saved to checkpoints/etas_20260404-111418/last_model_1.pth
2026-04-04 11:14:32,228 INFO src.train.trainer: Epoch 578
2026-04-04 11:14:32,252 INFO src.train.trainer: Last model at epoch 578 saved to checkpoints/etas_20260404-111418/last_model_1.pth
2026-04-04 11:14:32,252 INFO src.train.trainer: Epoch 579
2026-04-04 11:14:32,277 INFO src.train.trainer: Last model at epoch 579 saved to checkpoints/etas_20260404-111418/last_model_1.pth
2026-04-04 11:14:32,277 INFO src.train.trainer: Epoch 580
2026-04-04 11:14:32,301 INFO src.train.trainer: Last model at epoch 580 saved to checkpoints/etas_20260404-111418/last_model_1.pth
2026-04-04 11:14:32,301 INFO src.train.trainer: Epoch 581
2026-04-04 11:14:32,324 INFO src.train.trainer: Last model at epoch 581 saved to checkpoints/etas_20260404-111418/last_model_1.pth
2026-04-04 11:14:32,325 INFO src.train.trainer: Epoch 582
2026-04-04 11:14:32,348 INFO src.train.trainer: Last model at epoch 582 saved to checkpoints/etas_20260404-111418/last_model_1.pth
2026-04-04 11:14:32,349 INFO src.train.trainer: Epoch 583
2026-04-04 11:14:32,373 INFO src.train.trainer: Last model at epoch 583 saved to checkpoints/etas_20260404-111418/last_model_1.pth
2026-04-04 11:14:32,373 INFO src.train.trainer: Epoch 584
2026-04-04 11:14:32,397 INFO src.train.trainer: Last model at epoch 584 saved to checkpoints/etas_20260404-111418/last_model_1.pth
2026-04-04 11:14:32,397 INFO src.train.trainer: Epoch 585
2026-04-04 11:14:32,420 INFO src.train.trainer: Last model at epoch 585 saved to checkpoints/etas_20260404-111418/last_model_1.pth
2026-04-04 11:14:32,420 INFO src.train.trainer: Epoch 586
2026-04-04 11:14:32,446 INFO src.train.trainer: Last model at epoch 586 saved to checkpoints/etas_20260404-111418/last_model_1.pth
2026-04-04 11:14:32,446 INFO src.train.trainer: Epoch 587
2026-04-04 11:14:32,470 INFO src.train.trainer: Last model at epoch 587 saved to checkpoints/etas_20260404-111418/last_model_1.pth
2026-04-04 11:14:32,470 INFO src.train.trainer: Epoch 588
2026-04-04 11:14:32,494 INFO src.train.trainer: Last model at epoch 588 saved to checkpoints/etas_20260404-111418/last_model_1.pth
2026-04-04 11:14:32,494 INFO src.train.trainer: Epoch 589
2026-04-04 11:14:32,517 INFO src.train.trainer: Last model at epoch 589 saved to checkpoints/etas_20260404-111418/last_model_1.pth
2026-04-04 11:14:32,518 INFO src.train.trainer: Epoch 590
2026-04-04 11:14:32,541 INFO src.train.trainer: Last model at epoch 590 saved to checkpoints/etas_20260404-111418/last_model_1.pth
2026-04-04 11:14:32,541 INFO src.train.trainer: Epoch 591
2026-04-04 11:14:32,565 INFO src.train.trainer: Last model at epoch 591 saved to checkpoints/etas_20260404-111418/last_model_1.pth
2026-04-04 11:14:32,565 INFO src.train.trainer: Epoch 592
2026-04-04 11:14:32,588 INFO src.train.trainer: Last model at epoch 592 saved to checkpoints/etas_20260404-111418/last_model_1.pth
2026-04-04 11:14:32,588 INFO src.train.trainer: Epoch 593
2026-04-04 11:14:32,612 INFO src.train.trainer: Last model at epoch 593 saved to checkpoints/etas_20260404-111418/last_model_1.pth
2026-04-04 11:14:32,613 INFO src.train.trainer: Epoch 594
2026-04-04 11:14:32,636 INFO src.train.trainer: Last model at epoch 594 saved to checkpoints/etas_20260404-111418/last_model_1.pth
2026-04-04 11:14:32,637 INFO src.train.trainer: Epoch 595
2026-04-04 11:14:32,660 INFO src.train.trainer: Last model at epoch 595 saved to checkpoints/etas_20260404-111418/last_model_1.pth
2026-04-04 11:14:32,660 INFO src.train.trainer: Epoch 596
2026-04-04 11:14:32,684 INFO src.train.trainer: Last model at epoch 596 saved to checkpoints/etas_20260404-111418/last_model_1.pth
2026-04-04 11:14:32,684 INFO src.train.trainer: Epoch 597
2026-04-04 11:14:32,710 INFO src.train.trainer: Last model at epoch 597 saved to checkpoints/etas_20260404-111418/last_model_1.pth
2026-04-04 11:14:32,710 INFO src.train.trainer: Epoch 598
2026-04-04 11:14:32,734 INFO src.train.trainer: Last model at epoch 598 saved to checkpoints/etas_20260404-111418/last_model_1.pth
2026-04-04 11:14:32,734 INFO src.train.trainer: Epoch 599
2026-04-04 11:14:32,759 INFO src.train.trainer: Last model at epoch 599 saved to checkpoints/etas_20260404-111418/last_model_1.pth
2026-04-04 11:14:32,759 INFO src.train.trainer: Epoch 600
2026-04-04 11:14:32,783 INFO src.train.trainer: Last model at epoch 600 saved to checkpoints/etas_20260404-111418/last_model_1.pth
2026-04-04 11:14:32,783 INFO src.train.trainer: Epoch 601
2026-04-04 11:14:32,807 INFO src.train.trainer: Last model at epoch 601 saved to checkpoints/etas_20260404-111418/last_model_1.pth
2026-04-04 11:14:32,807 INFO src.train.trainer: Epoch 602
2026-04-04 11:14:32,830 INFO src.train.trainer: Last model at epoch 602 saved to checkpoints/etas_20260404-111418/last_model_1.pth
2026-04-04 11:14:32,830 INFO src.train.trainer: Epoch 603
2026-04-04 11:14:32,855 INFO src.train.trainer: Last model at epoch 603 saved to checkpoints/etas_20260404-111418/last_model_1.pth
2026-04-04 11:14:32,855 INFO src.train.trainer: Epoch 604
2026-04-04 11:14:32,879 INFO src.train.trainer: Last model at epoch 604 saved to checkpoints/etas_20260404-111418/last_model_1.pth
2026-04-04 11:14:32,879 INFO src.train.trainer: Epoch 605
2026-04-04 11:14:32,903 INFO src.train.trainer: Last model at epoch 605 saved to checkpoints/etas_20260404-111418/last_model_1.pth
2026-04-04 11:14:32,903 INFO src.train.trainer: Epoch 606
2026-04-04 11:14:32,934 INFO src.train.trainer: Last model at epoch 606 saved to checkpoints/etas_20260404-111418/last_model_1.pth
2026-04-04 11:14:32,934 INFO src.train.trainer: Epoch 607
2026-04-04 11:14:32,958 INFO src.train.trainer: Last model at epoch 607 saved to checkpoints/etas_20260404-111418/last_model_1.pth
2026-04-04 11:14:32,958 INFO src.train.trainer: Epoch 608
2026-04-04 11:14:32,978 INFO src.train.trainer: Last model at epoch 608 saved to checkpoints/etas_20260404-111418/last_model_1.pth
2026-04-04 11:14:32,979 INFO src.train.trainer: Epoch 609
2026-04-04 11:14:33,002 INFO src.train.trainer: Last model at epoch 609 saved to checkpoints/etas_20260404-111418/last_model_1.pth
2026-04-04 11:14:33,002 INFO src.train.trainer: Epoch 610
2026-04-04 11:14:33,026 INFO src.train.trainer: Last model at epoch 610 saved to checkpoints/etas_20260404-111418/last_model_1.pth
2026-04-04 11:14:33,026 INFO src.train.trainer: Epoch 611
2026-04-04 11:14:33,050 INFO src.train.trainer: Last model at epoch 611 saved to checkpoints/etas_20260404-111418/last_model_1.pth
2026-04-04 11:14:33,050 INFO src.train.trainer: Epoch 612
2026-04-04 11:14:33,073 INFO src.train.trainer: Last model at epoch 612 saved to checkpoints/etas_20260404-111418/last_model_1.pth
2026-04-04 11:14:33,074 INFO src.train.trainer: Epoch 613
2026-04-04 11:14:33,097 INFO src.train.trainer: Last model at epoch 613 saved to checkpoints/etas_20260404-111418/last_model_1.pth
2026-04-04 11:14:33,097 INFO src.train.trainer: Epoch 614
2026-04-04 11:14:33,120 INFO src.train.trainer: Last model at epoch 614 saved to checkpoints/etas_20260404-111418/last_model_1.pth
2026-04-04 11:14:33,121 INFO src.train.trainer: Epoch 615
2026-04-04 11:14:33,146 INFO src.train.trainer: Last model at epoch 615 saved to checkpoints/etas_20260404-111418/last_model_1.pth
2026-04-04 11:14:33,146 INFO src.train.trainer: Epoch 616
2026-04-04 11:14:33,170 INFO src.train.trainer: Last model at epoch 616 saved to checkpoints/etas_20260404-111418/last_model_1.pth
2026-04-04 11:14:33,170 INFO src.train.trainer: Epoch 617
2026-04-04 11:14:33,193 INFO src.train.trainer: Last model at epoch 617 saved to checkpoints/etas_20260404-111418/last_model_1.pth
2026-04-04 11:14:33,193 INFO src.train.trainer: Epoch 618
2026-04-04 11:14:33,217 INFO src.train.trainer: Last model at epoch 618 saved to checkpoints/etas_20260404-111418/last_model_1.pth
2026-04-04 11:14:33,217 INFO src.train.trainer: Epoch 619
2026-04-04 11:14:33,242 INFO src.train.trainer: Last model at epoch 619 saved to checkpoints/etas_20260404-111418/last_model_1.pth
2026-04-04 11:14:33,242 INFO src.train.trainer: Epoch 620
2026-04-04 11:14:33,266 INFO src.train.trainer: Last model at epoch 620 saved to checkpoints/etas_20260404-111418/last_model_1.pth
2026-04-04 11:14:33,266 INFO src.train.trainer: Epoch 621
2026-04-04 11:14:33,291 INFO src.train.trainer: Last model at epoch 621 saved to checkpoints/etas_20260404-111418/last_model_1.pth
2026-04-04 11:14:33,291 INFO src.train.trainer: Epoch 622
2026-04-04 11:14:33,319 INFO src.train.trainer: Last model at epoch 622 saved to checkpoints/etas_20260404-111418/last_model_1.pth
2026-04-04 11:14:33,319 INFO src.train.trainer: Epoch 623
2026-04-04 11:14:33,343 INFO src.train.trainer: Last model at epoch 623 saved to checkpoints/etas_20260404-111418/last_model_1.pth
2026-04-04 11:14:33,343 INFO src.train.trainer: Epoch 624
2026-04-04 11:14:33,367 INFO src.train.trainer: Last model at epoch 624 saved to checkpoints/etas_20260404-111418/last_model_1.pth
2026-04-04 11:14:33,367 INFO src.train.trainer: Epoch 625
2026-04-04 11:14:33,393 INFO src.train.trainer: Last model at epoch 625 saved to checkpoints/etas_20260404-111418/last_model_1.pth
2026-04-04 11:14:33,393 INFO src.train.trainer: Epoch 626
2026-04-04 11:14:33,417 INFO src.train.trainer: Last model at epoch 626 saved to checkpoints/etas_20260404-111418/last_model_1.pth
2026-04-04 11:14:33,417 INFO src.train.trainer: Epoch 627
2026-04-04 11:14:33,441 INFO src.train.trainer: Last model at epoch 627 saved to checkpoints/etas_20260404-111418/last_model_1.pth
2026-04-04 11:14:33,441 INFO src.train.trainer: Epoch 628
2026-04-04 11:14:33,465 INFO src.train.trainer: Last model at epoch 628 saved to checkpoints/etas_20260404-111418/last_model_1.pth
2026-04-04 11:14:33,465 INFO src.train.trainer: Epoch 629
2026-04-04 11:14:33,488 INFO src.train.trainer: Last model at epoch 629 saved to checkpoints/etas_20260404-111418/last_model_1.pth
2026-04-04 11:14:33,489 INFO src.train.trainer: Epoch 630
2026-04-04 11:14:33,513 INFO src.train.trainer: Last model at epoch 630 saved to checkpoints/etas_20260404-111418/last_model_1.pth
2026-04-04 11:14:33,513 INFO src.train.trainer: Epoch 631
2026-04-04 11:14:33,537 INFO src.train.trainer: Last model at epoch 631 saved to checkpoints/etas_20260404-111418/last_model_1.pth
2026-04-04 11:14:33,538 INFO src.train.trainer: Epoch 632
2026-04-04 11:14:33,561 INFO src.train.trainer: Last model at epoch 632 saved to checkpoints/etas_20260404-111418/last_model_1.pth
2026-04-04 11:14:33,562 INFO src.train.trainer: Epoch 633
2026-04-04 11:14:33,586 INFO src.train.trainer: Last model at epoch 633 saved to checkpoints/etas_20260404-111418/last_model_1.pth
2026-04-04 11:14:33,586 INFO src.train.trainer: Epoch 634
2026-04-04 11:14:33,605 INFO src.train.trainer: Last model at epoch 634 saved to checkpoints/etas_20260404-111418/last_model_1.pth
2026-04-04 11:14:33,605 INFO src.train.trainer: Epoch 635
2026-04-04 11:14:33,624 INFO src.train.trainer: Last model at epoch 635 saved to checkpoints/etas_20260404-111418/last_model_1.pth
2026-04-04 11:14:33,625 INFO src.train.trainer: Epoch 636
2026-04-04 11:14:33,644 INFO src.train.trainer: Last model at epoch 636 saved to checkpoints/etas_20260404-111418/last_model_1.pth
2026-04-04 11:14:33,644 INFO src.train.trainer: Epoch 637
2026-04-04 11:14:33,662 INFO src.train.trainer: Last model at epoch 637 saved to checkpoints/etas_20260404-111418/last_model_1.pth
2026-04-04 11:14:33,662 INFO src.train.trainer: Epoch 638
2026-04-04 11:14:33,681 INFO src.train.trainer: Last model at epoch 638 saved to checkpoints/etas_20260404-111418/last_model_1.pth
2026-04-04 11:14:33,681 INFO src.train.trainer: Epoch 639
2026-04-04 11:14:33,700 INFO src.train.trainer: Last model at epoch 639 saved to checkpoints/etas_20260404-111418/last_model_1.pth
2026-04-04 11:14:33,700 INFO src.train.trainer: Epoch 640
2026-04-04 11:14:33,720 INFO src.train.trainer: Last model at epoch 640 saved to checkpoints/etas_20260404-111418/last_model_1.pth
2026-04-04 11:14:33,720 INFO src.train.trainer: Epoch 641
2026-04-04 11:14:33,740 INFO src.train.trainer: Last model at epoch 641 saved to checkpoints/etas_20260404-111418/last_model_1.pth
2026-04-04 11:14:33,740 INFO src.train.trainer: Epoch 642
2026-04-04 11:14:33,760 INFO src.train.trainer: Last model at epoch 642 saved to checkpoints/etas_20260404-111418/last_model_1.pth
2026-04-04 11:14:33,760 INFO src.train.trainer: Epoch 643
2026-04-04 11:14:33,780 INFO src.train.trainer: Last model at epoch 643 saved to checkpoints/etas_20260404-111418/last_model_1.pth
2026-04-04 11:14:33,780 INFO src.train.trainer: Epoch 644
2026-04-04 11:14:33,803 INFO src.train.trainer: Last model at epoch 644 saved to checkpoints/etas_20260404-111418/last_model_1.pth
2026-04-04 11:14:33,803 INFO src.train.trainer: Epoch 645
2026-04-04 11:14:33,822 INFO src.train.trainer: Last model at epoch 645 saved to checkpoints/etas_20260404-111418/last_model_1.pth
2026-04-04 11:14:33,822 INFO src.train.trainer: Epoch 646
2026-04-04 11:14:33,841 INFO src.train.trainer: Last model at epoch 646 saved to checkpoints/etas_20260404-111418/last_model_1.pth
2026-04-04 11:14:33,841 INFO src.train.trainer: Epoch 647
2026-04-04 11:14:33,860 INFO src.train.trainer: Last model at epoch 647 saved to checkpoints/etas_20260404-111418/last_model_1.pth
2026-04-04 11:14:33,860 INFO src.train.trainer: Epoch 648
2026-04-04 11:14:33,878 INFO src.train.trainer: Last model at epoch 648 saved to checkpoints/etas_20260404-111418/last_model_1.pth
2026-04-04 11:14:33,878 INFO src.train.trainer: Epoch 649
2026-04-04 11:14:33,899 INFO src.train.trainer: Last model at epoch 649 saved to checkpoints/etas_20260404-111418/last_model_1.pth
2026-04-04 11:14:33,899 INFO src.train.trainer: Epoch 650
2026-04-04 11:14:33,918 INFO src.train.trainer: Last model at epoch 650 saved to checkpoints/etas_20260404-111418/last_model_1.pth
2026-04-04 11:14:33,918 INFO src.train.trainer: Epoch 651
2026-04-04 11:14:33,938 INFO src.train.trainer: Last model at epoch 651 saved to checkpoints/etas_20260404-111418/last_model_1.pth
2026-04-04 11:14:33,938 INFO src.train.trainer: Epoch 652
2026-04-04 11:14:33,957 INFO src.train.trainer: Last model at epoch 652 saved to checkpoints/etas_20260404-111418/last_model_1.pth
2026-04-04 11:14:33,957 INFO src.train.trainer: Epoch 653
2026-04-04 11:14:33,976 INFO src.train.trainer: Last model at epoch 653 saved to checkpoints/etas_20260404-111418/last_model_1.pth
2026-04-04 11:14:33,976 INFO src.train.trainer: Epoch 654
2026-04-04 11:14:33,997 INFO src.train.trainer: Last model at epoch 654 saved to checkpoints/etas_20260404-111418/last_model_1.pth
2026-04-04 11:14:33,997 INFO src.train.trainer: Epoch 655
2026-04-04 11:14:34,016 INFO src.train.trainer: Last model at epoch 655 saved to checkpoints/etas_20260404-111418/last_model_1.pth
2026-04-04 11:14:34,016 INFO src.train.trainer: Epoch 656
2026-04-04 11:14:34,035 INFO src.train.trainer: Last model at epoch 656 saved to checkpoints/etas_20260404-111418/last_model_1.pth
2026-04-04 11:14:34,035 INFO src.train.trainer: Epoch 657
2026-04-04 11:14:34,055 INFO src.train.trainer: Last model at epoch 657 saved to checkpoints/etas_20260404-111418/last_model_1.pth
2026-04-04 11:14:34,055 INFO src.train.trainer: Epoch 658
2026-04-04 11:14:34,074 INFO src.train.trainer: Last model at epoch 658 saved to checkpoints/etas_20260404-111418/last_model_1.pth
2026-04-04 11:14:34,074 INFO src.train.trainer: Epoch 659
2026-04-04 11:14:34,093 INFO src.train.trainer: Last model at epoch 659 saved to checkpoints/etas_20260404-111418/last_model_1.pth
2026-04-04 11:14:34,093 INFO src.train.trainer: Epoch 660
2026-04-04 11:14:34,116 INFO src.train.trainer: Last model at epoch 660 saved to checkpoints/etas_20260404-111418/last_model_1.pth
2026-04-04 11:14:34,116 INFO src.train.trainer: Epoch 661
2026-04-04 11:14:34,135 INFO src.train.trainer: Last model at epoch 661 saved to checkpoints/etas_20260404-111418/last_model_1.pth
2026-04-04 11:14:34,135 INFO src.train.trainer: Epoch 662
2026-04-04 11:14:34,154 INFO src.train.trainer: Last model at epoch 662 saved to checkpoints/etas_20260404-111418/last_model_1.pth
2026-04-04 11:14:34,154 INFO src.train.trainer: Epoch 663
2026-04-04 11:14:34,173 INFO src.train.trainer: Last model at epoch 663 saved to checkpoints/etas_20260404-111418/last_model_1.pth
2026-04-04 11:14:34,173 INFO src.train.trainer: Epoch 664
2026-04-04 11:14:34,192 INFO src.train.trainer: Last model at epoch 664 saved to checkpoints/etas_20260404-111418/last_model_1.pth
2026-04-04 11:14:34,192 INFO src.train.trainer: Epoch 665
2026-04-04 11:14:34,211 INFO src.train.trainer: Last model at epoch 665 saved to checkpoints/etas_20260404-111418/last_model_1.pth
2026-04-04 11:14:34,211 INFO src.train.trainer: Epoch 666
2026-04-04 11:14:34,230 INFO src.train.trainer: Last model at epoch 666 saved to checkpoints/etas_20260404-111418/last_model_1.pth
2026-04-04 11:14:34,230 INFO src.train.trainer: Epoch 667
2026-04-04 11:14:34,248 INFO src.train.trainer: Last model at epoch 667 saved to checkpoints/etas_20260404-111418/last_model_1.pth
2026-04-04 11:14:34,248 INFO src.train.trainer: Epoch 668
2026-04-04 11:14:34,267 INFO src.train.trainer: Last model at epoch 668 saved to checkpoints/etas_20260404-111418/last_model_1.pth
2026-04-04 11:14:34,267 INFO src.train.trainer: Epoch 669
2026-04-04 11:14:34,289 INFO src.train.trainer: Last model at epoch 669 saved to checkpoints/etas_20260404-111418/last_model_1.pth
2026-04-04 11:14:34,289 INFO src.train.trainer: Epoch 670
2026-04-04 11:14:34,308 INFO src.train.trainer: Last model at epoch 670 saved to checkpoints/etas_20260404-111418/last_model_1.pth
2026-04-04 11:14:34,308 INFO src.train.trainer: Epoch 671
2026-04-04 11:14:34,328 INFO src.train.trainer: Last model at epoch 671 saved to checkpoints/etas_20260404-111418/last_model_1.pth
2026-04-04 11:14:34,328 INFO src.train.trainer: Epoch 672
2026-04-04 11:14:34,346 INFO src.train.trainer: Last model at epoch 672 saved to checkpoints/etas_20260404-111418/last_model_1.pth
2026-04-04 11:14:34,347 INFO src.train.trainer: Epoch 673
2026-04-04 11:14:34,368 INFO src.train.trainer: Last model at epoch 673 saved to checkpoints/etas_20260404-111418/last_model_1.pth
2026-04-04 11:14:34,368 INFO src.train.trainer: Epoch 674
2026-04-04 11:14:34,387 INFO src.train.trainer: Last model at epoch 674 saved to checkpoints/etas_20260404-111418/last_model_1.pth
2026-04-04 11:14:34,387 INFO src.train.trainer: Epoch 675
2026-04-04 11:14:34,408 INFO src.train.trainer: Last model at epoch 675 saved to checkpoints/etas_20260404-111418/last_model_1.pth
2026-04-04 11:14:34,408 INFO src.train.trainer: Epoch 676
2026-04-04 11:14:34,427 INFO src.train.trainer: Last model at epoch 676 saved to checkpoints/etas_20260404-111418/last_model_1.pth
2026-04-04 11:14:34,427 INFO src.train.trainer: Epoch 677
2026-04-04 11:14:34,447 INFO src.train.trainer: Last model at epoch 677 saved to checkpoints/etas_20260404-111418/last_model_1.pth
2026-04-04 11:14:34,447 INFO src.train.trainer: Epoch 678
2026-04-04 11:14:34,466 INFO src.train.trainer: Last model at epoch 678 saved to checkpoints/etas_20260404-111418/last_model_1.pth
2026-04-04 11:14:34,466 INFO src.train.trainer: Epoch 679
2026-04-04 11:14:34,486 INFO src.train.trainer: Last model at epoch 679 saved to checkpoints/etas_20260404-111418/last_model_1.pth
2026-04-04 11:14:34,486 INFO src.train.trainer: Epoch 680
2026-04-04 11:14:34,506 INFO src.train.trainer: Last model at epoch 680 saved to checkpoints/etas_20260404-111418/last_model_1.pth
2026-04-04 11:14:34,506 INFO src.train.trainer: Epoch 681
2026-04-04 11:14:34,524 INFO src.train.trainer: Last model at epoch 681 saved to checkpoints/etas_20260404-111418/last_model_1.pth
2026-04-04 11:14:34,524 INFO src.train.trainer: Epoch 682
2026-04-04 11:14:34,543 INFO src.train.trainer: Last model at epoch 682 saved to checkpoints/etas_20260404-111418/last_model_1.pth
2026-04-04 11:14:34,543 INFO src.train.trainer: Epoch 683
2026-04-04 11:14:34,562 INFO src.train.trainer: Last model at epoch 683 saved to checkpoints/etas_20260404-111418/last_model_1.pth
2026-04-04 11:14:34,562 INFO src.train.trainer: Epoch 684
2026-04-04 11:14:34,583 INFO src.train.trainer: Last model at epoch 684 saved to checkpoints/etas_20260404-111418/last_model_1.pth
2026-04-04 11:14:34,583 INFO src.train.trainer: Epoch 685
2026-04-04 11:14:34,604 INFO src.train.trainer: Last model at epoch 685 saved to checkpoints/etas_20260404-111418/last_model_1.pth
2026-04-04 11:14:34,604 INFO src.train.trainer: Epoch 686
2026-04-04 11:14:34,623 INFO src.train.trainer: Last model at epoch 686 saved to checkpoints/etas_20260404-111418/last_model_1.pth
2026-04-04 11:14:34,623 INFO src.train.trainer: Epoch 687
2026-04-04 11:14:34,642 INFO src.train.trainer: Last model at epoch 687 saved to checkpoints/etas_20260404-111418/last_model_1.pth
2026-04-04 11:14:34,642 INFO src.train.trainer: Epoch 688
2026-04-04 11:14:34,660 INFO src.train.trainer: Last model at epoch 688 saved to checkpoints/etas_20260404-111418/last_model_1.pth
2026-04-04 11:14:34,660 INFO src.train.trainer: Epoch 689
2026-04-04 11:14:34,680 INFO src.train.trainer: Last model at epoch 689 saved to checkpoints/etas_20260404-111418/last_model_1.pth
2026-04-04 11:14:34,680 INFO src.train.trainer: Epoch 690
2026-04-04 11:14:34,702 INFO src.train.trainer: Last model at epoch 690 saved to checkpoints/etas_20260404-111418/last_model_1.pth
2026-04-04 11:14:34,702 INFO src.train.trainer: Epoch 691
2026-04-04 11:14:34,720 INFO src.train.trainer: Last model at epoch 691 saved to checkpoints/etas_20260404-111418/last_model_1.pth
2026-04-04 11:14:34,720 INFO src.train.trainer: Epoch 692
2026-04-04 11:14:34,739 INFO src.train.trainer: Last model at epoch 692 saved to checkpoints/etas_20260404-111418/last_model_1.pth
2026-04-04 11:14:34,739 INFO src.train.trainer: Epoch 693
2026-04-04 11:14:34,758 INFO src.train.trainer: Last model at epoch 693 saved to checkpoints/etas_20260404-111418/last_model_1.pth
2026-04-04 11:14:34,758 INFO src.train.trainer: Epoch 694
2026-04-04 11:14:34,777 INFO src.train.trainer: Last model at epoch 694 saved to checkpoints/etas_20260404-111418/last_model_1.pth
2026-04-04 11:14:34,777 INFO src.train.trainer: Epoch 695
2026-04-04 11:14:34,798 INFO src.train.trainer: Last model at epoch 695 saved to checkpoints/etas_20260404-111418/last_model_1.pth
2026-04-04 11:14:34,798 INFO src.train.trainer: Epoch 696
2026-04-04 11:14:34,817 INFO src.train.trainer: Last model at epoch 696 saved to checkpoints/etas_20260404-111418/last_model_1.pth
2026-04-04 11:14:34,817 INFO src.train.trainer: Epoch 697
2026-04-04 11:14:34,835 INFO src.train.trainer: Last model at epoch 697 saved to checkpoints/etas_20260404-111418/last_model_1.pth
2026-04-04 11:14:34,836 INFO src.train.trainer: Epoch 698
2026-04-04 11:14:34,854 INFO src.train.trainer: Last model at epoch 698 saved to checkpoints/etas_20260404-111418/last_model_1.pth
2026-04-04 11:14:34,854 INFO src.train.trainer: Epoch 699
2026-04-04 11:14:34,873 INFO src.train.trainer: Last model at epoch 699 saved to checkpoints/etas_20260404-111418/last_model_1.pth
2026-04-04 11:14:34,873 INFO src.train.trainer: Epoch 700
2026-04-04 11:14:34,893 INFO src.train.trainer: Last model at epoch 700 saved to checkpoints/etas_20260404-111418/last_model_1.pth
2026-04-04 11:14:34,893 INFO src.train.trainer: Epoch 701
2026-04-04 11:14:34,913 INFO src.train.trainer: Last model at epoch 701 saved to checkpoints/etas_20260404-111418/last_model_1.pth
2026-04-04 11:14:34,913 INFO src.train.trainer: Epoch 702
2026-04-04 11:14:34,936 INFO src.train.trainer: Last model at epoch 702 saved to checkpoints/etas_20260404-111418/last_model_1.pth
2026-04-04 11:14:34,936 INFO src.train.trainer: Epoch 703
2026-04-04 11:14:34,956 INFO src.train.trainer: Last model at epoch 703 saved to checkpoints/etas_20260404-111418/last_model_1.pth
2026-04-04 11:14:34,956 INFO src.train.trainer: Epoch 704
2026-04-04 11:14:34,975 INFO src.train.trainer: Last model at epoch 704 saved to checkpoints/etas_20260404-111418/last_model_1.pth
2026-04-04 11:14:34,975 INFO src.train.trainer: Epoch 705
2026-04-04 11:14:34,996 INFO src.train.trainer: Last model at epoch 705 saved to checkpoints/etas_20260404-111418/last_model_1.pth
2026-04-04 11:14:34,996 INFO src.train.trainer: Epoch 706
2026-04-04 11:14:35,015 INFO src.train.trainer: Last model at epoch 706 saved to checkpoints/etas_20260404-111418/last_model_1.pth
2026-04-04 11:14:35,015 INFO src.train.trainer: Epoch 707
2026-04-04 11:14:35,035 INFO src.train.trainer: Last model at epoch 707 saved to checkpoints/etas_20260404-111418/last_model_1.pth
2026-04-04 11:14:35,035 INFO src.train.trainer: Epoch 708
2026-04-04 11:14:35,055 INFO src.train.trainer: Last model at epoch 708 saved to checkpoints/etas_20260404-111418/last_model_1.pth
2026-04-04 11:14:35,055 INFO src.train.trainer: Epoch 709
2026-04-04 11:14:35,076 INFO src.train.trainer: Last model at epoch 709 saved to checkpoints/etas_20260404-111418/last_model_1.pth
2026-04-04 11:14:35,076 INFO src.train.trainer: Epoch 710
2026-04-04 11:14:35,097 INFO src.train.trainer: Last model at epoch 710 saved to checkpoints/etas_20260404-111418/last_model_1.pth
2026-04-04 11:14:35,097 INFO src.train.trainer: Epoch 711
2026-04-04 11:14:35,117 INFO src.train.trainer: Last model at epoch 711 saved to checkpoints/etas_20260404-111418/last_model_1.pth
2026-04-04 11:14:35,117 INFO src.train.trainer: Epoch 712
2026-04-04 11:14:35,136 INFO src.train.trainer: Last model at epoch 712 saved to checkpoints/etas_20260404-111418/last_model_1.pth
2026-04-04 11:14:35,136 INFO src.train.trainer: Epoch 713
2026-04-04 11:14:35,155 INFO src.train.trainer: Last model at epoch 713 saved to checkpoints/etas_20260404-111418/last_model_1.pth
2026-04-04 11:14:35,155 INFO src.train.trainer: Epoch 714
2026-04-04 11:14:35,174 INFO src.train.trainer: Last model at epoch 714 saved to checkpoints/etas_20260404-111418/last_model_1.pth
2026-04-04 11:14:35,174 INFO src.train.trainer: Epoch 715
2026-04-04 11:14:35,192 INFO src.train.trainer: Last model at epoch 715 saved to checkpoints/etas_20260404-111418/last_model_1.pth
2026-04-04 11:14:35,192 INFO src.train.trainer: Epoch 716
2026-04-04 11:14:35,210 INFO src.train.trainer: Last model at epoch 716 saved to checkpoints/etas_20260404-111418/last_model_1.pth
2026-04-04 11:14:35,210 INFO src.train.trainer: Epoch 717
2026-04-04 11:14:35,228 INFO src.train.trainer: Last model at epoch 717 saved to checkpoints/etas_20260404-111418/last_model_1.pth
2026-04-04 11:14:35,228 INFO src.train.trainer: Epoch 718
2026-04-04 11:14:35,245 INFO src.train.trainer: Last model at epoch 718 saved to checkpoints/etas_20260404-111418/last_model_1.pth
2026-04-04 11:14:35,245 INFO src.train.trainer: Epoch 719
2026-04-04 11:14:35,265 INFO src.train.trainer: Last model at epoch 719 saved to checkpoints/etas_20260404-111418/last_model_1.pth
2026-04-04 11:14:35,265 INFO src.train.trainer: Epoch 720
2026-04-04 11:14:35,286 INFO src.train.trainer: Last model at epoch 720 saved to checkpoints/etas_20260404-111418/last_model_1.pth
2026-04-04 11:14:35,286 INFO src.train.trainer: Epoch 721
2026-04-04 11:14:35,307 INFO src.train.trainer: Last model at epoch 721 saved to checkpoints/etas_20260404-111418/last_model_1.pth
2026-04-04 11:14:35,308 INFO src.train.trainer: Epoch 722
2026-04-04 11:14:35,329 INFO src.train.trainer: Last model at epoch 722 saved to checkpoints/etas_20260404-111418/last_model_1.pth
2026-04-04 11:14:35,329 INFO src.train.trainer: Epoch 723
2026-04-04 11:14:35,351 INFO src.train.trainer: Last model at epoch 723 saved to checkpoints/etas_20260404-111418/last_model_1.pth
2026-04-04 11:14:35,352 INFO src.train.trainer: Epoch 724
2026-04-04 11:14:35,375 INFO src.train.trainer: Last model at epoch 724 saved to checkpoints/etas_20260404-111418/last_model_1.pth
2026-04-04 11:14:35,375 INFO src.train.trainer: Epoch 725
2026-04-04 11:14:35,398 INFO src.train.trainer: Last model at epoch 725 saved to checkpoints/etas_20260404-111418/last_model_1.pth
2026-04-04 11:14:35,398 INFO src.train.trainer: Epoch 726
2026-04-04 11:14:35,421 INFO src.train.trainer: Last model at epoch 726 saved to checkpoints/etas_20260404-111418/last_model_1.pth
2026-04-04 11:14:35,421 INFO src.train.trainer: Epoch 727
2026-04-04 11:14:35,445 INFO src.train.trainer: Last model at epoch 727 saved to checkpoints/etas_20260404-111418/last_model_1.pth
2026-04-04 11:14:35,445 INFO src.train.trainer: Epoch 728
2026-04-04 11:14:35,469 INFO src.train.trainer: Last model at epoch 728 saved to checkpoints/etas_20260404-111418/last_model_1.pth
2026-04-04 11:14:35,469 INFO src.train.trainer: Epoch 729
2026-04-04 11:14:35,492 INFO src.train.trainer: Last model at epoch 729 saved to checkpoints/etas_20260404-111418/last_model_1.pth
2026-04-04 11:14:35,492 INFO src.train.trainer: Epoch 730
2026-04-04 11:14:35,516 INFO src.train.trainer: Last model at epoch 730 saved to checkpoints/etas_20260404-111418/last_model_1.pth
2026-04-04 11:14:35,516 INFO src.train.trainer: Epoch 731
2026-04-04 11:14:35,540 INFO src.train.trainer: Last model at epoch 731 saved to checkpoints/etas_20260404-111418/last_model_1.pth
2026-04-04 11:14:35,540 INFO src.train.trainer: Epoch 732
2026-04-04 11:14:35,563 INFO src.train.trainer: Last model at epoch 732 saved to checkpoints/etas_20260404-111418/last_model_1.pth
2026-04-04 11:14:35,563 INFO src.train.trainer: Epoch 733
2026-04-04 11:14:35,587 INFO src.train.trainer: Last model at epoch 733 saved to checkpoints/etas_20260404-111418/last_model_1.pth
2026-04-04 11:14:35,587 INFO src.train.trainer: Epoch 734
2026-04-04 11:14:35,611 INFO src.train.trainer: Last model at epoch 734 saved to checkpoints/etas_20260404-111418/last_model_1.pth
2026-04-04 11:14:35,611 INFO src.train.trainer: Epoch 735
2026-04-04 11:14:35,635 INFO src.train.trainer: Last model at epoch 735 saved to checkpoints/etas_20260404-111418/last_model_1.pth
2026-04-04 11:14:35,635 INFO src.train.trainer: Epoch 736
2026-04-04 11:14:35,660 INFO src.train.trainer: Last model at epoch 736 saved to checkpoints/etas_20260404-111418/last_model_1.pth
2026-04-04 11:14:35,660 INFO src.train.trainer: Epoch 737
2026-04-04 11:14:35,684 INFO src.train.trainer: Last model at epoch 737 saved to checkpoints/etas_20260404-111418/last_model_1.pth
2026-04-04 11:14:35,684 INFO src.train.trainer: Epoch 738
2026-04-04 11:14:35,707 INFO src.train.trainer: Last model at epoch 738 saved to checkpoints/etas_20260404-111418/last_model_1.pth
2026-04-04 11:14:35,708 INFO src.train.trainer: Epoch 739
2026-04-04 11:14:35,731 INFO src.train.trainer: Last model at epoch 739 saved to checkpoints/etas_20260404-111418/last_model_1.pth
2026-04-04 11:14:35,731 INFO src.train.trainer: Epoch 740
2026-04-04 11:14:35,755 INFO src.train.trainer: Last model at epoch 740 saved to checkpoints/etas_20260404-111418/last_model_1.pth
2026-04-04 11:14:35,755 INFO src.train.trainer: Epoch 741
2026-04-04 11:14:35,779 INFO src.train.trainer: Last model at epoch 741 saved to checkpoints/etas_20260404-111418/last_model_1.pth
2026-04-04 11:14:35,779 INFO src.train.trainer: Epoch 742
2026-04-04 11:14:35,803 INFO src.train.trainer: Last model at epoch 742 saved to checkpoints/etas_20260404-111418/last_model_1.pth
2026-04-04 11:14:35,803 INFO src.train.trainer: Epoch 743
2026-04-04 11:14:35,826 INFO src.train.trainer: Last model at epoch 743 saved to checkpoints/etas_20260404-111418/last_model_1.pth
2026-04-04 11:14:35,826 INFO src.train.trainer: Epoch 744
2026-04-04 11:14:35,850 INFO src.train.trainer: Last model at epoch 744 saved to checkpoints/etas_20260404-111418/last_model_1.pth
2026-04-04 11:14:35,850 INFO src.train.trainer: Epoch 745
2026-04-04 11:14:35,873 INFO src.train.trainer: Last model at epoch 745 saved to checkpoints/etas_20260404-111418/last_model_1.pth
2026-04-04 11:14:35,873 INFO src.train.trainer: Epoch 746
2026-04-04 11:14:35,897 INFO src.train.trainer: Last model at epoch 746 saved to checkpoints/etas_20260404-111418/last_model_1.pth
2026-04-04 11:14:35,897 INFO src.train.trainer: Epoch 747
2026-04-04 11:14:35,921 INFO src.train.trainer: Last model at epoch 747 saved to checkpoints/etas_20260404-111418/last_model_1.pth
2026-04-04 11:14:35,921 INFO src.train.trainer: Epoch 748
2026-04-04 11:14:35,945 INFO src.train.trainer: Last model at epoch 748 saved to checkpoints/etas_20260404-111418/last_model_1.pth
2026-04-04 11:14:35,945 INFO src.train.trainer: Epoch 749
2026-04-04 11:14:35,970 INFO src.train.trainer: Last model at epoch 749 saved to checkpoints/etas_20260404-111418/last_model_1.pth
2026-04-04 11:14:35,970 INFO src.train.trainer: Epoch 750
2026-04-04 11:14:35,993 INFO src.train.trainer: Last model at epoch 750 saved to checkpoints/etas_20260404-111418/last_model_1.pth
2026-04-04 11:14:35,993 INFO src.train.trainer: Epoch 751
2026-04-04 11:14:36,017 INFO src.train.trainer: Last model at epoch 751 saved to checkpoints/etas_20260404-111418/last_model_1.pth
2026-04-04 11:14:36,017 INFO src.train.trainer: Epoch 752
2026-04-04 11:14:36,040 INFO src.train.trainer: Last model at epoch 752 saved to checkpoints/etas_20260404-111418/last_model_1.pth
2026-04-04 11:14:36,040 INFO src.train.trainer: Epoch 753
2026-04-04 11:14:36,063 INFO src.train.trainer: Last model at epoch 753 saved to checkpoints/etas_20260404-111418/last_model_1.pth
2026-04-04 11:14:36,063 INFO src.train.trainer: Epoch 754
2026-04-04 11:14:36,087 INFO src.train.trainer: Last model at epoch 754 saved to checkpoints/etas_20260404-111418/last_model_1.pth
2026-04-04 11:14:36,087 INFO src.train.trainer: Epoch 755
2026-04-04 11:14:36,112 INFO src.train.trainer: Last model at epoch 755 saved to checkpoints/etas_20260404-111418/last_model_1.pth
2026-04-04 11:14:36,112 INFO src.train.trainer: Epoch 756
2026-04-04 11:14:36,136 INFO src.train.trainer: Last model at epoch 756 saved to checkpoints/etas_20260404-111418/last_model_1.pth
2026-04-04 11:14:36,136 INFO src.train.trainer: Epoch 757
2026-04-04 11:14:36,160 INFO src.train.trainer: Last model at epoch 757 saved to checkpoints/etas_20260404-111418/last_model_1.pth
2026-04-04 11:14:36,160 INFO src.train.trainer: Epoch 758
2026-04-04 11:14:36,184 INFO src.train.trainer: Last model at epoch 758 saved to checkpoints/etas_20260404-111418/last_model_1.pth
2026-04-04 11:14:36,184 INFO src.train.trainer: Epoch 759
2026-04-04 11:14:36,208 INFO src.train.trainer: Last model at epoch 759 saved to checkpoints/etas_20260404-111418/last_model_1.pth
2026-04-04 11:14:36,208 INFO src.train.trainer: Epoch 760
2026-04-04 11:14:36,232 INFO src.train.trainer: Last model at epoch 760 saved to checkpoints/etas_20260404-111418/last_model_1.pth
2026-04-04 11:14:36,232 INFO src.train.trainer: Epoch 761
2026-04-04 11:14:36,256 INFO src.train.trainer: Last model at epoch 761 saved to checkpoints/etas_20260404-111418/last_model_1.pth
2026-04-04 11:14:36,256 INFO src.train.trainer: Epoch 762
2026-04-04 11:14:36,280 INFO src.train.trainer: Last model at epoch 762 saved to checkpoints/etas_20260404-111418/last_model_1.pth
2026-04-04 11:14:36,280 INFO src.train.trainer: Epoch 763
2026-04-04 11:14:36,303 INFO src.train.trainer: Last model at epoch 763 saved to checkpoints/etas_20260404-111418/last_model_1.pth
2026-04-04 11:14:36,303 INFO src.train.trainer: Epoch 764
2026-04-04 11:14:36,326 INFO src.train.trainer: Last model at epoch 764 saved to checkpoints/etas_20260404-111418/last_model_1.pth
2026-04-04 11:14:36,326 INFO src.train.trainer: Epoch 765
2026-04-04 11:14:36,350 INFO src.train.trainer: Last model at epoch 765 saved to checkpoints/etas_20260404-111418/last_model_1.pth
2026-04-04 11:14:36,350 INFO src.train.trainer: Epoch 766
2026-04-04 11:14:36,376 INFO src.train.trainer: Last model at epoch 766 saved to checkpoints/etas_20260404-111418/last_model_1.pth
2026-04-04 11:14:36,376 INFO src.train.trainer: Epoch 767
2026-04-04 11:14:36,399 INFO src.train.trainer: Last model at epoch 767 saved to checkpoints/etas_20260404-111418/last_model_1.pth
2026-04-04 11:14:36,399 INFO src.train.trainer: Epoch 768
2026-04-04 11:14:36,423 INFO src.train.trainer: Last model at epoch 768 saved to checkpoints/etas_20260404-111418/last_model_1.pth
2026-04-04 11:14:36,423 INFO src.train.trainer: Epoch 769
2026-04-04 11:14:36,447 INFO src.train.trainer: Last model at epoch 769 saved to checkpoints/etas_20260404-111418/last_model_1.pth
2026-04-04 11:14:36,447 INFO src.train.trainer: Epoch 770
2026-04-04 11:14:36,471 INFO src.train.trainer: Last model at epoch 770 saved to checkpoints/etas_20260404-111418/last_model_1.pth
2026-04-04 11:14:36,471 INFO src.train.trainer: Epoch 771
2026-04-04 11:14:36,842 INFO src.train.trainer: Last model at epoch 771 saved to checkpoints/etas_20260404-111418/last_model_1.pth
2026-04-04 11:14:36,843 INFO src.train.trainer: Epoch 772
2026-04-04 11:14:36,877 INFO src.train.trainer: Last model at epoch 772 saved to checkpoints/etas_20260404-111418/last_model_1.pth
2026-04-04 11:14:36,878 INFO src.train.trainer: Epoch 773
2026-04-04 11:14:36,912 INFO src.train.trainer: Last model at epoch 773 saved to checkpoints/etas_20260404-111418/last_model_1.pth
2026-04-04 11:14:36,912 INFO src.train.trainer: Epoch 774
2026-04-04 11:14:36,945 INFO src.train.trainer: Last model at epoch 774 saved to checkpoints/etas_20260404-111418/last_model_1.pth
2026-04-04 11:14:36,945 INFO src.train.trainer: Epoch 775
2026-04-04 11:14:36,977 INFO src.train.trainer: Last model at epoch 775 saved to checkpoints/etas_20260404-111418/last_model_1.pth
2026-04-04 11:14:36,977 INFO src.train.trainer: Epoch 776
2026-04-04 11:14:37,009 INFO src.train.trainer: Last model at epoch 776 saved to checkpoints/etas_20260404-111418/last_model_1.pth
2026-04-04 11:14:37,010 INFO src.train.trainer: Epoch 777
2026-04-04 11:14:37,042 INFO src.train.trainer: Last model at epoch 777 saved to checkpoints/etas_20260404-111418/last_model_1.pth
2026-04-04 11:14:37,042 INFO src.train.trainer: Epoch 778
2026-04-04 11:14:37,073 INFO src.train.trainer: Last model at epoch 778 saved to checkpoints/etas_20260404-111418/last_model_1.pth
2026-04-04 11:14:37,074 INFO src.train.trainer: Epoch 779
2026-04-04 11:14:37,107 INFO src.train.trainer: Last model at epoch 779 saved to checkpoints/etas_20260404-111418/last_model_1.pth
2026-04-04 11:14:37,107 INFO src.train.trainer: Epoch 780
2026-04-04 11:14:37,132 INFO src.train.trainer: Last model at epoch 780 saved to checkpoints/etas_20260404-111418/last_model_1.pth
2026-04-04 11:14:37,132 INFO src.train.trainer: Epoch 781
2026-04-04 11:14:37,157 INFO src.train.trainer: Last model at epoch 781 saved to checkpoints/etas_20260404-111418/last_model_1.pth
2026-04-04 11:14:37,157 INFO src.train.trainer: Epoch 782
2026-04-04 11:14:37,185 INFO src.train.trainer: Last model at epoch 782 saved to checkpoints/etas_20260404-111418/last_model_1.pth
2026-04-04 11:14:37,185 INFO src.train.trainer: Epoch 783
2026-04-04 11:14:37,210 INFO src.train.trainer: Last model at epoch 783 saved to checkpoints/etas_20260404-111418/last_model_1.pth
2026-04-04 11:14:37,210 INFO src.train.trainer: Epoch 784
2026-04-04 11:14:37,237 INFO src.train.trainer: Last model at epoch 784 saved to checkpoints/etas_20260404-111418/last_model_1.pth
2026-04-04 11:14:37,237 INFO src.train.trainer: Epoch 785
2026-04-04 11:14:37,261 INFO src.train.trainer: Last model at epoch 785 saved to checkpoints/etas_20260404-111418/last_model_1.pth
2026-04-04 11:14:37,261 INFO src.train.trainer: Epoch 786
2026-04-04 11:14:37,287 INFO src.train.trainer: Last model at epoch 786 saved to checkpoints/etas_20260404-111418/last_model_1.pth
2026-04-04 11:14:37,287 INFO src.train.trainer: Epoch 787
2026-04-04 11:14:37,310 INFO src.train.trainer: Last model at epoch 787 saved to checkpoints/etas_20260404-111418/last_model_1.pth
2026-04-04 11:14:37,310 INFO src.train.trainer: Epoch 788
2026-04-04 11:14:37,332 INFO src.train.trainer: Last model at epoch 788 saved to checkpoints/etas_20260404-111418/last_model_1.pth
2026-04-04 11:14:37,332 INFO src.train.trainer: Epoch 789
2026-04-04 11:14:37,352 INFO src.train.trainer: Last model at epoch 789 saved to checkpoints/etas_20260404-111418/last_model_1.pth
2026-04-04 11:14:37,353 INFO src.train.trainer: Epoch 790
2026-04-04 11:14:37,375 INFO src.train.trainer: Last model at epoch 790 saved to checkpoints/etas_20260404-111418/last_model_1.pth
2026-04-04 11:14:37,375 INFO src.train.trainer: Epoch 791
2026-04-04 11:14:37,398 INFO src.train.trainer: Last model at epoch 791 saved to checkpoints/etas_20260404-111418/last_model_1.pth
2026-04-04 11:14:37,398 INFO src.train.trainer: Epoch 792
2026-04-04 11:14:37,420 INFO src.train.trainer: Last model at epoch 792 saved to checkpoints/etas_20260404-111418/last_model_1.pth
2026-04-04 11:14:37,421 INFO src.train.trainer: Epoch 793
2026-04-04 11:14:37,441 INFO src.train.trainer: Last model at epoch 793 saved to checkpoints/etas_20260404-111418/last_model_1.pth
2026-04-04 11:14:37,441 INFO src.train.trainer: Epoch 794
2026-04-04 11:14:37,462 INFO src.train.trainer: Last model at epoch 794 saved to checkpoints/etas_20260404-111418/last_model_1.pth
2026-04-04 11:14:37,462 INFO src.train.trainer: Epoch 795
2026-04-04 11:14:37,482 INFO src.train.trainer: Last model at epoch 795 saved to checkpoints/etas_20260404-111418/last_model_1.pth
2026-04-04 11:14:37,482 INFO src.train.trainer: Epoch 796
2026-04-04 11:14:37,504 INFO src.train.trainer: Last model at epoch 796 saved to checkpoints/etas_20260404-111418/last_model_1.pth
2026-04-04 11:14:37,504 INFO src.train.trainer: Epoch 797
2026-04-04 11:14:37,523 INFO src.train.trainer: Last model at epoch 797 saved to checkpoints/etas_20260404-111418/last_model_1.pth
2026-04-04 11:14:37,523 INFO src.train.trainer: Epoch 798
2026-04-04 11:14:37,546 INFO src.train.trainer: Last model at epoch 798 saved to checkpoints/etas_20260404-111418/last_model_1.pth
2026-04-04 11:14:37,546 INFO src.train.trainer: Epoch 799
2026-04-04 11:14:37,568 INFO src.train.trainer: Last model at epoch 799 saved to checkpoints/etas_20260404-111418/last_model_1.pth
2026-04-04 11:14:37,569 INFO src.train.trainer: Epoch 800
2026-04-04 11:14:37,590 INFO src.train.trainer: Last model at epoch 800 saved to checkpoints/etas_20260404-111418/last_model_1.pth
2026-04-04 11:14:37,590 INFO src.train.trainer: Epoch 801
2026-04-04 11:14:37,610 INFO src.train.trainer: Last model at epoch 801 saved to checkpoints/etas_20260404-111418/last_model_1.pth
2026-04-04 11:14:37,611 INFO src.train.trainer: Epoch 802
2026-04-04 11:14:37,630 INFO src.train.trainer: Last model at epoch 802 saved to checkpoints/etas_20260404-111418/last_model_1.pth
2026-04-04 11:14:37,630 INFO src.train.trainer: Epoch 803
2026-04-04 11:14:37,650 INFO src.train.trainer: Last model at epoch 803 saved to checkpoints/etas_20260404-111418/last_model_1.pth
2026-04-04 11:14:37,650 INFO src.train.trainer: Epoch 804
2026-04-04 11:14:37,670 INFO src.train.trainer: Last model at epoch 804 saved to checkpoints/etas_20260404-111418/last_model_1.pth
2026-04-04 11:14:37,670 INFO src.train.trainer: Epoch 805
2026-04-04 11:14:37,693 INFO src.train.trainer: Last model at epoch 805 saved to checkpoints/etas_20260404-111418/last_model_1.pth
2026-04-04 11:14:37,693 INFO src.train.trainer: Epoch 806
2026-04-04 11:14:37,712 INFO src.train.trainer: Last model at epoch 806 saved to checkpoints/etas_20260404-111418/last_model_1.pth
2026-04-04 11:14:37,713 INFO src.train.trainer: Epoch 807
2026-04-04 11:14:37,732 INFO src.train.trainer: New best validation loss: -5.6111, saved to checkpoints/etas_20260404-111418/best_model_1.pth
2026-04-04 11:14:37,735 INFO src.train.trainer: Last model at epoch 807 saved to checkpoints/etas_20260404-111418/last_model_1.pth
2026-04-04 11:14:37,735 INFO src.train.trainer: Epoch 808
2026-04-04 11:14:37,755 INFO src.train.trainer: New best validation loss: -5.6114, saved to checkpoints/etas_20260404-111418/best_model_1.pth
2026-04-04 11:14:37,757 INFO src.train.trainer: Last model at epoch 808 saved to checkpoints/etas_20260404-111418/last_model_1.pth
2026-04-04 11:14:37,757 INFO src.train.trainer: Epoch 809
2026-04-04 11:14:37,778 INFO src.train.trainer: New best validation loss: -5.6116, saved to checkpoints/etas_20260404-111418/best_model_1.pth
2026-04-04 11:14:37,779 INFO src.train.trainer: Last model at epoch 809 saved to checkpoints/etas_20260404-111418/last_model_1.pth
2026-04-04 11:14:37,779 INFO src.train.trainer: Epoch 810
2026-04-04 11:14:37,802 INFO src.train.trainer: New best validation loss: -5.6118, saved to checkpoints/etas_20260404-111418/best_model_1.pth
2026-04-04 11:14:37,803 INFO src.train.trainer: Last model at epoch 810 saved to checkpoints/etas_20260404-111418/last_model_1.pth
2026-04-04 11:14:37,803 INFO src.train.trainer: Epoch 811
2026-04-04 11:14:37,822 INFO src.train.trainer: New best validation loss: -5.6120, saved to checkpoints/etas_20260404-111418/best_model_1.pth
2026-04-04 11:14:37,824 INFO src.train.trainer: Last model at epoch 811 saved to checkpoints/etas_20260404-111418/last_model_1.pth
2026-04-04 11:14:37,824 INFO src.train.trainer: Epoch 812
2026-04-04 11:14:37,843 INFO src.train.trainer: New best validation loss: -5.6122, saved to checkpoints/etas_20260404-111418/best_model_1.pth
2026-04-04 11:14:37,844 INFO src.train.trainer: Last model at epoch 812 saved to checkpoints/etas_20260404-111418/last_model_1.pth
2026-04-04 11:14:37,844 INFO src.train.trainer: Epoch 813
2026-04-04 11:14:37,863 INFO src.train.trainer: New best validation loss: -5.6124, saved to checkpoints/etas_20260404-111418/best_model_1.pth
2026-04-04 11:14:37,864 INFO src.train.trainer: Last model at epoch 813 saved to checkpoints/etas_20260404-111418/last_model_1.pth
2026-04-04 11:14:37,864 INFO src.train.trainer: Epoch 814
2026-04-04 11:14:37,883 INFO src.train.trainer: New best validation loss: -5.6126, saved to checkpoints/etas_20260404-111418/best_model_1.pth
2026-04-04 11:14:37,885 INFO src.train.trainer: Last model at epoch 814 saved to checkpoints/etas_20260404-111418/last_model_1.pth
2026-04-04 11:14:37,885 INFO src.train.trainer: Epoch 815
2026-04-04 11:14:37,906 INFO src.train.trainer: New best validation loss: -5.6129, saved to checkpoints/etas_20260404-111418/best_model_1.pth
2026-04-04 11:14:37,908 INFO src.train.trainer: Last model at epoch 815 saved to checkpoints/etas_20260404-111418/last_model_1.pth
2026-04-04 11:14:37,908 INFO src.train.trainer: Epoch 816
2026-04-04 11:14:37,926 INFO src.train.trainer: New best validation loss: -5.6131, saved to checkpoints/etas_20260404-111418/best_model_1.pth
2026-04-04 11:14:37,928 INFO src.train.trainer: Last model at epoch 816 saved to checkpoints/etas_20260404-111418/last_model_1.pth
2026-04-04 11:14:37,928 INFO src.train.trainer: Epoch 817
2026-04-04 11:14:37,947 INFO src.train.trainer: New best validation loss: -5.6133, saved to checkpoints/etas_20260404-111418/best_model_1.pth
2026-04-04 11:14:37,948 INFO src.train.trainer: Last model at epoch 817 saved to checkpoints/etas_20260404-111418/last_model_1.pth
2026-04-04 11:14:37,948 INFO src.train.trainer: Epoch 818
2026-04-04 11:14:37,970 INFO src.train.trainer: New best validation loss: -5.6135, saved to checkpoints/etas_20260404-111418/best_model_1.pth
2026-04-04 11:14:37,971 INFO src.train.trainer: Last model at epoch 818 saved to checkpoints/etas_20260404-111418/last_model_1.pth
2026-04-04 11:14:37,971 INFO src.train.trainer: Epoch 819
2026-04-04 11:14:37,992 INFO src.train.trainer: New best validation loss: -5.6137, saved to checkpoints/etas_20260404-111418/best_model_1.pth
2026-04-04 11:14:37,993 INFO src.train.trainer: Last model at epoch 819 saved to checkpoints/etas_20260404-111418/last_model_1.pth
2026-04-04 11:14:37,993 INFO src.train.trainer: Epoch 820
2026-04-04 11:14:38,011 INFO src.train.trainer: New best validation loss: -5.6139, saved to checkpoints/etas_20260404-111418/best_model_1.pth
2026-04-04 11:14:38,013 INFO src.train.trainer: Last model at epoch 820 saved to checkpoints/etas_20260404-111418/last_model_1.pth
2026-04-04 11:14:38,013 INFO src.train.trainer: Epoch 821
2026-04-04 11:14:38,031 INFO src.train.trainer: New best validation loss: -5.6142, saved to checkpoints/etas_20260404-111418/best_model_1.pth
2026-04-04 11:14:38,032 INFO src.train.trainer: Last model at epoch 821 saved to checkpoints/etas_20260404-111418/last_model_1.pth
2026-04-04 11:14:38,033 INFO src.train.trainer: Epoch 822
2026-04-04 11:14:38,050 INFO src.train.trainer: New best validation loss: -5.6144, saved to checkpoints/etas_20260404-111418/best_model_1.pth
2026-04-04 11:14:38,052 INFO src.train.trainer: Last model at epoch 822 saved to checkpoints/etas_20260404-111418/last_model_1.pth
2026-04-04 11:14:38,052 INFO src.train.trainer: Epoch 823
2026-04-04 11:14:38,070 INFO src.train.trainer: New best validation loss: -5.6146, saved to checkpoints/etas_20260404-111418/best_model_1.pth
2026-04-04 11:14:38,072 INFO src.train.trainer: Last model at epoch 823 saved to checkpoints/etas_20260404-111418/last_model_1.pth
2026-04-04 11:14:38,072 INFO src.train.trainer: Epoch 824
2026-04-04 11:14:38,092 INFO src.train.trainer: New best validation loss: -5.6148, saved to checkpoints/etas_20260404-111418/best_model_1.pth
2026-04-04 11:14:38,093 INFO src.train.trainer: Last model at epoch 824 saved to checkpoints/etas_20260404-111418/last_model_1.pth
2026-04-04 11:14:38,093 INFO src.train.trainer: Epoch 825
2026-04-04 11:14:38,112 INFO src.train.trainer: New best validation loss: -5.6150, saved to checkpoints/etas_20260404-111418/best_model_1.pth
2026-04-04 11:14:38,113 INFO src.train.trainer: Last model at epoch 825 saved to checkpoints/etas_20260404-111418/last_model_1.pth
2026-04-04 11:14:38,114 INFO src.train.trainer: Epoch 826
2026-04-04 11:14:38,133 INFO src.train.trainer: New best validation loss: -5.6152, saved to checkpoints/etas_20260404-111418/best_model_1.pth
2026-04-04 11:14:38,134 INFO src.train.trainer: Last model at epoch 826 saved to checkpoints/etas_20260404-111418/last_model_1.pth
2026-04-04 11:14:38,134 INFO src.train.trainer: Epoch 827
2026-04-04 11:14:38,153 INFO src.train.trainer: New best validation loss: -5.6155, saved to checkpoints/etas_20260404-111418/best_model_1.pth
2026-04-04 11:14:38,154 INFO src.train.trainer: Last model at epoch 827 saved to checkpoints/etas_20260404-111418/last_model_1.pth
2026-04-04 11:14:38,154 INFO src.train.trainer: Epoch 828
2026-04-04 11:14:38,177 INFO src.train.trainer: New best validation loss: -5.6157, saved to checkpoints/etas_20260404-111418/best_model_1.pth
2026-04-04 11:14:38,178 INFO src.train.trainer: Last model at epoch 828 saved to checkpoints/etas_20260404-111418/last_model_1.pth
2026-04-04 11:14:38,178 INFO src.train.trainer: Epoch 829
2026-04-04 11:14:38,198 INFO src.train.trainer: New best validation loss: -5.6159, saved to checkpoints/etas_20260404-111418/best_model_1.pth
2026-04-04 11:14:38,200 INFO src.train.trainer: Last model at epoch 829 saved to checkpoints/etas_20260404-111418/last_model_1.pth
2026-04-04 11:14:38,200 INFO src.train.trainer: Epoch 830
2026-04-04 11:14:38,217 INFO src.train.trainer: New best validation loss: -5.6161, saved to checkpoints/etas_20260404-111418/best_model_1.pth
2026-04-04 11:14:38,218 INFO src.train.trainer: Last model at epoch 830 saved to checkpoints/etas_20260404-111418/last_model_1.pth
2026-04-04 11:14:38,218 INFO src.train.trainer: Epoch 831
2026-04-04 11:14:38,235 INFO src.train.trainer: New best validation loss: -5.6163, saved to checkpoints/etas_20260404-111418/best_model_1.pth
2026-04-04 11:14:38,237 INFO src.train.trainer: Last model at epoch 831 saved to checkpoints/etas_20260404-111418/last_model_1.pth
2026-04-04 11:14:38,237 INFO src.train.trainer: Epoch 832
2026-04-04 11:14:38,254 INFO src.train.trainer: New best validation loss: -5.6166, saved to checkpoints/etas_20260404-111418/best_model_1.pth
2026-04-04 11:14:38,255 INFO src.train.trainer: Last model at epoch 832 saved to checkpoints/etas_20260404-111418/last_model_1.pth
2026-04-04 11:14:38,255 INFO src.train.trainer: Epoch 833
2026-04-04 11:14:38,272 INFO src.train.trainer: New best validation loss: -5.6168, saved to checkpoints/etas_20260404-111418/best_model_1.pth
2026-04-04 11:14:38,274 INFO src.train.trainer: Last model at epoch 833 saved to checkpoints/etas_20260404-111418/last_model_1.pth
2026-04-04 11:14:38,274 INFO src.train.trainer: Epoch 834
2026-04-04 11:14:38,294 INFO src.train.trainer: New best validation loss: -5.6170, saved to checkpoints/etas_20260404-111418/best_model_1.pth
2026-04-04 11:14:38,295 INFO src.train.trainer: Last model at epoch 834 saved to checkpoints/etas_20260404-111418/last_model_1.pth
2026-04-04 11:14:38,295 INFO src.train.trainer: Epoch 835
2026-04-04 11:14:38,312 INFO src.train.trainer: New best validation loss: -5.6172, saved to checkpoints/etas_20260404-111418/best_model_1.pth
2026-04-04 11:14:38,314 INFO src.train.trainer: Last model at epoch 835 saved to checkpoints/etas_20260404-111418/last_model_1.pth
2026-04-04 11:14:38,314 INFO src.train.trainer: Epoch 836
2026-04-04 11:14:38,332 INFO src.train.trainer: New best validation loss: -5.6175, saved to checkpoints/etas_20260404-111418/best_model_1.pth
2026-04-04 11:14:38,333 INFO src.train.trainer: Last model at epoch 836 saved to checkpoints/etas_20260404-111418/last_model_1.pth
2026-04-04 11:14:38,333 INFO src.train.trainer: Epoch 837
2026-04-04 11:14:38,351 INFO src.train.trainer: New best validation loss: -5.6177, saved to checkpoints/etas_20260404-111418/best_model_1.pth
2026-04-04 11:14:38,353 INFO src.train.trainer: Last model at epoch 837 saved to checkpoints/etas_20260404-111418/last_model_1.pth
2026-04-04 11:14:38,353 INFO src.train.trainer: Epoch 838
2026-04-04 11:14:38,370 INFO src.train.trainer: New best validation loss: -5.6179, saved to checkpoints/etas_20260404-111418/best_model_1.pth
2026-04-04 11:14:38,371 INFO src.train.trainer: Last model at epoch 838 saved to checkpoints/etas_20260404-111418/last_model_1.pth
2026-04-04 11:14:38,372 INFO src.train.trainer: Epoch 839
2026-04-04 11:14:38,393 INFO src.train.trainer: New best validation loss: -5.6181, saved to checkpoints/etas_20260404-111418/best_model_1.pth
2026-04-04 11:14:38,394 INFO src.train.trainer: Last model at epoch 839 saved to checkpoints/etas_20260404-111418/last_model_1.pth
2026-04-04 11:14:38,394 INFO src.train.trainer: Epoch 840
2026-04-04 11:14:38,412 INFO src.train.trainer: New best validation loss: -5.6183, saved to checkpoints/etas_20260404-111418/best_model_1.pth
2026-04-04 11:14:38,413 INFO src.train.trainer: Last model at epoch 840 saved to checkpoints/etas_20260404-111418/last_model_1.pth
2026-04-04 11:14:38,413 INFO src.train.trainer: Epoch 841
2026-04-04 11:14:38,431 INFO src.train.trainer: New best validation loss: -5.6186, saved to checkpoints/etas_20260404-111418/best_model_1.pth
2026-04-04 11:14:38,432 INFO src.train.trainer: Last model at epoch 841 saved to checkpoints/etas_20260404-111418/last_model_1.pth
2026-04-04 11:14:38,432 INFO src.train.trainer: Epoch 842
2026-04-04 11:14:38,449 INFO src.train.trainer: New best validation loss: -5.6188, saved to checkpoints/etas_20260404-111418/best_model_1.pth
2026-04-04 11:14:38,451 INFO src.train.trainer: Last model at epoch 842 saved to checkpoints/etas_20260404-111418/last_model_1.pth
2026-04-04 11:14:38,451 INFO src.train.trainer: Epoch 843
2026-04-04 11:14:38,471 INFO src.train.trainer: New best validation loss: -5.6190, saved to checkpoints/etas_20260404-111418/best_model_1.pth
2026-04-04 11:14:38,473 INFO src.train.trainer: Last model at epoch 843 saved to checkpoints/etas_20260404-111418/last_model_1.pth
2026-04-04 11:14:38,473 INFO src.train.trainer: Epoch 844
2026-04-04 11:14:38,492 INFO src.train.trainer: New best validation loss: -5.6192, saved to checkpoints/etas_20260404-111418/best_model_1.pth
2026-04-04 11:14:38,494 INFO src.train.trainer: Last model at epoch 844 saved to checkpoints/etas_20260404-111418/last_model_1.pth
2026-04-04 11:14:38,494 INFO src.train.trainer: Epoch 845
2026-04-04 11:14:38,514 INFO src.train.trainer: New best validation loss: -5.6195, saved to checkpoints/etas_20260404-111418/best_model_1.pth
2026-04-04 11:14:38,515 INFO src.train.trainer: Last model at epoch 845 saved to checkpoints/etas_20260404-111418/last_model_1.pth
2026-04-04 11:14:38,515 INFO src.train.trainer: Epoch 846
2026-04-04 11:14:38,534 INFO src.train.trainer: New best validation loss: -5.6197, saved to checkpoints/etas_20260404-111418/best_model_1.pth
2026-04-04 11:14:38,535 INFO src.train.trainer: Last model at epoch 846 saved to checkpoints/etas_20260404-111418/last_model_1.pth
2026-04-04 11:14:38,535 INFO src.train.trainer: Epoch 847
2026-04-04 11:14:38,553 INFO src.train.trainer: New best validation loss: -5.6199, saved to checkpoints/etas_20260404-111418/best_model_1.pth
2026-04-04 11:14:38,555 INFO src.train.trainer: Last model at epoch 847 saved to checkpoints/etas_20260404-111418/last_model_1.pth
2026-04-04 11:14:38,555 INFO src.train.trainer: Epoch 848
2026-04-04 11:14:38,573 INFO src.train.trainer: New best validation loss: -5.6201, saved to checkpoints/etas_20260404-111418/best_model_1.pth
2026-04-04 11:14:38,575 INFO src.train.trainer: Last model at epoch 848 saved to checkpoints/etas_20260404-111418/last_model_1.pth
2026-04-04 11:14:38,575 INFO src.train.trainer: Epoch 849
2026-04-04 11:14:38,595 INFO src.train.trainer: New best validation loss: -5.6204, saved to checkpoints/etas_20260404-111418/best_model_1.pth
2026-04-04 11:14:38,596 INFO src.train.trainer: Last model at epoch 849 saved to checkpoints/etas_20260404-111418/last_model_1.pth
2026-04-04 11:14:38,596 INFO src.train.trainer: Epoch 850
2026-04-04 11:14:38,615 INFO src.train.trainer: New best validation loss: -5.6206, saved to checkpoints/etas_20260404-111418/best_model_1.pth
2026-04-04 11:14:38,617 INFO src.train.trainer: Last model at epoch 850 saved to checkpoints/etas_20260404-111418/last_model_1.pth
2026-04-04 11:14:38,617 INFO src.train.trainer: Epoch 851
2026-04-04 11:14:38,637 INFO src.train.trainer: New best validation loss: -5.6208, saved to checkpoints/etas_20260404-111418/best_model_1.pth
2026-04-04 11:14:38,638 INFO src.train.trainer: Last model at epoch 851 saved to checkpoints/etas_20260404-111418/last_model_1.pth
2026-04-04 11:14:38,638 INFO src.train.trainer: Epoch 852
2026-04-04 11:14:38,662 INFO src.train.trainer: New best validation loss: -5.6211, saved to checkpoints/etas_20260404-111418/best_model_1.pth
2026-04-04 11:14:38,664 INFO src.train.trainer: Last model at epoch 852 saved to checkpoints/etas_20260404-111418/last_model_1.pth
2026-04-04 11:14:38,665 INFO src.train.trainer: Epoch 853
2026-04-04 11:14:38,691 INFO src.train.trainer: New best validation loss: -5.6213, saved to checkpoints/etas_20260404-111418/best_model_1.pth
2026-04-04 11:14:38,693 INFO src.train.trainer: Last model at epoch 853 saved to checkpoints/etas_20260404-111418/last_model_1.pth
2026-04-04 11:14:38,694 INFO src.train.trainer: Epoch 854
2026-04-04 11:14:38,720 INFO src.train.trainer: New best validation loss: -5.6215, saved to checkpoints/etas_20260404-111418/best_model_1.pth
2026-04-04 11:14:38,722 INFO src.train.trainer: Last model at epoch 854 saved to checkpoints/etas_20260404-111418/last_model_1.pth
2026-04-04 11:14:38,722 INFO src.train.trainer: Epoch 855
2026-04-04 11:14:38,747 INFO src.train.trainer: New best validation loss: -5.6217, saved to checkpoints/etas_20260404-111418/best_model_1.pth
2026-04-04 11:14:38,748 INFO src.train.trainer: Last model at epoch 855 saved to checkpoints/etas_20260404-111418/last_model_1.pth
2026-04-04 11:14:38,748 INFO src.train.trainer: Epoch 856
2026-04-04 11:14:38,772 INFO src.train.trainer: New best validation loss: -5.6220, saved to checkpoints/etas_20260404-111418/best_model_1.pth
2026-04-04 11:14:38,773 INFO src.train.trainer: Last model at epoch 856 saved to checkpoints/etas_20260404-111418/last_model_1.pth
2026-04-04 11:14:38,773 INFO src.train.trainer: Epoch 857
2026-04-04 11:14:38,796 INFO src.train.trainer: New best validation loss: -5.6222, saved to checkpoints/etas_20260404-111418/best_model_1.pth
2026-04-04 11:14:38,797 INFO src.train.trainer: Last model at epoch 857 saved to checkpoints/etas_20260404-111418/last_model_1.pth
2026-04-04 11:14:38,797 INFO src.train.trainer: Epoch 858
2026-04-04 11:14:38,820 INFO src.train.trainer: New best validation loss: -5.6224, saved to checkpoints/etas_20260404-111418/best_model_1.pth
2026-04-04 11:14:38,822 INFO src.train.trainer: Last model at epoch 858 saved to checkpoints/etas_20260404-111418/last_model_1.pth
2026-04-04 11:14:38,822 INFO src.train.trainer: Epoch 859
2026-04-04 11:14:38,844 INFO src.train.trainer: New best validation loss: -5.6227, saved to checkpoints/etas_20260404-111418/best_model_1.pth
2026-04-04 11:14:38,846 INFO src.train.trainer: Last model at epoch 859 saved to checkpoints/etas_20260404-111418/last_model_1.pth
2026-04-04 11:14:38,846 INFO src.train.trainer: Epoch 860
2026-04-04 11:14:38,873 INFO src.train.trainer: New best validation loss: -5.6229, saved to checkpoints/etas_20260404-111418/best_model_1.pth
2026-04-04 11:14:38,874 INFO src.train.trainer: Last model at epoch 860 saved to checkpoints/etas_20260404-111418/last_model_1.pth
2026-04-04 11:14:38,874 INFO src.train.trainer: Epoch 861
2026-04-04 11:14:38,897 INFO src.train.trainer: New best validation loss: -5.6231, saved to checkpoints/etas_20260404-111418/best_model_1.pth
2026-04-04 11:14:38,898 INFO src.train.trainer: Last model at epoch 861 saved to checkpoints/etas_20260404-111418/last_model_1.pth
2026-04-04 11:14:38,898 INFO src.train.trainer: Epoch 862
2026-04-04 11:14:38,921 INFO src.train.trainer: New best validation loss: -5.6234, saved to checkpoints/etas_20260404-111418/best_model_1.pth
2026-04-04 11:14:38,922 INFO src.train.trainer: Last model at epoch 862 saved to checkpoints/etas_20260404-111418/last_model_1.pth
2026-04-04 11:14:38,922 INFO src.train.trainer: Epoch 863
2026-04-04 11:14:38,944 INFO src.train.trainer: New best validation loss: -5.6236, saved to checkpoints/etas_20260404-111418/best_model_1.pth
2026-04-04 11:14:38,946 INFO src.train.trainer: Last model at epoch 863 saved to checkpoints/etas_20260404-111418/last_model_1.pth
2026-04-04 11:14:38,946 INFO src.train.trainer: Epoch 864
2026-04-04 11:14:38,969 INFO src.train.trainer: New best validation loss: -5.6238, saved to checkpoints/etas_20260404-111418/best_model_1.pth
2026-04-04 11:14:38,971 INFO src.train.trainer: Last model at epoch 864 saved to checkpoints/etas_20260404-111418/last_model_1.pth
2026-04-04 11:14:38,971 INFO src.train.trainer: Epoch 865
2026-04-04 11:14:38,994 INFO src.train.trainer: New best validation loss: -5.6241, saved to checkpoints/etas_20260404-111418/best_model_1.pth
2026-04-04 11:14:38,995 INFO src.train.trainer: Last model at epoch 865 saved to checkpoints/etas_20260404-111418/last_model_1.pth
2026-04-04 11:14:38,995 INFO src.train.trainer: Epoch 866
2026-04-04 11:14:39,018 INFO src.train.trainer: New best validation loss: -5.6243, saved to checkpoints/etas_20260404-111418/best_model_1.pth
2026-04-04 11:14:39,019 INFO src.train.trainer: Last model at epoch 866 saved to checkpoints/etas_20260404-111418/last_model_1.pth
2026-04-04 11:14:39,019 INFO src.train.trainer: Epoch 867
2026-04-04 11:14:39,042 INFO src.train.trainer: New best validation loss: -5.6245, saved to checkpoints/etas_20260404-111418/best_model_1.pth
2026-04-04 11:14:39,043 INFO src.train.trainer: Last model at epoch 867 saved to checkpoints/etas_20260404-111418/last_model_1.pth
2026-04-04 11:14:39,043 INFO src.train.trainer: Epoch 868
2026-04-04 11:14:39,066 INFO src.train.trainer: New best validation loss: -5.6248, saved to checkpoints/etas_20260404-111418/best_model_1.pth
2026-04-04 11:14:39,068 INFO src.train.trainer: Last model at epoch 868 saved to checkpoints/etas_20260404-111418/last_model_1.pth
2026-04-04 11:14:39,068 INFO src.train.trainer: Epoch 869
2026-04-04 11:14:39,091 INFO src.train.trainer: New best validation loss: -5.6250, saved to checkpoints/etas_20260404-111418/best_model_1.pth
2026-04-04 11:14:39,092 INFO src.train.trainer: Last model at epoch 869 saved to checkpoints/etas_20260404-111418/last_model_1.pth
2026-04-04 11:14:39,092 INFO src.train.trainer: Epoch 870
2026-04-04 11:14:39,114 INFO src.train.trainer: New best validation loss: -5.6252, saved to checkpoints/etas_20260404-111418/best_model_1.pth
2026-04-04 11:14:39,116 INFO src.train.trainer: Last model at epoch 870 saved to checkpoints/etas_20260404-111418/last_model_1.pth
2026-04-04 11:14:39,116 INFO src.train.trainer: Epoch 871
2026-04-04 11:14:39,139 INFO src.train.trainer: New best validation loss: -5.6255, saved to checkpoints/etas_20260404-111418/best_model_1.pth
2026-04-04 11:14:39,141 INFO src.train.trainer: Last model at epoch 871 saved to checkpoints/etas_20260404-111418/last_model_1.pth
2026-04-04 11:14:39,141 INFO src.train.trainer: Epoch 872
2026-04-04 11:14:39,164 INFO src.train.trainer: New best validation loss: -5.6257, saved to checkpoints/etas_20260404-111418/best_model_1.pth
2026-04-04 11:14:39,165 INFO src.train.trainer: Last model at epoch 872 saved to checkpoints/etas_20260404-111418/last_model_1.pth
2026-04-04 11:14:39,165 INFO src.train.trainer: Epoch 873
2026-04-04 11:14:39,188 INFO src.train.trainer: New best validation loss: -5.6259, saved to checkpoints/etas_20260404-111418/best_model_1.pth
2026-04-04 11:14:39,189 INFO src.train.trainer: Last model at epoch 873 saved to checkpoints/etas_20260404-111418/last_model_1.pth
2026-04-04 11:14:39,190 INFO src.train.trainer: Epoch 874
2026-04-04 11:14:39,212 INFO src.train.trainer: New best validation loss: -5.6262, saved to checkpoints/etas_20260404-111418/best_model_1.pth
2026-04-04 11:14:39,213 INFO src.train.trainer: Last model at epoch 874 saved to checkpoints/etas_20260404-111418/last_model_1.pth
2026-04-04 11:14:39,213 INFO src.train.trainer: Epoch 875
2026-04-04 11:14:39,236 INFO src.train.trainer: New best validation loss: -5.6264, saved to checkpoints/etas_20260404-111418/best_model_1.pth
2026-04-04 11:14:39,237 INFO src.train.trainer: Last model at epoch 875 saved to checkpoints/etas_20260404-111418/last_model_1.pth
2026-04-04 11:14:39,237 INFO src.train.trainer: Epoch 876
2026-04-04 11:14:39,261 INFO src.train.trainer: New best validation loss: -5.6266, saved to checkpoints/etas_20260404-111418/best_model_1.pth
2026-04-04 11:14:39,262 INFO src.train.trainer: Last model at epoch 876 saved to checkpoints/etas_20260404-111418/last_model_1.pth
2026-04-04 11:14:39,262 INFO src.train.trainer: Epoch 877
2026-04-04 11:14:39,285 INFO src.train.trainer: New best validation loss: -5.6269, saved to checkpoints/etas_20260404-111418/best_model_1.pth
2026-04-04 11:14:39,286 INFO src.train.trainer: Last model at epoch 877 saved to checkpoints/etas_20260404-111418/last_model_1.pth
2026-04-04 11:14:39,286 INFO src.train.trainer: Epoch 878
2026-04-04 11:14:39,309 INFO src.train.trainer: New best validation loss: -5.6271, saved to checkpoints/etas_20260404-111418/best_model_1.pth
2026-04-04 11:14:39,310 INFO src.train.trainer: Last model at epoch 878 saved to checkpoints/etas_20260404-111418/last_model_1.pth
2026-04-04 11:14:39,310 INFO src.train.trainer: Epoch 879
2026-04-04 11:14:39,333 INFO src.train.trainer: New best validation loss: -5.6273, saved to checkpoints/etas_20260404-111418/best_model_1.pth
2026-04-04 11:14:39,334 INFO src.train.trainer: Last model at epoch 879 saved to checkpoints/etas_20260404-111418/last_model_1.pth
2026-04-04 11:14:39,334 INFO src.train.trainer: Epoch 880
2026-04-04 11:14:39,357 INFO src.train.trainer: New best validation loss: -5.6276, saved to checkpoints/etas_20260404-111418/best_model_1.pth
2026-04-04 11:14:39,358 INFO src.train.trainer: Last model at epoch 880 saved to checkpoints/etas_20260404-111418/last_model_1.pth
2026-04-04 11:14:39,359 INFO src.train.trainer: Epoch 881
2026-04-04 11:14:39,382 INFO src.train.trainer: New best validation loss: -5.6278, saved to checkpoints/etas_20260404-111418/best_model_1.pth
2026-04-04 11:14:39,383 INFO src.train.trainer: Last model at epoch 881 saved to checkpoints/etas_20260404-111418/last_model_1.pth
2026-04-04 11:14:39,383 INFO src.train.trainer: Epoch 882
2026-04-04 11:14:39,406 INFO src.train.trainer: New best validation loss: -5.6281, saved to checkpoints/etas_20260404-111418/best_model_1.pth
2026-04-04 11:14:39,407 INFO src.train.trainer: Last model at epoch 882 saved to checkpoints/etas_20260404-111418/last_model_1.pth
2026-04-04 11:14:39,407 INFO src.train.trainer: Epoch 883
2026-04-04 11:14:39,430 INFO src.train.trainer: New best validation loss: -5.6283, saved to checkpoints/etas_20260404-111418/best_model_1.pth
2026-04-04 11:14:39,431 INFO src.train.trainer: Last model at epoch 883 saved to checkpoints/etas_20260404-111418/last_model_1.pth
2026-04-04 11:14:39,431 INFO src.train.trainer: Epoch 884
2026-04-04 11:14:39,457 INFO src.train.trainer: New best validation loss: -5.6285, saved to checkpoints/etas_20260404-111418/best_model_1.pth
2026-04-04 11:14:39,458 INFO src.train.trainer: Last model at epoch 884 saved to checkpoints/etas_20260404-111418/last_model_1.pth
2026-04-04 11:14:39,458 INFO src.train.trainer: Epoch 885
2026-04-04 11:14:39,481 INFO src.train.trainer: New best validation loss: -5.6288, saved to checkpoints/etas_20260404-111418/best_model_1.pth
2026-04-04 11:14:39,483 INFO src.train.trainer: Last model at epoch 885 saved to checkpoints/etas_20260404-111418/last_model_1.pth
2026-04-04 11:14:39,483 INFO src.train.trainer: Epoch 886
2026-04-04 11:14:39,505 INFO src.train.trainer: New best validation loss: -5.6290, saved to checkpoints/etas_20260404-111418/best_model_1.pth
2026-04-04 11:14:39,507 INFO src.train.trainer: Last model at epoch 886 saved to checkpoints/etas_20260404-111418/last_model_1.pth
2026-04-04 11:14:39,507 INFO src.train.trainer: Epoch 887
2026-04-04 11:14:39,529 INFO src.train.trainer: New best validation loss: -5.6292, saved to checkpoints/etas_20260404-111418/best_model_1.pth
2026-04-04 11:14:39,531 INFO src.train.trainer: Last model at epoch 887 saved to checkpoints/etas_20260404-111418/last_model_1.pth
2026-04-04 11:14:39,531 INFO src.train.trainer: Epoch 888
2026-04-04 11:14:39,554 INFO src.train.trainer: New best validation loss: -5.6295, saved to checkpoints/etas_20260404-111418/best_model_1.pth
2026-04-04 11:14:39,555 INFO src.train.trainer: Last model at epoch 888 saved to checkpoints/etas_20260404-111418/last_model_1.pth
2026-04-04 11:14:39,555 INFO src.train.trainer: Epoch 889
2026-04-04 11:14:39,578 INFO src.train.trainer: New best validation loss: -5.6297, saved to checkpoints/etas_20260404-111418/best_model_1.pth
2026-04-04 11:14:39,579 INFO src.train.trainer: Last model at epoch 889 saved to checkpoints/etas_20260404-111418/last_model_1.pth
2026-04-04 11:14:39,579 INFO src.train.trainer: Epoch 890
2026-04-04 11:14:39,601 INFO src.train.trainer: New best validation loss: -5.6300, saved to checkpoints/etas_20260404-111418/best_model_1.pth
2026-04-04 11:14:39,603 INFO src.train.trainer: Last model at epoch 890 saved to checkpoints/etas_20260404-111418/last_model_1.pth
2026-04-04 11:14:39,603 INFO src.train.trainer: Epoch 891
2026-04-04 11:14:39,626 INFO src.train.trainer: New best validation loss: -5.6302, saved to checkpoints/etas_20260404-111418/best_model_1.pth
2026-04-04 11:14:39,627 INFO src.train.trainer: Last model at epoch 891 saved to checkpoints/etas_20260404-111418/last_model_1.pth
2026-04-04 11:14:39,627 INFO src.train.trainer: Epoch 892
2026-04-04 11:14:39,650 INFO src.train.trainer: New best validation loss: -5.6304, saved to checkpoints/etas_20260404-111418/best_model_1.pth
2026-04-04 11:14:39,651 INFO src.train.trainer: Last model at epoch 892 saved to checkpoints/etas_20260404-111418/last_model_1.pth
2026-04-04 11:14:39,651 INFO src.train.trainer: Epoch 893
2026-04-04 11:14:39,674 INFO src.train.trainer: New best validation loss: -5.6307, saved to checkpoints/etas_20260404-111418/best_model_1.pth
2026-04-04 11:14:39,675 INFO src.train.trainer: Last model at epoch 893 saved to checkpoints/etas_20260404-111418/last_model_1.pth
2026-04-04 11:14:39,675 INFO src.train.trainer: Epoch 894
2026-04-04 11:14:39,698 INFO src.train.trainer: New best validation loss: -5.6309, saved to checkpoints/etas_20260404-111418/best_model_1.pth
2026-04-04 11:14:39,699 INFO src.train.trainer: Last model at epoch 894 saved to checkpoints/etas_20260404-111418/last_model_1.pth
2026-04-04 11:14:39,700 INFO src.train.trainer: Epoch 895
2026-04-04 11:14:39,722 INFO src.train.trainer: New best validation loss: -5.6312, saved to checkpoints/etas_20260404-111418/best_model_1.pth
2026-04-04 11:14:39,723 INFO src.train.trainer: Last model at epoch 895 saved to checkpoints/etas_20260404-111418/last_model_1.pth
2026-04-04 11:14:39,723 INFO src.train.trainer: Epoch 896
2026-04-04 11:14:39,745 INFO src.train.trainer: New best validation loss: -5.6314, saved to checkpoints/etas_20260404-111418/best_model_1.pth
2026-04-04 11:14:39,747 INFO src.train.trainer: Last model at epoch 896 saved to checkpoints/etas_20260404-111418/last_model_1.pth
2026-04-04 11:14:39,747 INFO src.train.trainer: Epoch 897
2026-04-04 11:14:39,771 INFO src.train.trainer: New best validation loss: -5.6316, saved to checkpoints/etas_20260404-111418/best_model_1.pth
2026-04-04 11:14:39,772 INFO src.train.trainer: Last model at epoch 897 saved to checkpoints/etas_20260404-111418/last_model_1.pth
2026-04-04 11:14:39,772 INFO src.train.trainer: Epoch 898
2026-04-04 11:14:39,795 INFO src.train.trainer: New best validation loss: -5.6319, saved to checkpoints/etas_20260404-111418/best_model_1.pth
2026-04-04 11:14:39,797 INFO src.train.trainer: Last model at epoch 898 saved to checkpoints/etas_20260404-111418/last_model_1.pth
2026-04-04 11:14:39,797 INFO src.train.trainer: Epoch 899
2026-04-04 11:14:39,819 INFO src.train.trainer: New best validation loss: -5.6321, saved to checkpoints/etas_20260404-111418/best_model_1.pth
2026-04-04 11:14:39,820 INFO src.train.trainer: Last model at epoch 899 saved to checkpoints/etas_20260404-111418/last_model_1.pth
2026-04-04 11:14:39,821 INFO src.train.trainer: Epoch 900
2026-04-04 11:14:39,843 INFO src.train.trainer: New best validation loss: -5.6324, saved to checkpoints/etas_20260404-111418/best_model_1.pth
2026-04-04 11:14:39,844 INFO src.train.trainer: Last model at epoch 900 saved to checkpoints/etas_20260404-111418/last_model_1.pth
2026-04-04 11:14:39,844 INFO src.train.trainer: Epoch 901
2026-04-04 11:14:39,867 INFO src.train.trainer: New best validation loss: -5.6326, saved to checkpoints/etas_20260404-111418/best_model_1.pth
2026-04-04 11:14:39,868 INFO src.train.trainer: Last model at epoch 901 saved to checkpoints/etas_20260404-111418/last_model_1.pth
2026-04-04 11:14:39,868 INFO src.train.trainer: Epoch 902
2026-04-04 11:14:39,891 INFO src.train.trainer: New best validation loss: -5.6329, saved to checkpoints/etas_20260404-111418/best_model_1.pth
2026-04-04 11:14:39,892 INFO src.train.trainer: Last model at epoch 902 saved to checkpoints/etas_20260404-111418/last_model_1.pth
2026-04-04 11:14:39,892 INFO src.train.trainer: Epoch 903
2026-04-04 11:14:39,914 INFO src.train.trainer: New best validation loss: -5.6331, saved to checkpoints/etas_20260404-111418/best_model_1.pth
2026-04-04 11:14:39,916 INFO src.train.trainer: Last model at epoch 903 saved to checkpoints/etas_20260404-111418/last_model_1.pth
2026-04-04 11:14:39,916 INFO src.train.trainer: Epoch 904
2026-04-04 11:14:39,938 INFO src.train.trainer: New best validation loss: -5.6333, saved to checkpoints/etas_20260404-111418/best_model_1.pth
2026-04-04 11:14:39,940 INFO src.train.trainer: Last model at epoch 904 saved to checkpoints/etas_20260404-111418/last_model_1.pth
2026-04-04 11:14:39,940 INFO src.train.trainer: Epoch 905
2026-04-04 11:14:39,963 INFO src.train.trainer: New best validation loss: -5.6336, saved to checkpoints/etas_20260404-111418/best_model_1.pth
2026-04-04 11:14:39,964 INFO src.train.trainer: Last model at epoch 905 saved to checkpoints/etas_20260404-111418/last_model_1.pth
2026-04-04 11:14:39,964 INFO src.train.trainer: Epoch 906
2026-04-04 11:14:39,987 INFO src.train.trainer: New best validation loss: -5.6338, saved to checkpoints/etas_20260404-111418/best_model_1.pth
2026-04-04 11:14:39,988 INFO src.train.trainer: Last model at epoch 906 saved to checkpoints/etas_20260404-111418/last_model_1.pth
2026-04-04 11:14:39,988 INFO src.train.trainer: Epoch 907
2026-04-04 11:14:40,011 INFO src.train.trainer: New best validation loss: -5.6341, saved to checkpoints/etas_20260404-111418/best_model_1.pth
2026-04-04 11:14:40,012 INFO src.train.trainer: Last model at epoch 907 saved to checkpoints/etas_20260404-111418/last_model_1.pth
2026-04-04 11:14:40,012 INFO src.train.trainer: Epoch 908
2026-04-04 11:14:40,036 INFO src.train.trainer: New best validation loss: -5.6343, saved to checkpoints/etas_20260404-111418/best_model_1.pth
2026-04-04 11:14:40,037 INFO src.train.trainer: Last model at epoch 908 saved to checkpoints/etas_20260404-111418/last_model_1.pth
2026-04-04 11:14:40,037 INFO src.train.trainer: Epoch 909
2026-04-04 11:14:40,061 INFO src.train.trainer: New best validation loss: -5.6346, saved to checkpoints/etas_20260404-111418/best_model_1.pth
2026-04-04 11:14:40,063 INFO src.train.trainer: Last model at epoch 909 saved to checkpoints/etas_20260404-111418/last_model_1.pth
2026-04-04 11:14:40,063 INFO src.train.trainer: Epoch 910
2026-04-04 11:14:40,086 INFO src.train.trainer: New best validation loss: -5.6348, saved to checkpoints/etas_20260404-111418/best_model_1.pth
2026-04-04 11:14:40,088 INFO src.train.trainer: Last model at epoch 910 saved to checkpoints/etas_20260404-111418/last_model_1.pth
2026-04-04 11:14:40,088 INFO src.train.trainer: Epoch 911
2026-04-04 11:14:40,111 INFO src.train.trainer: New best validation loss: -5.6351, saved to checkpoints/etas_20260404-111418/best_model_1.pth
2026-04-04 11:14:40,112 INFO src.train.trainer: Last model at epoch 911 saved to checkpoints/etas_20260404-111418/last_model_1.pth
2026-04-04 11:14:40,112 INFO src.train.trainer: Epoch 912
2026-04-04 11:14:40,135 INFO src.train.trainer: New best validation loss: -5.6353, saved to checkpoints/etas_20260404-111418/best_model_1.pth
2026-04-04 11:14:40,136 INFO src.train.trainer: Last model at epoch 912 saved to checkpoints/etas_20260404-111418/last_model_1.pth
2026-04-04 11:14:40,136 INFO src.train.trainer: Epoch 913
2026-04-04 11:14:40,159 INFO src.train.trainer: New best validation loss: -5.6355, saved to checkpoints/etas_20260404-111418/best_model_1.pth
2026-04-04 11:14:40,160 INFO src.train.trainer: Last model at epoch 913 saved to checkpoints/etas_20260404-111418/last_model_1.pth
2026-04-04 11:14:40,160 INFO src.train.trainer: Epoch 914
2026-04-04 11:14:40,183 INFO src.train.trainer: New best validation loss: -5.6358, saved to checkpoints/etas_20260404-111418/best_model_1.pth
2026-04-04 11:14:40,185 INFO src.train.trainer: Last model at epoch 914 saved to checkpoints/etas_20260404-111418/last_model_1.pth
2026-04-04 11:14:40,185 INFO src.train.trainer: Epoch 915
2026-04-04 11:14:40,207 INFO src.train.trainer: New best validation loss: -5.6360, saved to checkpoints/etas_20260404-111418/best_model_1.pth
2026-04-04 11:14:40,209 INFO src.train.trainer: Last model at epoch 915 saved to checkpoints/etas_20260404-111418/last_model_1.pth
2026-04-04 11:14:40,209 INFO src.train.trainer: Epoch 916
2026-04-04 11:14:40,231 INFO src.train.trainer: New best validation loss: -5.6363, saved to checkpoints/etas_20260404-111418/best_model_1.pth
2026-04-04 11:14:40,232 INFO src.train.trainer: Last model at epoch 916 saved to checkpoints/etas_20260404-111418/last_model_1.pth
2026-04-04 11:14:40,232 INFO src.train.trainer: Epoch 917
2026-04-04 11:14:40,256 INFO src.train.trainer: New best validation loss: -5.6365, saved to checkpoints/etas_20260404-111418/best_model_1.pth
2026-04-04 11:14:40,257 INFO src.train.trainer: Last model at epoch 917 saved to checkpoints/etas_20260404-111418/last_model_1.pth
2026-04-04 11:14:40,257 INFO src.train.trainer: Epoch 918
2026-04-04 11:14:40,280 INFO src.train.trainer: New best validation loss: -5.6368, saved to checkpoints/etas_20260404-111418/best_model_1.pth
2026-04-04 11:14:40,282 INFO src.train.trainer: Last model at epoch 918 saved to checkpoints/etas_20260404-111418/last_model_1.pth
2026-04-04 11:14:40,282 INFO src.train.trainer: Epoch 919
2026-04-04 11:14:40,304 INFO src.train.trainer: New best validation loss: -5.6370, saved to checkpoints/etas_20260404-111418/best_model_1.pth
2026-04-04 11:14:40,305 INFO src.train.trainer: Last model at epoch 919 saved to checkpoints/etas_20260404-111418/last_model_1.pth
2026-04-04 11:14:40,306 INFO src.train.trainer: Epoch 920
2026-04-04 11:14:40,328 INFO src.train.trainer: New best validation loss: -5.6373, saved to checkpoints/etas_20260404-111418/best_model_1.pth
2026-04-04 11:14:40,329 INFO src.train.trainer: Last model at epoch 920 saved to checkpoints/etas_20260404-111418/last_model_1.pth
2026-04-04 11:14:40,329 INFO src.train.trainer: Epoch 921
2026-04-04 11:14:40,352 INFO src.train.trainer: New best validation loss: -5.6375, saved to checkpoints/etas_20260404-111418/best_model_1.pth
2026-04-04 11:14:40,353 INFO src.train.trainer: Last model at epoch 921 saved to checkpoints/etas_20260404-111418/last_model_1.pth
2026-04-04 11:14:40,353 INFO src.train.trainer: Epoch 922
2026-04-04 11:14:40,376 INFO src.train.trainer: New best validation loss: -5.6378, saved to checkpoints/etas_20260404-111418/best_model_1.pth
2026-04-04 11:14:40,377 INFO src.train.trainer: Last model at epoch 922 saved to checkpoints/etas_20260404-111418/last_model_1.pth
2026-04-04 11:14:40,377 INFO src.train.trainer: Epoch 923
2026-04-04 11:14:40,399 INFO src.train.trainer: New best validation loss: -5.6380, saved to checkpoints/etas_20260404-111418/best_model_1.pth
2026-04-04 11:14:40,401 INFO src.train.trainer: Last model at epoch 923 saved to checkpoints/etas_20260404-111418/last_model_1.pth
2026-04-04 11:14:40,401 INFO src.train.trainer: Epoch 924
2026-04-04 11:14:40,424 INFO src.train.trainer: New best validation loss: -5.6382, saved to checkpoints/etas_20260404-111418/best_model_1.pth
2026-04-04 11:14:40,426 INFO src.train.trainer: Last model at epoch 924 saved to checkpoints/etas_20260404-111418/last_model_1.pth
2026-04-04 11:14:40,426 INFO src.train.trainer: Epoch 925
2026-04-04 11:14:40,452 INFO src.train.trainer: New best validation loss: -5.6385, saved to checkpoints/etas_20260404-111418/best_model_1.pth
2026-04-04 11:14:40,454 INFO src.train.trainer: Last model at epoch 925 saved to checkpoints/etas_20260404-111418/last_model_1.pth
2026-04-04 11:14:40,454 INFO src.train.trainer: Epoch 926
2026-04-04 11:14:40,477 INFO src.train.trainer: New best validation loss: -5.6387, saved to checkpoints/etas_20260404-111418/best_model_1.pth
2026-04-04 11:14:40,478 INFO src.train.trainer: Last model at epoch 926 saved to checkpoints/etas_20260404-111418/last_model_1.pth
2026-04-04 11:14:40,479 INFO src.train.trainer: Epoch 927
2026-04-04 11:14:40,501 INFO src.train.trainer: New best validation loss: -5.6390, saved to checkpoints/etas_20260404-111418/best_model_1.pth
2026-04-04 11:14:40,503 INFO src.train.trainer: Last model at epoch 927 saved to checkpoints/etas_20260404-111418/last_model_1.pth
2026-04-04 11:14:40,503 INFO src.train.trainer: Epoch 928
2026-04-04 11:14:40,526 INFO src.train.trainer: New best validation loss: -5.6392, saved to checkpoints/etas_20260404-111418/best_model_1.pth
2026-04-04 11:14:40,527 INFO src.train.trainer: Last model at epoch 928 saved to checkpoints/etas_20260404-111418/last_model_1.pth
2026-04-04 11:14:40,527 INFO src.train.trainer: Epoch 929
2026-04-04 11:14:40,550 INFO src.train.trainer: New best validation loss: -5.6395, saved to checkpoints/etas_20260404-111418/best_model_1.pth
2026-04-04 11:14:40,551 INFO src.train.trainer: Last model at epoch 929 saved to checkpoints/etas_20260404-111418/last_model_1.pth
2026-04-04 11:14:40,551 INFO src.train.trainer: Epoch 930
2026-04-04 11:14:40,573 INFO src.train.trainer: New best validation loss: -5.6397, saved to checkpoints/etas_20260404-111418/best_model_1.pth
2026-04-04 11:14:40,575 INFO src.train.trainer: Last model at epoch 930 saved to checkpoints/etas_20260404-111418/last_model_1.pth
2026-04-04 11:14:40,575 INFO src.train.trainer: Epoch 931
2026-04-04 11:14:40,597 INFO src.train.trainer: New best validation loss: -5.6400, saved to checkpoints/etas_20260404-111418/best_model_1.pth
2026-04-04 11:14:40,598 INFO src.train.trainer: Last model at epoch 931 saved to checkpoints/etas_20260404-111418/last_model_1.pth
2026-04-04 11:14:40,599 INFO src.train.trainer: Epoch 932
2026-04-04 11:14:40,621 INFO src.train.trainer: New best validation loss: -5.6402, saved to checkpoints/etas_20260404-111418/best_model_1.pth
2026-04-04 11:14:40,623 INFO src.train.trainer: Last model at epoch 932 saved to checkpoints/etas_20260404-111418/last_model_1.pth
2026-04-04 11:14:40,623 INFO src.train.trainer: Epoch 933
2026-04-04 11:14:40,645 INFO src.train.trainer: New best validation loss: -5.6405, saved to checkpoints/etas_20260404-111418/best_model_1.pth
2026-04-04 11:14:40,647 INFO src.train.trainer: Last model at epoch 933 saved to checkpoints/etas_20260404-111418/last_model_1.pth
2026-04-04 11:14:40,647 INFO src.train.trainer: Epoch 934
2026-04-04 11:14:40,669 INFO src.train.trainer: New best validation loss: -5.6407, saved to checkpoints/etas_20260404-111418/best_model_1.pth
2026-04-04 11:14:40,671 INFO src.train.trainer: Last model at epoch 934 saved to checkpoints/etas_20260404-111418/last_model_1.pth
2026-04-04 11:14:40,671 INFO src.train.trainer: Epoch 935
2026-04-04 11:14:40,693 INFO src.train.trainer: New best validation loss: -5.6410, saved to checkpoints/etas_20260404-111418/best_model_1.pth
2026-04-04 11:14:40,694 INFO src.train.trainer: Last model at epoch 935 saved to checkpoints/etas_20260404-111418/last_model_1.pth
2026-04-04 11:14:40,695 INFO src.train.trainer: Epoch 936
2026-04-04 11:14:40,717 INFO src.train.trainer: New best validation loss: -5.6412, saved to checkpoints/etas_20260404-111418/best_model_1.pth
2026-04-04 11:14:40,718 INFO src.train.trainer: Last model at epoch 936 saved to checkpoints/etas_20260404-111418/last_model_1.pth
2026-04-04 11:14:40,719 INFO src.train.trainer: Epoch 937
2026-04-04 11:14:40,741 INFO src.train.trainer: New best validation loss: -5.6415, saved to checkpoints/etas_20260404-111418/best_model_1.pth
2026-04-04 11:14:40,742 INFO src.train.trainer: Last model at epoch 937 saved to checkpoints/etas_20260404-111418/last_model_1.pth
2026-04-04 11:14:40,742 INFO src.train.trainer: Epoch 938
2026-04-04 11:14:40,765 INFO src.train.trainer: New best validation loss: -5.6417, saved to checkpoints/etas_20260404-111418/best_model_1.pth
2026-04-04 11:14:40,767 INFO src.train.trainer: Last model at epoch 938 saved to checkpoints/etas_20260404-111418/last_model_1.pth
2026-04-04 11:14:40,767 INFO src.train.trainer: Epoch 939
2026-04-04 11:14:40,790 INFO src.train.trainer: New best validation loss: -5.6420, saved to checkpoints/etas_20260404-111418/best_model_1.pth
2026-04-04 11:14:40,792 INFO src.train.trainer: Last model at epoch 939 saved to checkpoints/etas_20260404-111418/last_model_1.pth
2026-04-04 11:14:40,792 INFO src.train.trainer: Epoch 940
2026-04-04 11:14:40,814 INFO src.train.trainer: New best validation loss: -5.6422, saved to checkpoints/etas_20260404-111418/best_model_1.pth
2026-04-04 11:14:40,816 INFO src.train.trainer: Last model at epoch 940 saved to checkpoints/etas_20260404-111418/last_model_1.pth
2026-04-04 11:14:40,816 INFO src.train.trainer: Epoch 941
2026-04-04 11:14:40,838 INFO src.train.trainer: New best validation loss: -5.6425, saved to checkpoints/etas_20260404-111418/best_model_1.pth
2026-04-04 11:14:40,840 INFO src.train.trainer: Last model at epoch 941 saved to checkpoints/etas_20260404-111418/last_model_1.pth
2026-04-04 11:14:40,840 INFO src.train.trainer: Epoch 942
2026-04-04 11:14:40,862 INFO src.train.trainer: New best validation loss: -5.6427, saved to checkpoints/etas_20260404-111418/best_model_1.pth
2026-04-04 11:14:40,864 INFO src.train.trainer: Last model at epoch 942 saved to checkpoints/etas_20260404-111418/last_model_1.pth
2026-04-04 11:14:40,864 INFO src.train.trainer: Epoch 943
2026-04-04 11:14:40,887 INFO src.train.trainer: New best validation loss: -5.6430, saved to checkpoints/etas_20260404-111418/best_model_1.pth
2026-04-04 11:14:40,888 INFO src.train.trainer: Last model at epoch 943 saved to checkpoints/etas_20260404-111418/last_model_1.pth
2026-04-04 11:14:40,888 INFO src.train.trainer: Epoch 944
2026-04-04 11:14:40,910 INFO src.train.trainer: New best validation loss: -5.6432, saved to checkpoints/etas_20260404-111418/best_model_1.pth
2026-04-04 11:14:40,912 INFO src.train.trainer: Last model at epoch 944 saved to checkpoints/etas_20260404-111418/last_model_1.pth
2026-04-04 11:14:40,912 INFO src.train.trainer: Epoch 945
2026-04-04 11:14:40,935 INFO src.train.trainer: New best validation loss: -5.6435, saved to checkpoints/etas_20260404-111418/best_model_1.pth
2026-04-04 11:14:40,936 INFO src.train.trainer: Last model at epoch 945 saved to checkpoints/etas_20260404-111418/last_model_1.pth
2026-04-04 11:14:40,936 INFO src.train.trainer: Epoch 946
2026-04-04 11:14:40,959 INFO src.train.trainer: New best validation loss: -5.6437, saved to checkpoints/etas_20260404-111418/best_model_1.pth
2026-04-04 11:14:40,961 INFO src.train.trainer: Last model at epoch 946 saved to checkpoints/etas_20260404-111418/last_model_1.pth
2026-04-04 11:14:40,961 INFO src.train.trainer: Epoch 947
2026-04-04 11:14:40,985 INFO src.train.trainer: New best validation loss: -5.6440, saved to checkpoints/etas_20260404-111418/best_model_1.pth
2026-04-04 11:14:40,987 INFO src.train.trainer: Last model at epoch 947 saved to checkpoints/etas_20260404-111418/last_model_1.pth
2026-04-04 11:14:40,987 INFO src.train.trainer: Epoch 948
2026-04-04 11:14:41,009 INFO src.train.trainer: New best validation loss: -5.6442, saved to checkpoints/etas_20260404-111418/best_model_1.pth
2026-04-04 11:14:41,011 INFO src.train.trainer: Last model at epoch 948 saved to checkpoints/etas_20260404-111418/last_model_1.pth
2026-04-04 11:14:41,011 INFO src.train.trainer: Epoch 949
2026-04-04 11:14:41,033 INFO src.train.trainer: New best validation loss: -5.6445, saved to checkpoints/etas_20260404-111418/best_model_1.pth
2026-04-04 11:14:41,035 INFO src.train.trainer: Last model at epoch 949 saved to checkpoints/etas_20260404-111418/last_model_1.pth
2026-04-04 11:14:41,036 INFO src.train.trainer: Epoch 950
2026-04-04 11:14:41,058 INFO src.train.trainer: New best validation loss: -5.6447, saved to checkpoints/etas_20260404-111418/best_model_1.pth
2026-04-04 11:14:41,060 INFO src.train.trainer: Last model at epoch 950 saved to checkpoints/etas_20260404-111418/last_model_1.pth
2026-04-04 11:14:41,060 INFO src.train.trainer: Epoch 951
2026-04-04 11:14:41,082 INFO src.train.trainer: New best validation loss: -5.6450, saved to checkpoints/etas_20260404-111418/best_model_1.pth
2026-04-04 11:14:41,084 INFO src.train.trainer: Last model at epoch 951 saved to checkpoints/etas_20260404-111418/last_model_1.pth
2026-04-04 11:14:41,084 INFO src.train.trainer: Epoch 952
2026-04-04 11:14:41,107 INFO src.train.trainer: New best validation loss: -5.6452, saved to checkpoints/etas_20260404-111418/best_model_1.pth
2026-04-04 11:14:41,109 INFO src.train.trainer: Last model at epoch 952 saved to checkpoints/etas_20260404-111418/last_model_1.pth
2026-04-04 11:14:41,109 INFO src.train.trainer: Epoch 953
2026-04-04 11:14:41,131 INFO src.train.trainer: New best validation loss: -5.6455, saved to checkpoints/etas_20260404-111418/best_model_1.pth
2026-04-04 11:14:41,133 INFO src.train.trainer: Last model at epoch 953 saved to checkpoints/etas_20260404-111418/last_model_1.pth
2026-04-04 11:14:41,133 INFO src.train.trainer: Epoch 954
2026-04-04 11:14:41,156 INFO src.train.trainer: New best validation loss: -5.6457, saved to checkpoints/etas_20260404-111418/best_model_1.pth
2026-04-04 11:14:41,157 INFO src.train.trainer: Last model at epoch 954 saved to checkpoints/etas_20260404-111418/last_model_1.pth
2026-04-04 11:14:41,157 INFO src.train.trainer: Epoch 955
2026-04-04 11:14:41,180 INFO src.train.trainer: New best validation loss: -5.6460, saved to checkpoints/etas_20260404-111418/best_model_1.pth
2026-04-04 11:14:41,181 INFO src.train.trainer: Last model at epoch 955 saved to checkpoints/etas_20260404-111418/last_model_1.pth
2026-04-04 11:14:41,182 INFO src.train.trainer: Epoch 956
2026-04-04 11:14:41,204 INFO src.train.trainer: New best validation loss: -5.6462, saved to checkpoints/etas_20260404-111418/best_model_1.pth
2026-04-04 11:14:41,206 INFO src.train.trainer: Last model at epoch 956 saved to checkpoints/etas_20260404-111418/last_model_1.pth
2026-04-04 11:14:41,206 INFO src.train.trainer: Epoch 957
2026-04-04 11:14:41,228 INFO src.train.trainer: New best validation loss: -5.6465, saved to checkpoints/etas_20260404-111418/best_model_1.pth
2026-04-04 11:14:41,230 INFO src.train.trainer: Last model at epoch 957 saved to checkpoints/etas_20260404-111418/last_model_1.pth
2026-04-04 11:14:41,230 INFO src.train.trainer: Epoch 958
2026-04-04 11:14:41,253 INFO src.train.trainer: New best validation loss: -5.6467, saved to checkpoints/etas_20260404-111418/best_model_1.pth
2026-04-04 11:14:41,254 INFO src.train.trainer: Last model at epoch 958 saved to checkpoints/etas_20260404-111418/last_model_1.pth
2026-04-04 11:14:41,255 INFO src.train.trainer: Epoch 959
2026-04-04 11:14:41,278 INFO src.train.trainer: New best validation loss: -5.6470, saved to checkpoints/etas_20260404-111418/best_model_1.pth
2026-04-04 11:14:41,280 INFO src.train.trainer: Last model at epoch 959 saved to checkpoints/etas_20260404-111418/last_model_1.pth
2026-04-04 11:14:41,280 INFO src.train.trainer: Epoch 960
2026-04-04 11:14:41,302 INFO src.train.trainer: New best validation loss: -5.6472, saved to checkpoints/etas_20260404-111418/best_model_1.pth
2026-04-04 11:14:41,304 INFO src.train.trainer: Last model at epoch 960 saved to checkpoints/etas_20260404-111418/last_model_1.pth
2026-04-04 11:14:41,304 INFO src.train.trainer: Epoch 961
2026-04-04 11:14:41,326 INFO src.train.trainer: New best validation loss: -5.6475, saved to checkpoints/etas_20260404-111418/best_model_1.pth
2026-04-04 11:14:41,328 INFO src.train.trainer: Last model at epoch 961 saved to checkpoints/etas_20260404-111418/last_model_1.pth
2026-04-04 11:14:41,328 INFO src.train.trainer: Epoch 962
2026-04-04 11:14:41,351 INFO src.train.trainer: New best validation loss: -5.6477, saved to checkpoints/etas_20260404-111418/best_model_1.pth
2026-04-04 11:14:41,352 INFO src.train.trainer: Last model at epoch 962 saved to checkpoints/etas_20260404-111418/last_model_1.pth
2026-04-04 11:14:41,352 INFO src.train.trainer: Epoch 963
2026-04-04 11:14:41,375 INFO src.train.trainer: New best validation loss: -5.6480, saved to checkpoints/etas_20260404-111418/best_model_1.pth
2026-04-04 11:14:41,377 INFO src.train.trainer: Last model at epoch 963 saved to checkpoints/etas_20260404-111418/last_model_1.pth
2026-04-04 11:14:41,377 INFO src.train.trainer: Epoch 964
2026-04-04 11:14:41,399 INFO src.train.trainer: New best validation loss: -5.6482, saved to checkpoints/etas_20260404-111418/best_model_1.pth
2026-04-04 11:14:41,401 INFO src.train.trainer: Last model at epoch 964 saved to checkpoints/etas_20260404-111418/last_model_1.pth
2026-04-04 11:14:41,401 INFO src.train.trainer: Epoch 965
2026-04-04 11:14:41,423 INFO src.train.trainer: New best validation loss: -5.6485, saved to checkpoints/etas_20260404-111418/best_model_1.pth
2026-04-04 11:14:41,425 INFO src.train.trainer: Last model at epoch 965 saved to checkpoints/etas_20260404-111418/last_model_1.pth
2026-04-04 11:14:41,425 INFO src.train.trainer: Epoch 966
2026-04-04 11:14:41,448 INFO src.train.trainer: New best validation loss: -5.6487, saved to checkpoints/etas_20260404-111418/best_model_1.pth
2026-04-04 11:14:41,450 INFO src.train.trainer: Last model at epoch 966 saved to checkpoints/etas_20260404-111418/last_model_1.pth
2026-04-04 11:14:41,450 INFO src.train.trainer: Epoch 967
2026-04-04 11:14:41,473 INFO src.train.trainer: New best validation loss: -5.6490, saved to checkpoints/etas_20260404-111418/best_model_1.pth
2026-04-04 11:14:41,474 INFO src.train.trainer: Last model at epoch 967 saved to checkpoints/etas_20260404-111418/last_model_1.pth
2026-04-04 11:14:41,474 INFO src.train.trainer: Epoch 968
2026-04-04 11:14:41,497 INFO src.train.trainer: New best validation loss: -5.6492, saved to checkpoints/etas_20260404-111418/best_model_1.pth
2026-04-04 11:14:41,498 INFO src.train.trainer: Last model at epoch 968 saved to checkpoints/etas_20260404-111418/last_model_1.pth
2026-04-04 11:14:41,498 INFO src.train.trainer: Epoch 969
2026-04-04 11:14:41,521 INFO src.train.trainer: New best validation loss: -5.6495, saved to checkpoints/etas_20260404-111418/best_model_1.pth
2026-04-04 11:14:41,523 INFO src.train.trainer: Last model at epoch 969 saved to checkpoints/etas_20260404-111418/last_model_1.pth
2026-04-04 11:14:41,523 INFO src.train.trainer: Epoch 970
2026-04-04 11:14:41,546 INFO src.train.trainer: New best validation loss: -5.6497, saved to checkpoints/etas_20260404-111418/best_model_1.pth
2026-04-04 11:14:41,547 INFO src.train.trainer: Last model at epoch 970 saved to checkpoints/etas_20260404-111418/last_model_1.pth
2026-04-04 11:14:41,547 INFO src.train.trainer: Epoch 971
2026-04-04 11:14:41,569 INFO src.train.trainer: New best validation loss: -5.6500, saved to checkpoints/etas_20260404-111418/best_model_1.pth
2026-04-04 11:14:41,570 INFO src.train.trainer: Last model at epoch 971 saved to checkpoints/etas_20260404-111418/last_model_1.pth
2026-04-04 11:14:41,570 INFO src.train.trainer: Epoch 972
2026-04-04 11:14:41,593 INFO src.train.trainer: New best validation loss: -5.6502, saved to checkpoints/etas_20260404-111418/best_model_1.pth
2026-04-04 11:14:41,594 INFO src.train.trainer: Last model at epoch 972 saved to checkpoints/etas_20260404-111418/last_model_1.pth
2026-04-04 11:14:41,594 INFO src.train.trainer: Epoch 973
2026-04-04 11:14:41,616 INFO src.train.trainer: New best validation loss: -5.6505, saved to checkpoints/etas_20260404-111418/best_model_1.pth
2026-04-04 11:14:41,618 INFO src.train.trainer: Last model at epoch 973 saved to checkpoints/etas_20260404-111418/last_model_1.pth
2026-04-04 11:14:41,619 INFO src.train.trainer: Epoch 974
2026-04-04 11:14:41,645 INFO src.train.trainer: New best validation loss: -5.6507, saved to checkpoints/etas_20260404-111418/best_model_1.pth
2026-04-04 11:14:41,646 INFO src.train.trainer: Last model at epoch 974 saved to checkpoints/etas_20260404-111418/last_model_1.pth
2026-04-04 11:14:41,646 INFO src.train.trainer: Epoch 975
2026-04-04 11:14:41,669 INFO src.train.trainer: New best validation loss: -5.6510, saved to checkpoints/etas_20260404-111418/best_model_1.pth
2026-04-04 11:14:41,670 INFO src.train.trainer: Last model at epoch 975 saved to checkpoints/etas_20260404-111418/last_model_1.pth
2026-04-04 11:14:41,670 INFO src.train.trainer: Epoch 976
2026-04-04 11:14:41,693 INFO src.train.trainer: New best validation loss: -5.6512, saved to checkpoints/etas_20260404-111418/best_model_1.pth
2026-04-04 11:14:41,694 INFO src.train.trainer: Last model at epoch 976 saved to checkpoints/etas_20260404-111418/last_model_1.pth
2026-04-04 11:14:41,694 INFO src.train.trainer: Epoch 977
2026-04-04 11:14:41,717 INFO src.train.trainer: New best validation loss: -5.6515, saved to checkpoints/etas_20260404-111418/best_model_1.pth
2026-04-04 11:14:41,718 INFO src.train.trainer: Last model at epoch 977 saved to checkpoints/etas_20260404-111418/last_model_1.pth
2026-04-04 11:14:41,718 INFO src.train.trainer: Epoch 978
2026-04-04 11:14:41,740 INFO src.train.trainer: New best validation loss: -5.6517, saved to checkpoints/etas_20260404-111418/best_model_1.pth
2026-04-04 11:14:41,742 INFO src.train.trainer: Last model at epoch 978 saved to checkpoints/etas_20260404-111418/last_model_1.pth
2026-04-04 11:14:41,742 INFO src.train.trainer: Epoch 979
2026-04-04 11:14:41,765 INFO src.train.trainer: New best validation loss: -5.6520, saved to checkpoints/etas_20260404-111418/best_model_1.pth
2026-04-04 11:14:41,766 INFO src.train.trainer: Last model at epoch 979 saved to checkpoints/etas_20260404-111418/last_model_1.pth
2026-04-04 11:14:41,766 INFO src.train.trainer: Epoch 980
2026-04-04 11:14:41,788 INFO src.train.trainer: New best validation loss: -5.6522, saved to checkpoints/etas_20260404-111418/best_model_1.pth
2026-04-04 11:14:41,790 INFO src.train.trainer: Last model at epoch 980 saved to checkpoints/etas_20260404-111418/last_model_1.pth
2026-04-04 11:14:41,790 INFO src.train.trainer: Epoch 981
2026-04-04 11:14:41,812 INFO src.train.trainer: New best validation loss: -5.6525, saved to checkpoints/etas_20260404-111418/best_model_1.pth
2026-04-04 11:14:41,814 INFO src.train.trainer: Last model at epoch 981 saved to checkpoints/etas_20260404-111418/last_model_1.pth
2026-04-04 11:14:41,814 INFO src.train.trainer: Epoch 982
2026-04-04 11:14:41,836 INFO src.train.trainer: New best validation loss: -5.6527, saved to checkpoints/etas_20260404-111418/best_model_1.pth
2026-04-04 11:14:41,838 INFO src.train.trainer: Last model at epoch 982 saved to checkpoints/etas_20260404-111418/last_model_1.pth
2026-04-04 11:14:41,838 INFO src.train.trainer: Epoch 983
2026-04-04 11:14:41,861 INFO src.train.trainer: New best validation loss: -5.6530, saved to checkpoints/etas_20260404-111418/best_model_1.pth
2026-04-04 11:14:41,863 INFO src.train.trainer: Last model at epoch 983 saved to checkpoints/etas_20260404-111418/last_model_1.pth
2026-04-04 11:14:41,863 INFO src.train.trainer: Epoch 984
2026-04-04 11:14:41,886 INFO src.train.trainer: New best validation loss: -5.6532, saved to checkpoints/etas_20260404-111418/best_model_1.pth
2026-04-04 11:14:41,887 INFO src.train.trainer: Last model at epoch 984 saved to checkpoints/etas_20260404-111418/last_model_1.pth
2026-04-04 11:14:41,887 INFO src.train.trainer: Epoch 985
2026-04-04 11:14:41,910 INFO src.train.trainer: New best validation loss: -5.6535, saved to checkpoints/etas_20260404-111418/best_model_1.pth
2026-04-04 11:14:41,911 INFO src.train.trainer: Last model at epoch 985 saved to checkpoints/etas_20260404-111418/last_model_1.pth
2026-04-04 11:14:41,911 INFO src.train.trainer: Epoch 986
2026-04-04 11:14:41,934 INFO src.train.trainer: New best validation loss: -5.6537, saved to checkpoints/etas_20260404-111418/best_model_1.pth
2026-04-04 11:14:41,935 INFO src.train.trainer: Last model at epoch 986 saved to checkpoints/etas_20260404-111418/last_model_1.pth
2026-04-04 11:14:41,935 INFO src.train.trainer: Epoch 987
2026-04-04 11:14:41,958 INFO src.train.trainer: New best validation loss: -5.6540, saved to checkpoints/etas_20260404-111418/best_model_1.pth
2026-04-04 11:14:41,959 INFO src.train.trainer: Last model at epoch 987 saved to checkpoints/etas_20260404-111418/last_model_1.pth
2026-04-04 11:14:41,959 INFO src.train.trainer: Epoch 988
2026-04-04 11:14:41,983 INFO src.train.trainer: New best validation loss: -5.6542, saved to checkpoints/etas_20260404-111418/best_model_1.pth
2026-04-04 11:14:41,984 INFO src.train.trainer: Last model at epoch 988 saved to checkpoints/etas_20260404-111418/last_model_1.pth
2026-04-04 11:14:41,984 INFO src.train.trainer: Epoch 989
2026-04-04 11:14:42,006 INFO src.train.trainer: New best validation loss: -5.6545, saved to checkpoints/etas_20260404-111418/best_model_1.pth
2026-04-04 11:14:42,008 INFO src.train.trainer: Last model at epoch 989 saved to checkpoints/etas_20260404-111418/last_model_1.pth
2026-04-04 11:14:42,008 INFO src.train.trainer: Epoch 990
2026-04-04 11:14:42,032 INFO src.train.trainer: New best validation loss: -5.6547, saved to checkpoints/etas_20260404-111418/best_model_1.pth
2026-04-04 11:14:42,033 INFO src.train.trainer: Last model at epoch 990 saved to checkpoints/etas_20260404-111418/last_model_1.pth
2026-04-04 11:14:42,033 INFO src.train.trainer: Epoch 991
2026-04-04 11:14:42,056 INFO src.train.trainer: New best validation loss: -5.6550, saved to checkpoints/etas_20260404-111418/best_model_1.pth
2026-04-04 11:14:42,058 INFO src.train.trainer: Last model at epoch 991 saved to checkpoints/etas_20260404-111418/last_model_1.pth
2026-04-04 11:14:42,058 INFO src.train.trainer: Epoch 992
2026-04-04 11:14:42,080 INFO src.train.trainer: New best validation loss: -5.6552, saved to checkpoints/etas_20260404-111418/best_model_1.pth
2026-04-04 11:14:42,082 INFO src.train.trainer: Last model at epoch 992 saved to checkpoints/etas_20260404-111418/last_model_1.pth
2026-04-04 11:14:42,082 INFO src.train.trainer: Epoch 993
2026-04-04 11:14:42,104 INFO src.train.trainer: New best validation loss: -5.6555, saved to checkpoints/etas_20260404-111418/best_model_1.pth
2026-04-04 11:14:42,106 INFO src.train.trainer: Last model at epoch 993 saved to checkpoints/etas_20260404-111418/last_model_1.pth
2026-04-04 11:14:42,106 INFO src.train.trainer: Epoch 994
2026-04-04 11:14:42,128 INFO src.train.trainer: New best validation loss: -5.6557, saved to checkpoints/etas_20260404-111418/best_model_1.pth
2026-04-04 11:14:42,130 INFO src.train.trainer: Last model at epoch 994 saved to checkpoints/etas_20260404-111418/last_model_1.pth
2026-04-04 11:14:42,130 INFO src.train.trainer: Epoch 995
2026-04-04 11:14:42,152 INFO src.train.trainer: New best validation loss: -5.6560, saved to checkpoints/etas_20260404-111418/best_model_1.pth
2026-04-04 11:14:42,153 INFO src.train.trainer: Last model at epoch 995 saved to checkpoints/etas_20260404-111418/last_model_1.pth
2026-04-04 11:14:42,154 INFO src.train.trainer: Epoch 996
2026-04-04 11:14:42,176 INFO src.train.trainer: New best validation loss: -5.6562, saved to checkpoints/etas_20260404-111418/best_model_1.pth
2026-04-04 11:14:42,177 INFO src.train.trainer: Last model at epoch 996 saved to checkpoints/etas_20260404-111418/last_model_1.pth
2026-04-04 11:14:42,177 INFO src.train.trainer: Epoch 997
2026-04-04 11:14:42,199 INFO src.train.trainer: New best validation loss: -5.6565, saved to checkpoints/etas_20260404-111418/best_model_1.pth
2026-04-04 11:14:42,201 INFO src.train.trainer: Last model at epoch 997 saved to checkpoints/etas_20260404-111418/last_model_1.pth
2026-04-04 11:14:42,201 INFO src.train.trainer: Epoch 998
2026-04-04 11:14:42,224 INFO src.train.trainer: New best validation loss: -5.6567, saved to checkpoints/etas_20260404-111418/best_model_1.pth
2026-04-04 11:14:42,225 INFO src.train.trainer: Last model at epoch 998 saved to checkpoints/etas_20260404-111418/last_model_1.pth
2026-04-04 11:14:42,225 INFO src.train.trainer: Epoch 999
2026-04-04 11:14:42,248 INFO src.train.trainer: New best validation loss: -5.6570, saved to checkpoints/etas_20260404-111418/best_model_1.pth
2026-04-04 11:14:42,250 INFO src.train.trainer: Last model at epoch 999 saved to checkpoints/etas_20260404-111418/last_model_1.pth
2026-04-04 11:14:42,250 INFO src.train.trainer: Epoch 1000
2026-04-04 11:14:42,272 INFO src.train.trainer: New best validation loss: -5.6572, saved to checkpoints/etas_20260404-111418/best_model_1.pth
2026-04-04 11:14:42,274 INFO src.train.trainer: Last model at epoch 1000 saved to checkpoints/etas_20260404-111418/last_model_1.pth
2026-04-04 11:14:42,274 INFO src.train.trainer: Epoch 1001
2026-04-04 11:14:42,296 INFO src.train.trainer: New best validation loss: -5.6574, saved to checkpoints/etas_20260404-111418/best_model_1.pth
2026-04-04 11:14:42,297 INFO src.train.trainer: Last model at epoch 1001 saved to checkpoints/etas_20260404-111418/last_model_1.pth
2026-04-04 11:14:42,297 INFO src.train.trainer: Epoch 1002
2026-04-04 11:14:42,319 INFO src.train.trainer: New best validation loss: -5.6577, saved to checkpoints/etas_20260404-111418/best_model_1.pth
2026-04-04 11:14:42,321 INFO src.train.trainer: Last model at epoch 1002 saved to checkpoints/etas_20260404-111418/last_model_1.pth
2026-04-04 11:14:42,321 INFO src.train.trainer: Epoch 1003
2026-04-04 11:14:42,343 INFO src.train.trainer: New best validation loss: -5.6579, saved to checkpoints/etas_20260404-111418/best_model_1.pth
2026-04-04 11:14:42,345 INFO src.train.trainer: Last model at epoch 1003 saved to checkpoints/etas_20260404-111418/last_model_1.pth
2026-04-04 11:14:42,345 INFO src.train.trainer: Epoch 1004
2026-04-04 11:14:42,367 INFO src.train.trainer: New best validation loss: -5.6582, saved to checkpoints/etas_20260404-111418/best_model_1.pth
2026-04-04 11:14:42,369 INFO src.train.trainer: Last model at epoch 1004 saved to checkpoints/etas_20260404-111418/last_model_1.pth
2026-04-04 11:14:42,369 INFO src.train.trainer: Epoch 1005
2026-04-04 11:14:42,391 INFO src.train.trainer: New best validation loss: -5.6584, saved to checkpoints/etas_20260404-111418/best_model_1.pth
2026-04-04 11:14:42,393 INFO src.train.trainer: Last model at epoch 1005 saved to checkpoints/etas_20260404-111418/last_model_1.pth
2026-04-04 11:14:42,393 INFO src.train.trainer: Epoch 1006
2026-04-04 11:14:42,415 INFO src.train.trainer: New best validation loss: -5.6587, saved to checkpoints/etas_20260404-111418/best_model_1.pth
2026-04-04 11:14:42,417 INFO src.train.trainer: Last model at epoch 1006 saved to checkpoints/etas_20260404-111418/last_model_1.pth
2026-04-04 11:14:42,417 INFO src.train.trainer: Epoch 1007
2026-04-04 11:14:42,439 INFO src.train.trainer: New best validation loss: -5.6589, saved to checkpoints/etas_20260404-111418/best_model_1.pth
2026-04-04 11:14:42,441 INFO src.train.trainer: Last model at epoch 1007 saved to checkpoints/etas_20260404-111418/last_model_1.pth
2026-04-04 11:14:42,441 INFO src.train.trainer: Epoch 1008
2026-04-04 11:14:42,463 INFO src.train.trainer: New best validation loss: -5.6592, saved to checkpoints/etas_20260404-111418/best_model_1.pth
2026-04-04 11:14:42,465 INFO src.train.trainer: Last model at epoch 1008 saved to checkpoints/etas_20260404-111418/last_model_1.pth
2026-04-04 11:14:42,465 INFO src.train.trainer: Epoch 1009
2026-04-04 11:14:42,488 INFO src.train.trainer: New best validation loss: -5.6594, saved to checkpoints/etas_20260404-111418/best_model_1.pth
2026-04-04 11:14:42,489 INFO src.train.trainer: Last model at epoch 1009 saved to checkpoints/etas_20260404-111418/last_model_1.pth
2026-04-04 11:14:42,489 INFO src.train.trainer: Epoch 1010
2026-04-04 11:14:42,512 INFO src.train.trainer: New best validation loss: -5.6597, saved to checkpoints/etas_20260404-111418/best_model_1.pth
2026-04-04 11:14:42,513 INFO src.train.trainer: Last model at epoch 1010 saved to checkpoints/etas_20260404-111418/last_model_1.pth
2026-04-04 11:14:42,513 INFO src.train.trainer: Epoch 1011
2026-04-04 11:14:42,537 INFO src.train.trainer: New best validation loss: -5.6599, saved to checkpoints/etas_20260404-111418/best_model_1.pth
2026-04-04 11:14:42,538 INFO src.train.trainer: Last model at epoch 1011 saved to checkpoints/etas_20260404-111418/last_model_1.pth
2026-04-04 11:14:42,538 INFO src.train.trainer: Epoch 1012
2026-04-04 11:14:42,558 INFO src.train.trainer: New best validation loss: -5.6602, saved to checkpoints/etas_20260404-111418/best_model_1.pth
2026-04-04 11:14:42,560 INFO src.train.trainer: Last model at epoch 1012 saved to checkpoints/etas_20260404-111418/last_model_1.pth
2026-04-04 11:14:42,560 INFO src.train.trainer: Epoch 1013
2026-04-04 11:14:42,583 INFO src.train.trainer: New best validation loss: -5.6604, saved to checkpoints/etas_20260404-111418/best_model_1.pth
2026-04-04 11:14:42,584 INFO src.train.trainer: Last model at epoch 1013 saved to checkpoints/etas_20260404-111418/last_model_1.pth
2026-04-04 11:14:42,584 INFO src.train.trainer: Epoch 1014
2026-04-04 11:14:42,607 INFO src.train.trainer: New best validation loss: -5.6607, saved to checkpoints/etas_20260404-111418/best_model_1.pth
2026-04-04 11:14:42,608 INFO src.train.trainer: Last model at epoch 1014 saved to checkpoints/etas_20260404-111418/last_model_1.pth
2026-04-04 11:14:42,609 INFO src.train.trainer: Epoch 1015
2026-04-04 11:14:42,633 INFO src.train.trainer: New best validation loss: -5.6609, saved to checkpoints/etas_20260404-111418/best_model_1.pth
2026-04-04 11:14:42,634 INFO src.train.trainer: Last model at epoch 1015 saved to checkpoints/etas_20260404-111418/last_model_1.pth
2026-04-04 11:14:42,634 INFO src.train.trainer: Epoch 1016
2026-04-04 11:14:42,657 INFO src.train.trainer: New best validation loss: -5.6612, saved to checkpoints/etas_20260404-111418/best_model_1.pth
2026-04-04 11:14:42,659 INFO src.train.trainer: Last model at epoch 1016 saved to checkpoints/etas_20260404-111418/last_model_1.pth
2026-04-04 11:14:42,659 INFO src.train.trainer: Epoch 1017
2026-04-04 11:14:42,682 INFO src.train.trainer: New best validation loss: -5.6614, saved to checkpoints/etas_20260404-111418/best_model_1.pth
2026-04-04 11:14:42,684 INFO src.train.trainer: Last model at epoch 1017 saved to checkpoints/etas_20260404-111418/last_model_1.pth
2026-04-04 11:14:42,684 INFO src.train.trainer: Epoch 1018
2026-04-04 11:14:42,706 INFO src.train.trainer: New best validation loss: -5.6617, saved to checkpoints/etas_20260404-111418/best_model_1.pth
2026-04-04 11:14:42,708 INFO src.train.trainer: Last model at epoch 1018 saved to checkpoints/etas_20260404-111418/last_model_1.pth
2026-04-04 11:14:42,708 INFO src.train.trainer: Epoch 1019
2026-04-04 11:14:42,731 INFO src.train.trainer: New best validation loss: -5.6619, saved to checkpoints/etas_20260404-111418/best_model_1.pth
2026-04-04 11:14:42,732 INFO src.train.trainer: Last model at epoch 1019 saved to checkpoints/etas_20260404-111418/last_model_1.pth
2026-04-04 11:14:42,732 INFO src.train.trainer: Epoch 1020
2026-04-04 11:14:42,756 INFO src.train.trainer: New best validation loss: -5.6622, saved to checkpoints/etas_20260404-111418/best_model_1.pth
2026-04-04 11:14:42,758 INFO src.train.trainer: Last model at epoch 1020 saved to checkpoints/etas_20260404-111418/last_model_1.pth
2026-04-04 11:14:42,758 INFO src.train.trainer: Epoch 1021
2026-04-04 11:14:42,781 INFO src.train.trainer: New best validation loss: -5.6624, saved to checkpoints/etas_20260404-111418/best_model_1.pth
2026-04-04 11:14:42,782 INFO src.train.trainer: Last model at epoch 1021 saved to checkpoints/etas_20260404-111418/last_model_1.pth
2026-04-04 11:14:42,782 INFO src.train.trainer: Epoch 1022
2026-04-04 11:14:42,805 INFO src.train.trainer: New best validation loss: -5.6627, saved to checkpoints/etas_20260404-111418/best_model_1.pth
2026-04-04 11:14:42,806 INFO src.train.trainer: Last model at epoch 1022 saved to checkpoints/etas_20260404-111418/last_model_1.pth
2026-04-04 11:14:42,806 INFO src.train.trainer: Epoch 1023
2026-04-04 11:14:42,829 INFO src.train.trainer: New best validation loss: -5.6629, saved to checkpoints/etas_20260404-111418/best_model_1.pth
2026-04-04 11:14:42,830 INFO src.train.trainer: Last model at epoch 1023 saved to checkpoints/etas_20260404-111418/last_model_1.pth
2026-04-04 11:14:42,830 INFO src.train.trainer: Epoch 1024
2026-04-04 11:14:42,852 INFO src.train.trainer: New best validation loss: -5.6631, saved to checkpoints/etas_20260404-111418/best_model_1.pth
2026-04-04 11:14:42,854 INFO src.train.trainer: Last model at epoch 1024 saved to checkpoints/etas_20260404-111418/last_model_1.pth
2026-04-04 11:14:42,854 INFO src.train.trainer: Epoch 1025
2026-04-04 11:14:42,876 INFO src.train.trainer: New best validation loss: -5.6634, saved to checkpoints/etas_20260404-111418/best_model_1.pth
2026-04-04 11:14:42,877 INFO src.train.trainer: Last model at epoch 1025 saved to checkpoints/etas_20260404-111418/last_model_1.pth
2026-04-04 11:14:42,877 INFO src.train.trainer: Epoch 1026
2026-04-04 11:14:42,900 INFO src.train.trainer: New best validation loss: -5.6636, saved to checkpoints/etas_20260404-111418/best_model_1.pth
2026-04-04 11:14:42,901 INFO src.train.trainer: Last model at epoch 1026 saved to checkpoints/etas_20260404-111418/last_model_1.pth
2026-04-04 11:14:42,901 INFO src.train.trainer: Epoch 1027
2026-04-04 11:14:42,924 INFO src.train.trainer: New best validation loss: -5.6639, saved to checkpoints/etas_20260404-111418/best_model_1.pth
2026-04-04 11:14:42,926 INFO src.train.trainer: Last model at epoch 1027 saved to checkpoints/etas_20260404-111418/last_model_1.pth
2026-04-04 11:14:42,926 INFO src.train.trainer: Epoch 1028
2026-04-04 11:14:42,950 INFO src.train.trainer: New best validation loss: -5.6641, saved to checkpoints/etas_20260404-111418/best_model_1.pth
2026-04-04 11:14:42,952 INFO src.train.trainer: Last model at epoch 1028 saved to checkpoints/etas_20260404-111418/last_model_1.pth
2026-04-04 11:14:42,952 INFO src.train.trainer: Epoch 1029
2026-04-04 11:14:42,977 INFO src.train.trainer: New best validation loss: -5.6644, saved to checkpoints/etas_20260404-111418/best_model_1.pth
2026-04-04 11:14:42,979 INFO src.train.trainer: Last model at epoch 1029 saved to checkpoints/etas_20260404-111418/last_model_1.pth
2026-04-04 11:14:42,979 INFO src.train.trainer: Epoch 1030
2026-04-04 11:14:43,002 INFO src.train.trainer: New best validation loss: -5.6646, saved to checkpoints/etas_20260404-111418/best_model_1.pth
2026-04-04 11:14:43,004 INFO src.train.trainer: Last model at epoch 1030 saved to checkpoints/etas_20260404-111418/last_model_1.pth
2026-04-04 11:14:43,004 INFO src.train.trainer: Epoch 1031
2026-04-04 11:14:43,027 INFO src.train.trainer: New best validation loss: -5.6649, saved to checkpoints/etas_20260404-111418/best_model_1.pth
2026-04-04 11:14:43,028 INFO src.train.trainer: Last model at epoch 1031 saved to checkpoints/etas_20260404-111418/last_model_1.pth
2026-04-04 11:14:43,028 INFO src.train.trainer: Epoch 1032
2026-04-04 11:14:43,051 INFO src.train.trainer: New best validation loss: -5.6651, saved to checkpoints/etas_20260404-111418/best_model_1.pth
2026-04-04 11:14:43,053 INFO src.train.trainer: Last model at epoch 1032 saved to checkpoints/etas_20260404-111418/last_model_1.pth
2026-04-04 11:14:43,053 INFO src.train.trainer: Epoch 1033
2026-04-04 11:14:43,076 INFO src.train.trainer: New best validation loss: -5.6654, saved to checkpoints/etas_20260404-111418/best_model_1.pth
2026-04-04 11:14:43,077 INFO src.train.trainer: Last model at epoch 1033 saved to checkpoints/etas_20260404-111418/last_model_1.pth
2026-04-04 11:14:43,077 INFO src.train.trainer: Epoch 1034
2026-04-04 11:14:43,099 INFO src.train.trainer: New best validation loss: -5.6656, saved to checkpoints/etas_20260404-111418/best_model_1.pth
2026-04-04 11:14:43,101 INFO src.train.trainer: Last model at epoch 1034 saved to checkpoints/etas_20260404-111418/last_model_1.pth
2026-04-04 11:14:43,101 INFO src.train.trainer: Epoch 1035
2026-04-04 11:14:43,123 INFO src.train.trainer: New best validation loss: -5.6659, saved to checkpoints/etas_20260404-111418/best_model_1.pth
2026-04-04 11:14:43,124 INFO src.train.trainer: Last model at epoch 1035 saved to checkpoints/etas_20260404-111418/last_model_1.pth
2026-04-04 11:14:43,124 INFO src.train.trainer: Epoch 1036
2026-04-04 11:14:43,148 INFO src.train.trainer: New best validation loss: -5.6661, saved to checkpoints/etas_20260404-111418/best_model_1.pth
2026-04-04 11:14:43,149 INFO src.train.trainer: Last model at epoch 1036 saved to checkpoints/etas_20260404-111418/last_model_1.pth
2026-04-04 11:14:43,149 INFO src.train.trainer: Epoch 1037
2026-04-04 11:14:43,173 INFO src.train.trainer: New best validation loss: -5.6663, saved to checkpoints/etas_20260404-111418/best_model_1.pth
2026-04-04 11:14:43,175 INFO src.train.trainer: Last model at epoch 1037 saved to checkpoints/etas_20260404-111418/last_model_1.pth
2026-04-04 11:14:43,175 INFO src.train.trainer: Epoch 1038
2026-04-04 11:14:43,198 INFO src.train.trainer: New best validation loss: -5.6666, saved to checkpoints/etas_20260404-111418/best_model_1.pth
2026-04-04 11:14:43,199 INFO src.train.trainer: Last model at epoch 1038 saved to checkpoints/etas_20260404-111418/last_model_1.pth
2026-04-04 11:14:43,199 INFO src.train.trainer: Epoch 1039
2026-04-04 11:14:43,226 INFO src.train.trainer: New best validation loss: -5.6668, saved to checkpoints/etas_20260404-111418/best_model_1.pth
2026-04-04 11:14:43,227 INFO src.train.trainer: Last model at epoch 1039 saved to checkpoints/etas_20260404-111418/last_model_1.pth
2026-04-04 11:14:43,227 INFO src.train.trainer: Epoch 1040
2026-04-04 11:14:43,250 INFO src.train.trainer: New best validation loss: -5.6671, saved to checkpoints/etas_20260404-111418/best_model_1.pth
2026-04-04 11:14:43,251 INFO src.train.trainer: Last model at epoch 1040 saved to checkpoints/etas_20260404-111418/last_model_1.pth
2026-04-04 11:14:43,251 INFO src.train.trainer: Epoch 1041
2026-04-04 11:14:43,274 INFO src.train.trainer: New best validation loss: -5.6673, saved to checkpoints/etas_20260404-111418/best_model_1.pth
2026-04-04 11:14:43,275 INFO src.train.trainer: Last model at epoch 1041 saved to checkpoints/etas_20260404-111418/last_model_1.pth
2026-04-04 11:14:43,275 INFO src.train.trainer: Epoch 1042
2026-04-04 11:14:43,297 INFO src.train.trainer: New best validation loss: -5.6676, saved to checkpoints/etas_20260404-111418/best_model_1.pth
2026-04-04 11:14:43,298 INFO src.train.trainer: Last model at epoch 1042 saved to checkpoints/etas_20260404-111418/last_model_1.pth
2026-04-04 11:14:43,298 INFO src.train.trainer: Epoch 1043
2026-04-04 11:14:43,321 INFO src.train.trainer: New best validation loss: -5.6678, saved to checkpoints/etas_20260404-111418/best_model_1.pth
2026-04-04 11:14:43,322 INFO src.train.trainer: Last model at epoch 1043 saved to checkpoints/etas_20260404-111418/last_model_1.pth
2026-04-04 11:14:43,322 INFO src.train.trainer: Epoch 1044
2026-04-04 11:14:43,343 INFO src.train.trainer: New best validation loss: -5.6680, saved to checkpoints/etas_20260404-111418/best_model_1.pth
2026-04-04 11:14:43,344 INFO src.train.trainer: Last model at epoch 1044 saved to checkpoints/etas_20260404-111418/last_model_1.pth
2026-04-04 11:14:43,344 INFO src.train.trainer: Epoch 1045
2026-04-04 11:14:43,366 INFO src.train.trainer: New best validation loss: -5.6683, saved to checkpoints/etas_20260404-111418/best_model_1.pth
2026-04-04 11:14:43,368 INFO src.train.trainer: Last model at epoch 1045 saved to checkpoints/etas_20260404-111418/last_model_1.pth
2026-04-04 11:14:43,368 INFO src.train.trainer: Epoch 1046
2026-04-04 11:14:43,389 INFO src.train.trainer: New best validation loss: -5.6685, saved to checkpoints/etas_20260404-111418/best_model_1.pth
2026-04-04 11:14:43,390 INFO src.train.trainer: Last model at epoch 1046 saved to checkpoints/etas_20260404-111418/last_model_1.pth
2026-04-04 11:14:43,390 INFO src.train.trainer: Epoch 1047
2026-04-04 11:14:43,412 INFO src.train.trainer: New best validation loss: -5.6688, saved to checkpoints/etas_20260404-111418/best_model_1.pth
2026-04-04 11:14:43,413 INFO src.train.trainer: Last model at epoch 1047 saved to checkpoints/etas_20260404-111418/last_model_1.pth
2026-04-04 11:14:43,413 INFO src.train.trainer: Epoch 1048
2026-04-04 11:14:43,436 INFO src.train.trainer: New best validation loss: -5.6690, saved to checkpoints/etas_20260404-111418/best_model_1.pth
2026-04-04 11:14:43,437 INFO src.train.trainer: Last model at epoch 1048 saved to checkpoints/etas_20260404-111418/last_model_1.pth
2026-04-04 11:14:43,437 INFO src.train.trainer: Epoch 1049
2026-04-04 11:14:43,461 INFO src.train.trainer: New best validation loss: -5.6693, saved to checkpoints/etas_20260404-111418/best_model_1.pth
2026-04-04 11:14:43,462 INFO src.train.trainer: Last model at epoch 1049 saved to checkpoints/etas_20260404-111418/last_model_1.pth
2026-04-04 11:14:43,463 INFO src.train.trainer: Epoch 1050
2026-04-04 11:14:43,485 INFO src.train.trainer: New best validation loss: -5.6695, saved to checkpoints/etas_20260404-111418/best_model_1.pth
2026-04-04 11:14:43,486 INFO src.train.trainer: Last model at epoch 1050 saved to checkpoints/etas_20260404-111418/last_model_1.pth
2026-04-04 11:14:43,486 INFO src.train.trainer: Epoch 1051
2026-04-04 11:14:43,508 INFO src.train.trainer: New best validation loss: -5.6697, saved to checkpoints/etas_20260404-111418/best_model_1.pth
2026-04-04 11:14:43,509 INFO src.train.trainer: Last model at epoch 1051 saved to checkpoints/etas_20260404-111418/last_model_1.pth
2026-04-04 11:14:43,509 INFO src.train.trainer: Epoch 1052
2026-04-04 11:14:43,533 INFO src.train.trainer: New best validation loss: -5.6699, saved to checkpoints/etas_20260404-111418/best_model_1.pth
2026-04-04 11:14:43,534 INFO src.train.trainer: Last model at epoch 1052 saved to checkpoints/etas_20260404-111418/last_model_1.pth
2026-04-04 11:14:43,534 INFO src.train.trainer: Epoch 1053
2026-04-04 11:14:43,557 INFO src.train.trainer: New best validation loss: -5.6701, saved to checkpoints/etas_20260404-111418/best_model_1.pth
2026-04-04 11:14:43,558 INFO src.train.trainer: Last model at epoch 1053 saved to checkpoints/etas_20260404-111418/last_model_1.pth
2026-04-04 11:14:43,559 INFO src.train.trainer: Epoch 1054
2026-04-04 11:14:43,581 INFO src.train.trainer: New best validation loss: -5.6703, saved to checkpoints/etas_20260404-111418/best_model_1.pth
2026-04-04 11:14:43,582 INFO src.train.trainer: Last model at epoch 1054 saved to checkpoints/etas_20260404-111418/last_model_1.pth
2026-04-04 11:14:43,582 INFO src.train.trainer: Epoch 1055
2026-04-04 11:14:43,605 INFO src.train.trainer: New best validation loss: -5.6705, saved to checkpoints/etas_20260404-111418/best_model_1.pth
2026-04-04 11:14:43,606 INFO src.train.trainer: Last model at epoch 1055 saved to checkpoints/etas_20260404-111418/last_model_1.pth
2026-04-04 11:14:43,606 INFO src.train.trainer: Epoch 1056
2026-04-04 11:14:43,632 INFO src.train.trainer: New best validation loss: -5.6707, saved to checkpoints/etas_20260404-111418/best_model_1.pth
2026-04-04 11:14:43,633 INFO src.train.trainer: Last model at epoch 1056 saved to checkpoints/etas_20260404-111418/last_model_1.pth
2026-04-04 11:14:43,633 INFO src.train.trainer: Epoch 1057
2026-04-04 11:14:43,657 INFO src.train.trainer: New best validation loss: -5.6709, saved to checkpoints/etas_20260404-111418/best_model_1.pth
2026-04-04 11:14:43,658 INFO src.train.trainer: Last model at epoch 1057 saved to checkpoints/etas_20260404-111418/last_model_1.pth
2026-04-04 11:14:43,658 INFO src.train.trainer: Epoch 1058
2026-04-04 11:14:43,681 INFO src.train.trainer: New best validation loss: -5.6711, saved to checkpoints/etas_20260404-111418/best_model_1.pth
2026-04-04 11:14:43,682 INFO src.train.trainer: Last model at epoch 1058 saved to checkpoints/etas_20260404-111418/last_model_1.pth
2026-04-04 11:14:43,682 INFO src.train.trainer: Epoch 1059
2026-04-04 11:14:43,705 INFO src.train.trainer: New best validation loss: -5.6713, saved to checkpoints/etas_20260404-111418/best_model_1.pth
2026-04-04 11:14:43,707 INFO src.train.trainer: Last model at epoch 1059 saved to checkpoints/etas_20260404-111418/last_model_1.pth
2026-04-04 11:14:43,707 INFO src.train.trainer: Epoch 1060
2026-04-04 11:14:43,728 INFO src.train.trainer: New best validation loss: -5.6714, saved to checkpoints/etas_20260404-111418/best_model_1.pth
2026-04-04 11:14:43,730 INFO src.train.trainer: Last model at epoch 1060 saved to checkpoints/etas_20260404-111418/last_model_1.pth
2026-04-04 11:14:43,730 INFO src.train.trainer: Epoch 1061
2026-04-04 11:14:43,753 INFO src.train.trainer: New best validation loss: -5.6716, saved to checkpoints/etas_20260404-111418/best_model_1.pth
2026-04-04 11:14:43,754 INFO src.train.trainer: Last model at epoch 1061 saved to checkpoints/etas_20260404-111418/last_model_1.pth
2026-04-04 11:14:43,754 INFO src.train.trainer: Epoch 1062
2026-04-04 11:14:43,774 INFO src.train.trainer: New best validation loss: -5.6718, saved to checkpoints/etas_20260404-111418/best_model_1.pth
2026-04-04 11:14:43,775 INFO src.train.trainer: Last model at epoch 1062 saved to checkpoints/etas_20260404-111418/last_model_1.pth
2026-04-04 11:14:43,775 INFO src.train.trainer: Epoch 1063
2026-04-04 11:14:43,796 INFO src.train.trainer: New best validation loss: -5.6720, saved to checkpoints/etas_20260404-111418/best_model_1.pth
2026-04-04 11:14:43,797 INFO src.train.trainer: Last model at epoch 1063 saved to checkpoints/etas_20260404-111418/last_model_1.pth
2026-04-04 11:14:43,797 INFO src.train.trainer: Epoch 1064
2026-04-04 11:14:43,818 INFO src.train.trainer: New best validation loss: -5.6722, saved to checkpoints/etas_20260404-111418/best_model_1.pth
2026-04-04 11:14:43,819 INFO src.train.trainer: Last model at epoch 1064 saved to checkpoints/etas_20260404-111418/last_model_1.pth
2026-04-04 11:14:43,819 INFO src.train.trainer: Epoch 1065
2026-04-04 11:14:43,841 INFO src.train.trainer: New best validation loss: -5.6724, saved to checkpoints/etas_20260404-111418/best_model_1.pth
2026-04-04 11:14:43,843 INFO src.train.trainer: Last model at epoch 1065 saved to checkpoints/etas_20260404-111418/last_model_1.pth
2026-04-04 11:14:43,843 INFO src.train.trainer: Epoch 1066
2026-04-04 11:14:43,866 INFO src.train.trainer: New best validation loss: -5.6726, saved to checkpoints/etas_20260404-111418/best_model_1.pth
2026-04-04 11:14:43,868 INFO src.train.trainer: Last model at epoch 1066 saved to checkpoints/etas_20260404-111418/last_model_1.pth
2026-04-04 11:14:43,868 INFO src.train.trainer: Epoch 1067
2026-04-04 11:14:43,890 INFO src.train.trainer: New best validation loss: -5.6728, saved to checkpoints/etas_20260404-111418/best_model_1.pth
2026-04-04 11:14:43,892 INFO src.train.trainer: Last model at epoch 1067 saved to checkpoints/etas_20260404-111418/last_model_1.pth
2026-04-04 11:14:43,892 INFO src.train.trainer: Epoch 1068
2026-04-04 11:14:43,913 INFO src.train.trainer: New best validation loss: -5.6730, saved to checkpoints/etas_20260404-111418/best_model_1.pth
2026-04-04 11:14:43,914 INFO src.train.trainer: Last model at epoch 1068 saved to checkpoints/etas_20260404-111418/last_model_1.pth
2026-04-04 11:14:43,914 INFO src.train.trainer: Epoch 1069
2026-04-04 11:14:43,936 INFO src.train.trainer: New best validation loss: -5.6732, saved to checkpoints/etas_20260404-111418/best_model_1.pth
2026-04-04 11:14:43,938 INFO src.train.trainer: Last model at epoch 1069 saved to checkpoints/etas_20260404-111418/last_model_1.pth
2026-04-04 11:14:43,938 INFO src.train.trainer: Epoch 1070
2026-04-04 11:14:43,960 INFO src.train.trainer: New best validation loss: -5.6734, saved to checkpoints/etas_20260404-111418/best_model_1.pth
2026-04-04 11:14:43,961 INFO src.train.trainer: Last model at epoch 1070 saved to checkpoints/etas_20260404-111418/last_model_1.pth
2026-04-04 11:14:43,961 INFO src.train.trainer: Epoch 1071
2026-04-04 11:14:43,984 INFO src.train.trainer: New best validation loss: -5.6736, saved to checkpoints/etas_20260404-111418/best_model_1.pth
2026-04-04 11:14:43,985 INFO src.train.trainer: Last model at epoch 1071 saved to checkpoints/etas_20260404-111418/last_model_1.pth
2026-04-04 11:14:43,985 INFO src.train.trainer: Epoch 1072
2026-04-04 11:14:44,005 INFO src.train.trainer: New best validation loss: -5.6738, saved to checkpoints/etas_20260404-111418/best_model_1.pth
2026-04-04 11:14:44,007 INFO src.train.trainer: Last model at epoch 1072 saved to checkpoints/etas_20260404-111418/last_model_1.pth
2026-04-04 11:14:44,007 INFO src.train.trainer: Epoch 1073
2026-04-04 11:14:44,028 INFO src.train.trainer: New best validation loss: -5.6739, saved to checkpoints/etas_20260404-111418/best_model_1.pth
2026-04-04 11:14:44,029 INFO src.train.trainer: Last model at epoch 1073 saved to checkpoints/etas_20260404-111418/last_model_1.pth
2026-04-04 11:14:44,030 INFO src.train.trainer: Epoch 1074
2026-04-04 11:14:44,051 INFO src.train.trainer: New best validation loss: -5.6741, saved to checkpoints/etas_20260404-111418/best_model_1.pth
2026-04-04 11:14:44,052 INFO src.train.trainer: Last model at epoch 1074 saved to checkpoints/etas_20260404-111418/last_model_1.pth
2026-04-04 11:14:44,052 INFO src.train.trainer: Epoch 1075
2026-04-04 11:14:44,075 INFO src.train.trainer: New best validation loss: -5.6743, saved to checkpoints/etas_20260404-111418/best_model_1.pth
2026-04-04 11:14:44,077 INFO src.train.trainer: Last model at epoch 1075 saved to checkpoints/etas_20260404-111418/last_model_1.pth
2026-04-04 11:14:44,077 INFO src.train.trainer: Epoch 1076
2026-04-04 11:14:44,098 INFO src.train.trainer: New best validation loss: -5.6745, saved to checkpoints/etas_20260404-111418/best_model_1.pth
2026-04-04 11:14:44,099 INFO src.train.trainer: Last model at epoch 1076 saved to checkpoints/etas_20260404-111418/last_model_1.pth
2026-04-04 11:14:44,099 INFO src.train.trainer: Epoch 1077
2026-04-04 11:14:44,120 INFO src.train.trainer: New best validation loss: -5.6747, saved to checkpoints/etas_20260404-111418/best_model_1.pth
2026-04-04 11:14:44,121 INFO src.train.trainer: Last model at epoch 1077 saved to checkpoints/etas_20260404-111418/last_model_1.pth
2026-04-04 11:14:44,121 INFO src.train.trainer: Epoch 1078
2026-04-04 11:14:44,142 INFO src.train.trainer: New best validation loss: -5.6749, saved to checkpoints/etas_20260404-111418/best_model_1.pth
2026-04-04 11:14:44,143 INFO src.train.trainer: Last model at epoch 1078 saved to checkpoints/etas_20260404-111418/last_model_1.pth
2026-04-04 11:14:44,143 INFO src.train.trainer: Epoch 1079
2026-04-04 11:14:44,164 INFO src.train.trainer: New best validation loss: -5.6751, saved to checkpoints/etas_20260404-111418/best_model_1.pth
2026-04-04 11:14:44,166 INFO src.train.trainer: Last model at epoch 1079 saved to checkpoints/etas_20260404-111418/last_model_1.pth
2026-04-04 11:14:44,166 INFO src.train.trainer: Epoch 1080
2026-04-04 11:14:44,187 INFO src.train.trainer: New best validation loss: -5.6753, saved to checkpoints/etas_20260404-111418/best_model_1.pth
2026-04-04 11:14:44,188 INFO src.train.trainer: Last model at epoch 1080 saved to checkpoints/etas_20260404-111418/last_model_1.pth
2026-04-04 11:14:44,188 INFO src.train.trainer: Epoch 1081
2026-04-04 11:14:44,208 INFO src.train.trainer: New best validation loss: -5.6755, saved to checkpoints/etas_20260404-111418/best_model_1.pth
2026-04-04 11:14:44,210 INFO src.train.trainer: Last model at epoch 1081 saved to checkpoints/etas_20260404-111418/last_model_1.pth
2026-04-04 11:14:44,210 INFO src.train.trainer: Epoch 1082
2026-04-04 11:14:44,230 INFO src.train.trainer: New best validation loss: -5.6757, saved to checkpoints/etas_20260404-111418/best_model_1.pth
2026-04-04 11:14:44,232 INFO src.train.trainer: Last model at epoch 1082 saved to checkpoints/etas_20260404-111418/last_model_1.pth
2026-04-04 11:14:44,232 INFO src.train.trainer: Epoch 1083
2026-04-04 11:14:44,253 INFO src.train.trainer: New best validation loss: -5.6758, saved to checkpoints/etas_20260404-111418/best_model_1.pth
2026-04-04 11:14:44,254 INFO src.train.trainer: Last model at epoch 1083 saved to checkpoints/etas_20260404-111418/last_model_1.pth
2026-04-04 11:14:44,255 INFO src.train.trainer: Epoch 1084
2026-04-04 11:14:44,276 INFO src.train.trainer: New best validation loss: -5.6760, saved to checkpoints/etas_20260404-111418/best_model_1.pth
2026-04-04 11:14:44,277 INFO src.train.trainer: Last model at epoch 1084 saved to checkpoints/etas_20260404-111418/last_model_1.pth
2026-04-04 11:14:44,277 INFO src.train.trainer: Epoch 1085
2026-04-04 11:14:44,300 INFO src.train.trainer: New best validation loss: -5.6762, saved to checkpoints/etas_20260404-111418/best_model_1.pth
2026-04-04 11:14:44,302 INFO src.train.trainer: Last model at epoch 1085 saved to checkpoints/etas_20260404-111418/last_model_1.pth
2026-04-04 11:14:44,302 INFO src.train.trainer: Epoch 1086
2026-04-04 11:14:44,323 INFO src.train.trainer: New best validation loss: -5.6764, saved to checkpoints/etas_20260404-111418/best_model_1.pth
2026-04-04 11:14:44,324 INFO src.train.trainer: Last model at epoch 1086 saved to checkpoints/etas_20260404-111418/last_model_1.pth
2026-04-04 11:14:44,324 INFO src.train.trainer: Epoch 1087
2026-04-04 11:14:44,345 INFO src.train.trainer: New best validation loss: -5.6766, saved to checkpoints/etas_20260404-111418/best_model_1.pth
2026-04-04 11:14:44,346 INFO src.train.trainer: Last model at epoch 1087 saved to checkpoints/etas_20260404-111418/last_model_1.pth
2026-04-04 11:14:44,346 INFO src.train.trainer: Epoch 1088
2026-04-04 11:14:44,367 INFO src.train.trainer: New best validation loss: -5.6768, saved to checkpoints/etas_20260404-111418/best_model_1.pth
2026-04-04 11:14:44,368 INFO src.train.trainer: Last model at epoch 1088 saved to checkpoints/etas_20260404-111418/last_model_1.pth
2026-04-04 11:14:44,368 INFO src.train.trainer: Epoch 1089
2026-04-04 11:14:44,390 INFO src.train.trainer: New best validation loss: -5.6770, saved to checkpoints/etas_20260404-111418/best_model_1.pth
2026-04-04 11:14:44,391 INFO src.train.trainer: Last model at epoch 1089 saved to checkpoints/etas_20260404-111418/last_model_1.pth
2026-04-04 11:14:44,391 INFO src.train.trainer: Epoch 1090
2026-04-04 11:14:44,412 INFO src.train.trainer: New best validation loss: -5.6772, saved to checkpoints/etas_20260404-111418/best_model_1.pth
2026-04-04 11:14:44,413 INFO src.train.trainer: Last model at epoch 1090 saved to checkpoints/etas_20260404-111418/last_model_1.pth
2026-04-04 11:14:44,415 INFO src.train.trainer: Epoch 1091
2026-04-04 11:14:44,439 INFO src.train.trainer: New best validation loss: -5.6774, saved to checkpoints/etas_20260404-111418/best_model_1.pth
2026-04-04 11:14:44,440 INFO src.train.trainer: Last model at epoch 1091 saved to checkpoints/etas_20260404-111418/last_model_1.pth
2026-04-04 11:14:44,440 INFO src.train.trainer: Epoch 1092
2026-04-04 11:14:44,462 INFO src.train.trainer: New best validation loss: -5.6776, saved to checkpoints/etas_20260404-111418/best_model_1.pth
2026-04-04 11:14:44,464 INFO src.train.trainer: Last model at epoch 1092 saved to checkpoints/etas_20260404-111418/last_model_1.pth
2026-04-04 11:14:44,464 INFO src.train.trainer: Epoch 1093
2026-04-04 11:14:44,485 INFO src.train.trainer: New best validation loss: -5.6777, saved to checkpoints/etas_20260404-111418/best_model_1.pth
2026-04-04 11:14:44,486 INFO src.train.trainer: Last model at epoch 1093 saved to checkpoints/etas_20260404-111418/last_model_1.pth
2026-04-04 11:14:44,486 INFO src.train.trainer: Epoch 1094
2026-04-04 11:14:44,507 INFO src.train.trainer: New best validation loss: -5.6779, saved to checkpoints/etas_20260404-111418/best_model_1.pth
2026-04-04 11:14:44,508 INFO src.train.trainer: Last model at epoch 1094 saved to checkpoints/etas_20260404-111418/last_model_1.pth
2026-04-04 11:14:44,508 INFO src.train.trainer: Epoch 1095
2026-04-04 11:14:44,532 INFO src.train.trainer: New best validation loss: -5.6781, saved to checkpoints/etas_20260404-111418/best_model_1.pth
2026-04-04 11:14:44,533 INFO src.train.trainer: Last model at epoch 1095 saved to checkpoints/etas_20260404-111418/last_model_1.pth
2026-04-04 11:14:44,533 INFO src.train.trainer: Epoch 1096
2026-04-04 11:14:44,554 INFO src.train.trainer: New best validation loss: -5.6783, saved to checkpoints/etas_20260404-111418/best_model_1.pth
2026-04-04 11:14:44,555 INFO src.train.trainer: Last model at epoch 1096 saved to checkpoints/etas_20260404-111418/last_model_1.pth
2026-04-04 11:14:44,555 INFO src.train.trainer: Epoch 1097
2026-04-04 11:14:44,576 INFO src.train.trainer: New best validation loss: -5.6785, saved to checkpoints/etas_20260404-111418/best_model_1.pth
2026-04-04 11:14:44,577 INFO src.train.trainer: Last model at epoch 1097 saved to checkpoints/etas_20260404-111418/last_model_1.pth
2026-04-04 11:14:44,577 INFO src.train.trainer: Epoch 1098
2026-04-04 11:14:44,598 INFO src.train.trainer: New best validation loss: -5.6787, saved to checkpoints/etas_20260404-111418/best_model_1.pth
2026-04-04 11:14:44,599 INFO src.train.trainer: Last model at epoch 1098 saved to checkpoints/etas_20260404-111418/last_model_1.pth
2026-04-04 11:14:44,599 INFO src.train.trainer: Epoch 1099
2026-04-04 11:14:44,619 INFO src.train.trainer: New best validation loss: -5.6789, saved to checkpoints/etas_20260404-111418/best_model_1.pth
2026-04-04 11:14:44,620 INFO src.train.trainer: Last model at epoch 1099 saved to checkpoints/etas_20260404-111418/last_model_1.pth
2026-04-04 11:14:44,620 INFO src.train.trainer: Epoch 1100
2026-04-04 11:14:44,642 INFO src.train.trainer: New best validation loss: -5.6791, saved to checkpoints/etas_20260404-111418/best_model_1.pth
2026-04-04 11:14:44,643 INFO src.train.trainer: Last model at epoch 1100 saved to checkpoints/etas_20260404-111418/last_model_1.pth
2026-04-04 11:14:44,643 INFO src.train.trainer: Epoch 1101
2026-04-04 11:14:44,665 INFO src.train.trainer: New best validation loss: -5.6793, saved to checkpoints/etas_20260404-111418/best_model_1.pth
2026-04-04 11:14:44,666 INFO src.train.trainer: Last model at epoch 1101 saved to checkpoints/etas_20260404-111418/last_model_1.pth
2026-04-04 11:14:44,666 INFO src.train.trainer: Epoch 1102
2026-04-04 11:14:44,688 INFO src.train.trainer: New best validation loss: -5.6794, saved to checkpoints/etas_20260404-111418/best_model_1.pth
2026-04-04 11:14:44,689 INFO src.train.trainer: Last model at epoch 1102 saved to checkpoints/etas_20260404-111418/last_model_1.pth
2026-04-04 11:14:44,689 INFO src.train.trainer: Epoch 1103
2026-04-04 11:14:44,710 INFO src.train.trainer: New best validation loss: -5.6796, saved to checkpoints/etas_20260404-111418/best_model_1.pth
2026-04-04 11:14:44,712 INFO src.train.trainer: Last model at epoch 1103 saved to checkpoints/etas_20260404-111418/last_model_1.pth
2026-04-04 11:14:44,712 INFO src.train.trainer: Epoch 1104
2026-04-04 11:14:44,734 INFO src.train.trainer: New best validation loss: -5.6798, saved to checkpoints/etas_20260404-111418/best_model_1.pth
2026-04-04 11:14:44,735 INFO src.train.trainer: Last model at epoch 1104 saved to checkpoints/etas_20260404-111418/last_model_1.pth
2026-04-04 11:14:44,735 INFO src.train.trainer: Epoch 1105
2026-04-04 11:14:44,756 INFO src.train.trainer: New best validation loss: -5.6800, saved to checkpoints/etas_20260404-111418/best_model_1.pth
2026-04-04 11:14:44,758 INFO src.train.trainer: Last model at epoch 1105 saved to checkpoints/etas_20260404-111418/last_model_1.pth
2026-04-04 11:14:44,758 INFO src.train.trainer: Epoch 1106
2026-04-04 11:14:44,779 INFO src.train.trainer: New best validation loss: -5.6802, saved to checkpoints/etas_20260404-111418/best_model_1.pth
2026-04-04 11:14:44,780 INFO src.train.trainer: Last model at epoch 1106 saved to checkpoints/etas_20260404-111418/last_model_1.pth
2026-04-04 11:14:44,780 INFO src.train.trainer: Epoch 1107
2026-04-04 11:14:44,801 INFO src.train.trainer: New best validation loss: -5.6804, saved to checkpoints/etas_20260404-111418/best_model_1.pth
2026-04-04 11:14:44,802 INFO src.train.trainer: Last model at epoch 1107 saved to checkpoints/etas_20260404-111418/last_model_1.pth
2026-04-04 11:14:44,802 INFO src.train.trainer: Epoch 1108
2026-04-04 11:14:44,824 INFO src.train.trainer: New best validation loss: -5.6806, saved to checkpoints/etas_20260404-111418/best_model_1.pth
2026-04-04 11:14:44,825 INFO src.train.trainer: Last model at epoch 1108 saved to checkpoints/etas_20260404-111418/last_model_1.pth
2026-04-04 11:14:44,825 INFO src.train.trainer: Epoch 1109
2026-04-04 11:14:44,847 INFO src.train.trainer: New best validation loss: -5.6808, saved to checkpoints/etas_20260404-111418/best_model_1.pth
2026-04-04 11:14:44,848 INFO src.train.trainer: Last model at epoch 1109 saved to checkpoints/etas_20260404-111418/last_model_1.pth
2026-04-04 11:14:44,848 INFO src.train.trainer: Epoch 1110
2026-04-04 11:14:44,869 INFO src.train.trainer: New best validation loss: -5.6809, saved to checkpoints/etas_20260404-111418/best_model_1.pth
2026-04-04 11:14:44,870 INFO src.train.trainer: Last model at epoch 1110 saved to checkpoints/etas_20260404-111418/last_model_1.pth
2026-04-04 11:14:44,870 INFO src.train.trainer: Epoch 1111
2026-04-04 11:14:44,891 INFO src.train.trainer: New best validation loss: -5.6811, saved to checkpoints/etas_20260404-111418/best_model_1.pth
2026-04-04 11:14:44,892 INFO src.train.trainer: Last model at epoch 1111 saved to checkpoints/etas_20260404-111418/last_model_1.pth
2026-04-04 11:14:44,892 INFO src.train.trainer: Epoch 1112
2026-04-04 11:14:44,913 INFO src.train.trainer: New best validation loss: -5.6813, saved to checkpoints/etas_20260404-111418/best_model_1.pth
2026-04-04 11:14:44,914 INFO src.train.trainer: Last model at epoch 1112 saved to checkpoints/etas_20260404-111418/last_model_1.pth
2026-04-04 11:14:44,914 INFO src.train.trainer: Epoch 1113
2026-04-04 11:14:44,935 INFO src.train.trainer: New best validation loss: -5.6815, saved to checkpoints/etas_20260404-111418/best_model_1.pth
2026-04-04 11:14:44,936 INFO src.train.trainer: Last model at epoch 1113 saved to checkpoints/etas_20260404-111418/last_model_1.pth
2026-04-04 11:14:44,937 INFO src.train.trainer: Epoch 1114
2026-04-04 11:14:44,959 INFO src.train.trainer: New best validation loss: -5.6817, saved to checkpoints/etas_20260404-111418/best_model_1.pth
2026-04-04 11:14:44,960 INFO src.train.trainer: Last model at epoch 1114 saved to checkpoints/etas_20260404-111418/last_model_1.pth
2026-04-04 11:14:44,960 INFO src.train.trainer: Epoch 1115
2026-04-04 11:14:44,981 INFO src.train.trainer: New best validation loss: -5.6819, saved to checkpoints/etas_20260404-111418/best_model_1.pth
2026-04-04 11:14:44,982 INFO src.train.trainer: Last model at epoch 1115 saved to checkpoints/etas_20260404-111418/last_model_1.pth
2026-04-04 11:14:44,982 INFO src.train.trainer: Epoch 1116
2026-04-04 11:14:45,003 INFO src.train.trainer: New best validation loss: -5.6821, saved to checkpoints/etas_20260404-111418/best_model_1.pth
2026-04-04 11:14:45,004 INFO src.train.trainer: Last model at epoch 1116 saved to checkpoints/etas_20260404-111418/last_model_1.pth
2026-04-04 11:14:45,004 INFO src.train.trainer: Epoch 1117
2026-04-04 11:14:45,025 INFO src.train.trainer: New best validation loss: -5.6823, saved to checkpoints/etas_20260404-111418/best_model_1.pth
2026-04-04 11:14:45,026 INFO src.train.trainer: Last model at epoch 1117 saved to checkpoints/etas_20260404-111418/last_model_1.pth
2026-04-04 11:14:45,026 INFO src.train.trainer: Epoch 1118
2026-04-04 11:14:45,048 INFO src.train.trainer: New best validation loss: -5.6824, saved to checkpoints/etas_20260404-111418/best_model_1.pth
2026-04-04 11:14:45,049 INFO src.train.trainer: Last model at epoch 1118 saved to checkpoints/etas_20260404-111418/last_model_1.pth
2026-04-04 11:14:45,049 INFO src.train.trainer: Epoch 1119
2026-04-04 11:14:45,072 INFO src.train.trainer: New best validation loss: -5.6826, saved to checkpoints/etas_20260404-111418/best_model_1.pth
2026-04-04 11:14:45,074 INFO src.train.trainer: Last model at epoch 1119 saved to checkpoints/etas_20260404-111418/last_model_1.pth
2026-04-04 11:14:45,074 INFO src.train.trainer: Epoch 1120
2026-04-04 11:14:45,096 INFO src.train.trainer: New best validation loss: -5.6828, saved to checkpoints/etas_20260404-111418/best_model_1.pth
2026-04-04 11:14:45,097 INFO src.train.trainer: Last model at epoch 1120 saved to checkpoints/etas_20260404-111418/last_model_1.pth
2026-04-04 11:14:45,097 INFO src.train.trainer: Epoch 1121
2026-04-04 11:14:45,119 INFO src.train.trainer: New best validation loss: -5.6830, saved to checkpoints/etas_20260404-111418/best_model_1.pth
2026-04-04 11:14:45,120 INFO src.train.trainer: Last model at epoch 1121 saved to checkpoints/etas_20260404-111418/last_model_1.pth
2026-04-04 11:14:45,120 INFO src.train.trainer: Epoch 1122
2026-04-04 11:14:45,142 INFO src.train.trainer: New best validation loss: -5.6832, saved to checkpoints/etas_20260404-111418/best_model_1.pth
2026-04-04 11:14:45,143 INFO src.train.trainer: Last model at epoch 1122 saved to checkpoints/etas_20260404-111418/last_model_1.pth
2026-04-04 11:14:45,143 INFO src.train.trainer: Epoch 1123
2026-04-04 11:14:45,164 INFO src.train.trainer: New best validation loss: -5.6834, saved to checkpoints/etas_20260404-111418/best_model_1.pth
2026-04-04 11:14:45,165 INFO src.train.trainer: Last model at epoch 1123 saved to checkpoints/etas_20260404-111418/last_model_1.pth
2026-04-04 11:14:45,165 INFO src.train.trainer: Epoch 1124
2026-04-04 11:14:45,414 INFO src.train.trainer: New best validation loss: -5.6836, saved to checkpoints/etas_20260404-111418/best_model_1.pth
2026-04-04 11:14:45,415 INFO src.train.trainer: Last model at epoch 1124 saved to checkpoints/etas_20260404-111418/last_model_1.pth
2026-04-04 11:14:45,416 INFO src.train.trainer: Epoch 1125
2026-04-04 11:14:45,443 INFO src.train.trainer: New best validation loss: -5.6838, saved to checkpoints/etas_20260404-111418/best_model_1.pth
2026-04-04 11:14:45,445 INFO src.train.trainer: Last model at epoch 1125 saved to checkpoints/etas_20260404-111418/last_model_1.pth
2026-04-04 11:14:45,445 INFO src.train.trainer: Epoch 1126
2026-04-04 11:14:45,470 INFO src.train.trainer: New best validation loss: -5.6839, saved to checkpoints/etas_20260404-111418/best_model_1.pth
2026-04-04 11:14:45,472 INFO src.train.trainer: Last model at epoch 1126 saved to checkpoints/etas_20260404-111418/last_model_1.pth
2026-04-04 11:14:45,472 INFO src.train.trainer: Epoch 1127
2026-04-04 11:14:45,497 INFO src.train.trainer: New best validation loss: -5.6841, saved to checkpoints/etas_20260404-111418/best_model_1.pth
2026-04-04 11:14:45,499 INFO src.train.trainer: Last model at epoch 1127 saved to checkpoints/etas_20260404-111418/last_model_1.pth
2026-04-04 11:14:45,499 INFO src.train.trainer: Epoch 1128
2026-04-04 11:14:45,524 INFO src.train.trainer: New best validation loss: -5.6843, saved to checkpoints/etas_20260404-111418/best_model_1.pth
2026-04-04 11:14:45,525 INFO src.train.trainer: Last model at epoch 1128 saved to checkpoints/etas_20260404-111418/last_model_1.pth
2026-04-04 11:14:45,525 INFO src.train.trainer: Epoch 1129
2026-04-04 11:14:45,550 INFO src.train.trainer: New best validation loss: -5.6845, saved to checkpoints/etas_20260404-111418/best_model_1.pth
2026-04-04 11:14:45,552 INFO src.train.trainer: Last model at epoch 1129 saved to checkpoints/etas_20260404-111418/last_model_1.pth
2026-04-04 11:14:45,552 INFO src.train.trainer: Epoch 1130
2026-04-04 11:14:45,576 INFO src.train.trainer: New best validation loss: -5.6847, saved to checkpoints/etas_20260404-111418/best_model_1.pth
2026-04-04 11:14:45,578 INFO src.train.trainer: Last model at epoch 1130 saved to checkpoints/etas_20260404-111418/last_model_1.pth
2026-04-04 11:14:45,578 INFO src.train.trainer: Epoch 1131
2026-04-04 11:14:45,605 INFO src.train.trainer: New best validation loss: -5.6849, saved to checkpoints/etas_20260404-111418/best_model_1.pth
2026-04-04 11:14:45,606 INFO src.train.trainer: Last model at epoch 1131 saved to checkpoints/etas_20260404-111418/last_model_1.pth
2026-04-04 11:14:45,606 INFO src.train.trainer: Epoch 1132
2026-04-04 11:14:45,631 INFO src.train.trainer: New best validation loss: -5.6851, saved to checkpoints/etas_20260404-111418/best_model_1.pth
2026-04-04 11:14:45,632 INFO src.train.trainer: Last model at epoch 1132 saved to checkpoints/etas_20260404-111418/last_model_1.pth
2026-04-04 11:14:45,632 INFO src.train.trainer: Epoch 1133
2026-04-04 11:14:45,657 INFO src.train.trainer: New best validation loss: -5.6852, saved to checkpoints/etas_20260404-111418/best_model_1.pth
2026-04-04 11:14:45,659 INFO src.train.trainer: Last model at epoch 1133 saved to checkpoints/etas_20260404-111418/last_model_1.pth
2026-04-04 11:14:45,659 INFO src.train.trainer: Epoch 1134
2026-04-04 11:14:45,686 INFO src.train.trainer: New best validation loss: -5.6854, saved to checkpoints/etas_20260404-111418/best_model_1.pth
2026-04-04 11:14:45,687 INFO src.train.trainer: Last model at epoch 1134 saved to checkpoints/etas_20260404-111418/last_model_1.pth
2026-04-04 11:14:45,687 INFO src.train.trainer: Epoch 1135
2026-04-04 11:14:45,712 INFO src.train.trainer: New best validation loss: -5.6856, saved to checkpoints/etas_20260404-111418/best_model_1.pth
2026-04-04 11:14:45,713 INFO src.train.trainer: Last model at epoch 1135 saved to checkpoints/etas_20260404-111418/last_model_1.pth
2026-04-04 11:14:45,714 INFO src.train.trainer: Epoch 1136
2026-04-04 11:14:45,738 INFO src.train.trainer: New best validation loss: -5.6858, saved to checkpoints/etas_20260404-111418/best_model_1.pth
2026-04-04 11:14:45,739 INFO src.train.trainer: Last model at epoch 1136 saved to checkpoints/etas_20260404-111418/last_model_1.pth
2026-04-04 11:14:45,740 INFO src.train.trainer: Epoch 1137
2026-04-04 11:14:45,765 INFO src.train.trainer: New best validation loss: -5.6860, saved to checkpoints/etas_20260404-111418/best_model_1.pth
2026-04-04 11:14:45,766 INFO src.train.trainer: Last model at epoch 1137 saved to checkpoints/etas_20260404-111418/last_model_1.pth
2026-04-04 11:14:45,766 INFO src.train.trainer: Epoch 1138
2026-04-04 11:14:45,791 INFO src.train.trainer: New best validation loss: -5.6862, saved to checkpoints/etas_20260404-111418/best_model_1.pth
2026-04-04 11:14:45,793 INFO src.train.trainer: Last model at epoch 1138 saved to checkpoints/etas_20260404-111418/last_model_1.pth
2026-04-04 11:14:45,793 INFO src.train.trainer: Epoch 1139
2026-04-04 11:14:45,817 INFO src.train.trainer: New best validation loss: -5.6864, saved to checkpoints/etas_20260404-111418/best_model_1.pth
2026-04-04 11:14:45,819 INFO src.train.trainer: Last model at epoch 1139 saved to checkpoints/etas_20260404-111418/last_model_1.pth
2026-04-04 11:14:45,819 INFO src.train.trainer: Epoch 1140
2026-04-04 11:14:45,844 INFO src.train.trainer: New best validation loss: -5.6865, saved to checkpoints/etas_20260404-111418/best_model_1.pth
2026-04-04 11:14:45,846 INFO src.train.trainer: Last model at epoch 1140 saved to checkpoints/etas_20260404-111418/last_model_1.pth
2026-04-04 11:14:45,846 INFO src.train.trainer: Epoch 1141
2026-04-04 11:14:45,870 INFO src.train.trainer: New best validation loss: -5.6867, saved to checkpoints/etas_20260404-111418/best_model_1.pth
2026-04-04 11:14:45,872 INFO src.train.trainer: Last model at epoch 1141 saved to checkpoints/etas_20260404-111418/last_model_1.pth
2026-04-04 11:14:45,872 INFO src.train.trainer: Epoch 1142
2026-04-04 11:14:45,896 INFO src.train.trainer: New best validation loss: -5.6869, saved to checkpoints/etas_20260404-111418/best_model_1.pth
2026-04-04 11:14:45,898 INFO src.train.trainer: Last model at epoch 1142 saved to checkpoints/etas_20260404-111418/last_model_1.pth
2026-04-04 11:14:45,898 INFO src.train.trainer: Epoch 1143
2026-04-04 11:14:45,923 INFO src.train.trainer: New best validation loss: -5.6871, saved to checkpoints/etas_20260404-111418/best_model_1.pth
2026-04-04 11:14:45,925 INFO src.train.trainer: Last model at epoch 1143 saved to checkpoints/etas_20260404-111418/last_model_1.pth
2026-04-04 11:14:45,925 INFO src.train.trainer: Epoch 1144
2026-04-04 11:14:45,950 INFO src.train.trainer: New best validation loss: -5.6873, saved to checkpoints/etas_20260404-111418/best_model_1.pth
2026-04-04 11:14:45,951 INFO src.train.trainer: Last model at epoch 1144 saved to checkpoints/etas_20260404-111418/last_model_1.pth
2026-04-04 11:14:45,952 INFO src.train.trainer: Epoch 1145
2026-04-04 11:14:45,976 INFO src.train.trainer: New best validation loss: -5.6875, saved to checkpoints/etas_20260404-111418/best_model_1.pth
2026-04-04 11:14:45,977 INFO src.train.trainer: Last model at epoch 1145 saved to checkpoints/etas_20260404-111418/last_model_1.pth
2026-04-04 11:14:45,977 INFO src.train.trainer: Epoch 1146
2026-04-04 11:14:46,002 INFO src.train.trainer: New best validation loss: -5.6877, saved to checkpoints/etas_20260404-111418/best_model_1.pth
2026-04-04 11:14:46,004 INFO src.train.trainer: Last model at epoch 1146 saved to checkpoints/etas_20260404-111418/last_model_1.pth
2026-04-04 11:14:46,004 INFO src.train.trainer: Epoch 1147
2026-04-04 11:14:46,028 INFO src.train.trainer: New best validation loss: -5.6878, saved to checkpoints/etas_20260404-111418/best_model_1.pth
2026-04-04 11:14:46,030 INFO src.train.trainer: Last model at epoch 1147 saved to checkpoints/etas_20260404-111418/last_model_1.pth
2026-04-04 11:14:46,030 INFO src.train.trainer: Epoch 1148
2026-04-04 11:14:46,056 INFO src.train.trainer: New best validation loss: -5.6880, saved to checkpoints/etas_20260404-111418/best_model_1.pth
2026-04-04 11:14:46,058 INFO src.train.trainer: Last model at epoch 1148 saved to checkpoints/etas_20260404-111418/last_model_1.pth
2026-04-04 11:14:46,058 INFO src.train.trainer: Epoch 1149
2026-04-04 11:14:46,083 INFO src.train.trainer: New best validation loss: -5.6882, saved to checkpoints/etas_20260404-111418/best_model_1.pth
2026-04-04 11:14:46,085 INFO src.train.trainer: Last model at epoch 1149 saved to checkpoints/etas_20260404-111418/last_model_1.pth
2026-04-04 11:14:46,085 INFO src.train.trainer: Epoch 1150
2026-04-04 11:14:46,110 INFO src.train.trainer: New best validation loss: -5.6884, saved to checkpoints/etas_20260404-111418/best_model_1.pth
2026-04-04 11:14:46,111 INFO src.train.trainer: Last model at epoch 1150 saved to checkpoints/etas_20260404-111418/last_model_1.pth
2026-04-04 11:14:46,111 INFO src.train.trainer: Epoch 1151
2026-04-04 11:14:46,136 INFO src.train.trainer: New best validation loss: -5.6886, saved to checkpoints/etas_20260404-111418/best_model_1.pth
2026-04-04 11:14:46,137 INFO src.train.trainer: Last model at epoch 1151 saved to checkpoints/etas_20260404-111418/last_model_1.pth
2026-04-04 11:14:46,137 INFO src.train.trainer: Epoch 1152
2026-04-04 11:14:46,162 INFO src.train.trainer: New best validation loss: -5.6888, saved to checkpoints/etas_20260404-111418/best_model_1.pth
2026-04-04 11:14:46,163 INFO src.train.trainer: Last model at epoch 1152 saved to checkpoints/etas_20260404-111418/last_model_1.pth
2026-04-04 11:14:46,163 INFO src.train.trainer: Epoch 1153
2026-04-04 11:14:46,188 INFO src.train.trainer: New best validation loss: -5.6890, saved to checkpoints/etas_20260404-111418/best_model_1.pth
2026-04-04 11:14:46,189 INFO src.train.trainer: Last model at epoch 1153 saved to checkpoints/etas_20260404-111418/last_model_1.pth
2026-04-04 11:14:46,189 INFO src.train.trainer: Epoch 1154
2026-04-04 11:14:46,214 INFO src.train.trainer: New best validation loss: -5.6891, saved to checkpoints/etas_20260404-111418/best_model_1.pth
2026-04-04 11:14:46,215 INFO src.train.trainer: Last model at epoch 1154 saved to checkpoints/etas_20260404-111418/last_model_1.pth
2026-04-04 11:14:46,216 INFO src.train.trainer: Epoch 1155
2026-04-04 11:14:46,241 INFO src.train.trainer: New best validation loss: -5.6893, saved to checkpoints/etas_20260404-111418/best_model_1.pth
2026-04-04 11:14:46,243 INFO src.train.trainer: Last model at epoch 1155 saved to checkpoints/etas_20260404-111418/last_model_1.pth
2026-04-04 11:14:46,243 INFO src.train.trainer: Epoch 1156
2026-04-04 11:14:46,268 INFO src.train.trainer: New best validation loss: -5.6895, saved to checkpoints/etas_20260404-111418/best_model_1.pth
2026-04-04 11:14:46,269 INFO src.train.trainer: Last model at epoch 1156 saved to checkpoints/etas_20260404-111418/last_model_1.pth
2026-04-04 11:14:46,270 INFO src.train.trainer: Epoch 1157
2026-04-04 11:14:46,298 INFO src.train.trainer: New best validation loss: -5.6897, saved to checkpoints/etas_20260404-111418/best_model_1.pth
2026-04-04 11:14:46,299 INFO src.train.trainer: Last model at epoch 1157 saved to checkpoints/etas_20260404-111418/last_model_1.pth
2026-04-04 11:14:46,300 INFO src.train.trainer: Epoch 1158
2026-04-04 11:14:46,326 INFO src.train.trainer: New best validation loss: -5.6899, saved to checkpoints/etas_20260404-111418/best_model_1.pth
2026-04-04 11:14:46,328 INFO src.train.trainer: Last model at epoch 1158 saved to checkpoints/etas_20260404-111418/last_model_1.pth
2026-04-04 11:14:46,328 INFO src.train.trainer: Epoch 1159
2026-04-04 11:14:46,352 INFO src.train.trainer: New best validation loss: -5.6901, saved to checkpoints/etas_20260404-111418/best_model_1.pth
2026-04-04 11:14:46,354 INFO src.train.trainer: Last model at epoch 1159 saved to checkpoints/etas_20260404-111418/last_model_1.pth
2026-04-04 11:14:46,354 INFO src.train.trainer: Epoch 1160
2026-04-04 11:14:46,379 INFO src.train.trainer: New best validation loss: -5.6902, saved to checkpoints/etas_20260404-111418/best_model_1.pth
2026-04-04 11:14:46,380 INFO src.train.trainer: Last model at epoch 1160 saved to checkpoints/etas_20260404-111418/last_model_1.pth
2026-04-04 11:14:46,380 INFO src.train.trainer: Epoch 1161
2026-04-04 11:14:46,406 INFO src.train.trainer: New best validation loss: -5.6904, saved to checkpoints/etas_20260404-111418/best_model_1.pth
2026-04-04 11:14:46,407 INFO src.train.trainer: Last model at epoch 1161 saved to checkpoints/etas_20260404-111418/last_model_1.pth
2026-04-04 11:14:46,407 INFO src.train.trainer: Epoch 1162
2026-04-04 11:14:46,432 INFO src.train.trainer: New best validation loss: -5.6906, saved to checkpoints/etas_20260404-111418/best_model_1.pth
2026-04-04 11:14:46,434 INFO src.train.trainer: Last model at epoch 1162 saved to checkpoints/etas_20260404-111418/last_model_1.pth
2026-04-04 11:14:46,434 INFO src.train.trainer: Epoch 1163
2026-04-04 11:14:46,459 INFO src.train.trainer: New best validation loss: -5.6908, saved to checkpoints/etas_20260404-111418/best_model_1.pth
2026-04-04 11:14:46,460 INFO src.train.trainer: Last model at epoch 1163 saved to checkpoints/etas_20260404-111418/last_model_1.pth
2026-04-04 11:14:46,460 INFO src.train.trainer: Epoch 1164
2026-04-04 11:14:46,485 INFO src.train.trainer: New best validation loss: -5.6910, saved to checkpoints/etas_20260404-111418/best_model_1.pth
2026-04-04 11:14:46,487 INFO src.train.trainer: Last model at epoch 1164 saved to checkpoints/etas_20260404-111418/last_model_1.pth
2026-04-04 11:14:46,487 INFO src.train.trainer: Epoch 1165
2026-04-04 11:14:46,511 INFO src.train.trainer: New best validation loss: -5.6912, saved to checkpoints/etas_20260404-111418/best_model_1.pth
2026-04-04 11:14:46,513 INFO src.train.trainer: Last model at epoch 1165 saved to checkpoints/etas_20260404-111418/last_model_1.pth
2026-04-04 11:14:46,513 INFO src.train.trainer: Epoch 1166
2026-04-04 11:14:46,537 INFO src.train.trainer: New best validation loss: -5.6913, saved to checkpoints/etas_20260404-111418/best_model_1.pth
2026-04-04 11:14:46,539 INFO src.train.trainer: Last model at epoch 1166 saved to checkpoints/etas_20260404-111418/last_model_1.pth
2026-04-04 11:14:46,539 INFO src.train.trainer: Epoch 1167
2026-04-04 11:14:46,565 INFO src.train.trainer: New best validation loss: -5.6915, saved to checkpoints/etas_20260404-111418/best_model_1.pth
2026-04-04 11:14:46,566 INFO src.train.trainer: Last model at epoch 1167 saved to checkpoints/etas_20260404-111418/last_model_1.pth
2026-04-04 11:14:46,566 INFO src.train.trainer: Epoch 1168
2026-04-04 11:14:46,592 INFO src.train.trainer: New best validation loss: -5.6917, saved to checkpoints/etas_20260404-111418/best_model_1.pth
2026-04-04 11:14:46,593 INFO src.train.trainer: Last model at epoch 1168 saved to checkpoints/etas_20260404-111418/last_model_1.pth
2026-04-04 11:14:46,593 INFO src.train.trainer: Epoch 1169
2026-04-04 11:14:46,618 INFO src.train.trainer: New best validation loss: -5.6919, saved to checkpoints/etas_20260404-111418/best_model_1.pth
2026-04-04 11:14:46,619 INFO src.train.trainer: Last model at epoch 1169 saved to checkpoints/etas_20260404-111418/last_model_1.pth
2026-04-04 11:14:46,619 INFO src.train.trainer: Epoch 1170
2026-04-04 11:14:46,644 INFO src.train.trainer: New best validation loss: -5.6921, saved to checkpoints/etas_20260404-111418/best_model_1.pth
2026-04-04 11:14:46,646 INFO src.train.trainer: Last model at epoch 1170 saved to checkpoints/etas_20260404-111418/last_model_1.pth
2026-04-04 11:14:46,646 INFO src.train.trainer: Epoch 1171
2026-04-04 11:14:46,670 INFO src.train.trainer: New best validation loss: -5.6922, saved to checkpoints/etas_20260404-111418/best_model_1.pth
2026-04-04 11:14:46,672 INFO src.train.trainer: Last model at epoch 1171 saved to checkpoints/etas_20260404-111418/last_model_1.pth
2026-04-04 11:14:46,672 INFO src.train.trainer: Epoch 1172
2026-04-04 11:14:46,696 INFO src.train.trainer: New best validation loss: -5.6924, saved to checkpoints/etas_20260404-111418/best_model_1.pth
2026-04-04 11:14:46,698 INFO src.train.trainer: Last model at epoch 1172 saved to checkpoints/etas_20260404-111418/last_model_1.pth
2026-04-04 11:14:46,698 INFO src.train.trainer: Epoch 1173
2026-04-04 11:14:46,724 INFO src.train.trainer: New best validation loss: -5.6926, saved to checkpoints/etas_20260404-111418/best_model_1.pth
2026-04-04 11:14:46,726 INFO src.train.trainer: Last model at epoch 1173 saved to checkpoints/etas_20260404-111418/last_model_1.pth
2026-04-04 11:14:46,726 INFO src.train.trainer: Epoch 1174
2026-04-04 11:14:46,751 INFO src.train.trainer: New best validation loss: -5.6928, saved to checkpoints/etas_20260404-111418/best_model_1.pth
2026-04-04 11:14:46,752 INFO src.train.trainer: Last model at epoch 1174 saved to checkpoints/etas_20260404-111418/last_model_1.pth
2026-04-04 11:14:46,752 INFO src.train.trainer: Epoch 1175
2026-04-04 11:14:46,777 INFO src.train.trainer: New best validation loss: -5.6930, saved to checkpoints/etas_20260404-111418/best_model_1.pth
2026-04-04 11:14:46,779 INFO src.train.trainer: Last model at epoch 1175 saved to checkpoints/etas_20260404-111418/last_model_1.pth
2026-04-04 11:14:46,779 INFO src.train.trainer: Epoch 1176
2026-04-04 11:14:46,804 INFO src.train.trainer: New best validation loss: -5.6932, saved to checkpoints/etas_20260404-111418/best_model_1.pth
2026-04-04 11:14:46,806 INFO src.train.trainer: Last model at epoch 1176 saved to checkpoints/etas_20260404-111418/last_model_1.pth
2026-04-04 11:14:46,806 INFO src.train.trainer: Epoch 1177
2026-04-04 11:14:46,831 INFO src.train.trainer: New best validation loss: -5.6933, saved to checkpoints/etas_20260404-111418/best_model_1.pth
2026-04-04 11:14:46,833 INFO src.train.trainer: Last model at epoch 1177 saved to checkpoints/etas_20260404-111418/last_model_1.pth
2026-04-04 11:14:46,833 INFO src.train.trainer: Epoch 1178
2026-04-04 11:14:46,857 INFO src.train.trainer: New best validation loss: -5.6935, saved to checkpoints/etas_20260404-111418/best_model_1.pth
2026-04-04 11:14:46,859 INFO src.train.trainer: Last model at epoch 1178 saved to checkpoints/etas_20260404-111418/last_model_1.pth
2026-04-04 11:14:46,859 INFO src.train.trainer: Epoch 1179
2026-04-04 11:14:46,884 INFO src.train.trainer: New best validation loss: -5.6937, saved to checkpoints/etas_20260404-111418/best_model_1.pth
2026-04-04 11:14:46,886 INFO src.train.trainer: Last model at epoch 1179 saved to checkpoints/etas_20260404-111418/last_model_1.pth
2026-04-04 11:14:46,886 INFO src.train.trainer: Epoch 1180
2026-04-04 11:14:46,911 INFO src.train.trainer: New best validation loss: -5.6939, saved to checkpoints/etas_20260404-111418/best_model_1.pth
2026-04-04 11:14:46,912 INFO src.train.trainer: Last model at epoch 1180 saved to checkpoints/etas_20260404-111418/last_model_1.pth
2026-04-04 11:14:46,912 INFO src.train.trainer: Epoch 1181
2026-04-04 11:14:46,939 INFO src.train.trainer: New best validation loss: -5.6941, saved to checkpoints/etas_20260404-111418/best_model_1.pth
2026-04-04 11:14:46,941 INFO src.train.trainer: Last model at epoch 1181 saved to checkpoints/etas_20260404-111418/last_model_1.pth
2026-04-04 11:14:46,941 INFO src.train.trainer: Epoch 1182
2026-04-04 11:14:46,966 INFO src.train.trainer: New best validation loss: -5.6942, saved to checkpoints/etas_20260404-111418/best_model_1.pth
2026-04-04 11:14:46,968 INFO src.train.trainer: Last model at epoch 1182 saved to checkpoints/etas_20260404-111418/last_model_1.pth
2026-04-04 11:14:46,968 INFO src.train.trainer: Epoch 1183
2026-04-04 11:14:46,993 INFO src.train.trainer: New best validation loss: -5.6944, saved to checkpoints/etas_20260404-111418/best_model_1.pth
2026-04-04 11:14:46,995 INFO src.train.trainer: Last model at epoch 1183 saved to checkpoints/etas_20260404-111418/last_model_1.pth
2026-04-04 11:14:46,995 INFO src.train.trainer: Epoch 1184
2026-04-04 11:14:47,020 INFO src.train.trainer: New best validation loss: -5.6946, saved to checkpoints/etas_20260404-111418/best_model_1.pth
2026-04-04 11:14:47,021 INFO src.train.trainer: Last model at epoch 1184 saved to checkpoints/etas_20260404-111418/last_model_1.pth
2026-04-04 11:14:47,021 INFO src.train.trainer: Epoch 1185
2026-04-04 11:14:47,046 INFO src.train.trainer: New best validation loss: -5.6948, saved to checkpoints/etas_20260404-111418/best_model_1.pth
2026-04-04 11:14:47,047 INFO src.train.trainer: Last model at epoch 1185 saved to checkpoints/etas_20260404-111418/last_model_1.pth
2026-04-04 11:14:47,047 INFO src.train.trainer: Epoch 1186
2026-04-04 11:14:47,068 INFO src.train.trainer: New best validation loss: -5.6950, saved to checkpoints/etas_20260404-111418/best_model_1.pth
2026-04-04 11:14:47,070 INFO src.train.trainer: Last model at epoch 1186 saved to checkpoints/etas_20260404-111418/last_model_1.pth
2026-04-04 11:14:47,070 INFO src.train.trainer: Epoch 1187
2026-04-04 11:14:47,090 INFO src.train.trainer: New best validation loss: -5.6951, saved to checkpoints/etas_20260404-111418/best_model_1.pth
2026-04-04 11:14:47,091 INFO src.train.trainer: Last model at epoch 1187 saved to checkpoints/etas_20260404-111418/last_model_1.pth
2026-04-04 11:14:47,091 INFO src.train.trainer: Epoch 1188
2026-04-04 11:14:47,114 INFO src.train.trainer: New best validation loss: -5.6953, saved to checkpoints/etas_20260404-111418/best_model_1.pth
2026-04-04 11:14:47,116 INFO src.train.trainer: Last model at epoch 1188 saved to checkpoints/etas_20260404-111418/last_model_1.pth
2026-04-04 11:14:47,116 INFO src.train.trainer: Epoch 1189
2026-04-04 11:14:47,136 INFO src.train.trainer: New best validation loss: -5.6955, saved to checkpoints/etas_20260404-111418/best_model_1.pth
2026-04-04 11:14:47,138 INFO src.train.trainer: Last model at epoch 1189 saved to checkpoints/etas_20260404-111418/last_model_1.pth
2026-04-04 11:14:47,138 INFO src.train.trainer: Epoch 1190
2026-04-04 11:14:47,160 INFO src.train.trainer: New best validation loss: -5.6957, saved to checkpoints/etas_20260404-111418/best_model_1.pth
2026-04-04 11:14:47,162 INFO src.train.trainer: Last model at epoch 1190 saved to checkpoints/etas_20260404-111418/last_model_1.pth
2026-04-04 11:14:47,162 INFO src.train.trainer: Epoch 1191
2026-04-04 11:14:47,184 INFO src.train.trainer: New best validation loss: -5.6959, saved to checkpoints/etas_20260404-111418/best_model_1.pth
2026-04-04 11:14:47,186 INFO src.train.trainer: Last model at epoch 1191 saved to checkpoints/etas_20260404-111418/last_model_1.pth
2026-04-04 11:14:47,186 INFO src.train.trainer: Epoch 1192
2026-04-04 11:14:47,208 INFO src.train.trainer: New best validation loss: -5.6961, saved to checkpoints/etas_20260404-111418/best_model_1.pth
2026-04-04 11:14:47,210 INFO src.train.trainer: Last model at epoch 1192 saved to checkpoints/etas_20260404-111418/last_model_1.pth
2026-04-04 11:14:47,210 INFO src.train.trainer: Epoch 1193
2026-04-04 11:14:47,234 INFO src.train.trainer: New best validation loss: -5.6962, saved to checkpoints/etas_20260404-111418/best_model_1.pth
2026-04-04 11:14:47,236 INFO src.train.trainer: Last model at epoch 1193 saved to checkpoints/etas_20260404-111418/last_model_1.pth
2026-04-04 11:14:47,236 INFO src.train.trainer: Epoch 1194
2026-04-04 11:14:47,259 INFO src.train.trainer: New best validation loss: -5.6964, saved to checkpoints/etas_20260404-111418/best_model_1.pth
2026-04-04 11:14:47,260 INFO src.train.trainer: Last model at epoch 1194 saved to checkpoints/etas_20260404-111418/last_model_1.pth
2026-04-04 11:14:47,260 INFO src.train.trainer: Epoch 1195
2026-04-04 11:14:47,285 INFO src.train.trainer: New best validation loss: -5.6966, saved to checkpoints/etas_20260404-111418/best_model_1.pth
2026-04-04 11:14:47,287 INFO src.train.trainer: Last model at epoch 1195 saved to checkpoints/etas_20260404-111418/last_model_1.pth
2026-04-04 11:14:47,287 INFO src.train.trainer: Epoch 1196
2026-04-04 11:14:47,313 INFO src.train.trainer: New best validation loss: -5.6968, saved to checkpoints/etas_20260404-111418/best_model_1.pth
2026-04-04 11:14:47,314 INFO src.train.trainer: Last model at epoch 1196 saved to checkpoints/etas_20260404-111418/last_model_1.pth
2026-04-04 11:14:47,314 INFO src.train.trainer: Epoch 1197
2026-04-04 11:14:47,341 INFO src.train.trainer: New best validation loss: -5.6969, saved to checkpoints/etas_20260404-111418/best_model_1.pth
2026-04-04 11:14:47,343 INFO src.train.trainer: Last model at epoch 1197 saved to checkpoints/etas_20260404-111418/last_model_1.pth
2026-04-04 11:14:47,343 INFO src.train.trainer: Epoch 1198
2026-04-04 11:14:47,368 INFO src.train.trainer: New best validation loss: -5.6971, saved to checkpoints/etas_20260404-111418/best_model_1.pth
2026-04-04 11:14:47,370 INFO src.train.trainer: Last model at epoch 1198 saved to checkpoints/etas_20260404-111418/last_model_1.pth
2026-04-04 11:14:47,370 INFO src.train.trainer: Epoch 1199
2026-04-04 11:14:47,396 INFO src.train.trainer: New best validation loss: -5.6973, saved to checkpoints/etas_20260404-111418/best_model_1.pth
2026-04-04 11:14:47,397 INFO src.train.trainer: Last model at epoch 1199 saved to checkpoints/etas_20260404-111418/last_model_1.pth
2026-04-04 11:14:47,397 INFO src.train.trainer: Epoch 1200
2026-04-04 11:14:47,422 INFO src.train.trainer: New best validation loss: -5.6975, saved to checkpoints/etas_20260404-111418/best_model_1.pth
2026-04-04 11:14:47,424 INFO src.train.trainer: Last model at epoch 1200 saved to checkpoints/etas_20260404-111418/last_model_1.pth
2026-04-04 11:14:47,424 INFO src.train.trainer: Epoch 1201
2026-04-04 11:14:47,449 INFO src.train.trainer: New best validation loss: -5.6977, saved to checkpoints/etas_20260404-111418/best_model_1.pth
2026-04-04 11:14:47,451 INFO src.train.trainer: Last model at epoch 1201 saved to checkpoints/etas_20260404-111418/last_model_1.pth
2026-04-04 11:14:47,451 INFO src.train.trainer: Epoch 1202
2026-04-04 11:14:47,476 INFO src.train.trainer: New best validation loss: -5.6978, saved to checkpoints/etas_20260404-111418/best_model_1.pth
2026-04-04 11:14:47,478 INFO src.train.trainer: Last model at epoch 1202 saved to checkpoints/etas_20260404-111418/last_model_1.pth
2026-04-04 11:14:47,478 INFO src.train.trainer: Epoch 1203
2026-04-04 11:14:47,503 INFO src.train.trainer: New best validation loss: -5.6980, saved to checkpoints/etas_20260404-111418/best_model_1.pth
2026-04-04 11:14:47,504 INFO src.train.trainer: Last model at epoch 1203 saved to checkpoints/etas_20260404-111418/last_model_1.pth
2026-04-04 11:14:47,504 INFO src.train.trainer: Epoch 1204
2026-04-04 11:14:47,529 INFO src.train.trainer: New best validation loss: -5.6982, saved to checkpoints/etas_20260404-111418/best_model_1.pth
2026-04-04 11:14:47,531 INFO src.train.trainer: Last model at epoch 1204 saved to checkpoints/etas_20260404-111418/last_model_1.pth
2026-04-04 11:14:47,531 INFO src.train.trainer: Epoch 1205
2026-04-04 11:14:47,556 INFO src.train.trainer: New best validation loss: -5.6984, saved to checkpoints/etas_20260404-111418/best_model_1.pth
2026-04-04 11:14:47,557 INFO src.train.trainer: Last model at epoch 1205 saved to checkpoints/etas_20260404-111418/last_model_1.pth
2026-04-04 11:14:47,557 INFO src.train.trainer: Epoch 1206
2026-04-04 11:14:47,582 INFO src.train.trainer: New best validation loss: -5.6986, saved to checkpoints/etas_20260404-111418/best_model_1.pth
2026-04-04 11:14:47,583 INFO src.train.trainer: Last model at epoch 1206 saved to checkpoints/etas_20260404-111418/last_model_1.pth
2026-04-04 11:14:47,583 INFO src.train.trainer: Epoch 1207
2026-04-04 11:14:47,609 INFO src.train.trainer: New best validation loss: -5.6987, saved to checkpoints/etas_20260404-111418/best_model_1.pth
2026-04-04 11:14:47,611 INFO src.train.trainer: Last model at epoch 1207 saved to checkpoints/etas_20260404-111418/last_model_1.pth
2026-04-04 11:14:47,611 INFO src.train.trainer: Epoch 1208
2026-04-04 11:14:47,637 INFO src.train.trainer: New best validation loss: -5.6989, saved to checkpoints/etas_20260404-111418/best_model_1.pth
2026-04-04 11:14:47,639 INFO src.train.trainer: Last model at epoch 1208 saved to checkpoints/etas_20260404-111418/last_model_1.pth
2026-04-04 11:14:47,639 INFO src.train.trainer: Epoch 1209
2026-04-04 11:14:47,663 INFO src.train.trainer: New best validation loss: -5.6991, saved to checkpoints/etas_20260404-111418/best_model_1.pth
2026-04-04 11:14:47,665 INFO src.train.trainer: Last model at epoch 1209 saved to checkpoints/etas_20260404-111418/last_model_1.pth
2026-04-04 11:14:47,665 INFO src.train.trainer: Epoch 1210
2026-04-04 11:14:47,690 INFO src.train.trainer: New best validation loss: -5.6993, saved to checkpoints/etas_20260404-111418/best_model_1.pth
2026-04-04 11:14:47,691 INFO src.train.trainer: Last model at epoch 1210 saved to checkpoints/etas_20260404-111418/last_model_1.pth
2026-04-04 11:14:47,691 INFO src.train.trainer: Epoch 1211
2026-04-04 11:14:47,716 INFO src.train.trainer: New best validation loss: -5.6994, saved to checkpoints/etas_20260404-111418/best_model_1.pth
2026-04-04 11:14:47,717 INFO src.train.trainer: Last model at epoch 1211 saved to checkpoints/etas_20260404-111418/last_model_1.pth
2026-04-04 11:14:47,718 INFO src.train.trainer: Epoch 1212
2026-04-04 11:14:47,742 INFO src.train.trainer: New best validation loss: -5.6996, saved to checkpoints/etas_20260404-111418/best_model_1.pth
2026-04-04 11:14:47,743 INFO src.train.trainer: Last model at epoch 1212 saved to checkpoints/etas_20260404-111418/last_model_1.pth
2026-04-04 11:14:47,743 INFO src.train.trainer: Epoch 1213
2026-04-04 11:14:47,768 INFO src.train.trainer: New best validation loss: -5.6998, saved to checkpoints/etas_20260404-111418/best_model_1.pth
2026-04-04 11:14:47,769 INFO src.train.trainer: Last model at epoch 1213 saved to checkpoints/etas_20260404-111418/last_model_1.pth
2026-04-04 11:14:47,769 INFO src.train.trainer: Epoch 1214
2026-04-04 11:14:47,797 INFO src.train.trainer: New best validation loss: -5.7000, saved to checkpoints/etas_20260404-111418/best_model_1.pth
2026-04-04 11:14:47,799 INFO src.train.trainer: Last model at epoch 1214 saved to checkpoints/etas_20260404-111418/last_model_1.pth
2026-04-04 11:14:47,799 INFO src.train.trainer: Epoch 1215
2026-04-04 11:14:47,824 INFO src.train.trainer: New best validation loss: -5.7002, saved to checkpoints/etas_20260404-111418/best_model_1.pth
2026-04-04 11:14:47,825 INFO src.train.trainer: Last model at epoch 1215 saved to checkpoints/etas_20260404-111418/last_model_1.pth
2026-04-04 11:14:47,825 INFO src.train.trainer: Epoch 1216
2026-04-04 11:14:47,850 INFO src.train.trainer: New best validation loss: -5.7003, saved to checkpoints/etas_20260404-111418/best_model_1.pth
2026-04-04 11:14:47,851 INFO src.train.trainer: Last model at epoch 1216 saved to checkpoints/etas_20260404-111418/last_model_1.pth
2026-04-04 11:14:47,851 INFO src.train.trainer: Epoch 1217
2026-04-04 11:14:47,876 INFO src.train.trainer: New best validation loss: -5.7005, saved to checkpoints/etas_20260404-111418/best_model_1.pth
2026-04-04 11:14:47,877 INFO src.train.trainer: Last model at epoch 1217 saved to checkpoints/etas_20260404-111418/last_model_1.pth
2026-04-04 11:14:47,877 INFO src.train.trainer: Epoch 1218
2026-04-04 11:14:47,902 INFO src.train.trainer: New best validation loss: -5.7007, saved to checkpoints/etas_20260404-111418/best_model_1.pth
2026-04-04 11:14:47,903 INFO src.train.trainer: Last model at epoch 1218 saved to checkpoints/etas_20260404-111418/last_model_1.pth
2026-04-04 11:14:47,903 INFO src.train.trainer: Epoch 1219
2026-04-04 11:14:47,928 INFO src.train.trainer: New best validation loss: -5.7009, saved to checkpoints/etas_20260404-111418/best_model_1.pth
2026-04-04 11:14:47,929 INFO src.train.trainer: Last model at epoch 1219 saved to checkpoints/etas_20260404-111418/last_model_1.pth
2026-04-04 11:14:47,929 INFO src.train.trainer: Epoch 1220
2026-04-04 11:14:47,954 INFO src.train.trainer: New best validation loss: -5.7010, saved to checkpoints/etas_20260404-111418/best_model_1.pth
2026-04-04 11:14:47,955 INFO src.train.trainer: Last model at epoch 1220 saved to checkpoints/etas_20260404-111418/last_model_1.pth
2026-04-04 11:14:47,955 INFO src.train.trainer: Epoch 1221
2026-04-04 11:14:47,981 INFO src.train.trainer: New best validation loss: -5.7012, saved to checkpoints/etas_20260404-111418/best_model_1.pth
2026-04-04 11:14:47,982 INFO src.train.trainer: Last model at epoch 1221 saved to checkpoints/etas_20260404-111418/last_model_1.pth
2026-04-04 11:14:47,982 INFO src.train.trainer: Epoch 1222
2026-04-04 11:14:48,007 INFO src.train.trainer: New best validation loss: -5.7014, saved to checkpoints/etas_20260404-111418/best_model_1.pth
2026-04-04 11:14:48,009 INFO src.train.trainer: Last model at epoch 1222 saved to checkpoints/etas_20260404-111418/last_model_1.pth
2026-04-04 11:14:48,009 INFO src.train.trainer: Epoch 1223
2026-04-04 11:14:48,035 INFO src.train.trainer: New best validation loss: -5.7016, saved to checkpoints/etas_20260404-111418/best_model_1.pth
2026-04-04 11:14:48,036 INFO src.train.trainer: Last model at epoch 1223 saved to checkpoints/etas_20260404-111418/last_model_1.pth
2026-04-04 11:14:48,036 INFO src.train.trainer: Epoch 1224
2026-04-04 11:14:48,061 INFO src.train.trainer: New best validation loss: -5.7017, saved to checkpoints/etas_20260404-111418/best_model_1.pth
2026-04-04 11:14:48,063 INFO src.train.trainer: Last model at epoch 1224 saved to checkpoints/etas_20260404-111418/last_model_1.pth
2026-04-04 11:14:48,063 INFO src.train.trainer: Epoch 1225
2026-04-04 11:14:48,087 INFO src.train.trainer: New best validation loss: -5.7019, saved to checkpoints/etas_20260404-111418/best_model_1.pth
2026-04-04 11:14:48,089 INFO src.train.trainer: Last model at epoch 1225 saved to checkpoints/etas_20260404-111418/last_model_1.pth
2026-04-04 11:14:48,089 INFO src.train.trainer: Epoch 1226
2026-04-04 11:14:48,113 INFO src.train.trainer: New best validation loss: -5.7021, saved to checkpoints/etas_20260404-111418/best_model_1.pth
2026-04-04 11:14:48,115 INFO src.train.trainer: Last model at epoch 1226 saved to checkpoints/etas_20260404-111418/last_model_1.pth
2026-04-04 11:14:48,115 INFO src.train.trainer: Epoch 1227
2026-04-04 11:14:48,139 INFO src.train.trainer: New best validation loss: -5.7023, saved to checkpoints/etas_20260404-111418/best_model_1.pth
2026-04-04 11:14:48,141 INFO src.train.trainer: Last model at epoch 1227 saved to checkpoints/etas_20260404-111418/last_model_1.pth
2026-04-04 11:14:48,141 INFO src.train.trainer: Epoch 1228
2026-04-04 11:14:48,166 INFO src.train.trainer: New best validation loss: -5.7025, saved to checkpoints/etas_20260404-111418/best_model_1.pth
2026-04-04 11:14:48,167 INFO src.train.trainer: Last model at epoch 1228 saved to checkpoints/etas_20260404-111418/last_model_1.pth
2026-04-04 11:14:48,168 INFO src.train.trainer: Epoch 1229
2026-04-04 11:14:48,192 INFO src.train.trainer: New best validation loss: -5.7026, saved to checkpoints/etas_20260404-111418/best_model_1.pth
2026-04-04 11:14:48,194 INFO src.train.trainer: Last model at epoch 1229 saved to checkpoints/etas_20260404-111418/last_model_1.pth
2026-04-04 11:14:48,194 INFO src.train.trainer: Epoch 1230
2026-04-04 11:14:48,219 INFO src.train.trainer: New best validation loss: -5.7028, saved to checkpoints/etas_20260404-111418/best_model_1.pth
2026-04-04 11:14:48,220 INFO src.train.trainer: Last model at epoch 1230 saved to checkpoints/etas_20260404-111418/last_model_1.pth
2026-04-04 11:14:48,220 INFO src.train.trainer: Epoch 1231
2026-04-04 11:14:48,245 INFO src.train.trainer: New best validation loss: -5.7030, saved to checkpoints/etas_20260404-111418/best_model_1.pth
2026-04-04 11:14:48,246 INFO src.train.trainer: Last model at epoch 1231 saved to checkpoints/etas_20260404-111418/last_model_1.pth
2026-04-04 11:14:48,246 INFO src.train.trainer: Epoch 1232
2026-04-04 11:14:48,270 INFO src.train.trainer: New best validation loss: -5.7032, saved to checkpoints/etas_20260404-111418/best_model_1.pth
2026-04-04 11:14:48,272 INFO src.train.trainer: Last model at epoch 1232 saved to checkpoints/etas_20260404-111418/last_model_1.pth
2026-04-04 11:14:48,272 INFO src.train.trainer: Epoch 1233
2026-04-04 11:14:48,297 INFO src.train.trainer: New best validation loss: -5.7033, saved to checkpoints/etas_20260404-111418/best_model_1.pth
2026-04-04 11:14:48,298 INFO src.train.trainer: Last model at epoch 1233 saved to checkpoints/etas_20260404-111418/last_model_1.pth
2026-04-04 11:14:48,298 INFO src.train.trainer: Epoch 1234
2026-04-04 11:14:48,324 INFO src.train.trainer: New best validation loss: -5.7035, saved to checkpoints/etas_20260404-111418/best_model_1.pth
2026-04-04 11:14:48,326 INFO src.train.trainer: Last model at epoch 1234 saved to checkpoints/etas_20260404-111418/last_model_1.pth
2026-04-04 11:14:48,326 INFO src.train.trainer: Epoch 1235
2026-04-04 11:14:48,351 INFO src.train.trainer: New best validation loss: -5.7037, saved to checkpoints/etas_20260404-111418/best_model_1.pth
2026-04-04 11:14:48,353 INFO src.train.trainer: Last model at epoch 1235 saved to checkpoints/etas_20260404-111418/last_model_1.pth
2026-04-04 11:14:48,353 INFO src.train.trainer: Epoch 1236
2026-04-04 11:14:48,378 INFO src.train.trainer: New best validation loss: -5.7039, saved to checkpoints/etas_20260404-111418/best_model_1.pth
2026-04-04 11:14:48,380 INFO src.train.trainer: Last model at epoch 1236 saved to checkpoints/etas_20260404-111418/last_model_1.pth
2026-04-04 11:14:48,380 INFO src.train.trainer: Epoch 1237
2026-04-04 11:14:48,406 INFO src.train.trainer: New best validation loss: -5.7040, saved to checkpoints/etas_20260404-111418/best_model_1.pth
2026-04-04 11:14:48,408 INFO src.train.trainer: Last model at epoch 1237 saved to checkpoints/etas_20260404-111418/last_model_1.pth
2026-04-04 11:14:48,408 INFO src.train.trainer: Epoch 1238
2026-04-04 11:14:48,433 INFO src.train.trainer: New best validation loss: -5.7042, saved to checkpoints/etas_20260404-111418/best_model_1.pth
2026-04-04 11:14:48,435 INFO src.train.trainer: Last model at epoch 1238 saved to checkpoints/etas_20260404-111418/last_model_1.pth
2026-04-04 11:14:48,435 INFO src.train.trainer: Epoch 1239
2026-04-04 11:14:48,460 INFO src.train.trainer: New best validation loss: -5.7044, saved to checkpoints/etas_20260404-111418/best_model_1.pth
2026-04-04 11:14:48,462 INFO src.train.trainer: Last model at epoch 1239 saved to checkpoints/etas_20260404-111418/last_model_1.pth
2026-04-04 11:14:48,462 INFO src.train.trainer: Epoch 1240
2026-04-04 11:14:48,486 INFO src.train.trainer: New best validation loss: -5.7046, saved to checkpoints/etas_20260404-111418/best_model_1.pth
2026-04-04 11:14:48,488 INFO src.train.trainer: Last model at epoch 1240 saved to checkpoints/etas_20260404-111418/last_model_1.pth
2026-04-04 11:14:48,488 INFO src.train.trainer: Epoch 1241
2026-04-04 11:14:48,513 INFO src.train.trainer: New best validation loss: -5.7047, saved to checkpoints/etas_20260404-111418/best_model_1.pth
2026-04-04 11:14:48,515 INFO src.train.trainer: Last model at epoch 1241 saved to checkpoints/etas_20260404-111418/last_model_1.pth
2026-04-04 11:14:48,515 INFO src.train.trainer: Epoch 1242
2026-04-04 11:14:48,546 INFO src.train.trainer: New best validation loss: -5.7049, saved to checkpoints/etas_20260404-111418/best_model_1.pth
2026-04-04 11:14:48,548 INFO src.train.trainer: Last model at epoch 1242 saved to checkpoints/etas_20260404-111418/last_model_1.pth
2026-04-04 11:14:48,549 INFO src.train.trainer: Epoch 1243
2026-04-04 11:14:48,582 INFO src.train.trainer: New best validation loss: -5.7051, saved to checkpoints/etas_20260404-111418/best_model_1.pth
2026-04-04 11:14:48,584 INFO src.train.trainer: Last model at epoch 1243 saved to checkpoints/etas_20260404-111418/last_model_1.pth
2026-04-04 11:14:48,584 INFO src.train.trainer: Epoch 1244
2026-04-04 11:14:48,614 INFO src.train.trainer: New best validation loss: -5.7052, saved to checkpoints/etas_20260404-111418/best_model_1.pth
2026-04-04 11:14:48,615 INFO src.train.trainer: Last model at epoch 1244 saved to checkpoints/etas_20260404-111418/last_model_1.pth
2026-04-04 11:14:48,615 INFO src.train.trainer: Epoch 1245
2026-04-04 11:14:48,640 INFO src.train.trainer: New best validation loss: -5.7054, saved to checkpoints/etas_20260404-111418/best_model_1.pth
2026-04-04 11:14:48,642 INFO src.train.trainer: Last model at epoch 1245 saved to checkpoints/etas_20260404-111418/last_model_1.pth
2026-04-04 11:14:48,642 INFO src.train.trainer: Epoch 1246
2026-04-04 11:14:48,667 INFO src.train.trainer: New best validation loss: -5.7056, saved to checkpoints/etas_20260404-111418/best_model_1.pth
2026-04-04 11:14:48,669 INFO src.train.trainer: Last model at epoch 1246 saved to checkpoints/etas_20260404-111418/last_model_1.pth
2026-04-04 11:14:48,669 INFO src.train.trainer: Epoch 1247
2026-04-04 11:14:48,694 INFO src.train.trainer: New best validation loss: -5.7058, saved to checkpoints/etas_20260404-111418/best_model_1.pth
2026-04-04 11:14:48,695 INFO src.train.trainer: Last model at epoch 1247 saved to checkpoints/etas_20260404-111418/last_model_1.pth
2026-04-04 11:14:48,696 INFO src.train.trainer: Epoch 1248
2026-04-04 11:14:48,724 INFO src.train.trainer: New best validation loss: -5.7059, saved to checkpoints/etas_20260404-111418/best_model_1.pth
2026-04-04 11:14:48,727 INFO src.train.trainer: Last model at epoch 1248 saved to checkpoints/etas_20260404-111418/last_model_1.pth
2026-04-04 11:14:48,727 INFO src.train.trainer: Epoch 1249
2026-04-04 11:14:48,752 INFO src.train.trainer: New best validation loss: -5.7061, saved to checkpoints/etas_20260404-111418/best_model_1.pth
2026-04-04 11:14:48,754 INFO src.train.trainer: Last model at epoch 1249 saved to checkpoints/etas_20260404-111418/last_model_1.pth
2026-04-04 11:14:48,754 INFO src.train.trainer: Epoch 1250
2026-04-04 11:14:48,779 INFO src.train.trainer: New best validation loss: -5.7063, saved to checkpoints/etas_20260404-111418/best_model_1.pth
2026-04-04 11:14:48,780 INFO src.train.trainer: Last model at epoch 1250 saved to checkpoints/etas_20260404-111418/last_model_1.pth
2026-04-04 11:14:48,780 INFO src.train.trainer: Epoch 1251
2026-04-04 11:14:48,805 INFO src.train.trainer: New best validation loss: -5.7065, saved to checkpoints/etas_20260404-111418/best_model_1.pth
2026-04-04 11:14:48,807 INFO src.train.trainer: Last model at epoch 1251 saved to checkpoints/etas_20260404-111418/last_model_1.pth
2026-04-04 11:14:48,807 INFO src.train.trainer: Epoch 1252
2026-04-04 11:14:48,831 INFO src.train.trainer: New best validation loss: -5.7066, saved to checkpoints/etas_20260404-111418/best_model_1.pth
2026-04-04 11:14:48,833 INFO src.train.trainer: Last model at epoch 1252 saved to checkpoints/etas_20260404-111418/last_model_1.pth
2026-04-04 11:14:48,833 INFO src.train.trainer: Epoch 1253
2026-04-04 11:14:48,857 INFO src.train.trainer: New best validation loss: -5.7068, saved to checkpoints/etas_20260404-111418/best_model_1.pth
2026-04-04 11:14:48,859 INFO src.train.trainer: Last model at epoch 1253 saved to checkpoints/etas_20260404-111418/last_model_1.pth
2026-04-04 11:14:48,859 INFO src.train.trainer: Epoch 1254
2026-04-04 11:14:48,883 INFO src.train.trainer: New best validation loss: -5.7070, saved to checkpoints/etas_20260404-111418/best_model_1.pth
2026-04-04 11:14:48,885 INFO src.train.trainer: Last model at epoch 1254 saved to checkpoints/etas_20260404-111418/last_model_1.pth
2026-04-04 11:14:48,885 INFO src.train.trainer: Epoch 1255
2026-04-04 11:14:48,909 INFO src.train.trainer: New best validation loss: -5.7071, saved to checkpoints/etas_20260404-111418/best_model_1.pth
2026-04-04 11:14:48,911 INFO src.train.trainer: Last model at epoch 1255 saved to checkpoints/etas_20260404-111418/last_model_1.pth
2026-04-04 11:14:48,911 INFO src.train.trainer: Epoch 1256
2026-04-04 11:14:48,935 INFO src.train.trainer: New best validation loss: -5.7073, saved to checkpoints/etas_20260404-111418/best_model_1.pth
2026-04-04 11:14:48,936 INFO src.train.trainer: Last model at epoch 1256 saved to checkpoints/etas_20260404-111418/last_model_1.pth
2026-04-04 11:14:48,936 INFO src.train.trainer: Epoch 1257
2026-04-04 11:14:48,961 INFO src.train.trainer: New best validation loss: -5.7075, saved to checkpoints/etas_20260404-111418/best_model_1.pth
2026-04-04 11:14:48,964 INFO src.train.trainer: Last model at epoch 1257 saved to checkpoints/etas_20260404-111418/last_model_1.pth
2026-04-04 11:14:48,964 INFO src.train.trainer: Epoch 1258
2026-04-04 11:14:48,988 INFO src.train.trainer: New best validation loss: -5.7077, saved to checkpoints/etas_20260404-111418/best_model_1.pth
2026-04-04 11:14:48,990 INFO src.train.trainer: Last model at epoch 1258 saved to checkpoints/etas_20260404-111418/last_model_1.pth
2026-04-04 11:14:48,991 INFO src.train.trainer: Epoch 1259
2026-04-04 11:14:49,016 INFO src.train.trainer: New best validation loss: -5.7078, saved to checkpoints/etas_20260404-111418/best_model_1.pth
2026-04-04 11:14:49,017 INFO src.train.trainer: Last model at epoch 1259 saved to checkpoints/etas_20260404-111418/last_model_1.pth
2026-04-04 11:14:49,017 INFO src.train.trainer: Epoch 1260
2026-04-04 11:14:49,042 INFO src.train.trainer: New best validation loss: -5.7080, saved to checkpoints/etas_20260404-111418/best_model_1.pth
2026-04-04 11:14:49,043 INFO src.train.trainer: Last model at epoch 1260 saved to checkpoints/etas_20260404-111418/last_model_1.pth
2026-04-04 11:14:49,044 INFO src.train.trainer: Epoch 1261
2026-04-04 11:14:49,068 INFO src.train.trainer: New best validation loss: -5.7082, saved to checkpoints/etas_20260404-111418/best_model_1.pth
2026-04-04 11:14:49,069 INFO src.train.trainer: Last model at epoch 1261 saved to checkpoints/etas_20260404-111418/last_model_1.pth
2026-04-04 11:14:49,070 INFO src.train.trainer: Epoch 1262
2026-04-04 11:14:49,093 INFO src.train.trainer: New best validation loss: -5.7084, saved to checkpoints/etas_20260404-111418/best_model_1.pth
2026-04-04 11:14:49,095 INFO src.train.trainer: Last model at epoch 1262 saved to checkpoints/etas_20260404-111418/last_model_1.pth
2026-04-04 11:14:49,095 INFO src.train.trainer: Epoch 1263
2026-04-04 11:14:49,119 INFO src.train.trainer: New best validation loss: -5.7085, saved to checkpoints/etas_20260404-111418/best_model_1.pth
2026-04-04 11:14:49,120 INFO src.train.trainer: Last model at epoch 1263 saved to checkpoints/etas_20260404-111418/last_model_1.pth
2026-04-04 11:14:49,121 INFO src.train.trainer: Epoch 1264
2026-04-04 11:14:49,144 INFO src.train.trainer: New best validation loss: -5.7087, saved to checkpoints/etas_20260404-111418/best_model_1.pth
2026-04-04 11:14:49,146 INFO src.train.trainer: Last model at epoch 1264 saved to checkpoints/etas_20260404-111418/last_model_1.pth
2026-04-04 11:14:49,146 INFO src.train.trainer: Epoch 1265
2026-04-04 11:14:49,170 INFO src.train.trainer: New best validation loss: -5.7089, saved to checkpoints/etas_20260404-111418/best_model_1.pth
2026-04-04 11:14:49,171 INFO src.train.trainer: Last model at epoch 1265 saved to checkpoints/etas_20260404-111418/last_model_1.pth
2026-04-04 11:14:49,171 INFO src.train.trainer: Epoch 1266
2026-04-04 11:14:49,198 INFO src.train.trainer: New best validation loss: -5.7090, saved to checkpoints/etas_20260404-111418/best_model_1.pth
2026-04-04 11:14:49,199 INFO src.train.trainer: Last model at epoch 1266 saved to checkpoints/etas_20260404-111418/last_model_1.pth
2026-04-04 11:14:49,199 INFO src.train.trainer: Epoch 1267
2026-04-04 11:14:49,223 INFO src.train.trainer: New best validation loss: -5.7092, saved to checkpoints/etas_20260404-111418/best_model_1.pth
2026-04-04 11:14:49,225 INFO src.train.trainer: Last model at epoch 1267 saved to checkpoints/etas_20260404-111418/last_model_1.pth
2026-04-04 11:14:49,225 INFO src.train.trainer: Epoch 1268
2026-04-04 11:14:49,249 INFO src.train.trainer: New best validation loss: -5.7094, saved to checkpoints/etas_20260404-111418/best_model_1.pth
2026-04-04 11:14:49,251 INFO src.train.trainer: Last model at epoch 1268 saved to checkpoints/etas_20260404-111418/last_model_1.pth
2026-04-04 11:14:49,251 INFO src.train.trainer: Epoch 1269
2026-04-04 11:14:49,275 INFO src.train.trainer: New best validation loss: -5.7095, saved to checkpoints/etas_20260404-111418/best_model_1.pth
2026-04-04 11:14:49,277 INFO src.train.trainer: Last model at epoch 1269 saved to checkpoints/etas_20260404-111418/last_model_1.pth
2026-04-04 11:14:49,277 INFO src.train.trainer: Epoch 1270
2026-04-04 11:14:49,301 INFO src.train.trainer: New best validation loss: -5.7097, saved to checkpoints/etas_20260404-111418/best_model_1.pth
2026-04-04 11:14:49,303 INFO src.train.trainer: Last model at epoch 1270 saved to checkpoints/etas_20260404-111418/last_model_1.pth
2026-04-04 11:14:49,303 INFO src.train.trainer: Epoch 1271
2026-04-04 11:14:49,327 INFO src.train.trainer: New best validation loss: -5.7099, saved to checkpoints/etas_20260404-111418/best_model_1.pth
2026-04-04 11:14:49,328 INFO src.train.trainer: Last model at epoch 1271 saved to checkpoints/etas_20260404-111418/last_model_1.pth
2026-04-04 11:14:49,328 INFO src.train.trainer: Epoch 1272
2026-04-04 11:14:49,352 INFO src.train.trainer: New best validation loss: -5.7101, saved to checkpoints/etas_20260404-111418/best_model_1.pth
2026-04-04 11:14:49,354 INFO src.train.trainer: Last model at epoch 1272 saved to checkpoints/etas_20260404-111418/last_model_1.pth
2026-04-04 11:14:49,354 INFO src.train.trainer: Epoch 1273
2026-04-04 11:14:49,379 INFO src.train.trainer: New best validation loss: -5.7102, saved to checkpoints/etas_20260404-111418/best_model_1.pth
2026-04-04 11:14:49,380 INFO src.train.trainer: Last model at epoch 1273 saved to checkpoints/etas_20260404-111418/last_model_1.pth
2026-04-04 11:14:49,380 INFO src.train.trainer: Epoch 1274
2026-04-04 11:14:49,405 INFO src.train.trainer: New best validation loss: -5.7104, saved to checkpoints/etas_20260404-111418/best_model_1.pth
2026-04-04 11:14:49,406 INFO src.train.trainer: Last model at epoch 1274 saved to checkpoints/etas_20260404-111418/last_model_1.pth
2026-04-04 11:14:49,406 INFO src.train.trainer: Epoch 1275
2026-04-04 11:14:49,433 INFO src.train.trainer: New best validation loss: -5.7106, saved to checkpoints/etas_20260404-111418/best_model_1.pth
2026-04-04 11:14:49,435 INFO src.train.trainer: Last model at epoch 1275 saved to checkpoints/etas_20260404-111418/last_model_1.pth
2026-04-04 11:14:49,435 INFO src.train.trainer: Epoch 1276
2026-04-04 11:14:49,461 INFO src.train.trainer: New best validation loss: -5.7107, saved to checkpoints/etas_20260404-111418/best_model_1.pth
2026-04-04 11:14:49,462 INFO src.train.trainer: Last model at epoch 1276 saved to checkpoints/etas_20260404-111418/last_model_1.pth
2026-04-04 11:14:49,463 INFO src.train.trainer: Epoch 1277
2026-04-04 11:14:49,487 INFO src.train.trainer: New best validation loss: -5.7109, saved to checkpoints/etas_20260404-111418/best_model_1.pth
2026-04-04 11:14:49,488 INFO src.train.trainer: Last model at epoch 1277 saved to checkpoints/etas_20260404-111418/last_model_1.pth
2026-04-04 11:14:49,489 INFO src.train.trainer: Epoch 1278
2026-04-04 11:14:49,513 INFO src.train.trainer: New best validation loss: -5.7111, saved to checkpoints/etas_20260404-111418/best_model_1.pth
2026-04-04 11:14:49,514 INFO src.train.trainer: Last model at epoch 1278 saved to checkpoints/etas_20260404-111418/last_model_1.pth
2026-04-04 11:14:49,514 INFO src.train.trainer: Epoch 1279
2026-04-04 11:14:49,538 INFO src.train.trainer: New best validation loss: -5.7112, saved to checkpoints/etas_20260404-111418/best_model_1.pth
2026-04-04 11:14:49,540 INFO src.train.trainer: Last model at epoch 1279 saved to checkpoints/etas_20260404-111418/last_model_1.pth
2026-04-04 11:14:49,540 INFO src.train.trainer: Epoch 1280
2026-04-04 11:14:49,560 INFO src.train.trainer: New best validation loss: -5.7114, saved to checkpoints/etas_20260404-111418/best_model_1.pth
2026-04-04 11:14:49,562 INFO src.train.trainer: Last model at epoch 1280 saved to checkpoints/etas_20260404-111418/last_model_1.pth
2026-04-04 11:14:49,562 INFO src.train.trainer: Epoch 1281
2026-04-04 11:14:49,586 INFO src.train.trainer: New best validation loss: -5.7116, saved to checkpoints/etas_20260404-111418/best_model_1.pth
2026-04-04 11:14:49,587 INFO src.train.trainer: Last model at epoch 1281 saved to checkpoints/etas_20260404-111418/last_model_1.pth
2026-04-04 11:14:49,587 INFO src.train.trainer: Epoch 1282
2026-04-04 11:14:49,611 INFO src.train.trainer: New best validation loss: -5.7118, saved to checkpoints/etas_20260404-111418/best_model_1.pth
2026-04-04 11:14:49,613 INFO src.train.trainer: Last model at epoch 1282 saved to checkpoints/etas_20260404-111418/last_model_1.pth
2026-04-04 11:14:49,613 INFO src.train.trainer: Epoch 1283
2026-04-04 11:14:49,637 INFO src.train.trainer: New best validation loss: -5.7119, saved to checkpoints/etas_20260404-111418/best_model_1.pth
2026-04-04 11:14:49,638 INFO src.train.trainer: Last model at epoch 1283 saved to checkpoints/etas_20260404-111418/last_model_1.pth
2026-04-04 11:14:49,638 INFO src.train.trainer: Epoch 1284
2026-04-04 11:14:49,664 INFO src.train.trainer: New best validation loss: -5.7121, saved to checkpoints/etas_20260404-111418/best_model_1.pth
2026-04-04 11:14:49,666 INFO src.train.trainer: Last model at epoch 1284 saved to checkpoints/etas_20260404-111418/last_model_1.pth
2026-04-04 11:14:49,666 INFO src.train.trainer: Epoch 1285
2026-04-04 11:14:49,691 INFO src.train.trainer: New best validation loss: -5.7123, saved to checkpoints/etas_20260404-111418/best_model_1.pth
2026-04-04 11:14:49,692 INFO src.train.trainer: Last model at epoch 1285 saved to checkpoints/etas_20260404-111418/last_model_1.pth
2026-04-04 11:14:49,692 INFO src.train.trainer: Epoch 1286
2026-04-04 11:14:49,717 INFO src.train.trainer: New best validation loss: -5.7124, saved to checkpoints/etas_20260404-111418/best_model_1.pth
2026-04-04 11:14:49,718 INFO src.train.trainer: Last model at epoch 1286 saved to checkpoints/etas_20260404-111418/last_model_1.pth
2026-04-04 11:14:49,718 INFO src.train.trainer: Epoch 1287
2026-04-04 11:14:49,743 INFO src.train.trainer: New best validation loss: -5.7126, saved to checkpoints/etas_20260404-111418/best_model_1.pth
2026-04-04 11:14:49,745 INFO src.train.trainer: Last model at epoch 1287 saved to checkpoints/etas_20260404-111418/last_model_1.pth
2026-04-04 11:14:49,745 INFO src.train.trainer: Epoch 1288
2026-04-04 11:14:49,769 INFO src.train.trainer: New best validation loss: -5.7128, saved to checkpoints/etas_20260404-111418/best_model_1.pth
2026-04-04 11:14:49,771 INFO src.train.trainer: Last model at epoch 1288 saved to checkpoints/etas_20260404-111418/last_model_1.pth
2026-04-04 11:14:49,771 INFO src.train.trainer: Epoch 1289
2026-04-04 11:14:49,795 INFO src.train.trainer: New best validation loss: -5.7129, saved to checkpoints/etas_20260404-111418/best_model_1.pth
2026-04-04 11:14:49,797 INFO src.train.trainer: Last model at epoch 1289 saved to checkpoints/etas_20260404-111418/last_model_1.pth
2026-04-04 11:14:49,797 INFO src.train.trainer: Epoch 1290
2026-04-04 11:14:49,820 INFO src.train.trainer: New best validation loss: -5.7131, saved to checkpoints/etas_20260404-111418/best_model_1.pth
2026-04-04 11:14:49,822 INFO src.train.trainer: Last model at epoch 1290 saved to checkpoints/etas_20260404-111418/last_model_1.pth
2026-04-04 11:14:49,822 INFO src.train.trainer: Epoch 1291
2026-04-04 11:14:49,847 INFO src.train.trainer: New best validation loss: -5.7133, saved to checkpoints/etas_20260404-111418/best_model_1.pth
2026-04-04 11:14:49,849 INFO src.train.trainer: Last model at epoch 1291 saved to checkpoints/etas_20260404-111418/last_model_1.pth
2026-04-04 11:14:49,849 INFO src.train.trainer: Epoch 1292
2026-04-04 11:14:49,873 INFO src.train.trainer: New best validation loss: -5.7134, saved to checkpoints/etas_20260404-111418/best_model_1.pth
2026-04-04 11:14:49,875 INFO src.train.trainer: Last model at epoch 1292 saved to checkpoints/etas_20260404-111418/last_model_1.pth
2026-04-04 11:14:49,875 INFO src.train.trainer: Epoch 1293
2026-04-04 11:14:49,899 INFO src.train.trainer: New best validation loss: -5.7136, saved to checkpoints/etas_20260404-111418/best_model_1.pth
2026-04-04 11:14:49,901 INFO src.train.trainer: Last model at epoch 1293 saved to checkpoints/etas_20260404-111418/last_model_1.pth
2026-04-04 11:14:49,901 INFO src.train.trainer: Epoch 1294
2026-04-04 11:14:49,925 INFO src.train.trainer: New best validation loss: -5.7138, saved to checkpoints/etas_20260404-111418/best_model_1.pth
2026-04-04 11:14:49,927 INFO src.train.trainer: Last model at epoch 1294 saved to checkpoints/etas_20260404-111418/last_model_1.pth
2026-04-04 11:14:49,927 INFO src.train.trainer: Epoch 1295
2026-04-04 11:14:49,950 INFO src.train.trainer: New best validation loss: -5.7139, saved to checkpoints/etas_20260404-111418/best_model_1.pth
2026-04-04 11:14:49,952 INFO src.train.trainer: Last model at epoch 1295 saved to checkpoints/etas_20260404-111418/last_model_1.pth
2026-04-04 11:14:49,952 INFO src.train.trainer: Epoch 1296
2026-04-04 11:14:49,976 INFO src.train.trainer: New best validation loss: -5.7141, saved to checkpoints/etas_20260404-111418/best_model_1.pth
2026-04-04 11:14:49,978 INFO src.train.trainer: Last model at epoch 1296 saved to checkpoints/etas_20260404-111418/last_model_1.pth
2026-04-04 11:14:49,978 INFO src.train.trainer: Epoch 1297
2026-04-04 11:14:50,001 INFO src.train.trainer: New best validation loss: -5.7143, saved to checkpoints/etas_20260404-111418/best_model_1.pth
2026-04-04 11:14:50,003 INFO src.train.trainer: Last model at epoch 1297 saved to checkpoints/etas_20260404-111418/last_model_1.pth
2026-04-04 11:14:50,003 INFO src.train.trainer: Epoch 1298
2026-04-04 11:14:50,028 INFO src.train.trainer: New best validation loss: -5.7144, saved to checkpoints/etas_20260404-111418/best_model_1.pth
2026-04-04 11:14:50,029 INFO src.train.trainer: Last model at epoch 1298 saved to checkpoints/etas_20260404-111418/last_model_1.pth
2026-04-04 11:14:50,029 INFO src.train.trainer: Epoch 1299
2026-04-04 11:14:50,055 INFO src.train.trainer: New best validation loss: -5.7146, saved to checkpoints/etas_20260404-111418/best_model_1.pth
2026-04-04 11:14:50,057 INFO src.train.trainer: Last model at epoch 1299 saved to checkpoints/etas_20260404-111418/last_model_1.pth
2026-04-04 11:14:50,057 INFO src.train.trainer: Epoch 1300
2026-04-04 11:14:50,085 INFO src.train.trainer: New best validation loss: -5.7148, saved to checkpoints/etas_20260404-111418/best_model_1.pth
2026-04-04 11:14:50,087 INFO src.train.trainer: Last model at epoch 1300 saved to checkpoints/etas_20260404-111418/last_model_1.pth
2026-04-04 11:14:50,087 INFO src.train.trainer: Epoch 1301
2026-04-04 11:14:50,112 INFO src.train.trainer: New best validation loss: -5.7149, saved to checkpoints/etas_20260404-111418/best_model_1.pth
2026-04-04 11:14:50,113 INFO src.train.trainer: Last model at epoch 1301 saved to checkpoints/etas_20260404-111418/last_model_1.pth
2026-04-04 11:14:50,113 INFO src.train.trainer: Epoch 1302
2026-04-04 11:14:50,137 INFO src.train.trainer: New best validation loss: -5.7151, saved to checkpoints/etas_20260404-111418/best_model_1.pth
2026-04-04 11:14:50,139 INFO src.train.trainer: Last model at epoch 1302 saved to checkpoints/etas_20260404-111418/last_model_1.pth
2026-04-04 11:14:50,139 INFO src.train.trainer: Epoch 1303
2026-04-04 11:14:50,163 INFO src.train.trainer: New best validation loss: -5.7153, saved to checkpoints/etas_20260404-111418/best_model_1.pth
2026-04-04 11:14:50,165 INFO src.train.trainer: Last model at epoch 1303 saved to checkpoints/etas_20260404-111418/last_model_1.pth
2026-04-04 11:14:50,165 INFO src.train.trainer: Epoch 1304
2026-04-04 11:14:50,189 INFO src.train.trainer: New best validation loss: -5.7154, saved to checkpoints/etas_20260404-111418/best_model_1.pth
2026-04-04 11:14:50,190 INFO src.train.trainer: Last model at epoch 1304 saved to checkpoints/etas_20260404-111418/last_model_1.pth
2026-04-04 11:14:50,191 INFO src.train.trainer: Epoch 1305
2026-04-04 11:14:50,215 INFO src.train.trainer: New best validation loss: -5.7156, saved to checkpoints/etas_20260404-111418/best_model_1.pth
2026-04-04 11:14:50,216 INFO src.train.trainer: Last model at epoch 1305 saved to checkpoints/etas_20260404-111418/last_model_1.pth
2026-04-04 11:14:50,216 INFO src.train.trainer: Epoch 1306
2026-04-04 11:14:50,240 INFO src.train.trainer: New best validation loss: -5.7158, saved to checkpoints/etas_20260404-111418/best_model_1.pth
2026-04-04 11:14:50,242 INFO src.train.trainer: Last model at epoch 1306 saved to checkpoints/etas_20260404-111418/last_model_1.pth
2026-04-04 11:14:50,242 INFO src.train.trainer: Epoch 1307
2026-04-04 11:14:50,266 INFO src.train.trainer: New best validation loss: -5.7159, saved to checkpoints/etas_20260404-111418/best_model_1.pth
2026-04-04 11:14:50,267 INFO src.train.trainer: Last model at epoch 1307 saved to checkpoints/etas_20260404-111418/last_model_1.pth
2026-04-04 11:14:50,267 INFO src.train.trainer: Epoch 1308
2026-04-04 11:14:50,292 INFO src.train.trainer: New best validation loss: -5.7161, saved to checkpoints/etas_20260404-111418/best_model_1.pth
2026-04-04 11:14:50,294 INFO src.train.trainer: Last model at epoch 1308 saved to checkpoints/etas_20260404-111418/last_model_1.pth
2026-04-04 11:14:50,294 INFO src.train.trainer: Epoch 1309
2026-04-04 11:14:50,319 INFO src.train.trainer: New best validation loss: -5.7163, saved to checkpoints/etas_20260404-111418/best_model_1.pth
2026-04-04 11:14:50,320 INFO src.train.trainer: Last model at epoch 1309 saved to checkpoints/etas_20260404-111418/last_model_1.pth
2026-04-04 11:14:50,320 INFO src.train.trainer: Epoch 1310
2026-04-04 11:14:50,344 INFO src.train.trainer: New best validation loss: -5.7164, saved to checkpoints/etas_20260404-111418/best_model_1.pth
2026-04-04 11:14:50,346 INFO src.train.trainer: Last model at epoch 1310 saved to checkpoints/etas_20260404-111418/last_model_1.pth
2026-04-04 11:14:50,346 INFO src.train.trainer: Epoch 1311
2026-04-04 11:14:50,370 INFO src.train.trainer: New best validation loss: -5.7166, saved to checkpoints/etas_20260404-111418/best_model_1.pth
2026-04-04 11:14:50,371 INFO src.train.trainer: Last model at epoch 1311 saved to checkpoints/etas_20260404-111418/last_model_1.pth
2026-04-04 11:14:50,371 INFO src.train.trainer: Epoch 1312
2026-04-04 11:14:50,395 INFO src.train.trainer: New best validation loss: -5.7168, saved to checkpoints/etas_20260404-111418/best_model_1.pth
2026-04-04 11:14:50,397 INFO src.train.trainer: Last model at epoch 1312 saved to checkpoints/etas_20260404-111418/last_model_1.pth
2026-04-04 11:14:50,397 INFO src.train.trainer: Epoch 1313
2026-04-04 11:14:50,421 INFO src.train.trainer: New best validation loss: -5.7169, saved to checkpoints/etas_20260404-111418/best_model_1.pth
2026-04-04 11:14:50,422 INFO src.train.trainer: Last model at epoch 1313 saved to checkpoints/etas_20260404-111418/last_model_1.pth
2026-04-04 11:14:50,422 INFO src.train.trainer: Epoch 1314
2026-04-04 11:14:50,447 INFO src.train.trainer: New best validation loss: -5.7171, saved to checkpoints/etas_20260404-111418/best_model_1.pth
2026-04-04 11:14:50,448 INFO src.train.trainer: Last model at epoch 1314 saved to checkpoints/etas_20260404-111418/last_model_1.pth
2026-04-04 11:14:50,448 INFO src.train.trainer: Epoch 1315
2026-04-04 11:14:50,473 INFO src.train.trainer: New best validation loss: -5.7172, saved to checkpoints/etas_20260404-111418/best_model_1.pth
2026-04-04 11:14:50,475 INFO src.train.trainer: Last model at epoch 1315 saved to checkpoints/etas_20260404-111418/last_model_1.pth
2026-04-04 11:14:50,475 INFO src.train.trainer: Epoch 1316
2026-04-04 11:14:50,499 INFO src.train.trainer: New best validation loss: -5.7174, saved to checkpoints/etas_20260404-111418/best_model_1.pth
2026-04-04 11:14:50,501 INFO src.train.trainer: Last model at epoch 1316 saved to checkpoints/etas_20260404-111418/last_model_1.pth
2026-04-04 11:14:50,501 INFO src.train.trainer: Epoch 1317
2026-04-04 11:14:50,533 INFO src.train.trainer: New best validation loss: -5.7176, saved to checkpoints/etas_20260404-111418/best_model_1.pth
2026-04-04 11:14:50,534 INFO src.train.trainer: Last model at epoch 1317 saved to checkpoints/etas_20260404-111418/last_model_1.pth
2026-04-04 11:14:50,535 INFO src.train.trainer: Epoch 1318
2026-04-04 11:14:50,559 INFO src.train.trainer: New best validation loss: -5.7177, saved to checkpoints/etas_20260404-111418/best_model_1.pth
2026-04-04 11:14:50,560 INFO src.train.trainer: Last model at epoch 1318 saved to checkpoints/etas_20260404-111418/last_model_1.pth
2026-04-04 11:14:50,560 INFO src.train.trainer: Epoch 1319
2026-04-04 11:14:50,583 INFO src.train.trainer: New best validation loss: -5.7179, saved to checkpoints/etas_20260404-111418/best_model_1.pth
2026-04-04 11:14:50,585 INFO src.train.trainer: Last model at epoch 1319 saved to checkpoints/etas_20260404-111418/last_model_1.pth
2026-04-04 11:14:50,585 INFO src.train.trainer: Epoch 1320
2026-04-04 11:14:50,610 INFO src.train.trainer: New best validation loss: -5.7181, saved to checkpoints/etas_20260404-111418/best_model_1.pth
2026-04-04 11:14:50,612 INFO src.train.trainer: Last model at epoch 1320 saved to checkpoints/etas_20260404-111418/last_model_1.pth
2026-04-04 11:14:50,612 INFO src.train.trainer: Epoch 1321
2026-04-04 11:14:50,636 INFO src.train.trainer: New best validation loss: -5.7182, saved to checkpoints/etas_20260404-111418/best_model_1.pth
2026-04-04 11:14:50,638 INFO src.train.trainer: Last model at epoch 1321 saved to checkpoints/etas_20260404-111418/last_model_1.pth
2026-04-04 11:14:50,638 INFO src.train.trainer: Epoch 1322
2026-04-04 11:14:50,662 INFO src.train.trainer: New best validation loss: -5.7184, saved to checkpoints/etas_20260404-111418/best_model_1.pth
2026-04-04 11:14:50,664 INFO src.train.trainer: Last model at epoch 1322 saved to checkpoints/etas_20260404-111418/last_model_1.pth
2026-04-04 11:14:50,664 INFO src.train.trainer: Epoch 1323
2026-04-04 11:14:50,688 INFO src.train.trainer: New best validation loss: -5.7186, saved to checkpoints/etas_20260404-111418/best_model_1.pth
2026-04-04 11:14:50,690 INFO src.train.trainer: Last model at epoch 1323 saved to checkpoints/etas_20260404-111418/last_model_1.pth
2026-04-04 11:14:50,690 INFO src.train.trainer: Epoch 1324
2026-04-04 11:14:50,714 INFO src.train.trainer: New best validation loss: -5.7187, saved to checkpoints/etas_20260404-111418/best_model_1.pth
2026-04-04 11:14:50,716 INFO src.train.trainer: Last model at epoch 1324 saved to checkpoints/etas_20260404-111418/last_model_1.pth
2026-04-04 11:14:50,716 INFO src.train.trainer: Epoch 1325
2026-04-04 11:14:50,741 INFO src.train.trainer: New best validation loss: -5.7189, saved to checkpoints/etas_20260404-111418/best_model_1.pth
2026-04-04 11:14:50,743 INFO src.train.trainer: Last model at epoch 1325 saved to checkpoints/etas_20260404-111418/last_model_1.pth
2026-04-04 11:14:50,743 INFO src.train.trainer: Epoch 1326
2026-04-04 11:14:50,767 INFO src.train.trainer: New best validation loss: -5.7190, saved to checkpoints/etas_20260404-111418/best_model_1.pth
2026-04-04 11:14:50,769 INFO src.train.trainer: Last model at epoch 1326 saved to checkpoints/etas_20260404-111418/last_model_1.pth
2026-04-04 11:14:50,769 INFO src.train.trainer: Epoch 1327
2026-04-04 11:14:50,794 INFO src.train.trainer: New best validation loss: -5.7192, saved to checkpoints/etas_20260404-111418/best_model_1.pth
2026-04-04 11:14:50,795 INFO src.train.trainer: Last model at epoch 1327 saved to checkpoints/etas_20260404-111418/last_model_1.pth
2026-04-04 11:14:50,795 INFO src.train.trainer: Epoch 1328
2026-04-04 11:14:50,820 INFO src.train.trainer: New best validation loss: -5.7194, saved to checkpoints/etas_20260404-111418/best_model_1.pth
2026-04-04 11:14:50,821 INFO src.train.trainer: Last model at epoch 1328 saved to checkpoints/etas_20260404-111418/last_model_1.pth
2026-04-04 11:14:50,821 INFO src.train.trainer: Epoch 1329
2026-04-04 11:14:50,845 INFO src.train.trainer: New best validation loss: -5.7195, saved to checkpoints/etas_20260404-111418/best_model_1.pth
2026-04-04 11:14:50,847 INFO src.train.trainer: Last model at epoch 1329 saved to checkpoints/etas_20260404-111418/last_model_1.pth
2026-04-04 11:14:50,847 INFO src.train.trainer: Epoch 1330
2026-04-04 11:14:50,871 INFO src.train.trainer: New best validation loss: -5.7197, saved to checkpoints/etas_20260404-111418/best_model_1.pth
2026-04-04 11:14:50,873 INFO src.train.trainer: Last model at epoch 1330 saved to checkpoints/etas_20260404-111418/last_model_1.pth
2026-04-04 11:14:50,873 INFO src.train.trainer: Epoch 1331
2026-04-04 11:14:50,897 INFO src.train.trainer: New best validation loss: -5.7199, saved to checkpoints/etas_20260404-111418/best_model_1.pth
2026-04-04 11:14:50,898 INFO src.train.trainer: Last model at epoch 1331 saved to checkpoints/etas_20260404-111418/last_model_1.pth
2026-04-04 11:14:50,898 INFO src.train.trainer: Epoch 1332
2026-04-04 11:14:50,922 INFO src.train.trainer: New best validation loss: -5.7200, saved to checkpoints/etas_20260404-111418/best_model_1.pth
2026-04-04 11:14:50,924 INFO src.train.trainer: Last model at epoch 1332 saved to checkpoints/etas_20260404-111418/last_model_1.pth
2026-04-04 11:14:50,924 INFO src.train.trainer: Epoch 1333
2026-04-04 11:14:50,948 INFO src.train.trainer: New best validation loss: -5.7202, saved to checkpoints/etas_20260404-111418/best_model_1.pth
2026-04-04 11:14:50,950 INFO src.train.trainer: Last model at epoch 1333 saved to checkpoints/etas_20260404-111418/last_model_1.pth
2026-04-04 11:14:50,950 INFO src.train.trainer: Epoch 1334
2026-04-04 11:14:50,974 INFO src.train.trainer: New best validation loss: -5.7203, saved to checkpoints/etas_20260404-111418/best_model_1.pth
2026-04-04 11:14:50,976 INFO src.train.trainer: Last model at epoch 1334 saved to checkpoints/etas_20260404-111418/last_model_1.pth
2026-04-04 11:14:50,976 INFO src.train.trainer: Epoch 1335
2026-04-04 11:14:51,000 INFO src.train.trainer: New best validation loss: -5.7205, saved to checkpoints/etas_20260404-111418/best_model_1.pth
2026-04-04 11:14:51,001 INFO src.train.trainer: Last model at epoch 1335 saved to checkpoints/etas_20260404-111418/last_model_1.pth
2026-04-04 11:14:51,002 INFO src.train.trainer: Epoch 1336
2026-04-04 11:14:51,025 INFO src.train.trainer: New best validation loss: -5.7207, saved to checkpoints/etas_20260404-111418/best_model_1.pth
2026-04-04 11:14:51,027 INFO src.train.trainer: Last model at epoch 1336 saved to checkpoints/etas_20260404-111418/last_model_1.pth
2026-04-04 11:14:51,027 INFO src.train.trainer: Epoch 1337
2026-04-04 11:14:51,051 INFO src.train.trainer: New best validation loss: -5.7208, saved to checkpoints/etas_20260404-111418/best_model_1.pth
2026-04-04 11:14:51,052 INFO src.train.trainer: Last model at epoch 1337 saved to checkpoints/etas_20260404-111418/last_model_1.pth
2026-04-04 11:14:51,052 INFO src.train.trainer: Epoch 1338
2026-04-04 11:14:51,077 INFO src.train.trainer: New best validation loss: -5.7210, saved to checkpoints/etas_20260404-111418/best_model_1.pth
2026-04-04 11:14:51,078 INFO src.train.trainer: Last model at epoch 1338 saved to checkpoints/etas_20260404-111418/last_model_1.pth
2026-04-04 11:14:51,078 INFO src.train.trainer: Epoch 1339
2026-04-04 11:14:51,102 INFO src.train.trainer: New best validation loss: -5.7212, saved to checkpoints/etas_20260404-111418/best_model_1.pth
2026-04-04 11:14:51,104 INFO src.train.trainer: Last model at epoch 1339 saved to checkpoints/etas_20260404-111418/last_model_1.pth
2026-04-04 11:14:51,104 INFO src.train.trainer: Epoch 1340
2026-04-04 11:14:51,127 INFO src.train.trainer: New best validation loss: -5.7213, saved to checkpoints/etas_20260404-111418/best_model_1.pth
2026-04-04 11:14:51,129 INFO src.train.trainer: Last model at epoch 1340 saved to checkpoints/etas_20260404-111418/last_model_1.pth
2026-04-04 11:14:51,129 INFO src.train.trainer: Epoch 1341
2026-04-04 11:14:51,152 INFO src.train.trainer: New best validation loss: -5.7215, saved to checkpoints/etas_20260404-111418/best_model_1.pth
2026-04-04 11:14:51,154 INFO src.train.trainer: Last model at epoch 1341 saved to checkpoints/etas_20260404-111418/last_model_1.pth
2026-04-04 11:14:51,154 INFO src.train.trainer: Epoch 1342
2026-04-04 11:14:51,178 INFO src.train.trainer: New best validation loss: -5.7216, saved to checkpoints/etas_20260404-111418/best_model_1.pth
2026-04-04 11:14:51,179 INFO src.train.trainer: Last model at epoch 1342 saved to checkpoints/etas_20260404-111418/last_model_1.pth
2026-04-04 11:14:51,180 INFO src.train.trainer: Epoch 1343
2026-04-04 11:14:51,208 INFO src.train.trainer: New best validation loss: -5.7218, saved to checkpoints/etas_20260404-111418/best_model_1.pth
2026-04-04 11:14:51,209 INFO src.train.trainer: Last model at epoch 1343 saved to checkpoints/etas_20260404-111418/last_model_1.pth
2026-04-04 11:14:51,209 INFO src.train.trainer: Epoch 1344
2026-04-04 11:14:51,235 INFO src.train.trainer: New best validation loss: -5.7220, saved to checkpoints/etas_20260404-111418/best_model_1.pth
2026-04-04 11:14:51,236 INFO src.train.trainer: Last model at epoch 1344 saved to checkpoints/etas_20260404-111418/last_model_1.pth
2026-04-04 11:14:51,236 INFO src.train.trainer: Epoch 1345
2026-04-04 11:14:51,260 INFO src.train.trainer: New best validation loss: -5.7221, saved to checkpoints/etas_20260404-111418/best_model_1.pth
2026-04-04 11:14:51,262 INFO src.train.trainer: Last model at epoch 1345 saved to checkpoints/etas_20260404-111418/last_model_1.pth
2026-04-04 11:14:51,262 INFO src.train.trainer: Epoch 1346
2026-04-04 11:14:51,286 INFO src.train.trainer: New best validation loss: -5.7223, saved to checkpoints/etas_20260404-111418/best_model_1.pth
2026-04-04 11:14:51,287 INFO src.train.trainer: Last model at epoch 1346 saved to checkpoints/etas_20260404-111418/last_model_1.pth
2026-04-04 11:14:51,287 INFO src.train.trainer: Epoch 1347
2026-04-04 11:14:51,311 INFO src.train.trainer: New best validation loss: -5.7224, saved to checkpoints/etas_20260404-111418/best_model_1.pth
2026-04-04 11:14:51,313 INFO src.train.trainer: Last model at epoch 1347 saved to checkpoints/etas_20260404-111418/last_model_1.pth
2026-04-04 11:14:51,313 INFO src.train.trainer: Epoch 1348
2026-04-04 11:14:51,337 INFO src.train.trainer: New best validation loss: -5.7226, saved to checkpoints/etas_20260404-111418/best_model_1.pth
2026-04-04 11:14:51,340 INFO src.train.trainer: Last model at epoch 1348 saved to checkpoints/etas_20260404-111418/last_model_1.pth
2026-04-04 11:14:51,340 INFO src.train.trainer: Epoch 1349
2026-04-04 11:14:51,364 INFO src.train.trainer: New best validation loss: -5.7228, saved to checkpoints/etas_20260404-111418/best_model_1.pth
2026-04-04 11:14:51,366 INFO src.train.trainer: Last model at epoch 1349 saved to checkpoints/etas_20260404-111418/last_model_1.pth
2026-04-04 11:14:51,366 INFO src.train.trainer: Epoch 1350
2026-04-04 11:14:51,390 INFO src.train.trainer: New best validation loss: -5.7229, saved to checkpoints/etas_20260404-111418/best_model_1.pth
2026-04-04 11:14:51,392 INFO src.train.trainer: Last model at epoch 1350 saved to checkpoints/etas_20260404-111418/last_model_1.pth
2026-04-04 11:14:51,392 INFO src.train.trainer: Epoch 1351
2026-04-04 11:14:51,416 INFO src.train.trainer: New best validation loss: -5.7230, saved to checkpoints/etas_20260404-111418/best_model_1.pth
2026-04-04 11:14:51,417 INFO src.train.trainer: Last model at epoch 1351 saved to checkpoints/etas_20260404-111418/last_model_1.pth
2026-04-04 11:14:51,417 INFO src.train.trainer: Epoch 1352
2026-04-04 11:14:51,441 INFO src.train.trainer: New best validation loss: -5.7232, saved to checkpoints/etas_20260404-111418/best_model_1.pth
2026-04-04 11:14:51,443 INFO src.train.trainer: Last model at epoch 1352 saved to checkpoints/etas_20260404-111418/last_model_1.pth
2026-04-04 11:14:51,443 INFO src.train.trainer: Epoch 1353
2026-04-04 11:14:51,468 INFO src.train.trainer: New best validation loss: -5.7233, saved to checkpoints/etas_20260404-111418/best_model_1.pth
2026-04-04 11:14:51,469 INFO src.train.trainer: Last model at epoch 1353 saved to checkpoints/etas_20260404-111418/last_model_1.pth
2026-04-04 11:14:51,469 INFO src.train.trainer: Epoch 1354
2026-04-04 11:14:51,494 INFO src.train.trainer: New best validation loss: -5.7234, saved to checkpoints/etas_20260404-111418/best_model_1.pth
2026-04-04 11:14:51,495 INFO src.train.trainer: Last model at epoch 1354 saved to checkpoints/etas_20260404-111418/last_model_1.pth
2026-04-04 11:14:51,496 INFO src.train.trainer: Epoch 1355
2026-04-04 11:14:51,520 INFO src.train.trainer: New best validation loss: -5.7236, saved to checkpoints/etas_20260404-111418/best_model_1.pth
2026-04-04 11:14:51,521 INFO src.train.trainer: Last model at epoch 1355 saved to checkpoints/etas_20260404-111418/last_model_1.pth
2026-04-04 11:14:51,521 INFO src.train.trainer: Epoch 1356
2026-04-04 11:14:51,546 INFO src.train.trainer: New best validation loss: -5.7237, saved to checkpoints/etas_20260404-111418/best_model_1.pth
2026-04-04 11:14:51,548 INFO src.train.trainer: Last model at epoch 1356 saved to checkpoints/etas_20260404-111418/last_model_1.pth
2026-04-04 11:14:51,548 INFO src.train.trainer: Epoch 1357
2026-04-04 11:14:51,572 INFO src.train.trainer: New best validation loss: -5.7238, saved to checkpoints/etas_20260404-111418/best_model_1.pth
2026-04-04 11:14:51,573 INFO src.train.trainer: Last model at epoch 1357 saved to checkpoints/etas_20260404-111418/last_model_1.pth
2026-04-04 11:14:51,574 INFO src.train.trainer: Epoch 1358
2026-04-04 11:14:51,598 INFO src.train.trainer: New best validation loss: -5.7239, saved to checkpoints/etas_20260404-111418/best_model_1.pth
2026-04-04 11:14:51,599 INFO src.train.trainer: Last model at epoch 1358 saved to checkpoints/etas_20260404-111418/last_model_1.pth
2026-04-04 11:14:51,599 INFO src.train.trainer: Epoch 1359
2026-04-04 11:14:51,623 INFO src.train.trainer: New best validation loss: -5.7241, saved to checkpoints/etas_20260404-111418/best_model_1.pth
2026-04-04 11:14:51,625 INFO src.train.trainer: Last model at epoch 1359 saved to checkpoints/etas_20260404-111418/last_model_1.pth
2026-04-04 11:14:51,625 INFO src.train.trainer: Epoch 1360
2026-04-04 11:14:51,650 INFO src.train.trainer: New best validation loss: -5.7242, saved to checkpoints/etas_20260404-111418/best_model_1.pth
2026-04-04 11:14:51,651 INFO src.train.trainer: Last model at epoch 1360 saved to checkpoints/etas_20260404-111418/last_model_1.pth
2026-04-04 11:14:51,651 INFO src.train.trainer: Epoch 1361
2026-04-04 11:14:51,677 INFO src.train.trainer: New best validation loss: -5.7243, saved to checkpoints/etas_20260404-111418/best_model_1.pth
2026-04-04 11:14:51,679 INFO src.train.trainer: Last model at epoch 1361 saved to checkpoints/etas_20260404-111418/last_model_1.pth
2026-04-04 11:14:51,679 INFO src.train.trainer: Epoch 1362
2026-04-04 11:14:51,703 INFO src.train.trainer: New best validation loss: -5.7244, saved to checkpoints/etas_20260404-111418/best_model_1.pth
2026-04-04 11:14:51,705 INFO src.train.trainer: Last model at epoch 1362 saved to checkpoints/etas_20260404-111418/last_model_1.pth
2026-04-04 11:14:51,705 INFO src.train.trainer: Epoch 1363
2026-04-04 11:14:51,729 INFO src.train.trainer: New best validation loss: -5.7246, saved to checkpoints/etas_20260404-111418/best_model_1.pth
2026-04-04 11:14:51,730 INFO src.train.trainer: Last model at epoch 1363 saved to checkpoints/etas_20260404-111418/last_model_1.pth
2026-04-04 11:14:51,730 INFO src.train.trainer: Epoch 1364
2026-04-04 11:14:51,755 INFO src.train.trainer: New best validation loss: -5.7247, saved to checkpoints/etas_20260404-111418/best_model_1.pth
2026-04-04 11:14:51,757 INFO src.train.trainer: Last model at epoch 1364 saved to checkpoints/etas_20260404-111418/last_model_1.pth
2026-04-04 11:14:51,757 INFO src.train.trainer: Epoch 1365
2026-04-04 11:14:51,782 INFO src.train.trainer: New best validation loss: -5.7248, saved to checkpoints/etas_20260404-111418/best_model_1.pth
2026-04-04 11:14:51,783 INFO src.train.trainer: Last model at epoch 1365 saved to checkpoints/etas_20260404-111418/last_model_1.pth
2026-04-04 11:14:51,783 INFO src.train.trainer: Epoch 1366
2026-04-04 11:14:51,807 INFO src.train.trainer: New best validation loss: -5.7249, saved to checkpoints/etas_20260404-111418/best_model_1.pth
2026-04-04 11:14:51,809 INFO src.train.trainer: Last model at epoch 1366 saved to checkpoints/etas_20260404-111418/last_model_1.pth
2026-04-04 11:14:51,809 INFO src.train.trainer: Epoch 1367
2026-04-04 11:14:51,833 INFO src.train.trainer: New best validation loss: -5.7251, saved to checkpoints/etas_20260404-111418/best_model_1.pth
2026-04-04 11:14:51,835 INFO src.train.trainer: Last model at epoch 1367 saved to checkpoints/etas_20260404-111418/last_model_1.pth
2026-04-04 11:14:51,835 INFO src.train.trainer: Epoch 1368
2026-04-04 11:14:51,859 INFO src.train.trainer: New best validation loss: -5.7252, saved to checkpoints/etas_20260404-111418/best_model_1.pth
2026-04-04 11:14:51,861 INFO src.train.trainer: Last model at epoch 1368 saved to checkpoints/etas_20260404-111418/last_model_1.pth
2026-04-04 11:14:51,861 INFO src.train.trainer: Epoch 1369
2026-04-04 11:14:51,886 INFO src.train.trainer: New best validation loss: -5.7253, saved to checkpoints/etas_20260404-111418/best_model_1.pth
2026-04-04 11:14:51,887 INFO src.train.trainer: Last model at epoch 1369 saved to checkpoints/etas_20260404-111418/last_model_1.pth
2026-04-04 11:14:51,887 INFO src.train.trainer: Epoch 1370
2026-04-04 11:14:51,912 INFO src.train.trainer: New best validation loss: -5.7255, saved to checkpoints/etas_20260404-111418/best_model_1.pth
2026-04-04 11:14:51,914 INFO src.train.trainer: Last model at epoch 1370 saved to checkpoints/etas_20260404-111418/last_model_1.pth
2026-04-04 11:14:51,914 INFO src.train.trainer: Epoch 1371
2026-04-04 11:14:51,938 INFO src.train.trainer: New best validation loss: -5.7256, saved to checkpoints/etas_20260404-111418/best_model_1.pth
2026-04-04 11:14:51,940 INFO src.train.trainer: Last model at epoch 1371 saved to checkpoints/etas_20260404-111418/last_model_1.pth
2026-04-04 11:14:51,940 INFO src.train.trainer: Epoch 1372
2026-04-04 11:14:51,964 INFO src.train.trainer: New best validation loss: -5.7257, saved to checkpoints/etas_20260404-111418/best_model_1.pth
2026-04-04 11:14:51,965 INFO src.train.trainer: Last model at epoch 1372 saved to checkpoints/etas_20260404-111418/last_model_1.pth
2026-04-04 11:14:51,966 INFO src.train.trainer: Epoch 1373
2026-04-04 11:14:51,990 INFO src.train.trainer: New best validation loss: -5.7258, saved to checkpoints/etas_20260404-111418/best_model_1.pth
2026-04-04 11:14:51,991 INFO src.train.trainer: Last model at epoch 1373 saved to checkpoints/etas_20260404-111418/last_model_1.pth
2026-04-04 11:14:51,991 INFO src.train.trainer: Epoch 1374
2026-04-04 11:14:52,016 INFO src.train.trainer: New best validation loss: -5.7260, saved to checkpoints/etas_20260404-111418/best_model_1.pth
2026-04-04 11:14:52,018 INFO src.train.trainer: Last model at epoch 1374 saved to checkpoints/etas_20260404-111418/last_model_1.pth
2026-04-04 11:14:52,018 INFO src.train.trainer: Epoch 1375
2026-04-04 11:14:52,043 INFO src.train.trainer: New best validation loss: -5.7261, saved to checkpoints/etas_20260404-111418/best_model_1.pth
2026-04-04 11:14:52,044 INFO src.train.trainer: Last model at epoch 1375 saved to checkpoints/etas_20260404-111418/last_model_1.pth
2026-04-04 11:14:52,044 INFO src.train.trainer: Epoch 1376
2026-04-04 11:14:52,069 INFO src.train.trainer: New best validation loss: -5.7262, saved to checkpoints/etas_20260404-111418/best_model_1.pth
2026-04-04 11:14:52,070 INFO src.train.trainer: Last model at epoch 1376 saved to checkpoints/etas_20260404-111418/last_model_1.pth
2026-04-04 11:14:52,070 INFO src.train.trainer: Epoch 1377
2026-04-04 11:14:52,095 INFO src.train.trainer: New best validation loss: -5.7263, saved to checkpoints/etas_20260404-111418/best_model_1.pth
2026-04-04 11:14:52,096 INFO src.train.trainer: Last model at epoch 1377 saved to checkpoints/etas_20260404-111418/last_model_1.pth
2026-04-04 11:14:52,096 INFO src.train.trainer: Epoch 1378
2026-04-04 11:14:52,120 INFO src.train.trainer: New best validation loss: -5.7265, saved to checkpoints/etas_20260404-111418/best_model_1.pth
2026-04-04 11:14:52,122 INFO src.train.trainer: Last model at epoch 1378 saved to checkpoints/etas_20260404-111418/last_model_1.pth
2026-04-04 11:14:52,122 INFO src.train.trainer: Epoch 1379
2026-04-04 11:14:52,146 INFO src.train.trainer: New best validation loss: -5.7266, saved to checkpoints/etas_20260404-111418/best_model_1.pth
2026-04-04 11:14:52,148 INFO src.train.trainer: Last model at epoch 1379 saved to checkpoints/etas_20260404-111418/last_model_1.pth
2026-04-04 11:14:52,148 INFO src.train.trainer: Epoch 1380
2026-04-04 11:14:52,172 INFO src.train.trainer: New best validation loss: -5.7267, saved to checkpoints/etas_20260404-111418/best_model_1.pth
2026-04-04 11:14:52,174 INFO src.train.trainer: Last model at epoch 1380 saved to checkpoints/etas_20260404-111418/last_model_1.pth
2026-04-04 11:14:52,174 INFO src.train.trainer: Epoch 1381
2026-04-04 11:14:52,198 INFO src.train.trainer: New best validation loss: -5.7268, saved to checkpoints/etas_20260404-111418/best_model_1.pth
2026-04-04 11:14:52,199 INFO src.train.trainer: Last model at epoch 1381 saved to checkpoints/etas_20260404-111418/last_model_1.pth
2026-04-04 11:14:52,199 INFO src.train.trainer: Epoch 1382
2026-04-04 11:14:52,223 INFO src.train.trainer: New best validation loss: -5.7270, saved to checkpoints/etas_20260404-111418/best_model_1.pth
2026-04-04 11:14:52,225 INFO src.train.trainer: Last model at epoch 1382 saved to checkpoints/etas_20260404-111418/last_model_1.pth
2026-04-04 11:14:52,225 INFO src.train.trainer: Epoch 1383
2026-04-04 11:14:52,249 INFO src.train.trainer: New best validation loss: -5.7271, saved to checkpoints/etas_20260404-111418/best_model_1.pth
2026-04-04 11:14:52,251 INFO src.train.trainer: Last model at epoch 1383 saved to checkpoints/etas_20260404-111418/last_model_1.pth
2026-04-04 11:14:52,251 INFO src.train.trainer: Epoch 1384
2026-04-04 11:14:52,277 INFO src.train.trainer: New best validation loss: -5.7272, saved to checkpoints/etas_20260404-111418/best_model_1.pth
2026-04-04 11:14:52,279 INFO src.train.trainer: Last model at epoch 1384 saved to checkpoints/etas_20260404-111418/last_model_1.pth
2026-04-04 11:14:52,279 INFO src.train.trainer: Epoch 1385
2026-04-04 11:14:52,303 INFO src.train.trainer: New best validation loss: -5.7273, saved to checkpoints/etas_20260404-111418/best_model_1.pth
2026-04-04 11:14:52,305 INFO src.train.trainer: Last model at epoch 1385 saved to checkpoints/etas_20260404-111418/last_model_1.pth
2026-04-04 11:14:52,305 INFO src.train.trainer: Epoch 1386
2026-04-04 11:14:52,329 INFO src.train.trainer: New best validation loss: -5.7275, saved to checkpoints/etas_20260404-111418/best_model_1.pth
2026-04-04 11:14:52,331 INFO src.train.trainer: Last model at epoch 1386 saved to checkpoints/etas_20260404-111418/last_model_1.pth
2026-04-04 11:14:52,331 INFO src.train.trainer: Epoch 1387
2026-04-04 11:14:52,355 INFO src.train.trainer: New best validation loss: -5.7276, saved to checkpoints/etas_20260404-111418/best_model_1.pth
2026-04-04 11:14:52,356 INFO src.train.trainer: Last model at epoch 1387 saved to checkpoints/etas_20260404-111418/last_model_1.pth
2026-04-04 11:14:52,357 INFO src.train.trainer: Epoch 1388
2026-04-04 11:14:52,381 INFO src.train.trainer: New best validation loss: -5.7277, saved to checkpoints/etas_20260404-111418/best_model_1.pth
2026-04-04 11:14:52,383 INFO src.train.trainer: Last model at epoch 1388 saved to checkpoints/etas_20260404-111418/last_model_1.pth
2026-04-04 11:14:52,383 INFO src.train.trainer: Epoch 1389
2026-04-04 11:14:52,407 INFO src.train.trainer: New best validation loss: -5.7278, saved to checkpoints/etas_20260404-111418/best_model_1.pth
2026-04-04 11:14:52,408 INFO src.train.trainer: Last model at epoch 1389 saved to checkpoints/etas_20260404-111418/last_model_1.pth
2026-04-04 11:14:52,408 INFO src.train.trainer: Epoch 1390
2026-04-04 11:14:52,432 INFO src.train.trainer: New best validation loss: -5.7280, saved to checkpoints/etas_20260404-111418/best_model_1.pth
2026-04-04 11:14:52,434 INFO src.train.trainer: Last model at epoch 1390 saved to checkpoints/etas_20260404-111418/last_model_1.pth
2026-04-04 11:14:52,434 INFO src.train.trainer: Epoch 1391
2026-04-04 11:14:52,459 INFO src.train.trainer: New best validation loss: -5.7281, saved to checkpoints/etas_20260404-111418/best_model_1.pth
2026-04-04 11:14:52,460 INFO src.train.trainer: Last model at epoch 1391 saved to checkpoints/etas_20260404-111418/last_model_1.pth
2026-04-04 11:14:52,460 INFO src.train.trainer: Epoch 1392
2026-04-04 11:14:52,485 INFO src.train.trainer: New best validation loss: -5.7282, saved to checkpoints/etas_20260404-111418/best_model_1.pth
2026-04-04 11:14:52,486 INFO src.train.trainer: Last model at epoch 1392 saved to checkpoints/etas_20260404-111418/last_model_1.pth
2026-04-04 11:14:52,487 INFO src.train.trainer: Epoch 1393
2026-04-04 11:14:52,510 INFO src.train.trainer: New best validation loss: -5.7283, saved to checkpoints/etas_20260404-111418/best_model_1.pth
2026-04-04 11:14:52,512 INFO src.train.trainer: Last model at epoch 1393 saved to checkpoints/etas_20260404-111418/last_model_1.pth
2026-04-04 11:14:52,512 INFO src.train.trainer: Epoch 1394
2026-04-04 11:14:52,535 INFO src.train.trainer: New best validation loss: -5.7285, saved to checkpoints/etas_20260404-111418/best_model_1.pth
2026-04-04 11:14:52,537 INFO src.train.trainer: Last model at epoch 1394 saved to checkpoints/etas_20260404-111418/last_model_1.pth
2026-04-04 11:14:52,537 INFO src.train.trainer: Epoch 1395
2026-04-04 11:14:52,559 INFO src.train.trainer: New best validation loss: -5.7286, saved to checkpoints/etas_20260404-111418/best_model_1.pth
2026-04-04 11:14:52,561 INFO src.train.trainer: Last model at epoch 1395 saved to checkpoints/etas_20260404-111418/last_model_1.pth
2026-04-04 11:14:52,561 INFO src.train.trainer: Epoch 1396
2026-04-04 11:14:52,584 INFO src.train.trainer: New best validation loss: -5.7287, saved to checkpoints/etas_20260404-111418/best_model_1.pth
2026-04-04 11:14:52,585 INFO src.train.trainer: Last model at epoch 1396 saved to checkpoints/etas_20260404-111418/last_model_1.pth
2026-04-04 11:14:52,586 INFO src.train.trainer: Epoch 1397
2026-04-04 11:14:52,609 INFO src.train.trainer: New best validation loss: -5.7288, saved to checkpoints/etas_20260404-111418/best_model_1.pth
2026-04-04 11:14:52,611 INFO src.train.trainer: Last model at epoch 1397 saved to checkpoints/etas_20260404-111418/last_model_1.pth
2026-04-04 11:14:52,611 INFO src.train.trainer: Epoch 1398
2026-04-04 11:14:52,635 INFO src.train.trainer: New best validation loss: -5.7289, saved to checkpoints/etas_20260404-111418/best_model_1.pth
2026-04-04 11:14:52,636 INFO src.train.trainer: Last model at epoch 1398 saved to checkpoints/etas_20260404-111418/last_model_1.pth
2026-04-04 11:14:52,636 INFO src.train.trainer: Epoch 1399
2026-04-04 11:14:52,659 INFO src.train.trainer: New best validation loss: -5.7291, saved to checkpoints/etas_20260404-111418/best_model_1.pth
2026-04-04 11:14:52,660 INFO src.train.trainer: Last model at epoch 1399 saved to checkpoints/etas_20260404-111418/last_model_1.pth
2026-04-04 11:14:52,660 INFO src.train.trainer: Epoch 1400
2026-04-04 11:14:52,686 INFO src.train.trainer: New best validation loss: -5.7292, saved to checkpoints/etas_20260404-111418/best_model_1.pth
2026-04-04 11:14:52,688 INFO src.train.trainer: Last model at epoch 1400 saved to checkpoints/etas_20260404-111418/last_model_1.pth
2026-04-04 11:14:52,688 INFO src.train.trainer: Epoch 1401
2026-04-04 11:14:52,711 INFO src.train.trainer: New best validation loss: -5.7293, saved to checkpoints/etas_20260404-111418/best_model_1.pth
2026-04-04 11:14:52,713 INFO src.train.trainer: Last model at epoch 1401 saved to checkpoints/etas_20260404-111418/last_model_1.pth
2026-04-04 11:14:52,713 INFO src.train.trainer: Epoch 1402
2026-04-04 11:14:52,738 INFO src.train.trainer: New best validation loss: -5.7294, saved to checkpoints/etas_20260404-111418/best_model_1.pth
2026-04-04 11:14:52,739 INFO src.train.trainer: Last model at epoch 1402 saved to checkpoints/etas_20260404-111418/last_model_1.pth
2026-04-04 11:14:52,739 INFO src.train.trainer: Epoch 1403
2026-04-04 11:14:52,764 INFO src.train.trainer: New best validation loss: -5.7296, saved to checkpoints/etas_20260404-111418/best_model_1.pth
2026-04-04 11:14:52,766 INFO src.train.trainer: Last model at epoch 1403 saved to checkpoints/etas_20260404-111418/last_model_1.pth
2026-04-04 11:14:52,766 INFO src.train.trainer: Epoch 1404
2026-04-04 11:14:52,791 INFO src.train.trainer: New best validation loss: -5.7297, saved to checkpoints/etas_20260404-111418/best_model_1.pth
2026-04-04 11:14:52,793 INFO src.train.trainer: Last model at epoch 1404 saved to checkpoints/etas_20260404-111418/last_model_1.pth
2026-04-04 11:14:52,793 INFO src.train.trainer: Epoch 1405
2026-04-04 11:14:52,817 INFO src.train.trainer: New best validation loss: -5.7298, saved to checkpoints/etas_20260404-111418/best_model_1.pth
2026-04-04 11:14:52,818 INFO src.train.trainer: Last model at epoch 1405 saved to checkpoints/etas_20260404-111418/last_model_1.pth
2026-04-04 11:14:52,818 INFO src.train.trainer: Epoch 1406
2026-04-04 11:14:52,842 INFO src.train.trainer: New best validation loss: -5.7299, saved to checkpoints/etas_20260404-111418/best_model_1.pth
2026-04-04 11:14:52,843 INFO src.train.trainer: Last model at epoch 1406 saved to checkpoints/etas_20260404-111418/last_model_1.pth
2026-04-04 11:14:52,843 INFO src.train.trainer: Epoch 1407
2026-04-04 11:14:52,867 INFO src.train.trainer: New best validation loss: -5.7301, saved to checkpoints/etas_20260404-111418/best_model_1.pth
2026-04-04 11:14:52,868 INFO src.train.trainer: Last model at epoch 1407 saved to checkpoints/etas_20260404-111418/last_model_1.pth
2026-04-04 11:14:52,868 INFO src.train.trainer: Epoch 1408
2026-04-04 11:14:52,894 INFO src.train.trainer: New best validation loss: -5.7302, saved to checkpoints/etas_20260404-111418/best_model_1.pth
2026-04-04 11:14:52,896 INFO src.train.trainer: Last model at epoch 1408 saved to checkpoints/etas_20260404-111418/last_model_1.pth
2026-04-04 11:14:52,896 INFO src.train.trainer: Epoch 1409
2026-04-04 11:14:52,919 INFO src.train.trainer: New best validation loss: -5.7303, saved to checkpoints/etas_20260404-111418/best_model_1.pth
2026-04-04 11:14:52,921 INFO src.train.trainer: Last model at epoch 1409 saved to checkpoints/etas_20260404-111418/last_model_1.pth
2026-04-04 11:14:52,921 INFO src.train.trainer: Epoch 1410
2026-04-04 11:14:52,945 INFO src.train.trainer: New best validation loss: -5.7304, saved to checkpoints/etas_20260404-111418/best_model_1.pth
2026-04-04 11:14:52,946 INFO src.train.trainer: Last model at epoch 1410 saved to checkpoints/etas_20260404-111418/last_model_1.pth
2026-04-04 11:14:52,946 INFO src.train.trainer: Epoch 1411
2026-04-04 11:14:52,971 INFO src.train.trainer: New best validation loss: -5.7306, saved to checkpoints/etas_20260404-111418/best_model_1.pth
2026-04-04 11:14:52,972 INFO src.train.trainer: Last model at epoch 1411 saved to checkpoints/etas_20260404-111418/last_model_1.pth
2026-04-04 11:14:52,972 INFO src.train.trainer: Epoch 1412
2026-04-04 11:14:52,997 INFO src.train.trainer: New best validation loss: -5.7307, saved to checkpoints/etas_20260404-111418/best_model_1.pth
2026-04-04 11:14:52,999 INFO src.train.trainer: Last model at epoch 1412 saved to checkpoints/etas_20260404-111418/last_model_1.pth
2026-04-04 11:14:52,999 INFO src.train.trainer: Epoch 1413
2026-04-04 11:14:53,022 INFO src.train.trainer: New best validation loss: -5.7308, saved to checkpoints/etas_20260404-111418/best_model_1.pth
2026-04-04 11:14:53,024 INFO src.train.trainer: Last model at epoch 1413 saved to checkpoints/etas_20260404-111418/last_model_1.pth
2026-04-04 11:14:53,024 INFO src.train.trainer: Epoch 1414
2026-04-04 11:14:53,048 INFO src.train.trainer: New best validation loss: -5.7309, saved to checkpoints/etas_20260404-111418/best_model_1.pth
2026-04-04 11:14:53,049 INFO src.train.trainer: Last model at epoch 1414 saved to checkpoints/etas_20260404-111418/last_model_1.pth
2026-04-04 11:14:53,049 INFO src.train.trainer: Epoch 1415
2026-04-04 11:14:53,073 INFO src.train.trainer: New best validation loss: -5.7310, saved to checkpoints/etas_20260404-111418/best_model_1.pth
2026-04-04 11:14:53,074 INFO src.train.trainer: Last model at epoch 1415 saved to checkpoints/etas_20260404-111418/last_model_1.pth
2026-04-04 11:14:53,074 INFO src.train.trainer: Epoch 1416
2026-04-04 11:14:53,102 INFO src.train.trainer: New best validation loss: -5.7312, saved to checkpoints/etas_20260404-111418/best_model_1.pth
2026-04-04 11:14:53,103 INFO src.train.trainer: Last model at epoch 1416 saved to checkpoints/etas_20260404-111418/last_model_1.pth
2026-04-04 11:14:53,103 INFO src.train.trainer: Epoch 1417
2026-04-04 11:14:53,127 INFO src.train.trainer: New best validation loss: -5.7313, saved to checkpoints/etas_20260404-111418/best_model_1.pth
2026-04-04 11:14:53,129 INFO src.train.trainer: Last model at epoch 1417 saved to checkpoints/etas_20260404-111418/last_model_1.pth
2026-04-04 11:14:53,129 INFO src.train.trainer: Epoch 1418
2026-04-04 11:14:53,156 INFO src.train.trainer: New best validation loss: -5.7314, saved to checkpoints/etas_20260404-111418/best_model_1.pth
2026-04-04 11:14:53,157 INFO src.train.trainer: Last model at epoch 1418 saved to checkpoints/etas_20260404-111418/last_model_1.pth
2026-04-04 11:14:53,158 INFO src.train.trainer: Epoch 1419
2026-04-04 11:14:53,182 INFO src.train.trainer: New best validation loss: -5.7315, saved to checkpoints/etas_20260404-111418/best_model_1.pth
2026-04-04 11:14:53,183 INFO src.train.trainer: Last model at epoch 1419 saved to checkpoints/etas_20260404-111418/last_model_1.pth
2026-04-04 11:14:53,183 INFO src.train.trainer: Epoch 1420
2026-04-04 11:14:53,207 INFO src.train.trainer: New best validation loss: -5.7317, saved to checkpoints/etas_20260404-111418/best_model_1.pth
2026-04-04 11:14:53,208 INFO src.train.trainer: Last model at epoch 1420 saved to checkpoints/etas_20260404-111418/last_model_1.pth
2026-04-04 11:14:53,209 INFO src.train.trainer: Epoch 1421
2026-04-04 11:14:53,232 INFO src.train.trainer: New best validation loss: -5.7318, saved to checkpoints/etas_20260404-111418/best_model_1.pth
2026-04-04 11:14:53,234 INFO src.train.trainer: Last model at epoch 1421 saved to checkpoints/etas_20260404-111418/last_model_1.pth
2026-04-04 11:14:53,234 INFO src.train.trainer: Epoch 1422
2026-04-04 11:14:53,258 INFO src.train.trainer: New best validation loss: -5.7319, saved to checkpoints/etas_20260404-111418/best_model_1.pth
2026-04-04 11:14:53,259 INFO src.train.trainer: Last model at epoch 1422 saved to checkpoints/etas_20260404-111418/last_model_1.pth
2026-04-04 11:14:53,259 INFO src.train.trainer: Epoch 1423
2026-04-04 11:14:53,283 INFO src.train.trainer: New best validation loss: -5.7320, saved to checkpoints/etas_20260404-111418/best_model_1.pth
2026-04-04 11:14:53,285 INFO src.train.trainer: Last model at epoch 1423 saved to checkpoints/etas_20260404-111418/last_model_1.pth
2026-04-04 11:14:53,285 INFO src.train.trainer: Epoch 1424
2026-04-04 11:14:53,309 INFO src.train.trainer: New best validation loss: -5.7322, saved to checkpoints/etas_20260404-111418/best_model_1.pth
2026-04-04 11:14:53,310 INFO src.train.trainer: Last model at epoch 1424 saved to checkpoints/etas_20260404-111418/last_model_1.pth
2026-04-04 11:14:53,311 INFO src.train.trainer: Epoch 1425
2026-04-04 11:14:53,336 INFO src.train.trainer: New best validation loss: -5.7323, saved to checkpoints/etas_20260404-111418/best_model_1.pth
2026-04-04 11:14:53,338 INFO src.train.trainer: Last model at epoch 1425 saved to checkpoints/etas_20260404-111418/last_model_1.pth
2026-04-04 11:14:53,338 INFO src.train.trainer: Epoch 1426
2026-04-04 11:14:53,363 INFO src.train.trainer: New best validation loss: -5.7324, saved to checkpoints/etas_20260404-111418/best_model_1.pth
2026-04-04 11:14:53,365 INFO src.train.trainer: Last model at epoch 1426 saved to checkpoints/etas_20260404-111418/last_model_1.pth
2026-04-04 11:14:53,365 INFO src.train.trainer: Epoch 1427
2026-04-04 11:14:53,389 INFO src.train.trainer: New best validation loss: -5.7325, saved to checkpoints/etas_20260404-111418/best_model_1.pth
2026-04-04 11:14:53,390 INFO src.train.trainer: Last model at epoch 1427 saved to checkpoints/etas_20260404-111418/last_model_1.pth
2026-04-04 11:14:53,390 INFO src.train.trainer: Epoch 1428
2026-04-04 11:14:53,414 INFO src.train.trainer: New best validation loss: -5.7326, saved to checkpoints/etas_20260404-111418/best_model_1.pth
2026-04-04 11:14:53,416 INFO src.train.trainer: Last model at epoch 1428 saved to checkpoints/etas_20260404-111418/last_model_1.pth
2026-04-04 11:14:53,416 INFO src.train.trainer: Epoch 1429
2026-04-04 11:14:53,440 INFO src.train.trainer: New best validation loss: -5.7328, saved to checkpoints/etas_20260404-111418/best_model_1.pth
2026-04-04 11:14:53,441 INFO src.train.trainer: Last model at epoch 1429 saved to checkpoints/etas_20260404-111418/last_model_1.pth
2026-04-04 11:14:53,441 INFO src.train.trainer: Epoch 1430
2026-04-04 11:14:53,467 INFO src.train.trainer: New best validation loss: -5.7329, saved to checkpoints/etas_20260404-111418/best_model_1.pth
2026-04-04 11:14:53,469 INFO src.train.trainer: Last model at epoch 1430 saved to checkpoints/etas_20260404-111418/last_model_1.pth
2026-04-04 11:14:53,469 INFO src.train.trainer: Epoch 1431
2026-04-04 11:14:53,494 INFO src.train.trainer: New best validation loss: -5.7330, saved to checkpoints/etas_20260404-111418/best_model_1.pth
2026-04-04 11:14:53,496 INFO src.train.trainer: Last model at epoch 1431 saved to checkpoints/etas_20260404-111418/last_model_1.pth
2026-04-04 11:14:53,496 INFO src.train.trainer: Epoch 1432
2026-04-04 11:14:53,520 INFO src.train.trainer: New best validation loss: -5.7331, saved to checkpoints/etas_20260404-111418/best_model_1.pth
2026-04-04 11:14:53,521 INFO src.train.trainer: Last model at epoch 1432 saved to checkpoints/etas_20260404-111418/last_model_1.pth
2026-04-04 11:14:53,522 INFO src.train.trainer: Epoch 1433
2026-04-04 11:14:53,546 INFO src.train.trainer: New best validation loss: -5.7332, saved to checkpoints/etas_20260404-111418/best_model_1.pth
2026-04-04 11:14:53,547 INFO src.train.trainer: Last model at epoch 1433 saved to checkpoints/etas_20260404-111418/last_model_1.pth
2026-04-04 11:14:53,547 INFO src.train.trainer: Epoch 1434
2026-04-04 11:14:53,571 INFO src.train.trainer: New best validation loss: -5.7334, saved to checkpoints/etas_20260404-111418/best_model_1.pth
2026-04-04 11:14:53,573 INFO src.train.trainer: Last model at epoch 1434 saved to checkpoints/etas_20260404-111418/last_model_1.pth
2026-04-04 11:14:53,573 INFO src.train.trainer: Epoch 1435
2026-04-04 11:14:53,596 INFO src.train.trainer: New best validation loss: -5.7335, saved to checkpoints/etas_20260404-111418/best_model_1.pth
2026-04-04 11:14:53,598 INFO src.train.trainer: Last model at epoch 1435 saved to checkpoints/etas_20260404-111418/last_model_1.pth
2026-04-04 11:14:53,598 INFO src.train.trainer: Epoch 1436
2026-04-04 11:14:53,624 INFO src.train.trainer: New best validation loss: -5.7336, saved to checkpoints/etas_20260404-111418/best_model_1.pth
2026-04-04 11:14:53,626 INFO src.train.trainer: Last model at epoch 1436 saved to checkpoints/etas_20260404-111418/last_model_1.pth
2026-04-04 11:14:53,626 INFO src.train.trainer: Epoch 1437
2026-04-04 11:14:53,654 INFO src.train.trainer: New best validation loss: -5.7337, saved to checkpoints/etas_20260404-111418/best_model_1.pth
2026-04-04 11:14:53,656 INFO src.train.trainer: Last model at epoch 1437 saved to checkpoints/etas_20260404-111418/last_model_1.pth
2026-04-04 11:14:53,656 INFO src.train.trainer: Epoch 1438
2026-04-04 11:14:53,682 INFO src.train.trainer: New best validation loss: -5.7339, saved to checkpoints/etas_20260404-111418/best_model_1.pth
2026-04-04 11:14:53,684 INFO src.train.trainer: Last model at epoch 1438 saved to checkpoints/etas_20260404-111418/last_model_1.pth
2026-04-04 11:14:53,684 INFO src.train.trainer: Epoch 1439
2026-04-04 11:14:53,711 INFO src.train.trainer: New best validation loss: -5.7340, saved to checkpoints/etas_20260404-111418/best_model_1.pth
2026-04-04 11:14:53,712 INFO src.train.trainer: Last model at epoch 1439 saved to checkpoints/etas_20260404-111418/last_model_1.pth
2026-04-04 11:14:53,712 INFO src.train.trainer: Epoch 1440
2026-04-04 11:14:53,738 INFO src.train.trainer: New best validation loss: -5.7341, saved to checkpoints/etas_20260404-111418/best_model_1.pth
2026-04-04 11:14:53,740 INFO src.train.trainer: Last model at epoch 1440 saved to checkpoints/etas_20260404-111418/last_model_1.pth
2026-04-04 11:14:53,740 INFO src.train.trainer: Epoch 1441
2026-04-04 11:14:53,765 INFO src.train.trainer: New best validation loss: -5.7342, saved to checkpoints/etas_20260404-111418/best_model_1.pth
2026-04-04 11:14:53,766 INFO src.train.trainer: Last model at epoch 1441 saved to checkpoints/etas_20260404-111418/last_model_1.pth
2026-04-04 11:14:53,766 INFO src.train.trainer: Epoch 1442
2026-04-04 11:14:53,793 INFO src.train.trainer: New best validation loss: -5.7343, saved to checkpoints/etas_20260404-111418/best_model_1.pth
2026-04-04 11:14:53,794 INFO src.train.trainer: Last model at epoch 1442 saved to checkpoints/etas_20260404-111418/last_model_1.pth
2026-04-04 11:14:53,794 INFO src.train.trainer: Epoch 1443
2026-04-04 11:14:53,818 INFO src.train.trainer: New best validation loss: -5.7345, saved to checkpoints/etas_20260404-111418/best_model_1.pth
2026-04-04 11:14:53,820 INFO src.train.trainer: Last model at epoch 1443 saved to checkpoints/etas_20260404-111418/last_model_1.pth
2026-04-04 11:14:53,820 INFO src.train.trainer: Epoch 1444
2026-04-04 11:14:53,844 INFO src.train.trainer: New best validation loss: -5.7346, saved to checkpoints/etas_20260404-111418/best_model_1.pth
2026-04-04 11:14:53,845 INFO src.train.trainer: Last model at epoch 1444 saved to checkpoints/etas_20260404-111418/last_model_1.pth
2026-04-04 11:14:53,845 INFO src.train.trainer: Epoch 1445
2026-04-04 11:14:53,869 INFO src.train.trainer: New best validation loss: -5.7347, saved to checkpoints/etas_20260404-111418/best_model_1.pth
2026-04-04 11:14:53,871 INFO src.train.trainer: Last model at epoch 1445 saved to checkpoints/etas_20260404-111418/last_model_1.pth
2026-04-04 11:14:53,871 INFO src.train.trainer: Epoch 1446
2026-04-04 11:14:53,895 INFO src.train.trainer: New best validation loss: -5.7348, saved to checkpoints/etas_20260404-111418/best_model_1.pth
2026-04-04 11:14:53,896 INFO src.train.trainer: Last model at epoch 1446 saved to checkpoints/etas_20260404-111418/last_model_1.pth
2026-04-04 11:14:53,897 INFO src.train.trainer: Epoch 1447
2026-04-04 11:14:53,920 INFO src.train.trainer: New best validation loss: -5.7349, saved to checkpoints/etas_20260404-111418/best_model_1.pth
2026-04-04 11:14:53,921 INFO src.train.trainer: Last model at epoch 1447 saved to checkpoints/etas_20260404-111418/last_model_1.pth
2026-04-04 11:14:53,922 INFO src.train.trainer: Epoch 1448
2026-04-04 11:14:53,947 INFO src.train.trainer: New best validation loss: -5.7351, saved to checkpoints/etas_20260404-111418/best_model_1.pth
2026-04-04 11:14:53,948 INFO src.train.trainer: Last model at epoch 1448 saved to checkpoints/etas_20260404-111418/last_model_1.pth
2026-04-04 11:14:53,948 INFO src.train.trainer: Epoch 1449
2026-04-04 11:14:53,972 INFO src.train.trainer: New best validation loss: -5.7352, saved to checkpoints/etas_20260404-111418/best_model_1.pth
2026-04-04 11:14:53,974 INFO src.train.trainer: Last model at epoch 1449 saved to checkpoints/etas_20260404-111418/last_model_1.pth
2026-04-04 11:14:53,974 INFO src.train.trainer: Epoch 1450
2026-04-04 11:14:53,998 INFO src.train.trainer: New best validation loss: -5.7353, saved to checkpoints/etas_20260404-111418/best_model_1.pth
2026-04-04 11:14:53,999 INFO src.train.trainer: Last model at epoch 1450 saved to checkpoints/etas_20260404-111418/last_model_1.pth
2026-04-04 11:14:53,999 INFO src.train.trainer: Epoch 1451
2026-04-04 11:14:54,023 INFO src.train.trainer: New best validation loss: -5.7354, saved to checkpoints/etas_20260404-111418/best_model_1.pth
2026-04-04 11:14:54,024 INFO src.train.trainer: Last model at epoch 1451 saved to checkpoints/etas_20260404-111418/last_model_1.pth
2026-04-04 11:14:54,024 INFO src.train.trainer: Epoch 1452
2026-04-04 11:14:54,051 INFO src.train.trainer: New best validation loss: -5.7355, saved to checkpoints/etas_20260404-111418/best_model_1.pth
2026-04-04 11:14:54,053 INFO src.train.trainer: Last model at epoch 1452 saved to checkpoints/etas_20260404-111418/last_model_1.pth
2026-04-04 11:14:54,053 INFO src.train.trainer: Epoch 1453
2026-04-04 11:14:54,076 INFO src.train.trainer: New best validation loss: -5.7357, saved to checkpoints/etas_20260404-111418/best_model_1.pth
2026-04-04 11:14:54,078 INFO src.train.trainer: Last model at epoch 1453 saved to checkpoints/etas_20260404-111418/last_model_1.pth
2026-04-04 11:14:54,078 INFO src.train.trainer: Epoch 1454
2026-04-04 11:14:54,101 INFO src.train.trainer: New best validation loss: -5.7358, saved to checkpoints/etas_20260404-111418/best_model_1.pth
2026-04-04 11:14:54,103 INFO src.train.trainer: Last model at epoch 1454 saved to checkpoints/etas_20260404-111418/last_model_1.pth
2026-04-04 11:14:54,103 INFO src.train.trainer: Epoch 1455
2026-04-04 11:14:54,126 INFO src.train.trainer: New best validation loss: -5.7359, saved to checkpoints/etas_20260404-111418/best_model_1.pth
2026-04-04 11:14:54,128 INFO src.train.trainer: Last model at epoch 1455 saved to checkpoints/etas_20260404-111418/last_model_1.pth
2026-04-04 11:14:54,128 INFO src.train.trainer: Epoch 1456
2026-04-04 11:14:54,152 INFO src.train.trainer: New best validation loss: -5.7360, saved to checkpoints/etas_20260404-111418/best_model_1.pth
2026-04-04 11:14:54,154 INFO src.train.trainer: Last model at epoch 1456 saved to checkpoints/etas_20260404-111418/last_model_1.pth
2026-04-04 11:14:54,154 INFO src.train.trainer: Epoch 1457
2026-04-04 11:14:54,178 INFO src.train.trainer: New best validation loss: -5.7361, saved to checkpoints/etas_20260404-111418/best_model_1.pth
2026-04-04 11:14:54,179 INFO src.train.trainer: Last model at epoch 1457 saved to checkpoints/etas_20260404-111418/last_model_1.pth
2026-04-04 11:14:54,180 INFO src.train.trainer: Epoch 1458
2026-04-04 11:14:54,203 INFO src.train.trainer: New best validation loss: -5.7363, saved to checkpoints/etas_20260404-111418/best_model_1.pth
2026-04-04 11:14:54,204 INFO src.train.trainer: Last model at epoch 1458 saved to checkpoints/etas_20260404-111418/last_model_1.pth
2026-04-04 11:14:54,205 INFO src.train.trainer: Epoch 1459
2026-04-04 11:14:54,228 INFO src.train.trainer: New best validation loss: -5.7364, saved to checkpoints/etas_20260404-111418/best_model_1.pth
2026-04-04 11:14:54,229 INFO src.train.trainer: Last model at epoch 1459 saved to checkpoints/etas_20260404-111418/last_model_1.pth
2026-04-04 11:14:54,229 INFO src.train.trainer: Epoch 1460
2026-04-04 11:14:54,253 INFO src.train.trainer: New best validation loss: -5.7365, saved to checkpoints/etas_20260404-111418/best_model_1.pth
2026-04-04 11:14:54,254 INFO src.train.trainer: Last model at epoch 1460 saved to checkpoints/etas_20260404-111418/last_model_1.pth
2026-04-04 11:14:54,254 INFO src.train.trainer: Epoch 1461
2026-04-04 11:14:54,278 INFO src.train.trainer: New best validation loss: -5.7366, saved to checkpoints/etas_20260404-111418/best_model_1.pth
2026-04-04 11:14:54,279 INFO src.train.trainer: Last model at epoch 1461 saved to checkpoints/etas_20260404-111418/last_model_1.pth
2026-04-04 11:14:54,279 INFO src.train.trainer: Epoch 1462
2026-04-04 11:14:54,303 INFO src.train.trainer: New best validation loss: -5.7367, saved to checkpoints/etas_20260404-111418/best_model_1.pth
2026-04-04 11:14:54,305 INFO src.train.trainer: Last model at epoch 1462 saved to checkpoints/etas_20260404-111418/last_model_1.pth
2026-04-04 11:14:54,305 INFO src.train.trainer: Epoch 1463
2026-04-04 11:14:54,329 INFO src.train.trainer: New best validation loss: -5.7369, saved to checkpoints/etas_20260404-111418/best_model_1.pth
2026-04-04 11:14:54,331 INFO src.train.trainer: Last model at epoch 1463 saved to checkpoints/etas_20260404-111418/last_model_1.pth
2026-04-04 11:14:54,331 INFO src.train.trainer: Epoch 1464
2026-04-04 11:14:54,355 INFO src.train.trainer: New best validation loss: -5.7370, saved to checkpoints/etas_20260404-111418/best_model_1.pth
2026-04-04 11:14:54,357 INFO src.train.trainer: Last model at epoch 1464 saved to checkpoints/etas_20260404-111418/last_model_1.pth
2026-04-04 11:14:54,357 INFO src.train.trainer: Epoch 1465
2026-04-04 11:14:54,381 INFO src.train.trainer: New best validation loss: -5.7371, saved to checkpoints/etas_20260404-111418/best_model_1.pth
2026-04-04 11:14:54,383 INFO src.train.trainer: Last model at epoch 1465 saved to checkpoints/etas_20260404-111418/last_model_1.pth
2026-04-04 11:14:54,383 INFO src.train.trainer: Epoch 1466
2026-04-04 11:14:54,407 INFO src.train.trainer: New best validation loss: -5.7372, saved to checkpoints/etas_20260404-111418/best_model_1.pth
2026-04-04 11:14:54,408 INFO src.train.trainer: Last model at epoch 1466 saved to checkpoints/etas_20260404-111418/last_model_1.pth
2026-04-04 11:14:54,408 INFO src.train.trainer: Epoch 1467
2026-04-04 11:14:54,432 INFO src.train.trainer: New best validation loss: -5.7373, saved to checkpoints/etas_20260404-111418/best_model_1.pth
2026-04-04 11:14:54,434 INFO src.train.trainer: Last model at epoch 1467 saved to checkpoints/etas_20260404-111418/last_model_1.pth
2026-04-04 11:14:54,434 INFO src.train.trainer: Epoch 1468
2026-04-04 11:14:54,458 INFO src.train.trainer: New best validation loss: -5.7375, saved to checkpoints/etas_20260404-111418/best_model_1.pth
2026-04-04 11:14:54,460 INFO src.train.trainer: Last model at epoch 1468 saved to checkpoints/etas_20260404-111418/last_model_1.pth
2026-04-04 11:14:54,460 INFO src.train.trainer: Epoch 1469
2026-04-04 11:14:54,485 INFO src.train.trainer: New best validation loss: -5.7376, saved to checkpoints/etas_20260404-111418/best_model_1.pth
2026-04-04 11:14:54,486 INFO src.train.trainer: Last model at epoch 1469 saved to checkpoints/etas_20260404-111418/last_model_1.pth
2026-04-04 11:14:54,486 INFO src.train.trainer: Epoch 1470
2026-04-04 11:14:54,510 INFO src.train.trainer: New best validation loss: -5.7377, saved to checkpoints/etas_20260404-111418/best_model_1.pth
2026-04-04 11:14:54,512 INFO src.train.trainer: Last model at epoch 1470 saved to checkpoints/etas_20260404-111418/last_model_1.pth
2026-04-04 11:14:54,512 INFO src.train.trainer: Epoch 1471
2026-04-04 11:14:54,539 INFO src.train.trainer: New best validation loss: -5.7378, saved to checkpoints/etas_20260404-111418/best_model_1.pth
2026-04-04 11:14:54,540 INFO src.train.trainer: Last model at epoch 1471 saved to checkpoints/etas_20260404-111418/last_model_1.pth
2026-04-04 11:14:54,540 INFO src.train.trainer: Epoch 1472
2026-04-04 11:14:54,561 INFO src.train.trainer: New best validation loss: -5.7379, saved to checkpoints/etas_20260404-111418/best_model_1.pth
2026-04-04 11:14:54,562 INFO src.train.trainer: Last model at epoch 1472 saved to checkpoints/etas_20260404-111418/last_model_1.pth
2026-04-04 11:14:54,562 INFO src.train.trainer: Epoch 1473
2026-04-04 11:14:54,586 INFO src.train.trainer: New best validation loss: -5.7380, saved to checkpoints/etas_20260404-111418/best_model_1.pth
2026-04-04 11:14:54,588 INFO src.train.trainer: Last model at epoch 1473 saved to checkpoints/etas_20260404-111418/last_model_1.pth
2026-04-04 11:14:54,588 INFO src.train.trainer: Epoch 1474
2026-04-04 11:14:54,612 INFO src.train.trainer: New best validation loss: -5.7382, saved to checkpoints/etas_20260404-111418/best_model_1.pth
2026-04-04 11:14:54,614 INFO src.train.trainer: Last model at epoch 1474 saved to checkpoints/etas_20260404-111418/last_model_1.pth
2026-04-04 11:14:54,614 INFO src.train.trainer: Epoch 1475
2026-04-04 11:14:54,638 INFO src.train.trainer: New best validation loss: -5.7383, saved to checkpoints/etas_20260404-111418/best_model_1.pth
2026-04-04 11:14:54,640 INFO src.train.trainer: Last model at epoch 1475 saved to checkpoints/etas_20260404-111418/last_model_1.pth
2026-04-04 11:14:54,640 INFO src.train.trainer: Epoch 1476
2026-04-04 11:14:54,664 INFO src.train.trainer: New best validation loss: -5.7384, saved to checkpoints/etas_20260404-111418/best_model_1.pth
2026-04-04 11:14:54,666 INFO src.train.trainer: Last model at epoch 1476 saved to checkpoints/etas_20260404-111418/last_model_1.pth
2026-04-04 11:14:54,666 INFO src.train.trainer: Epoch 1477
2026-04-04 11:14:54,689 INFO src.train.trainer: New best validation loss: -5.7385, saved to checkpoints/etas_20260404-111418/best_model_1.pth
2026-04-04 11:14:54,691 INFO src.train.trainer: Last model at epoch 1477 saved to checkpoints/etas_20260404-111418/last_model_1.pth
2026-04-04 11:14:54,691 INFO src.train.trainer: Epoch 1478
2026-04-04 11:14:54,714 INFO src.train.trainer: New best validation loss: -5.7386, saved to checkpoints/etas_20260404-111418/best_model_1.pth
2026-04-04 11:14:54,716 INFO src.train.trainer: Last model at epoch 1478 saved to checkpoints/etas_20260404-111418/last_model_1.pth
2026-04-04 11:14:54,716 INFO src.train.trainer: Epoch 1479
2026-04-04 11:14:54,739 INFO src.train.trainer: New best validation loss: -5.7388, saved to checkpoints/etas_20260404-111418/best_model_1.pth
2026-04-04 11:14:54,741 INFO src.train.trainer: Last model at epoch 1479 saved to checkpoints/etas_20260404-111418/last_model_1.pth
2026-04-04 11:14:54,741 INFO src.train.trainer: Epoch 1480
2026-04-04 11:14:54,765 INFO src.train.trainer: New best validation loss: -5.7389, saved to checkpoints/etas_20260404-111418/best_model_1.pth
2026-04-04 11:14:54,767 INFO src.train.trainer: Last model at epoch 1480 saved to checkpoints/etas_20260404-111418/last_model_1.pth
2026-04-04 11:14:54,767 INFO src.train.trainer: Epoch 1481
2026-04-04 11:14:54,790 INFO src.train.trainer: New best validation loss: -5.7390, saved to checkpoints/etas_20260404-111418/best_model_1.pth
2026-04-04 11:14:54,792 INFO src.train.trainer: Last model at epoch 1481 saved to checkpoints/etas_20260404-111418/last_model_1.pth
2026-04-04 11:14:54,792 INFO src.train.trainer: Epoch 1482
2026-04-04 11:14:54,816 INFO src.train.trainer: New best validation loss: -5.7391, saved to checkpoints/etas_20260404-111418/best_model_1.pth
2026-04-04 11:14:54,818 INFO src.train.trainer: Last model at epoch 1482 saved to checkpoints/etas_20260404-111418/last_model_1.pth
2026-04-04 11:14:54,818 INFO src.train.trainer: Epoch 1483
2026-04-04 11:14:54,841 INFO src.train.trainer: New best validation loss: -5.7392, saved to checkpoints/etas_20260404-111418/best_model_1.pth
2026-04-04 11:14:54,843 INFO src.train.trainer: Last model at epoch 1483 saved to checkpoints/etas_20260404-111418/last_model_1.pth
2026-04-04 11:14:54,843 INFO src.train.trainer: Epoch 1484
2026-04-04 11:14:54,867 INFO src.train.trainer: New best validation loss: -5.7393, saved to checkpoints/etas_20260404-111418/best_model_1.pth
2026-04-04 11:14:54,869 INFO src.train.trainer: Last model at epoch 1484 saved to checkpoints/etas_20260404-111418/last_model_1.pth
2026-04-04 11:14:54,869 INFO src.train.trainer: Epoch 1485
2026-04-04 11:14:54,892 INFO src.train.trainer: New best validation loss: -5.7395, saved to checkpoints/etas_20260404-111418/best_model_1.pth
2026-04-04 11:14:54,894 INFO src.train.trainer: Last model at epoch 1485 saved to checkpoints/etas_20260404-111418/last_model_1.pth
2026-04-04 11:14:54,894 INFO src.train.trainer: Epoch 1486
2026-04-04 11:14:54,918 INFO src.train.trainer: New best validation loss: -5.7396, saved to checkpoints/etas_20260404-111418/best_model_1.pth
2026-04-04 11:14:54,919 INFO src.train.trainer: Last model at epoch 1486 saved to checkpoints/etas_20260404-111418/last_model_1.pth
2026-04-04 11:14:54,919 INFO src.train.trainer: Epoch 1487
2026-04-04 11:14:54,946 INFO src.train.trainer: New best validation loss: -5.7397, saved to checkpoints/etas_20260404-111418/best_model_1.pth
2026-04-04 11:14:54,947 INFO src.train.trainer: Last model at epoch 1487 saved to checkpoints/etas_20260404-111418/last_model_1.pth
2026-04-04 11:14:54,947 INFO src.train.trainer: Epoch 1488
2026-04-04 11:14:54,972 INFO src.train.trainer: New best validation loss: -5.7398, saved to checkpoints/etas_20260404-111418/best_model_1.pth
2026-04-04 11:14:54,973 INFO src.train.trainer: Last model at epoch 1488 saved to checkpoints/etas_20260404-111418/last_model_1.pth
2026-04-04 11:14:54,973 INFO src.train.trainer: Epoch 1489
2026-04-04 11:14:54,997 INFO src.train.trainer: New best validation loss: -5.7399, saved to checkpoints/etas_20260404-111418/best_model_1.pth
2026-04-04 11:14:54,999 INFO src.train.trainer: Last model at epoch 1489 saved to checkpoints/etas_20260404-111418/last_model_1.pth
2026-04-04 11:14:54,999 INFO src.train.trainer: Epoch 1490
2026-04-04 11:14:55,024 INFO src.train.trainer: New best validation loss: -5.7401, saved to checkpoints/etas_20260404-111418/best_model_1.pth
2026-04-04 11:14:55,025 INFO src.train.trainer: Last model at epoch 1490 saved to checkpoints/etas_20260404-111418/last_model_1.pth
2026-04-04 11:14:55,025 INFO src.train.trainer: Epoch 1491
2026-04-04 11:14:55,052 INFO src.train.trainer: New best validation loss: -5.7402, saved to checkpoints/etas_20260404-111418/best_model_1.pth
2026-04-04 11:14:55,053 INFO src.train.trainer: Last model at epoch 1491 saved to checkpoints/etas_20260404-111418/last_model_1.pth
2026-04-04 11:14:55,053 INFO src.train.trainer: Epoch 1492
2026-04-04 11:14:55,080 INFO src.train.trainer: New best validation loss: -5.7403, saved to checkpoints/etas_20260404-111418/best_model_1.pth
2026-04-04 11:14:55,082 INFO src.train.trainer: Last model at epoch 1492 saved to checkpoints/etas_20260404-111418/last_model_1.pth
2026-04-04 11:14:55,082 INFO src.train.trainer: Epoch 1493
2026-04-04 11:14:55,107 INFO src.train.trainer: New best validation loss: -5.7404, saved to checkpoints/etas_20260404-111418/best_model_1.pth
2026-04-04 11:14:55,108 INFO src.train.trainer: Last model at epoch 1493 saved to checkpoints/etas_20260404-111418/last_model_1.pth
2026-04-04 11:14:55,109 INFO src.train.trainer: Epoch 1494
2026-04-04 11:14:55,134 INFO src.train.trainer: New best validation loss: -5.7405, saved to checkpoints/etas_20260404-111418/best_model_1.pth
2026-04-04 11:14:55,137 INFO src.train.trainer: Last model at epoch 1494 saved to checkpoints/etas_20260404-111418/last_model_1.pth
2026-04-04 11:14:55,137 INFO src.train.trainer: Epoch 1495
2026-04-04 11:14:55,161 INFO src.train.trainer: New best validation loss: -5.7406, saved to checkpoints/etas_20260404-111418/best_model_1.pth
2026-04-04 11:14:55,163 INFO src.train.trainer: Last model at epoch 1495 saved to checkpoints/etas_20260404-111418/last_model_1.pth
2026-04-04 11:14:55,163 INFO src.train.trainer: Epoch 1496
2026-04-04 11:14:55,187 INFO src.train.trainer: New best validation loss: -5.7408, saved to checkpoints/etas_20260404-111418/best_model_1.pth
2026-04-04 11:14:55,189 INFO src.train.trainer: Last model at epoch 1496 saved to checkpoints/etas_20260404-111418/last_model_1.pth
2026-04-04 11:14:55,189 INFO src.train.trainer: Epoch 1497
2026-04-04 11:14:55,213 INFO src.train.trainer: New best validation loss: -5.7409, saved to checkpoints/etas_20260404-111418/best_model_1.pth
2026-04-04 11:14:55,215 INFO src.train.trainer: Last model at epoch 1497 saved to checkpoints/etas_20260404-111418/last_model_1.pth
2026-04-04 11:14:55,215 INFO src.train.trainer: Epoch 1498
2026-04-04 11:14:55,239 INFO src.train.trainer: New best validation loss: -5.7410, saved to checkpoints/etas_20260404-111418/best_model_1.pth
2026-04-04 11:14:55,240 INFO src.train.trainer: Last model at epoch 1498 saved to checkpoints/etas_20260404-111418/last_model_1.pth
2026-04-04 11:14:55,240 INFO src.train.trainer: Epoch 1499
2026-04-04 11:14:55,264 INFO src.train.trainer: New best validation loss: -5.7411, saved to checkpoints/etas_20260404-111418/best_model_1.pth
2026-04-04 11:14:55,266 INFO src.train.trainer: Last model at epoch 1499 saved to checkpoints/etas_20260404-111418/last_model_1.pth
2026-04-04 11:14:55,266 INFO src.train.trainer: Epoch 1500
2026-04-04 11:14:55,290 INFO src.train.trainer: New best validation loss: -5.7412, saved to checkpoints/etas_20260404-111418/best_model_1.pth
2026-04-04 11:14:55,292 INFO src.train.trainer: Last model at epoch 1500 saved to checkpoints/etas_20260404-111418/last_model_1.pth
2026-04-04 11:17:04,722 INFO src.data.catalog: Loading existing catalog from /root/autodl-tmp/em_eqf/data/CB_HAB4/catalogs/7d831c6f.
2026-04-04 11:17:04,755 INFO src.data.preparation: Number of training events: 2963
2026-04-04 11:17:04,755 INFO src.data.preparation: Number of validation events: 995
2026-04-04 11:17:04,755 INFO src.data.preparation: Number of test events: 724
2026-04-04 11:17:04,780 INFO src.train.config_setup: load_specific_parts: None
2026-04-04 11:17:04,780 INFO src.train.config_setup: Checkpoint loaded: <All keys matched successfully>
2026-04-04 11:17:04,781 INFO src.train.config_setup: hyperparameters: {'model': 'etas', 'num_event_types': 1, 'pad_token_id': 1, 'task_type': 'tpp', 'bg_learning_rate': 0.0005, 'fix_mu': False, 'richter_b': None, 'base_rate_init': 0.26, 'batch_size': 1, 'accumulation_steps': 1, 'warmup_ratio': 0.1, 'learning_rate': 0.001, 'weight_decay': 0.005, 'loss_reduction': 'per_event', 'scheduler_factor': None, 'scheduler_patience': None, 'scheduler_threshold': None, 'scheduler_min_lr': 1e-06, 'scheduler_type': 'step_warmup', 'step_lr_step_size_ratio': 0.2, 'step_lr_gamma': 0.8, 'dim': 1, 'epochs': 1500, 'save_dir': 'checkpoints/etas_20260404-111418', 'cuda_id': '0', 'dataset': 'CB_HAB4', 'seed': 0, 'minibatch_training': False, 'split_by_time': True, 'time_order': ['train', 'val', 'test'], 'catalog_cfg': {'freq': '1D', 'mag_completeness': 0.9}, 'cuda': True, 'tau_mean': 0.006068115588277578, 'time_min': 0.0, 'tau_min': 4.789910690305987e-10, 'tau_max': 3.5911457538604736, 'tau_q05': 0.0007754630059935153, 'tau_q025': 3.4722001146292314e-05, 'mag_mean': 1.2605804204940796, 'time_max': 17.985092163085938, 'time_mean': 12.524797439575195, 'mag_completeness': 0.9, 'richter_b_mle': 1.1879588116789888, 'precision': 32, 'num_events_train': 2963, 'num_events_val': 995, 'num_events_test': 724, 'start_epoch': 0, 'best_val_loss': inf}
2026-04-04 11:17:04,781 INFO src.train.config_setup: train_metrics: {'avg_time_nll': -4.878186225891113, 'avg_total_nll': -4.878186225891113}
2026-04-04 11:17:04,781 INFO src.train.config_setup: val_metrics: {'avg_time_nll': -5.741217136383057, 'avg_total_nll': -5.741217136383057}
2026-04-04 11:17:04,945 INFO __main__: Saved test metrics to checkpoints/etas_20260404-111418/metrics_test_best_1.json
2026-04-04 11:17:04,946 INFO __main__: Metrics: {'nll_train_time': -4.878288269042969, 'nll_train_total': -4.878288269042969, 'nll_val_time': -5.741217136383057, 'nll_val_total': -5.741217136383057, 'nll_test_time': -4.515438079833984, 'nll_test_total': -4.515438079833984, 'num_events_train': 2963, 'num_events_val': 995, 'num_events_test': 724}
