2026-04-03 10:05:51,352 INFO src.data.catalog: Loading existing catalog from /root/autodl-tmp/em_eqf/data/CB_HAB1a/catalogs/94f05883.
2026-04-03 10:05:51,366 INFO src.data.preparation: Number of training events: 5495
2026-04-03 10:05:51,366 INFO src.data.preparation: Number of validation events: 734
2026-04-03 10:05:51,366 INFO src.data.preparation: Number of test events: 472
2026-04-03 10:05:51,367 INFO __main__: No resume path provided. Training will start from scratch.
2026-04-03 10:05:52,127 INFO src.train.trainer: Epoch 1
2026-04-03 10:05:52,827 INFO src.train.trainer: New best validation loss: -3.6571, saved to checkpoints/rtpp_20260403-100551/best_model_1.pth
2026-04-03 10:05:52,829 INFO src.train.trainer: Last model at epoch 1 saved to checkpoints/rtpp_20260403-100551/last_model_1.pth
2026-04-03 10:05:52,829 INFO src.train.trainer: Epoch 2
2026-04-03 10:05:52,871 INFO src.train.trainer: New best validation loss: -3.6572, saved to checkpoints/rtpp_20260403-100551/best_model_1.pth
2026-04-03 10:05:52,873 INFO src.train.trainer: Last model at epoch 2 saved to checkpoints/rtpp_20260403-100551/last_model_1.pth
2026-04-03 10:05:52,874 INFO src.train.trainer: Epoch 3
2026-04-03 10:05:52,915 INFO src.train.trainer: New best validation loss: -3.6573, saved to checkpoints/rtpp_20260403-100551/best_model_1.pth
2026-04-03 10:05:52,917 INFO src.train.trainer: Last model at epoch 3 saved to checkpoints/rtpp_20260403-100551/last_model_1.pth
2026-04-03 10:05:52,917 INFO src.train.trainer: Epoch 4
2026-04-03 10:05:52,959 INFO src.train.trainer: New best validation loss: -3.6576, saved to checkpoints/rtpp_20260403-100551/best_model_1.pth
2026-04-03 10:05:52,961 INFO src.train.trainer: Last model at epoch 4 saved to checkpoints/rtpp_20260403-100551/last_model_1.pth
2026-04-03 10:05:52,961 INFO src.train.trainer: Epoch 5
2026-04-03 10:05:53,002 INFO src.train.trainer: New best validation loss: -3.6579, saved to checkpoints/rtpp_20260403-100551/best_model_1.pth
2026-04-03 10:05:53,004 INFO src.train.trainer: Last model at epoch 5 saved to checkpoints/rtpp_20260403-100551/last_model_1.pth
2026-04-03 10:05:53,004 INFO src.train.trainer: Epoch 6
2026-04-03 10:05:53,045 INFO src.train.trainer: New best validation loss: -3.6583, saved to checkpoints/rtpp_20260403-100551/best_model_1.pth
2026-04-03 10:05:53,047 INFO src.train.trainer: Last model at epoch 6 saved to checkpoints/rtpp_20260403-100551/last_model_1.pth
2026-04-03 10:05:53,047 INFO src.train.trainer: Epoch 7
2026-04-03 10:05:53,092 INFO src.train.trainer: New best validation loss: -3.6588, saved to checkpoints/rtpp_20260403-100551/best_model_1.pth
2026-04-03 10:05:53,094 INFO src.train.trainer: Last model at epoch 7 saved to checkpoints/rtpp_20260403-100551/last_model_1.pth
2026-04-03 10:05:53,094 INFO src.train.trainer: Epoch 8
2026-04-03 10:05:53,138 INFO src.train.trainer: New best validation loss: -3.6593, saved to checkpoints/rtpp_20260403-100551/best_model_1.pth
2026-04-03 10:05:53,140 INFO src.train.trainer: Last model at epoch 8 saved to checkpoints/rtpp_20260403-100551/last_model_1.pth
2026-04-03 10:05:53,140 INFO src.train.trainer: Epoch 9
2026-04-03 10:05:53,184 INFO src.train.trainer: New best validation loss: -3.6600, saved to checkpoints/rtpp_20260403-100551/best_model_1.pth
2026-04-03 10:05:53,186 INFO src.train.trainer: Last model at epoch 9 saved to checkpoints/rtpp_20260403-100551/last_model_1.pth
2026-04-03 10:05:53,186 INFO src.train.trainer: Epoch 10
2026-04-03 10:05:53,235 INFO src.train.trainer: New best validation loss: -3.6607, saved to checkpoints/rtpp_20260403-100551/best_model_1.pth
2026-04-03 10:05:53,237 INFO src.train.trainer: Last model at epoch 10 saved to checkpoints/rtpp_20260403-100551/last_model_1.pth
2026-04-03 10:05:53,237 INFO src.train.trainer: Epoch 11
2026-04-03 10:05:53,283 INFO src.train.trainer: New best validation loss: -3.6615, saved to checkpoints/rtpp_20260403-100551/best_model_1.pth
2026-04-03 10:05:53,285 INFO src.train.trainer: Last model at epoch 11 saved to checkpoints/rtpp_20260403-100551/last_model_1.pth
2026-04-03 10:05:53,285 INFO src.train.trainer: Epoch 12
2026-04-03 10:05:53,332 INFO src.train.trainer: New best validation loss: -3.6623, saved to checkpoints/rtpp_20260403-100551/best_model_1.pth
2026-04-03 10:05:53,334 INFO src.train.trainer: Last model at epoch 12 saved to checkpoints/rtpp_20260403-100551/last_model_1.pth
2026-04-03 10:05:53,334 INFO src.train.trainer: Epoch 13
2026-04-03 10:05:53,382 INFO src.train.trainer: New best validation loss: -3.6633, saved to checkpoints/rtpp_20260403-100551/best_model_1.pth
2026-04-03 10:05:53,384 INFO src.train.trainer: Last model at epoch 13 saved to checkpoints/rtpp_20260403-100551/last_model_1.pth
2026-04-03 10:05:53,384 INFO src.train.trainer: Epoch 14
2026-04-03 10:05:53,434 INFO src.train.trainer: New best validation loss: -3.6643, saved to checkpoints/rtpp_20260403-100551/best_model_1.pth
2026-04-03 10:05:53,435 INFO src.train.trainer: Last model at epoch 14 saved to checkpoints/rtpp_20260403-100551/last_model_1.pth
2026-04-03 10:05:53,436 INFO src.train.trainer: Epoch 15
2026-04-03 10:05:53,486 INFO src.train.trainer: New best validation loss: -3.6654, saved to checkpoints/rtpp_20260403-100551/best_model_1.pth
2026-04-03 10:05:53,488 INFO src.train.trainer: Last model at epoch 15 saved to checkpoints/rtpp_20260403-100551/last_model_1.pth
2026-04-03 10:05:53,488 INFO src.train.trainer: Epoch 16
2026-04-03 10:05:53,540 INFO src.train.trainer: New best validation loss: -3.6665, saved to checkpoints/rtpp_20260403-100551/best_model_1.pth
2026-04-03 10:05:53,542 INFO src.train.trainer: Last model at epoch 16 saved to checkpoints/rtpp_20260403-100551/last_model_1.pth
2026-04-03 10:05:53,542 INFO src.train.trainer: Epoch 17
2026-04-03 10:05:53,594 INFO src.train.trainer: New best validation loss: -3.6678, saved to checkpoints/rtpp_20260403-100551/best_model_1.pth
2026-04-03 10:05:53,596 INFO src.train.trainer: Last model at epoch 17 saved to checkpoints/rtpp_20260403-100551/last_model_1.pth
2026-04-03 10:05:53,596 INFO src.train.trainer: Epoch 18
2026-04-03 10:05:53,646 INFO src.train.trainer: New best validation loss: -3.6691, saved to checkpoints/rtpp_20260403-100551/best_model_1.pth
2026-04-03 10:05:53,648 INFO src.train.trainer: Last model at epoch 18 saved to checkpoints/rtpp_20260403-100551/last_model_1.pth
2026-04-03 10:05:53,648 INFO src.train.trainer: Epoch 19
2026-04-03 10:05:53,699 INFO src.train.trainer: New best validation loss: -3.6705, saved to checkpoints/rtpp_20260403-100551/best_model_1.pth
2026-04-03 10:05:53,701 INFO src.train.trainer: Last model at epoch 19 saved to checkpoints/rtpp_20260403-100551/last_model_1.pth
2026-04-03 10:05:53,701 INFO src.train.trainer: Epoch 20
2026-04-03 10:05:53,753 INFO src.train.trainer: New best validation loss: -3.6720, saved to checkpoints/rtpp_20260403-100551/best_model_1.pth
2026-04-03 10:05:53,755 INFO src.train.trainer: Last model at epoch 20 saved to checkpoints/rtpp_20260403-100551/last_model_1.pth
2026-04-03 10:05:53,755 INFO src.train.trainer: Epoch 21
2026-04-03 10:05:53,808 INFO src.train.trainer: New best validation loss: -3.6736, saved to checkpoints/rtpp_20260403-100551/best_model_1.pth
2026-04-03 10:05:53,810 INFO src.train.trainer: Last model at epoch 21 saved to checkpoints/rtpp_20260403-100551/last_model_1.pth
2026-04-03 10:05:53,810 INFO src.train.trainer: Epoch 22
2026-04-03 10:05:53,863 INFO src.train.trainer: New best validation loss: -3.6753, saved to checkpoints/rtpp_20260403-100551/best_model_1.pth
2026-04-03 10:05:53,865 INFO src.train.trainer: Last model at epoch 22 saved to checkpoints/rtpp_20260403-100551/last_model_1.pth
2026-04-03 10:05:53,865 INFO src.train.trainer: Epoch 23
2026-04-03 10:05:53,918 INFO src.train.trainer: New best validation loss: -3.6770, saved to checkpoints/rtpp_20260403-100551/best_model_1.pth
2026-04-03 10:05:53,920 INFO src.train.trainer: Last model at epoch 23 saved to checkpoints/rtpp_20260403-100551/last_model_1.pth
2026-04-03 10:05:53,920 INFO src.train.trainer: Epoch 24
2026-04-03 10:05:53,975 INFO src.train.trainer: New best validation loss: -3.6788, saved to checkpoints/rtpp_20260403-100551/best_model_1.pth
2026-04-03 10:05:53,977 INFO src.train.trainer: Last model at epoch 24 saved to checkpoints/rtpp_20260403-100551/last_model_1.pth
2026-04-03 10:05:53,977 INFO src.train.trainer: Epoch 25
2026-04-03 10:05:54,031 INFO src.train.trainer: New best validation loss: -3.6808, saved to checkpoints/rtpp_20260403-100551/best_model_1.pth
2026-04-03 10:05:54,033 INFO src.train.trainer: Last model at epoch 25 saved to checkpoints/rtpp_20260403-100551/last_model_1.pth
2026-04-03 10:05:54,033 INFO src.train.trainer: Epoch 26
2026-04-03 10:05:54,088 INFO src.train.trainer: New best validation loss: -3.6828, saved to checkpoints/rtpp_20260403-100551/best_model_1.pth
2026-04-03 10:05:54,089 INFO src.train.trainer: Last model at epoch 26 saved to checkpoints/rtpp_20260403-100551/last_model_1.pth
2026-04-03 10:05:54,089 INFO src.train.trainer: Epoch 27
2026-04-03 10:05:54,144 INFO src.train.trainer: New best validation loss: -3.6849, saved to checkpoints/rtpp_20260403-100551/best_model_1.pth
2026-04-03 10:05:54,146 INFO src.train.trainer: Last model at epoch 27 saved to checkpoints/rtpp_20260403-100551/last_model_1.pth
2026-04-03 10:05:54,146 INFO src.train.trainer: Epoch 28
2026-04-03 10:05:54,200 INFO src.train.trainer: New best validation loss: -3.6870, saved to checkpoints/rtpp_20260403-100551/best_model_1.pth
2026-04-03 10:05:54,202 INFO src.train.trainer: Last model at epoch 28 saved to checkpoints/rtpp_20260403-100551/last_model_1.pth
2026-04-03 10:05:54,202 INFO src.train.trainer: Epoch 29
2026-04-03 10:05:54,257 INFO src.train.trainer: New best validation loss: -3.6893, saved to checkpoints/rtpp_20260403-100551/best_model_1.pth
2026-04-03 10:05:54,259 INFO src.train.trainer: Last model at epoch 29 saved to checkpoints/rtpp_20260403-100551/last_model_1.pth
2026-04-03 10:05:54,259 INFO src.train.trainer: Epoch 30
2026-04-03 10:05:54,314 INFO src.train.trainer: New best validation loss: -3.6917, saved to checkpoints/rtpp_20260403-100551/best_model_1.pth
2026-04-03 10:05:54,316 INFO src.train.trainer: Last model at epoch 30 saved to checkpoints/rtpp_20260403-100551/last_model_1.pth
2026-04-03 10:05:54,316 INFO src.train.trainer: Epoch 31
2026-04-03 10:05:54,371 INFO src.train.trainer: New best validation loss: -3.6942, saved to checkpoints/rtpp_20260403-100551/best_model_1.pth
2026-04-03 10:05:54,373 INFO src.train.trainer: Last model at epoch 31 saved to checkpoints/rtpp_20260403-100551/last_model_1.pth
2026-04-03 10:05:54,373 INFO src.train.trainer: Epoch 32
2026-04-03 10:05:54,428 INFO src.train.trainer: New best validation loss: -3.6968, saved to checkpoints/rtpp_20260403-100551/best_model_1.pth
2026-04-03 10:05:54,430 INFO src.train.trainer: Last model at epoch 32 saved to checkpoints/rtpp_20260403-100551/last_model_1.pth
2026-04-03 10:05:54,430 INFO src.train.trainer: Epoch 33
2026-04-03 10:05:54,484 INFO src.train.trainer: New best validation loss: -3.6995, saved to checkpoints/rtpp_20260403-100551/best_model_1.pth
2026-04-03 10:05:54,486 INFO src.train.trainer: Last model at epoch 33 saved to checkpoints/rtpp_20260403-100551/last_model_1.pth
2026-04-03 10:05:54,486 INFO src.train.trainer: Epoch 34
2026-04-03 10:05:54,542 INFO src.train.trainer: New best validation loss: -3.7024, saved to checkpoints/rtpp_20260403-100551/best_model_1.pth
2026-04-03 10:05:54,544 INFO src.train.trainer: Last model at epoch 34 saved to checkpoints/rtpp_20260403-100551/last_model_1.pth
2026-04-03 10:05:54,544 INFO src.train.trainer: Epoch 35
2026-04-03 10:05:54,599 INFO src.train.trainer: New best validation loss: -3.7053, saved to checkpoints/rtpp_20260403-100551/best_model_1.pth
2026-04-03 10:05:54,601 INFO src.train.trainer: Last model at epoch 35 saved to checkpoints/rtpp_20260403-100551/last_model_1.pth
2026-04-03 10:05:54,601 INFO src.train.trainer: Epoch 36
2026-04-03 10:05:54,656 INFO src.train.trainer: New best validation loss: -3.7084, saved to checkpoints/rtpp_20260403-100551/best_model_1.pth
2026-04-03 10:05:54,658 INFO src.train.trainer: Last model at epoch 36 saved to checkpoints/rtpp_20260403-100551/last_model_1.pth
2026-04-03 10:05:54,658 INFO src.train.trainer: Epoch 37
2026-04-03 10:05:54,713 INFO src.train.trainer: New best validation loss: -3.7116, saved to checkpoints/rtpp_20260403-100551/best_model_1.pth
2026-04-03 10:05:54,715 INFO src.train.trainer: Last model at epoch 37 saved to checkpoints/rtpp_20260403-100551/last_model_1.pth
2026-04-03 10:05:54,715 INFO src.train.trainer: Epoch 38
2026-04-03 10:05:54,770 INFO src.train.trainer: New best validation loss: -3.7149, saved to checkpoints/rtpp_20260403-100551/best_model_1.pth
2026-04-03 10:05:54,772 INFO src.train.trainer: Last model at epoch 38 saved to checkpoints/rtpp_20260403-100551/last_model_1.pth
2026-04-03 10:05:54,772 INFO src.train.trainer: Epoch 39
2026-04-03 10:05:54,826 INFO src.train.trainer: New best validation loss: -3.7184, saved to checkpoints/rtpp_20260403-100551/best_model_1.pth
2026-04-03 10:05:54,828 INFO src.train.trainer: Last model at epoch 39 saved to checkpoints/rtpp_20260403-100551/last_model_1.pth
2026-04-03 10:05:54,828 INFO src.train.trainer: Epoch 40
2026-04-03 10:05:54,885 INFO src.train.trainer: New best validation loss: -3.7221, saved to checkpoints/rtpp_20260403-100551/best_model_1.pth
2026-04-03 10:05:54,887 INFO src.train.trainer: Last model at epoch 40 saved to checkpoints/rtpp_20260403-100551/last_model_1.pth
2026-04-03 10:05:54,887 INFO src.train.trainer: Epoch 41
2026-04-03 10:05:54,947 INFO src.train.trainer: New best validation loss: -3.7259, saved to checkpoints/rtpp_20260403-100551/best_model_1.pth
2026-04-03 10:05:54,949 INFO src.train.trainer: Last model at epoch 41 saved to checkpoints/rtpp_20260403-100551/last_model_1.pth
2026-04-03 10:05:54,949 INFO src.train.trainer: Epoch 42
2026-04-03 10:05:55,011 INFO src.train.trainer: New best validation loss: -3.7299, saved to checkpoints/rtpp_20260403-100551/best_model_1.pth
2026-04-03 10:05:55,013 INFO src.train.trainer: Last model at epoch 42 saved to checkpoints/rtpp_20260403-100551/last_model_1.pth
2026-04-03 10:05:55,013 INFO src.train.trainer: Epoch 43
2026-04-03 10:05:55,075 INFO src.train.trainer: New best validation loss: -3.7340, saved to checkpoints/rtpp_20260403-100551/best_model_1.pth
2026-04-03 10:05:55,078 INFO src.train.trainer: Last model at epoch 43 saved to checkpoints/rtpp_20260403-100551/last_model_1.pth
2026-04-03 10:05:55,078 INFO src.train.trainer: Epoch 44
2026-04-03 10:05:55,139 INFO src.train.trainer: New best validation loss: -3.7384, saved to checkpoints/rtpp_20260403-100551/best_model_1.pth
2026-04-03 10:05:55,141 INFO src.train.trainer: Last model at epoch 44 saved to checkpoints/rtpp_20260403-100551/last_model_1.pth
2026-04-03 10:05:55,141 INFO src.train.trainer: Epoch 45
2026-04-03 10:05:55,200 INFO src.train.trainer: New best validation loss: -3.7429, saved to checkpoints/rtpp_20260403-100551/best_model_1.pth
2026-04-03 10:05:55,202 INFO src.train.trainer: Last model at epoch 45 saved to checkpoints/rtpp_20260403-100551/last_model_1.pth
2026-04-03 10:05:55,202 INFO src.train.trainer: Epoch 46
2026-04-03 10:05:55,263 INFO src.train.trainer: New best validation loss: -3.7477, saved to checkpoints/rtpp_20260403-100551/best_model_1.pth
2026-04-03 10:05:55,265 INFO src.train.trainer: Last model at epoch 46 saved to checkpoints/rtpp_20260403-100551/last_model_1.pth
2026-04-03 10:05:55,265 INFO src.train.trainer: Epoch 47
2026-04-03 10:05:55,413 INFO src.train.trainer: New best validation loss: -3.7527, saved to checkpoints/rtpp_20260403-100551/best_model_1.pth
2026-04-03 10:05:55,415 INFO src.train.trainer: Last model at epoch 47 saved to checkpoints/rtpp_20260403-100551/last_model_1.pth
2026-04-03 10:05:55,415 INFO src.train.trainer: Epoch 48
2026-04-03 10:05:55,480 INFO src.train.trainer: New best validation loss: -3.7579, saved to checkpoints/rtpp_20260403-100551/best_model_1.pth
2026-04-03 10:05:55,482 INFO src.train.trainer: Last model at epoch 48 saved to checkpoints/rtpp_20260403-100551/last_model_1.pth
2026-04-03 10:05:55,482 INFO src.train.trainer: Epoch 49
2026-04-03 10:05:55,530 INFO src.train.trainer: New best validation loss: -3.7634, saved to checkpoints/rtpp_20260403-100551/best_model_1.pth
2026-04-03 10:05:55,532 INFO src.train.trainer: Last model at epoch 49 saved to checkpoints/rtpp_20260403-100551/last_model_1.pth
2026-04-03 10:05:55,532 INFO src.train.trainer: Epoch 50
2026-04-03 10:05:55,574 INFO src.train.trainer: New best validation loss: -3.7691, saved to checkpoints/rtpp_20260403-100551/best_model_1.pth
2026-04-03 10:05:55,576 INFO src.train.trainer: Last model at epoch 50 saved to checkpoints/rtpp_20260403-100551/last_model_1.pth
2026-04-03 10:05:55,576 INFO src.train.trainer: Epoch 51
2026-04-03 10:05:55,617 INFO src.train.trainer: New best validation loss: -3.7752, saved to checkpoints/rtpp_20260403-100551/best_model_1.pth
2026-04-03 10:05:55,619 INFO src.train.trainer: Last model at epoch 51 saved to checkpoints/rtpp_20260403-100551/last_model_1.pth
2026-04-03 10:05:55,619 INFO src.train.trainer: Epoch 52
2026-04-03 10:05:55,662 INFO src.train.trainer: New best validation loss: -3.7816, saved to checkpoints/rtpp_20260403-100551/best_model_1.pth
2026-04-03 10:05:55,664 INFO src.train.trainer: Last model at epoch 52 saved to checkpoints/rtpp_20260403-100551/last_model_1.pth
2026-04-03 10:05:55,664 INFO src.train.trainer: Epoch 53
2026-04-03 10:05:55,703 INFO src.train.trainer: New best validation loss: -3.7883, saved to checkpoints/rtpp_20260403-100551/best_model_1.pth
2026-04-03 10:05:55,705 INFO src.train.trainer: Last model at epoch 53 saved to checkpoints/rtpp_20260403-100551/last_model_1.pth
2026-04-03 10:05:55,705 INFO src.train.trainer: Epoch 54
2026-04-03 10:05:55,751 INFO src.train.trainer: New best validation loss: -3.7954, saved to checkpoints/rtpp_20260403-100551/best_model_1.pth
2026-04-03 10:05:55,754 INFO src.train.trainer: Last model at epoch 54 saved to checkpoints/rtpp_20260403-100551/last_model_1.pth
2026-04-03 10:05:55,754 INFO src.train.trainer: Epoch 55
2026-04-03 10:05:55,801 INFO src.train.trainer: New best validation loss: -3.8029, saved to checkpoints/rtpp_20260403-100551/best_model_1.pth
2026-04-03 10:05:55,803 INFO src.train.trainer: Last model at epoch 55 saved to checkpoints/rtpp_20260403-100551/last_model_1.pth
2026-04-03 10:05:55,803 INFO src.train.trainer: Epoch 56
2026-04-03 10:05:55,853 INFO src.train.trainer: New best validation loss: -3.8108, saved to checkpoints/rtpp_20260403-100551/best_model_1.pth
2026-04-03 10:05:55,854 INFO src.train.trainer: Last model at epoch 56 saved to checkpoints/rtpp_20260403-100551/last_model_1.pth
2026-04-03 10:05:55,854 INFO src.train.trainer: Epoch 57
2026-04-03 10:05:55,976 INFO src.train.trainer: New best validation loss: -3.8192, saved to checkpoints/rtpp_20260403-100551/best_model_1.pth
2026-04-03 10:05:55,980 INFO src.train.trainer: Last model at epoch 57 saved to checkpoints/rtpp_20260403-100551/last_model_1.pth
2026-04-03 10:05:55,980 INFO src.train.trainer: Epoch 58
2026-04-03 10:05:56,326 INFO src.train.trainer: New best validation loss: -3.8281, saved to checkpoints/rtpp_20260403-100551/best_model_1.pth
2026-04-03 10:05:56,329 INFO src.train.trainer: Last model at epoch 58 saved to checkpoints/rtpp_20260403-100551/last_model_1.pth
2026-04-03 10:05:56,329 INFO src.train.trainer: Epoch 59
2026-04-03 10:05:57,025 INFO src.train.trainer: New best validation loss: -3.8375, saved to checkpoints/rtpp_20260403-100551/best_model_1.pth
2026-04-03 10:05:57,028 INFO src.train.trainer: Last model at epoch 59 saved to checkpoints/rtpp_20260403-100551/last_model_1.pth
2026-04-03 10:05:57,028 INFO src.train.trainer: Epoch 60
2026-04-03 10:05:57,884 INFO src.train.trainer: New best validation loss: -3.8476, saved to checkpoints/rtpp_20260403-100551/best_model_1.pth
2026-04-03 10:05:57,886 INFO src.train.trainer: Last model at epoch 60 saved to checkpoints/rtpp_20260403-100551/last_model_1.pth
2026-04-03 10:05:57,886 INFO src.train.trainer: Epoch 61
2026-04-03 10:05:58,601 INFO src.train.trainer: New best validation loss: -3.8583, saved to checkpoints/rtpp_20260403-100551/best_model_1.pth
2026-04-03 10:05:58,604 INFO src.train.trainer: Last model at epoch 61 saved to checkpoints/rtpp_20260403-100551/last_model_1.pth
2026-04-03 10:05:58,605 INFO src.train.trainer: Epoch 62
2026-04-03 10:05:59,392 INFO src.train.trainer: New best validation loss: -3.8698, saved to checkpoints/rtpp_20260403-100551/best_model_1.pth
2026-04-03 10:05:59,395 INFO src.train.trainer: Last model at epoch 62 saved to checkpoints/rtpp_20260403-100551/last_model_1.pth
2026-04-03 10:05:59,395 INFO src.train.trainer: Epoch 63
2026-04-03 10:05:59,848 INFO src.train.trainer: New best validation loss: -3.8820, saved to checkpoints/rtpp_20260403-100551/best_model_1.pth
2026-04-03 10:05:59,855 INFO src.train.trainer: Last model at epoch 63 saved to checkpoints/rtpp_20260403-100551/last_model_1.pth
2026-04-03 10:05:59,855 INFO src.train.trainer: Epoch 64
2026-04-03 10:06:00,223 INFO src.train.trainer: New best validation loss: -3.8951, saved to checkpoints/rtpp_20260403-100551/best_model_1.pth
2026-04-03 10:06:00,228 INFO src.train.trainer: Last model at epoch 64 saved to checkpoints/rtpp_20260403-100551/last_model_1.pth
2026-04-03 10:06:00,228 INFO src.train.trainer: Epoch 65
2026-04-03 10:06:00,762 INFO src.train.trainer: New best validation loss: -3.9092, saved to checkpoints/rtpp_20260403-100551/best_model_1.pth
2026-04-03 10:06:00,863 INFO src.train.trainer: Last model at epoch 65 saved to checkpoints/rtpp_20260403-100551/last_model_1.pth
2026-04-03 10:06:00,863 INFO src.train.trainer: Epoch 66
2026-04-03 10:06:01,598 INFO src.train.trainer: New best validation loss: -3.9242, saved to checkpoints/rtpp_20260403-100551/best_model_1.pth
2026-04-03 10:06:01,608 INFO src.train.trainer: Last model at epoch 66 saved to checkpoints/rtpp_20260403-100551/last_model_1.pth
2026-04-03 10:06:01,608 INFO src.train.trainer: Epoch 67
2026-04-03 10:06:02,546 INFO src.train.trainer: New best validation loss: -3.9404, saved to checkpoints/rtpp_20260403-100551/best_model_1.pth
2026-04-03 10:06:02,552 INFO src.train.trainer: Last model at epoch 67 saved to checkpoints/rtpp_20260403-100551/last_model_1.pth
2026-04-03 10:06:02,552 INFO src.train.trainer: Epoch 68
2026-04-03 10:06:03,373 INFO src.train.trainer: New best validation loss: -3.9578, saved to checkpoints/rtpp_20260403-100551/best_model_1.pth
2026-04-03 10:06:03,379 INFO src.train.trainer: Last model at epoch 68 saved to checkpoints/rtpp_20260403-100551/last_model_1.pth
2026-04-03 10:06:03,379 INFO src.train.trainer: Epoch 69
2026-04-03 10:06:04,171 INFO src.train.trainer: New best validation loss: -3.9765, saved to checkpoints/rtpp_20260403-100551/best_model_1.pth
2026-04-03 10:06:04,176 INFO src.train.trainer: Last model at epoch 69 saved to checkpoints/rtpp_20260403-100551/last_model_1.pth
2026-04-03 10:06:04,176 INFO src.train.trainer: Epoch 70
2026-04-03 10:06:05,010 INFO src.train.trainer: New best validation loss: -3.9965, saved to checkpoints/rtpp_20260403-100551/best_model_1.pth
2026-04-03 10:06:05,013 INFO src.train.trainer: Last model at epoch 70 saved to checkpoints/rtpp_20260403-100551/last_model_1.pth
2026-04-03 10:06:05,014 INFO src.train.trainer: Epoch 71
2026-04-03 10:06:05,843 INFO src.train.trainer: New best validation loss: -4.0180, saved to checkpoints/rtpp_20260403-100551/best_model_1.pth
2026-04-03 10:06:05,848 INFO src.train.trainer: Last model at epoch 71 saved to checkpoints/rtpp_20260403-100551/last_model_1.pth
2026-04-03 10:06:05,849 INFO src.train.trainer: Epoch 72
2026-04-03 10:06:06,657 INFO src.train.trainer: New best validation loss: -4.0409, saved to checkpoints/rtpp_20260403-100551/best_model_1.pth
2026-04-03 10:06:06,661 INFO src.train.trainer: Last model at epoch 72 saved to checkpoints/rtpp_20260403-100551/last_model_1.pth
2026-04-03 10:06:06,662 INFO src.train.trainer: Epoch 73
2026-04-03 10:06:07,536 INFO src.train.trainer: New best validation loss: -4.0653, saved to checkpoints/rtpp_20260403-100551/best_model_1.pth
2026-04-03 10:06:07,541 INFO src.train.trainer: Last model at epoch 73 saved to checkpoints/rtpp_20260403-100551/last_model_1.pth
2026-04-03 10:06:07,541 INFO src.train.trainer: Epoch 74
2026-04-03 10:06:08,242 INFO src.train.trainer: New best validation loss: -4.0911, saved to checkpoints/rtpp_20260403-100551/best_model_1.pth
2026-04-03 10:06:08,245 INFO src.train.trainer: Last model at epoch 74 saved to checkpoints/rtpp_20260403-100551/last_model_1.pth
2026-04-03 10:06:08,245 INFO src.train.trainer: Epoch 75
2026-04-03 10:06:08,871 INFO src.train.trainer: New best validation loss: -4.1181, saved to checkpoints/rtpp_20260403-100551/best_model_1.pth
2026-04-03 10:06:08,874 INFO src.train.trainer: Last model at epoch 75 saved to checkpoints/rtpp_20260403-100551/last_model_1.pth
2026-04-03 10:06:08,874 INFO src.train.trainer: Epoch 76
2026-04-03 10:06:09,364 INFO src.train.trainer: New best validation loss: -4.1459, saved to checkpoints/rtpp_20260403-100551/best_model_1.pth
2026-04-03 10:06:09,370 INFO src.train.trainer: Last model at epoch 76 saved to checkpoints/rtpp_20260403-100551/last_model_1.pth
2026-04-03 10:06:09,370 INFO src.train.trainer: Epoch 77
2026-04-03 10:06:09,856 INFO src.train.trainer: New best validation loss: -4.1742, saved to checkpoints/rtpp_20260403-100551/best_model_1.pth
2026-04-03 10:06:09,860 INFO src.train.trainer: Last model at epoch 77 saved to checkpoints/rtpp_20260403-100551/last_model_1.pth
2026-04-03 10:06:09,860 INFO src.train.trainer: Epoch 78
2026-04-03 10:06:10,265 INFO src.train.trainer: New best validation loss: -4.2024, saved to checkpoints/rtpp_20260403-100551/best_model_1.pth
2026-04-03 10:06:10,267 INFO src.train.trainer: Last model at epoch 78 saved to checkpoints/rtpp_20260403-100551/last_model_1.pth
2026-04-03 10:06:10,268 INFO src.train.trainer: Epoch 79
2026-04-03 10:06:10,600 INFO src.train.trainer: New best validation loss: -4.2298, saved to checkpoints/rtpp_20260403-100551/best_model_1.pth
2026-04-03 10:06:10,604 INFO src.train.trainer: Last model at epoch 79 saved to checkpoints/rtpp_20260403-100551/last_model_1.pth
2026-04-03 10:06:10,604 INFO src.train.trainer: Epoch 80
2026-04-03 10:06:10,743 INFO src.train.trainer: New best validation loss: -4.2554, saved to checkpoints/rtpp_20260403-100551/best_model_1.pth
2026-04-03 10:06:10,746 INFO src.train.trainer: Last model at epoch 80 saved to checkpoints/rtpp_20260403-100551/last_model_1.pth
2026-04-03 10:06:10,746 INFO src.train.trainer: Epoch 81
2026-04-03 10:06:10,824 INFO src.train.trainer: New best validation loss: -4.2787, saved to checkpoints/rtpp_20260403-100551/best_model_1.pth
2026-04-03 10:06:10,827 INFO src.train.trainer: Last model at epoch 81 saved to checkpoints/rtpp_20260403-100551/last_model_1.pth
2026-04-03 10:06:10,827 INFO src.train.trainer: Epoch 82
2026-04-03 10:06:10,898 INFO src.train.trainer: New best validation loss: -4.2989, saved to checkpoints/rtpp_20260403-100551/best_model_1.pth
2026-04-03 10:06:10,901 INFO src.train.trainer: Last model at epoch 82 saved to checkpoints/rtpp_20260403-100551/last_model_1.pth
2026-04-03 10:06:10,901 INFO src.train.trainer: Epoch 83
2026-04-03 10:06:10,970 INFO src.train.trainer: New best validation loss: -4.3159, saved to checkpoints/rtpp_20260403-100551/best_model_1.pth
2026-04-03 10:06:10,975 INFO src.train.trainer: Last model at epoch 83 saved to checkpoints/rtpp_20260403-100551/last_model_1.pth
2026-04-03 10:06:10,975 INFO src.train.trainer: Epoch 84
2026-04-03 10:06:11,046 INFO src.train.trainer: New best validation loss: -4.3298, saved to checkpoints/rtpp_20260403-100551/best_model_1.pth
2026-04-03 10:06:11,048 INFO src.train.trainer: Last model at epoch 84 saved to checkpoints/rtpp_20260403-100551/last_model_1.pth
2026-04-03 10:06:11,048 INFO src.train.trainer: Epoch 85
2026-04-03 10:06:11,115 INFO src.train.trainer: New best validation loss: -4.3413, saved to checkpoints/rtpp_20260403-100551/best_model_1.pth
2026-04-03 10:06:11,118 INFO src.train.trainer: Last model at epoch 85 saved to checkpoints/rtpp_20260403-100551/last_model_1.pth
2026-04-03 10:06:11,118 INFO src.train.trainer: Epoch 86
2026-04-03 10:06:11,187 INFO src.train.trainer: New best validation loss: -4.3510, saved to checkpoints/rtpp_20260403-100551/best_model_1.pth
2026-04-03 10:06:11,190 INFO src.train.trainer: Last model at epoch 86 saved to checkpoints/rtpp_20260403-100551/last_model_1.pth
2026-04-03 10:06:11,190 INFO src.train.trainer: Epoch 87
2026-04-03 10:06:11,262 INFO src.train.trainer: New best validation loss: -4.3594, saved to checkpoints/rtpp_20260403-100551/best_model_1.pth
2026-04-03 10:06:11,265 INFO src.train.trainer: Last model at epoch 87 saved to checkpoints/rtpp_20260403-100551/last_model_1.pth
2026-04-03 10:06:11,265 INFO src.train.trainer: Epoch 88
2026-04-03 10:06:11,334 INFO src.train.trainer: New best validation loss: -4.3669, saved to checkpoints/rtpp_20260403-100551/best_model_1.pth
2026-04-03 10:06:11,336 INFO src.train.trainer: Last model at epoch 88 saved to checkpoints/rtpp_20260403-100551/last_model_1.pth
2026-04-03 10:06:11,336 INFO src.train.trainer: Epoch 89
2026-04-03 10:06:11,403 INFO src.train.trainer: New best validation loss: -4.3736, saved to checkpoints/rtpp_20260403-100551/best_model_1.pth
2026-04-03 10:06:11,406 INFO src.train.trainer: Last model at epoch 89 saved to checkpoints/rtpp_20260403-100551/last_model_1.pth
2026-04-03 10:06:11,406 INFO src.train.trainer: Epoch 90
2026-04-03 10:06:11,471 INFO src.train.trainer: New best validation loss: -4.3795, saved to checkpoints/rtpp_20260403-100551/best_model_1.pth
2026-04-03 10:06:11,473 INFO src.train.trainer: Last model at epoch 90 saved to checkpoints/rtpp_20260403-100551/last_model_1.pth
2026-04-03 10:06:11,473 INFO src.train.trainer: Epoch 91
2026-04-03 10:06:11,536 INFO src.train.trainer: New best validation loss: -4.3845, saved to checkpoints/rtpp_20260403-100551/best_model_1.pth
2026-04-03 10:06:11,539 INFO src.train.trainer: Last model at epoch 91 saved to checkpoints/rtpp_20260403-100551/last_model_1.pth
2026-04-03 10:06:11,539 INFO src.train.trainer: Epoch 92
2026-04-03 10:06:11,603 INFO src.train.trainer: New best validation loss: -4.3887, saved to checkpoints/rtpp_20260403-100551/best_model_1.pth
2026-04-03 10:06:11,605 INFO src.train.trainer: Last model at epoch 92 saved to checkpoints/rtpp_20260403-100551/last_model_1.pth
2026-04-03 10:06:11,606 INFO src.train.trainer: Epoch 93
2026-04-03 10:06:11,674 INFO src.train.trainer: New best validation loss: -4.3921, saved to checkpoints/rtpp_20260403-100551/best_model_1.pth
2026-04-03 10:06:11,676 INFO src.train.trainer: Last model at epoch 93 saved to checkpoints/rtpp_20260403-100551/last_model_1.pth
2026-04-03 10:06:11,676 INFO src.train.trainer: Epoch 94
2026-04-03 10:06:11,741 INFO src.train.trainer: New best validation loss: -4.3948, saved to checkpoints/rtpp_20260403-100551/best_model_1.pth
2026-04-03 10:06:11,744 INFO src.train.trainer: Last model at epoch 94 saved to checkpoints/rtpp_20260403-100551/last_model_1.pth
2026-04-03 10:06:11,744 INFO src.train.trainer: Epoch 95
2026-04-03 10:06:11,810 INFO src.train.trainer: New best validation loss: -4.3968, saved to checkpoints/rtpp_20260403-100551/best_model_1.pth
2026-04-03 10:06:11,813 INFO src.train.trainer: Last model at epoch 95 saved to checkpoints/rtpp_20260403-100551/last_model_1.pth
2026-04-03 10:06:11,813 INFO src.train.trainer: Epoch 96
2026-04-03 10:06:11,878 INFO src.train.trainer: New best validation loss: -4.3984, saved to checkpoints/rtpp_20260403-100551/best_model_1.pth
2026-04-03 10:06:11,880 INFO src.train.trainer: Last model at epoch 96 saved to checkpoints/rtpp_20260403-100551/last_model_1.pth
2026-04-03 10:06:11,880 INFO src.train.trainer: Epoch 97
2026-04-03 10:06:11,949 INFO src.train.trainer: New best validation loss: -4.3999, saved to checkpoints/rtpp_20260403-100551/best_model_1.pth
2026-04-03 10:06:11,951 INFO src.train.trainer: Last model at epoch 97 saved to checkpoints/rtpp_20260403-100551/last_model_1.pth
2026-04-03 10:06:11,951 INFO src.train.trainer: Epoch 98
2026-04-03 10:06:12,016 INFO src.train.trainer: New best validation loss: -4.4015, saved to checkpoints/rtpp_20260403-100551/best_model_1.pth
2026-04-03 10:06:12,018 INFO src.train.trainer: Last model at epoch 98 saved to checkpoints/rtpp_20260403-100551/last_model_1.pth
2026-04-03 10:06:12,018 INFO src.train.trainer: Epoch 99
2026-04-03 10:06:12,084 INFO src.train.trainer: New best validation loss: -4.4035, saved to checkpoints/rtpp_20260403-100551/best_model_1.pth
2026-04-03 10:06:12,086 INFO src.train.trainer: Last model at epoch 99 saved to checkpoints/rtpp_20260403-100551/last_model_1.pth
2026-04-03 10:06:12,087 INFO src.train.trainer: Epoch 100
2026-04-03 10:06:12,156 INFO src.train.trainer: New best validation loss: -4.4060, saved to checkpoints/rtpp_20260403-100551/best_model_1.pth
2026-04-03 10:06:12,158 INFO src.train.trainer: Last model at epoch 100 saved to checkpoints/rtpp_20260403-100551/last_model_1.pth
2026-04-03 10:06:12,158 INFO src.train.trainer: Epoch 101
2026-04-03 10:06:12,230 INFO src.train.trainer: New best validation loss: -4.4092, saved to checkpoints/rtpp_20260403-100551/best_model_1.pth
2026-04-03 10:06:12,232 INFO src.train.trainer: Last model at epoch 101 saved to checkpoints/rtpp_20260403-100551/last_model_1.pth
2026-04-03 10:06:12,232 INFO src.train.trainer: Epoch 102
2026-04-03 10:06:12,299 INFO src.train.trainer: New best validation loss: -4.4132, saved to checkpoints/rtpp_20260403-100551/best_model_1.pth
2026-04-03 10:06:12,301 INFO src.train.trainer: Last model at epoch 102 saved to checkpoints/rtpp_20260403-100551/last_model_1.pth
2026-04-03 10:06:12,301 INFO src.train.trainer: Epoch 103
2026-04-03 10:06:12,369 INFO src.train.trainer: New best validation loss: -4.4181, saved to checkpoints/rtpp_20260403-100551/best_model_1.pth
2026-04-03 10:06:12,371 INFO src.train.trainer: Last model at epoch 103 saved to checkpoints/rtpp_20260403-100551/last_model_1.pth
2026-04-03 10:06:12,371 INFO src.train.trainer: Epoch 104
2026-04-03 10:06:12,440 INFO src.train.trainer: New best validation loss: -4.4237, saved to checkpoints/rtpp_20260403-100551/best_model_1.pth
2026-04-03 10:06:12,442 INFO src.train.trainer: Last model at epoch 104 saved to checkpoints/rtpp_20260403-100551/last_model_1.pth
2026-04-03 10:06:12,442 INFO src.train.trainer: Epoch 105
2026-04-03 10:06:12,517 INFO src.train.trainer: New best validation loss: -4.4300, saved to checkpoints/rtpp_20260403-100551/best_model_1.pth
2026-04-03 10:06:12,519 INFO src.train.trainer: Last model at epoch 105 saved to checkpoints/rtpp_20260403-100551/last_model_1.pth
2026-04-03 10:06:12,519 INFO src.train.trainer: Epoch 106
2026-04-03 10:06:12,583 INFO src.train.trainer: New best validation loss: -4.4370, saved to checkpoints/rtpp_20260403-100551/best_model_1.pth
2026-04-03 10:06:12,586 INFO src.train.trainer: Last model at epoch 106 saved to checkpoints/rtpp_20260403-100551/last_model_1.pth
2026-04-03 10:06:12,586 INFO src.train.trainer: Epoch 107
2026-04-03 10:06:12,654 INFO src.train.trainer: New best validation loss: -4.4445, saved to checkpoints/rtpp_20260403-100551/best_model_1.pth
2026-04-03 10:06:12,656 INFO src.train.trainer: Last model at epoch 107 saved to checkpoints/rtpp_20260403-100551/last_model_1.pth
2026-04-03 10:06:12,657 INFO src.train.trainer: Epoch 108
2026-04-03 10:06:12,728 INFO src.train.trainer: New best validation loss: -4.4524, saved to checkpoints/rtpp_20260403-100551/best_model_1.pth
2026-04-03 10:06:12,731 INFO src.train.trainer: Last model at epoch 108 saved to checkpoints/rtpp_20260403-100551/last_model_1.pth
2026-04-03 10:06:12,731 INFO src.train.trainer: Epoch 109
2026-04-03 10:06:12,799 INFO src.train.trainer: New best validation loss: -4.4607, saved to checkpoints/rtpp_20260403-100551/best_model_1.pth
2026-04-03 10:06:12,802 INFO src.train.trainer: Last model at epoch 109 saved to checkpoints/rtpp_20260403-100551/last_model_1.pth
2026-04-03 10:06:12,802 INFO src.train.trainer: Epoch 110
2026-04-03 10:06:12,870 INFO src.train.trainer: New best validation loss: -4.4690, saved to checkpoints/rtpp_20260403-100551/best_model_1.pth
2026-04-03 10:06:12,873 INFO src.train.trainer: Last model at epoch 110 saved to checkpoints/rtpp_20260403-100551/last_model_1.pth
2026-04-03 10:06:12,873 INFO src.train.trainer: Epoch 111
2026-04-03 10:06:12,942 INFO src.train.trainer: New best validation loss: -4.4772, saved to checkpoints/rtpp_20260403-100551/best_model_1.pth
2026-04-03 10:06:12,944 INFO src.train.trainer: Last model at epoch 111 saved to checkpoints/rtpp_20260403-100551/last_model_1.pth
2026-04-03 10:06:12,944 INFO src.train.trainer: Epoch 112
2026-04-03 10:06:13,013 INFO src.train.trainer: New best validation loss: -4.4853, saved to checkpoints/rtpp_20260403-100551/best_model_1.pth
2026-04-03 10:06:13,016 INFO src.train.trainer: Last model at epoch 112 saved to checkpoints/rtpp_20260403-100551/last_model_1.pth
2026-04-03 10:06:13,016 INFO src.train.trainer: Epoch 113
2026-04-03 10:06:13,086 INFO src.train.trainer: New best validation loss: -4.4932, saved to checkpoints/rtpp_20260403-100551/best_model_1.pth
2026-04-03 10:06:13,088 INFO src.train.trainer: Last model at epoch 113 saved to checkpoints/rtpp_20260403-100551/last_model_1.pth
2026-04-03 10:06:13,088 INFO src.train.trainer: Epoch 114
2026-04-03 10:06:13,159 INFO src.train.trainer: New best validation loss: -4.5007, saved to checkpoints/rtpp_20260403-100551/best_model_1.pth
2026-04-03 10:06:13,161 INFO src.train.trainer: Last model at epoch 114 saved to checkpoints/rtpp_20260403-100551/last_model_1.pth
2026-04-03 10:06:13,161 INFO src.train.trainer: Epoch 115
2026-04-03 10:06:13,230 INFO src.train.trainer: New best validation loss: -4.5077, saved to checkpoints/rtpp_20260403-100551/best_model_1.pth
2026-04-03 10:06:13,232 INFO src.train.trainer: Last model at epoch 115 saved to checkpoints/rtpp_20260403-100551/last_model_1.pth
2026-04-03 10:06:13,233 INFO src.train.trainer: Epoch 116
2026-04-03 10:06:13,304 INFO src.train.trainer: New best validation loss: -4.5142, saved to checkpoints/rtpp_20260403-100551/best_model_1.pth
2026-04-03 10:06:13,306 INFO src.train.trainer: Last model at epoch 116 saved to checkpoints/rtpp_20260403-100551/last_model_1.pth
2026-04-03 10:06:13,306 INFO src.train.trainer: Epoch 117
2026-04-03 10:06:13,378 INFO src.train.trainer: New best validation loss: -4.5201, saved to checkpoints/rtpp_20260403-100551/best_model_1.pth
2026-04-03 10:06:13,380 INFO src.train.trainer: Last model at epoch 117 saved to checkpoints/rtpp_20260403-100551/last_model_1.pth
2026-04-03 10:06:13,380 INFO src.train.trainer: Epoch 118
2026-04-03 10:06:13,448 INFO src.train.trainer: New best validation loss: -4.5256, saved to checkpoints/rtpp_20260403-100551/best_model_1.pth
2026-04-03 10:06:13,452 INFO src.train.trainer: Last model at epoch 118 saved to checkpoints/rtpp_20260403-100551/last_model_1.pth
2026-04-03 10:06:13,453 INFO src.train.trainer: Epoch 119
2026-04-03 10:06:13,522 INFO src.train.trainer: New best validation loss: -4.5307, saved to checkpoints/rtpp_20260403-100551/best_model_1.pth
2026-04-03 10:06:13,525 INFO src.train.trainer: Last model at epoch 119 saved to checkpoints/rtpp_20260403-100551/last_model_1.pth
2026-04-03 10:06:13,525 INFO src.train.trainer: Epoch 120
2026-04-03 10:06:13,593 INFO src.train.trainer: New best validation loss: -4.5352, saved to checkpoints/rtpp_20260403-100551/best_model_1.pth
2026-04-03 10:06:13,596 INFO src.train.trainer: Last model at epoch 120 saved to checkpoints/rtpp_20260403-100551/last_model_1.pth
2026-04-03 10:06:13,596 INFO src.train.trainer: Epoch 121
2026-04-03 10:06:13,669 INFO src.train.trainer: New best validation loss: -4.5395, saved to checkpoints/rtpp_20260403-100551/best_model_1.pth
2026-04-03 10:06:13,672 INFO src.train.trainer: Last model at epoch 121 saved to checkpoints/rtpp_20260403-100551/last_model_1.pth
2026-04-03 10:06:13,672 INFO src.train.trainer: Epoch 122
2026-04-03 10:06:13,742 INFO src.train.trainer: New best validation loss: -4.5435, saved to checkpoints/rtpp_20260403-100551/best_model_1.pth
2026-04-03 10:06:13,744 INFO src.train.trainer: Last model at epoch 122 saved to checkpoints/rtpp_20260403-100551/last_model_1.pth
2026-04-03 10:06:13,745 INFO src.train.trainer: Epoch 123
2026-04-03 10:06:13,814 INFO src.train.trainer: New best validation loss: -4.5472, saved to checkpoints/rtpp_20260403-100551/best_model_1.pth
2026-04-03 10:06:13,817 INFO src.train.trainer: Last model at epoch 123 saved to checkpoints/rtpp_20260403-100551/last_model_1.pth
2026-04-03 10:06:13,817 INFO src.train.trainer: Epoch 124
2026-04-03 10:06:13,888 INFO src.train.trainer: New best validation loss: -4.5509, saved to checkpoints/rtpp_20260403-100551/best_model_1.pth
2026-04-03 10:06:13,891 INFO src.train.trainer: Last model at epoch 124 saved to checkpoints/rtpp_20260403-100551/last_model_1.pth
2026-04-03 10:06:13,891 INFO src.train.trainer: Epoch 125
2026-04-03 10:06:13,960 INFO src.train.trainer: New best validation loss: -4.5549, saved to checkpoints/rtpp_20260403-100551/best_model_1.pth
2026-04-03 10:06:13,962 INFO src.train.trainer: Last model at epoch 125 saved to checkpoints/rtpp_20260403-100551/last_model_1.pth
2026-04-03 10:06:13,962 INFO src.train.trainer: Epoch 126
2026-04-03 10:06:14,031 INFO src.train.trainer: New best validation loss: -4.5591, saved to checkpoints/rtpp_20260403-100551/best_model_1.pth
2026-04-03 10:06:14,034 INFO src.train.trainer: Last model at epoch 126 saved to checkpoints/rtpp_20260403-100551/last_model_1.pth
2026-04-03 10:06:14,034 INFO src.train.trainer: Epoch 127
2026-04-03 10:06:14,107 INFO src.train.trainer: New best validation loss: -4.5636, saved to checkpoints/rtpp_20260403-100551/best_model_1.pth
2026-04-03 10:06:14,109 INFO src.train.trainer: Last model at epoch 127 saved to checkpoints/rtpp_20260403-100551/last_model_1.pth
2026-04-03 10:06:14,109 INFO src.train.trainer: Epoch 128
2026-04-03 10:06:14,178 INFO src.train.trainer: New best validation loss: -4.5681, saved to checkpoints/rtpp_20260403-100551/best_model_1.pth
2026-04-03 10:06:14,181 INFO src.train.trainer: Last model at epoch 128 saved to checkpoints/rtpp_20260403-100551/last_model_1.pth
2026-04-03 10:06:14,181 INFO src.train.trainer: Epoch 129
2026-04-03 10:06:14,250 INFO src.train.trainer: New best validation loss: -4.5727, saved to checkpoints/rtpp_20260403-100551/best_model_1.pth
2026-04-03 10:06:14,252 INFO src.train.trainer: Last model at epoch 129 saved to checkpoints/rtpp_20260403-100551/last_model_1.pth
2026-04-03 10:06:14,252 INFO src.train.trainer: Epoch 130
2026-04-03 10:06:14,323 INFO src.train.trainer: New best validation loss: -4.5773, saved to checkpoints/rtpp_20260403-100551/best_model_1.pth
2026-04-03 10:06:14,326 INFO src.train.trainer: Last model at epoch 130 saved to checkpoints/rtpp_20260403-100551/last_model_1.pth
2026-04-03 10:06:14,326 INFO src.train.trainer: Epoch 131
2026-04-03 10:06:14,394 INFO src.train.trainer: New best validation loss: -4.5819, saved to checkpoints/rtpp_20260403-100551/best_model_1.pth
2026-04-03 10:06:14,396 INFO src.train.trainer: Last model at epoch 131 saved to checkpoints/rtpp_20260403-100551/last_model_1.pth
2026-04-03 10:06:14,396 INFO src.train.trainer: Epoch 132
2026-04-03 10:06:14,454 INFO src.train.trainer: New best validation loss: -4.5867, saved to checkpoints/rtpp_20260403-100551/best_model_1.pth
2026-04-03 10:06:14,457 INFO src.train.trainer: Last model at epoch 132 saved to checkpoints/rtpp_20260403-100551/last_model_1.pth
2026-04-03 10:06:14,457 INFO src.train.trainer: Epoch 133
2026-04-03 10:06:14,515 INFO src.train.trainer: New best validation loss: -4.5912, saved to checkpoints/rtpp_20260403-100551/best_model_1.pth
2026-04-03 10:06:14,517 INFO src.train.trainer: Last model at epoch 133 saved to checkpoints/rtpp_20260403-100551/last_model_1.pth
2026-04-03 10:06:14,517 INFO src.train.trainer: Epoch 134
2026-04-03 10:06:14,574 INFO src.train.trainer: New best validation loss: -4.5957, saved to checkpoints/rtpp_20260403-100551/best_model_1.pth
2026-04-03 10:06:14,576 INFO src.train.trainer: Last model at epoch 134 saved to checkpoints/rtpp_20260403-100551/last_model_1.pth
2026-04-03 10:06:14,576 INFO src.train.trainer: Epoch 135
2026-04-03 10:06:14,635 INFO src.train.trainer: New best validation loss: -4.5999, saved to checkpoints/rtpp_20260403-100551/best_model_1.pth
2026-04-03 10:06:14,637 INFO src.train.trainer: Last model at epoch 135 saved to checkpoints/rtpp_20260403-100551/last_model_1.pth
2026-04-03 10:06:14,637 INFO src.train.trainer: Epoch 136
2026-04-03 10:06:14,695 INFO src.train.trainer: New best validation loss: -4.6039, saved to checkpoints/rtpp_20260403-100551/best_model_1.pth
2026-04-03 10:06:14,697 INFO src.train.trainer: Last model at epoch 136 saved to checkpoints/rtpp_20260403-100551/last_model_1.pth
2026-04-03 10:06:14,697 INFO src.train.trainer: Epoch 137
2026-04-03 10:06:14,758 INFO src.train.trainer: New best validation loss: -4.6076, saved to checkpoints/rtpp_20260403-100551/best_model_1.pth
2026-04-03 10:06:14,760 INFO src.train.trainer: Last model at epoch 137 saved to checkpoints/rtpp_20260403-100551/last_model_1.pth
2026-04-03 10:06:14,760 INFO src.train.trainer: Epoch 138
2026-04-03 10:06:14,819 INFO src.train.trainer: New best validation loss: -4.6110, saved to checkpoints/rtpp_20260403-100551/best_model_1.pth
2026-04-03 10:06:14,822 INFO src.train.trainer: Last model at epoch 138 saved to checkpoints/rtpp_20260403-100551/last_model_1.pth
2026-04-03 10:06:14,822 INFO src.train.trainer: Epoch 139
2026-04-03 10:06:14,885 INFO src.train.trainer: New best validation loss: -4.6139, saved to checkpoints/rtpp_20260403-100551/best_model_1.pth
2026-04-03 10:06:14,887 INFO src.train.trainer: Last model at epoch 139 saved to checkpoints/rtpp_20260403-100551/last_model_1.pth
2026-04-03 10:06:14,887 INFO src.train.trainer: Epoch 140
2026-04-03 10:06:14,951 INFO src.train.trainer: New best validation loss: -4.6162, saved to checkpoints/rtpp_20260403-100551/best_model_1.pth
2026-04-03 10:06:14,953 INFO src.train.trainer: Last model at epoch 140 saved to checkpoints/rtpp_20260403-100551/last_model_1.pth
2026-04-03 10:06:14,953 INFO src.train.trainer: Epoch 141
2026-04-03 10:06:15,022 INFO src.train.trainer: New best validation loss: -4.6183, saved to checkpoints/rtpp_20260403-100551/best_model_1.pth
2026-04-03 10:06:15,025 INFO src.train.trainer: Last model at epoch 141 saved to checkpoints/rtpp_20260403-100551/last_model_1.pth
2026-04-03 10:06:15,025 INFO src.train.trainer: Epoch 142
2026-04-03 10:06:15,091 INFO src.train.trainer: New best validation loss: -4.6203, saved to checkpoints/rtpp_20260403-100551/best_model_1.pth
2026-04-03 10:06:15,093 INFO src.train.trainer: Last model at epoch 142 saved to checkpoints/rtpp_20260403-100551/last_model_1.pth
2026-04-03 10:06:15,093 INFO src.train.trainer: Epoch 143
2026-04-03 10:06:15,159 INFO src.train.trainer: New best validation loss: -4.6222, saved to checkpoints/rtpp_20260403-100551/best_model_1.pth
2026-04-03 10:06:15,161 INFO src.train.trainer: Last model at epoch 143 saved to checkpoints/rtpp_20260403-100551/last_model_1.pth
2026-04-03 10:06:15,161 INFO src.train.trainer: Epoch 144
2026-04-03 10:06:15,225 INFO src.train.trainer: New best validation loss: -4.6247, saved to checkpoints/rtpp_20260403-100551/best_model_1.pth
2026-04-03 10:06:15,227 INFO src.train.trainer: Last model at epoch 144 saved to checkpoints/rtpp_20260403-100551/last_model_1.pth
2026-04-03 10:06:15,227 INFO src.train.trainer: Epoch 145
2026-04-03 10:06:15,287 INFO src.train.trainer: New best validation loss: -4.6281, saved to checkpoints/rtpp_20260403-100551/best_model_1.pth
2026-04-03 10:06:15,289 INFO src.train.trainer: Last model at epoch 145 saved to checkpoints/rtpp_20260403-100551/last_model_1.pth
2026-04-03 10:06:15,289 INFO src.train.trainer: Epoch 146
2026-04-03 10:06:15,460 INFO src.train.trainer: New best validation loss: -4.6322, saved to checkpoints/rtpp_20260403-100551/best_model_1.pth
2026-04-03 10:06:15,462 INFO src.train.trainer: Last model at epoch 146 saved to checkpoints/rtpp_20260403-100551/last_model_1.pth
2026-04-03 10:06:15,462 INFO src.train.trainer: Epoch 147
2026-04-03 10:06:15,673 INFO src.train.trainer: New best validation loss: -4.6367, saved to checkpoints/rtpp_20260403-100551/best_model_1.pth
2026-04-03 10:06:15,676 INFO src.train.trainer: Last model at epoch 147 saved to checkpoints/rtpp_20260403-100551/last_model_1.pth
2026-04-03 10:06:15,676 INFO src.train.trainer: Epoch 148
2026-04-03 10:06:15,827 INFO src.train.trainer: New best validation loss: -4.6410, saved to checkpoints/rtpp_20260403-100551/best_model_1.pth
2026-04-03 10:06:15,830 INFO src.train.trainer: Last model at epoch 148 saved to checkpoints/rtpp_20260403-100551/last_model_1.pth
2026-04-03 10:06:15,830 INFO src.train.trainer: Epoch 149
2026-04-03 10:06:15,909 INFO src.train.trainer: New best validation loss: -4.6446, saved to checkpoints/rtpp_20260403-100551/best_model_1.pth
2026-04-03 10:06:15,912 INFO src.train.trainer: Last model at epoch 149 saved to checkpoints/rtpp_20260403-100551/last_model_1.pth
2026-04-03 10:06:15,912 INFO src.train.trainer: Epoch 150
2026-04-03 10:06:15,989 INFO src.train.trainer: New best validation loss: -4.6475, saved to checkpoints/rtpp_20260403-100551/best_model_1.pth
2026-04-03 10:06:15,991 INFO src.train.trainer: Last model at epoch 150 saved to checkpoints/rtpp_20260403-100551/last_model_1.pth
2026-04-03 10:06:15,991 INFO src.train.trainer: Epoch 151
2026-04-03 10:06:16,062 INFO src.train.trainer: New best validation loss: -4.6496, saved to checkpoints/rtpp_20260403-100551/best_model_1.pth
2026-04-03 10:06:16,064 INFO src.train.trainer: Last model at epoch 151 saved to checkpoints/rtpp_20260403-100551/last_model_1.pth
2026-04-03 10:06:16,064 INFO src.train.trainer: Epoch 152
2026-04-03 10:06:16,130 INFO src.train.trainer: New best validation loss: -4.6509, saved to checkpoints/rtpp_20260403-100551/best_model_1.pth
2026-04-03 10:06:16,133 INFO src.train.trainer: Last model at epoch 152 saved to checkpoints/rtpp_20260403-100551/last_model_1.pth
2026-04-03 10:06:16,133 INFO src.train.trainer: Epoch 153
2026-04-03 10:06:16,201 INFO src.train.trainer: New best validation loss: -4.6517, saved to checkpoints/rtpp_20260403-100551/best_model_1.pth
2026-04-03 10:06:16,203 INFO src.train.trainer: Last model at epoch 153 saved to checkpoints/rtpp_20260403-100551/last_model_1.pth
2026-04-03 10:06:16,203 INFO src.train.trainer: Epoch 154
2026-04-03 10:06:16,266 INFO src.train.trainer: New best validation loss: -4.6525, saved to checkpoints/rtpp_20260403-100551/best_model_1.pth
2026-04-03 10:06:16,269 INFO src.train.trainer: Last model at epoch 154 saved to checkpoints/rtpp_20260403-100551/last_model_1.pth
2026-04-03 10:06:16,269 INFO src.train.trainer: Epoch 155
2026-04-03 10:06:16,334 INFO src.train.trainer: New best validation loss: -4.6540, saved to checkpoints/rtpp_20260403-100551/best_model_1.pth
2026-04-03 10:06:16,337 INFO src.train.trainer: Last model at epoch 155 saved to checkpoints/rtpp_20260403-100551/last_model_1.pth
2026-04-03 10:06:16,337 INFO src.train.trainer: Epoch 156
2026-04-03 10:06:16,402 INFO src.train.trainer: New best validation loss: -4.6568, saved to checkpoints/rtpp_20260403-100551/best_model_1.pth
2026-04-03 10:06:16,404 INFO src.train.trainer: Last model at epoch 156 saved to checkpoints/rtpp_20260403-100551/last_model_1.pth
2026-04-03 10:06:16,404 INFO src.train.trainer: Epoch 157
2026-04-03 10:06:16,468 INFO src.train.trainer: New best validation loss: -4.6603, saved to checkpoints/rtpp_20260403-100551/best_model_1.pth
2026-04-03 10:06:16,470 INFO src.train.trainer: Last model at epoch 157 saved to checkpoints/rtpp_20260403-100551/last_model_1.pth
2026-04-03 10:06:16,470 INFO src.train.trainer: Epoch 158
2026-04-03 10:06:16,533 INFO src.train.trainer: New best validation loss: -4.6642, saved to checkpoints/rtpp_20260403-100551/best_model_1.pth
2026-04-03 10:06:16,536 INFO src.train.trainer: Last model at epoch 158 saved to checkpoints/rtpp_20260403-100551/last_model_1.pth
2026-04-03 10:06:16,536 INFO src.train.trainer: Epoch 159
2026-04-03 10:06:16,601 INFO src.train.trainer: New best validation loss: -4.6680, saved to checkpoints/rtpp_20260403-100551/best_model_1.pth
2026-04-03 10:06:16,604 INFO src.train.trainer: Last model at epoch 159 saved to checkpoints/rtpp_20260403-100551/last_model_1.pth
2026-04-03 10:06:16,604 INFO src.train.trainer: Epoch 160
2026-04-03 10:06:16,668 INFO src.train.trainer: New best validation loss: -4.6713, saved to checkpoints/rtpp_20260403-100551/best_model_1.pth
2026-04-03 10:06:16,670 INFO src.train.trainer: Last model at epoch 160 saved to checkpoints/rtpp_20260403-100551/last_model_1.pth
2026-04-03 10:06:16,670 INFO src.train.trainer: Epoch 161
2026-04-03 10:06:16,732 INFO src.train.trainer: New best validation loss: -4.6733, saved to checkpoints/rtpp_20260403-100551/best_model_1.pth
2026-04-03 10:06:16,734 INFO src.train.trainer: Last model at epoch 161 saved to checkpoints/rtpp_20260403-100551/last_model_1.pth
2026-04-03 10:06:16,734 INFO src.train.trainer: Epoch 162
2026-04-03 10:06:16,785 INFO src.train.trainer: New best validation loss: -4.6747, saved to checkpoints/rtpp_20260403-100551/best_model_1.pth
2026-04-03 10:06:16,787 INFO src.train.trainer: Last model at epoch 162 saved to checkpoints/rtpp_20260403-100551/last_model_1.pth
2026-04-03 10:06:16,787 INFO src.train.trainer: Epoch 163
2026-04-03 10:06:16,845 INFO src.train.trainer: New best validation loss: -4.6764, saved to checkpoints/rtpp_20260403-100551/best_model_1.pth
2026-04-03 10:06:16,847 INFO src.train.trainer: Last model at epoch 163 saved to checkpoints/rtpp_20260403-100551/last_model_1.pth
2026-04-03 10:06:16,847 INFO src.train.trainer: Epoch 164
2026-04-03 10:06:16,906 INFO src.train.trainer: New best validation loss: -4.6780, saved to checkpoints/rtpp_20260403-100551/best_model_1.pth
2026-04-03 10:06:16,908 INFO src.train.trainer: Last model at epoch 164 saved to checkpoints/rtpp_20260403-100551/last_model_1.pth
2026-04-03 10:06:16,908 INFO src.train.trainer: Epoch 165
2026-04-03 10:06:16,965 INFO src.train.trainer: New best validation loss: -4.6798, saved to checkpoints/rtpp_20260403-100551/best_model_1.pth
2026-04-03 10:06:16,967 INFO src.train.trainer: Last model at epoch 165 saved to checkpoints/rtpp_20260403-100551/last_model_1.pth
2026-04-03 10:06:16,967 INFO src.train.trainer: Epoch 166
2026-04-03 10:06:17,024 INFO src.train.trainer: New best validation loss: -4.6814, saved to checkpoints/rtpp_20260403-100551/best_model_1.pth
2026-04-03 10:06:17,026 INFO src.train.trainer: Last model at epoch 166 saved to checkpoints/rtpp_20260403-100551/last_model_1.pth
2026-04-03 10:06:17,026 INFO src.train.trainer: Epoch 167
2026-04-03 10:06:17,086 INFO src.train.trainer: New best validation loss: -4.6835, saved to checkpoints/rtpp_20260403-100551/best_model_1.pth
2026-04-03 10:06:17,088 INFO src.train.trainer: Last model at epoch 167 saved to checkpoints/rtpp_20260403-100551/last_model_1.pth
2026-04-03 10:06:17,088 INFO src.train.trainer: Epoch 168
2026-04-03 10:06:17,146 INFO src.train.trainer: New best validation loss: -4.6860, saved to checkpoints/rtpp_20260403-100551/best_model_1.pth
2026-04-03 10:06:17,149 INFO src.train.trainer: Last model at epoch 168 saved to checkpoints/rtpp_20260403-100551/last_model_1.pth
2026-04-03 10:06:17,149 INFO src.train.trainer: Epoch 169
2026-04-03 10:06:17,209 INFO src.train.trainer: New best validation loss: -4.6886, saved to checkpoints/rtpp_20260403-100551/best_model_1.pth
2026-04-03 10:06:17,211 INFO src.train.trainer: Last model at epoch 169 saved to checkpoints/rtpp_20260403-100551/last_model_1.pth
2026-04-03 10:06:17,212 INFO src.train.trainer: Epoch 170
2026-04-03 10:06:17,271 INFO src.train.trainer: New best validation loss: -4.6917, saved to checkpoints/rtpp_20260403-100551/best_model_1.pth
2026-04-03 10:06:17,273 INFO src.train.trainer: Last model at epoch 170 saved to checkpoints/rtpp_20260403-100551/last_model_1.pth
2026-04-03 10:06:17,273 INFO src.train.trainer: Epoch 171
2026-04-03 10:06:17,326 INFO src.train.trainer: New best validation loss: -4.6947, saved to checkpoints/rtpp_20260403-100551/best_model_1.pth
2026-04-03 10:06:17,329 INFO src.train.trainer: Last model at epoch 171 saved to checkpoints/rtpp_20260403-100551/last_model_1.pth
2026-04-03 10:06:17,329 INFO src.train.trainer: Epoch 172
2026-04-03 10:06:17,389 INFO src.train.trainer: New best validation loss: -4.6968, saved to checkpoints/rtpp_20260403-100551/best_model_1.pth
2026-04-03 10:06:17,391 INFO src.train.trainer: Last model at epoch 172 saved to checkpoints/rtpp_20260403-100551/last_model_1.pth
2026-04-03 10:06:17,391 INFO src.train.trainer: Epoch 173
2026-04-03 10:06:17,454 INFO src.train.trainer: New best validation loss: -4.6991, saved to checkpoints/rtpp_20260403-100551/best_model_1.pth
2026-04-03 10:06:17,456 INFO src.train.trainer: Last model at epoch 173 saved to checkpoints/rtpp_20260403-100551/last_model_1.pth
2026-04-03 10:06:17,456 INFO src.train.trainer: Epoch 174
2026-04-03 10:06:17,519 INFO src.train.trainer: New best validation loss: -4.7012, saved to checkpoints/rtpp_20260403-100551/best_model_1.pth
2026-04-03 10:06:17,522 INFO src.train.trainer: Last model at epoch 174 saved to checkpoints/rtpp_20260403-100551/last_model_1.pth
2026-04-03 10:06:17,522 INFO src.train.trainer: Epoch 175
2026-04-03 10:06:17,587 INFO src.train.trainer: New best validation loss: -4.7034, saved to checkpoints/rtpp_20260403-100551/best_model_1.pth
2026-04-03 10:06:17,589 INFO src.train.trainer: Last model at epoch 175 saved to checkpoints/rtpp_20260403-100551/last_model_1.pth
2026-04-03 10:06:17,589 INFO src.train.trainer: Epoch 176
2026-04-03 10:06:17,658 INFO src.train.trainer: New best validation loss: -4.7055, saved to checkpoints/rtpp_20260403-100551/best_model_1.pth
2026-04-03 10:06:17,660 INFO src.train.trainer: Last model at epoch 176 saved to checkpoints/rtpp_20260403-100551/last_model_1.pth
2026-04-03 10:06:17,660 INFO src.train.trainer: Epoch 177
2026-04-03 10:06:17,725 INFO src.train.trainer: New best validation loss: -4.7085, saved to checkpoints/rtpp_20260403-100551/best_model_1.pth
2026-04-03 10:06:17,728 INFO src.train.trainer: Last model at epoch 177 saved to checkpoints/rtpp_20260403-100551/last_model_1.pth
2026-04-03 10:06:17,728 INFO src.train.trainer: Epoch 178
2026-04-03 10:06:17,792 INFO src.train.trainer: New best validation loss: -4.7113, saved to checkpoints/rtpp_20260403-100551/best_model_1.pth
2026-04-03 10:06:17,794 INFO src.train.trainer: Last model at epoch 178 saved to checkpoints/rtpp_20260403-100551/last_model_1.pth
2026-04-03 10:06:17,794 INFO src.train.trainer: Epoch 179
2026-04-03 10:06:17,865 INFO src.train.trainer: New best validation loss: -4.7130, saved to checkpoints/rtpp_20260403-100551/best_model_1.pth
2026-04-03 10:06:17,867 INFO src.train.trainer: Last model at epoch 179 saved to checkpoints/rtpp_20260403-100551/last_model_1.pth
2026-04-03 10:06:17,867 INFO src.train.trainer: Epoch 180
2026-04-03 10:06:17,937 INFO src.train.trainer: New best validation loss: -4.7141, saved to checkpoints/rtpp_20260403-100551/best_model_1.pth
2026-04-03 10:06:17,939 INFO src.train.trainer: Last model at epoch 180 saved to checkpoints/rtpp_20260403-100551/last_model_1.pth
2026-04-03 10:06:17,939 INFO src.train.trainer: Epoch 181
2026-04-03 10:06:18,010 INFO src.train.trainer: New best validation loss: -4.7150, saved to checkpoints/rtpp_20260403-100551/best_model_1.pth
2026-04-03 10:06:18,013 INFO src.train.trainer: Last model at epoch 181 saved to checkpoints/rtpp_20260403-100551/last_model_1.pth
2026-04-03 10:06:18,013 INFO src.train.trainer: Epoch 182
2026-04-03 10:06:18,083 INFO src.train.trainer: New best validation loss: -4.7167, saved to checkpoints/rtpp_20260403-100551/best_model_1.pth
2026-04-03 10:06:18,085 INFO src.train.trainer: Last model at epoch 182 saved to checkpoints/rtpp_20260403-100551/last_model_1.pth
2026-04-03 10:06:18,085 INFO src.train.trainer: Epoch 183
2026-04-03 10:06:18,154 INFO src.train.trainer: New best validation loss: -4.7203, saved to checkpoints/rtpp_20260403-100551/best_model_1.pth
2026-04-03 10:06:18,157 INFO src.train.trainer: Last model at epoch 183 saved to checkpoints/rtpp_20260403-100551/last_model_1.pth
2026-04-03 10:06:18,157 INFO src.train.trainer: Epoch 184
2026-04-03 10:06:18,227 INFO src.train.trainer: New best validation loss: -4.7252, saved to checkpoints/rtpp_20260403-100551/best_model_1.pth
2026-04-03 10:06:18,230 INFO src.train.trainer: Last model at epoch 184 saved to checkpoints/rtpp_20260403-100551/last_model_1.pth
2026-04-03 10:06:18,230 INFO src.train.trainer: Epoch 185
2026-04-03 10:06:18,301 INFO src.train.trainer: New best validation loss: -4.7280, saved to checkpoints/rtpp_20260403-100551/best_model_1.pth
2026-04-03 10:06:18,304 INFO src.train.trainer: Last model at epoch 185 saved to checkpoints/rtpp_20260403-100551/last_model_1.pth
2026-04-03 10:06:18,304 INFO src.train.trainer: Epoch 186
2026-04-03 10:06:18,372 INFO src.train.trainer: New best validation loss: -4.7297, saved to checkpoints/rtpp_20260403-100551/best_model_1.pth
2026-04-03 10:06:18,374 INFO src.train.trainer: Last model at epoch 186 saved to checkpoints/rtpp_20260403-100551/last_model_1.pth
2026-04-03 10:06:18,374 INFO src.train.trainer: Epoch 187
2026-04-03 10:06:18,442 INFO src.train.trainer: New best validation loss: -4.7302, saved to checkpoints/rtpp_20260403-100551/best_model_1.pth
2026-04-03 10:06:18,444 INFO src.train.trainer: Last model at epoch 187 saved to checkpoints/rtpp_20260403-100551/last_model_1.pth
2026-04-03 10:06:18,444 INFO src.train.trainer: Epoch 188
2026-04-03 10:06:18,513 INFO src.train.trainer: New best validation loss: -4.7306, saved to checkpoints/rtpp_20260403-100551/best_model_1.pth
2026-04-03 10:06:18,516 INFO src.train.trainer: Last model at epoch 188 saved to checkpoints/rtpp_20260403-100551/last_model_1.pth
2026-04-03 10:06:18,516 INFO src.train.trainer: Epoch 189
2026-04-03 10:06:18,585 INFO src.train.trainer: New best validation loss: -4.7340, saved to checkpoints/rtpp_20260403-100551/best_model_1.pth
2026-04-03 10:06:18,587 INFO src.train.trainer: Last model at epoch 189 saved to checkpoints/rtpp_20260403-100551/last_model_1.pth
2026-04-03 10:06:18,587 INFO src.train.trainer: Epoch 190
2026-04-03 10:06:18,657 INFO src.train.trainer: New best validation loss: -4.7373, saved to checkpoints/rtpp_20260403-100551/best_model_1.pth
2026-04-03 10:06:18,660 INFO src.train.trainer: Last model at epoch 190 saved to checkpoints/rtpp_20260403-100551/last_model_1.pth
2026-04-03 10:06:18,660 INFO src.train.trainer: Epoch 191
2026-04-03 10:06:18,731 INFO src.train.trainer: New best validation loss: -4.7413, saved to checkpoints/rtpp_20260403-100551/best_model_1.pth
2026-04-03 10:06:18,736 INFO src.train.trainer: Last model at epoch 191 saved to checkpoints/rtpp_20260403-100551/last_model_1.pth
2026-04-03 10:06:18,736 INFO src.train.trainer: Epoch 192
2026-04-03 10:06:18,809 INFO src.train.trainer: New best validation loss: -4.7428, saved to checkpoints/rtpp_20260403-100551/best_model_1.pth
2026-04-03 10:06:18,811 INFO src.train.trainer: Last model at epoch 192 saved to checkpoints/rtpp_20260403-100551/last_model_1.pth
2026-04-03 10:06:18,811 INFO src.train.trainer: Epoch 193
2026-04-03 10:06:18,885 INFO src.train.trainer: New best validation loss: -4.7429, saved to checkpoints/rtpp_20260403-100551/best_model_1.pth
2026-04-03 10:06:18,888 INFO src.train.trainer: Last model at epoch 193 saved to checkpoints/rtpp_20260403-100551/last_model_1.pth
2026-04-03 10:06:18,888 INFO src.train.trainer: Epoch 194
2026-04-03 10:06:18,960 INFO src.train.trainer: New best validation loss: -4.7451, saved to checkpoints/rtpp_20260403-100551/best_model_1.pth
2026-04-03 10:06:18,962 INFO src.train.trainer: Last model at epoch 194 saved to checkpoints/rtpp_20260403-100551/last_model_1.pth
2026-04-03 10:06:18,962 INFO src.train.trainer: Epoch 195
2026-04-03 10:06:19,037 INFO src.train.trainer: New best validation loss: -4.7491, saved to checkpoints/rtpp_20260403-100551/best_model_1.pth
2026-04-03 10:06:19,040 INFO src.train.trainer: Last model at epoch 195 saved to checkpoints/rtpp_20260403-100551/last_model_1.pth
2026-04-03 10:06:19,040 INFO src.train.trainer: Epoch 196
2026-04-03 10:06:19,116 INFO src.train.trainer: New best validation loss: -4.7522, saved to checkpoints/rtpp_20260403-100551/best_model_1.pth
2026-04-03 10:06:19,118 INFO src.train.trainer: Last model at epoch 196 saved to checkpoints/rtpp_20260403-100551/last_model_1.pth
2026-04-03 10:06:19,118 INFO src.train.trainer: Epoch 197
2026-04-03 10:06:19,190 INFO src.train.trainer: New best validation loss: -4.7539, saved to checkpoints/rtpp_20260403-100551/best_model_1.pth
2026-04-03 10:06:19,193 INFO src.train.trainer: Last model at epoch 197 saved to checkpoints/rtpp_20260403-100551/last_model_1.pth
2026-04-03 10:06:19,193 INFO src.train.trainer: Epoch 198
2026-04-03 10:06:19,267 INFO src.train.trainer: New best validation loss: -4.7552, saved to checkpoints/rtpp_20260403-100551/best_model_1.pth
2026-04-03 10:06:19,269 INFO src.train.trainer: Last model at epoch 198 saved to checkpoints/rtpp_20260403-100551/last_model_1.pth
2026-04-03 10:06:19,269 INFO src.train.trainer: Epoch 199
2026-04-03 10:06:19,342 INFO src.train.trainer: New best validation loss: -4.7554, saved to checkpoints/rtpp_20260403-100551/best_model_1.pth
2026-04-03 10:06:19,345 INFO src.train.trainer: Last model at epoch 199 saved to checkpoints/rtpp_20260403-100551/last_model_1.pth
2026-04-03 10:06:19,345 INFO src.train.trainer: Epoch 200
2026-04-03 10:06:19,416 INFO src.train.trainer: New best validation loss: -4.7571, saved to checkpoints/rtpp_20260403-100551/best_model_1.pth
2026-04-03 10:06:19,419 INFO src.train.trainer: Last model at epoch 200 saved to checkpoints/rtpp_20260403-100551/last_model_1.pth
2026-04-03 10:06:19,419 INFO src.train.trainer: Epoch 201
2026-04-03 10:06:19,489 INFO src.train.trainer: New best validation loss: -4.7605, saved to checkpoints/rtpp_20260403-100551/best_model_1.pth
2026-04-03 10:06:19,491 INFO src.train.trainer: Last model at epoch 201 saved to checkpoints/rtpp_20260403-100551/last_model_1.pth
2026-04-03 10:06:19,491 INFO src.train.trainer: Epoch 202
2026-04-03 10:06:19,566 INFO src.train.trainer: New best validation loss: -4.7634, saved to checkpoints/rtpp_20260403-100551/best_model_1.pth
2026-04-03 10:06:19,568 INFO src.train.trainer: Last model at epoch 202 saved to checkpoints/rtpp_20260403-100551/last_model_1.pth
2026-04-03 10:06:19,568 INFO src.train.trainer: Epoch 203
2026-04-03 10:06:19,639 INFO src.train.trainer: New best validation loss: -4.7654, saved to checkpoints/rtpp_20260403-100551/best_model_1.pth
2026-04-03 10:06:19,642 INFO src.train.trainer: Last model at epoch 203 saved to checkpoints/rtpp_20260403-100551/last_model_1.pth
2026-04-03 10:06:19,642 INFO src.train.trainer: Epoch 204
2026-04-03 10:06:19,713 INFO src.train.trainer: New best validation loss: -4.7662, saved to checkpoints/rtpp_20260403-100551/best_model_1.pth
2026-04-03 10:06:19,716 INFO src.train.trainer: Last model at epoch 204 saved to checkpoints/rtpp_20260403-100551/last_model_1.pth
2026-04-03 10:06:19,716 INFO src.train.trainer: Epoch 205
2026-04-03 10:06:19,787 INFO src.train.trainer: New best validation loss: -4.7670, saved to checkpoints/rtpp_20260403-100551/best_model_1.pth
2026-04-03 10:06:19,789 INFO src.train.trainer: Last model at epoch 205 saved to checkpoints/rtpp_20260403-100551/last_model_1.pth
2026-04-03 10:06:19,789 INFO src.train.trainer: Epoch 206
2026-04-03 10:06:19,858 INFO src.train.trainer: New best validation loss: -4.7685, saved to checkpoints/rtpp_20260403-100551/best_model_1.pth
2026-04-03 10:06:19,861 INFO src.train.trainer: Last model at epoch 206 saved to checkpoints/rtpp_20260403-100551/last_model_1.pth
2026-04-03 10:06:19,861 INFO src.train.trainer: Epoch 207
2026-04-03 10:06:19,930 INFO src.train.trainer: New best validation loss: -4.7727, saved to checkpoints/rtpp_20260403-100551/best_model_1.pth
2026-04-03 10:06:19,932 INFO src.train.trainer: Last model at epoch 207 saved to checkpoints/rtpp_20260403-100551/last_model_1.pth
2026-04-03 10:06:19,933 INFO src.train.trainer: Epoch 208
2026-04-03 10:06:20,003 INFO src.train.trainer: New best validation loss: -4.7744, saved to checkpoints/rtpp_20260403-100551/best_model_1.pth
2026-04-03 10:06:20,006 INFO src.train.trainer: Last model at epoch 208 saved to checkpoints/rtpp_20260403-100551/last_model_1.pth
2026-04-03 10:06:20,006 INFO src.train.trainer: Epoch 209
2026-04-03 10:06:20,076 INFO src.train.trainer: Last model at epoch 209 saved to checkpoints/rtpp_20260403-100551/last_model_1.pth
2026-04-03 10:06:20,077 INFO src.train.trainer: Epoch 210
2026-04-03 10:06:20,147 INFO src.train.trainer: Last model at epoch 210 saved to checkpoints/rtpp_20260403-100551/last_model_1.pth
2026-04-03 10:06:20,147 INFO src.train.trainer: Epoch 211
2026-04-03 10:06:20,218 INFO src.train.trainer: New best validation loss: -4.7771, saved to checkpoints/rtpp_20260403-100551/best_model_1.pth
2026-04-03 10:06:20,244 INFO src.train.trainer: Last model at epoch 211 saved to checkpoints/rtpp_20260403-100551/last_model_1.pth
2026-04-03 10:06:20,244 INFO src.train.trainer: Epoch 212
2026-04-03 10:06:20,308 INFO src.train.trainer: New best validation loss: -4.7811, saved to checkpoints/rtpp_20260403-100551/best_model_1.pth
2026-04-03 10:06:20,310 INFO src.train.trainer: Last model at epoch 212 saved to checkpoints/rtpp_20260403-100551/last_model_1.pth
2026-04-03 10:06:20,310 INFO src.train.trainer: Epoch 213
2026-04-03 10:06:20,364 INFO src.train.trainer: New best validation loss: -4.7818, saved to checkpoints/rtpp_20260403-100551/best_model_1.pth
2026-04-03 10:06:20,367 INFO src.train.trainer: Last model at epoch 213 saved to checkpoints/rtpp_20260403-100551/last_model_1.pth
2026-04-03 10:06:20,367 INFO src.train.trainer: Epoch 214
2026-04-03 10:06:20,556 INFO src.train.trainer: Last model at epoch 214 saved to checkpoints/rtpp_20260403-100551/last_model_1.pth
2026-04-03 10:06:20,556 INFO src.train.trainer: Epoch 215
2026-04-03 10:06:20,620 INFO src.train.trainer: Last model at epoch 215 saved to checkpoints/rtpp_20260403-100551/last_model_1.pth
2026-04-03 10:06:20,620 INFO src.train.trainer: Epoch 216
2026-04-03 10:06:20,682 INFO src.train.trainer: New best validation loss: -4.7861, saved to checkpoints/rtpp_20260403-100551/best_model_1.pth
2026-04-03 10:06:20,685 INFO src.train.trainer: Last model at epoch 216 saved to checkpoints/rtpp_20260403-100551/last_model_1.pth
2026-04-03 10:06:20,685 INFO src.train.trainer: Epoch 217
2026-04-03 10:06:20,741 INFO src.train.trainer: New best validation loss: -4.7896, saved to checkpoints/rtpp_20260403-100551/best_model_1.pth
2026-04-03 10:06:20,743 INFO src.train.trainer: Last model at epoch 217 saved to checkpoints/rtpp_20260403-100551/last_model_1.pth
2026-04-03 10:06:20,743 INFO src.train.trainer: Epoch 218
2026-04-03 10:06:20,798 INFO src.train.trainer: Last model at epoch 218 saved to checkpoints/rtpp_20260403-100551/last_model_1.pth
2026-04-03 10:06:20,799 INFO src.train.trainer: Epoch 219
2026-04-03 10:06:20,854 INFO src.train.trainer: Last model at epoch 219 saved to checkpoints/rtpp_20260403-100551/last_model_1.pth
2026-04-03 10:06:20,854 INFO src.train.trainer: Epoch 220
2026-04-03 10:06:20,907 INFO src.train.trainer: Last model at epoch 220 saved to checkpoints/rtpp_20260403-100551/last_model_1.pth
2026-04-03 10:06:20,907 INFO src.train.trainer: Epoch 221
2026-04-03 10:06:20,958 INFO src.train.trainer: New best validation loss: -4.7923, saved to checkpoints/rtpp_20260403-100551/best_model_1.pth
2026-04-03 10:06:20,961 INFO src.train.trainer: Last model at epoch 221 saved to checkpoints/rtpp_20260403-100551/last_model_1.pth
2026-04-03 10:06:20,961 INFO src.train.trainer: Epoch 222
2026-04-03 10:06:21,017 INFO src.train.trainer: New best validation loss: -4.7965, saved to checkpoints/rtpp_20260403-100551/best_model_1.pth
2026-04-03 10:06:21,019 INFO src.train.trainer: Last model at epoch 222 saved to checkpoints/rtpp_20260403-100551/last_model_1.pth
2026-04-03 10:06:21,019 INFO src.train.trainer: Epoch 223
2026-04-03 10:06:21,069 INFO src.train.trainer: Last model at epoch 223 saved to checkpoints/rtpp_20260403-100551/last_model_1.pth
2026-04-03 10:06:21,070 INFO src.train.trainer: Epoch 224
2026-04-03 10:06:21,125 INFO src.train.trainer: Last model at epoch 224 saved to checkpoints/rtpp_20260403-100551/last_model_1.pth
2026-04-03 10:06:21,125 INFO src.train.trainer: Epoch 225
2026-04-03 10:06:21,178 INFO src.train.trainer: Last model at epoch 225 saved to checkpoints/rtpp_20260403-100551/last_model_1.pth
2026-04-03 10:06:21,178 INFO src.train.trainer: Epoch 226
2026-04-03 10:06:21,235 INFO src.train.trainer: New best validation loss: -4.7995, saved to checkpoints/rtpp_20260403-100551/best_model_1.pth
2026-04-03 10:06:21,237 INFO src.train.trainer: Last model at epoch 226 saved to checkpoints/rtpp_20260403-100551/last_model_1.pth
2026-04-03 10:06:21,237 INFO src.train.trainer: Epoch 227
2026-04-03 10:06:21,294 INFO src.train.trainer: New best validation loss: -4.8026, saved to checkpoints/rtpp_20260403-100551/best_model_1.pth
2026-04-03 10:06:21,296 INFO src.train.trainer: Last model at epoch 227 saved to checkpoints/rtpp_20260403-100551/last_model_1.pth
2026-04-03 10:06:21,297 INFO src.train.trainer: Epoch 228
2026-04-03 10:06:21,355 INFO src.train.trainer: Last model at epoch 228 saved to checkpoints/rtpp_20260403-100551/last_model_1.pth
2026-04-03 10:06:21,356 INFO src.train.trainer: Epoch 229
2026-04-03 10:06:21,404 INFO src.train.trainer: Last model at epoch 229 saved to checkpoints/rtpp_20260403-100551/last_model_1.pth
2026-04-03 10:06:21,405 INFO src.train.trainer: Epoch 230
2026-04-03 10:06:21,459 INFO src.train.trainer: New best validation loss: -4.8027, saved to checkpoints/rtpp_20260403-100551/best_model_1.pth
2026-04-03 10:06:21,462 INFO src.train.trainer: Last model at epoch 230 saved to checkpoints/rtpp_20260403-100551/last_model_1.pth
2026-04-03 10:06:21,462 INFO src.train.trainer: Epoch 231
2026-04-03 10:06:21,517 INFO src.train.trainer: New best validation loss: -4.8061, saved to checkpoints/rtpp_20260403-100551/best_model_1.pth
2026-04-03 10:06:21,520 INFO src.train.trainer: Last model at epoch 231 saved to checkpoints/rtpp_20260403-100551/last_model_1.pth
2026-04-03 10:06:21,520 INFO src.train.trainer: Epoch 232
2026-04-03 10:06:21,577 INFO src.train.trainer: New best validation loss: -4.8069, saved to checkpoints/rtpp_20260403-100551/best_model_1.pth
2026-04-03 10:06:21,579 INFO src.train.trainer: Last model at epoch 232 saved to checkpoints/rtpp_20260403-100551/last_model_1.pth
2026-04-03 10:06:21,579 INFO src.train.trainer: Epoch 233
2026-04-03 10:06:21,638 INFO src.train.trainer: Last model at epoch 233 saved to checkpoints/rtpp_20260403-100551/last_model_1.pth
2026-04-03 10:06:21,639 INFO src.train.trainer: Epoch 234
2026-04-03 10:06:21,694 INFO src.train.trainer: Last model at epoch 234 saved to checkpoints/rtpp_20260403-100551/last_model_1.pth
2026-04-03 10:06:21,694 INFO src.train.trainer: Epoch 235
2026-04-03 10:06:21,753 INFO src.train.trainer: New best validation loss: -4.8115, saved to checkpoints/rtpp_20260403-100551/best_model_1.pth
2026-04-03 10:06:21,755 INFO src.train.trainer: Last model at epoch 235 saved to checkpoints/rtpp_20260403-100551/last_model_1.pth
2026-04-03 10:06:21,755 INFO src.train.trainer: Epoch 236
2026-04-03 10:06:21,815 INFO src.train.trainer: New best validation loss: -4.8116, saved to checkpoints/rtpp_20260403-100551/best_model_1.pth
2026-04-03 10:06:21,817 INFO src.train.trainer: Last model at epoch 236 saved to checkpoints/rtpp_20260403-100551/last_model_1.pth
2026-04-03 10:06:21,818 INFO src.train.trainer: Epoch 237
2026-04-03 10:06:21,875 INFO src.train.trainer: Last model at epoch 237 saved to checkpoints/rtpp_20260403-100551/last_model_1.pth
2026-04-03 10:06:21,875 INFO src.train.trainer: Epoch 238
2026-04-03 10:06:21,937 INFO src.train.trainer: Last model at epoch 238 saved to checkpoints/rtpp_20260403-100551/last_model_1.pth
2026-04-03 10:06:21,937 INFO src.train.trainer: Epoch 239
2026-04-03 10:06:22,001 INFO src.train.trainer: New best validation loss: -4.8121, saved to checkpoints/rtpp_20260403-100551/best_model_1.pth
2026-04-03 10:06:22,003 INFO src.train.trainer: Last model at epoch 239 saved to checkpoints/rtpp_20260403-100551/last_model_1.pth
2026-04-03 10:06:22,004 INFO src.train.trainer: Epoch 240
2026-04-03 10:06:22,068 INFO src.train.trainer: New best validation loss: -4.8144, saved to checkpoints/rtpp_20260403-100551/best_model_1.pth
2026-04-03 10:06:22,070 INFO src.train.trainer: Last model at epoch 240 saved to checkpoints/rtpp_20260403-100551/last_model_1.pth
2026-04-03 10:06:22,070 INFO src.train.trainer: Epoch 241
2026-04-03 10:06:22,146 INFO src.train.trainer: Last model at epoch 241 saved to checkpoints/rtpp_20260403-100551/last_model_1.pth
2026-04-03 10:06:22,146 INFO src.train.trainer: Epoch 242
2026-04-03 10:06:22,222 INFO src.train.trainer: Last model at epoch 242 saved to checkpoints/rtpp_20260403-100551/last_model_1.pth
2026-04-03 10:06:22,222 INFO src.train.trainer: Epoch 243
2026-04-03 10:06:22,288 INFO src.train.trainer: Last model at epoch 243 saved to checkpoints/rtpp_20260403-100551/last_model_1.pth
2026-04-03 10:06:22,288 INFO src.train.trainer: Epoch 244
2026-04-03 10:06:22,358 INFO src.train.trainer: New best validation loss: -4.8149, saved to checkpoints/rtpp_20260403-100551/best_model_1.pth
2026-04-03 10:06:22,362 INFO src.train.trainer: Last model at epoch 244 saved to checkpoints/rtpp_20260403-100551/last_model_1.pth
2026-04-03 10:06:22,362 INFO src.train.trainer: Epoch 245
2026-04-03 10:06:22,420 INFO src.train.trainer: Last model at epoch 245 saved to checkpoints/rtpp_20260403-100551/last_model_1.pth
2026-04-03 10:06:22,420 INFO src.train.trainer: Epoch 246
2026-04-03 10:06:22,478 INFO src.train.trainer: Last model at epoch 246 saved to checkpoints/rtpp_20260403-100551/last_model_1.pth
2026-04-03 10:06:22,478 INFO src.train.trainer: Epoch 247
2026-04-03 10:06:22,536 INFO src.train.trainer: New best validation loss: -4.8162, saved to checkpoints/rtpp_20260403-100551/best_model_1.pth
2026-04-03 10:06:22,538 INFO src.train.trainer: Last model at epoch 247 saved to checkpoints/rtpp_20260403-100551/last_model_1.pth
2026-04-03 10:06:22,538 INFO src.train.trainer: Epoch 248
2026-04-03 10:06:22,596 INFO src.train.trainer: New best validation loss: -4.8163, saved to checkpoints/rtpp_20260403-100551/best_model_1.pth
2026-04-03 10:06:22,598 INFO src.train.trainer: Last model at epoch 248 saved to checkpoints/rtpp_20260403-100551/last_model_1.pth
2026-04-03 10:06:22,598 INFO src.train.trainer: Epoch 249
2026-04-03 10:06:22,656 INFO src.train.trainer: Last model at epoch 249 saved to checkpoints/rtpp_20260403-100551/last_model_1.pth
2026-04-03 10:06:22,656 INFO src.train.trainer: Epoch 250
2026-04-03 10:06:22,717 INFO src.train.trainer: New best validation loss: -4.8169, saved to checkpoints/rtpp_20260403-100551/best_model_1.pth
2026-04-03 10:06:22,719 INFO src.train.trainer: Last model at epoch 250 saved to checkpoints/rtpp_20260403-100551/last_model_1.pth
2026-04-03 10:06:22,719 INFO src.train.trainer: Epoch 251
2026-04-03 10:06:22,777 INFO src.train.trainer: New best validation loss: -4.8171, saved to checkpoints/rtpp_20260403-100551/best_model_1.pth
2026-04-03 10:06:22,779 INFO src.train.trainer: Last model at epoch 251 saved to checkpoints/rtpp_20260403-100551/last_model_1.pth
2026-04-03 10:06:22,779 INFO src.train.trainer: Epoch 252
2026-04-03 10:06:22,836 INFO src.train.trainer: New best validation loss: -4.8210, saved to checkpoints/rtpp_20260403-100551/best_model_1.pth
2026-04-03 10:06:22,838 INFO src.train.trainer: Last model at epoch 252 saved to checkpoints/rtpp_20260403-100551/last_model_1.pth
2026-04-03 10:06:22,838 INFO src.train.trainer: Epoch 253
2026-04-03 10:06:22,896 INFO src.train.trainer: Last model at epoch 253 saved to checkpoints/rtpp_20260403-100551/last_model_1.pth
2026-04-03 10:06:22,896 INFO src.train.trainer: Epoch 254
2026-04-03 10:06:22,955 INFO src.train.trainer: Last model at epoch 254 saved to checkpoints/rtpp_20260403-100551/last_model_1.pth
2026-04-03 10:06:22,955 INFO src.train.trainer: Epoch 255
2026-04-03 10:06:23,012 INFO src.train.trainer: Last model at epoch 255 saved to checkpoints/rtpp_20260403-100551/last_model_1.pth
2026-04-03 10:06:23,013 INFO src.train.trainer: Epoch 256
2026-04-03 10:06:23,070 INFO src.train.trainer: New best validation loss: -4.8215, saved to checkpoints/rtpp_20260403-100551/best_model_1.pth
2026-04-03 10:06:23,072 INFO src.train.trainer: Last model at epoch 256 saved to checkpoints/rtpp_20260403-100551/last_model_1.pth
2026-04-03 10:06:23,072 INFO src.train.trainer: Epoch 257
2026-04-03 10:06:23,130 INFO src.train.trainer: New best validation loss: -4.8237, saved to checkpoints/rtpp_20260403-100551/best_model_1.pth
2026-04-03 10:06:23,132 INFO src.train.trainer: Last model at epoch 257 saved to checkpoints/rtpp_20260403-100551/last_model_1.pth
2026-04-03 10:06:23,132 INFO src.train.trainer: Epoch 258
2026-04-03 10:06:23,190 INFO src.train.trainer: Last model at epoch 258 saved to checkpoints/rtpp_20260403-100551/last_model_1.pth
2026-04-03 10:06:23,190 INFO src.train.trainer: Epoch 259
2026-04-03 10:06:23,247 INFO src.train.trainer: Last model at epoch 259 saved to checkpoints/rtpp_20260403-100551/last_model_1.pth
2026-04-03 10:06:23,247 INFO src.train.trainer: Epoch 260
2026-04-03 10:06:23,303 INFO src.train.trainer: New best validation loss: -4.8251, saved to checkpoints/rtpp_20260403-100551/best_model_1.pth
2026-04-03 10:06:23,305 INFO src.train.trainer: Last model at epoch 260 saved to checkpoints/rtpp_20260403-100551/last_model_1.pth
2026-04-03 10:06:23,305 INFO src.train.trainer: Epoch 261
2026-04-03 10:06:23,363 INFO src.train.trainer: New best validation loss: -4.8290, saved to checkpoints/rtpp_20260403-100551/best_model_1.pth
2026-04-03 10:06:23,365 INFO src.train.trainer: Last model at epoch 261 saved to checkpoints/rtpp_20260403-100551/last_model_1.pth
2026-04-03 10:06:23,365 INFO src.train.trainer: Epoch 262
2026-04-03 10:06:23,422 INFO src.train.trainer: Last model at epoch 262 saved to checkpoints/rtpp_20260403-100551/last_model_1.pth
2026-04-03 10:06:23,422 INFO src.train.trainer: Epoch 263
2026-04-03 10:06:23,482 INFO src.train.trainer: Last model at epoch 263 saved to checkpoints/rtpp_20260403-100551/last_model_1.pth
2026-04-03 10:06:23,482 INFO src.train.trainer: Epoch 264
2026-04-03 10:06:23,540 INFO src.train.trainer: Last model at epoch 264 saved to checkpoints/rtpp_20260403-100551/last_model_1.pth
2026-04-03 10:06:23,540 INFO src.train.trainer: Epoch 265
2026-04-03 10:06:23,601 INFO src.train.trainer: Last model at epoch 265 saved to checkpoints/rtpp_20260403-100551/last_model_1.pth
2026-04-03 10:06:23,601 INFO src.train.trainer: Epoch 266
2026-04-03 10:06:23,661 INFO src.train.trainer: Last model at epoch 266 saved to checkpoints/rtpp_20260403-100551/last_model_1.pth
2026-04-03 10:06:23,661 INFO src.train.trainer: Epoch 267
2026-04-03 10:06:23,722 INFO src.train.trainer: Last model at epoch 267 saved to checkpoints/rtpp_20260403-100551/last_model_1.pth
2026-04-03 10:06:23,723 INFO src.train.trainer: Epoch 268
2026-04-03 10:06:23,785 INFO src.train.trainer: Last model at epoch 268 saved to checkpoints/rtpp_20260403-100551/last_model_1.pth
2026-04-03 10:06:23,785 INFO src.train.trainer: Epoch 269
2026-04-03 10:06:23,848 INFO src.train.trainer: Last model at epoch 269 saved to checkpoints/rtpp_20260403-100551/last_model_1.pth
2026-04-03 10:06:23,848 INFO src.train.trainer: Epoch 270
2026-04-03 10:06:23,910 INFO src.train.trainer: Last model at epoch 270 saved to checkpoints/rtpp_20260403-100551/last_model_1.pth
2026-04-03 10:06:23,910 INFO src.train.trainer: Epoch 271
2026-04-03 10:06:23,966 INFO src.train.trainer: Last model at epoch 271 saved to checkpoints/rtpp_20260403-100551/last_model_1.pth
2026-04-03 10:06:23,966 INFO src.train.trainer: Epoch 272
2026-04-03 10:06:24,020 INFO src.train.trainer: Last model at epoch 272 saved to checkpoints/rtpp_20260403-100551/last_model_1.pth
2026-04-03 10:06:24,020 INFO src.train.trainer: Epoch 273
2026-04-03 10:06:24,076 INFO src.train.trainer: Last model at epoch 273 saved to checkpoints/rtpp_20260403-100551/last_model_1.pth
2026-04-03 10:06:24,076 INFO src.train.trainer: Epoch 274
2026-04-03 10:06:24,132 INFO src.train.trainer: Last model at epoch 274 saved to checkpoints/rtpp_20260403-100551/last_model_1.pth
2026-04-03 10:06:24,132 INFO src.train.trainer: Epoch 275
2026-04-03 10:06:24,190 INFO src.train.trainer: Last model at epoch 275 saved to checkpoints/rtpp_20260403-100551/last_model_1.pth
2026-04-03 10:06:24,190 INFO src.train.trainer: Epoch 276
2026-04-03 10:06:24,246 INFO src.train.trainer: Last model at epoch 276 saved to checkpoints/rtpp_20260403-100551/last_model_1.pth
2026-04-03 10:06:24,246 INFO src.train.trainer: Epoch 277
2026-04-03 10:06:24,303 INFO src.train.trainer: Last model at epoch 277 saved to checkpoints/rtpp_20260403-100551/last_model_1.pth
2026-04-03 10:06:24,303 INFO src.train.trainer: Epoch 278
2026-04-03 10:06:24,363 INFO src.train.trainer: Last model at epoch 278 saved to checkpoints/rtpp_20260403-100551/last_model_1.pth
2026-04-03 10:06:24,363 INFO src.train.trainer: Epoch 279
2026-04-03 10:06:24,433 INFO src.train.trainer: Last model at epoch 279 saved to checkpoints/rtpp_20260403-100551/last_model_1.pth
2026-04-03 10:06:24,433 INFO src.train.trainer: Epoch 280
2026-04-03 10:06:24,493 INFO src.train.trainer: New best validation loss: -4.8300, saved to checkpoints/rtpp_20260403-100551/best_model_1.pth
2026-04-03 10:06:24,495 INFO src.train.trainer: Last model at epoch 280 saved to checkpoints/rtpp_20260403-100551/last_model_1.pth
2026-04-03 10:06:24,496 INFO src.train.trainer: Epoch 281
2026-04-03 10:06:24,557 INFO src.train.trainer: Last model at epoch 281 saved to checkpoints/rtpp_20260403-100551/last_model_1.pth
2026-04-03 10:06:24,557 INFO src.train.trainer: Epoch 282
2026-04-03 10:06:24,623 INFO src.train.trainer: Last model at epoch 282 saved to checkpoints/rtpp_20260403-100551/last_model_1.pth
2026-04-03 10:06:24,623 INFO src.train.trainer: Epoch 283
2026-04-03 10:06:24,700 INFO src.train.trainer: Last model at epoch 283 saved to checkpoints/rtpp_20260403-100551/last_model_1.pth
2026-04-03 10:06:24,700 INFO src.train.trainer: Epoch 284
2026-04-03 10:06:24,762 INFO src.train.trainer: New best validation loss: -4.8337, saved to checkpoints/rtpp_20260403-100551/best_model_1.pth
2026-04-03 10:06:24,764 INFO src.train.trainer: Last model at epoch 284 saved to checkpoints/rtpp_20260403-100551/last_model_1.pth
2026-04-03 10:06:24,764 INFO src.train.trainer: Epoch 285
2026-04-03 10:06:24,823 INFO src.train.trainer: Last model at epoch 285 saved to checkpoints/rtpp_20260403-100551/last_model_1.pth
2026-04-03 10:06:24,824 INFO src.train.trainer: Epoch 286
2026-04-03 10:06:24,882 INFO src.train.trainer: Last model at epoch 286 saved to checkpoints/rtpp_20260403-100551/last_model_1.pth
2026-04-03 10:06:24,882 INFO src.train.trainer: Epoch 287
2026-04-03 10:06:24,941 INFO src.train.trainer: Last model at epoch 287 saved to checkpoints/rtpp_20260403-100551/last_model_1.pth
2026-04-03 10:06:24,941 INFO src.train.trainer: Epoch 288
2026-04-03 10:06:25,002 INFO src.train.trainer: New best validation loss: -4.8350, saved to checkpoints/rtpp_20260403-100551/best_model_1.pth
2026-04-03 10:06:25,004 INFO src.train.trainer: Last model at epoch 288 saved to checkpoints/rtpp_20260403-100551/last_model_1.pth
2026-04-03 10:06:25,004 INFO src.train.trainer: Epoch 289
2026-04-03 10:06:25,067 INFO src.train.trainer: Last model at epoch 289 saved to checkpoints/rtpp_20260403-100551/last_model_1.pth
2026-04-03 10:06:25,067 INFO src.train.trainer: Epoch 290
2026-04-03 10:06:25,123 INFO src.train.trainer: Last model at epoch 290 saved to checkpoints/rtpp_20260403-100551/last_model_1.pth
2026-04-03 10:06:25,124 INFO src.train.trainer: Epoch 291
2026-04-03 10:06:25,181 INFO src.train.trainer: New best validation loss: -4.8358, saved to checkpoints/rtpp_20260403-100551/best_model_1.pth
2026-04-03 10:06:25,184 INFO src.train.trainer: Last model at epoch 291 saved to checkpoints/rtpp_20260403-100551/last_model_1.pth
2026-04-03 10:06:25,184 INFO src.train.trainer: Epoch 292
2026-04-03 10:06:25,241 INFO src.train.trainer: Last model at epoch 292 saved to checkpoints/rtpp_20260403-100551/last_model_1.pth
2026-04-03 10:06:25,241 INFO src.train.trainer: Epoch 293
2026-04-03 10:06:25,332 INFO src.train.trainer: Last model at epoch 293 saved to checkpoints/rtpp_20260403-100551/last_model_1.pth
2026-04-03 10:06:25,332 INFO src.train.trainer: Epoch 294
2026-04-03 10:06:25,393 INFO src.train.trainer: Last model at epoch 294 saved to checkpoints/rtpp_20260403-100551/last_model_1.pth
2026-04-03 10:06:25,393 INFO src.train.trainer: Epoch 295
2026-04-03 10:06:25,457 INFO src.train.trainer: New best validation loss: -4.8380, saved to checkpoints/rtpp_20260403-100551/best_model_1.pth
2026-04-03 10:06:25,460 INFO src.train.trainer: Last model at epoch 295 saved to checkpoints/rtpp_20260403-100551/last_model_1.pth
2026-04-03 10:06:25,460 INFO src.train.trainer: Epoch 296
2026-04-03 10:06:25,527 INFO src.train.trainer: Last model at epoch 296 saved to checkpoints/rtpp_20260403-100551/last_model_1.pth
2026-04-03 10:06:25,527 INFO src.train.trainer: Epoch 297
2026-04-03 10:06:25,590 INFO src.train.trainer: Last model at epoch 297 saved to checkpoints/rtpp_20260403-100551/last_model_1.pth
2026-04-03 10:06:25,590 INFO src.train.trainer: Epoch 298
2026-04-03 10:06:25,654 INFO src.train.trainer: Last model at epoch 298 saved to checkpoints/rtpp_20260403-100551/last_model_1.pth
2026-04-03 10:06:25,654 INFO src.train.trainer: Epoch 299
2026-04-03 10:06:25,721 INFO src.train.trainer: New best validation loss: -4.8418, saved to checkpoints/rtpp_20260403-100551/best_model_1.pth
2026-04-03 10:06:25,723 INFO src.train.trainer: Last model at epoch 299 saved to checkpoints/rtpp_20260403-100551/last_model_1.pth
2026-04-03 10:06:25,723 INFO src.train.trainer: Epoch 300
2026-04-03 10:06:25,789 INFO src.train.trainer: Last model at epoch 300 saved to checkpoints/rtpp_20260403-100551/last_model_1.pth
2026-04-03 10:06:25,789 INFO src.train.trainer: Epoch 301
2026-04-03 10:06:25,853 INFO src.train.trainer: Last model at epoch 301 saved to checkpoints/rtpp_20260403-100551/last_model_1.pth
2026-04-03 10:06:25,853 INFO src.train.trainer: Epoch 302
2026-04-03 10:06:25,918 INFO src.train.trainer: Last model at epoch 302 saved to checkpoints/rtpp_20260403-100551/last_model_1.pth
2026-04-03 10:06:25,918 INFO src.train.trainer: Epoch 303
2026-04-03 10:06:25,984 INFO src.train.trainer: New best validation loss: -4.8429, saved to checkpoints/rtpp_20260403-100551/best_model_1.pth
2026-04-03 10:06:25,986 INFO src.train.trainer: Last model at epoch 303 saved to checkpoints/rtpp_20260403-100551/last_model_1.pth
2026-04-03 10:06:25,986 INFO src.train.trainer: Epoch 304
2026-04-03 10:06:26,051 INFO src.train.trainer: Last model at epoch 304 saved to checkpoints/rtpp_20260403-100551/last_model_1.pth
2026-04-03 10:06:26,052 INFO src.train.trainer: Epoch 305
2026-04-03 10:06:26,116 INFO src.train.trainer: Last model at epoch 305 saved to checkpoints/rtpp_20260403-100551/last_model_1.pth
2026-04-03 10:06:26,116 INFO src.train.trainer: Epoch 306
2026-04-03 10:06:26,182 INFO src.train.trainer: New best validation loss: -4.8467, saved to checkpoints/rtpp_20260403-100551/best_model_1.pth
2026-04-03 10:06:26,185 INFO src.train.trainer: Last model at epoch 306 saved to checkpoints/rtpp_20260403-100551/last_model_1.pth
2026-04-03 10:06:26,185 INFO src.train.trainer: Epoch 307
2026-04-03 10:06:26,250 INFO src.train.trainer: Last model at epoch 307 saved to checkpoints/rtpp_20260403-100551/last_model_1.pth
2026-04-03 10:06:26,250 INFO src.train.trainer: Epoch 308
2026-04-03 10:06:26,314 INFO src.train.trainer: Last model at epoch 308 saved to checkpoints/rtpp_20260403-100551/last_model_1.pth
2026-04-03 10:06:26,314 INFO src.train.trainer: Epoch 309
2026-04-03 10:06:26,377 INFO src.train.trainer: Last model at epoch 309 saved to checkpoints/rtpp_20260403-100551/last_model_1.pth
2026-04-03 10:06:26,377 INFO src.train.trainer: Epoch 310
2026-04-03 10:06:26,444 INFO src.train.trainer: New best validation loss: -4.8517, saved to checkpoints/rtpp_20260403-100551/best_model_1.pth
2026-04-03 10:06:26,446 INFO src.train.trainer: Last model at epoch 310 saved to checkpoints/rtpp_20260403-100551/last_model_1.pth
2026-04-03 10:06:26,446 INFO src.train.trainer: Epoch 311
2026-04-03 10:06:26,511 INFO src.train.trainer: Last model at epoch 311 saved to checkpoints/rtpp_20260403-100551/last_model_1.pth
2026-04-03 10:06:26,511 INFO src.train.trainer: Epoch 312
2026-04-03 10:06:26,574 INFO src.train.trainer: Last model at epoch 312 saved to checkpoints/rtpp_20260403-100551/last_model_1.pth
2026-04-03 10:06:26,574 INFO src.train.trainer: Epoch 313
2026-04-03 10:06:26,640 INFO src.train.trainer: Last model at epoch 313 saved to checkpoints/rtpp_20260403-100551/last_model_1.pth
2026-04-03 10:06:26,640 INFO src.train.trainer: Epoch 314
2026-04-03 10:06:26,706 INFO src.train.trainer: New best validation loss: -4.8551, saved to checkpoints/rtpp_20260403-100551/best_model_1.pth
2026-04-03 10:06:26,708 INFO src.train.trainer: Last model at epoch 314 saved to checkpoints/rtpp_20260403-100551/last_model_1.pth
2026-04-03 10:06:26,708 INFO src.train.trainer: Epoch 315
2026-04-03 10:06:26,772 INFO src.train.trainer: Last model at epoch 315 saved to checkpoints/rtpp_20260403-100551/last_model_1.pth
2026-04-03 10:06:26,772 INFO src.train.trainer: Epoch 316
2026-04-03 10:06:26,839 INFO src.train.trainer: Last model at epoch 316 saved to checkpoints/rtpp_20260403-100551/last_model_1.pth
2026-04-03 10:06:26,839 INFO src.train.trainer: Epoch 317
2026-04-03 10:06:26,905 INFO src.train.trainer: New best validation loss: -4.8582, saved to checkpoints/rtpp_20260403-100551/best_model_1.pth
2026-04-03 10:06:26,908 INFO src.train.trainer: Last model at epoch 317 saved to checkpoints/rtpp_20260403-100551/last_model_1.pth
2026-04-03 10:06:26,908 INFO src.train.trainer: Epoch 318
2026-04-03 10:06:26,974 INFO src.train.trainer: Last model at epoch 318 saved to checkpoints/rtpp_20260403-100551/last_model_1.pth
2026-04-03 10:06:26,974 INFO src.train.trainer: Epoch 319
2026-04-03 10:06:27,039 INFO src.train.trainer: Last model at epoch 319 saved to checkpoints/rtpp_20260403-100551/last_model_1.pth
2026-04-03 10:06:27,039 INFO src.train.trainer: Epoch 320
2026-04-03 10:06:27,106 INFO src.train.trainer: Last model at epoch 320 saved to checkpoints/rtpp_20260403-100551/last_model_1.pth
2026-04-03 10:06:27,106 INFO src.train.trainer: Epoch 321
2026-04-03 10:06:27,174 INFO src.train.trainer: Last model at epoch 321 saved to checkpoints/rtpp_20260403-100551/last_model_1.pth
2026-04-03 10:06:27,174 INFO src.train.trainer: Epoch 322
2026-04-03 10:06:27,243 INFO src.train.trainer: Last model at epoch 322 saved to checkpoints/rtpp_20260403-100551/last_model_1.pth
2026-04-03 10:06:27,243 INFO src.train.trainer: Epoch 323
2026-04-03 10:06:27,312 INFO src.train.trainer: Last model at epoch 323 saved to checkpoints/rtpp_20260403-100551/last_model_1.pth
2026-04-03 10:06:27,312 INFO src.train.trainer: Epoch 324
2026-04-03 10:06:27,378 INFO src.train.trainer: New best validation loss: -4.8635, saved to checkpoints/rtpp_20260403-100551/best_model_1.pth
2026-04-03 10:06:27,381 INFO src.train.trainer: Last model at epoch 324 saved to checkpoints/rtpp_20260403-100551/last_model_1.pth
2026-04-03 10:06:27,381 INFO src.train.trainer: Epoch 325
2026-04-03 10:06:27,446 INFO src.train.trainer: Last model at epoch 325 saved to checkpoints/rtpp_20260403-100551/last_model_1.pth
2026-04-03 10:06:27,446 INFO src.train.trainer: Epoch 326
2026-04-03 10:06:27,512 INFO src.train.trainer: Last model at epoch 326 saved to checkpoints/rtpp_20260403-100551/last_model_1.pth
2026-04-03 10:06:27,513 INFO src.train.trainer: Epoch 327
2026-04-03 10:06:27,583 INFO src.train.trainer: Last model at epoch 327 saved to checkpoints/rtpp_20260403-100551/last_model_1.pth
2026-04-03 10:06:27,583 INFO src.train.trainer: Epoch 328
2026-04-03 10:06:27,648 INFO src.train.trainer: New best validation loss: -4.8647, saved to checkpoints/rtpp_20260403-100551/best_model_1.pth
2026-04-03 10:06:27,651 INFO src.train.trainer: Last model at epoch 328 saved to checkpoints/rtpp_20260403-100551/last_model_1.pth
2026-04-03 10:06:27,651 INFO src.train.trainer: Epoch 329
2026-04-03 10:06:27,713 INFO src.train.trainer: Last model at epoch 329 saved to checkpoints/rtpp_20260403-100551/last_model_1.pth
2026-04-03 10:06:27,713 INFO src.train.trainer: Epoch 330
2026-04-03 10:06:27,779 INFO src.train.trainer: Last model at epoch 330 saved to checkpoints/rtpp_20260403-100551/last_model_1.pth
2026-04-03 10:06:27,779 INFO src.train.trainer: Epoch 331
2026-04-03 10:06:27,845 INFO src.train.trainer: Last model at epoch 331 saved to checkpoints/rtpp_20260403-100551/last_model_1.pth
2026-04-03 10:06:27,845 INFO src.train.trainer: Epoch 332
2026-04-03 10:06:27,911 INFO src.train.trainer: New best validation loss: -4.8693, saved to checkpoints/rtpp_20260403-100551/best_model_1.pth
2026-04-03 10:06:27,913 INFO src.train.trainer: Last model at epoch 332 saved to checkpoints/rtpp_20260403-100551/last_model_1.pth
2026-04-03 10:06:27,913 INFO src.train.trainer: Epoch 333
2026-04-03 10:06:27,978 INFO src.train.trainer: Last model at epoch 333 saved to checkpoints/rtpp_20260403-100551/last_model_1.pth
2026-04-03 10:06:27,978 INFO src.train.trainer: Epoch 334
2026-04-03 10:06:28,047 INFO src.train.trainer: Last model at epoch 334 saved to checkpoints/rtpp_20260403-100551/last_model_1.pth
2026-04-03 10:06:28,047 INFO src.train.trainer: Epoch 335
2026-04-03 10:06:28,115 INFO src.train.trainer: New best validation loss: -4.8699, saved to checkpoints/rtpp_20260403-100551/best_model_1.pth
2026-04-03 10:06:28,117 INFO src.train.trainer: Last model at epoch 335 saved to checkpoints/rtpp_20260403-100551/last_model_1.pth
2026-04-03 10:06:28,117 INFO src.train.trainer: Epoch 336
2026-04-03 10:06:28,183 INFO src.train.trainer: Last model at epoch 336 saved to checkpoints/rtpp_20260403-100551/last_model_1.pth
2026-04-03 10:06:28,183 INFO src.train.trainer: Epoch 337
2026-04-03 10:06:28,245 INFO src.train.trainer: Last model at epoch 337 saved to checkpoints/rtpp_20260403-100551/last_model_1.pth
2026-04-03 10:06:28,245 INFO src.train.trainer: Epoch 338
2026-04-03 10:06:28,305 INFO src.train.trainer: Last model at epoch 338 saved to checkpoints/rtpp_20260403-100551/last_model_1.pth
2026-04-03 10:06:28,305 INFO src.train.trainer: Epoch 339
2026-04-03 10:06:28,365 INFO src.train.trainer: New best validation loss: -4.8739, saved to checkpoints/rtpp_20260403-100551/best_model_1.pth
2026-04-03 10:06:28,367 INFO src.train.trainer: Last model at epoch 339 saved to checkpoints/rtpp_20260403-100551/last_model_1.pth
2026-04-03 10:06:28,367 INFO src.train.trainer: Epoch 340
2026-04-03 10:06:28,427 INFO src.train.trainer: Last model at epoch 340 saved to checkpoints/rtpp_20260403-100551/last_model_1.pth
2026-04-03 10:06:28,427 INFO src.train.trainer: Epoch 341
2026-04-03 10:06:28,489 INFO src.train.trainer: Last model at epoch 341 saved to checkpoints/rtpp_20260403-100551/last_model_1.pth
2026-04-03 10:06:28,489 INFO src.train.trainer: Epoch 342
2026-04-03 10:06:28,553 INFO src.train.trainer: Last model at epoch 342 saved to checkpoints/rtpp_20260403-100551/last_model_1.pth
2026-04-03 10:06:28,553 INFO src.train.trainer: Epoch 343
2026-04-03 10:06:28,619 INFO src.train.trainer: New best validation loss: -4.8755, saved to checkpoints/rtpp_20260403-100551/best_model_1.pth
2026-04-03 10:06:28,621 INFO src.train.trainer: Last model at epoch 343 saved to checkpoints/rtpp_20260403-100551/last_model_1.pth
2026-04-03 10:06:28,622 INFO src.train.trainer: Epoch 344
2026-04-03 10:06:28,685 INFO src.train.trainer: Last model at epoch 344 saved to checkpoints/rtpp_20260403-100551/last_model_1.pth
2026-04-03 10:06:28,685 INFO src.train.trainer: Epoch 345
2026-04-03 10:06:28,747 INFO src.train.trainer: Last model at epoch 345 saved to checkpoints/rtpp_20260403-100551/last_model_1.pth
2026-04-03 10:06:28,747 INFO src.train.trainer: Epoch 346
2026-04-03 10:06:28,811 INFO src.train.trainer: Last model at epoch 346 saved to checkpoints/rtpp_20260403-100551/last_model_1.pth
2026-04-03 10:06:28,811 INFO src.train.trainer: Epoch 347
2026-04-03 10:06:28,876 INFO src.train.trainer: Last model at epoch 347 saved to checkpoints/rtpp_20260403-100551/last_model_1.pth
2026-04-03 10:06:28,876 INFO src.train.trainer: Epoch 348
2026-04-03 10:06:28,942 INFO src.train.trainer: Last model at epoch 348 saved to checkpoints/rtpp_20260403-100551/last_model_1.pth
2026-04-03 10:06:28,942 INFO src.train.trainer: Epoch 349
2026-04-03 10:06:29,007 INFO src.train.trainer: Last model at epoch 349 saved to checkpoints/rtpp_20260403-100551/last_model_1.pth
2026-04-03 10:06:29,007 INFO src.train.trainer: Epoch 350
2026-04-03 10:06:29,072 INFO src.train.trainer: Last model at epoch 350 saved to checkpoints/rtpp_20260403-100551/last_model_1.pth
2026-04-03 10:06:29,073 INFO src.train.trainer: Epoch 351
2026-04-03 10:06:29,134 INFO src.train.trainer: New best validation loss: -4.8760, saved to checkpoints/rtpp_20260403-100551/best_model_1.pth
2026-04-03 10:06:29,137 INFO src.train.trainer: Last model at epoch 351 saved to checkpoints/rtpp_20260403-100551/last_model_1.pth
2026-04-03 10:06:29,137 INFO src.train.trainer: Epoch 352
2026-04-03 10:06:29,202 INFO src.train.trainer: Last model at epoch 352 saved to checkpoints/rtpp_20260403-100551/last_model_1.pth
2026-04-03 10:06:29,202 INFO src.train.trainer: Epoch 353
2026-04-03 10:06:29,266 INFO src.train.trainer: Last model at epoch 353 saved to checkpoints/rtpp_20260403-100551/last_model_1.pth
2026-04-03 10:06:29,266 INFO src.train.trainer: Epoch 354
2026-04-03 10:06:29,331 INFO src.train.trainer: Last model at epoch 354 saved to checkpoints/rtpp_20260403-100551/last_model_1.pth
2026-04-03 10:06:29,331 INFO src.train.trainer: Epoch 355
2026-04-03 10:06:29,394 INFO src.train.trainer: New best validation loss: -4.8773, saved to checkpoints/rtpp_20260403-100551/best_model_1.pth
2026-04-03 10:06:29,396 INFO src.train.trainer: Last model at epoch 355 saved to checkpoints/rtpp_20260403-100551/last_model_1.pth
2026-04-03 10:06:29,396 INFO src.train.trainer: Epoch 356
2026-04-03 10:06:29,461 INFO src.train.trainer: Last model at epoch 356 saved to checkpoints/rtpp_20260403-100551/last_model_1.pth
2026-04-03 10:06:29,461 INFO src.train.trainer: Epoch 357
2026-04-03 10:06:29,523 INFO src.train.trainer: Last model at epoch 357 saved to checkpoints/rtpp_20260403-100551/last_model_1.pth
2026-04-03 10:06:29,523 INFO src.train.trainer: Epoch 358
2026-04-03 10:06:29,585 INFO src.train.trainer: New best validation loss: -4.8774, saved to checkpoints/rtpp_20260403-100551/best_model_1.pth
2026-04-03 10:06:29,588 INFO src.train.trainer: Last model at epoch 358 saved to checkpoints/rtpp_20260403-100551/last_model_1.pth
2026-04-03 10:06:29,588 INFO src.train.trainer: Epoch 359
2026-04-03 10:06:29,653 INFO src.train.trainer: New best validation loss: -4.8798, saved to checkpoints/rtpp_20260403-100551/best_model_1.pth
2026-04-03 10:06:29,656 INFO src.train.trainer: Last model at epoch 359 saved to checkpoints/rtpp_20260403-100551/last_model_1.pth
2026-04-03 10:06:29,656 INFO src.train.trainer: Epoch 360
2026-04-03 10:06:29,722 INFO src.train.trainer: Last model at epoch 360 saved to checkpoints/rtpp_20260403-100551/last_model_1.pth
2026-04-03 10:06:29,722 INFO src.train.trainer: Epoch 361
2026-04-03 10:06:29,784 INFO src.train.trainer: Last model at epoch 361 saved to checkpoints/rtpp_20260403-100551/last_model_1.pth
2026-04-03 10:06:29,784 INFO src.train.trainer: Epoch 362
2026-04-03 10:06:29,847 INFO src.train.trainer: Last model at epoch 362 saved to checkpoints/rtpp_20260403-100551/last_model_1.pth
2026-04-03 10:06:29,847 INFO src.train.trainer: Epoch 363
2026-04-03 10:06:29,913 INFO src.train.trainer: Last model at epoch 363 saved to checkpoints/rtpp_20260403-100551/last_model_1.pth
2026-04-03 10:06:29,913 INFO src.train.trainer: Epoch 364
2026-04-03 10:06:29,977 INFO src.train.trainer: Last model at epoch 364 saved to checkpoints/rtpp_20260403-100551/last_model_1.pth
2026-04-03 10:06:29,977 INFO src.train.trainer: Epoch 365
2026-04-03 10:06:30,041 INFO src.train.trainer: New best validation loss: -4.8802, saved to checkpoints/rtpp_20260403-100551/best_model_1.pth
2026-04-03 10:06:30,043 INFO src.train.trainer: Last model at epoch 365 saved to checkpoints/rtpp_20260403-100551/last_model_1.pth
2026-04-03 10:06:30,043 INFO src.train.trainer: Epoch 366
2026-04-03 10:06:30,109 INFO src.train.trainer: Last model at epoch 366 saved to checkpoints/rtpp_20260403-100551/last_model_1.pth
2026-04-03 10:06:30,109 INFO src.train.trainer: Epoch 367
2026-04-03 10:06:30,173 INFO src.train.trainer: New best validation loss: -4.8809, saved to checkpoints/rtpp_20260403-100551/best_model_1.pth
2026-04-03 10:06:30,175 INFO src.train.trainer: Last model at epoch 367 saved to checkpoints/rtpp_20260403-100551/last_model_1.pth
2026-04-03 10:06:30,175 INFO src.train.trainer: Epoch 368
2026-04-03 10:06:30,541 INFO src.train.trainer: New best validation loss: -4.8818, saved to checkpoints/rtpp_20260403-100551/best_model_1.pth
2026-04-03 10:06:30,543 INFO src.train.trainer: Last model at epoch 368 saved to checkpoints/rtpp_20260403-100551/last_model_1.pth
2026-04-03 10:06:30,544 INFO src.train.trainer: Epoch 369
2026-04-03 10:06:30,614 INFO src.train.trainer: New best validation loss: -4.8836, saved to checkpoints/rtpp_20260403-100551/best_model_1.pth
2026-04-03 10:06:30,617 INFO src.train.trainer: Last model at epoch 369 saved to checkpoints/rtpp_20260403-100551/last_model_1.pth
2026-04-03 10:06:30,617 INFO src.train.trainer: Epoch 370
2026-04-03 10:06:30,692 INFO src.train.trainer: New best validation loss: -4.8853, saved to checkpoints/rtpp_20260403-100551/best_model_1.pth
2026-04-03 10:06:30,695 INFO src.train.trainer: Last model at epoch 370 saved to checkpoints/rtpp_20260403-100551/last_model_1.pth
2026-04-03 10:06:30,695 INFO src.train.trainer: Epoch 371
2026-04-03 10:06:30,768 INFO src.train.trainer: Last model at epoch 371 saved to checkpoints/rtpp_20260403-100551/last_model_1.pth
2026-04-03 10:06:30,768 INFO src.train.trainer: Epoch 372
2026-04-03 10:06:30,835 INFO src.train.trainer: New best validation loss: -4.8871, saved to checkpoints/rtpp_20260403-100551/best_model_1.pth
2026-04-03 10:06:30,837 INFO src.train.trainer: Last model at epoch 372 saved to checkpoints/rtpp_20260403-100551/last_model_1.pth
2026-04-03 10:06:30,837 INFO src.train.trainer: Epoch 373
2026-04-03 10:06:30,903 INFO src.train.trainer: New best validation loss: -4.8893, saved to checkpoints/rtpp_20260403-100551/best_model_1.pth
2026-04-03 10:06:30,905 INFO src.train.trainer: Last model at epoch 373 saved to checkpoints/rtpp_20260403-100551/last_model_1.pth
2026-04-03 10:06:30,905 INFO src.train.trainer: Epoch 374
2026-04-03 10:06:30,972 INFO src.train.trainer: Last model at epoch 374 saved to checkpoints/rtpp_20260403-100551/last_model_1.pth
2026-04-03 10:06:30,972 INFO src.train.trainer: Epoch 375
2026-04-03 10:06:31,034 INFO src.train.trainer: Last model at epoch 375 saved to checkpoints/rtpp_20260403-100551/last_model_1.pth
2026-04-03 10:06:31,034 INFO src.train.trainer: Epoch 376
2026-04-03 10:06:31,100 INFO src.train.trainer: New best validation loss: -4.8912, saved to checkpoints/rtpp_20260403-100551/best_model_1.pth
2026-04-03 10:06:31,103 INFO src.train.trainer: Last model at epoch 376 saved to checkpoints/rtpp_20260403-100551/last_model_1.pth
2026-04-03 10:06:31,103 INFO src.train.trainer: Epoch 377
2026-04-03 10:06:31,168 INFO src.train.trainer: Last model at epoch 377 saved to checkpoints/rtpp_20260403-100551/last_model_1.pth
2026-04-03 10:06:31,169 INFO src.train.trainer: Epoch 378
2026-04-03 10:06:31,234 INFO src.train.trainer: Last model at epoch 378 saved to checkpoints/rtpp_20260403-100551/last_model_1.pth
2026-04-03 10:06:31,234 INFO src.train.trainer: Epoch 379
2026-04-03 10:06:31,301 INFO src.train.trainer: Last model at epoch 379 saved to checkpoints/rtpp_20260403-100551/last_model_1.pth
2026-04-03 10:06:31,301 INFO src.train.trainer: Epoch 380
2026-04-03 10:06:31,368 INFO src.train.trainer: New best validation loss: -4.8926, saved to checkpoints/rtpp_20260403-100551/best_model_1.pth
2026-04-03 10:06:31,371 INFO src.train.trainer: Last model at epoch 380 saved to checkpoints/rtpp_20260403-100551/last_model_1.pth
2026-04-03 10:06:31,371 INFO src.train.trainer: Epoch 381
2026-04-03 10:06:31,438 INFO src.train.trainer: Last model at epoch 381 saved to checkpoints/rtpp_20260403-100551/last_model_1.pth
2026-04-03 10:06:31,438 INFO src.train.trainer: Epoch 382
2026-04-03 10:06:31,501 INFO src.train.trainer: Last model at epoch 382 saved to checkpoints/rtpp_20260403-100551/last_model_1.pth
2026-04-03 10:06:31,501 INFO src.train.trainer: Epoch 383
2026-04-03 10:06:31,564 INFO src.train.trainer: Last model at epoch 383 saved to checkpoints/rtpp_20260403-100551/last_model_1.pth
2026-04-03 10:06:31,565 INFO src.train.trainer: Epoch 384
2026-04-03 10:06:31,630 INFO src.train.trainer: Last model at epoch 384 saved to checkpoints/rtpp_20260403-100551/last_model_1.pth
2026-04-03 10:06:31,630 INFO src.train.trainer: Epoch 385
2026-04-03 10:06:31,693 INFO src.train.trainer: Last model at epoch 385 saved to checkpoints/rtpp_20260403-100551/last_model_1.pth
2026-04-03 10:06:31,693 INFO src.train.trainer: Epoch 386
2026-04-03 10:06:31,758 INFO src.train.trainer: New best validation loss: -4.8946, saved to checkpoints/rtpp_20260403-100551/best_model_1.pth
2026-04-03 10:06:31,760 INFO src.train.trainer: Last model at epoch 386 saved to checkpoints/rtpp_20260403-100551/last_model_1.pth
2026-04-03 10:06:31,761 INFO src.train.trainer: Epoch 387
2026-04-03 10:06:31,824 INFO src.train.trainer: Last model at epoch 387 saved to checkpoints/rtpp_20260403-100551/last_model_1.pth
2026-04-03 10:06:31,824 INFO src.train.trainer: Epoch 388
2026-04-03 10:06:31,886 INFO src.train.trainer: Last model at epoch 388 saved to checkpoints/rtpp_20260403-100551/last_model_1.pth
2026-04-03 10:06:31,886 INFO src.train.trainer: Epoch 389
2026-04-03 10:06:31,951 INFO src.train.trainer: New best validation loss: -4.8966, saved to checkpoints/rtpp_20260403-100551/best_model_1.pth
2026-04-03 10:06:31,954 INFO src.train.trainer: Last model at epoch 389 saved to checkpoints/rtpp_20260403-100551/last_model_1.pth
2026-04-03 10:06:31,954 INFO src.train.trainer: Epoch 390
2026-04-03 10:06:32,016 INFO src.train.trainer: New best validation loss: -4.8978, saved to checkpoints/rtpp_20260403-100551/best_model_1.pth
2026-04-03 10:06:32,019 INFO src.train.trainer: Last model at epoch 390 saved to checkpoints/rtpp_20260403-100551/last_model_1.pth
2026-04-03 10:06:32,019 INFO src.train.trainer: Epoch 391
2026-04-03 10:06:32,084 INFO src.train.trainer: Last model at epoch 391 saved to checkpoints/rtpp_20260403-100551/last_model_1.pth
2026-04-03 10:06:32,084 INFO src.train.trainer: Epoch 392
2026-04-03 10:06:32,146 INFO src.train.trainer: Last model at epoch 392 saved to checkpoints/rtpp_20260403-100551/last_model_1.pth
2026-04-03 10:06:32,146 INFO src.train.trainer: Epoch 393
2026-04-03 10:06:32,210 INFO src.train.trainer: New best validation loss: -4.9033, saved to checkpoints/rtpp_20260403-100551/best_model_1.pth
2026-04-03 10:06:32,213 INFO src.train.trainer: Last model at epoch 393 saved to checkpoints/rtpp_20260403-100551/last_model_1.pth
2026-04-03 10:06:32,213 INFO src.train.trainer: Epoch 394
2026-04-03 10:06:32,281 INFO src.train.trainer: Last model at epoch 394 saved to checkpoints/rtpp_20260403-100551/last_model_1.pth
2026-04-03 10:06:32,281 INFO src.train.trainer: Epoch 395
2026-04-03 10:06:32,342 INFO src.train.trainer: Last model at epoch 395 saved to checkpoints/rtpp_20260403-100551/last_model_1.pth
2026-04-03 10:06:32,343 INFO src.train.trainer: Epoch 396
2026-04-03 10:06:32,405 INFO src.train.trainer: New best validation loss: -4.9052, saved to checkpoints/rtpp_20260403-100551/best_model_1.pth
2026-04-03 10:06:32,408 INFO src.train.trainer: Last model at epoch 396 saved to checkpoints/rtpp_20260403-100551/last_model_1.pth
2026-04-03 10:06:32,408 INFO src.train.trainer: Epoch 397
2026-04-03 10:06:32,470 INFO src.train.trainer: Last model at epoch 397 saved to checkpoints/rtpp_20260403-100551/last_model_1.pth
2026-04-03 10:06:32,470 INFO src.train.trainer: Epoch 398
2026-04-03 10:06:32,531 INFO src.train.trainer: Last model at epoch 398 saved to checkpoints/rtpp_20260403-100551/last_model_1.pth
2026-04-03 10:06:32,531 INFO src.train.trainer: Epoch 399
2026-04-03 10:06:32,592 INFO src.train.trainer: Last model at epoch 399 saved to checkpoints/rtpp_20260403-100551/last_model_1.pth
2026-04-03 10:06:32,592 INFO src.train.trainer: Epoch 400
2026-04-03 10:06:32,657 INFO src.train.trainer: New best validation loss: -4.9084, saved to checkpoints/rtpp_20260403-100551/best_model_1.pth
2026-04-03 10:06:32,659 INFO src.train.trainer: Last model at epoch 400 saved to checkpoints/rtpp_20260403-100551/last_model_1.pth
2026-04-03 10:06:32,659 INFO src.train.trainer: Epoch 401
2026-04-03 10:06:32,720 INFO src.train.trainer: Last model at epoch 401 saved to checkpoints/rtpp_20260403-100551/last_model_1.pth
2026-04-03 10:06:32,720 INFO src.train.trainer: Epoch 402
2026-04-03 10:06:32,781 INFO src.train.trainer: Last model at epoch 402 saved to checkpoints/rtpp_20260403-100551/last_model_1.pth
2026-04-03 10:06:32,781 INFO src.train.trainer: Epoch 403
2026-04-03 10:06:32,845 INFO src.train.trainer: Last model at epoch 403 saved to checkpoints/rtpp_20260403-100551/last_model_1.pth
2026-04-03 10:06:32,845 INFO src.train.trainer: Epoch 404
2026-04-03 10:06:32,907 INFO src.train.trainer: Last model at epoch 404 saved to checkpoints/rtpp_20260403-100551/last_model_1.pth
2026-04-03 10:06:32,907 INFO src.train.trainer: Epoch 405
2026-04-03 10:06:32,968 INFO src.train.trainer: Last model at epoch 405 saved to checkpoints/rtpp_20260403-100551/last_model_1.pth
2026-04-03 10:06:32,968 INFO src.train.trainer: Epoch 406
2026-04-03 10:06:33,030 INFO src.train.trainer: Last model at epoch 406 saved to checkpoints/rtpp_20260403-100551/last_model_1.pth
2026-04-03 10:06:33,031 INFO src.train.trainer: Epoch 407
2026-04-03 10:06:33,092 INFO src.train.trainer: New best validation loss: -4.9096, saved to checkpoints/rtpp_20260403-100551/best_model_1.pth
2026-04-03 10:06:33,095 INFO src.train.trainer: Last model at epoch 407 saved to checkpoints/rtpp_20260403-100551/last_model_1.pth
2026-04-03 10:06:33,095 INFO src.train.trainer: Epoch 408
2026-04-03 10:06:33,159 INFO src.train.trainer: Last model at epoch 408 saved to checkpoints/rtpp_20260403-100551/last_model_1.pth
2026-04-03 10:06:33,160 INFO src.train.trainer: Epoch 409
2026-04-03 10:06:33,222 INFO src.train.trainer: Last model at epoch 409 saved to checkpoints/rtpp_20260403-100551/last_model_1.pth
2026-04-03 10:06:33,222 INFO src.train.trainer: Epoch 410
2026-04-03 10:06:33,284 INFO src.train.trainer: Last model at epoch 410 saved to checkpoints/rtpp_20260403-100551/last_model_1.pth
2026-04-03 10:06:33,285 INFO src.train.trainer: Epoch 411
2026-04-03 10:06:33,346 INFO src.train.trainer: New best validation loss: -4.9119, saved to checkpoints/rtpp_20260403-100551/best_model_1.pth
2026-04-03 10:06:33,349 INFO src.train.trainer: Last model at epoch 411 saved to checkpoints/rtpp_20260403-100551/last_model_1.pth
2026-04-03 10:06:33,349 INFO src.train.trainer: Epoch 412
2026-04-03 10:06:33,411 INFO src.train.trainer: Last model at epoch 412 saved to checkpoints/rtpp_20260403-100551/last_model_1.pth
2026-04-03 10:06:33,411 INFO src.train.trainer: Epoch 413
2026-04-03 10:06:33,474 INFO src.train.trainer: Last model at epoch 413 saved to checkpoints/rtpp_20260403-100551/last_model_1.pth
2026-04-03 10:06:33,475 INFO src.train.trainer: Epoch 414
2026-04-03 10:06:33,537 INFO src.train.trainer: Last model at epoch 414 saved to checkpoints/rtpp_20260403-100551/last_model_1.pth
2026-04-03 10:06:33,537 INFO src.train.trainer: Epoch 415
2026-04-03 10:06:33,600 INFO src.train.trainer: Last model at epoch 415 saved to checkpoints/rtpp_20260403-100551/last_model_1.pth
2026-04-03 10:06:33,600 INFO src.train.trainer: Epoch 416
2026-04-03 10:06:33,661 INFO src.train.trainer: Last model at epoch 416 saved to checkpoints/rtpp_20260403-100551/last_model_1.pth
2026-04-03 10:06:33,661 INFO src.train.trainer: Epoch 417
2026-04-03 10:06:33,718 INFO src.train.trainer: Last model at epoch 417 saved to checkpoints/rtpp_20260403-100551/last_model_1.pth
2026-04-03 10:06:33,718 INFO src.train.trainer: Epoch 418
2026-04-03 10:06:33,776 INFO src.train.trainer: Last model at epoch 418 saved to checkpoints/rtpp_20260403-100551/last_model_1.pth
2026-04-03 10:06:33,776 INFO src.train.trainer: Epoch 419
2026-04-03 10:06:33,836 INFO src.train.trainer: New best validation loss: -4.9176, saved to checkpoints/rtpp_20260403-100551/best_model_1.pth
2026-04-03 10:06:33,838 INFO src.train.trainer: Last model at epoch 419 saved to checkpoints/rtpp_20260403-100551/last_model_1.pth
2026-04-03 10:06:33,838 INFO src.train.trainer: Epoch 420
2026-04-03 10:06:33,896 INFO src.train.trainer: Last model at epoch 420 saved to checkpoints/rtpp_20260403-100551/last_model_1.pth
2026-04-03 10:06:33,896 INFO src.train.trainer: Epoch 421
2026-04-03 10:06:33,953 INFO src.train.trainer: Last model at epoch 421 saved to checkpoints/rtpp_20260403-100551/last_model_1.pth
2026-04-03 10:06:33,954 INFO src.train.trainer: Epoch 422
2026-04-03 10:06:34,012 INFO src.train.trainer: Last model at epoch 422 saved to checkpoints/rtpp_20260403-100551/last_model_1.pth
2026-04-03 10:06:34,012 INFO src.train.trainer: Epoch 423
2026-04-03 10:06:34,072 INFO src.train.trainer: Last model at epoch 423 saved to checkpoints/rtpp_20260403-100551/last_model_1.pth
2026-04-03 10:06:34,072 INFO src.train.trainer: Epoch 424
2026-04-03 10:06:34,132 INFO src.train.trainer: Last model at epoch 424 saved to checkpoints/rtpp_20260403-100551/last_model_1.pth
2026-04-03 10:06:34,132 INFO src.train.trainer: Epoch 425
2026-04-03 10:06:34,200 INFO src.train.trainer: Last model at epoch 425 saved to checkpoints/rtpp_20260403-100551/last_model_1.pth
2026-04-03 10:06:34,200 INFO src.train.trainer: Epoch 426
2026-04-03 10:06:34,262 INFO src.train.trainer: Last model at epoch 426 saved to checkpoints/rtpp_20260403-100551/last_model_1.pth
2026-04-03 10:06:34,262 INFO src.train.trainer: Epoch 427
2026-04-03 10:06:34,322 INFO src.train.trainer: Last model at epoch 427 saved to checkpoints/rtpp_20260403-100551/last_model_1.pth
2026-04-03 10:06:34,323 INFO src.train.trainer: Epoch 428
2026-04-03 10:06:34,383 INFO src.train.trainer: Last model at epoch 428 saved to checkpoints/rtpp_20260403-100551/last_model_1.pth
2026-04-03 10:06:34,383 INFO src.train.trainer: Epoch 429
2026-04-03 10:06:34,443 INFO src.train.trainer: Last model at epoch 429 saved to checkpoints/rtpp_20260403-100551/last_model_1.pth
2026-04-03 10:06:34,443 INFO src.train.trainer: Epoch 430
2026-04-03 10:06:34,510 INFO src.train.trainer: Last model at epoch 430 saved to checkpoints/rtpp_20260403-100551/last_model_1.pth
2026-04-03 10:06:34,511 INFO src.train.trainer: Epoch 431
2026-04-03 10:06:34,573 INFO src.train.trainer: Last model at epoch 431 saved to checkpoints/rtpp_20260403-100551/last_model_1.pth
2026-04-03 10:06:34,574 INFO src.train.trainer: Epoch 432
2026-04-03 10:06:34,637 INFO src.train.trainer: New best validation loss: -4.9185, saved to checkpoints/rtpp_20260403-100551/best_model_1.pth
2026-04-03 10:06:34,640 INFO src.train.trainer: Last model at epoch 432 saved to checkpoints/rtpp_20260403-100551/last_model_1.pth
2026-04-03 10:06:34,640 INFO src.train.trainer: Epoch 433
2026-04-03 10:06:34,703 INFO src.train.trainer: New best validation loss: -4.9204, saved to checkpoints/rtpp_20260403-100551/best_model_1.pth
2026-04-03 10:06:34,705 INFO src.train.trainer: Last model at epoch 433 saved to checkpoints/rtpp_20260403-100551/last_model_1.pth
2026-04-03 10:06:34,705 INFO src.train.trainer: Epoch 434
2026-04-03 10:06:34,768 INFO src.train.trainer: Last model at epoch 434 saved to checkpoints/rtpp_20260403-100551/last_model_1.pth
2026-04-03 10:06:34,768 INFO src.train.trainer: Epoch 435
2026-04-03 10:06:34,828 INFO src.train.trainer: Last model at epoch 435 saved to checkpoints/rtpp_20260403-100551/last_model_1.pth
2026-04-03 10:06:34,828 INFO src.train.trainer: Epoch 436
2026-04-03 10:06:34,891 INFO src.train.trainer: Last model at epoch 436 saved to checkpoints/rtpp_20260403-100551/last_model_1.pth
2026-04-03 10:06:34,891 INFO src.train.trainer: Epoch 437
2026-04-03 10:06:34,953 INFO src.train.trainer: New best validation loss: -4.9224, saved to checkpoints/rtpp_20260403-100551/best_model_1.pth
2026-04-03 10:06:34,955 INFO src.train.trainer: Last model at epoch 437 saved to checkpoints/rtpp_20260403-100551/last_model_1.pth
2026-04-03 10:06:34,956 INFO src.train.trainer: Epoch 438
2026-04-03 10:06:35,018 INFO src.train.trainer: Last model at epoch 438 saved to checkpoints/rtpp_20260403-100551/last_model_1.pth
2026-04-03 10:06:35,019 INFO src.train.trainer: Epoch 439
2026-04-03 10:06:35,081 INFO src.train.trainer: Last model at epoch 439 saved to checkpoints/rtpp_20260403-100551/last_model_1.pth
2026-04-03 10:06:35,081 INFO src.train.trainer: Epoch 440
2026-04-03 10:06:35,143 INFO src.train.trainer: Last model at epoch 440 saved to checkpoints/rtpp_20260403-100551/last_model_1.pth
2026-04-03 10:06:35,143 INFO src.train.trainer: Epoch 441
2026-04-03 10:06:35,207 INFO src.train.trainer: New best validation loss: -4.9232, saved to checkpoints/rtpp_20260403-100551/best_model_1.pth
2026-04-03 10:06:35,209 INFO src.train.trainer: Last model at epoch 441 saved to checkpoints/rtpp_20260403-100551/last_model_1.pth
2026-04-03 10:06:35,209 INFO src.train.trainer: Epoch 442
2026-04-03 10:06:35,272 INFO src.train.trainer: Last model at epoch 442 saved to checkpoints/rtpp_20260403-100551/last_model_1.pth
2026-04-03 10:06:35,272 INFO src.train.trainer: Epoch 443
2026-04-03 10:06:35,332 INFO src.train.trainer: Last model at epoch 443 saved to checkpoints/rtpp_20260403-100551/last_model_1.pth
2026-04-03 10:06:35,332 INFO src.train.trainer: Epoch 444
2026-04-03 10:06:35,395 INFO src.train.trainer: Last model at epoch 444 saved to checkpoints/rtpp_20260403-100551/last_model_1.pth
2026-04-03 10:06:35,395 INFO src.train.trainer: Epoch 445
2026-04-03 10:06:35,459 INFO src.train.trainer: New best validation loss: -4.9248, saved to checkpoints/rtpp_20260403-100551/best_model_1.pth
2026-04-03 10:06:35,461 INFO src.train.trainer: Last model at epoch 445 saved to checkpoints/rtpp_20260403-100551/last_model_1.pth
2026-04-03 10:06:35,462 INFO src.train.trainer: Epoch 446
2026-04-03 10:06:35,527 INFO src.train.trainer: Last model at epoch 446 saved to checkpoints/rtpp_20260403-100551/last_model_1.pth
2026-04-03 10:06:35,527 INFO src.train.trainer: Epoch 447
2026-04-03 10:06:35,594 INFO src.train.trainer: Last model at epoch 447 saved to checkpoints/rtpp_20260403-100551/last_model_1.pth
2026-04-03 10:06:35,595 INFO src.train.trainer: Epoch 448
2026-04-03 10:06:35,659 INFO src.train.trainer: New best validation loss: -4.9283, saved to checkpoints/rtpp_20260403-100551/best_model_1.pth
2026-04-03 10:06:35,662 INFO src.train.trainer: Last model at epoch 448 saved to checkpoints/rtpp_20260403-100551/last_model_1.pth
2026-04-03 10:06:35,662 INFO src.train.trainer: Epoch 449
2026-04-03 10:06:35,727 INFO src.train.trainer: New best validation loss: -4.9283, saved to checkpoints/rtpp_20260403-100551/best_model_1.pth
2026-04-03 10:06:35,729 INFO src.train.trainer: Last model at epoch 449 saved to checkpoints/rtpp_20260403-100551/last_model_1.pth
2026-04-03 10:06:35,729 INFO src.train.trainer: Epoch 450
2026-04-03 10:06:35,794 INFO src.train.trainer: Last model at epoch 450 saved to checkpoints/rtpp_20260403-100551/last_model_1.pth
2026-04-03 10:06:35,795 INFO src.train.trainer: Epoch 451
2026-04-03 10:06:35,858 INFO src.train.trainer: Last model at epoch 451 saved to checkpoints/rtpp_20260403-100551/last_model_1.pth
2026-04-03 10:06:35,858 INFO src.train.trainer: Epoch 452
2026-04-03 10:06:35,920 INFO src.train.trainer: New best validation loss: -4.9295, saved to checkpoints/rtpp_20260403-100551/best_model_1.pth
2026-04-03 10:06:35,922 INFO src.train.trainer: Last model at epoch 452 saved to checkpoints/rtpp_20260403-100551/last_model_1.pth
2026-04-03 10:06:35,922 INFO src.train.trainer: Epoch 453
2026-04-03 10:06:35,985 INFO src.train.trainer: Last model at epoch 453 saved to checkpoints/rtpp_20260403-100551/last_model_1.pth
2026-04-03 10:06:35,985 INFO src.train.trainer: Epoch 454
2026-04-03 10:06:36,051 INFO src.train.trainer: Last model at epoch 454 saved to checkpoints/rtpp_20260403-100551/last_model_1.pth
2026-04-03 10:06:36,051 INFO src.train.trainer: Epoch 455
2026-04-03 10:06:36,112 INFO src.train.trainer: Last model at epoch 455 saved to checkpoints/rtpp_20260403-100551/last_model_1.pth
2026-04-03 10:06:36,113 INFO src.train.trainer: Epoch 456
2026-04-03 10:06:36,177 INFO src.train.trainer: Last model at epoch 456 saved to checkpoints/rtpp_20260403-100551/last_model_1.pth
2026-04-03 10:06:36,178 INFO src.train.trainer: Epoch 457
2026-04-03 10:06:36,241 INFO src.train.trainer: Last model at epoch 457 saved to checkpoints/rtpp_20260403-100551/last_model_1.pth
2026-04-03 10:06:36,241 INFO src.train.trainer: Epoch 458
2026-04-03 10:06:36,303 INFO src.train.trainer: New best validation loss: -4.9303, saved to checkpoints/rtpp_20260403-100551/best_model_1.pth
2026-04-03 10:06:36,306 INFO src.train.trainer: Last model at epoch 458 saved to checkpoints/rtpp_20260403-100551/last_model_1.pth
2026-04-03 10:06:36,306 INFO src.train.trainer: Epoch 459
2026-04-03 10:06:36,373 INFO src.train.trainer: New best validation loss: -4.9310, saved to checkpoints/rtpp_20260403-100551/best_model_1.pth
2026-04-03 10:06:36,375 INFO src.train.trainer: Last model at epoch 459 saved to checkpoints/rtpp_20260403-100551/last_model_1.pth
2026-04-03 10:06:36,375 INFO src.train.trainer: Epoch 460
2026-04-03 10:06:36,437 INFO src.train.trainer: Last model at epoch 460 saved to checkpoints/rtpp_20260403-100551/last_model_1.pth
2026-04-03 10:06:36,437 INFO src.train.trainer: Epoch 461
2026-04-03 10:06:36,500 INFO src.train.trainer: Last model at epoch 461 saved to checkpoints/rtpp_20260403-100551/last_model_1.pth
2026-04-03 10:06:36,500 INFO src.train.trainer: Epoch 462
2026-04-03 10:06:36,561 INFO src.train.trainer: New best validation loss: -4.9351, saved to checkpoints/rtpp_20260403-100551/best_model_1.pth
2026-04-03 10:06:36,564 INFO src.train.trainer: Last model at epoch 462 saved to checkpoints/rtpp_20260403-100551/last_model_1.pth
2026-04-03 10:06:36,564 INFO src.train.trainer: Epoch 463
2026-04-03 10:06:36,627 INFO src.train.trainer: Last model at epoch 463 saved to checkpoints/rtpp_20260403-100551/last_model_1.pth
2026-04-03 10:06:36,627 INFO src.train.trainer: Epoch 464
2026-04-03 10:06:36,689 INFO src.train.trainer: Last model at epoch 464 saved to checkpoints/rtpp_20260403-100551/last_model_1.pth
2026-04-03 10:06:36,689 INFO src.train.trainer: Epoch 465
2026-04-03 10:06:36,754 INFO src.train.trainer: Last model at epoch 465 saved to checkpoints/rtpp_20260403-100551/last_model_1.pth
2026-04-03 10:06:36,754 INFO src.train.trainer: Epoch 466
2026-04-03 10:06:36,822 INFO src.train.trainer: New best validation loss: -4.9368, saved to checkpoints/rtpp_20260403-100551/best_model_1.pth
2026-04-03 10:06:36,825 INFO src.train.trainer: Last model at epoch 466 saved to checkpoints/rtpp_20260403-100551/last_model_1.pth
2026-04-03 10:06:36,825 INFO src.train.trainer: Epoch 467
2026-04-03 10:06:36,891 INFO src.train.trainer: Last model at epoch 467 saved to checkpoints/rtpp_20260403-100551/last_model_1.pth
2026-04-03 10:06:36,891 INFO src.train.trainer: Epoch 468
2026-04-03 10:06:36,957 INFO src.train.trainer: Last model at epoch 468 saved to checkpoints/rtpp_20260403-100551/last_model_1.pth
2026-04-03 10:06:36,957 INFO src.train.trainer: Epoch 469
2026-04-03 10:06:37,019 INFO src.train.trainer: Last model at epoch 469 saved to checkpoints/rtpp_20260403-100551/last_model_1.pth
2026-04-03 10:06:37,019 INFO src.train.trainer: Epoch 470
2026-04-03 10:06:37,088 INFO src.train.trainer: Last model at epoch 470 saved to checkpoints/rtpp_20260403-100551/last_model_1.pth
2026-04-03 10:06:37,088 INFO src.train.trainer: Epoch 471
2026-04-03 10:06:37,155 INFO src.train.trainer: Last model at epoch 471 saved to checkpoints/rtpp_20260403-100551/last_model_1.pth
2026-04-03 10:06:37,155 INFO src.train.trainer: Epoch 472
2026-04-03 10:06:37,219 INFO src.train.trainer: Last model at epoch 472 saved to checkpoints/rtpp_20260403-100551/last_model_1.pth
2026-04-03 10:06:37,219 INFO src.train.trainer: Epoch 473
2026-04-03 10:06:37,283 INFO src.train.trainer: New best validation loss: -4.9392, saved to checkpoints/rtpp_20260403-100551/best_model_1.pth
2026-04-03 10:06:37,285 INFO src.train.trainer: Last model at epoch 473 saved to checkpoints/rtpp_20260403-100551/last_model_1.pth
2026-04-03 10:06:37,285 INFO src.train.trainer: Epoch 474
2026-04-03 10:06:37,348 INFO src.train.trainer: Last model at epoch 474 saved to checkpoints/rtpp_20260403-100551/last_model_1.pth
2026-04-03 10:06:37,348 INFO src.train.trainer: Epoch 475
2026-04-03 10:06:37,414 INFO src.train.trainer: Last model at epoch 475 saved to checkpoints/rtpp_20260403-100551/last_model_1.pth
2026-04-03 10:06:37,415 INFO src.train.trainer: Epoch 476
2026-04-03 10:06:37,480 INFO src.train.trainer: New best validation loss: -4.9400, saved to checkpoints/rtpp_20260403-100551/best_model_1.pth
2026-04-03 10:06:37,483 INFO src.train.trainer: Last model at epoch 476 saved to checkpoints/rtpp_20260403-100551/last_model_1.pth
2026-04-03 10:06:37,483 INFO src.train.trainer: Epoch 477
2026-04-03 10:06:37,549 INFO src.train.trainer: New best validation loss: -4.9421, saved to checkpoints/rtpp_20260403-100551/best_model_1.pth
2026-04-03 10:06:37,551 INFO src.train.trainer: Last model at epoch 477 saved to checkpoints/rtpp_20260403-100551/last_model_1.pth
2026-04-03 10:06:37,551 INFO src.train.trainer: Epoch 478
2026-04-03 10:06:37,615 INFO src.train.trainer: Last model at epoch 478 saved to checkpoints/rtpp_20260403-100551/last_model_1.pth
2026-04-03 10:06:37,615 INFO src.train.trainer: Epoch 479
2026-04-03 10:06:37,679 INFO src.train.trainer: Last model at epoch 479 saved to checkpoints/rtpp_20260403-100551/last_model_1.pth
2026-04-03 10:06:37,680 INFO src.train.trainer: Epoch 480
2026-04-03 10:06:37,743 INFO src.train.trainer: New best validation loss: -4.9435, saved to checkpoints/rtpp_20260403-100551/best_model_1.pth
2026-04-03 10:06:37,746 INFO src.train.trainer: Last model at epoch 480 saved to checkpoints/rtpp_20260403-100551/last_model_1.pth
2026-04-03 10:06:37,746 INFO src.train.trainer: Epoch 481
2026-04-03 10:06:37,809 INFO src.train.trainer: Last model at epoch 481 saved to checkpoints/rtpp_20260403-100551/last_model_1.pth
2026-04-03 10:06:37,809 INFO src.train.trainer: Epoch 482
2026-04-03 10:06:37,877 INFO src.train.trainer: Last model at epoch 482 saved to checkpoints/rtpp_20260403-100551/last_model_1.pth
2026-04-03 10:06:37,877 INFO src.train.trainer: Epoch 483
2026-04-03 10:06:37,940 INFO src.train.trainer: Last model at epoch 483 saved to checkpoints/rtpp_20260403-100551/last_model_1.pth
2026-04-03 10:06:37,940 INFO src.train.trainer: Epoch 484
2026-04-03 10:06:38,010 INFO src.train.trainer: Last model at epoch 484 saved to checkpoints/rtpp_20260403-100551/last_model_1.pth
2026-04-03 10:06:38,010 INFO src.train.trainer: Epoch 485
2026-04-03 10:06:38,077 INFO src.train.trainer: Last model at epoch 485 saved to checkpoints/rtpp_20260403-100551/last_model_1.pth
2026-04-03 10:06:38,077 INFO src.train.trainer: Epoch 486
2026-04-03 10:06:38,143 INFO src.train.trainer: Last model at epoch 486 saved to checkpoints/rtpp_20260403-100551/last_model_1.pth
2026-04-03 10:06:38,143 INFO src.train.trainer: Epoch 487
2026-04-03 10:06:38,208 INFO src.train.trainer: New best validation loss: -4.9442, saved to checkpoints/rtpp_20260403-100551/best_model_1.pth
2026-04-03 10:06:38,210 INFO src.train.trainer: Last model at epoch 487 saved to checkpoints/rtpp_20260403-100551/last_model_1.pth
2026-04-03 10:06:38,210 INFO src.train.trainer: Epoch 488
2026-04-03 10:06:38,274 INFO src.train.trainer: Last model at epoch 488 saved to checkpoints/rtpp_20260403-100551/last_model_1.pth
2026-04-03 10:06:38,274 INFO src.train.trainer: Epoch 489
2026-04-03 10:06:38,338 INFO src.train.trainer: New best validation loss: -4.9468, saved to checkpoints/rtpp_20260403-100551/best_model_1.pth
2026-04-03 10:06:38,340 INFO src.train.trainer: Last model at epoch 489 saved to checkpoints/rtpp_20260403-100551/last_model_1.pth
2026-04-03 10:06:38,340 INFO src.train.trainer: Epoch 490
2026-04-03 10:06:38,404 INFO src.train.trainer: Last model at epoch 490 saved to checkpoints/rtpp_20260403-100551/last_model_1.pth
2026-04-03 10:06:38,404 INFO src.train.trainer: Epoch 491
2026-04-03 10:06:38,467 INFO src.train.trainer: New best validation loss: -4.9471, saved to checkpoints/rtpp_20260403-100551/best_model_1.pth
2026-04-03 10:06:38,470 INFO src.train.trainer: Last model at epoch 491 saved to checkpoints/rtpp_20260403-100551/last_model_1.pth
2026-04-03 10:06:38,470 INFO src.train.trainer: Epoch 492
2026-04-03 10:06:38,535 INFO src.train.trainer: New best validation loss: -4.9473, saved to checkpoints/rtpp_20260403-100551/best_model_1.pth
2026-04-03 10:06:38,538 INFO src.train.trainer: Last model at epoch 492 saved to checkpoints/rtpp_20260403-100551/last_model_1.pth
2026-04-03 10:06:38,538 INFO src.train.trainer: Epoch 493
2026-04-03 10:06:38,602 INFO src.train.trainer: Last model at epoch 493 saved to checkpoints/rtpp_20260403-100551/last_model_1.pth
2026-04-03 10:06:38,602 INFO src.train.trainer: Epoch 494
2026-04-03 10:06:38,667 INFO src.train.trainer: Last model at epoch 494 saved to checkpoints/rtpp_20260403-100551/last_model_1.pth
2026-04-03 10:06:38,667 INFO src.train.trainer: Epoch 495
2026-04-03 10:06:38,731 INFO src.train.trainer: Last model at epoch 495 saved to checkpoints/rtpp_20260403-100551/last_model_1.pth
2026-04-03 10:06:38,731 INFO src.train.trainer: Epoch 496
2026-04-03 10:06:38,796 INFO src.train.trainer: Last model at epoch 496 saved to checkpoints/rtpp_20260403-100551/last_model_1.pth
2026-04-03 10:06:38,796 INFO src.train.trainer: Epoch 497
2026-04-03 10:06:38,866 INFO src.train.trainer: Last model at epoch 497 saved to checkpoints/rtpp_20260403-100551/last_model_1.pth
2026-04-03 10:06:38,866 INFO src.train.trainer: Epoch 498
2026-04-03 10:06:38,931 INFO src.train.trainer: New best validation loss: -4.9486, saved to checkpoints/rtpp_20260403-100551/best_model_1.pth
2026-04-03 10:06:38,934 INFO src.train.trainer: Last model at epoch 498 saved to checkpoints/rtpp_20260403-100551/last_model_1.pth
2026-04-03 10:06:38,934 INFO src.train.trainer: Epoch 499
2026-04-03 10:06:39,002 INFO src.train.trainer: Last model at epoch 499 saved to checkpoints/rtpp_20260403-100551/last_model_1.pth
2026-04-03 10:06:39,002 INFO src.train.trainer: Epoch 500
2026-04-03 10:06:39,072 INFO src.train.trainer: New best validation loss: -4.9502, saved to checkpoints/rtpp_20260403-100551/best_model_1.pth
2026-04-03 10:06:39,077 INFO src.train.trainer: Last model at epoch 500 saved to checkpoints/rtpp_20260403-100551/last_model_1.pth
2026-04-03 10:06:39,077 INFO src.train.trainer: Epoch 501
2026-04-03 10:06:39,142 INFO src.train.trainer: New best validation loss: -4.9535, saved to checkpoints/rtpp_20260403-100551/best_model_1.pth
2026-04-03 10:06:39,145 INFO src.train.trainer: Last model at epoch 501 saved to checkpoints/rtpp_20260403-100551/last_model_1.pth
2026-04-03 10:06:39,145 INFO src.train.trainer: Epoch 502
2026-04-03 10:06:39,212 INFO src.train.trainer: Last model at epoch 502 saved to checkpoints/rtpp_20260403-100551/last_model_1.pth
2026-04-03 10:06:39,212 INFO src.train.trainer: Epoch 503
2026-04-03 10:06:39,279 INFO src.train.trainer: Last model at epoch 503 saved to checkpoints/rtpp_20260403-100551/last_model_1.pth
2026-04-03 10:06:39,279 INFO src.train.trainer: Epoch 504
2026-04-03 10:06:39,344 INFO src.train.trainer: New best validation loss: -4.9556, saved to checkpoints/rtpp_20260403-100551/best_model_1.pth
2026-04-03 10:06:39,347 INFO src.train.trainer: Last model at epoch 504 saved to checkpoints/rtpp_20260403-100551/last_model_1.pth
2026-04-03 10:06:39,347 INFO src.train.trainer: Epoch 505
2026-04-03 10:06:39,415 INFO src.train.trainer: Last model at epoch 505 saved to checkpoints/rtpp_20260403-100551/last_model_1.pth
2026-04-03 10:06:39,415 INFO src.train.trainer: Epoch 506
2026-04-03 10:06:39,479 INFO src.train.trainer: Last model at epoch 506 saved to checkpoints/rtpp_20260403-100551/last_model_1.pth
2026-04-03 10:06:39,479 INFO src.train.trainer: Epoch 507
2026-04-03 10:06:39,547 INFO src.train.trainer: Last model at epoch 507 saved to checkpoints/rtpp_20260403-100551/last_model_1.pth
2026-04-03 10:06:39,547 INFO src.train.trainer: Epoch 508
2026-04-03 10:06:39,611 INFO src.train.trainer: Last model at epoch 508 saved to checkpoints/rtpp_20260403-100551/last_model_1.pth
2026-04-03 10:06:39,611 INFO src.train.trainer: Epoch 509
2026-04-03 10:06:39,679 INFO src.train.trainer: Last model at epoch 509 saved to checkpoints/rtpp_20260403-100551/last_model_1.pth
2026-04-03 10:06:39,679 INFO src.train.trainer: Epoch 510
2026-04-03 10:06:39,748 INFO src.train.trainer: Last model at epoch 510 saved to checkpoints/rtpp_20260403-100551/last_model_1.pth
2026-04-03 10:06:39,748 INFO src.train.trainer: Epoch 511
2026-04-03 10:06:39,812 INFO src.train.trainer: Last model at epoch 511 saved to checkpoints/rtpp_20260403-100551/last_model_1.pth
2026-04-03 10:06:39,812 INFO src.train.trainer: Epoch 512
2026-04-03 10:06:39,877 INFO src.train.trainer: Last model at epoch 512 saved to checkpoints/rtpp_20260403-100551/last_model_1.pth
2026-04-03 10:06:39,877 INFO src.train.trainer: Epoch 513
2026-04-03 10:06:39,942 INFO src.train.trainer: Last model at epoch 513 saved to checkpoints/rtpp_20260403-100551/last_model_1.pth
2026-04-03 10:06:39,943 INFO src.train.trainer: Epoch 514
2026-04-03 10:06:40,008 INFO src.train.trainer: New best validation loss: -4.9558, saved to checkpoints/rtpp_20260403-100551/best_model_1.pth
2026-04-03 10:06:40,010 INFO src.train.trainer: Last model at epoch 514 saved to checkpoints/rtpp_20260403-100551/last_model_1.pth
2026-04-03 10:06:40,011 INFO src.train.trainer: Epoch 515
2026-04-03 10:06:40,078 INFO src.train.trainer: Last model at epoch 515 saved to checkpoints/rtpp_20260403-100551/last_model_1.pth
2026-04-03 10:06:40,078 INFO src.train.trainer: Epoch 516
2026-04-03 10:06:40,142 INFO src.train.trainer: Last model at epoch 516 saved to checkpoints/rtpp_20260403-100551/last_model_1.pth
2026-04-03 10:06:40,142 INFO src.train.trainer: Epoch 517
2026-04-03 10:06:40,205 INFO src.train.trainer: New best validation loss: -4.9589, saved to checkpoints/rtpp_20260403-100551/best_model_1.pth
2026-04-03 10:06:40,208 INFO src.train.trainer: Last model at epoch 517 saved to checkpoints/rtpp_20260403-100551/last_model_1.pth
2026-04-03 10:06:40,208 INFO src.train.trainer: Epoch 518
2026-04-03 10:06:40,475 INFO src.train.trainer: Last model at epoch 518 saved to checkpoints/rtpp_20260403-100551/last_model_1.pth
2026-04-03 10:06:40,475 INFO src.train.trainer: Epoch 519
2026-04-03 10:06:40,541 INFO src.train.trainer: Last model at epoch 519 saved to checkpoints/rtpp_20260403-100551/last_model_1.pth
2026-04-03 10:06:40,541 INFO src.train.trainer: Epoch 520
2026-04-03 10:06:40,604 INFO src.train.trainer: New best validation loss: -4.9627, saved to checkpoints/rtpp_20260403-100551/best_model_1.pth
2026-04-03 10:06:40,607 INFO src.train.trainer: Last model at epoch 520 saved to checkpoints/rtpp_20260403-100551/last_model_1.pth
2026-04-03 10:06:40,607 INFO src.train.trainer: Epoch 521
2026-04-03 10:06:40,664 INFO src.train.trainer: Last model at epoch 521 saved to checkpoints/rtpp_20260403-100551/last_model_1.pth
2026-04-03 10:06:40,664 INFO src.train.trainer: Epoch 522
2026-04-03 10:06:40,717 INFO src.train.trainer: Last model at epoch 522 saved to checkpoints/rtpp_20260403-100551/last_model_1.pth
2026-04-03 10:06:40,717 INFO src.train.trainer: Epoch 523
2026-04-03 10:06:40,773 INFO src.train.trainer: Last model at epoch 523 saved to checkpoints/rtpp_20260403-100551/last_model_1.pth
2026-04-03 10:06:40,773 INFO src.train.trainer: Epoch 524
2026-04-03 10:06:40,823 INFO src.train.trainer: Last model at epoch 524 saved to checkpoints/rtpp_20260403-100551/last_model_1.pth
2026-04-03 10:06:40,824 INFO src.train.trainer: Epoch 525
2026-04-03 10:06:40,875 INFO src.train.trainer: Last model at epoch 525 saved to checkpoints/rtpp_20260403-100551/last_model_1.pth
2026-04-03 10:06:40,875 INFO src.train.trainer: Epoch 526
2026-04-03 10:06:40,925 INFO src.train.trainer: Last model at epoch 526 saved to checkpoints/rtpp_20260403-100551/last_model_1.pth
2026-04-03 10:06:40,925 INFO src.train.trainer: Epoch 527
2026-04-03 10:06:40,978 INFO src.train.trainer: New best validation loss: -4.9639, saved to checkpoints/rtpp_20260403-100551/best_model_1.pth
2026-04-03 10:06:40,980 INFO src.train.trainer: Last model at epoch 527 saved to checkpoints/rtpp_20260403-100551/last_model_1.pth
2026-04-03 10:06:40,980 INFO src.train.trainer: Epoch 528
2026-04-03 10:06:41,030 INFO src.train.trainer: Last model at epoch 528 saved to checkpoints/rtpp_20260403-100551/last_model_1.pth
2026-04-03 10:06:41,030 INFO src.train.trainer: Epoch 529
2026-04-03 10:06:41,080 INFO src.train.trainer: Last model at epoch 529 saved to checkpoints/rtpp_20260403-100551/last_model_1.pth
2026-04-03 10:06:41,080 INFO src.train.trainer: Epoch 530
2026-04-03 10:06:41,134 INFO src.train.trainer: Last model at epoch 530 saved to checkpoints/rtpp_20260403-100551/last_model_1.pth
2026-04-03 10:06:41,134 INFO src.train.trainer: Epoch 531
2026-04-03 10:06:41,191 INFO src.train.trainer: Last model at epoch 531 saved to checkpoints/rtpp_20260403-100551/last_model_1.pth
2026-04-03 10:06:41,192 INFO src.train.trainer: Epoch 532
2026-04-03 10:06:41,248 INFO src.train.trainer: Last model at epoch 532 saved to checkpoints/rtpp_20260403-100551/last_model_1.pth
2026-04-03 10:06:41,248 INFO src.train.trainer: Epoch 533
2026-04-03 10:06:41,305 INFO src.train.trainer: Last model at epoch 533 saved to checkpoints/rtpp_20260403-100551/last_model_1.pth
2026-04-03 10:06:41,305 INFO src.train.trainer: Epoch 534
2026-04-03 10:06:41,363 INFO src.train.trainer: New best validation loss: -4.9652, saved to checkpoints/rtpp_20260403-100551/best_model_1.pth
2026-04-03 10:06:41,366 INFO src.train.trainer: Last model at epoch 534 saved to checkpoints/rtpp_20260403-100551/last_model_1.pth
2026-04-03 10:06:41,366 INFO src.train.trainer: Epoch 535
2026-04-03 10:06:41,424 INFO src.train.trainer: Last model at epoch 535 saved to checkpoints/rtpp_20260403-100551/last_model_1.pth
2026-04-03 10:06:41,424 INFO src.train.trainer: Epoch 536
2026-04-03 10:06:41,480 INFO src.train.trainer: Last model at epoch 536 saved to checkpoints/rtpp_20260403-100551/last_model_1.pth
2026-04-03 10:06:41,480 INFO src.train.trainer: Epoch 537
2026-04-03 10:06:41,538 INFO src.train.trainer: Last model at epoch 537 saved to checkpoints/rtpp_20260403-100551/last_model_1.pth
2026-04-03 10:06:41,539 INFO src.train.trainer: Epoch 538
2026-04-03 10:06:41,609 INFO src.train.trainer: New best validation loss: -4.9662, saved to checkpoints/rtpp_20260403-100551/best_model_1.pth
2026-04-03 10:06:41,612 INFO src.train.trainer: Last model at epoch 538 saved to checkpoints/rtpp_20260403-100551/last_model_1.pth
2026-04-03 10:06:41,612 INFO src.train.trainer: Epoch 539
2026-04-03 10:06:41,673 INFO src.train.trainer: Last model at epoch 539 saved to checkpoints/rtpp_20260403-100551/last_model_1.pth
2026-04-03 10:06:41,673 INFO src.train.trainer: Epoch 540
2026-04-03 10:06:41,727 INFO src.train.trainer: Last model at epoch 540 saved to checkpoints/rtpp_20260403-100551/last_model_1.pth
2026-04-03 10:06:41,727 INFO src.train.trainer: Epoch 541
2026-04-03 10:06:41,787 INFO src.train.trainer: New best validation loss: -4.9696, saved to checkpoints/rtpp_20260403-100551/best_model_1.pth
2026-04-03 10:06:41,790 INFO src.train.trainer: Last model at epoch 541 saved to checkpoints/rtpp_20260403-100551/last_model_1.pth
2026-04-03 10:06:41,790 INFO src.train.trainer: Epoch 542
2026-04-03 10:06:41,847 INFO src.train.trainer: Last model at epoch 542 saved to checkpoints/rtpp_20260403-100551/last_model_1.pth
2026-04-03 10:06:41,847 INFO src.train.trainer: Epoch 543
2026-04-03 10:06:41,905 INFO src.train.trainer: Last model at epoch 543 saved to checkpoints/rtpp_20260403-100551/last_model_1.pth
2026-04-03 10:06:41,905 INFO src.train.trainer: Epoch 544
2026-04-03 10:06:41,962 INFO src.train.trainer: Last model at epoch 544 saved to checkpoints/rtpp_20260403-100551/last_model_1.pth
2026-04-03 10:06:41,962 INFO src.train.trainer: Epoch 545
2026-04-03 10:06:42,022 INFO src.train.trainer: New best validation loss: -4.9699, saved to checkpoints/rtpp_20260403-100551/best_model_1.pth
2026-04-03 10:06:42,024 INFO src.train.trainer: Last model at epoch 545 saved to checkpoints/rtpp_20260403-100551/last_model_1.pth
2026-04-03 10:06:42,024 INFO src.train.trainer: Epoch 546
2026-04-03 10:06:42,082 INFO src.train.trainer: Last model at epoch 546 saved to checkpoints/rtpp_20260403-100551/last_model_1.pth
2026-04-03 10:06:42,082 INFO src.train.trainer: Epoch 547
2026-04-03 10:06:42,140 INFO src.train.trainer: Last model at epoch 547 saved to checkpoints/rtpp_20260403-100551/last_model_1.pth
2026-04-03 10:06:42,140 INFO src.train.trainer: Epoch 548
2026-04-03 10:06:42,201 INFO src.train.trainer: New best validation loss: -4.9714, saved to checkpoints/rtpp_20260403-100551/best_model_1.pth
2026-04-03 10:06:42,204 INFO src.train.trainer: Last model at epoch 548 saved to checkpoints/rtpp_20260403-100551/last_model_1.pth
2026-04-03 10:06:42,204 INFO src.train.trainer: Epoch 549
2026-04-03 10:06:42,267 INFO src.train.trainer: Last model at epoch 549 saved to checkpoints/rtpp_20260403-100551/last_model_1.pth
2026-04-03 10:06:42,267 INFO src.train.trainer: Epoch 550
2026-04-03 10:06:42,328 INFO src.train.trainer: Last model at epoch 550 saved to checkpoints/rtpp_20260403-100551/last_model_1.pth
2026-04-03 10:06:42,328 INFO src.train.trainer: Epoch 551
2026-04-03 10:06:42,392 INFO src.train.trainer: Last model at epoch 551 saved to checkpoints/rtpp_20260403-100551/last_model_1.pth
2026-04-03 10:06:42,392 INFO src.train.trainer: Epoch 552
2026-04-03 10:06:42,455 INFO src.train.trainer: New best validation loss: -4.9727, saved to checkpoints/rtpp_20260403-100551/best_model_1.pth
2026-04-03 10:06:42,457 INFO src.train.trainer: Last model at epoch 552 saved to checkpoints/rtpp_20260403-100551/last_model_1.pth
2026-04-03 10:06:42,457 INFO src.train.trainer: Epoch 553
2026-04-03 10:06:42,518 INFO src.train.trainer: Last model at epoch 553 saved to checkpoints/rtpp_20260403-100551/last_model_1.pth
2026-04-03 10:06:42,518 INFO src.train.trainer: Epoch 554
2026-04-03 10:06:42,581 INFO src.train.trainer: Last model at epoch 554 saved to checkpoints/rtpp_20260403-100551/last_model_1.pth
2026-04-03 10:06:42,581 INFO src.train.trainer: Epoch 555
2026-04-03 10:06:42,646 INFO src.train.trainer: New best validation loss: -4.9727, saved to checkpoints/rtpp_20260403-100551/best_model_1.pth
2026-04-03 10:06:42,649 INFO src.train.trainer: Last model at epoch 555 saved to checkpoints/rtpp_20260403-100551/last_model_1.pth
2026-04-03 10:06:42,649 INFO src.train.trainer: Epoch 556
2026-04-03 10:06:42,711 INFO src.train.trainer: Last model at epoch 556 saved to checkpoints/rtpp_20260403-100551/last_model_1.pth
2026-04-03 10:06:42,711 INFO src.train.trainer: Epoch 557
2026-04-03 10:06:42,777 INFO src.train.trainer: Last model at epoch 557 saved to checkpoints/rtpp_20260403-100551/last_model_1.pth
2026-04-03 10:06:42,777 INFO src.train.trainer: Epoch 558
2026-04-03 10:06:42,839 INFO src.train.trainer: New best validation loss: -4.9759, saved to checkpoints/rtpp_20260403-100551/best_model_1.pth
2026-04-03 10:06:42,841 INFO src.train.trainer: Last model at epoch 558 saved to checkpoints/rtpp_20260403-100551/last_model_1.pth
2026-04-03 10:06:42,841 INFO src.train.trainer: Epoch 559
2026-04-03 10:06:42,904 INFO src.train.trainer: Last model at epoch 559 saved to checkpoints/rtpp_20260403-100551/last_model_1.pth
2026-04-03 10:06:42,904 INFO src.train.trainer: Epoch 560
2026-04-03 10:06:42,969 INFO src.train.trainer: Last model at epoch 560 saved to checkpoints/rtpp_20260403-100551/last_model_1.pth
2026-04-03 10:06:42,969 INFO src.train.trainer: Epoch 561
2026-04-03 10:06:43,033 INFO src.train.trainer: Last model at epoch 561 saved to checkpoints/rtpp_20260403-100551/last_model_1.pth
2026-04-03 10:06:43,033 INFO src.train.trainer: Epoch 562
2026-04-03 10:06:43,097 INFO src.train.trainer: New best validation loss: -4.9788, saved to checkpoints/rtpp_20260403-100551/best_model_1.pth
2026-04-03 10:06:43,100 INFO src.train.trainer: Last model at epoch 562 saved to checkpoints/rtpp_20260403-100551/last_model_1.pth
2026-04-03 10:06:43,100 INFO src.train.trainer: Epoch 563
2026-04-03 10:06:43,165 INFO src.train.trainer: Last model at epoch 563 saved to checkpoints/rtpp_20260403-100551/last_model_1.pth
2026-04-03 10:06:43,165 INFO src.train.trainer: Epoch 564
2026-04-03 10:06:43,232 INFO src.train.trainer: Last model at epoch 564 saved to checkpoints/rtpp_20260403-100551/last_model_1.pth
2026-04-03 10:06:43,232 INFO src.train.trainer: Epoch 565
2026-04-03 10:06:43,296 INFO src.train.trainer: Last model at epoch 565 saved to checkpoints/rtpp_20260403-100551/last_model_1.pth
2026-04-03 10:06:43,296 INFO src.train.trainer: Epoch 566
2026-04-03 10:06:43,360 INFO src.train.trainer: New best validation loss: -4.9793, saved to checkpoints/rtpp_20260403-100551/best_model_1.pth
2026-04-03 10:06:43,362 INFO src.train.trainer: Last model at epoch 566 saved to checkpoints/rtpp_20260403-100551/last_model_1.pth
2026-04-03 10:06:43,362 INFO src.train.trainer: Epoch 567
2026-04-03 10:06:43,429 INFO src.train.trainer: Last model at epoch 567 saved to checkpoints/rtpp_20260403-100551/last_model_1.pth
2026-04-03 10:06:43,429 INFO src.train.trainer: Epoch 568
2026-04-03 10:06:43,492 INFO src.train.trainer: Last model at epoch 568 saved to checkpoints/rtpp_20260403-100551/last_model_1.pth
2026-04-03 10:06:43,492 INFO src.train.trainer: Epoch 569
2026-04-03 10:06:43,553 INFO src.train.trainer: New best validation loss: -4.9801, saved to checkpoints/rtpp_20260403-100551/best_model_1.pth
2026-04-03 10:06:43,555 INFO src.train.trainer: Last model at epoch 569 saved to checkpoints/rtpp_20260403-100551/last_model_1.pth
2026-04-03 10:06:43,555 INFO src.train.trainer: Epoch 570
2026-04-03 10:06:43,620 INFO src.train.trainer: Last model at epoch 570 saved to checkpoints/rtpp_20260403-100551/last_model_1.pth
2026-04-03 10:06:43,620 INFO src.train.trainer: Epoch 571
2026-04-03 10:06:43,683 INFO src.train.trainer: Last model at epoch 571 saved to checkpoints/rtpp_20260403-100551/last_model_1.pth
2026-04-03 10:06:43,683 INFO src.train.trainer: Epoch 572
2026-04-03 10:06:43,745 INFO src.train.trainer: Last model at epoch 572 saved to checkpoints/rtpp_20260403-100551/last_model_1.pth
2026-04-03 10:06:43,745 INFO src.train.trainer: Epoch 573
2026-04-03 10:06:43,808 INFO src.train.trainer: Last model at epoch 573 saved to checkpoints/rtpp_20260403-100551/last_model_1.pth
2026-04-03 10:06:43,809 INFO src.train.trainer: Epoch 574
2026-04-03 10:06:43,872 INFO src.train.trainer: Last model at epoch 574 saved to checkpoints/rtpp_20260403-100551/last_model_1.pth
2026-04-03 10:06:43,872 INFO src.train.trainer: Epoch 575
2026-04-03 10:06:43,936 INFO src.train.trainer: Last model at epoch 575 saved to checkpoints/rtpp_20260403-100551/last_model_1.pth
2026-04-03 10:06:43,936 INFO src.train.trainer: Epoch 576
2026-04-03 10:06:43,998 INFO src.train.trainer: Last model at epoch 576 saved to checkpoints/rtpp_20260403-100551/last_model_1.pth
2026-04-03 10:06:43,998 INFO src.train.trainer: Epoch 577
2026-04-03 10:06:44,062 INFO src.train.trainer: Last model at epoch 577 saved to checkpoints/rtpp_20260403-100551/last_model_1.pth
2026-04-03 10:06:44,062 INFO src.train.trainer: Epoch 578
2026-04-03 10:06:44,125 INFO src.train.trainer: Last model at epoch 578 saved to checkpoints/rtpp_20260403-100551/last_model_1.pth
2026-04-03 10:06:44,125 INFO src.train.trainer: Epoch 579
2026-04-03 10:06:44,188 INFO src.train.trainer: Last model at epoch 579 saved to checkpoints/rtpp_20260403-100551/last_model_1.pth
2026-04-03 10:06:44,188 INFO src.train.trainer: Epoch 580
2026-04-03 10:06:44,253 INFO src.train.trainer: New best validation loss: -4.9803, saved to checkpoints/rtpp_20260403-100551/best_model_1.pth
2026-04-03 10:06:44,256 INFO src.train.trainer: Last model at epoch 580 saved to checkpoints/rtpp_20260403-100551/last_model_1.pth
2026-04-03 10:06:44,256 INFO src.train.trainer: Epoch 581
2026-04-03 10:06:44,318 INFO src.train.trainer: New best validation loss: -4.9811, saved to checkpoints/rtpp_20260403-100551/best_model_1.pth
2026-04-03 10:06:44,321 INFO src.train.trainer: Last model at epoch 581 saved to checkpoints/rtpp_20260403-100551/last_model_1.pth
2026-04-03 10:06:44,321 INFO src.train.trainer: Epoch 582
2026-04-03 10:06:44,384 INFO src.train.trainer: Last model at epoch 582 saved to checkpoints/rtpp_20260403-100551/last_model_1.pth
2026-04-03 10:06:44,384 INFO src.train.trainer: Epoch 583
2026-04-03 10:06:44,449 INFO src.train.trainer: Last model at epoch 583 saved to checkpoints/rtpp_20260403-100551/last_model_1.pth
2026-04-03 10:06:44,449 INFO src.train.trainer: Epoch 584
2026-04-03 10:06:44,519 INFO src.train.trainer: New best validation loss: -4.9834, saved to checkpoints/rtpp_20260403-100551/best_model_1.pth
2026-04-03 10:06:44,521 INFO src.train.trainer: Last model at epoch 584 saved to checkpoints/rtpp_20260403-100551/last_model_1.pth
2026-04-03 10:06:44,521 INFO src.train.trainer: Epoch 585
2026-04-03 10:06:44,590 INFO src.train.trainer: Last model at epoch 585 saved to checkpoints/rtpp_20260403-100551/last_model_1.pth
2026-04-03 10:06:44,590 INFO src.train.trainer: Epoch 586
2026-04-03 10:06:44,655 INFO src.train.trainer: Last model at epoch 586 saved to checkpoints/rtpp_20260403-100551/last_model_1.pth
2026-04-03 10:06:44,655 INFO src.train.trainer: Epoch 587
2026-04-03 10:06:44,719 INFO src.train.trainer: Last model at epoch 587 saved to checkpoints/rtpp_20260403-100551/last_model_1.pth
2026-04-03 10:06:44,719 INFO src.train.trainer: Epoch 588
2026-04-03 10:06:44,786 INFO src.train.trainer: Last model at epoch 588 saved to checkpoints/rtpp_20260403-100551/last_model_1.pth
2026-04-03 10:06:44,786 INFO src.train.trainer: Epoch 589
2026-04-03 10:06:44,850 INFO src.train.trainer: Last model at epoch 589 saved to checkpoints/rtpp_20260403-100551/last_model_1.pth
2026-04-03 10:06:44,850 INFO src.train.trainer: Epoch 590
2026-04-03 10:06:44,915 INFO src.train.trainer: Last model at epoch 590 saved to checkpoints/rtpp_20260403-100551/last_model_1.pth
2026-04-03 10:06:44,915 INFO src.train.trainer: Epoch 591
2026-04-03 10:06:44,978 INFO src.train.trainer: Last model at epoch 591 saved to checkpoints/rtpp_20260403-100551/last_model_1.pth
2026-04-03 10:06:44,979 INFO src.train.trainer: Epoch 592
2026-04-03 10:06:45,046 INFO src.train.trainer: Last model at epoch 592 saved to checkpoints/rtpp_20260403-100551/last_model_1.pth
2026-04-03 10:06:45,046 INFO src.train.trainer: Epoch 593
2026-04-03 10:06:45,112 INFO src.train.trainer: Last model at epoch 593 saved to checkpoints/rtpp_20260403-100551/last_model_1.pth
2026-04-03 10:06:45,113 INFO src.train.trainer: Epoch 594
2026-04-03 10:06:45,175 INFO src.train.trainer: Last model at epoch 594 saved to checkpoints/rtpp_20260403-100551/last_model_1.pth
2026-04-03 10:06:45,175 INFO src.train.trainer: Epoch 595
2026-04-03 10:06:45,240 INFO src.train.trainer: New best validation loss: -4.9836, saved to checkpoints/rtpp_20260403-100551/best_model_1.pth
2026-04-03 10:06:45,243 INFO src.train.trainer: Last model at epoch 595 saved to checkpoints/rtpp_20260403-100551/last_model_1.pth
2026-04-03 10:06:45,243 INFO src.train.trainer: Epoch 596
2026-04-03 10:06:45,306 INFO src.train.trainer: New best validation loss: -4.9858, saved to checkpoints/rtpp_20260403-100551/best_model_1.pth
2026-04-03 10:06:45,308 INFO src.train.trainer: Last model at epoch 596 saved to checkpoints/rtpp_20260403-100551/last_model_1.pth
2026-04-03 10:06:45,308 INFO src.train.trainer: Epoch 597
2026-04-03 10:06:45,370 INFO src.train.trainer: Last model at epoch 597 saved to checkpoints/rtpp_20260403-100551/last_model_1.pth
2026-04-03 10:06:45,370 INFO src.train.trainer: Epoch 598
2026-04-03 10:06:45,434 INFO src.train.trainer: Last model at epoch 598 saved to checkpoints/rtpp_20260403-100551/last_model_1.pth
2026-04-03 10:06:45,434 INFO src.train.trainer: Epoch 599
2026-04-03 10:06:45,499 INFO src.train.trainer: New best validation loss: -4.9859, saved to checkpoints/rtpp_20260403-100551/best_model_1.pth
2026-04-03 10:06:45,502 INFO src.train.trainer: Last model at epoch 599 saved to checkpoints/rtpp_20260403-100551/last_model_1.pth
2026-04-03 10:06:45,502 INFO src.train.trainer: Epoch 600
2026-04-03 10:06:45,566 INFO src.train.trainer: New best validation loss: -4.9865, saved to checkpoints/rtpp_20260403-100551/best_model_1.pth
2026-04-03 10:06:45,569 INFO src.train.trainer: Last model at epoch 600 saved to checkpoints/rtpp_20260403-100551/last_model_1.pth
2026-04-03 10:06:45,569 INFO src.train.trainer: Epoch 601
2026-04-03 10:06:45,636 INFO src.train.trainer: Last model at epoch 601 saved to checkpoints/rtpp_20260403-100551/last_model_1.pth
2026-04-03 10:06:45,636 INFO src.train.trainer: Epoch 602
2026-04-03 10:06:45,701 INFO src.train.trainer: Last model at epoch 602 saved to checkpoints/rtpp_20260403-100551/last_model_1.pth
2026-04-03 10:06:45,701 INFO src.train.trainer: Epoch 603
2026-04-03 10:06:45,768 INFO src.train.trainer: New best validation loss: -4.9870, saved to checkpoints/rtpp_20260403-100551/best_model_1.pth
2026-04-03 10:06:45,771 INFO src.train.trainer: Last model at epoch 603 saved to checkpoints/rtpp_20260403-100551/last_model_1.pth
2026-04-03 10:06:45,771 INFO src.train.trainer: Epoch 604
2026-04-03 10:06:45,836 INFO src.train.trainer: Last model at epoch 604 saved to checkpoints/rtpp_20260403-100551/last_model_1.pth
2026-04-03 10:06:45,837 INFO src.train.trainer: Epoch 605
2026-04-03 10:06:45,902 INFO src.train.trainer: Last model at epoch 605 saved to checkpoints/rtpp_20260403-100551/last_model_1.pth
2026-04-03 10:06:45,902 INFO src.train.trainer: Epoch 606
2026-04-03 10:06:45,959 INFO src.train.trainer: New best validation loss: -4.9897, saved to checkpoints/rtpp_20260403-100551/best_model_1.pth
2026-04-03 10:06:45,961 INFO src.train.trainer: Last model at epoch 606 saved to checkpoints/rtpp_20260403-100551/last_model_1.pth
2026-04-03 10:06:45,962 INFO src.train.trainer: Epoch 607
2026-04-03 10:06:46,019 INFO src.train.trainer: Last model at epoch 607 saved to checkpoints/rtpp_20260403-100551/last_model_1.pth
2026-04-03 10:06:46,019 INFO src.train.trainer: Epoch 608
2026-04-03 10:06:46,075 INFO src.train.trainer: Last model at epoch 608 saved to checkpoints/rtpp_20260403-100551/last_model_1.pth
2026-04-03 10:06:46,075 INFO src.train.trainer: Epoch 609
2026-04-03 10:06:46,129 INFO src.train.trainer: Last model at epoch 609 saved to checkpoints/rtpp_20260403-100551/last_model_1.pth
2026-04-03 10:06:46,129 INFO src.train.trainer: Epoch 610
2026-04-03 10:06:46,181 INFO src.train.trainer: New best validation loss: -4.9916, saved to checkpoints/rtpp_20260403-100551/best_model_1.pth
2026-04-03 10:06:46,184 INFO src.train.trainer: Last model at epoch 610 saved to checkpoints/rtpp_20260403-100551/last_model_1.pth
2026-04-03 10:06:46,184 INFO src.train.trainer: Epoch 611
2026-04-03 10:06:46,234 INFO src.train.trainer: Last model at epoch 611 saved to checkpoints/rtpp_20260403-100551/last_model_1.pth
2026-04-03 10:06:46,235 INFO src.train.trainer: Epoch 612
2026-04-03 10:06:46,290 INFO src.train.trainer: Last model at epoch 612 saved to checkpoints/rtpp_20260403-100551/last_model_1.pth
2026-04-03 10:06:46,290 INFO src.train.trainer: Epoch 613
2026-04-03 10:06:46,342 INFO src.train.trainer: New best validation loss: -4.9916, saved to checkpoints/rtpp_20260403-100551/best_model_1.pth
2026-04-03 10:06:46,344 INFO src.train.trainer: Last model at epoch 613 saved to checkpoints/rtpp_20260403-100551/last_model_1.pth
2026-04-03 10:06:46,344 INFO src.train.trainer: Epoch 614
2026-04-03 10:06:46,399 INFO src.train.trainer: Last model at epoch 614 saved to checkpoints/rtpp_20260403-100551/last_model_1.pth
2026-04-03 10:06:46,399 INFO src.train.trainer: Epoch 615
2026-04-03 10:06:46,455 INFO src.train.trainer: Last model at epoch 615 saved to checkpoints/rtpp_20260403-100551/last_model_1.pth
2026-04-03 10:06:46,456 INFO src.train.trainer: Epoch 616
2026-04-03 10:06:46,513 INFO src.train.trainer: New best validation loss: -4.9938, saved to checkpoints/rtpp_20260403-100551/best_model_1.pth
2026-04-03 10:06:46,515 INFO src.train.trainer: Last model at epoch 616 saved to checkpoints/rtpp_20260403-100551/last_model_1.pth
2026-04-03 10:06:46,515 INFO src.train.trainer: Epoch 617
2026-04-03 10:06:46,572 INFO src.train.trainer: Last model at epoch 617 saved to checkpoints/rtpp_20260403-100551/last_model_1.pth
2026-04-03 10:06:46,572 INFO src.train.trainer: Epoch 618
2026-04-03 10:06:46,631 INFO src.train.trainer: Last model at epoch 618 saved to checkpoints/rtpp_20260403-100551/last_model_1.pth
2026-04-03 10:06:46,631 INFO src.train.trainer: Epoch 619
2026-04-03 10:06:46,692 INFO src.train.trainer: Last model at epoch 619 saved to checkpoints/rtpp_20260403-100551/last_model_1.pth
2026-04-03 10:06:46,692 INFO src.train.trainer: Epoch 620
2026-04-03 10:06:46,756 INFO src.train.trainer: Last model at epoch 620 saved to checkpoints/rtpp_20260403-100551/last_model_1.pth
2026-04-03 10:06:46,756 INFO src.train.trainer: Epoch 621
2026-04-03 10:06:46,814 INFO src.train.trainer: Last model at epoch 621 saved to checkpoints/rtpp_20260403-100551/last_model_1.pth
2026-04-03 10:06:46,814 INFO src.train.trainer: Epoch 622
2026-04-03 10:06:46,874 INFO src.train.trainer: Last model at epoch 622 saved to checkpoints/rtpp_20260403-100551/last_model_1.pth
2026-04-03 10:06:46,874 INFO src.train.trainer: Epoch 623
2026-04-03 10:06:46,936 INFO src.train.trainer: New best validation loss: -4.9949, saved to checkpoints/rtpp_20260403-100551/best_model_1.pth
2026-04-03 10:06:46,939 INFO src.train.trainer: Last model at epoch 623 saved to checkpoints/rtpp_20260403-100551/last_model_1.pth
2026-04-03 10:06:46,939 INFO src.train.trainer: Epoch 624
2026-04-03 10:06:46,998 INFO src.train.trainer: Last model at epoch 624 saved to checkpoints/rtpp_20260403-100551/last_model_1.pth
2026-04-03 10:06:46,998 INFO src.train.trainer: Epoch 625
2026-04-03 10:06:47,056 INFO src.train.trainer: Last model at epoch 625 saved to checkpoints/rtpp_20260403-100551/last_model_1.pth
2026-04-03 10:06:47,056 INFO src.train.trainer: Epoch 626
2026-04-03 10:06:47,114 INFO src.train.trainer: New best validation loss: -4.9977, saved to checkpoints/rtpp_20260403-100551/best_model_1.pth
2026-04-03 10:06:47,116 INFO src.train.trainer: Last model at epoch 626 saved to checkpoints/rtpp_20260403-100551/last_model_1.pth
2026-04-03 10:06:47,116 INFO src.train.trainer: Epoch 627
2026-04-03 10:06:47,177 INFO src.train.trainer: Last model at epoch 627 saved to checkpoints/rtpp_20260403-100551/last_model_1.pth
2026-04-03 10:06:47,177 INFO src.train.trainer: Epoch 628
2026-04-03 10:06:47,235 INFO src.train.trainer: Last model at epoch 628 saved to checkpoints/rtpp_20260403-100551/last_model_1.pth
2026-04-03 10:06:47,236 INFO src.train.trainer: Epoch 629
2026-04-03 10:06:47,298 INFO src.train.trainer: Last model at epoch 629 saved to checkpoints/rtpp_20260403-100551/last_model_1.pth
2026-04-03 10:06:47,298 INFO src.train.trainer: Epoch 630
2026-04-03 10:06:47,360 INFO src.train.trainer: New best validation loss: -4.9990, saved to checkpoints/rtpp_20260403-100551/best_model_1.pth
2026-04-03 10:06:47,363 INFO src.train.trainer: Last model at epoch 630 saved to checkpoints/rtpp_20260403-100551/last_model_1.pth
2026-04-03 10:06:47,363 INFO src.train.trainer: Epoch 631
2026-04-03 10:06:47,423 INFO src.train.trainer: Last model at epoch 631 saved to checkpoints/rtpp_20260403-100551/last_model_1.pth
2026-04-03 10:06:47,424 INFO src.train.trainer: Epoch 632
2026-04-03 10:06:47,485 INFO src.train.trainer: Last model at epoch 632 saved to checkpoints/rtpp_20260403-100551/last_model_1.pth
2026-04-03 10:06:47,485 INFO src.train.trainer: Epoch 633
2026-04-03 10:06:47,546 INFO src.train.trainer: Last model at epoch 633 saved to checkpoints/rtpp_20260403-100551/last_model_1.pth
2026-04-03 10:06:47,546 INFO src.train.trainer: Epoch 634
2026-04-03 10:06:47,606 INFO src.train.trainer: Last model at epoch 634 saved to checkpoints/rtpp_20260403-100551/last_model_1.pth
2026-04-03 10:06:47,607 INFO src.train.trainer: Epoch 635
2026-04-03 10:06:47,669 INFO src.train.trainer: Last model at epoch 635 saved to checkpoints/rtpp_20260403-100551/last_model_1.pth
2026-04-03 10:06:47,669 INFO src.train.trainer: Epoch 636
2026-04-03 10:06:47,733 INFO src.train.trainer: Last model at epoch 636 saved to checkpoints/rtpp_20260403-100551/last_model_1.pth
2026-04-03 10:06:47,733 INFO src.train.trainer: Epoch 637
2026-04-03 10:06:47,797 INFO src.train.trainer: Last model at epoch 637 saved to checkpoints/rtpp_20260403-100551/last_model_1.pth
2026-04-03 10:06:47,798 INFO src.train.trainer: Epoch 638
2026-04-03 10:06:47,862 INFO src.train.trainer: New best validation loss: -4.9991, saved to checkpoints/rtpp_20260403-100551/best_model_1.pth
2026-04-03 10:06:47,864 INFO src.train.trainer: Last model at epoch 638 saved to checkpoints/rtpp_20260403-100551/last_model_1.pth
2026-04-03 10:06:47,864 INFO src.train.trainer: Epoch 639
2026-04-03 10:06:47,925 INFO src.train.trainer: Last model at epoch 639 saved to checkpoints/rtpp_20260403-100551/last_model_1.pth
2026-04-03 10:06:47,925 INFO src.train.trainer: Epoch 640
2026-04-03 10:06:47,986 INFO src.train.trainer: New best validation loss: -4.9999, saved to checkpoints/rtpp_20260403-100551/best_model_1.pth
2026-04-03 10:06:47,988 INFO src.train.trainer: Last model at epoch 640 saved to checkpoints/rtpp_20260403-100551/last_model_1.pth
2026-04-03 10:06:47,988 INFO src.train.trainer: Epoch 641
2026-04-03 10:06:48,050 INFO src.train.trainer: New best validation loss: -5.0003, saved to checkpoints/rtpp_20260403-100551/best_model_1.pth
2026-04-03 10:06:48,053 INFO src.train.trainer: Last model at epoch 641 saved to checkpoints/rtpp_20260403-100551/last_model_1.pth
2026-04-03 10:06:48,053 INFO src.train.trainer: Epoch 642
2026-04-03 10:06:48,118 INFO src.train.trainer: Last model at epoch 642 saved to checkpoints/rtpp_20260403-100551/last_model_1.pth
2026-04-03 10:06:48,118 INFO src.train.trainer: Epoch 643
2026-04-03 10:06:48,178 INFO src.train.trainer: Last model at epoch 643 saved to checkpoints/rtpp_20260403-100551/last_model_1.pth
2026-04-03 10:06:48,179 INFO src.train.trainer: Epoch 644
2026-04-03 10:06:48,239 INFO src.train.trainer: Last model at epoch 644 saved to checkpoints/rtpp_20260403-100551/last_model_1.pth
2026-04-03 10:06:48,239 INFO src.train.trainer: Epoch 645
2026-04-03 10:06:48,301 INFO src.train.trainer: Last model at epoch 645 saved to checkpoints/rtpp_20260403-100551/last_model_1.pth
2026-04-03 10:06:48,301 INFO src.train.trainer: Epoch 646
2026-04-03 10:06:48,363 INFO src.train.trainer: New best validation loss: -5.0021, saved to checkpoints/rtpp_20260403-100551/best_model_1.pth
2026-04-03 10:06:48,366 INFO src.train.trainer: Last model at epoch 646 saved to checkpoints/rtpp_20260403-100551/last_model_1.pth
2026-04-03 10:06:48,366 INFO src.train.trainer: Epoch 647
2026-04-03 10:06:48,430 INFO src.train.trainer: Last model at epoch 647 saved to checkpoints/rtpp_20260403-100551/last_model_1.pth
2026-04-03 10:06:48,430 INFO src.train.trainer: Epoch 648
2026-04-03 10:06:48,494 INFO src.train.trainer: Last model at epoch 648 saved to checkpoints/rtpp_20260403-100551/last_model_1.pth
2026-04-03 10:06:48,494 INFO src.train.trainer: Epoch 649
2026-04-03 10:06:48,557 INFO src.train.trainer: Last model at epoch 649 saved to checkpoints/rtpp_20260403-100551/last_model_1.pth
2026-04-03 10:06:48,557 INFO src.train.trainer: Epoch 650
2026-04-03 10:06:48,624 INFO src.train.trainer: New best validation loss: -5.0031, saved to checkpoints/rtpp_20260403-100551/best_model_1.pth
2026-04-03 10:06:48,627 INFO src.train.trainer: Last model at epoch 650 saved to checkpoints/rtpp_20260403-100551/last_model_1.pth
2026-04-03 10:06:48,627 INFO src.train.trainer: Epoch 651
2026-04-03 10:06:48,691 INFO src.train.trainer: Last model at epoch 651 saved to checkpoints/rtpp_20260403-100551/last_model_1.pth
2026-04-03 10:06:48,691 INFO src.train.trainer: Epoch 652
2026-04-03 10:06:48,755 INFO src.train.trainer: Last model at epoch 652 saved to checkpoints/rtpp_20260403-100551/last_model_1.pth
2026-04-03 10:06:48,755 INFO src.train.trainer: Epoch 653
2026-04-03 10:06:48,821 INFO src.train.trainer: New best validation loss: -5.0044, saved to checkpoints/rtpp_20260403-100551/best_model_1.pth
2026-04-03 10:06:48,824 INFO src.train.trainer: Last model at epoch 653 saved to checkpoints/rtpp_20260403-100551/last_model_1.pth
2026-04-03 10:06:48,824 INFO src.train.trainer: Epoch 654
2026-04-03 10:06:48,890 INFO src.train.trainer: Last model at epoch 654 saved to checkpoints/rtpp_20260403-100551/last_model_1.pth
2026-04-03 10:06:48,890 INFO src.train.trainer: Epoch 655
2026-04-03 10:06:48,954 INFO src.train.trainer: Last model at epoch 655 saved to checkpoints/rtpp_20260403-100551/last_model_1.pth
2026-04-03 10:06:48,954 INFO src.train.trainer: Epoch 656
2026-04-03 10:06:49,018 INFO src.train.trainer: Last model at epoch 656 saved to checkpoints/rtpp_20260403-100551/last_model_1.pth
2026-04-03 10:06:49,018 INFO src.train.trainer: Epoch 657
2026-04-03 10:06:49,083 INFO src.train.trainer: Last model at epoch 657 saved to checkpoints/rtpp_20260403-100551/last_model_1.pth
2026-04-03 10:06:49,084 INFO src.train.trainer: Epoch 658
2026-04-03 10:06:49,146 INFO src.train.trainer: Last model at epoch 658 saved to checkpoints/rtpp_20260403-100551/last_model_1.pth
2026-04-03 10:06:49,146 INFO src.train.trainer: Epoch 659
2026-04-03 10:06:49,211 INFO src.train.trainer: Last model at epoch 659 saved to checkpoints/rtpp_20260403-100551/last_model_1.pth
2026-04-03 10:06:49,211 INFO src.train.trainer: Epoch 660
2026-04-03 10:06:49,277 INFO src.train.trainer: New best validation loss: -5.0053, saved to checkpoints/rtpp_20260403-100551/best_model_1.pth
2026-04-03 10:06:49,279 INFO src.train.trainer: Last model at epoch 660 saved to checkpoints/rtpp_20260403-100551/last_model_1.pth
2026-04-03 10:06:49,279 INFO src.train.trainer: Epoch 661
2026-04-03 10:06:49,358 INFO src.train.trainer: Last model at epoch 661 saved to checkpoints/rtpp_20260403-100551/last_model_1.pth
2026-04-03 10:06:49,358 INFO src.train.trainer: Epoch 662
2026-04-03 10:06:49,415 INFO src.train.trainer: Last model at epoch 662 saved to checkpoints/rtpp_20260403-100551/last_model_1.pth
2026-04-03 10:06:49,415 INFO src.train.trainer: Epoch 663
2026-04-03 10:06:49,466 INFO src.train.trainer: Last model at epoch 663 saved to checkpoints/rtpp_20260403-100551/last_model_1.pth
2026-04-03 10:06:49,467 INFO src.train.trainer: Epoch 664
2026-04-03 10:06:49,519 INFO src.train.trainer: New best validation loss: -5.0058, saved to checkpoints/rtpp_20260403-100551/best_model_1.pth
2026-04-03 10:06:49,521 INFO src.train.trainer: Last model at epoch 664 saved to checkpoints/rtpp_20260403-100551/last_model_1.pth
2026-04-03 10:06:49,521 INFO src.train.trainer: Epoch 665
2026-04-03 10:06:49,572 INFO src.train.trainer: New best validation loss: -5.0059, saved to checkpoints/rtpp_20260403-100551/best_model_1.pth
2026-04-03 10:06:49,574 INFO src.train.trainer: Last model at epoch 665 saved to checkpoints/rtpp_20260403-100551/last_model_1.pth
2026-04-03 10:06:49,574 INFO src.train.trainer: Epoch 666
2026-04-03 10:06:49,628 INFO src.train.trainer: Last model at epoch 666 saved to checkpoints/rtpp_20260403-100551/last_model_1.pth
2026-04-03 10:06:49,628 INFO src.train.trainer: Epoch 667
2026-04-03 10:06:49,683 INFO src.train.trainer: Last model at epoch 667 saved to checkpoints/rtpp_20260403-100551/last_model_1.pth
2026-04-03 10:06:49,683 INFO src.train.trainer: Epoch 668
2026-04-03 10:06:49,744 INFO src.train.trainer: Last model at epoch 668 saved to checkpoints/rtpp_20260403-100551/last_model_1.pth
2026-04-03 10:06:49,744 INFO src.train.trainer: Epoch 669
2026-04-03 10:06:49,801 INFO src.train.trainer: Last model at epoch 669 saved to checkpoints/rtpp_20260403-100551/last_model_1.pth
2026-04-03 10:06:49,801 INFO src.train.trainer: Epoch 670
2026-04-03 10:06:49,857 INFO src.train.trainer: Last model at epoch 670 saved to checkpoints/rtpp_20260403-100551/last_model_1.pth
2026-04-03 10:06:49,857 INFO src.train.trainer: Epoch 671
2026-04-03 10:06:49,916 INFO src.train.trainer: Last model at epoch 671 saved to checkpoints/rtpp_20260403-100551/last_model_1.pth
2026-04-03 10:06:49,917 INFO src.train.trainer: Epoch 672
2026-04-03 10:06:49,978 INFO src.train.trainer: New best validation loss: -5.0076, saved to checkpoints/rtpp_20260403-100551/best_model_1.pth
2026-04-03 10:06:49,980 INFO src.train.trainer: Last model at epoch 672 saved to checkpoints/rtpp_20260403-100551/last_model_1.pth
2026-04-03 10:06:49,980 INFO src.train.trainer: Epoch 673
2026-04-03 10:06:50,043 INFO src.train.trainer: Last model at epoch 673 saved to checkpoints/rtpp_20260403-100551/last_model_1.pth
2026-04-03 10:06:50,043 INFO src.train.trainer: Epoch 674
2026-04-03 10:06:50,106 INFO src.train.trainer: Last model at epoch 674 saved to checkpoints/rtpp_20260403-100551/last_model_1.pth
2026-04-03 10:06:50,106 INFO src.train.trainer: Epoch 675
2026-04-03 10:06:50,169 INFO src.train.trainer: New best validation loss: -5.0079, saved to checkpoints/rtpp_20260403-100551/best_model_1.pth
2026-04-03 10:06:50,171 INFO src.train.trainer: Last model at epoch 675 saved to checkpoints/rtpp_20260403-100551/last_model_1.pth
2026-04-03 10:06:50,171 INFO src.train.trainer: Epoch 676
2026-04-03 10:06:50,236 INFO src.train.trainer: Last model at epoch 676 saved to checkpoints/rtpp_20260403-100551/last_model_1.pth
2026-04-03 10:06:50,236 INFO src.train.trainer: Epoch 677
2026-04-03 10:06:50,306 INFO src.train.trainer: Last model at epoch 677 saved to checkpoints/rtpp_20260403-100551/last_model_1.pth
2026-04-03 10:06:50,306 INFO src.train.trainer: Epoch 678
2026-04-03 10:06:50,397 INFO src.train.trainer: New best validation loss: -5.0094, saved to checkpoints/rtpp_20260403-100551/best_model_1.pth
2026-04-03 10:06:50,399 INFO src.train.trainer: Last model at epoch 678 saved to checkpoints/rtpp_20260403-100551/last_model_1.pth
2026-04-03 10:06:50,399 INFO src.train.trainer: Epoch 679
2026-04-03 10:06:50,484 INFO src.train.trainer: Last model at epoch 679 saved to checkpoints/rtpp_20260403-100551/last_model_1.pth
2026-04-03 10:06:50,484 INFO src.train.trainer: Epoch 680
2026-04-03 10:06:50,558 INFO src.train.trainer: Last model at epoch 680 saved to checkpoints/rtpp_20260403-100551/last_model_1.pth
2026-04-03 10:06:50,558 INFO src.train.trainer: Epoch 681
2026-04-03 10:06:50,620 INFO src.train.trainer: Last model at epoch 681 saved to checkpoints/rtpp_20260403-100551/last_model_1.pth
2026-04-03 10:06:50,620 INFO src.train.trainer: Epoch 682
2026-04-03 10:06:50,707 INFO src.train.trainer: Last model at epoch 682 saved to checkpoints/rtpp_20260403-100551/last_model_1.pth
2026-04-03 10:06:50,707 INFO src.train.trainer: Epoch 683
2026-04-03 10:06:50,803 INFO src.train.trainer: Last model at epoch 683 saved to checkpoints/rtpp_20260403-100551/last_model_1.pth
2026-04-03 10:06:50,803 INFO src.train.trainer: Epoch 684
2026-04-03 10:06:50,903 INFO src.train.trainer: New best validation loss: -5.0101, saved to checkpoints/rtpp_20260403-100551/best_model_1.pth
2026-04-03 10:06:50,905 INFO src.train.trainer: Last model at epoch 684 saved to checkpoints/rtpp_20260403-100551/last_model_1.pth
2026-04-03 10:06:50,905 INFO src.train.trainer: Epoch 685
2026-04-03 10:06:51,004 INFO src.train.trainer: New best validation loss: -5.0115, saved to checkpoints/rtpp_20260403-100551/best_model_1.pth
2026-04-03 10:06:51,007 INFO src.train.trainer: Last model at epoch 685 saved to checkpoints/rtpp_20260403-100551/last_model_1.pth
2026-04-03 10:06:51,007 INFO src.train.trainer: Epoch 686
2026-04-03 10:06:51,109 INFO src.train.trainer: Last model at epoch 686 saved to checkpoints/rtpp_20260403-100551/last_model_1.pth
2026-04-03 10:06:51,109 INFO src.train.trainer: Epoch 687
2026-04-03 10:06:51,209 INFO src.train.trainer: Last model at epoch 687 saved to checkpoints/rtpp_20260403-100551/last_model_1.pth
2026-04-03 10:06:51,209 INFO src.train.trainer: Epoch 688
2026-04-03 10:06:51,307 INFO src.train.trainer: Last model at epoch 688 saved to checkpoints/rtpp_20260403-100551/last_model_1.pth
2026-04-03 10:06:51,307 INFO src.train.trainer: Epoch 689
2026-04-03 10:06:51,407 INFO src.train.trainer: Last model at epoch 689 saved to checkpoints/rtpp_20260403-100551/last_model_1.pth
2026-04-03 10:06:51,408 INFO src.train.trainer: Epoch 690
2026-04-03 10:06:51,510 INFO src.train.trainer: Last model at epoch 690 saved to checkpoints/rtpp_20260403-100551/last_model_1.pth
2026-04-03 10:06:51,510 INFO src.train.trainer: Epoch 691
2026-04-03 10:06:51,612 INFO src.train.trainer: Last model at epoch 691 saved to checkpoints/rtpp_20260403-100551/last_model_1.pth
2026-04-03 10:06:51,612 INFO src.train.trainer: Epoch 692
2026-04-03 10:06:51,708 INFO src.train.trainer: New best validation loss: -5.0124, saved to checkpoints/rtpp_20260403-100551/best_model_1.pth
2026-04-03 10:06:51,711 INFO src.train.trainer: Last model at epoch 692 saved to checkpoints/rtpp_20260403-100551/last_model_1.pth
2026-04-03 10:06:51,711 INFO src.train.trainer: Epoch 693
2026-04-03 10:06:51,812 INFO src.train.trainer: New best validation loss: -5.0125, saved to checkpoints/rtpp_20260403-100551/best_model_1.pth
2026-04-03 10:06:51,815 INFO src.train.trainer: Last model at epoch 693 saved to checkpoints/rtpp_20260403-100551/last_model_1.pth
2026-04-03 10:06:51,815 INFO src.train.trainer: Epoch 694
2026-04-03 10:06:51,911 INFO src.train.trainer: Last model at epoch 694 saved to checkpoints/rtpp_20260403-100551/last_model_1.pth
2026-04-03 10:06:51,911 INFO src.train.trainer: Epoch 695
2026-04-03 10:06:52,010 INFO src.train.trainer: New best validation loss: -5.0132, saved to checkpoints/rtpp_20260403-100551/best_model_1.pth
2026-04-03 10:06:52,012 INFO src.train.trainer: Last model at epoch 695 saved to checkpoints/rtpp_20260403-100551/last_model_1.pth
2026-04-03 10:06:52,013 INFO src.train.trainer: Epoch 696
2026-04-03 10:06:52,108 INFO src.train.trainer: Last model at epoch 696 saved to checkpoints/rtpp_20260403-100551/last_model_1.pth
2026-04-03 10:06:52,108 INFO src.train.trainer: Epoch 697
2026-04-03 10:06:52,187 INFO src.train.trainer: New best validation loss: -5.0133, saved to checkpoints/rtpp_20260403-100551/best_model_1.pth
2026-04-03 10:06:52,189 INFO src.train.trainer: Last model at epoch 697 saved to checkpoints/rtpp_20260403-100551/last_model_1.pth
2026-04-03 10:06:52,190 INFO src.train.trainer: Epoch 698
2026-04-03 10:06:52,267 INFO src.train.trainer: Last model at epoch 698 saved to checkpoints/rtpp_20260403-100551/last_model_1.pth
2026-04-03 10:06:52,267 INFO src.train.trainer: Epoch 699
2026-04-03 10:06:52,328 INFO src.train.trainer: Last model at epoch 699 saved to checkpoints/rtpp_20260403-100551/last_model_1.pth
2026-04-03 10:06:52,328 INFO src.train.trainer: Epoch 700
2026-04-03 10:06:52,391 INFO src.train.trainer: New best validation loss: -5.0156, saved to checkpoints/rtpp_20260403-100551/best_model_1.pth
2026-04-03 10:06:52,394 INFO src.train.trainer: Last model at epoch 700 saved to checkpoints/rtpp_20260403-100551/last_model_1.pth
2026-04-03 10:06:52,394 INFO src.train.trainer: Epoch 701
2026-04-03 10:06:52,454 INFO src.train.trainer: Last model at epoch 701 saved to checkpoints/rtpp_20260403-100551/last_model_1.pth
2026-04-03 10:06:52,454 INFO src.train.trainer: Epoch 702
2026-04-03 10:06:52,505 INFO src.train.trainer: Last model at epoch 702 saved to checkpoints/rtpp_20260403-100551/last_model_1.pth
2026-04-03 10:06:52,505 INFO src.train.trainer: Epoch 703
2026-04-03 10:06:52,567 INFO src.train.trainer: Last model at epoch 703 saved to checkpoints/rtpp_20260403-100551/last_model_1.pth
2026-04-03 10:06:52,567 INFO src.train.trainer: Epoch 704
2026-04-03 10:06:52,631 INFO src.train.trainer: Last model at epoch 704 saved to checkpoints/rtpp_20260403-100551/last_model_1.pth
2026-04-03 10:06:52,631 INFO src.train.trainer: Epoch 705
2026-04-03 10:06:52,699 INFO src.train.trainer: Last model at epoch 705 saved to checkpoints/rtpp_20260403-100551/last_model_1.pth
2026-04-03 10:06:52,699 INFO src.train.trainer: Epoch 706
2026-04-03 10:06:52,765 INFO src.train.trainer: Last model at epoch 706 saved to checkpoints/rtpp_20260403-100551/last_model_1.pth
2026-04-03 10:06:52,766 INFO src.train.trainer: Epoch 707
2026-04-03 10:06:52,833 INFO src.train.trainer: Last model at epoch 707 saved to checkpoints/rtpp_20260403-100551/last_model_1.pth
2026-04-03 10:06:52,833 INFO src.train.trainer: Epoch 708
2026-04-03 10:06:52,899 INFO src.train.trainer: Last model at epoch 708 saved to checkpoints/rtpp_20260403-100551/last_model_1.pth
2026-04-03 10:06:52,899 INFO src.train.trainer: Epoch 709
2026-04-03 10:06:52,971 INFO src.train.trainer: Last model at epoch 709 saved to checkpoints/rtpp_20260403-100551/last_model_1.pth
2026-04-03 10:06:52,971 INFO src.train.trainer: Epoch 710
2026-04-03 10:06:53,042 INFO src.train.trainer: Last model at epoch 710 saved to checkpoints/rtpp_20260403-100551/last_model_1.pth
2026-04-03 10:06:53,042 INFO src.train.trainer: Epoch 711
2026-04-03 10:06:53,115 INFO src.train.trainer: Last model at epoch 711 saved to checkpoints/rtpp_20260403-100551/last_model_1.pth
2026-04-03 10:06:53,115 INFO src.train.trainer: Epoch 712
2026-04-03 10:06:53,187 INFO src.train.trainer: New best validation loss: -5.0162, saved to checkpoints/rtpp_20260403-100551/best_model_1.pth
2026-04-03 10:06:53,189 INFO src.train.trainer: Last model at epoch 712 saved to checkpoints/rtpp_20260403-100551/last_model_1.pth
2026-04-03 10:06:53,189 INFO src.train.trainer: Epoch 713
2026-04-03 10:06:53,261 INFO src.train.trainer: Last model at epoch 713 saved to checkpoints/rtpp_20260403-100551/last_model_1.pth
2026-04-03 10:06:53,261 INFO src.train.trainer: Epoch 714
2026-04-03 10:06:53,335 INFO src.train.trainer: Last model at epoch 714 saved to checkpoints/rtpp_20260403-100551/last_model_1.pth
2026-04-03 10:06:53,335 INFO src.train.trainer: Epoch 715
2026-04-03 10:06:53,417 INFO src.train.trainer: New best validation loss: -5.0165, saved to checkpoints/rtpp_20260403-100551/best_model_1.pth
2026-04-03 10:06:53,419 INFO src.train.trainer: Last model at epoch 715 saved to checkpoints/rtpp_20260403-100551/last_model_1.pth
2026-04-03 10:06:53,419 INFO src.train.trainer: Epoch 716
2026-04-03 10:06:53,494 INFO src.train.trainer: New best validation loss: -5.0190, saved to checkpoints/rtpp_20260403-100551/best_model_1.pth
2026-04-03 10:06:53,497 INFO src.train.trainer: Last model at epoch 716 saved to checkpoints/rtpp_20260403-100551/last_model_1.pth
2026-04-03 10:06:53,497 INFO src.train.trainer: Epoch 717
2026-04-03 10:06:53,570 INFO src.train.trainer: Last model at epoch 717 saved to checkpoints/rtpp_20260403-100551/last_model_1.pth
2026-04-03 10:06:53,570 INFO src.train.trainer: Epoch 718
2026-04-03 10:06:53,635 INFO src.train.trainer: Last model at epoch 718 saved to checkpoints/rtpp_20260403-100551/last_model_1.pth
2026-04-03 10:06:53,635 INFO src.train.trainer: Epoch 719
2026-04-03 10:06:53,704 INFO src.train.trainer: New best validation loss: -5.0202, saved to checkpoints/rtpp_20260403-100551/best_model_1.pth
2026-04-03 10:06:53,706 INFO src.train.trainer: Last model at epoch 719 saved to checkpoints/rtpp_20260403-100551/last_model_1.pth
2026-04-03 10:06:53,707 INFO src.train.trainer: Epoch 720
2026-04-03 10:06:53,774 INFO src.train.trainer: Last model at epoch 720 saved to checkpoints/rtpp_20260403-100551/last_model_1.pth
2026-04-03 10:06:53,774 INFO src.train.trainer: Epoch 721
2026-04-03 10:06:53,843 INFO src.train.trainer: Last model at epoch 721 saved to checkpoints/rtpp_20260403-100551/last_model_1.pth
2026-04-03 10:06:53,843 INFO src.train.trainer: Epoch 722
2026-04-03 10:06:53,913 INFO src.train.trainer: Last model at epoch 722 saved to checkpoints/rtpp_20260403-100551/last_model_1.pth
2026-04-03 10:06:53,913 INFO src.train.trainer: Epoch 723
2026-04-03 10:06:53,986 INFO src.train.trainer: Last model at epoch 723 saved to checkpoints/rtpp_20260403-100551/last_model_1.pth
2026-04-03 10:06:53,986 INFO src.train.trainer: Epoch 724
2026-04-03 10:06:54,059 INFO src.train.trainer: Last model at epoch 724 saved to checkpoints/rtpp_20260403-100551/last_model_1.pth
2026-04-03 10:06:54,059 INFO src.train.trainer: Epoch 725
2026-04-03 10:06:54,130 INFO src.train.trainer: Last model at epoch 725 saved to checkpoints/rtpp_20260403-100551/last_model_1.pth
2026-04-03 10:06:54,130 INFO src.train.trainer: Epoch 726
2026-04-03 10:06:54,208 INFO src.train.trainer: Last model at epoch 726 saved to checkpoints/rtpp_20260403-100551/last_model_1.pth
2026-04-03 10:06:54,209 INFO src.train.trainer: Epoch 727
2026-04-03 10:06:54,278 INFO src.train.trainer: Last model at epoch 727 saved to checkpoints/rtpp_20260403-100551/last_model_1.pth
2026-04-03 10:06:54,278 INFO src.train.trainer: Epoch 728
2026-04-03 10:06:54,352 INFO src.train.trainer: Last model at epoch 728 saved to checkpoints/rtpp_20260403-100551/last_model_1.pth
2026-04-03 10:06:54,352 INFO src.train.trainer: Epoch 729
2026-04-03 10:06:54,424 INFO src.train.trainer: Last model at epoch 729 saved to checkpoints/rtpp_20260403-100551/last_model_1.pth
2026-04-03 10:06:54,424 INFO src.train.trainer: Epoch 730
2026-04-03 10:06:54,497 INFO src.train.trainer: Last model at epoch 730 saved to checkpoints/rtpp_20260403-100551/last_model_1.pth
2026-04-03 10:06:54,497 INFO src.train.trainer: Epoch 731
2026-04-03 10:06:54,572 INFO src.train.trainer: Last model at epoch 731 saved to checkpoints/rtpp_20260403-100551/last_model_1.pth
2026-04-03 10:06:54,572 INFO src.train.trainer: Epoch 732
2026-04-03 10:06:54,642 INFO src.train.trainer: Last model at epoch 732 saved to checkpoints/rtpp_20260403-100551/last_model_1.pth
2026-04-03 10:06:54,642 INFO src.train.trainer: Epoch 733
2026-04-03 10:06:54,714 INFO src.train.trainer: New best validation loss: -5.0210, saved to checkpoints/rtpp_20260403-100551/best_model_1.pth
2026-04-03 10:06:54,716 INFO src.train.trainer: Last model at epoch 733 saved to checkpoints/rtpp_20260403-100551/last_model_1.pth
2026-04-03 10:06:54,716 INFO src.train.trainer: Epoch 734
2026-04-03 10:06:54,794 INFO src.train.trainer: Last model at epoch 734 saved to checkpoints/rtpp_20260403-100551/last_model_1.pth
2026-04-03 10:06:54,795 INFO src.train.trainer: Epoch 735
2026-04-03 10:06:54,867 INFO src.train.trainer: Last model at epoch 735 saved to checkpoints/rtpp_20260403-100551/last_model_1.pth
2026-04-03 10:06:54,867 INFO src.train.trainer: Epoch 736
2026-04-03 10:06:54,935 INFO src.train.trainer: New best validation loss: -5.0226, saved to checkpoints/rtpp_20260403-100551/best_model_1.pth
2026-04-03 10:06:54,937 INFO src.train.trainer: Last model at epoch 736 saved to checkpoints/rtpp_20260403-100551/last_model_1.pth
2026-04-03 10:06:54,937 INFO src.train.trainer: Epoch 737
2026-04-03 10:06:55,003 INFO src.train.trainer: New best validation loss: -5.0235, saved to checkpoints/rtpp_20260403-100551/best_model_1.pth
2026-04-03 10:06:55,006 INFO src.train.trainer: Last model at epoch 737 saved to checkpoints/rtpp_20260403-100551/last_model_1.pth
2026-04-03 10:06:55,006 INFO src.train.trainer: Epoch 738
2026-04-03 10:06:55,073 INFO src.train.trainer: Last model at epoch 738 saved to checkpoints/rtpp_20260403-100551/last_model_1.pth
2026-04-03 10:06:55,073 INFO src.train.trainer: Epoch 739
2026-04-03 10:06:55,137 INFO src.train.trainer: Last model at epoch 739 saved to checkpoints/rtpp_20260403-100551/last_model_1.pth
2026-04-03 10:06:55,138 INFO src.train.trainer: Epoch 740
2026-04-03 10:06:55,203 INFO src.train.trainer: New best validation loss: -5.0248, saved to checkpoints/rtpp_20260403-100551/best_model_1.pth
2026-04-03 10:06:55,225 INFO src.train.trainer: Last model at epoch 740 saved to checkpoints/rtpp_20260403-100551/last_model_1.pth
2026-04-03 10:06:55,225 INFO src.train.trainer: Epoch 741
2026-04-03 10:06:55,291 INFO src.train.trainer: Last model at epoch 741 saved to checkpoints/rtpp_20260403-100551/last_model_1.pth
2026-04-03 10:06:55,291 INFO src.train.trainer: Epoch 742
2026-04-03 10:06:55,361 INFO src.train.trainer: Last model at epoch 742 saved to checkpoints/rtpp_20260403-100551/last_model_1.pth
2026-04-03 10:06:55,361 INFO src.train.trainer: Epoch 743
2026-04-03 10:06:55,428 INFO src.train.trainer: New best validation loss: -5.0256, saved to checkpoints/rtpp_20260403-100551/best_model_1.pth
2026-04-03 10:06:55,431 INFO src.train.trainer: Last model at epoch 743 saved to checkpoints/rtpp_20260403-100551/last_model_1.pth
2026-04-03 10:06:55,431 INFO src.train.trainer: Epoch 744
2026-04-03 10:06:55,501 INFO src.train.trainer: Last model at epoch 744 saved to checkpoints/rtpp_20260403-100551/last_model_1.pth
2026-04-03 10:06:55,501 INFO src.train.trainer: Epoch 745
2026-04-03 10:06:55,571 INFO src.train.trainer: Last model at epoch 745 saved to checkpoints/rtpp_20260403-100551/last_model_1.pth
2026-04-03 10:06:55,571 INFO src.train.trainer: Epoch 746
2026-04-03 10:06:55,643 INFO src.train.trainer: Last model at epoch 746 saved to checkpoints/rtpp_20260403-100551/last_model_1.pth
2026-04-03 10:06:55,643 INFO src.train.trainer: Epoch 747
2026-04-03 10:06:55,714 INFO src.train.trainer: New best validation loss: -5.0261, saved to checkpoints/rtpp_20260403-100551/best_model_1.pth
2026-04-03 10:06:55,717 INFO src.train.trainer: Last model at epoch 747 saved to checkpoints/rtpp_20260403-100551/last_model_1.pth
2026-04-03 10:06:55,717 INFO src.train.trainer: Epoch 748
2026-04-03 10:06:55,790 INFO src.train.trainer: Last model at epoch 748 saved to checkpoints/rtpp_20260403-100551/last_model_1.pth
2026-04-03 10:06:55,790 INFO src.train.trainer: Epoch 749
2026-04-03 10:06:55,860 INFO src.train.trainer: Last model at epoch 749 saved to checkpoints/rtpp_20260403-100551/last_model_1.pth
2026-04-03 10:06:55,860 INFO src.train.trainer: Epoch 750
2026-04-03 10:06:55,930 INFO src.train.trainer: Last model at epoch 750 saved to checkpoints/rtpp_20260403-100551/last_model_1.pth
2026-04-03 10:06:55,930 INFO src.train.trainer: Epoch 751
2026-04-03 10:06:56,002 INFO src.train.trainer: Last model at epoch 751 saved to checkpoints/rtpp_20260403-100551/last_model_1.pth
2026-04-03 10:06:56,003 INFO src.train.trainer: Epoch 752
2026-04-03 10:06:56,077 INFO src.train.trainer: Last model at epoch 752 saved to checkpoints/rtpp_20260403-100551/last_model_1.pth
2026-04-03 10:06:56,077 INFO src.train.trainer: Epoch 753
2026-04-03 10:06:56,148 INFO src.train.trainer: Last model at epoch 753 saved to checkpoints/rtpp_20260403-100551/last_model_1.pth
2026-04-03 10:06:56,148 INFO src.train.trainer: Epoch 754
2026-04-03 10:06:56,222 INFO src.train.trainer: New best validation loss: -5.0278, saved to checkpoints/rtpp_20260403-100551/best_model_1.pth
2026-04-03 10:06:56,225 INFO src.train.trainer: Last model at epoch 754 saved to checkpoints/rtpp_20260403-100551/last_model_1.pth
2026-04-03 10:06:56,225 INFO src.train.trainer: Epoch 755
2026-04-03 10:06:56,295 INFO src.train.trainer: Last model at epoch 755 saved to checkpoints/rtpp_20260403-100551/last_model_1.pth
2026-04-03 10:06:56,296 INFO src.train.trainer: Epoch 756
2026-04-03 10:06:56,370 INFO src.train.trainer: Last model at epoch 756 saved to checkpoints/rtpp_20260403-100551/last_model_1.pth
2026-04-03 10:06:56,371 INFO src.train.trainer: Epoch 757
2026-04-03 10:06:56,444 INFO src.train.trainer: Last model at epoch 757 saved to checkpoints/rtpp_20260403-100551/last_model_1.pth
2026-04-03 10:06:56,444 INFO src.train.trainer: Epoch 758
2026-04-03 10:06:56,519 INFO src.train.trainer: New best validation loss: -5.0289, saved to checkpoints/rtpp_20260403-100551/best_model_1.pth
2026-04-03 10:06:56,521 INFO src.train.trainer: Last model at epoch 758 saved to checkpoints/rtpp_20260403-100551/last_model_1.pth
2026-04-03 10:06:56,521 INFO src.train.trainer: Epoch 759
2026-04-03 10:06:56,591 INFO src.train.trainer: Last model at epoch 759 saved to checkpoints/rtpp_20260403-100551/last_model_1.pth
2026-04-03 10:06:56,591 INFO src.train.trainer: Epoch 760
2026-04-03 10:06:56,664 INFO src.train.trainer: Last model at epoch 760 saved to checkpoints/rtpp_20260403-100551/last_model_1.pth
2026-04-03 10:06:56,664 INFO src.train.trainer: Epoch 761
2026-04-03 10:06:56,740 INFO src.train.trainer: Last model at epoch 761 saved to checkpoints/rtpp_20260403-100551/last_model_1.pth
2026-04-03 10:06:56,740 INFO src.train.trainer: Epoch 762
2026-04-03 10:06:56,817 INFO src.train.trainer: New best validation loss: -5.0295, saved to checkpoints/rtpp_20260403-100551/best_model_1.pth
2026-04-03 10:06:56,820 INFO src.train.trainer: Last model at epoch 762 saved to checkpoints/rtpp_20260403-100551/last_model_1.pth
2026-04-03 10:06:56,820 INFO src.train.trainer: Epoch 763
2026-04-03 10:06:56,891 INFO src.train.trainer: Last model at epoch 763 saved to checkpoints/rtpp_20260403-100551/last_model_1.pth
2026-04-03 10:06:56,891 INFO src.train.trainer: Epoch 764
2026-04-03 10:06:56,963 INFO src.train.trainer: Last model at epoch 764 saved to checkpoints/rtpp_20260403-100551/last_model_1.pth
2026-04-03 10:06:56,963 INFO src.train.trainer: Epoch 765
2026-04-03 10:06:57,033 INFO src.train.trainer: Last model at epoch 765 saved to checkpoints/rtpp_20260403-100551/last_model_1.pth
2026-04-03 10:06:57,033 INFO src.train.trainer: Epoch 766
2026-04-03 10:06:57,104 INFO src.train.trainer: Last model at epoch 766 saved to checkpoints/rtpp_20260403-100551/last_model_1.pth
2026-04-03 10:06:57,104 INFO src.train.trainer: Epoch 767
2026-04-03 10:06:57,175 INFO src.train.trainer: Last model at epoch 767 saved to checkpoints/rtpp_20260403-100551/last_model_1.pth
2026-04-03 10:06:57,175 INFO src.train.trainer: Epoch 768
2026-04-03 10:06:57,245 INFO src.train.trainer: Last model at epoch 768 saved to checkpoints/rtpp_20260403-100551/last_model_1.pth
2026-04-03 10:06:57,245 INFO src.train.trainer: Epoch 769
2026-04-03 10:06:57,316 INFO src.train.trainer: Last model at epoch 769 saved to checkpoints/rtpp_20260403-100551/last_model_1.pth
2026-04-03 10:06:57,316 INFO src.train.trainer: Epoch 770
2026-04-03 10:06:57,389 INFO src.train.trainer: Last model at epoch 770 saved to checkpoints/rtpp_20260403-100551/last_model_1.pth
2026-04-03 10:06:57,389 INFO src.train.trainer: Epoch 771
2026-04-03 10:06:57,460 INFO src.train.trainer: Last model at epoch 771 saved to checkpoints/rtpp_20260403-100551/last_model_1.pth
2026-04-03 10:06:57,460 INFO src.train.trainer: Epoch 772
2026-04-03 10:06:57,530 INFO src.train.trainer: Last model at epoch 772 saved to checkpoints/rtpp_20260403-100551/last_model_1.pth
2026-04-03 10:06:57,530 INFO src.train.trainer: Epoch 773
2026-04-03 10:06:57,604 INFO src.train.trainer: Last model at epoch 773 saved to checkpoints/rtpp_20260403-100551/last_model_1.pth
2026-04-03 10:06:57,604 INFO src.train.trainer: Epoch 774
2026-04-03 10:06:57,678 INFO src.train.trainer: Last model at epoch 774 saved to checkpoints/rtpp_20260403-100551/last_model_1.pth
2026-04-03 10:06:57,678 INFO src.train.trainer: Epoch 775
2026-04-03 10:06:57,751 INFO src.train.trainer: Last model at epoch 775 saved to checkpoints/rtpp_20260403-100551/last_model_1.pth
2026-04-03 10:06:57,751 INFO src.train.trainer: Epoch 776
2026-04-03 10:06:57,824 INFO src.train.trainer: Last model at epoch 776 saved to checkpoints/rtpp_20260403-100551/last_model_1.pth
2026-04-03 10:06:57,824 INFO src.train.trainer: Epoch 777
2026-04-03 10:06:57,898 INFO src.train.trainer: Last model at epoch 777 saved to checkpoints/rtpp_20260403-100551/last_model_1.pth
2026-04-03 10:06:57,898 INFO src.train.trainer: Epoch 778
2026-04-03 10:06:57,968 INFO src.train.trainer: Last model at epoch 778 saved to checkpoints/rtpp_20260403-100551/last_model_1.pth
2026-04-03 10:06:57,968 INFO src.train.trainer: Epoch 779
2026-04-03 10:06:58,041 INFO src.train.trainer: Last model at epoch 779 saved to checkpoints/rtpp_20260403-100551/last_model_1.pth
2026-04-03 10:06:58,041 INFO src.train.trainer: Epoch 780
2026-04-03 10:06:58,115 INFO src.train.trainer: Last model at epoch 780 saved to checkpoints/rtpp_20260403-100551/last_model_1.pth
2026-04-03 10:06:58,115 INFO src.train.trainer: Epoch 781
2026-04-03 10:06:58,188 INFO src.train.trainer: Last model at epoch 781 saved to checkpoints/rtpp_20260403-100551/last_model_1.pth
2026-04-03 10:06:58,188 INFO src.train.trainer: Epoch 782
2026-04-03 10:06:58,266 INFO src.train.trainer: Last model at epoch 782 saved to checkpoints/rtpp_20260403-100551/last_model_1.pth
2026-04-03 10:06:58,266 INFO src.train.trainer: Epoch 783
2026-04-03 10:06:58,338 INFO src.train.trainer: Last model at epoch 783 saved to checkpoints/rtpp_20260403-100551/last_model_1.pth
2026-04-03 10:06:58,338 INFO src.train.trainer: Epoch 784
2026-04-03 10:06:58,408 INFO src.train.trainer: Last model at epoch 784 saved to checkpoints/rtpp_20260403-100551/last_model_1.pth
2026-04-03 10:06:58,408 INFO src.train.trainer: Epoch 785
2026-04-03 10:06:58,484 INFO src.train.trainer: Last model at epoch 785 saved to checkpoints/rtpp_20260403-100551/last_model_1.pth
2026-04-03 10:06:58,484 INFO src.train.trainer: Epoch 786
2026-04-03 10:06:58,556 INFO src.train.trainer: New best validation loss: -5.0309, saved to checkpoints/rtpp_20260403-100551/best_model_1.pth
2026-04-03 10:06:58,559 INFO src.train.trainer: Last model at epoch 786 saved to checkpoints/rtpp_20260403-100551/last_model_1.pth
2026-04-03 10:06:58,559 INFO src.train.trainer: Epoch 787
2026-04-03 10:06:58,632 INFO src.train.trainer: Last model at epoch 787 saved to checkpoints/rtpp_20260403-100551/last_model_1.pth
2026-04-03 10:06:58,632 INFO src.train.trainer: Epoch 788
2026-04-03 10:06:58,708 INFO src.train.trainer: Last model at epoch 788 saved to checkpoints/rtpp_20260403-100551/last_model_1.pth
2026-04-03 10:06:58,708 INFO src.train.trainer: Epoch 789
2026-04-03 10:06:58,782 INFO src.train.trainer: Last model at epoch 789 saved to checkpoints/rtpp_20260403-100551/last_model_1.pth
2026-04-03 10:06:58,783 INFO src.train.trainer: Epoch 790
2026-04-03 10:06:58,857 INFO src.train.trainer: Last model at epoch 790 saved to checkpoints/rtpp_20260403-100551/last_model_1.pth
2026-04-03 10:06:58,857 INFO src.train.trainer: Epoch 791
2026-04-03 10:06:58,932 INFO src.train.trainer: Last model at epoch 791 saved to checkpoints/rtpp_20260403-100551/last_model_1.pth
2026-04-03 10:06:58,932 INFO src.train.trainer: Epoch 792
2026-04-03 10:06:59,005 INFO src.train.trainer: Last model at epoch 792 saved to checkpoints/rtpp_20260403-100551/last_model_1.pth
2026-04-03 10:06:59,005 INFO src.train.trainer: Epoch 793
2026-04-03 10:06:59,079 INFO src.train.trainer: Last model at epoch 793 saved to checkpoints/rtpp_20260403-100551/last_model_1.pth
2026-04-03 10:06:59,079 INFO src.train.trainer: Epoch 794
2026-04-03 10:06:59,154 INFO src.train.trainer: New best validation loss: -5.0324, saved to checkpoints/rtpp_20260403-100551/best_model_1.pth
2026-04-03 10:06:59,156 INFO src.train.trainer: Last model at epoch 794 saved to checkpoints/rtpp_20260403-100551/last_model_1.pth
2026-04-03 10:06:59,156 INFO src.train.trainer: Epoch 795
2026-04-03 10:06:59,228 INFO src.train.trainer: Last model at epoch 795 saved to checkpoints/rtpp_20260403-100551/last_model_1.pth
2026-04-03 10:06:59,228 INFO src.train.trainer: Epoch 796
2026-04-03 10:06:59,299 INFO src.train.trainer: Last model at epoch 796 saved to checkpoints/rtpp_20260403-100551/last_model_1.pth
2026-04-03 10:06:59,300 INFO src.train.trainer: Epoch 797
2026-04-03 10:06:59,352 INFO src.train.trainer: Last model at epoch 797 saved to checkpoints/rtpp_20260403-100551/last_model_1.pth
2026-04-03 10:06:59,352 INFO src.train.trainer: Epoch 798
2026-04-03 10:06:59,417 INFO src.train.trainer: Last model at epoch 798 saved to checkpoints/rtpp_20260403-100551/last_model_1.pth
2026-04-03 10:06:59,417 INFO src.train.trainer: Epoch 799
2026-04-03 10:06:59,479 INFO src.train.trainer: Last model at epoch 799 saved to checkpoints/rtpp_20260403-100551/last_model_1.pth
2026-04-03 10:06:59,480 INFO src.train.trainer: Epoch 800
2026-04-03 10:06:59,541 INFO src.train.trainer: Last model at epoch 800 saved to checkpoints/rtpp_20260403-100551/last_model_1.pth
2026-04-03 10:06:59,541 INFO src.train.trainer: Epoch 801
2026-04-03 10:06:59,607 INFO src.train.trainer: Last model at epoch 801 saved to checkpoints/rtpp_20260403-100551/last_model_1.pth
2026-04-03 10:06:59,607 INFO src.train.trainer: Epoch 802
2026-04-03 10:06:59,670 INFO src.train.trainer: Last model at epoch 802 saved to checkpoints/rtpp_20260403-100551/last_model_1.pth
2026-04-03 10:06:59,670 INFO src.train.trainer: Epoch 803
2026-04-03 10:06:59,736 INFO src.train.trainer: Last model at epoch 803 saved to checkpoints/rtpp_20260403-100551/last_model_1.pth
2026-04-03 10:06:59,737 INFO src.train.trainer: Epoch 804
2026-04-03 10:06:59,806 INFO src.train.trainer: Last model at epoch 804 saved to checkpoints/rtpp_20260403-100551/last_model_1.pth
2026-04-03 10:06:59,806 INFO src.train.trainer: Epoch 805
2026-04-03 10:06:59,874 INFO src.train.trainer: Last model at epoch 805 saved to checkpoints/rtpp_20260403-100551/last_model_1.pth
2026-04-03 10:06:59,874 INFO src.train.trainer: Epoch 806
2026-04-03 10:06:59,944 INFO src.train.trainer: Last model at epoch 806 saved to checkpoints/rtpp_20260403-100551/last_model_1.pth
2026-04-03 10:06:59,944 INFO src.train.trainer: Epoch 807
2026-04-03 10:07:00,014 INFO src.train.trainer: Last model at epoch 807 saved to checkpoints/rtpp_20260403-100551/last_model_1.pth
2026-04-03 10:07:00,014 INFO src.train.trainer: Epoch 808
2026-04-03 10:07:00,086 INFO src.train.trainer: Last model at epoch 808 saved to checkpoints/rtpp_20260403-100551/last_model_1.pth
2026-04-03 10:07:00,086 INFO src.train.trainer: Epoch 809
2026-04-03 10:07:00,155 INFO src.train.trainer: Last model at epoch 809 saved to checkpoints/rtpp_20260403-100551/last_model_1.pth
2026-04-03 10:07:00,155 INFO src.train.trainer: Epoch 810
2026-04-03 10:07:00,224 INFO src.train.trainer: Last model at epoch 810 saved to checkpoints/rtpp_20260403-100551/last_model_1.pth
2026-04-03 10:07:00,225 INFO src.train.trainer: Epoch 811
2026-04-03 10:07:00,293 INFO src.train.trainer: New best validation loss: -5.0332, saved to checkpoints/rtpp_20260403-100551/best_model_1.pth
2026-04-03 10:07:00,295 INFO src.train.trainer: Last model at epoch 811 saved to checkpoints/rtpp_20260403-100551/last_model_1.pth
2026-04-03 10:07:00,295 INFO src.train.trainer: Epoch 812
2026-04-03 10:07:00,364 INFO src.train.trainer: Last model at epoch 812 saved to checkpoints/rtpp_20260403-100551/last_model_1.pth
2026-04-03 10:07:00,364 INFO src.train.trainer: Epoch 813
2026-04-03 10:07:00,433 INFO src.train.trainer: Last model at epoch 813 saved to checkpoints/rtpp_20260403-100551/last_model_1.pth
2026-04-03 10:07:00,433 INFO src.train.trainer: Epoch 814
2026-04-03 10:07:00,502 INFO src.train.trainer: Last model at epoch 814 saved to checkpoints/rtpp_20260403-100551/last_model_1.pth
2026-04-03 10:07:00,502 INFO src.train.trainer: Epoch 815
2026-04-03 10:07:00,576 INFO src.train.trainer: New best validation loss: -5.0342, saved to checkpoints/rtpp_20260403-100551/best_model_1.pth
2026-04-03 10:07:00,578 INFO src.train.trainer: Last model at epoch 815 saved to checkpoints/rtpp_20260403-100551/last_model_1.pth
2026-04-03 10:07:00,578 INFO src.train.trainer: Epoch 816
2026-04-03 10:07:00,651 INFO src.train.trainer: Last model at epoch 816 saved to checkpoints/rtpp_20260403-100551/last_model_1.pth
2026-04-03 10:07:00,652 INFO src.train.trainer: Epoch 817
2026-04-03 10:07:00,726 INFO src.train.trainer: Last model at epoch 817 saved to checkpoints/rtpp_20260403-100551/last_model_1.pth
2026-04-03 10:07:00,726 INFO src.train.trainer: Epoch 818
2026-04-03 10:07:00,798 INFO src.train.trainer: Last model at epoch 818 saved to checkpoints/rtpp_20260403-100551/last_model_1.pth
2026-04-03 10:07:00,798 INFO src.train.trainer: Epoch 819
2026-04-03 10:07:00,872 INFO src.train.trainer: New best validation loss: -5.0343, saved to checkpoints/rtpp_20260403-100551/best_model_1.pth
2026-04-03 10:07:00,875 INFO src.train.trainer: Last model at epoch 819 saved to checkpoints/rtpp_20260403-100551/last_model_1.pth
2026-04-03 10:07:00,875 INFO src.train.trainer: Epoch 820
2026-04-03 10:07:00,949 INFO src.train.trainer: Last model at epoch 820 saved to checkpoints/rtpp_20260403-100551/last_model_1.pth
2026-04-03 10:07:00,950 INFO src.train.trainer: Epoch 821
2026-04-03 10:07:01,022 INFO src.train.trainer: Last model at epoch 821 saved to checkpoints/rtpp_20260403-100551/last_model_1.pth
2026-04-03 10:07:01,023 INFO src.train.trainer: Epoch 822
2026-04-03 10:07:01,096 INFO src.train.trainer: Last model at epoch 822 saved to checkpoints/rtpp_20260403-100551/last_model_1.pth
2026-04-03 10:07:01,096 INFO src.train.trainer: Epoch 823
2026-04-03 10:07:01,167 INFO src.train.trainer: Last model at epoch 823 saved to checkpoints/rtpp_20260403-100551/last_model_1.pth
2026-04-03 10:07:01,168 INFO src.train.trainer: Epoch 824
2026-04-03 10:07:01,240 INFO src.train.trainer: Last model at epoch 824 saved to checkpoints/rtpp_20260403-100551/last_model_1.pth
2026-04-03 10:07:01,240 INFO src.train.trainer: Epoch 825
2026-04-03 10:07:01,314 INFO src.train.trainer: Last model at epoch 825 saved to checkpoints/rtpp_20260403-100551/last_model_1.pth
2026-04-03 10:07:01,314 INFO src.train.trainer: Epoch 826
2026-04-03 10:07:01,383 INFO src.train.trainer: Last model at epoch 826 saved to checkpoints/rtpp_20260403-100551/last_model_1.pth
2026-04-03 10:07:01,384 INFO src.train.trainer: Epoch 827
2026-04-03 10:07:01,454 INFO src.train.trainer: Last model at epoch 827 saved to checkpoints/rtpp_20260403-100551/last_model_1.pth
2026-04-03 10:07:01,454 INFO src.train.trainer: Epoch 828
2026-04-03 10:07:01,523 INFO src.train.trainer: Last model at epoch 828 saved to checkpoints/rtpp_20260403-100551/last_model_1.pth
2026-04-03 10:07:01,523 INFO src.train.trainer: Epoch 829
2026-04-03 10:07:01,596 INFO src.train.trainer: Last model at epoch 829 saved to checkpoints/rtpp_20260403-100551/last_model_1.pth
2026-04-03 10:07:01,596 INFO src.train.trainer: Epoch 830
2026-04-03 10:07:01,659 INFO src.train.trainer: Last model at epoch 830 saved to checkpoints/rtpp_20260403-100551/last_model_1.pth
2026-04-03 10:07:01,659 INFO src.train.trainer: Epoch 831
2026-04-03 10:07:01,716 INFO src.train.trainer: Last model at epoch 831 saved to checkpoints/rtpp_20260403-100551/last_model_1.pth
2026-04-03 10:07:01,716 INFO src.train.trainer: Epoch 832
2026-04-03 10:07:01,771 INFO src.train.trainer: Last model at epoch 832 saved to checkpoints/rtpp_20260403-100551/last_model_1.pth
2026-04-03 10:07:01,771 INFO src.train.trainer: Epoch 833
2026-04-03 10:07:01,825 INFO src.train.trainer: Last model at epoch 833 saved to checkpoints/rtpp_20260403-100551/last_model_1.pth
2026-04-03 10:07:01,825 INFO src.train.trainer: Epoch 834
2026-04-03 10:07:01,876 INFO src.train.trainer: Last model at epoch 834 saved to checkpoints/rtpp_20260403-100551/last_model_1.pth
2026-04-03 10:07:01,877 INFO src.train.trainer: Epoch 835
2026-04-03 10:07:01,928 INFO src.train.trainer: Last model at epoch 835 saved to checkpoints/rtpp_20260403-100551/last_model_1.pth
2026-04-03 10:07:01,928 INFO src.train.trainer: Epoch 836
2026-04-03 10:07:01,987 INFO src.train.trainer: Last model at epoch 836 saved to checkpoints/rtpp_20260403-100551/last_model_1.pth
2026-04-03 10:07:01,987 INFO src.train.trainer: Epoch 837
2026-04-03 10:07:02,040 INFO src.train.trainer: Last model at epoch 837 saved to checkpoints/rtpp_20260403-100551/last_model_1.pth
2026-04-03 10:07:02,040 INFO src.train.trainer: Epoch 838
2026-04-03 10:07:02,092 INFO src.train.trainer: New best validation loss: -5.0348, saved to checkpoints/rtpp_20260403-100551/best_model_1.pth
2026-04-03 10:07:02,094 INFO src.train.trainer: Last model at epoch 838 saved to checkpoints/rtpp_20260403-100551/last_model_1.pth
2026-04-03 10:07:02,094 INFO src.train.trainer: Epoch 839
2026-04-03 10:07:02,146 INFO src.train.trainer: New best validation loss: -5.0360, saved to checkpoints/rtpp_20260403-100551/best_model_1.pth
2026-04-03 10:07:02,148 INFO src.train.trainer: Last model at epoch 839 saved to checkpoints/rtpp_20260403-100551/last_model_1.pth
2026-04-03 10:07:02,148 INFO src.train.trainer: Epoch 840
2026-04-03 10:07:02,199 INFO src.train.trainer: Last model at epoch 840 saved to checkpoints/rtpp_20260403-100551/last_model_1.pth
2026-04-03 10:07:02,199 INFO src.train.trainer: Epoch 841
2026-04-03 10:07:02,251 INFO src.train.trainer: Last model at epoch 841 saved to checkpoints/rtpp_20260403-100551/last_model_1.pth
2026-04-03 10:07:02,251 INFO src.train.trainer: Epoch 842
2026-04-03 10:07:02,306 INFO src.train.trainer: Last model at epoch 842 saved to checkpoints/rtpp_20260403-100551/last_model_1.pth
2026-04-03 10:07:02,306 INFO src.train.trainer: Epoch 843
2026-04-03 10:07:02,368 INFO src.train.trainer: Last model at epoch 843 saved to checkpoints/rtpp_20260403-100551/last_model_1.pth
2026-04-03 10:07:02,368 INFO src.train.trainer: Epoch 844
2026-04-03 10:07:02,424 INFO src.train.trainer: Last model at epoch 844 saved to checkpoints/rtpp_20260403-100551/last_model_1.pth
2026-04-03 10:07:02,424 INFO src.train.trainer: Epoch 845
2026-04-03 10:07:02,478 INFO src.train.trainer: Last model at epoch 845 saved to checkpoints/rtpp_20260403-100551/last_model_1.pth
2026-04-03 10:07:02,478 INFO src.train.trainer: Epoch 846
2026-04-03 10:07:02,529 INFO src.train.trainer: Last model at epoch 846 saved to checkpoints/rtpp_20260403-100551/last_model_1.pth
2026-04-03 10:07:02,529 INFO src.train.trainer: Epoch 847
2026-04-03 10:07:02,582 INFO src.train.trainer: Last model at epoch 847 saved to checkpoints/rtpp_20260403-100551/last_model_1.pth
2026-04-03 10:07:02,583 INFO src.train.trainer: Epoch 848
2026-04-03 10:07:02,637 INFO src.train.trainer: Last model at epoch 848 saved to checkpoints/rtpp_20260403-100551/last_model_1.pth
2026-04-03 10:07:02,637 INFO src.train.trainer: Epoch 849
2026-04-03 10:07:02,689 INFO src.train.trainer: Last model at epoch 849 saved to checkpoints/rtpp_20260403-100551/last_model_1.pth
2026-04-03 10:07:02,689 INFO src.train.trainer: Epoch 850
2026-04-03 10:07:02,741 INFO src.train.trainer: New best validation loss: -5.0362, saved to checkpoints/rtpp_20260403-100551/best_model_1.pth
2026-04-03 10:07:02,743 INFO src.train.trainer: Last model at epoch 850 saved to checkpoints/rtpp_20260403-100551/last_model_1.pth
2026-04-03 10:07:02,743 INFO src.train.trainer: Epoch 851
2026-04-03 10:07:02,794 INFO src.train.trainer: Last model at epoch 851 saved to checkpoints/rtpp_20260403-100551/last_model_1.pth
2026-04-03 10:07:02,795 INFO src.train.trainer: Epoch 852
2026-04-03 10:07:02,847 INFO src.train.trainer: Last model at epoch 852 saved to checkpoints/rtpp_20260403-100551/last_model_1.pth
2026-04-03 10:07:02,847 INFO src.train.trainer: Epoch 853
2026-04-03 10:07:02,901 INFO src.train.trainer: Last model at epoch 853 saved to checkpoints/rtpp_20260403-100551/last_model_1.pth
2026-04-03 10:07:02,901 INFO src.train.trainer: Epoch 854
2026-04-03 10:07:02,955 INFO src.train.trainer: New best validation loss: -5.0380, saved to checkpoints/rtpp_20260403-100551/best_model_1.pth
2026-04-03 10:07:02,957 INFO src.train.trainer: Last model at epoch 854 saved to checkpoints/rtpp_20260403-100551/last_model_1.pth
2026-04-03 10:07:02,957 INFO src.train.trainer: Epoch 855
2026-04-03 10:07:03,014 INFO src.train.trainer: Last model at epoch 855 saved to checkpoints/rtpp_20260403-100551/last_model_1.pth
2026-04-03 10:07:03,014 INFO src.train.trainer: Epoch 856
2026-04-03 10:07:03,072 INFO src.train.trainer: Last model at epoch 856 saved to checkpoints/rtpp_20260403-100551/last_model_1.pth
2026-04-03 10:07:03,072 INFO src.train.trainer: Epoch 857
2026-04-03 10:07:03,132 INFO src.train.trainer: Last model at epoch 857 saved to checkpoints/rtpp_20260403-100551/last_model_1.pth
2026-04-03 10:07:03,132 INFO src.train.trainer: Epoch 858
2026-04-03 10:07:03,192 INFO src.train.trainer: Last model at epoch 858 saved to checkpoints/rtpp_20260403-100551/last_model_1.pth
2026-04-03 10:07:03,192 INFO src.train.trainer: Epoch 859
2026-04-03 10:07:03,259 INFO src.train.trainer: Last model at epoch 859 saved to checkpoints/rtpp_20260403-100551/last_model_1.pth
2026-04-03 10:07:03,259 INFO src.train.trainer: Epoch 860
2026-04-03 10:07:03,314 INFO src.train.trainer: Last model at epoch 860 saved to checkpoints/rtpp_20260403-100551/last_model_1.pth
2026-04-03 10:07:03,314 INFO src.train.trainer: Epoch 861
2026-04-03 10:07:03,376 INFO src.train.trainer: Last model at epoch 861 saved to checkpoints/rtpp_20260403-100551/last_model_1.pth
2026-04-03 10:07:03,377 INFO src.train.trainer: Epoch 862
2026-04-03 10:07:03,457 INFO src.train.trainer: Last model at epoch 862 saved to checkpoints/rtpp_20260403-100551/last_model_1.pth
2026-04-03 10:07:03,457 INFO src.train.trainer: Epoch 863
2026-04-03 10:07:03,510 INFO src.train.trainer: Last model at epoch 863 saved to checkpoints/rtpp_20260403-100551/last_model_1.pth
2026-04-03 10:07:03,510 INFO src.train.trainer: Epoch 864
2026-04-03 10:07:03,562 INFO src.train.trainer: Last model at epoch 864 saved to checkpoints/rtpp_20260403-100551/last_model_1.pth
2026-04-03 10:07:03,562 INFO src.train.trainer: Epoch 865
2026-04-03 10:07:03,619 INFO src.train.trainer: Last model at epoch 865 saved to checkpoints/rtpp_20260403-100551/last_model_1.pth
2026-04-03 10:07:03,619 INFO src.train.trainer: Epoch 866
2026-04-03 10:07:03,675 INFO src.train.trainer: Last model at epoch 866 saved to checkpoints/rtpp_20260403-100551/last_model_1.pth
2026-04-03 10:07:03,675 INFO src.train.trainer: Epoch 867
2026-04-03 10:07:03,744 INFO src.train.trainer: Last model at epoch 867 saved to checkpoints/rtpp_20260403-100551/last_model_1.pth
2026-04-03 10:07:03,744 INFO src.train.trainer: Epoch 868
2026-04-03 10:07:03,828 INFO src.train.trainer: Last model at epoch 868 saved to checkpoints/rtpp_20260403-100551/last_model_1.pth
2026-04-03 10:07:03,828 INFO src.train.trainer: Epoch 869
2026-04-03 10:07:03,889 INFO src.train.trainer: New best validation loss: -5.0382, saved to checkpoints/rtpp_20260403-100551/best_model_1.pth
2026-04-03 10:07:03,891 INFO src.train.trainer: Last model at epoch 869 saved to checkpoints/rtpp_20260403-100551/last_model_1.pth
2026-04-03 10:07:03,891 INFO src.train.trainer: Epoch 870
2026-04-03 10:07:03,954 INFO src.train.trainer: Last model at epoch 870 saved to checkpoints/rtpp_20260403-100551/last_model_1.pth
2026-04-03 10:07:03,954 INFO src.train.trainer: Epoch 871
2026-04-03 10:07:04,017 INFO src.train.trainer: Last model at epoch 871 saved to checkpoints/rtpp_20260403-100551/last_model_1.pth
2026-04-03 10:07:04,018 INFO src.train.trainer: Epoch 872
2026-04-03 10:07:04,083 INFO src.train.trainer: Last model at epoch 872 saved to checkpoints/rtpp_20260403-100551/last_model_1.pth
2026-04-03 10:07:04,083 INFO src.train.trainer: Epoch 873
2026-04-03 10:07:04,147 INFO src.train.trainer: Last model at epoch 873 saved to checkpoints/rtpp_20260403-100551/last_model_1.pth
2026-04-03 10:07:04,148 INFO src.train.trainer: Epoch 874
2026-04-03 10:07:04,214 INFO src.train.trainer: New best validation loss: -5.0390, saved to checkpoints/rtpp_20260403-100551/best_model_1.pth
2026-04-03 10:07:04,216 INFO src.train.trainer: Last model at epoch 874 saved to checkpoints/rtpp_20260403-100551/last_model_1.pth
2026-04-03 10:07:04,217 INFO src.train.trainer: Epoch 875
2026-04-03 10:07:04,288 INFO src.train.trainer: Last model at epoch 875 saved to checkpoints/rtpp_20260403-100551/last_model_1.pth
2026-04-03 10:07:04,288 INFO src.train.trainer: Epoch 876
2026-04-03 10:07:04,357 INFO src.train.trainer: Last model at epoch 876 saved to checkpoints/rtpp_20260403-100551/last_model_1.pth
2026-04-03 10:07:04,357 INFO src.train.trainer: Epoch 877
2026-04-03 10:07:04,427 INFO src.train.trainer: Last model at epoch 877 saved to checkpoints/rtpp_20260403-100551/last_model_1.pth
2026-04-03 10:07:04,428 INFO src.train.trainer: Epoch 878
2026-04-03 10:07:04,498 INFO src.train.trainer: Last model at epoch 878 saved to checkpoints/rtpp_20260403-100551/last_model_1.pth
2026-04-03 10:07:04,498 INFO src.train.trainer: Epoch 879
2026-04-03 10:07:04,567 INFO src.train.trainer: Last model at epoch 879 saved to checkpoints/rtpp_20260403-100551/last_model_1.pth
2026-04-03 10:07:04,567 INFO src.train.trainer: Epoch 880
2026-04-03 10:07:04,636 INFO src.train.trainer: Last model at epoch 880 saved to checkpoints/rtpp_20260403-100551/last_model_1.pth
2026-04-03 10:07:04,636 INFO src.train.trainer: Epoch 881
2026-04-03 10:07:04,710 INFO src.train.trainer: Last model at epoch 881 saved to checkpoints/rtpp_20260403-100551/last_model_1.pth
2026-04-03 10:07:04,711 INFO src.train.trainer: Epoch 882
2026-04-03 10:07:04,779 INFO src.train.trainer: Last model at epoch 882 saved to checkpoints/rtpp_20260403-100551/last_model_1.pth
2026-04-03 10:07:04,780 INFO src.train.trainer: Epoch 883
2026-04-03 10:07:04,846 INFO src.train.trainer: Last model at epoch 883 saved to checkpoints/rtpp_20260403-100551/last_model_1.pth
2026-04-03 10:07:04,846 INFO src.train.trainer: Epoch 884
2026-04-03 10:07:04,912 INFO src.train.trainer: Last model at epoch 884 saved to checkpoints/rtpp_20260403-100551/last_model_1.pth
2026-04-03 10:07:04,913 INFO src.train.trainer: Epoch 885
2026-04-03 10:07:04,980 INFO src.train.trainer: Last model at epoch 885 saved to checkpoints/rtpp_20260403-100551/last_model_1.pth
2026-04-03 10:07:04,981 INFO src.train.trainer: Epoch 886
2026-04-03 10:07:05,050 INFO src.train.trainer: Last model at epoch 886 saved to checkpoints/rtpp_20260403-100551/last_model_1.pth
2026-04-03 10:07:05,050 INFO src.train.trainer: Epoch 887
2026-04-03 10:07:05,118 INFO src.train.trainer: Last model at epoch 887 saved to checkpoints/rtpp_20260403-100551/last_model_1.pth
2026-04-03 10:07:05,118 INFO src.train.trainer: Epoch 888
2026-04-03 10:07:05,184 INFO src.train.trainer: Last model at epoch 888 saved to checkpoints/rtpp_20260403-100551/last_model_1.pth
2026-04-03 10:07:05,184 INFO src.train.trainer: Epoch 889
2026-04-03 10:07:05,308 INFO src.train.trainer: Last model at epoch 889 saved to checkpoints/rtpp_20260403-100551/last_model_1.pth
2026-04-03 10:07:05,309 INFO src.train.trainer: Epoch 890
2026-04-03 10:07:05,382 INFO src.train.trainer: Last model at epoch 890 saved to checkpoints/rtpp_20260403-100551/last_model_1.pth
2026-04-03 10:07:05,382 INFO src.train.trainer: Epoch 891
2026-04-03 10:07:05,450 INFO src.train.trainer: Last model at epoch 891 saved to checkpoints/rtpp_20260403-100551/last_model_1.pth
2026-04-03 10:07:05,450 INFO src.train.trainer: Epoch 892
2026-04-03 10:07:05,520 INFO src.train.trainer: Last model at epoch 892 saved to checkpoints/rtpp_20260403-100551/last_model_1.pth
2026-04-03 10:07:05,521 INFO src.train.trainer: Epoch 893
2026-04-03 10:07:05,591 INFO src.train.trainer: Last model at epoch 893 saved to checkpoints/rtpp_20260403-100551/last_model_1.pth
2026-04-03 10:07:05,591 INFO src.train.trainer: Epoch 894
2026-04-03 10:07:05,659 INFO src.train.trainer: Last model at epoch 894 saved to checkpoints/rtpp_20260403-100551/last_model_1.pth
2026-04-03 10:07:05,659 INFO src.train.trainer: Epoch 895
2026-04-03 10:07:05,727 INFO src.train.trainer: Last model at epoch 895 saved to checkpoints/rtpp_20260403-100551/last_model_1.pth
2026-04-03 10:07:05,727 INFO src.train.trainer: Epoch 896
2026-04-03 10:07:05,797 INFO src.train.trainer: Last model at epoch 896 saved to checkpoints/rtpp_20260403-100551/last_model_1.pth
2026-04-03 10:07:05,797 INFO src.train.trainer: Epoch 897
2026-04-03 10:07:05,866 INFO src.train.trainer: Last model at epoch 897 saved to checkpoints/rtpp_20260403-100551/last_model_1.pth
2026-04-03 10:07:05,867 INFO src.train.trainer: Epoch 898
2026-04-03 10:07:05,938 INFO src.train.trainer: Last model at epoch 898 saved to checkpoints/rtpp_20260403-100551/last_model_1.pth
2026-04-03 10:07:05,939 INFO src.train.trainer: Epoch 899
2026-04-03 10:07:06,013 INFO src.train.trainer: Last model at epoch 899 saved to checkpoints/rtpp_20260403-100551/last_model_1.pth
2026-04-03 10:07:06,014 INFO src.train.trainer: Epoch 900
2026-04-03 10:07:06,086 INFO src.train.trainer: Last model at epoch 900 saved to checkpoints/rtpp_20260403-100551/last_model_1.pth
2026-04-03 10:07:06,087 INFO src.train.trainer: Epoch 901
2026-04-03 10:07:06,160 INFO src.train.trainer: Last model at epoch 901 saved to checkpoints/rtpp_20260403-100551/last_model_1.pth
2026-04-03 10:07:06,160 INFO src.train.trainer: Epoch 902
2026-04-03 10:07:06,232 INFO src.train.trainer: Last model at epoch 902 saved to checkpoints/rtpp_20260403-100551/last_model_1.pth
2026-04-03 10:07:06,232 INFO src.train.trainer: Epoch 903
2026-04-03 10:07:06,306 INFO src.train.trainer: Last model at epoch 903 saved to checkpoints/rtpp_20260403-100551/last_model_1.pth
2026-04-03 10:07:06,306 INFO src.train.trainer: Epoch 904
2026-04-03 10:07:06,382 INFO src.train.trainer: Last model at epoch 904 saved to checkpoints/rtpp_20260403-100551/last_model_1.pth
2026-04-03 10:07:06,382 INFO src.train.trainer: Epoch 905
2026-04-03 10:07:06,458 INFO src.train.trainer: Last model at epoch 905 saved to checkpoints/rtpp_20260403-100551/last_model_1.pth
2026-04-03 10:07:06,458 INFO src.train.trainer: Epoch 906
2026-04-03 10:07:06,529 INFO src.train.trainer: Last model at epoch 906 saved to checkpoints/rtpp_20260403-100551/last_model_1.pth
2026-04-03 10:07:06,529 INFO src.train.trainer: Epoch 907
2026-04-03 10:07:06,603 INFO src.train.trainer: Last model at epoch 907 saved to checkpoints/rtpp_20260403-100551/last_model_1.pth
2026-04-03 10:07:06,603 INFO src.train.trainer: Epoch 908
2026-04-03 10:07:06,674 INFO src.train.trainer: Last model at epoch 908 saved to checkpoints/rtpp_20260403-100551/last_model_1.pth
2026-04-03 10:07:06,674 INFO src.train.trainer: Epoch 909
2026-04-03 10:07:06,743 INFO src.train.trainer: Last model at epoch 909 saved to checkpoints/rtpp_20260403-100551/last_model_1.pth
2026-04-03 10:07:06,744 INFO src.train.trainer: Epoch 910
2026-04-03 10:07:06,814 INFO src.train.trainer: Last model at epoch 910 saved to checkpoints/rtpp_20260403-100551/last_model_1.pth
2026-04-03 10:07:06,814 INFO src.train.trainer: Epoch 911
2026-04-03 10:07:06,886 INFO src.train.trainer: Last model at epoch 911 saved to checkpoints/rtpp_20260403-100551/last_model_1.pth
2026-04-03 10:07:06,886 INFO src.train.trainer: Epoch 912
2026-04-03 10:07:06,957 INFO src.train.trainer: Last model at epoch 912 saved to checkpoints/rtpp_20260403-100551/last_model_1.pth
2026-04-03 10:07:06,957 INFO src.train.trainer: Epoch 913
2026-04-03 10:07:07,028 INFO src.train.trainer: Last model at epoch 913 saved to checkpoints/rtpp_20260403-100551/last_model_1.pth
2026-04-03 10:07:07,028 INFO src.train.trainer: Epoch 914
2026-04-03 10:07:07,101 INFO src.train.trainer: Last model at epoch 914 saved to checkpoints/rtpp_20260403-100551/last_model_1.pth
2026-04-03 10:07:07,101 INFO src.train.trainer: Epoch 915
2026-04-03 10:07:07,174 INFO src.train.trainer: New best validation loss: -5.0397, saved to checkpoints/rtpp_20260403-100551/best_model_1.pth
2026-04-03 10:07:07,176 INFO src.train.trainer: Last model at epoch 915 saved to checkpoints/rtpp_20260403-100551/last_model_1.pth
2026-04-03 10:07:07,176 INFO src.train.trainer: Epoch 916
2026-04-03 10:07:07,247 INFO src.train.trainer: Last model at epoch 916 saved to checkpoints/rtpp_20260403-100551/last_model_1.pth
2026-04-03 10:07:07,248 INFO src.train.trainer: Epoch 917
2026-04-03 10:07:07,317 INFO src.train.trainer: Last model at epoch 917 saved to checkpoints/rtpp_20260403-100551/last_model_1.pth
2026-04-03 10:07:07,317 INFO src.train.trainer: Epoch 918
2026-04-03 10:07:07,386 INFO src.train.trainer: Last model at epoch 918 saved to checkpoints/rtpp_20260403-100551/last_model_1.pth
2026-04-03 10:07:07,387 INFO src.train.trainer: Epoch 919
2026-04-03 10:07:07,460 INFO src.train.trainer: New best validation loss: -5.0428, saved to checkpoints/rtpp_20260403-100551/best_model_1.pth
2026-04-03 10:07:07,463 INFO src.train.trainer: Last model at epoch 919 saved to checkpoints/rtpp_20260403-100551/last_model_1.pth
2026-04-03 10:07:07,463 INFO src.train.trainer: Epoch 920
2026-04-03 10:07:07,535 INFO src.train.trainer: Last model at epoch 920 saved to checkpoints/rtpp_20260403-100551/last_model_1.pth
2026-04-03 10:07:07,536 INFO src.train.trainer: Epoch 921
2026-04-03 10:07:07,608 INFO src.train.trainer: Last model at epoch 921 saved to checkpoints/rtpp_20260403-100551/last_model_1.pth
2026-04-03 10:07:07,608 INFO src.train.trainer: Epoch 922
2026-04-03 10:07:07,679 INFO src.train.trainer: Last model at epoch 922 saved to checkpoints/rtpp_20260403-100551/last_model_1.pth
2026-04-03 10:07:07,680 INFO src.train.trainer: Epoch 923
2026-04-03 10:07:07,752 INFO src.train.trainer: New best validation loss: -5.0443, saved to checkpoints/rtpp_20260403-100551/best_model_1.pth
2026-04-03 10:07:07,754 INFO src.train.trainer: Last model at epoch 923 saved to checkpoints/rtpp_20260403-100551/last_model_1.pth
2026-04-03 10:07:07,754 INFO src.train.trainer: Epoch 924
2026-04-03 10:07:07,823 INFO src.train.trainer: Last model at epoch 924 saved to checkpoints/rtpp_20260403-100551/last_model_1.pth
2026-04-03 10:07:07,823 INFO src.train.trainer: Epoch 925
2026-04-03 10:07:07,893 INFO src.train.trainer: Last model at epoch 925 saved to checkpoints/rtpp_20260403-100551/last_model_1.pth
2026-04-03 10:07:07,893 INFO src.train.trainer: Epoch 926
2026-04-03 10:07:07,963 INFO src.train.trainer: Last model at epoch 926 saved to checkpoints/rtpp_20260403-100551/last_model_1.pth
2026-04-03 10:07:07,963 INFO src.train.trainer: Epoch 927
2026-04-03 10:07:08,032 INFO src.train.trainer: Last model at epoch 927 saved to checkpoints/rtpp_20260403-100551/last_model_1.pth
2026-04-03 10:07:08,032 INFO src.train.trainer: Epoch 928
2026-04-03 10:07:08,107 INFO src.train.trainer: Last model at epoch 928 saved to checkpoints/rtpp_20260403-100551/last_model_1.pth
2026-04-03 10:07:08,107 INFO src.train.trainer: Epoch 929
2026-04-03 10:07:08,183 INFO src.train.trainer: Last model at epoch 929 saved to checkpoints/rtpp_20260403-100551/last_model_1.pth
2026-04-03 10:07:08,183 INFO src.train.trainer: Epoch 930
2026-04-03 10:07:08,256 INFO src.train.trainer: Last model at epoch 930 saved to checkpoints/rtpp_20260403-100551/last_model_1.pth
2026-04-03 10:07:08,256 INFO src.train.trainer: Epoch 931
2026-04-03 10:07:08,329 INFO src.train.trainer: Last model at epoch 931 saved to checkpoints/rtpp_20260403-100551/last_model_1.pth
2026-04-03 10:07:08,329 INFO src.train.trainer: Epoch 932
2026-04-03 10:07:08,403 INFO src.train.trainer: Last model at epoch 932 saved to checkpoints/rtpp_20260403-100551/last_model_1.pth
2026-04-03 10:07:08,403 INFO src.train.trainer: Epoch 933
2026-04-03 10:07:08,477 INFO src.train.trainer: Last model at epoch 933 saved to checkpoints/rtpp_20260403-100551/last_model_1.pth
2026-04-03 10:07:08,477 INFO src.train.trainer: Epoch 934
2026-04-03 10:07:08,550 INFO src.train.trainer: Last model at epoch 934 saved to checkpoints/rtpp_20260403-100551/last_model_1.pth
2026-04-03 10:07:08,551 INFO src.train.trainer: Epoch 935
2026-04-03 10:07:08,622 INFO src.train.trainer: Last model at epoch 935 saved to checkpoints/rtpp_20260403-100551/last_model_1.pth
2026-04-03 10:07:08,622 INFO src.train.trainer: Epoch 936
2026-04-03 10:07:08,699 INFO src.train.trainer: Last model at epoch 936 saved to checkpoints/rtpp_20260403-100551/last_model_1.pth
2026-04-03 10:07:08,699 INFO src.train.trainer: Epoch 937
2026-04-03 10:07:08,769 INFO src.train.trainer: Last model at epoch 937 saved to checkpoints/rtpp_20260403-100551/last_model_1.pth
2026-04-03 10:07:08,769 INFO src.train.trainer: Epoch 938
2026-04-03 10:07:08,840 INFO src.train.trainer: Last model at epoch 938 saved to checkpoints/rtpp_20260403-100551/last_model_1.pth
2026-04-03 10:07:08,840 INFO src.train.trainer: Epoch 939
2026-04-03 10:07:08,911 INFO src.train.trainer: Last model at epoch 939 saved to checkpoints/rtpp_20260403-100551/last_model_1.pth
2026-04-03 10:07:08,911 INFO src.train.trainer: Epoch 940
2026-04-03 10:07:08,983 INFO src.train.trainer: Last model at epoch 940 saved to checkpoints/rtpp_20260403-100551/last_model_1.pth
2026-04-03 10:07:08,983 INFO src.train.trainer: Epoch 941
2026-04-03 10:07:09,056 INFO src.train.trainer: Last model at epoch 941 saved to checkpoints/rtpp_20260403-100551/last_model_1.pth
2026-04-03 10:07:09,057 INFO src.train.trainer: Epoch 942
2026-04-03 10:07:09,129 INFO src.train.trainer: Last model at epoch 942 saved to checkpoints/rtpp_20260403-100551/last_model_1.pth
2026-04-03 10:07:09,129 INFO src.train.trainer: Epoch 943
2026-04-03 10:07:09,203 INFO src.train.trainer: Last model at epoch 943 saved to checkpoints/rtpp_20260403-100551/last_model_1.pth
2026-04-03 10:07:09,203 INFO src.train.trainer: Epoch 944
2026-04-03 10:07:09,274 INFO src.train.trainer: Last model at epoch 944 saved to checkpoints/rtpp_20260403-100551/last_model_1.pth
2026-04-03 10:07:09,274 INFO src.train.trainer: Epoch 945
2026-04-03 10:07:09,346 INFO src.train.trainer: Last model at epoch 945 saved to checkpoints/rtpp_20260403-100551/last_model_1.pth
2026-04-03 10:07:09,346 INFO src.train.trainer: Epoch 946
2026-04-03 10:07:09,420 INFO src.train.trainer: Last model at epoch 946 saved to checkpoints/rtpp_20260403-100551/last_model_1.pth
2026-04-03 10:07:09,420 INFO src.train.trainer: Epoch 947
2026-04-03 10:07:09,489 INFO src.train.trainer: Last model at epoch 947 saved to checkpoints/rtpp_20260403-100551/last_model_1.pth
2026-04-03 10:07:09,490 INFO src.train.trainer: Epoch 948
2026-04-03 10:07:09,560 INFO src.train.trainer: Last model at epoch 948 saved to checkpoints/rtpp_20260403-100551/last_model_1.pth
2026-04-03 10:07:09,561 INFO src.train.trainer: Epoch 949
2026-04-03 10:07:09,633 INFO src.train.trainer: Last model at epoch 949 saved to checkpoints/rtpp_20260403-100551/last_model_1.pth
2026-04-03 10:07:09,633 INFO src.train.trainer: Epoch 950
2026-04-03 10:07:09,704 INFO src.train.trainer: Last model at epoch 950 saved to checkpoints/rtpp_20260403-100551/last_model_1.pth
2026-04-03 10:07:09,704 INFO src.train.trainer: Epoch 951
2026-04-03 10:07:09,780 INFO src.train.trainer: Last model at epoch 951 saved to checkpoints/rtpp_20260403-100551/last_model_1.pth
2026-04-03 10:07:09,780 INFO src.train.trainer: Epoch 952
2026-04-03 10:07:09,851 INFO src.train.trainer: Last model at epoch 952 saved to checkpoints/rtpp_20260403-100551/last_model_1.pth
2026-04-03 10:07:09,851 INFO src.train.trainer: Epoch 953
2026-04-03 10:07:09,922 INFO src.train.trainer: Last model at epoch 953 saved to checkpoints/rtpp_20260403-100551/last_model_1.pth
2026-04-03 10:07:09,923 INFO src.train.trainer: Epoch 954
2026-04-03 10:07:09,996 INFO src.train.trainer: Last model at epoch 954 saved to checkpoints/rtpp_20260403-100551/last_model_1.pth
2026-04-03 10:07:09,996 INFO src.train.trainer: Epoch 955
2026-04-03 10:07:10,061 INFO src.train.trainer: Last model at epoch 955 saved to checkpoints/rtpp_20260403-100551/last_model_1.pth
2026-04-03 10:07:10,061 INFO src.train.trainer: Epoch 956
2026-04-03 10:07:10,121 INFO src.train.trainer: Last model at epoch 956 saved to checkpoints/rtpp_20260403-100551/last_model_1.pth
2026-04-03 10:07:10,122 INFO src.train.trainer: Epoch 957
2026-04-03 10:07:10,178 INFO src.train.trainer: Last model at epoch 957 saved to checkpoints/rtpp_20260403-100551/last_model_1.pth
2026-04-03 10:07:10,178 INFO src.train.trainer: Epoch 958
2026-04-03 10:07:10,232 INFO src.train.trainer: Last model at epoch 958 saved to checkpoints/rtpp_20260403-100551/last_model_1.pth
2026-04-03 10:07:10,233 INFO src.train.trainer: Epoch 959
2026-04-03 10:07:10,358 INFO src.train.trainer: Last model at epoch 959 saved to checkpoints/rtpp_20260403-100551/last_model_1.pth
2026-04-03 10:07:10,358 INFO src.train.trainer: Epoch 960
2026-04-03 10:07:10,416 INFO src.train.trainer: Last model at epoch 960 saved to checkpoints/rtpp_20260403-100551/last_model_1.pth
2026-04-03 10:07:10,416 INFO src.train.trainer: Epoch 961
2026-04-03 10:07:10,475 INFO src.train.trainer: Last model at epoch 961 saved to checkpoints/rtpp_20260403-100551/last_model_1.pth
2026-04-03 10:07:10,475 INFO src.train.trainer: Epoch 962
2026-04-03 10:07:10,533 INFO src.train.trainer: Last model at epoch 962 saved to checkpoints/rtpp_20260403-100551/last_model_1.pth
2026-04-03 10:07:10,534 INFO src.train.trainer: Epoch 963
2026-04-03 10:07:10,595 INFO src.train.trainer: Last model at epoch 963 saved to checkpoints/rtpp_20260403-100551/last_model_1.pth
2026-04-03 10:07:10,595 INFO src.train.trainer: Epoch 964
2026-04-03 10:07:10,658 INFO src.train.trainer: Last model at epoch 964 saved to checkpoints/rtpp_20260403-100551/last_model_1.pth
2026-04-03 10:07:10,658 INFO src.train.trainer: Epoch 965
2026-04-03 10:07:10,721 INFO src.train.trainer: Last model at epoch 965 saved to checkpoints/rtpp_20260403-100551/last_model_1.pth
2026-04-03 10:07:10,721 INFO src.train.trainer: Epoch 966
2026-04-03 10:07:10,784 INFO src.train.trainer: Last model at epoch 966 saved to checkpoints/rtpp_20260403-100551/last_model_1.pth
2026-04-03 10:07:10,785 INFO src.train.trainer: Epoch 967
2026-04-03 10:07:10,848 INFO src.train.trainer: Last model at epoch 967 saved to checkpoints/rtpp_20260403-100551/last_model_1.pth
2026-04-03 10:07:10,848 INFO src.train.trainer: Epoch 968
2026-04-03 10:07:10,915 INFO src.train.trainer: Last model at epoch 968 saved to checkpoints/rtpp_20260403-100551/last_model_1.pth
2026-04-03 10:07:10,915 INFO src.train.trainer: Epoch 969
2026-04-03 10:07:10,982 INFO src.train.trainer: Last model at epoch 969 saved to checkpoints/rtpp_20260403-100551/last_model_1.pth
2026-04-03 10:07:10,982 INFO src.train.trainer: Epoch 970
2026-04-03 10:07:11,053 INFO src.train.trainer: Last model at epoch 970 saved to checkpoints/rtpp_20260403-100551/last_model_1.pth
2026-04-03 10:07:11,053 INFO src.train.trainer: Epoch 971
2026-04-03 10:07:11,120 INFO src.train.trainer: Last model at epoch 971 saved to checkpoints/rtpp_20260403-100551/last_model_1.pth
2026-04-03 10:07:11,120 INFO src.train.trainer: Epoch 972
2026-04-03 10:07:11,190 INFO src.train.trainer: Last model at epoch 972 saved to checkpoints/rtpp_20260403-100551/last_model_1.pth
2026-04-03 10:07:11,191 INFO src.train.trainer: Epoch 973
2026-04-03 10:07:11,268 INFO src.train.trainer: Last model at epoch 973 saved to checkpoints/rtpp_20260403-100551/last_model_1.pth
2026-04-03 10:07:11,268 INFO src.train.trainer: Epoch 974
2026-04-03 10:07:11,337 INFO src.train.trainer: Last model at epoch 974 saved to checkpoints/rtpp_20260403-100551/last_model_1.pth
2026-04-03 10:07:11,337 INFO src.train.trainer: Epoch 975
2026-04-03 10:07:11,405 INFO src.train.trainer: Last model at epoch 975 saved to checkpoints/rtpp_20260403-100551/last_model_1.pth
2026-04-03 10:07:11,405 INFO src.train.trainer: Epoch 976
2026-04-03 10:07:11,472 INFO src.train.trainer: Last model at epoch 976 saved to checkpoints/rtpp_20260403-100551/last_model_1.pth
2026-04-03 10:07:11,472 INFO src.train.trainer: Epoch 977
2026-04-03 10:07:11,542 INFO src.train.trainer: Last model at epoch 977 saved to checkpoints/rtpp_20260403-100551/last_model_1.pth
2026-04-03 10:07:11,542 INFO src.train.trainer: Epoch 978
2026-04-03 10:07:11,614 INFO src.train.trainer: Last model at epoch 978 saved to checkpoints/rtpp_20260403-100551/last_model_1.pth
2026-04-03 10:07:11,614 INFO src.train.trainer: Epoch 979
2026-04-03 10:07:11,691 INFO src.train.trainer: Last model at epoch 979 saved to checkpoints/rtpp_20260403-100551/last_model_1.pth
2026-04-03 10:07:11,691 INFO src.train.trainer: Epoch 980
2026-04-03 10:07:11,763 INFO src.train.trainer: Last model at epoch 980 saved to checkpoints/rtpp_20260403-100551/last_model_1.pth
2026-04-03 10:07:11,763 INFO src.train.trainer: Epoch 981
2026-04-03 10:07:11,836 INFO src.train.trainer: Last model at epoch 981 saved to checkpoints/rtpp_20260403-100551/last_model_1.pth
2026-04-03 10:07:11,836 INFO src.train.trainer: Epoch 982
2026-04-03 10:07:11,909 INFO src.train.trainer: Last model at epoch 982 saved to checkpoints/rtpp_20260403-100551/last_model_1.pth
2026-04-03 10:07:11,909 INFO src.train.trainer: Epoch 983
2026-04-03 10:07:11,969 INFO src.train.trainer: Last model at epoch 983 saved to checkpoints/rtpp_20260403-100551/last_model_1.pth
2026-04-03 10:07:11,970 INFO src.train.trainer: Epoch 984
2026-04-03 10:07:12,024 INFO src.train.trainer: Last model at epoch 984 saved to checkpoints/rtpp_20260403-100551/last_model_1.pth
2026-04-03 10:07:12,025 INFO src.train.trainer: Epoch 985
2026-04-03 10:07:12,088 INFO src.train.trainer: Last model at epoch 985 saved to checkpoints/rtpp_20260403-100551/last_model_1.pth
2026-04-03 10:07:12,088 INFO src.train.trainer: Epoch 986
2026-04-03 10:07:12,142 INFO src.train.trainer: Last model at epoch 986 saved to checkpoints/rtpp_20260403-100551/last_model_1.pth
2026-04-03 10:07:12,142 INFO src.train.trainer: Epoch 987
2026-04-03 10:07:12,195 INFO src.train.trainer: Last model at epoch 987 saved to checkpoints/rtpp_20260403-100551/last_model_1.pth
2026-04-03 10:07:12,195 INFO src.train.trainer: Epoch 988
2026-04-03 10:07:12,247 INFO src.train.trainer: Last model at epoch 988 saved to checkpoints/rtpp_20260403-100551/last_model_1.pth
2026-04-03 10:07:12,247 INFO src.train.trainer: Epoch 989
2026-04-03 10:07:12,297 INFO src.train.trainer: Last model at epoch 989 saved to checkpoints/rtpp_20260403-100551/last_model_1.pth
2026-04-03 10:07:12,297 INFO src.train.trainer: Epoch 990
2026-04-03 10:07:12,350 INFO src.train.trainer: Last model at epoch 990 saved to checkpoints/rtpp_20260403-100551/last_model_1.pth
2026-04-03 10:07:12,350 INFO src.train.trainer: Epoch 991
2026-04-03 10:07:12,401 INFO src.train.trainer: Last model at epoch 991 saved to checkpoints/rtpp_20260403-100551/last_model_1.pth
2026-04-03 10:07:12,401 INFO src.train.trainer: Epoch 992
2026-04-03 10:07:12,453 INFO src.train.trainer: Last model at epoch 992 saved to checkpoints/rtpp_20260403-100551/last_model_1.pth
2026-04-03 10:07:12,453 INFO src.train.trainer: Epoch 993
2026-04-03 10:07:12,506 INFO src.train.trainer: Last model at epoch 993 saved to checkpoints/rtpp_20260403-100551/last_model_1.pth
2026-04-03 10:07:12,506 INFO src.train.trainer: Epoch 994
2026-04-03 10:07:12,559 INFO src.train.trainer: Last model at epoch 994 saved to checkpoints/rtpp_20260403-100551/last_model_1.pth
2026-04-03 10:07:12,559 INFO src.train.trainer: Epoch 995
2026-04-03 10:07:12,617 INFO src.train.trainer: Last model at epoch 995 saved to checkpoints/rtpp_20260403-100551/last_model_1.pth
2026-04-03 10:07:12,617 INFO src.train.trainer: Epoch 996
2026-04-03 10:07:12,674 INFO src.train.trainer: Last model at epoch 996 saved to checkpoints/rtpp_20260403-100551/last_model_1.pth
2026-04-03 10:07:12,674 INFO src.train.trainer: Epoch 997
2026-04-03 10:07:12,735 INFO src.train.trainer: Last model at epoch 997 saved to checkpoints/rtpp_20260403-100551/last_model_1.pth
2026-04-03 10:07:12,735 INFO src.train.trainer: Epoch 998
2026-04-03 10:07:12,794 INFO src.train.trainer: Last model at epoch 998 saved to checkpoints/rtpp_20260403-100551/last_model_1.pth
2026-04-03 10:07:12,795 INFO src.train.trainer: Epoch 999
2026-04-03 10:07:12,859 INFO src.train.trainer: Last model at epoch 999 saved to checkpoints/rtpp_20260403-100551/last_model_1.pth
2026-04-03 10:07:12,860 INFO src.train.trainer: Epoch 1000
2026-04-03 10:07:12,922 INFO src.train.trainer: Last model at epoch 1000 saved to checkpoints/rtpp_20260403-100551/last_model_1.pth
2026-04-03 10:07:12,922 INFO src.train.trainer: Epoch 1001
2026-04-03 10:07:12,987 INFO src.train.trainer: Last model at epoch 1001 saved to checkpoints/rtpp_20260403-100551/last_model_1.pth
2026-04-03 10:07:12,987 INFO src.train.trainer: Epoch 1002
2026-04-03 10:07:13,057 INFO src.train.trainer: Last model at epoch 1002 saved to checkpoints/rtpp_20260403-100551/last_model_1.pth
2026-04-03 10:07:13,057 INFO src.train.trainer: Epoch 1003
2026-04-03 10:07:13,123 INFO src.train.trainer: Last model at epoch 1003 saved to checkpoints/rtpp_20260403-100551/last_model_1.pth
2026-04-03 10:07:13,123 INFO src.train.trainer: Epoch 1004
2026-04-03 10:07:13,191 INFO src.train.trainer: Last model at epoch 1004 saved to checkpoints/rtpp_20260403-100551/last_model_1.pth
2026-04-03 10:07:13,191 INFO src.train.trainer: Epoch 1005
2026-04-03 10:07:13,259 INFO src.train.trainer: Last model at epoch 1005 saved to checkpoints/rtpp_20260403-100551/last_model_1.pth
2026-04-03 10:07:13,260 INFO src.train.trainer: Epoch 1006
2026-04-03 10:07:13,323 INFO src.train.trainer: Last model at epoch 1006 saved to checkpoints/rtpp_20260403-100551/last_model_1.pth
2026-04-03 10:07:13,323 INFO src.train.trainer: Epoch 1007
2026-04-03 10:07:13,394 INFO src.train.trainer: Last model at epoch 1007 saved to checkpoints/rtpp_20260403-100551/last_model_1.pth
2026-04-03 10:07:13,395 INFO src.train.trainer: Epoch 1008
2026-04-03 10:07:13,466 INFO src.train.trainer: Last model at epoch 1008 saved to checkpoints/rtpp_20260403-100551/last_model_1.pth
2026-04-03 10:07:13,466 INFO src.train.trainer: Epoch 1009
2026-04-03 10:07:13,538 INFO src.train.trainer: Last model at epoch 1009 saved to checkpoints/rtpp_20260403-100551/last_model_1.pth
2026-04-03 10:07:13,538 INFO src.train.trainer: Epoch 1010
2026-04-03 10:07:13,608 INFO src.train.trainer: Last model at epoch 1010 saved to checkpoints/rtpp_20260403-100551/last_model_1.pth
2026-04-03 10:07:13,608 INFO src.train.trainer: Epoch 1011
2026-04-03 10:07:13,679 INFO src.train.trainer: Last model at epoch 1011 saved to checkpoints/rtpp_20260403-100551/last_model_1.pth
2026-04-03 10:07:13,679 INFO src.train.trainer: Epoch 1012
2026-04-03 10:07:13,754 INFO src.train.trainer: Last model at epoch 1012 saved to checkpoints/rtpp_20260403-100551/last_model_1.pth
2026-04-03 10:07:13,754 INFO src.train.trainer: Epoch 1013
2026-04-03 10:07:13,824 INFO src.train.trainer: Last model at epoch 1013 saved to checkpoints/rtpp_20260403-100551/last_model_1.pth
2026-04-03 10:07:13,824 INFO src.train.trainer: Epoch 1014
2026-04-03 10:07:13,897 INFO src.train.trainer: Last model at epoch 1014 saved to checkpoints/rtpp_20260403-100551/last_model_1.pth
2026-04-03 10:07:13,897 INFO src.train.trainer: Epoch 1015
2026-04-03 10:07:13,968 INFO src.train.trainer: Last model at epoch 1015 saved to checkpoints/rtpp_20260403-100551/last_model_1.pth
2026-04-03 10:07:13,968 INFO src.train.trainer: Epoch 1016
2026-04-03 10:07:14,041 INFO src.train.trainer: Last model at epoch 1016 saved to checkpoints/rtpp_20260403-100551/last_model_1.pth
2026-04-03 10:07:14,041 INFO src.train.trainer: Epoch 1017
2026-04-03 10:07:14,114 INFO src.train.trainer: Last model at epoch 1017 saved to checkpoints/rtpp_20260403-100551/last_model_1.pth
2026-04-03 10:07:14,115 INFO src.train.trainer: Epoch 1018
2026-04-03 10:07:14,185 INFO src.train.trainer: Last model at epoch 1018 saved to checkpoints/rtpp_20260403-100551/last_model_1.pth
2026-04-03 10:07:14,185 INFO src.train.trainer: Epoch 1019
2026-04-03 10:07:14,258 INFO src.train.trainer: Last model at epoch 1019 saved to checkpoints/rtpp_20260403-100551/last_model_1.pth
2026-04-03 10:07:14,258 INFO src.train.trainer: Epoch 1020
2026-04-03 10:07:14,328 INFO src.train.trainer: Last model at epoch 1020 saved to checkpoints/rtpp_20260403-100551/last_model_1.pth
2026-04-03 10:07:14,328 INFO src.train.trainer: Epoch 1021
2026-04-03 10:07:14,397 INFO src.train.trainer: Last model at epoch 1021 saved to checkpoints/rtpp_20260403-100551/last_model_1.pth
2026-04-03 10:07:14,397 INFO src.train.trainer: Epoch 1022
2026-04-03 10:07:14,467 INFO src.train.trainer: Last model at epoch 1022 saved to checkpoints/rtpp_20260403-100551/last_model_1.pth
2026-04-03 10:07:14,467 INFO src.train.trainer: Epoch 1023
2026-04-03 10:07:14,537 INFO src.train.trainer: Last model at epoch 1023 saved to checkpoints/rtpp_20260403-100551/last_model_1.pth
2026-04-03 10:07:14,537 INFO src.train.trainer: Epoch 1024
2026-04-03 10:07:14,607 INFO src.train.trainer: Last model at epoch 1024 saved to checkpoints/rtpp_20260403-100551/last_model_1.pth
2026-04-03 10:07:14,607 INFO src.train.trainer: Epoch 1025
2026-04-03 10:07:14,681 INFO src.train.trainer: Last model at epoch 1025 saved to checkpoints/rtpp_20260403-100551/last_model_1.pth
2026-04-03 10:07:14,681 INFO src.train.trainer: Epoch 1026
2026-04-03 10:07:14,754 INFO src.train.trainer: Last model at epoch 1026 saved to checkpoints/rtpp_20260403-100551/last_model_1.pth
2026-04-03 10:07:14,754 INFO src.train.trainer: Epoch 1027
2026-04-03 10:07:14,825 INFO src.train.trainer: Last model at epoch 1027 saved to checkpoints/rtpp_20260403-100551/last_model_1.pth
2026-04-03 10:07:14,825 INFO src.train.trainer: Epoch 1028
2026-04-03 10:07:14,896 INFO src.train.trainer: Last model at epoch 1028 saved to checkpoints/rtpp_20260403-100551/last_model_1.pth
2026-04-03 10:07:14,896 INFO src.train.trainer: Epoch 1029
2026-04-03 10:07:14,969 INFO src.train.trainer: Last model at epoch 1029 saved to checkpoints/rtpp_20260403-100551/last_model_1.pth
2026-04-03 10:07:14,969 INFO src.train.trainer: Epoch 1030
2026-04-03 10:07:15,040 INFO src.train.trainer: Last model at epoch 1030 saved to checkpoints/rtpp_20260403-100551/last_model_1.pth
2026-04-03 10:07:15,040 INFO src.train.trainer: Epoch 1031
2026-04-03 10:07:15,111 INFO src.train.trainer: Last model at epoch 1031 saved to checkpoints/rtpp_20260403-100551/last_model_1.pth
2026-04-03 10:07:15,111 INFO src.train.trainer: Epoch 1032
2026-04-03 10:07:15,182 INFO src.train.trainer: Last model at epoch 1032 saved to checkpoints/rtpp_20260403-100551/last_model_1.pth
2026-04-03 10:07:15,182 INFO src.train.trainer: Epoch 1033
2026-04-03 10:07:15,294 INFO src.train.trainer: Last model at epoch 1033 saved to checkpoints/rtpp_20260403-100551/last_model_1.pth
2026-04-03 10:07:15,294 INFO src.train.trainer: Epoch 1034
2026-04-03 10:07:15,373 INFO src.train.trainer: Last model at epoch 1034 saved to checkpoints/rtpp_20260403-100551/last_model_1.pth
2026-04-03 10:07:15,373 INFO src.train.trainer: Epoch 1035
2026-04-03 10:07:15,446 INFO src.train.trainer: Last model at epoch 1035 saved to checkpoints/rtpp_20260403-100551/last_model_1.pth
2026-04-03 10:07:15,446 INFO src.train.trainer: Epoch 1036
2026-04-03 10:07:15,512 INFO src.train.trainer: Last model at epoch 1036 saved to checkpoints/rtpp_20260403-100551/last_model_1.pth
2026-04-03 10:07:15,512 INFO src.train.trainer: Epoch 1037
2026-04-03 10:07:15,580 INFO src.train.trainer: Last model at epoch 1037 saved to checkpoints/rtpp_20260403-100551/last_model_1.pth
2026-04-03 10:07:15,580 INFO src.train.trainer: Epoch 1038
2026-04-03 10:07:15,645 INFO src.train.trainer: Last model at epoch 1038 saved to checkpoints/rtpp_20260403-100551/last_model_1.pth
2026-04-03 10:07:15,645 INFO src.train.trainer: Epoch 1039
2026-04-03 10:07:15,709 INFO src.train.trainer: Last model at epoch 1039 saved to checkpoints/rtpp_20260403-100551/last_model_1.pth
2026-04-03 10:07:15,709 INFO src.train.trainer: Epoch 1040
2026-04-03 10:07:15,773 INFO src.train.trainer: Last model at epoch 1040 saved to checkpoints/rtpp_20260403-100551/last_model_1.pth
2026-04-03 10:07:15,773 INFO src.train.trainer: Epoch 1041
2026-04-03 10:07:15,839 INFO src.train.trainer: Last model at epoch 1041 saved to checkpoints/rtpp_20260403-100551/last_model_1.pth
2026-04-03 10:07:15,839 INFO src.train.trainer: Epoch 1042
2026-04-03 10:07:15,907 INFO src.train.trainer: Last model at epoch 1042 saved to checkpoints/rtpp_20260403-100551/last_model_1.pth
2026-04-03 10:07:15,907 INFO src.train.trainer: Epoch 1043
2026-04-03 10:07:15,964 INFO src.train.trainer: Last model at epoch 1043 saved to checkpoints/rtpp_20260403-100551/last_model_1.pth
2026-04-03 10:07:15,964 INFO src.train.trainer: Epoch 1044
2026-04-03 10:07:16,022 INFO src.train.trainer: Last model at epoch 1044 saved to checkpoints/rtpp_20260403-100551/last_model_1.pth
2026-04-03 10:07:16,023 INFO src.train.trainer: Epoch 1045
2026-04-03 10:07:16,075 INFO src.train.trainer: Last model at epoch 1045 saved to checkpoints/rtpp_20260403-100551/last_model_1.pth
2026-04-03 10:07:16,075 INFO src.train.trainer: Epoch 1046
2026-04-03 10:07:16,126 INFO src.train.trainer: Last model at epoch 1046 saved to checkpoints/rtpp_20260403-100551/last_model_1.pth
2026-04-03 10:07:16,126 INFO src.train.trainer: Epoch 1047
2026-04-03 10:07:16,179 INFO src.train.trainer: Last model at epoch 1047 saved to checkpoints/rtpp_20260403-100551/last_model_1.pth
2026-04-03 10:07:16,179 INFO src.train.trainer: Epoch 1048
2026-04-03 10:07:16,233 INFO src.train.trainer: Last model at epoch 1048 saved to checkpoints/rtpp_20260403-100551/last_model_1.pth
2026-04-03 10:07:16,233 INFO src.train.trainer: Epoch 1049
2026-04-03 10:07:16,282 INFO src.train.trainer: Last model at epoch 1049 saved to checkpoints/rtpp_20260403-100551/last_model_1.pth
2026-04-03 10:07:16,282 INFO src.train.trainer: Epoch 1050
2026-04-03 10:07:16,332 INFO src.train.trainer: Last model at epoch 1050 saved to checkpoints/rtpp_20260403-100551/last_model_1.pth
2026-04-03 10:07:16,332 INFO src.train.trainer: Epoch 1051
2026-04-03 10:07:16,382 INFO src.train.trainer: Last model at epoch 1051 saved to checkpoints/rtpp_20260403-100551/last_model_1.pth
2026-04-03 10:07:16,382 INFO src.train.trainer: Epoch 1052
2026-04-03 10:07:16,435 INFO src.train.trainer: Last model at epoch 1052 saved to checkpoints/rtpp_20260403-100551/last_model_1.pth
2026-04-03 10:07:16,435 INFO src.train.trainer: Epoch 1053
2026-04-03 10:07:16,489 INFO src.train.trainer: Last model at epoch 1053 saved to checkpoints/rtpp_20260403-100551/last_model_1.pth
2026-04-03 10:07:16,489 INFO src.train.trainer: Epoch 1054
2026-04-03 10:07:16,539 INFO src.train.trainer: Last model at epoch 1054 saved to checkpoints/rtpp_20260403-100551/last_model_1.pth
2026-04-03 10:07:16,539 INFO src.train.trainer: Epoch 1055
2026-04-03 10:07:16,593 INFO src.train.trainer: Last model at epoch 1055 saved to checkpoints/rtpp_20260403-100551/last_model_1.pth
2026-04-03 10:07:16,593 INFO src.train.trainer: Epoch 1056
2026-04-03 10:07:16,648 INFO src.train.trainer: Last model at epoch 1056 saved to checkpoints/rtpp_20260403-100551/last_model_1.pth
2026-04-03 10:07:16,648 INFO src.train.trainer: Epoch 1057
2026-04-03 10:07:16,704 INFO src.train.trainer: Last model at epoch 1057 saved to checkpoints/rtpp_20260403-100551/last_model_1.pth
2026-04-03 10:07:16,704 INFO src.train.trainer: Epoch 1058
2026-04-03 10:07:16,758 INFO src.train.trainer: Last model at epoch 1058 saved to checkpoints/rtpp_20260403-100551/last_model_1.pth
2026-04-03 10:07:16,758 INFO src.train.trainer: Epoch 1059
2026-04-03 10:07:16,815 INFO src.train.trainer: Last model at epoch 1059 saved to checkpoints/rtpp_20260403-100551/last_model_1.pth
2026-04-03 10:07:16,815 INFO src.train.trainer: Epoch 1060
2026-04-03 10:07:16,873 INFO src.train.trainer: Last model at epoch 1060 saved to checkpoints/rtpp_20260403-100551/last_model_1.pth
2026-04-03 10:07:16,873 INFO src.train.trainer: Epoch 1061
2026-04-03 10:07:16,931 INFO src.train.trainer: Last model at epoch 1061 saved to checkpoints/rtpp_20260403-100551/last_model_1.pth
2026-04-03 10:07:16,931 INFO src.train.trainer: Epoch 1062
2026-04-03 10:07:16,990 INFO src.train.trainer: Last model at epoch 1062 saved to checkpoints/rtpp_20260403-100551/last_model_1.pth
2026-04-03 10:07:16,990 INFO src.train.trainer: Epoch 1063
2026-04-03 10:07:17,054 INFO src.train.trainer: Last model at epoch 1063 saved to checkpoints/rtpp_20260403-100551/last_model_1.pth
2026-04-03 10:07:17,054 INFO src.train.trainer: Epoch 1064
2026-04-03 10:07:17,111 INFO src.train.trainer: Last model at epoch 1064 saved to checkpoints/rtpp_20260403-100551/last_model_1.pth
2026-04-03 10:07:17,111 INFO src.train.trainer: Epoch 1065
2026-04-03 10:07:17,162 INFO src.train.trainer: Last model at epoch 1065 saved to checkpoints/rtpp_20260403-100551/last_model_1.pth
2026-04-03 10:07:17,162 INFO src.train.trainer: Epoch 1066
2026-04-03 10:07:17,217 INFO src.train.trainer: Last model at epoch 1066 saved to checkpoints/rtpp_20260403-100551/last_model_1.pth
2026-04-03 10:07:17,217 INFO src.train.trainer: Epoch 1067
2026-04-03 10:07:17,271 INFO src.train.trainer: Last model at epoch 1067 saved to checkpoints/rtpp_20260403-100551/last_model_1.pth
2026-04-03 10:07:17,271 INFO src.train.trainer: Epoch 1068
2026-04-03 10:07:17,327 INFO src.train.trainer: Last model at epoch 1068 saved to checkpoints/rtpp_20260403-100551/last_model_1.pth
2026-04-03 10:07:17,327 INFO src.train.trainer: Epoch 1069
2026-04-03 10:07:17,378 INFO src.train.trainer: Last model at epoch 1069 saved to checkpoints/rtpp_20260403-100551/last_model_1.pth
2026-04-03 10:07:17,378 INFO src.train.trainer: Epoch 1070
2026-04-03 10:07:17,429 INFO src.train.trainer: Last model at epoch 1070 saved to checkpoints/rtpp_20260403-100551/last_model_1.pth
2026-04-03 10:07:17,429 INFO src.train.trainer: Epoch 1071
2026-04-03 10:07:17,482 INFO src.train.trainer: Last model at epoch 1071 saved to checkpoints/rtpp_20260403-100551/last_model_1.pth
2026-04-03 10:07:17,482 INFO src.train.trainer: Epoch 1072
2026-04-03 10:07:17,536 INFO src.train.trainer: Last model at epoch 1072 saved to checkpoints/rtpp_20260403-100551/last_model_1.pth
2026-04-03 10:07:17,536 INFO src.train.trainer: Epoch 1073
2026-04-03 10:07:17,589 INFO src.train.trainer: Last model at epoch 1073 saved to checkpoints/rtpp_20260403-100551/last_model_1.pth
2026-04-03 10:07:17,589 INFO src.train.trainer: Epoch 1074
2026-04-03 10:07:17,646 INFO src.train.trainer: Last model at epoch 1074 saved to checkpoints/rtpp_20260403-100551/last_model_1.pth
2026-04-03 10:07:17,646 INFO src.train.trainer: Epoch 1075
2026-04-03 10:07:17,701 INFO src.train.trainer: Last model at epoch 1075 saved to checkpoints/rtpp_20260403-100551/last_model_1.pth
2026-04-03 10:07:17,701 INFO src.train.trainer: Epoch 1076
2026-04-03 10:07:17,757 INFO src.train.trainer: Last model at epoch 1076 saved to checkpoints/rtpp_20260403-100551/last_model_1.pth
2026-04-03 10:07:17,757 INFO src.train.trainer: Epoch 1077
2026-04-03 10:07:17,814 INFO src.train.trainer: Last model at epoch 1077 saved to checkpoints/rtpp_20260403-100551/last_model_1.pth
2026-04-03 10:07:17,815 INFO src.train.trainer: Epoch 1078
2026-04-03 10:07:17,875 INFO src.train.trainer: Last model at epoch 1078 saved to checkpoints/rtpp_20260403-100551/last_model_1.pth
2026-04-03 10:07:17,875 INFO src.train.trainer: Epoch 1079
2026-04-03 10:07:17,939 INFO src.train.trainer: Last model at epoch 1079 saved to checkpoints/rtpp_20260403-100551/last_model_1.pth
2026-04-03 10:07:17,939 INFO src.train.trainer: Epoch 1080
2026-04-03 10:07:17,996 INFO src.train.trainer: Last model at epoch 1080 saved to checkpoints/rtpp_20260403-100551/last_model_1.pth
2026-04-03 10:07:17,997 INFO src.train.trainer: Epoch 1081
2026-04-03 10:07:18,057 INFO src.train.trainer: Last model at epoch 1081 saved to checkpoints/rtpp_20260403-100551/last_model_1.pth
2026-04-03 10:07:18,058 INFO src.train.trainer: Epoch 1082
2026-04-03 10:07:18,117 INFO src.train.trainer: Last model at epoch 1082 saved to checkpoints/rtpp_20260403-100551/last_model_1.pth
2026-04-03 10:07:18,118 INFO src.train.trainer: Epoch 1083
2026-04-03 10:07:18,168 INFO src.train.trainer: Last model at epoch 1083 saved to checkpoints/rtpp_20260403-100551/last_model_1.pth
2026-04-03 10:07:18,168 INFO src.train.trainer: Epoch 1084
2026-04-03 10:07:18,227 INFO src.train.trainer: Last model at epoch 1084 saved to checkpoints/rtpp_20260403-100551/last_model_1.pth
2026-04-03 10:07:18,227 INFO src.train.trainer: Epoch 1085
2026-04-03 10:07:18,287 INFO src.train.trainer: Last model at epoch 1085 saved to checkpoints/rtpp_20260403-100551/last_model_1.pth
2026-04-03 10:07:18,287 INFO src.train.trainer: Epoch 1086
2026-04-03 10:07:18,354 INFO src.train.trainer: Last model at epoch 1086 saved to checkpoints/rtpp_20260403-100551/last_model_1.pth
2026-04-03 10:07:18,354 INFO src.train.trainer: Epoch 1087
2026-04-03 10:07:18,416 INFO src.train.trainer: Last model at epoch 1087 saved to checkpoints/rtpp_20260403-100551/last_model_1.pth
2026-04-03 10:07:18,416 INFO src.train.trainer: Epoch 1088
2026-04-03 10:07:18,479 INFO src.train.trainer: Last model at epoch 1088 saved to checkpoints/rtpp_20260403-100551/last_model_1.pth
2026-04-03 10:07:18,479 INFO src.train.trainer: Epoch 1089
2026-04-03 10:07:18,542 INFO src.train.trainer: Last model at epoch 1089 saved to checkpoints/rtpp_20260403-100551/last_model_1.pth
2026-04-03 10:07:18,542 INFO src.train.trainer: Epoch 1090
2026-04-03 10:07:18,604 INFO src.train.trainer: Last model at epoch 1090 saved to checkpoints/rtpp_20260403-100551/last_model_1.pth
2026-04-03 10:07:18,604 INFO src.train.trainer: Epoch 1091
2026-04-03 10:07:18,659 INFO src.train.trainer: Last model at epoch 1091 saved to checkpoints/rtpp_20260403-100551/last_model_1.pth
2026-04-03 10:07:18,659 INFO src.train.trainer: Epoch 1092
2026-04-03 10:07:18,714 INFO src.train.trainer: Last model at epoch 1092 saved to checkpoints/rtpp_20260403-100551/last_model_1.pth
2026-04-03 10:07:18,714 INFO src.train.trainer: Epoch 1093
2026-04-03 10:07:18,771 INFO src.train.trainer: Last model at epoch 1093 saved to checkpoints/rtpp_20260403-100551/last_model_1.pth
2026-04-03 10:07:18,771 INFO src.train.trainer: Epoch 1094
2026-04-03 10:07:18,835 INFO src.train.trainer: Last model at epoch 1094 saved to checkpoints/rtpp_20260403-100551/last_model_1.pth
2026-04-03 10:07:18,836 INFO src.train.trainer: Epoch 1095
2026-04-03 10:07:18,891 INFO src.train.trainer: Last model at epoch 1095 saved to checkpoints/rtpp_20260403-100551/last_model_1.pth
2026-04-03 10:07:18,891 INFO src.train.trainer: Epoch 1096
2026-04-03 10:07:18,953 INFO src.train.trainer: Last model at epoch 1096 saved to checkpoints/rtpp_20260403-100551/last_model_1.pth
2026-04-03 10:07:18,953 INFO src.train.trainer: Epoch 1097
2026-04-03 10:07:19,008 INFO src.train.trainer: Last model at epoch 1097 saved to checkpoints/rtpp_20260403-100551/last_model_1.pth
2026-04-03 10:07:19,008 INFO src.train.trainer: Epoch 1098
2026-04-03 10:07:19,060 INFO src.train.trainer: Last model at epoch 1098 saved to checkpoints/rtpp_20260403-100551/last_model_1.pth
2026-04-03 10:07:19,060 INFO src.train.trainer: Epoch 1099
2026-04-03 10:07:19,113 INFO src.train.trainer: Last model at epoch 1099 saved to checkpoints/rtpp_20260403-100551/last_model_1.pth
2026-04-03 10:07:19,113 INFO src.train.trainer: Epoch 1100
2026-04-03 10:07:19,167 INFO src.train.trainer: Last model at epoch 1100 saved to checkpoints/rtpp_20260403-100551/last_model_1.pth
2026-04-03 10:07:19,167 INFO src.train.trainer: Epoch 1101
2026-04-03 10:07:19,222 INFO src.train.trainer: Last model at epoch 1101 saved to checkpoints/rtpp_20260403-100551/last_model_1.pth
2026-04-03 10:07:19,223 INFO src.train.trainer: Epoch 1102
2026-04-03 10:07:19,278 INFO src.train.trainer: Last model at epoch 1102 saved to checkpoints/rtpp_20260403-100551/last_model_1.pth
2026-04-03 10:07:19,278 INFO src.train.trainer: Epoch 1103
2026-04-03 10:07:19,338 INFO src.train.trainer: Last model at epoch 1103 saved to checkpoints/rtpp_20260403-100551/last_model_1.pth
2026-04-03 10:07:19,338 INFO src.train.trainer: Epoch 1104
2026-04-03 10:07:19,393 INFO src.train.trainer: Last model at epoch 1104 saved to checkpoints/rtpp_20260403-100551/last_model_1.pth
2026-04-03 10:07:19,393 INFO src.train.trainer: Epoch 1105
2026-04-03 10:07:19,450 INFO src.train.trainer: Last model at epoch 1105 saved to checkpoints/rtpp_20260403-100551/last_model_1.pth
2026-04-03 10:07:19,450 INFO src.train.trainer: Epoch 1106
2026-04-03 10:07:19,506 INFO src.train.trainer: Last model at epoch 1106 saved to checkpoints/rtpp_20260403-100551/last_model_1.pth
2026-04-03 10:07:19,506 INFO src.train.trainer: Epoch 1107
2026-04-03 10:07:19,564 INFO src.train.trainer: Last model at epoch 1107 saved to checkpoints/rtpp_20260403-100551/last_model_1.pth
2026-04-03 10:07:19,564 INFO src.train.trainer: Epoch 1108
2026-04-03 10:07:19,636 INFO src.train.trainer: Last model at epoch 1108 saved to checkpoints/rtpp_20260403-100551/last_model_1.pth
2026-04-03 10:07:19,636 INFO src.train.trainer: Epoch 1109
2026-04-03 10:07:19,691 INFO src.train.trainer: Last model at epoch 1109 saved to checkpoints/rtpp_20260403-100551/last_model_1.pth
2026-04-03 10:07:19,691 INFO src.train.trainer: Epoch 1110
2026-04-03 10:07:19,742 INFO src.train.trainer: Last model at epoch 1110 saved to checkpoints/rtpp_20260403-100551/last_model_1.pth
2026-04-03 10:07:19,742 INFO src.train.trainer: Epoch 1111
2026-04-03 10:07:19,796 INFO src.train.trainer: Last model at epoch 1111 saved to checkpoints/rtpp_20260403-100551/last_model_1.pth
2026-04-03 10:07:19,796 INFO src.train.trainer: Epoch 1112
2026-04-03 10:07:19,853 INFO src.train.trainer: Last model at epoch 1112 saved to checkpoints/rtpp_20260403-100551/last_model_1.pth
2026-04-03 10:07:19,853 INFO src.train.trainer: Epoch 1113
2026-04-03 10:07:19,912 INFO src.train.trainer: Last model at epoch 1113 saved to checkpoints/rtpp_20260403-100551/last_model_1.pth
2026-04-03 10:07:19,912 INFO src.train.trainer: Epoch 1114
2026-04-03 10:07:19,967 INFO src.train.trainer: Last model at epoch 1114 saved to checkpoints/rtpp_20260403-100551/last_model_1.pth
2026-04-03 10:07:19,967 INFO src.train.trainer: Epoch 1115
2026-04-03 10:07:20,027 INFO src.train.trainer: Last model at epoch 1115 saved to checkpoints/rtpp_20260403-100551/last_model_1.pth
2026-04-03 10:07:20,027 INFO src.train.trainer: Epoch 1116
2026-04-03 10:07:20,089 INFO src.train.trainer: Last model at epoch 1116 saved to checkpoints/rtpp_20260403-100551/last_model_1.pth
2026-04-03 10:07:20,089 INFO src.train.trainer: Epoch 1117
2026-04-03 10:07:20,153 INFO src.train.trainer: Last model at epoch 1117 saved to checkpoints/rtpp_20260403-100551/last_model_1.pth
2026-04-03 10:07:20,153 INFO src.train.trainer: Epoch 1118
2026-04-03 10:07:20,227 INFO src.train.trainer: Last model at epoch 1118 saved to checkpoints/rtpp_20260403-100551/last_model_1.pth
2026-04-03 10:07:20,227 INFO src.train.trainer: Epoch 1119
2026-04-03 10:07:20,343 INFO src.train.trainer: Last model at epoch 1119 saved to checkpoints/rtpp_20260403-100551/last_model_1.pth
2026-04-03 10:07:20,344 INFO src.train.trainer: Epoch 1120
2026-04-03 10:07:20,408 INFO src.train.trainer: Last model at epoch 1120 saved to checkpoints/rtpp_20260403-100551/last_model_1.pth
2026-04-03 10:07:20,408 INFO src.train.trainer: Epoch 1121
2026-04-03 10:07:20,473 INFO src.train.trainer: Last model at epoch 1121 saved to checkpoints/rtpp_20260403-100551/last_model_1.pth
2026-04-03 10:07:20,473 INFO src.train.trainer: Epoch 1122
2026-04-03 10:07:20,548 INFO src.train.trainer: Last model at epoch 1122 saved to checkpoints/rtpp_20260403-100551/last_model_1.pth
2026-04-03 10:07:20,548 INFO src.train.trainer: Epoch 1123
2026-04-03 10:07:20,619 INFO src.train.trainer: Last model at epoch 1123 saved to checkpoints/rtpp_20260403-100551/last_model_1.pth
2026-04-03 10:07:20,619 INFO src.train.trainer: Epoch 1124
2026-04-03 10:07:20,690 INFO src.train.trainer: Last model at epoch 1124 saved to checkpoints/rtpp_20260403-100551/last_model_1.pth
2026-04-03 10:07:20,690 INFO src.train.trainer: Epoch 1125
2026-04-03 10:07:20,762 INFO src.train.trainer: Last model at epoch 1125 saved to checkpoints/rtpp_20260403-100551/last_model_1.pth
2026-04-03 10:07:20,762 INFO src.train.trainer: Epoch 1126
2026-04-03 10:07:20,842 INFO src.train.trainer: Last model at epoch 1126 saved to checkpoints/rtpp_20260403-100551/last_model_1.pth
2026-04-03 10:07:20,842 INFO src.train.trainer: Epoch 1127
2026-04-03 10:07:20,914 INFO src.train.trainer: Last model at epoch 1127 saved to checkpoints/rtpp_20260403-100551/last_model_1.pth
2026-04-03 10:07:20,914 INFO src.train.trainer: Epoch 1128
2026-04-03 10:07:20,986 INFO src.train.trainer: Last model at epoch 1128 saved to checkpoints/rtpp_20260403-100551/last_model_1.pth
2026-04-03 10:07:20,987 INFO src.train.trainer: Epoch 1129
2026-04-03 10:07:21,059 INFO src.train.trainer: Last model at epoch 1129 saved to checkpoints/rtpp_20260403-100551/last_model_1.pth
2026-04-03 10:07:21,059 INFO src.train.trainer: Epoch 1130
2026-04-03 10:07:21,121 INFO src.train.trainer: Last model at epoch 1130 saved to checkpoints/rtpp_20260403-100551/last_model_1.pth
2026-04-03 10:07:21,121 INFO src.train.trainer: Epoch 1131
2026-04-03 10:07:21,178 INFO src.train.trainer: Last model at epoch 1131 saved to checkpoints/rtpp_20260403-100551/last_model_1.pth
2026-04-03 10:07:21,178 INFO src.train.trainer: Epoch 1132
2026-04-03 10:07:21,233 INFO src.train.trainer: Last model at epoch 1132 saved to checkpoints/rtpp_20260403-100551/last_model_1.pth
2026-04-03 10:07:21,233 INFO src.train.trainer: Epoch 1133
2026-04-03 10:07:21,287 INFO src.train.trainer: Last model at epoch 1133 saved to checkpoints/rtpp_20260403-100551/last_model_1.pth
2026-04-03 10:07:21,287 INFO src.train.trainer: Epoch 1134
2026-04-03 10:07:21,341 INFO src.train.trainer: Last model at epoch 1134 saved to checkpoints/rtpp_20260403-100551/last_model_1.pth
2026-04-03 10:07:21,341 INFO src.train.trainer: Epoch 1135
2026-04-03 10:07:21,397 INFO src.train.trainer: Last model at epoch 1135 saved to checkpoints/rtpp_20260403-100551/last_model_1.pth
2026-04-03 10:07:21,397 INFO src.train.trainer: Epoch 1136
2026-04-03 10:07:21,454 INFO src.train.trainer: Last model at epoch 1136 saved to checkpoints/rtpp_20260403-100551/last_model_1.pth
2026-04-03 10:07:21,454 INFO src.train.trainer: Epoch 1137
2026-04-03 10:07:21,511 INFO src.train.trainer: Last model at epoch 1137 saved to checkpoints/rtpp_20260403-100551/last_model_1.pth
2026-04-03 10:07:21,511 INFO src.train.trainer: Epoch 1138
2026-04-03 10:07:21,569 INFO src.train.trainer: Last model at epoch 1138 saved to checkpoints/rtpp_20260403-100551/last_model_1.pth
2026-04-03 10:07:21,569 INFO src.train.trainer: Epoch 1139
2026-04-03 10:07:21,628 INFO src.train.trainer: Last model at epoch 1139 saved to checkpoints/rtpp_20260403-100551/last_model_1.pth
2026-04-03 10:07:21,628 INFO src.train.trainer: Epoch 1140
2026-04-03 10:07:21,689 INFO src.train.trainer: Last model at epoch 1140 saved to checkpoints/rtpp_20260403-100551/last_model_1.pth
2026-04-03 10:07:21,689 INFO src.train.trainer: Epoch 1141
2026-04-03 10:07:21,752 INFO src.train.trainer: Last model at epoch 1141 saved to checkpoints/rtpp_20260403-100551/last_model_1.pth
2026-04-03 10:07:21,752 INFO src.train.trainer: Epoch 1142
2026-04-03 10:07:21,814 INFO src.train.trainer: Last model at epoch 1142 saved to checkpoints/rtpp_20260403-100551/last_model_1.pth
2026-04-03 10:07:21,814 INFO src.train.trainer: Epoch 1143
2026-04-03 10:07:21,879 INFO src.train.trainer: Last model at epoch 1143 saved to checkpoints/rtpp_20260403-100551/last_model_1.pth
2026-04-03 10:07:21,879 INFO src.train.trainer: Epoch 1144
2026-04-03 10:07:21,957 INFO src.train.trainer: Last model at epoch 1144 saved to checkpoints/rtpp_20260403-100551/last_model_1.pth
2026-04-03 10:07:21,957 INFO src.train.trainer: Epoch 1145
2026-04-03 10:07:22,025 INFO src.train.trainer: Last model at epoch 1145 saved to checkpoints/rtpp_20260403-100551/last_model_1.pth
2026-04-03 10:07:22,025 INFO src.train.trainer: Epoch 1146
2026-04-03 10:07:22,089 INFO src.train.trainer: Last model at epoch 1146 saved to checkpoints/rtpp_20260403-100551/last_model_1.pth
2026-04-03 10:07:22,089 INFO src.train.trainer: Epoch 1147
2026-04-03 10:07:22,156 INFO src.train.trainer: Last model at epoch 1147 saved to checkpoints/rtpp_20260403-100551/last_model_1.pth
2026-04-03 10:07:22,156 INFO src.train.trainer: Epoch 1148
2026-04-03 10:07:22,217 INFO src.train.trainer: Last model at epoch 1148 saved to checkpoints/rtpp_20260403-100551/last_model_1.pth
2026-04-03 10:07:22,217 INFO src.train.trainer: Epoch 1149
2026-04-03 10:07:22,281 INFO src.train.trainer: Last model at epoch 1149 saved to checkpoints/rtpp_20260403-100551/last_model_1.pth
2026-04-03 10:07:22,281 INFO src.train.trainer: Epoch 1150
2026-04-03 10:07:22,345 INFO src.train.trainer: Last model at epoch 1150 saved to checkpoints/rtpp_20260403-100551/last_model_1.pth
2026-04-03 10:07:22,345 INFO src.train.trainer: Epoch 1151
2026-04-03 10:07:22,410 INFO src.train.trainer: Last model at epoch 1151 saved to checkpoints/rtpp_20260403-100551/last_model_1.pth
2026-04-03 10:07:22,410 INFO src.train.trainer: Epoch 1152
2026-04-03 10:07:22,478 INFO src.train.trainer: Last model at epoch 1152 saved to checkpoints/rtpp_20260403-100551/last_model_1.pth
2026-04-03 10:07:22,478 INFO src.train.trainer: Epoch 1153
2026-04-03 10:07:22,544 INFO src.train.trainer: Last model at epoch 1153 saved to checkpoints/rtpp_20260403-100551/last_model_1.pth
2026-04-03 10:07:22,544 INFO src.train.trainer: Epoch 1154
2026-04-03 10:07:22,616 INFO src.train.trainer: Last model at epoch 1154 saved to checkpoints/rtpp_20260403-100551/last_model_1.pth
2026-04-03 10:07:22,616 INFO src.train.trainer: Epoch 1155
2026-04-03 10:07:22,683 INFO src.train.trainer: Last model at epoch 1155 saved to checkpoints/rtpp_20260403-100551/last_model_1.pth
2026-04-03 10:07:22,683 INFO src.train.trainer: Epoch 1156
2026-04-03 10:07:22,745 INFO src.train.trainer: Last model at epoch 1156 saved to checkpoints/rtpp_20260403-100551/last_model_1.pth
2026-04-03 10:07:22,746 INFO src.train.trainer: Epoch 1157
2026-04-03 10:07:22,810 INFO src.train.trainer: Last model at epoch 1157 saved to checkpoints/rtpp_20260403-100551/last_model_1.pth
2026-04-03 10:07:22,810 INFO src.train.trainer: Epoch 1158
2026-04-03 10:07:22,884 INFO src.train.trainer: Last model at epoch 1158 saved to checkpoints/rtpp_20260403-100551/last_model_1.pth
2026-04-03 10:07:22,884 INFO src.train.trainer: Epoch 1159
2026-04-03 10:07:22,940 INFO src.train.trainer: Last model at epoch 1159 saved to checkpoints/rtpp_20260403-100551/last_model_1.pth
2026-04-03 10:07:22,940 INFO src.train.trainer: Epoch 1160
2026-04-03 10:07:22,997 INFO src.train.trainer: Last model at epoch 1160 saved to checkpoints/rtpp_20260403-100551/last_model_1.pth
2026-04-03 10:07:22,998 INFO src.train.trainer: Epoch 1161
2026-04-03 10:07:23,059 INFO src.train.trainer: Last model at epoch 1161 saved to checkpoints/rtpp_20260403-100551/last_model_1.pth
2026-04-03 10:07:23,059 INFO src.train.trainer: Epoch 1162
2026-04-03 10:07:23,125 INFO src.train.trainer: Last model at epoch 1162 saved to checkpoints/rtpp_20260403-100551/last_model_1.pth
2026-04-03 10:07:23,125 INFO src.train.trainer: Epoch 1163
2026-04-03 10:07:23,189 INFO src.train.trainer: Last model at epoch 1163 saved to checkpoints/rtpp_20260403-100551/last_model_1.pth
2026-04-03 10:07:23,189 INFO src.train.trainer: Epoch 1164
2026-04-03 10:07:23,253 INFO src.train.trainer: Last model at epoch 1164 saved to checkpoints/rtpp_20260403-100551/last_model_1.pth
2026-04-03 10:07:23,253 INFO src.train.trainer: Epoch 1165
2026-04-03 10:07:23,322 INFO src.train.trainer: Last model at epoch 1165 saved to checkpoints/rtpp_20260403-100551/last_model_1.pth
2026-04-03 10:07:23,322 INFO src.train.trainer: Epoch 1166
2026-04-03 10:07:23,386 INFO src.train.trainer: Last model at epoch 1166 saved to checkpoints/rtpp_20260403-100551/last_model_1.pth
2026-04-03 10:07:23,386 INFO src.train.trainer: Epoch 1167
2026-04-03 10:07:23,452 INFO src.train.trainer: Last model at epoch 1167 saved to checkpoints/rtpp_20260403-100551/last_model_1.pth
2026-04-03 10:07:23,452 INFO src.train.trainer: Epoch 1168
2026-04-03 10:07:23,519 INFO src.train.trainer: Last model at epoch 1168 saved to checkpoints/rtpp_20260403-100551/last_model_1.pth
2026-04-03 10:07:23,520 INFO src.train.trainer: Epoch 1169
2026-04-03 10:07:23,586 INFO src.train.trainer: Last model at epoch 1169 saved to checkpoints/rtpp_20260403-100551/last_model_1.pth
2026-04-03 10:07:23,586 INFO src.train.trainer: Epoch 1170
2026-04-03 10:07:23,655 INFO src.train.trainer: Last model at epoch 1170 saved to checkpoints/rtpp_20260403-100551/last_model_1.pth
2026-04-03 10:07:23,655 INFO src.train.trainer: Epoch 1171
2026-04-03 10:07:23,724 INFO src.train.trainer: Last model at epoch 1171 saved to checkpoints/rtpp_20260403-100551/last_model_1.pth
2026-04-03 10:07:23,724 INFO src.train.trainer: Epoch 1172
2026-04-03 10:07:23,793 INFO src.train.trainer: Last model at epoch 1172 saved to checkpoints/rtpp_20260403-100551/last_model_1.pth
2026-04-03 10:07:23,793 INFO src.train.trainer: Epoch 1173
2026-04-03 10:07:23,864 INFO src.train.trainer: Last model at epoch 1173 saved to checkpoints/rtpp_20260403-100551/last_model_1.pth
2026-04-03 10:07:23,864 INFO src.train.trainer: Epoch 1174
2026-04-03 10:07:23,933 INFO src.train.trainer: Last model at epoch 1174 saved to checkpoints/rtpp_20260403-100551/last_model_1.pth
2026-04-03 10:07:23,934 INFO src.train.trainer: Epoch 1175
2026-04-03 10:07:24,001 INFO src.train.trainer: Last model at epoch 1175 saved to checkpoints/rtpp_20260403-100551/last_model_1.pth
2026-04-03 10:07:24,001 INFO src.train.trainer: Epoch 1176
2026-04-03 10:07:24,073 INFO src.train.trainer: Last model at epoch 1176 saved to checkpoints/rtpp_20260403-100551/last_model_1.pth
2026-04-03 10:07:24,073 INFO src.train.trainer: Epoch 1177
2026-04-03 10:07:24,143 INFO src.train.trainer: Last model at epoch 1177 saved to checkpoints/rtpp_20260403-100551/last_model_1.pth
2026-04-03 10:07:24,143 INFO src.train.trainer: Epoch 1178
2026-04-03 10:07:24,215 INFO src.train.trainer: Last model at epoch 1178 saved to checkpoints/rtpp_20260403-100551/last_model_1.pth
2026-04-03 10:07:24,215 INFO src.train.trainer: Epoch 1179
2026-04-03 10:07:24,285 INFO src.train.trainer: Last model at epoch 1179 saved to checkpoints/rtpp_20260403-100551/last_model_1.pth
2026-04-03 10:07:24,285 INFO src.train.trainer: Epoch 1180
2026-04-03 10:07:24,354 INFO src.train.trainer: Last model at epoch 1180 saved to checkpoints/rtpp_20260403-100551/last_model_1.pth
2026-04-03 10:07:24,354 INFO src.train.trainer: Epoch 1181
2026-04-03 10:07:24,430 INFO src.train.trainer: Last model at epoch 1181 saved to checkpoints/rtpp_20260403-100551/last_model_1.pth
2026-04-03 10:07:24,430 INFO src.train.trainer: Epoch 1182
2026-04-03 10:07:24,499 INFO src.train.trainer: Last model at epoch 1182 saved to checkpoints/rtpp_20260403-100551/last_model_1.pth
2026-04-03 10:07:24,500 INFO src.train.trainer: Epoch 1183
2026-04-03 10:07:24,568 INFO src.train.trainer: Last model at epoch 1183 saved to checkpoints/rtpp_20260403-100551/last_model_1.pth
2026-04-03 10:07:24,568 INFO src.train.trainer: Epoch 1184
2026-04-03 10:07:24,642 INFO src.train.trainer: Last model at epoch 1184 saved to checkpoints/rtpp_20260403-100551/last_model_1.pth
2026-04-03 10:07:24,642 INFO src.train.trainer: Epoch 1185
2026-04-03 10:07:24,723 INFO src.train.trainer: Last model at epoch 1185 saved to checkpoints/rtpp_20260403-100551/last_model_1.pth
2026-04-03 10:07:24,723 INFO src.train.trainer: Epoch 1186
2026-04-03 10:07:24,793 INFO src.train.trainer: Last model at epoch 1186 saved to checkpoints/rtpp_20260403-100551/last_model_1.pth
2026-04-03 10:07:24,794 INFO src.train.trainer: Epoch 1187
2026-04-03 10:07:24,865 INFO src.train.trainer: Last model at epoch 1187 saved to checkpoints/rtpp_20260403-100551/last_model_1.pth
2026-04-03 10:07:24,865 INFO src.train.trainer: Epoch 1188
2026-04-03 10:07:24,939 INFO src.train.trainer: Last model at epoch 1188 saved to checkpoints/rtpp_20260403-100551/last_model_1.pth
2026-04-03 10:07:24,940 INFO src.train.trainer: Epoch 1189
2026-04-03 10:07:25,007 INFO src.train.trainer: Last model at epoch 1189 saved to checkpoints/rtpp_20260403-100551/last_model_1.pth
2026-04-03 10:07:25,007 INFO src.train.trainer: Epoch 1190
2026-04-03 10:07:25,087 INFO src.train.trainer: Last model at epoch 1190 saved to checkpoints/rtpp_20260403-100551/last_model_1.pth
2026-04-03 10:07:25,087 INFO src.train.trainer: Epoch 1191
2026-04-03 10:07:25,154 INFO src.train.trainer: Last model at epoch 1191 saved to checkpoints/rtpp_20260403-100551/last_model_1.pth
2026-04-03 10:07:25,154 INFO src.train.trainer: Epoch 1192
2026-04-03 10:07:25,397 INFO src.train.trainer: Last model at epoch 1192 saved to checkpoints/rtpp_20260403-100551/last_model_1.pth
2026-04-03 10:07:25,397 INFO src.train.trainer: Epoch 1193
2026-04-03 10:07:25,579 INFO src.train.trainer: Last model at epoch 1193 saved to checkpoints/rtpp_20260403-100551/last_model_1.pth
2026-04-03 10:07:25,580 INFO src.train.trainer: Epoch 1194
2026-04-03 10:07:25,710 INFO src.train.trainer: Last model at epoch 1194 saved to checkpoints/rtpp_20260403-100551/last_model_1.pth
2026-04-03 10:07:25,711 INFO src.train.trainer: Epoch 1195
2026-04-03 10:07:25,803 INFO src.train.trainer: Last model at epoch 1195 saved to checkpoints/rtpp_20260403-100551/last_model_1.pth
2026-04-03 10:07:25,803 INFO src.train.trainer: Epoch 1196
2026-04-03 10:07:25,889 INFO src.train.trainer: Last model at epoch 1196 saved to checkpoints/rtpp_20260403-100551/last_model_1.pth
2026-04-03 10:07:25,889 INFO src.train.trainer: Epoch 1197
2026-04-03 10:07:25,965 INFO src.train.trainer: Last model at epoch 1197 saved to checkpoints/rtpp_20260403-100551/last_model_1.pth
2026-04-03 10:07:25,965 INFO src.train.trainer: Epoch 1198
2026-04-03 10:07:26,042 INFO src.train.trainer: Last model at epoch 1198 saved to checkpoints/rtpp_20260403-100551/last_model_1.pth
2026-04-03 10:07:26,042 INFO src.train.trainer: Epoch 1199
2026-04-03 10:07:26,114 INFO src.train.trainer: Last model at epoch 1199 saved to checkpoints/rtpp_20260403-100551/last_model_1.pth
2026-04-03 10:07:26,114 INFO src.train.trainer: Epoch 1200
2026-04-03 10:07:26,183 INFO src.train.trainer: Last model at epoch 1200 saved to checkpoints/rtpp_20260403-100551/last_model_1.pth
2026-04-03 10:07:26,184 INFO src.train.trainer: Epoch 1201
2026-04-03 10:07:26,251 INFO src.train.trainer: Last model at epoch 1201 saved to checkpoints/rtpp_20260403-100551/last_model_1.pth
2026-04-03 10:07:26,252 INFO src.train.trainer: Epoch 1202
2026-04-03 10:07:26,314 INFO src.train.trainer: Last model at epoch 1202 saved to checkpoints/rtpp_20260403-100551/last_model_1.pth
2026-04-03 10:07:26,314 INFO src.train.trainer: Epoch 1203
2026-04-03 10:07:26,376 INFO src.train.trainer: Last model at epoch 1203 saved to checkpoints/rtpp_20260403-100551/last_model_1.pth
2026-04-03 10:07:26,376 INFO src.train.trainer: Epoch 1204
2026-04-03 10:07:26,440 INFO src.train.trainer: Last model at epoch 1204 saved to checkpoints/rtpp_20260403-100551/last_model_1.pth
2026-04-03 10:07:26,440 INFO src.train.trainer: Epoch 1205
2026-04-03 10:07:26,504 INFO src.train.trainer: Last model at epoch 1205 saved to checkpoints/rtpp_20260403-100551/last_model_1.pth
2026-04-03 10:07:26,504 INFO src.train.trainer: Epoch 1206
2026-04-03 10:07:26,566 INFO src.train.trainer: Last model at epoch 1206 saved to checkpoints/rtpp_20260403-100551/last_model_1.pth
2026-04-03 10:07:26,566 INFO src.train.trainer: Epoch 1207
2026-04-03 10:07:26,626 INFO src.train.trainer: Last model at epoch 1207 saved to checkpoints/rtpp_20260403-100551/last_model_1.pth
2026-04-03 10:07:26,627 INFO src.train.trainer: Epoch 1208
2026-04-03 10:07:26,688 INFO src.train.trainer: Last model at epoch 1208 saved to checkpoints/rtpp_20260403-100551/last_model_1.pth
2026-04-03 10:07:26,689 INFO src.train.trainer: Epoch 1209
2026-04-03 10:07:26,756 INFO src.train.trainer: Last model at epoch 1209 saved to checkpoints/rtpp_20260403-100551/last_model_1.pth
2026-04-03 10:07:26,756 INFO src.train.trainer: Epoch 1210
2026-04-03 10:07:26,825 INFO src.train.trainer: Last model at epoch 1210 saved to checkpoints/rtpp_20260403-100551/last_model_1.pth
2026-04-03 10:07:26,825 INFO src.train.trainer: Epoch 1211
2026-04-03 10:07:26,890 INFO src.train.trainer: Last model at epoch 1211 saved to checkpoints/rtpp_20260403-100551/last_model_1.pth
2026-04-03 10:07:26,890 INFO src.train.trainer: Epoch 1212
2026-04-03 10:07:26,957 INFO src.train.trainer: Last model at epoch 1212 saved to checkpoints/rtpp_20260403-100551/last_model_1.pth
2026-04-03 10:07:26,957 INFO src.train.trainer: Epoch 1213
2026-04-03 10:07:27,023 INFO src.train.trainer: Last model at epoch 1213 saved to checkpoints/rtpp_20260403-100551/last_model_1.pth
2026-04-03 10:07:27,023 INFO src.train.trainer: Epoch 1214
2026-04-03 10:07:27,089 INFO src.train.trainer: Last model at epoch 1214 saved to checkpoints/rtpp_20260403-100551/last_model_1.pth
2026-04-03 10:07:27,089 INFO src.train.trainer: Epoch 1215
2026-04-03 10:07:27,159 INFO src.train.trainer: Last model at epoch 1215 saved to checkpoints/rtpp_20260403-100551/last_model_1.pth
2026-04-03 10:07:27,159 INFO src.train.trainer: Epoch 1216
2026-04-03 10:07:27,226 INFO src.train.trainer: Last model at epoch 1216 saved to checkpoints/rtpp_20260403-100551/last_model_1.pth
2026-04-03 10:07:27,226 INFO src.train.trainer: Epoch 1217
2026-04-03 10:07:27,289 INFO src.train.trainer: Last model at epoch 1217 saved to checkpoints/rtpp_20260403-100551/last_model_1.pth
2026-04-03 10:07:27,290 INFO src.train.trainer: Epoch 1218
2026-04-03 10:07:27,354 INFO src.train.trainer: Last model at epoch 1218 saved to checkpoints/rtpp_20260403-100551/last_model_1.pth
2026-04-03 10:07:27,354 INFO src.train.trainer: Epoch 1219
2026-04-03 10:07:27,418 INFO src.train.trainer: Last model at epoch 1219 saved to checkpoints/rtpp_20260403-100551/last_model_1.pth
2026-04-03 10:07:27,418 INFO src.train.trainer: Epoch 1220
2026-04-03 10:07:27,484 INFO src.train.trainer: Last model at epoch 1220 saved to checkpoints/rtpp_20260403-100551/last_model_1.pth
2026-04-03 10:07:27,484 INFO src.train.trainer: Epoch 1221
2026-04-03 10:07:27,549 INFO src.train.trainer: Last model at epoch 1221 saved to checkpoints/rtpp_20260403-100551/last_model_1.pth
2026-04-03 10:07:27,549 INFO src.train.trainer: Epoch 1222
2026-04-03 10:07:27,615 INFO src.train.trainer: Last model at epoch 1222 saved to checkpoints/rtpp_20260403-100551/last_model_1.pth
2026-04-03 10:07:27,615 INFO src.train.trainer: Epoch 1223
2026-04-03 10:07:27,680 INFO src.train.trainer: Last model at epoch 1223 saved to checkpoints/rtpp_20260403-100551/last_model_1.pth
2026-04-03 10:07:27,680 INFO src.train.trainer: Epoch 1224
2026-04-03 10:07:27,743 INFO src.train.trainer: Last model at epoch 1224 saved to checkpoints/rtpp_20260403-100551/last_model_1.pth
2026-04-03 10:07:27,743 INFO src.train.trainer: Epoch 1225
2026-04-03 10:07:27,806 INFO src.train.trainer: Last model at epoch 1225 saved to checkpoints/rtpp_20260403-100551/last_model_1.pth
2026-04-03 10:07:27,806 INFO src.train.trainer: Epoch 1226
2026-04-03 10:07:27,870 INFO src.train.trainer: Last model at epoch 1226 saved to checkpoints/rtpp_20260403-100551/last_model_1.pth
2026-04-03 10:07:27,870 INFO src.train.trainer: Epoch 1227
2026-04-03 10:07:27,936 INFO src.train.trainer: Last model at epoch 1227 saved to checkpoints/rtpp_20260403-100551/last_model_1.pth
2026-04-03 10:07:27,936 INFO src.train.trainer: Epoch 1228
2026-04-03 10:07:28,001 INFO src.train.trainer: Last model at epoch 1228 saved to checkpoints/rtpp_20260403-100551/last_model_1.pth
2026-04-03 10:07:28,001 INFO src.train.trainer: Epoch 1229
2026-04-03 10:07:28,067 INFO src.train.trainer: Last model at epoch 1229 saved to checkpoints/rtpp_20260403-100551/last_model_1.pth
2026-04-03 10:07:28,067 INFO src.train.trainer: Epoch 1230
2026-04-03 10:07:28,133 INFO src.train.trainer: Last model at epoch 1230 saved to checkpoints/rtpp_20260403-100551/last_model_1.pth
2026-04-03 10:07:28,134 INFO src.train.trainer: Epoch 1231
2026-04-03 10:07:28,196 INFO src.train.trainer: Last model at epoch 1231 saved to checkpoints/rtpp_20260403-100551/last_model_1.pth
2026-04-03 10:07:28,196 INFO src.train.trainer: Epoch 1232
2026-04-03 10:07:28,264 INFO src.train.trainer: Last model at epoch 1232 saved to checkpoints/rtpp_20260403-100551/last_model_1.pth
2026-04-03 10:07:28,264 INFO src.train.trainer: Epoch 1233
2026-04-03 10:07:28,329 INFO src.train.trainer: Last model at epoch 1233 saved to checkpoints/rtpp_20260403-100551/last_model_1.pth
2026-04-03 10:07:28,329 INFO src.train.trainer: Epoch 1234
2026-04-03 10:07:28,392 INFO src.train.trainer: Last model at epoch 1234 saved to checkpoints/rtpp_20260403-100551/last_model_1.pth
2026-04-03 10:07:28,392 INFO src.train.trainer: Epoch 1235
2026-04-03 10:07:28,456 INFO src.train.trainer: Last model at epoch 1235 saved to checkpoints/rtpp_20260403-100551/last_model_1.pth
2026-04-03 10:07:28,456 INFO src.train.trainer: Epoch 1236
2026-04-03 10:07:28,518 INFO src.train.trainer: Last model at epoch 1236 saved to checkpoints/rtpp_20260403-100551/last_model_1.pth
2026-04-03 10:07:28,518 INFO src.train.trainer: Epoch 1237
2026-04-03 10:07:28,581 INFO src.train.trainer: Last model at epoch 1237 saved to checkpoints/rtpp_20260403-100551/last_model_1.pth
2026-04-03 10:07:28,581 INFO src.train.trainer: Epoch 1238
2026-04-03 10:07:28,643 INFO src.train.trainer: Last model at epoch 1238 saved to checkpoints/rtpp_20260403-100551/last_model_1.pth
2026-04-03 10:07:28,643 INFO src.train.trainer: Epoch 1239
2026-04-03 10:07:28,708 INFO src.train.trainer: Last model at epoch 1239 saved to checkpoints/rtpp_20260403-100551/last_model_1.pth
2026-04-03 10:07:28,708 INFO src.train.trainer: Epoch 1240
2026-04-03 10:07:28,772 INFO src.train.trainer: Last model at epoch 1240 saved to checkpoints/rtpp_20260403-100551/last_model_1.pth
2026-04-03 10:07:28,772 INFO src.train.trainer: Epoch 1241
2026-04-03 10:07:28,835 INFO src.train.trainer: Last model at epoch 1241 saved to checkpoints/rtpp_20260403-100551/last_model_1.pth
2026-04-03 10:07:28,835 INFO src.train.trainer: Epoch 1242
2026-04-03 10:07:28,900 INFO src.train.trainer: Last model at epoch 1242 saved to checkpoints/rtpp_20260403-100551/last_model_1.pth
2026-04-03 10:07:28,900 INFO src.train.trainer: Epoch 1243
2026-04-03 10:07:28,962 INFO src.train.trainer: Last model at epoch 1243 saved to checkpoints/rtpp_20260403-100551/last_model_1.pth
2026-04-03 10:07:28,963 INFO src.train.trainer: Epoch 1244
2026-04-03 10:07:29,025 INFO src.train.trainer: Last model at epoch 1244 saved to checkpoints/rtpp_20260403-100551/last_model_1.pth
2026-04-03 10:07:29,025 INFO src.train.trainer: Epoch 1245
2026-04-03 10:07:29,087 INFO src.train.trainer: Last model at epoch 1245 saved to checkpoints/rtpp_20260403-100551/last_model_1.pth
2026-04-03 10:07:29,087 INFO src.train.trainer: Epoch 1246
2026-04-03 10:07:29,142 INFO src.train.trainer: Last model at epoch 1246 saved to checkpoints/rtpp_20260403-100551/last_model_1.pth
2026-04-03 10:07:29,143 INFO src.train.trainer: Epoch 1247
2026-04-03 10:07:29,195 INFO src.train.trainer: Last model at epoch 1247 saved to checkpoints/rtpp_20260403-100551/last_model_1.pth
2026-04-03 10:07:29,195 INFO src.train.trainer: Epoch 1248
2026-04-03 10:07:29,250 INFO src.train.trainer: Last model at epoch 1248 saved to checkpoints/rtpp_20260403-100551/last_model_1.pth
2026-04-03 10:07:29,250 INFO src.train.trainer: Epoch 1249
2026-04-03 10:07:29,306 INFO src.train.trainer: Last model at epoch 1249 saved to checkpoints/rtpp_20260403-100551/last_model_1.pth
2026-04-03 10:07:29,306 INFO src.train.trainer: Epoch 1250
2026-04-03 10:07:29,363 INFO src.train.trainer: Last model at epoch 1250 saved to checkpoints/rtpp_20260403-100551/last_model_1.pth
2026-04-03 10:07:29,363 INFO src.train.trainer: Epoch 1251
2026-04-03 10:07:29,425 INFO src.train.trainer: Last model at epoch 1251 saved to checkpoints/rtpp_20260403-100551/last_model_1.pth
2026-04-03 10:07:29,425 INFO src.train.trainer: Epoch 1252
2026-04-03 10:07:29,480 INFO src.train.trainer: Last model at epoch 1252 saved to checkpoints/rtpp_20260403-100551/last_model_1.pth
2026-04-03 10:07:29,480 INFO src.train.trainer: Epoch 1253
2026-04-03 10:07:29,538 INFO src.train.trainer: Last model at epoch 1253 saved to checkpoints/rtpp_20260403-100551/last_model_1.pth
2026-04-03 10:07:29,538 INFO src.train.trainer: Epoch 1254
2026-04-03 10:07:29,598 INFO src.train.trainer: Last model at epoch 1254 saved to checkpoints/rtpp_20260403-100551/last_model_1.pth
2026-04-03 10:07:29,598 INFO src.train.trainer: Epoch 1255
2026-04-03 10:07:29,658 INFO src.train.trainer: Last model at epoch 1255 saved to checkpoints/rtpp_20260403-100551/last_model_1.pth
2026-04-03 10:07:29,658 INFO src.train.trainer: Epoch 1256
2026-04-03 10:07:29,718 INFO src.train.trainer: Last model at epoch 1256 saved to checkpoints/rtpp_20260403-100551/last_model_1.pth
2026-04-03 10:07:29,718 INFO src.train.trainer: Epoch 1257
2026-04-03 10:07:29,778 INFO src.train.trainer: Last model at epoch 1257 saved to checkpoints/rtpp_20260403-100551/last_model_1.pth
2026-04-03 10:07:29,779 INFO src.train.trainer: Epoch 1258
2026-04-03 10:07:29,837 INFO src.train.trainer: Last model at epoch 1258 saved to checkpoints/rtpp_20260403-100551/last_model_1.pth
2026-04-03 10:07:29,837 INFO src.train.trainer: Epoch 1259
2026-04-03 10:07:29,895 INFO src.train.trainer: Last model at epoch 1259 saved to checkpoints/rtpp_20260403-100551/last_model_1.pth
2026-04-03 10:07:29,895 INFO src.train.trainer: Epoch 1260
2026-04-03 10:07:29,946 INFO src.train.trainer: Last model at epoch 1260 saved to checkpoints/rtpp_20260403-100551/last_model_1.pth
2026-04-03 10:07:29,947 INFO src.train.trainer: Epoch 1261
2026-04-03 10:07:29,996 INFO src.train.trainer: Last model at epoch 1261 saved to checkpoints/rtpp_20260403-100551/last_model_1.pth
2026-04-03 10:07:29,997 INFO src.train.trainer: Epoch 1262
2026-04-03 10:07:30,046 INFO src.train.trainer: Last model at epoch 1262 saved to checkpoints/rtpp_20260403-100551/last_model_1.pth
2026-04-03 10:07:30,047 INFO src.train.trainer: Epoch 1263
2026-04-03 10:07:30,098 INFO src.train.trainer: Last model at epoch 1263 saved to checkpoints/rtpp_20260403-100551/last_model_1.pth
2026-04-03 10:07:30,098 INFO src.train.trainer: Epoch 1264
2026-04-03 10:07:30,150 INFO src.train.trainer: Last model at epoch 1264 saved to checkpoints/rtpp_20260403-100551/last_model_1.pth
2026-04-03 10:07:30,151 INFO src.train.trainer: Epoch 1265
2026-04-03 10:07:30,203 INFO src.train.trainer: Last model at epoch 1265 saved to checkpoints/rtpp_20260403-100551/last_model_1.pth
2026-04-03 10:07:30,203 INFO src.train.trainer: Epoch 1266
2026-04-03 10:07:30,328 INFO src.train.trainer: Last model at epoch 1266 saved to checkpoints/rtpp_20260403-100551/last_model_1.pth
2026-04-03 10:07:30,328 INFO src.train.trainer: Epoch 1267
2026-04-03 10:07:30,388 INFO src.train.trainer: Last model at epoch 1267 saved to checkpoints/rtpp_20260403-100551/last_model_1.pth
2026-04-03 10:07:30,388 INFO src.train.trainer: Epoch 1268
2026-04-03 10:07:30,450 INFO src.train.trainer: Last model at epoch 1268 saved to checkpoints/rtpp_20260403-100551/last_model_1.pth
2026-04-03 10:07:30,450 INFO src.train.trainer: Epoch 1269
2026-04-03 10:07:30,512 INFO src.train.trainer: Last model at epoch 1269 saved to checkpoints/rtpp_20260403-100551/last_model_1.pth
2026-04-03 10:07:30,512 INFO src.train.trainer: Epoch 1270
2026-04-03 10:07:30,574 INFO src.train.trainer: Last model at epoch 1270 saved to checkpoints/rtpp_20260403-100551/last_model_1.pth
2026-04-03 10:07:30,574 INFO src.train.trainer: Epoch 1271
2026-04-03 10:07:30,635 INFO src.train.trainer: Last model at epoch 1271 saved to checkpoints/rtpp_20260403-100551/last_model_1.pth
2026-04-03 10:07:30,635 INFO src.train.trainer: Epoch 1272
2026-04-03 10:07:30,695 INFO src.train.trainer: Last model at epoch 1272 saved to checkpoints/rtpp_20260403-100551/last_model_1.pth
2026-04-03 10:07:30,695 INFO src.train.trainer: Epoch 1273
2026-04-03 10:07:30,757 INFO src.train.trainer: Last model at epoch 1273 saved to checkpoints/rtpp_20260403-100551/last_model_1.pth
2026-04-03 10:07:30,757 INFO src.train.trainer: Epoch 1274
2026-04-03 10:07:30,820 INFO src.train.trainer: Last model at epoch 1274 saved to checkpoints/rtpp_20260403-100551/last_model_1.pth
2026-04-03 10:07:30,820 INFO src.train.trainer: Epoch 1275
2026-04-03 10:07:30,882 INFO src.train.trainer: Last model at epoch 1275 saved to checkpoints/rtpp_20260403-100551/last_model_1.pth
2026-04-03 10:07:30,882 INFO src.train.trainer: Epoch 1276
2026-04-03 10:07:30,944 INFO src.train.trainer: Last model at epoch 1276 saved to checkpoints/rtpp_20260403-100551/last_model_1.pth
2026-04-03 10:07:30,944 INFO src.train.trainer: Epoch 1277
2026-04-03 10:07:31,006 INFO src.train.trainer: Last model at epoch 1277 saved to checkpoints/rtpp_20260403-100551/last_model_1.pth
2026-04-03 10:07:31,006 INFO src.train.trainer: Epoch 1278
2026-04-03 10:07:31,067 INFO src.train.trainer: Last model at epoch 1278 saved to checkpoints/rtpp_20260403-100551/last_model_1.pth
2026-04-03 10:07:31,067 INFO src.train.trainer: Epoch 1279
2026-04-03 10:07:31,127 INFO src.train.trainer: Last model at epoch 1279 saved to checkpoints/rtpp_20260403-100551/last_model_1.pth
2026-04-03 10:07:31,127 INFO src.train.trainer: Epoch 1280
2026-04-03 10:07:31,188 INFO src.train.trainer: Last model at epoch 1280 saved to checkpoints/rtpp_20260403-100551/last_model_1.pth
2026-04-03 10:07:31,188 INFO src.train.trainer: Epoch 1281
2026-04-03 10:07:31,252 INFO src.train.trainer: Last model at epoch 1281 saved to checkpoints/rtpp_20260403-100551/last_model_1.pth
2026-04-03 10:07:31,252 INFO src.train.trainer: Epoch 1282
2026-04-03 10:07:31,319 INFO src.train.trainer: Last model at epoch 1282 saved to checkpoints/rtpp_20260403-100551/last_model_1.pth
2026-04-03 10:07:31,320 INFO src.train.trainer: Epoch 1283
2026-04-03 10:07:31,386 INFO src.train.trainer: Last model at epoch 1283 saved to checkpoints/rtpp_20260403-100551/last_model_1.pth
2026-04-03 10:07:31,386 INFO src.train.trainer: Epoch 1284
2026-04-03 10:07:31,451 INFO src.train.trainer: Last model at epoch 1284 saved to checkpoints/rtpp_20260403-100551/last_model_1.pth
2026-04-03 10:07:31,451 INFO src.train.trainer: Epoch 1285
2026-04-03 10:07:31,515 INFO src.train.trainer: Last model at epoch 1285 saved to checkpoints/rtpp_20260403-100551/last_model_1.pth
2026-04-03 10:07:31,516 INFO src.train.trainer: Epoch 1286
2026-04-03 10:07:31,587 INFO src.train.trainer: Last model at epoch 1286 saved to checkpoints/rtpp_20260403-100551/last_model_1.pth
2026-04-03 10:07:31,587 INFO src.train.trainer: Epoch 1287
2026-04-03 10:07:31,656 INFO src.train.trainer: Last model at epoch 1287 saved to checkpoints/rtpp_20260403-100551/last_model_1.pth
2026-04-03 10:07:31,656 INFO src.train.trainer: Epoch 1288
2026-04-03 10:07:31,727 INFO src.train.trainer: Last model at epoch 1288 saved to checkpoints/rtpp_20260403-100551/last_model_1.pth
2026-04-03 10:07:31,728 INFO src.train.trainer: Epoch 1289
2026-04-03 10:07:31,796 INFO src.train.trainer: Last model at epoch 1289 saved to checkpoints/rtpp_20260403-100551/last_model_1.pth
2026-04-03 10:07:31,796 INFO src.train.trainer: Epoch 1290
2026-04-03 10:07:31,864 INFO src.train.trainer: Last model at epoch 1290 saved to checkpoints/rtpp_20260403-100551/last_model_1.pth
2026-04-03 10:07:31,864 INFO src.train.trainer: Epoch 1291
2026-04-03 10:07:31,936 INFO src.train.trainer: Last model at epoch 1291 saved to checkpoints/rtpp_20260403-100551/last_model_1.pth
2026-04-03 10:07:31,937 INFO src.train.trainer: Epoch 1292
2026-04-03 10:07:32,006 INFO src.train.trainer: Last model at epoch 1292 saved to checkpoints/rtpp_20260403-100551/last_model_1.pth
2026-04-03 10:07:32,006 INFO src.train.trainer: Epoch 1293
2026-04-03 10:07:32,078 INFO src.train.trainer: Last model at epoch 1293 saved to checkpoints/rtpp_20260403-100551/last_model_1.pth
2026-04-03 10:07:32,079 INFO src.train.trainer: Epoch 1294
2026-04-03 10:07:32,151 INFO src.train.trainer: Last model at epoch 1294 saved to checkpoints/rtpp_20260403-100551/last_model_1.pth
2026-04-03 10:07:32,152 INFO src.train.trainer: Epoch 1295
2026-04-03 10:07:32,224 INFO src.train.trainer: Last model at epoch 1295 saved to checkpoints/rtpp_20260403-100551/last_model_1.pth
2026-04-03 10:07:32,224 INFO src.train.trainer: Epoch 1296
2026-04-03 10:07:32,297 INFO src.train.trainer: Last model at epoch 1296 saved to checkpoints/rtpp_20260403-100551/last_model_1.pth
2026-04-03 10:07:32,297 INFO src.train.trainer: Epoch 1297
2026-04-03 10:07:32,366 INFO src.train.trainer: Last model at epoch 1297 saved to checkpoints/rtpp_20260403-100551/last_model_1.pth
2026-04-03 10:07:32,366 INFO src.train.trainer: Epoch 1298
2026-04-03 10:07:32,435 INFO src.train.trainer: Last model at epoch 1298 saved to checkpoints/rtpp_20260403-100551/last_model_1.pth
2026-04-03 10:07:32,435 INFO src.train.trainer: Epoch 1299
2026-04-03 10:07:32,506 INFO src.train.trainer: Last model at epoch 1299 saved to checkpoints/rtpp_20260403-100551/last_model_1.pth
2026-04-03 10:07:32,506 INFO src.train.trainer: Epoch 1300
2026-04-03 10:07:32,579 INFO src.train.trainer: Last model at epoch 1300 saved to checkpoints/rtpp_20260403-100551/last_model_1.pth
2026-04-03 10:07:32,579 INFO src.train.trainer: Epoch 1301
2026-04-03 10:07:32,651 INFO src.train.trainer: Last model at epoch 1301 saved to checkpoints/rtpp_20260403-100551/last_model_1.pth
2026-04-03 10:07:32,651 INFO src.train.trainer: Epoch 1302
2026-04-03 10:07:32,722 INFO src.train.trainer: Last model at epoch 1302 saved to checkpoints/rtpp_20260403-100551/last_model_1.pth
2026-04-03 10:07:32,723 INFO src.train.trainer: Epoch 1303
2026-04-03 10:07:32,793 INFO src.train.trainer: Last model at epoch 1303 saved to checkpoints/rtpp_20260403-100551/last_model_1.pth
2026-04-03 10:07:32,793 INFO src.train.trainer: Epoch 1304
2026-04-03 10:07:32,863 INFO src.train.trainer: Last model at epoch 1304 saved to checkpoints/rtpp_20260403-100551/last_model_1.pth
2026-04-03 10:07:32,863 INFO src.train.trainer: Epoch 1305
2026-04-03 10:07:32,933 INFO src.train.trainer: Last model at epoch 1305 saved to checkpoints/rtpp_20260403-100551/last_model_1.pth
2026-04-03 10:07:32,933 INFO src.train.trainer: Epoch 1306
2026-04-03 10:07:33,002 INFO src.train.trainer: Last model at epoch 1306 saved to checkpoints/rtpp_20260403-100551/last_model_1.pth
2026-04-03 10:07:33,002 INFO src.train.trainer: Epoch 1307
2026-04-03 10:07:33,075 INFO src.train.trainer: Last model at epoch 1307 saved to checkpoints/rtpp_20260403-100551/last_model_1.pth
2026-04-03 10:07:33,075 INFO src.train.trainer: Epoch 1308
2026-04-03 10:07:33,147 INFO src.train.trainer: Last model at epoch 1308 saved to checkpoints/rtpp_20260403-100551/last_model_1.pth
2026-04-03 10:07:33,148 INFO src.train.trainer: Epoch 1309
2026-04-03 10:07:33,221 INFO src.train.trainer: Last model at epoch 1309 saved to checkpoints/rtpp_20260403-100551/last_model_1.pth
2026-04-03 10:07:33,222 INFO src.train.trainer: Epoch 1310
2026-04-03 10:07:33,292 INFO src.train.trainer: Last model at epoch 1310 saved to checkpoints/rtpp_20260403-100551/last_model_1.pth
2026-04-03 10:07:33,293 INFO src.train.trainer: Epoch 1311
2026-04-03 10:07:33,366 INFO src.train.trainer: Last model at epoch 1311 saved to checkpoints/rtpp_20260403-100551/last_model_1.pth
2026-04-03 10:07:33,366 INFO src.train.trainer: Epoch 1312
2026-04-03 10:07:33,455 INFO src.train.trainer: Last model at epoch 1312 saved to checkpoints/rtpp_20260403-100551/last_model_1.pth
2026-04-03 10:07:33,455 INFO src.train.trainer: Epoch 1313
2026-04-03 10:07:33,522 INFO src.train.trainer: Last model at epoch 1313 saved to checkpoints/rtpp_20260403-100551/last_model_1.pth
2026-04-03 10:07:33,522 INFO src.train.trainer: Epoch 1314
2026-04-03 10:07:33,593 INFO src.train.trainer: Last model at epoch 1314 saved to checkpoints/rtpp_20260403-100551/last_model_1.pth
2026-04-03 10:07:33,593 INFO src.train.trainer: Epoch 1315
2026-04-03 10:07:33,662 INFO src.train.trainer: Last model at epoch 1315 saved to checkpoints/rtpp_20260403-100551/last_model_1.pth
2026-04-03 10:07:33,662 INFO src.train.trainer: Epoch 1316
2026-04-03 10:07:33,734 INFO src.train.trainer: Last model at epoch 1316 saved to checkpoints/rtpp_20260403-100551/last_model_1.pth
2026-04-03 10:07:33,734 INFO src.train.trainer: Epoch 1317
2026-04-03 10:07:33,804 INFO src.train.trainer: Last model at epoch 1317 saved to checkpoints/rtpp_20260403-100551/last_model_1.pth
2026-04-03 10:07:33,804 INFO src.train.trainer: Epoch 1318
2026-04-03 10:07:33,866 INFO src.train.trainer: Last model at epoch 1318 saved to checkpoints/rtpp_20260403-100551/last_model_1.pth
2026-04-03 10:07:33,866 INFO src.train.trainer: Epoch 1319
2026-04-03 10:07:33,930 INFO src.train.trainer: Last model at epoch 1319 saved to checkpoints/rtpp_20260403-100551/last_model_1.pth
2026-04-03 10:07:33,930 INFO src.train.trainer: Epoch 1320
2026-04-03 10:07:33,988 INFO src.train.trainer: Last model at epoch 1320 saved to checkpoints/rtpp_20260403-100551/last_model_1.pth
2026-04-03 10:07:33,988 INFO src.train.trainer: Epoch 1321
2026-04-03 10:07:34,041 INFO src.train.trainer: Last model at epoch 1321 saved to checkpoints/rtpp_20260403-100551/last_model_1.pth
2026-04-03 10:07:34,042 INFO src.train.trainer: Epoch 1322
2026-04-03 10:07:34,098 INFO src.train.trainer: Last model at epoch 1322 saved to checkpoints/rtpp_20260403-100551/last_model_1.pth
2026-04-03 10:07:34,098 INFO src.train.trainer: Epoch 1323
2026-04-03 10:07:34,151 INFO src.train.trainer: Last model at epoch 1323 saved to checkpoints/rtpp_20260403-100551/last_model_1.pth
2026-04-03 10:07:34,151 INFO src.train.trainer: Epoch 1324
2026-04-03 10:07:34,206 INFO src.train.trainer: Last model at epoch 1324 saved to checkpoints/rtpp_20260403-100551/last_model_1.pth
2026-04-03 10:07:34,207 INFO src.train.trainer: Epoch 1325
2026-04-03 10:07:34,259 INFO src.train.trainer: Last model at epoch 1325 saved to checkpoints/rtpp_20260403-100551/last_model_1.pth
2026-04-03 10:07:34,259 INFO src.train.trainer: Epoch 1326
2026-04-03 10:07:34,314 INFO src.train.trainer: Last model at epoch 1326 saved to checkpoints/rtpp_20260403-100551/last_model_1.pth
2026-04-03 10:07:34,315 INFO src.train.trainer: Epoch 1327
2026-04-03 10:07:34,368 INFO src.train.trainer: Last model at epoch 1327 saved to checkpoints/rtpp_20260403-100551/last_model_1.pth
2026-04-03 10:07:34,368 INFO src.train.trainer: Epoch 1328
2026-04-03 10:07:34,424 INFO src.train.trainer: Last model at epoch 1328 saved to checkpoints/rtpp_20260403-100551/last_model_1.pth
2026-04-03 10:07:34,425 INFO src.train.trainer: Epoch 1329
2026-04-03 10:07:34,479 INFO src.train.trainer: Last model at epoch 1329 saved to checkpoints/rtpp_20260403-100551/last_model_1.pth
2026-04-03 10:07:34,479 INFO src.train.trainer: Epoch 1330
2026-04-03 10:07:34,530 INFO src.train.trainer: Last model at epoch 1330 saved to checkpoints/rtpp_20260403-100551/last_model_1.pth
2026-04-03 10:07:34,530 INFO src.train.trainer: Epoch 1331
2026-04-03 10:07:34,581 INFO src.train.trainer: Last model at epoch 1331 saved to checkpoints/rtpp_20260403-100551/last_model_1.pth
2026-04-03 10:07:34,581 INFO src.train.trainer: Epoch 1332
2026-04-03 10:07:34,635 INFO src.train.trainer: Last model at epoch 1332 saved to checkpoints/rtpp_20260403-100551/last_model_1.pth
2026-04-03 10:07:34,635 INFO src.train.trainer: Epoch 1333
2026-04-03 10:07:34,691 INFO src.train.trainer: Last model at epoch 1333 saved to checkpoints/rtpp_20260403-100551/last_model_1.pth
2026-04-03 10:07:34,691 INFO src.train.trainer: Epoch 1334
2026-04-03 10:07:34,747 INFO src.train.trainer: Last model at epoch 1334 saved to checkpoints/rtpp_20260403-100551/last_model_1.pth
2026-04-03 10:07:34,748 INFO src.train.trainer: Epoch 1335
2026-04-03 10:07:34,805 INFO src.train.trainer: Last model at epoch 1335 saved to checkpoints/rtpp_20260403-100551/last_model_1.pth
2026-04-03 10:07:34,805 INFO src.train.trainer: Epoch 1336
2026-04-03 10:07:34,866 INFO src.train.trainer: Last model at epoch 1336 saved to checkpoints/rtpp_20260403-100551/last_model_1.pth
2026-04-03 10:07:34,867 INFO src.train.trainer: Epoch 1337
2026-04-03 10:07:34,926 INFO src.train.trainer: Last model at epoch 1337 saved to checkpoints/rtpp_20260403-100551/last_model_1.pth
2026-04-03 10:07:34,926 INFO src.train.trainer: Epoch 1338
2026-04-03 10:07:34,988 INFO src.train.trainer: Last model at epoch 1338 saved to checkpoints/rtpp_20260403-100551/last_model_1.pth
2026-04-03 10:07:34,988 INFO src.train.trainer: Epoch 1339
2026-04-03 10:07:35,052 INFO src.train.trainer: Last model at epoch 1339 saved to checkpoints/rtpp_20260403-100551/last_model_1.pth
2026-04-03 10:07:35,052 INFO src.train.trainer: Epoch 1340
2026-04-03 10:07:35,117 INFO src.train.trainer: Last model at epoch 1340 saved to checkpoints/rtpp_20260403-100551/last_model_1.pth
2026-04-03 10:07:35,118 INFO src.train.trainer: Epoch 1341
2026-04-03 10:07:35,191 INFO src.train.trainer: Last model at epoch 1341 saved to checkpoints/rtpp_20260403-100551/last_model_1.pth
2026-04-03 10:07:35,191 INFO src.train.trainer: Epoch 1342
2026-04-03 10:07:35,284 INFO src.train.trainer: Last model at epoch 1342 saved to checkpoints/rtpp_20260403-100551/last_model_1.pth
2026-04-03 10:07:35,284 INFO src.train.trainer: Epoch 1343
2026-04-03 10:07:35,352 INFO src.train.trainer: Last model at epoch 1343 saved to checkpoints/rtpp_20260403-100551/last_model_1.pth
2026-04-03 10:07:35,352 INFO src.train.trainer: Epoch 1344
2026-04-03 10:07:35,422 INFO src.train.trainer: Last model at epoch 1344 saved to checkpoints/rtpp_20260403-100551/last_model_1.pth
2026-04-03 10:07:35,422 INFO src.train.trainer: Epoch 1345
2026-04-03 10:07:35,488 INFO src.train.trainer: Last model at epoch 1345 saved to checkpoints/rtpp_20260403-100551/last_model_1.pth
2026-04-03 10:07:35,488 INFO src.train.trainer: Epoch 1346
2026-04-03 10:07:35,552 INFO src.train.trainer: Last model at epoch 1346 saved to checkpoints/rtpp_20260403-100551/last_model_1.pth
2026-04-03 10:07:35,553 INFO src.train.trainer: Epoch 1347
2026-04-03 10:07:35,625 INFO src.train.trainer: Last model at epoch 1347 saved to checkpoints/rtpp_20260403-100551/last_model_1.pth
2026-04-03 10:07:35,625 INFO src.train.trainer: Epoch 1348
2026-04-03 10:07:35,728 INFO src.train.trainer: Last model at epoch 1348 saved to checkpoints/rtpp_20260403-100551/last_model_1.pth
2026-04-03 10:07:35,728 INFO src.train.trainer: Epoch 1349
2026-04-03 10:07:35,835 INFO src.train.trainer: Last model at epoch 1349 saved to checkpoints/rtpp_20260403-100551/last_model_1.pth
2026-04-03 10:07:35,835 INFO src.train.trainer: Epoch 1350
2026-04-03 10:07:35,956 INFO src.train.trainer: Last model at epoch 1350 saved to checkpoints/rtpp_20260403-100551/last_model_1.pth
2026-04-03 10:07:35,956 INFO src.train.trainer: Epoch 1351
2026-04-03 10:07:36,060 INFO src.train.trainer: Last model at epoch 1351 saved to checkpoints/rtpp_20260403-100551/last_model_1.pth
2026-04-03 10:07:36,060 INFO src.train.trainer: Epoch 1352
2026-04-03 10:07:36,199 INFO src.train.trainer: Last model at epoch 1352 saved to checkpoints/rtpp_20260403-100551/last_model_1.pth
2026-04-03 10:07:36,199 INFO src.train.trainer: Epoch 1353
2026-04-03 10:07:36,300 INFO src.train.trainer: Last model at epoch 1353 saved to checkpoints/rtpp_20260403-100551/last_model_1.pth
2026-04-03 10:07:36,300 INFO src.train.trainer: Epoch 1354
2026-04-03 10:07:36,405 INFO src.train.trainer: Last model at epoch 1354 saved to checkpoints/rtpp_20260403-100551/last_model_1.pth
2026-04-03 10:07:36,405 INFO src.train.trainer: Epoch 1355
2026-04-03 10:07:36,505 INFO src.train.trainer: Last model at epoch 1355 saved to checkpoints/rtpp_20260403-100551/last_model_1.pth
2026-04-03 10:07:36,505 INFO src.train.trainer: Epoch 1356
2026-04-03 10:07:36,603 INFO src.train.trainer: Last model at epoch 1356 saved to checkpoints/rtpp_20260403-100551/last_model_1.pth
2026-04-03 10:07:36,603 INFO src.train.trainer: Epoch 1357
2026-04-03 10:07:36,704 INFO src.train.trainer: Last model at epoch 1357 saved to checkpoints/rtpp_20260403-100551/last_model_1.pth
2026-04-03 10:07:36,704 INFO src.train.trainer: Epoch 1358
2026-04-03 10:07:36,808 INFO src.train.trainer: Last model at epoch 1358 saved to checkpoints/rtpp_20260403-100551/last_model_1.pth
2026-04-03 10:07:36,808 INFO src.train.trainer: Epoch 1359
2026-04-03 10:07:36,916 INFO src.train.trainer: Last model at epoch 1359 saved to checkpoints/rtpp_20260403-100551/last_model_1.pth
2026-04-03 10:07:36,916 INFO src.train.trainer: Epoch 1360
2026-04-03 10:07:37,022 INFO src.train.trainer: Last model at epoch 1360 saved to checkpoints/rtpp_20260403-100551/last_model_1.pth
2026-04-03 10:07:37,023 INFO src.train.trainer: Epoch 1361
2026-04-03 10:07:37,133 INFO src.train.trainer: Last model at epoch 1361 saved to checkpoints/rtpp_20260403-100551/last_model_1.pth
2026-04-03 10:07:37,133 INFO src.train.trainer: Epoch 1362
2026-04-03 10:07:37,243 INFO src.train.trainer: Last model at epoch 1362 saved to checkpoints/rtpp_20260403-100551/last_model_1.pth
2026-04-03 10:07:37,243 INFO src.train.trainer: Epoch 1363
2026-04-03 10:07:37,345 INFO src.train.trainer: Last model at epoch 1363 saved to checkpoints/rtpp_20260403-100551/last_model_1.pth
2026-04-03 10:07:37,345 INFO src.train.trainer: Epoch 1364
2026-04-03 10:07:37,447 INFO src.train.trainer: Last model at epoch 1364 saved to checkpoints/rtpp_20260403-100551/last_model_1.pth
2026-04-03 10:07:37,447 INFO src.train.trainer: Epoch 1365
2026-04-03 10:07:37,552 INFO src.train.trainer: Last model at epoch 1365 saved to checkpoints/rtpp_20260403-100551/last_model_1.pth
2026-04-03 10:07:37,552 INFO src.train.trainer: Epoch 1366
2026-04-03 10:07:37,654 INFO src.train.trainer: Last model at epoch 1366 saved to checkpoints/rtpp_20260403-100551/last_model_1.pth
2026-04-03 10:07:37,654 INFO src.train.trainer: Epoch 1367
2026-04-03 10:07:37,759 INFO src.train.trainer: Last model at epoch 1367 saved to checkpoints/rtpp_20260403-100551/last_model_1.pth
2026-04-03 10:07:37,759 INFO src.train.trainer: Epoch 1368
2026-04-03 10:07:37,862 INFO src.train.trainer: Last model at epoch 1368 saved to checkpoints/rtpp_20260403-100551/last_model_1.pth
2026-04-03 10:07:37,862 INFO src.train.trainer: Epoch 1369
2026-04-03 10:07:37,962 INFO src.train.trainer: Last model at epoch 1369 saved to checkpoints/rtpp_20260403-100551/last_model_1.pth
2026-04-03 10:07:37,962 INFO src.train.trainer: Epoch 1370
2026-04-03 10:07:38,051 INFO src.train.trainer: Last model at epoch 1370 saved to checkpoints/rtpp_20260403-100551/last_model_1.pth
2026-04-03 10:07:38,052 INFO src.train.trainer: Epoch 1371
2026-04-03 10:07:38,152 INFO src.train.trainer: Last model at epoch 1371 saved to checkpoints/rtpp_20260403-100551/last_model_1.pth
2026-04-03 10:07:38,152 INFO src.train.trainer: Epoch 1372
2026-04-03 10:07:38,230 INFO src.train.trainer: Last model at epoch 1372 saved to checkpoints/rtpp_20260403-100551/last_model_1.pth
2026-04-03 10:07:38,230 INFO src.train.trainer: Epoch 1373
2026-04-03 10:07:38,322 INFO src.train.trainer: Last model at epoch 1373 saved to checkpoints/rtpp_20260403-100551/last_model_1.pth
2026-04-03 10:07:38,322 INFO src.train.trainer: Epoch 1374
2026-04-03 10:07:38,424 INFO src.train.trainer: Last model at epoch 1374 saved to checkpoints/rtpp_20260403-100551/last_model_1.pth
2026-04-03 10:07:38,425 INFO src.train.trainer: Epoch 1375
2026-04-03 10:07:38,534 INFO src.train.trainer: Last model at epoch 1375 saved to checkpoints/rtpp_20260403-100551/last_model_1.pth
2026-04-03 10:07:38,534 INFO src.train.trainer: Epoch 1376
2026-04-03 10:07:38,663 INFO src.train.trainer: Last model at epoch 1376 saved to checkpoints/rtpp_20260403-100551/last_model_1.pth
2026-04-03 10:07:38,663 INFO src.train.trainer: Epoch 1377
2026-04-03 10:07:38,800 INFO src.train.trainer: Last model at epoch 1377 saved to checkpoints/rtpp_20260403-100551/last_model_1.pth
2026-04-03 10:07:38,800 INFO src.train.trainer: Epoch 1378
2026-04-03 10:07:38,907 INFO src.train.trainer: Last model at epoch 1378 saved to checkpoints/rtpp_20260403-100551/last_model_1.pth
2026-04-03 10:07:38,908 INFO src.train.trainer: Epoch 1379
2026-04-03 10:07:39,006 INFO src.train.trainer: Last model at epoch 1379 saved to checkpoints/rtpp_20260403-100551/last_model_1.pth
2026-04-03 10:07:39,006 INFO src.train.trainer: Epoch 1380
2026-04-03 10:07:39,102 INFO src.train.trainer: Last model at epoch 1380 saved to checkpoints/rtpp_20260403-100551/last_model_1.pth
2026-04-03 10:07:39,102 INFO src.train.trainer: Epoch 1381
2026-04-03 10:07:39,205 INFO src.train.trainer: Last model at epoch 1381 saved to checkpoints/rtpp_20260403-100551/last_model_1.pth
2026-04-03 10:07:39,205 INFO src.train.trainer: Epoch 1382
2026-04-03 10:07:39,316 INFO src.train.trainer: Last model at epoch 1382 saved to checkpoints/rtpp_20260403-100551/last_model_1.pth
2026-04-03 10:07:39,316 INFO src.train.trainer: Epoch 1383
2026-04-03 10:07:39,423 INFO src.train.trainer: Last model at epoch 1383 saved to checkpoints/rtpp_20260403-100551/last_model_1.pth
2026-04-03 10:07:39,423 INFO src.train.trainer: Epoch 1384
2026-04-03 10:07:39,524 INFO src.train.trainer: Last model at epoch 1384 saved to checkpoints/rtpp_20260403-100551/last_model_1.pth
2026-04-03 10:07:39,524 INFO src.train.trainer: Epoch 1385
2026-04-03 10:07:39,635 INFO src.train.trainer: Last model at epoch 1385 saved to checkpoints/rtpp_20260403-100551/last_model_1.pth
2026-04-03 10:07:39,636 INFO src.train.trainer: Epoch 1386
2026-04-03 10:07:39,744 INFO src.train.trainer: Last model at epoch 1386 saved to checkpoints/rtpp_20260403-100551/last_model_1.pth
2026-04-03 10:07:39,744 INFO src.train.trainer: Epoch 1387
2026-04-03 10:07:39,849 INFO src.train.trainer: Last model at epoch 1387 saved to checkpoints/rtpp_20260403-100551/last_model_1.pth
2026-04-03 10:07:39,849 INFO src.train.trainer: Epoch 1388
2026-04-03 10:07:39,948 INFO src.train.trainer: Last model at epoch 1388 saved to checkpoints/rtpp_20260403-100551/last_model_1.pth
2026-04-03 10:07:39,948 INFO src.train.trainer: Epoch 1389
2026-04-03 10:07:40,057 INFO src.train.trainer: Last model at epoch 1389 saved to checkpoints/rtpp_20260403-100551/last_model_1.pth
2026-04-03 10:07:40,057 INFO src.train.trainer: Epoch 1390
2026-04-03 10:07:40,156 INFO src.train.trainer: Last model at epoch 1390 saved to checkpoints/rtpp_20260403-100551/last_model_1.pth
2026-04-03 10:07:40,156 INFO src.train.trainer: Epoch 1391
2026-04-03 10:07:40,255 INFO src.train.trainer: Last model at epoch 1391 saved to checkpoints/rtpp_20260403-100551/last_model_1.pth
2026-04-03 10:07:40,256 INFO src.train.trainer: Epoch 1392
2026-04-03 10:07:40,359 INFO src.train.trainer: Last model at epoch 1392 saved to checkpoints/rtpp_20260403-100551/last_model_1.pth
2026-04-03 10:07:40,359 INFO src.train.trainer: Epoch 1393
2026-04-03 10:07:40,456 INFO src.train.trainer: Last model at epoch 1393 saved to checkpoints/rtpp_20260403-100551/last_model_1.pth
2026-04-03 10:07:40,456 INFO src.train.trainer: Epoch 1394
2026-04-03 10:07:40,555 INFO src.train.trainer: Last model at epoch 1394 saved to checkpoints/rtpp_20260403-100551/last_model_1.pth
2026-04-03 10:07:40,555 INFO src.train.trainer: Epoch 1395
2026-04-03 10:07:40,655 INFO src.train.trainer: Last model at epoch 1395 saved to checkpoints/rtpp_20260403-100551/last_model_1.pth
2026-04-03 10:07:40,656 INFO src.train.trainer: Epoch 1396
2026-04-03 10:07:40,754 INFO src.train.trainer: Last model at epoch 1396 saved to checkpoints/rtpp_20260403-100551/last_model_1.pth
2026-04-03 10:07:40,754 INFO src.train.trainer: Epoch 1397
2026-04-03 10:07:40,856 INFO src.train.trainer: Last model at epoch 1397 saved to checkpoints/rtpp_20260403-100551/last_model_1.pth
2026-04-03 10:07:40,857 INFO src.train.trainer: Epoch 1398
2026-04-03 10:07:40,958 INFO src.train.trainer: Last model at epoch 1398 saved to checkpoints/rtpp_20260403-100551/last_model_1.pth
2026-04-03 10:07:40,958 INFO src.train.trainer: Epoch 1399
2026-04-03 10:07:41,068 INFO src.train.trainer: Last model at epoch 1399 saved to checkpoints/rtpp_20260403-100551/last_model_1.pth
2026-04-03 10:07:41,068 INFO src.train.trainer: Epoch 1400
2026-04-03 10:07:41,159 INFO src.train.trainer: Last model at epoch 1400 saved to checkpoints/rtpp_20260403-100551/last_model_1.pth
2026-04-03 10:07:41,159 INFO src.train.trainer: Epoch 1401
2026-04-03 10:07:41,267 INFO src.train.trainer: Last model at epoch 1401 saved to checkpoints/rtpp_20260403-100551/last_model_1.pth
2026-04-03 10:07:41,267 INFO src.train.trainer: Epoch 1402
2026-04-03 10:07:41,365 INFO src.train.trainer: Last model at epoch 1402 saved to checkpoints/rtpp_20260403-100551/last_model_1.pth
2026-04-03 10:07:41,365 INFO src.train.trainer: Epoch 1403
2026-04-03 10:07:41,472 INFO src.train.trainer: Last model at epoch 1403 saved to checkpoints/rtpp_20260403-100551/last_model_1.pth
2026-04-03 10:07:41,472 INFO src.train.trainer: Epoch 1404
2026-04-03 10:07:41,576 INFO src.train.trainer: Last model at epoch 1404 saved to checkpoints/rtpp_20260403-100551/last_model_1.pth
2026-04-03 10:07:41,576 INFO src.train.trainer: Epoch 1405
2026-04-03 10:07:41,698 INFO src.train.trainer: Last model at epoch 1405 saved to checkpoints/rtpp_20260403-100551/last_model_1.pth
2026-04-03 10:07:41,698 INFO src.train.trainer: Epoch 1406
2026-04-03 10:07:41,800 INFO src.train.trainer: Last model at epoch 1406 saved to checkpoints/rtpp_20260403-100551/last_model_1.pth
2026-04-03 10:07:41,800 INFO src.train.trainer: Epoch 1407
2026-04-03 10:07:41,903 INFO src.train.trainer: Last model at epoch 1407 saved to checkpoints/rtpp_20260403-100551/last_model_1.pth
2026-04-03 10:07:41,903 INFO src.train.trainer: Epoch 1408
2026-04-03 10:07:42,004 INFO src.train.trainer: Last model at epoch 1408 saved to checkpoints/rtpp_20260403-100551/last_model_1.pth
2026-04-03 10:07:42,005 INFO src.train.trainer: Epoch 1409
2026-04-03 10:07:42,114 INFO src.train.trainer: Last model at epoch 1409 saved to checkpoints/rtpp_20260403-100551/last_model_1.pth
2026-04-03 10:07:42,114 INFO src.train.trainer: Epoch 1410
2026-04-03 10:07:42,211 INFO src.train.trainer: Last model at epoch 1410 saved to checkpoints/rtpp_20260403-100551/last_model_1.pth
2026-04-03 10:07:42,211 INFO src.train.trainer: Epoch 1411
2026-04-03 10:07:42,322 INFO src.train.trainer: Last model at epoch 1411 saved to checkpoints/rtpp_20260403-100551/last_model_1.pth
2026-04-03 10:07:42,322 INFO src.train.trainer: Epoch 1412
2026-04-03 10:07:42,432 INFO src.train.trainer: Last model at epoch 1412 saved to checkpoints/rtpp_20260403-100551/last_model_1.pth
2026-04-03 10:07:42,432 INFO src.train.trainer: Epoch 1413
2026-04-03 10:07:42,540 INFO src.train.trainer: Last model at epoch 1413 saved to checkpoints/rtpp_20260403-100551/last_model_1.pth
2026-04-03 10:07:42,541 INFO src.train.trainer: Epoch 1414
2026-04-03 10:07:42,657 INFO src.train.trainer: Last model at epoch 1414 saved to checkpoints/rtpp_20260403-100551/last_model_1.pth
2026-04-03 10:07:42,657 INFO src.train.trainer: Epoch 1415
2026-04-03 10:07:42,759 INFO src.train.trainer: Last model at epoch 1415 saved to checkpoints/rtpp_20260403-100551/last_model_1.pth
2026-04-03 10:07:42,759 INFO src.train.trainer: Epoch 1416
2026-04-03 10:07:42,867 INFO src.train.trainer: Last model at epoch 1416 saved to checkpoints/rtpp_20260403-100551/last_model_1.pth
2026-04-03 10:07:42,867 INFO src.train.trainer: Epoch 1417
2026-04-03 10:07:43,007 INFO src.train.trainer: Last model at epoch 1417 saved to checkpoints/rtpp_20260403-100551/last_model_1.pth
2026-04-03 10:07:43,007 INFO src.train.trainer: Epoch 1418
2026-04-03 10:07:43,105 INFO src.train.trainer: Last model at epoch 1418 saved to checkpoints/rtpp_20260403-100551/last_model_1.pth
2026-04-03 10:07:43,106 INFO src.train.trainer: Epoch 1419
2026-04-03 10:07:43,211 INFO src.train.trainer: Last model at epoch 1419 saved to checkpoints/rtpp_20260403-100551/last_model_1.pth
2026-04-03 10:07:43,211 INFO src.train.trainer: Epoch 1420
2026-04-03 10:07:43,323 INFO src.train.trainer: Last model at epoch 1420 saved to checkpoints/rtpp_20260403-100551/last_model_1.pth
2026-04-03 10:07:43,323 INFO src.train.trainer: Epoch 1421
2026-04-03 10:07:43,431 INFO src.train.trainer: Last model at epoch 1421 saved to checkpoints/rtpp_20260403-100551/last_model_1.pth
2026-04-03 10:07:43,432 INFO src.train.trainer: Epoch 1422
2026-04-03 10:07:43,536 INFO src.train.trainer: Last model at epoch 1422 saved to checkpoints/rtpp_20260403-100551/last_model_1.pth
2026-04-03 10:07:43,536 INFO src.train.trainer: Epoch 1423
2026-04-03 10:07:43,649 INFO src.train.trainer: Last model at epoch 1423 saved to checkpoints/rtpp_20260403-100551/last_model_1.pth
2026-04-03 10:07:43,649 INFO src.train.trainer: Epoch 1424
2026-04-03 10:07:43,760 INFO src.train.trainer: Last model at epoch 1424 saved to checkpoints/rtpp_20260403-100551/last_model_1.pth
2026-04-03 10:07:43,760 INFO src.train.trainer: Epoch 1425
2026-04-03 10:07:43,870 INFO src.train.trainer: Last model at epoch 1425 saved to checkpoints/rtpp_20260403-100551/last_model_1.pth
2026-04-03 10:07:43,870 INFO src.train.trainer: Epoch 1426
2026-04-03 10:07:43,975 INFO src.train.trainer: Last model at epoch 1426 saved to checkpoints/rtpp_20260403-100551/last_model_1.pth
2026-04-03 10:07:43,975 INFO src.train.trainer: Epoch 1427
2026-04-03 10:07:44,062 INFO src.train.trainer: Last model at epoch 1427 saved to checkpoints/rtpp_20260403-100551/last_model_1.pth
2026-04-03 10:07:44,062 INFO src.train.trainer: Epoch 1428
2026-04-03 10:07:44,167 INFO src.train.trainer: Last model at epoch 1428 saved to checkpoints/rtpp_20260403-100551/last_model_1.pth
2026-04-03 10:07:44,167 INFO src.train.trainer: Epoch 1429
2026-04-03 10:07:44,265 INFO src.train.trainer: Last model at epoch 1429 saved to checkpoints/rtpp_20260403-100551/last_model_1.pth
2026-04-03 10:07:44,265 INFO src.train.trainer: Epoch 1430
2026-04-03 10:07:44,398 INFO src.train.trainer: Last model at epoch 1430 saved to checkpoints/rtpp_20260403-100551/last_model_1.pth
2026-04-03 10:07:44,398 INFO src.train.trainer: Epoch 1431
2026-04-03 10:07:44,500 INFO src.train.trainer: Last model at epoch 1431 saved to checkpoints/rtpp_20260403-100551/last_model_1.pth
2026-04-03 10:07:44,500 INFO src.train.trainer: Epoch 1432
2026-04-03 10:07:44,605 INFO src.train.trainer: Last model at epoch 1432 saved to checkpoints/rtpp_20260403-100551/last_model_1.pth
2026-04-03 10:07:44,605 INFO src.train.trainer: Epoch 1433
2026-04-03 10:07:44,713 INFO src.train.trainer: Last model at epoch 1433 saved to checkpoints/rtpp_20260403-100551/last_model_1.pth
2026-04-03 10:07:44,713 INFO src.train.trainer: Epoch 1434
2026-04-03 10:07:44,825 INFO src.train.trainer: Last model at epoch 1434 saved to checkpoints/rtpp_20260403-100551/last_model_1.pth
2026-04-03 10:07:44,826 INFO src.train.trainer: Epoch 1435
2026-04-03 10:07:44,937 INFO src.train.trainer: Last model at epoch 1435 saved to checkpoints/rtpp_20260403-100551/last_model_1.pth
2026-04-03 10:07:44,937 INFO src.train.trainer: Epoch 1436
2026-04-03 10:07:45,048 INFO src.train.trainer: Last model at epoch 1436 saved to checkpoints/rtpp_20260403-100551/last_model_1.pth
2026-04-03 10:07:45,049 INFO src.train.trainer: Epoch 1437
2026-04-03 10:07:45,159 INFO src.train.trainer: Last model at epoch 1437 saved to checkpoints/rtpp_20260403-100551/last_model_1.pth
2026-04-03 10:07:45,159 INFO src.train.trainer: Epoch 1438
2026-04-03 10:07:45,270 INFO src.train.trainer: Last model at epoch 1438 saved to checkpoints/rtpp_20260403-100551/last_model_1.pth
2026-04-03 10:07:45,270 INFO src.train.trainer: Epoch 1439
2026-04-03 10:07:45,368 INFO src.train.trainer: Last model at epoch 1439 saved to checkpoints/rtpp_20260403-100551/last_model_1.pth
2026-04-03 10:07:45,368 INFO src.train.trainer: Epoch 1440
2026-04-03 10:07:45,503 INFO src.train.trainer: Last model at epoch 1440 saved to checkpoints/rtpp_20260403-100551/last_model_1.pth
2026-04-03 10:07:45,503 INFO src.train.trainer: Epoch 1441
2026-04-03 10:07:45,605 INFO src.train.trainer: Last model at epoch 1441 saved to checkpoints/rtpp_20260403-100551/last_model_1.pth
2026-04-03 10:07:45,605 INFO src.train.trainer: Epoch 1442
2026-04-03 10:07:45,705 INFO src.train.trainer: Last model at epoch 1442 saved to checkpoints/rtpp_20260403-100551/last_model_1.pth
2026-04-03 10:07:45,705 INFO src.train.trainer: Epoch 1443
2026-04-03 10:07:45,806 INFO src.train.trainer: Last model at epoch 1443 saved to checkpoints/rtpp_20260403-100551/last_model_1.pth
2026-04-03 10:07:45,806 INFO src.train.trainer: Epoch 1444
2026-04-03 10:07:45,912 INFO src.train.trainer: Last model at epoch 1444 saved to checkpoints/rtpp_20260403-100551/last_model_1.pth
2026-04-03 10:07:45,912 INFO src.train.trainer: Epoch 1445
2026-04-03 10:07:46,022 INFO src.train.trainer: Last model at epoch 1445 saved to checkpoints/rtpp_20260403-100551/last_model_1.pth
2026-04-03 10:07:46,023 INFO src.train.trainer: Epoch 1446
2026-04-03 10:07:46,137 INFO src.train.trainer: Last model at epoch 1446 saved to checkpoints/rtpp_20260403-100551/last_model_1.pth
2026-04-03 10:07:46,137 INFO src.train.trainer: Epoch 1447
2026-04-03 10:07:46,233 INFO src.train.trainer: Last model at epoch 1447 saved to checkpoints/rtpp_20260403-100551/last_model_1.pth
2026-04-03 10:07:46,233 INFO src.train.trainer: Epoch 1448
2026-04-03 10:07:46,341 INFO src.train.trainer: Last model at epoch 1448 saved to checkpoints/rtpp_20260403-100551/last_model_1.pth
2026-04-03 10:07:46,341 INFO src.train.trainer: Epoch 1449
2026-04-03 10:07:46,455 INFO src.train.trainer: Last model at epoch 1449 saved to checkpoints/rtpp_20260403-100551/last_model_1.pth
2026-04-03 10:07:46,455 INFO src.train.trainer: Epoch 1450
2026-04-03 10:07:46,561 INFO src.train.trainer: Last model at epoch 1450 saved to checkpoints/rtpp_20260403-100551/last_model_1.pth
2026-04-03 10:07:46,561 INFO src.train.trainer: Epoch 1451
2026-04-03 10:07:46,667 INFO src.train.trainer: Last model at epoch 1451 saved to checkpoints/rtpp_20260403-100551/last_model_1.pth
2026-04-03 10:07:46,667 INFO src.train.trainer: Epoch 1452
2026-04-03 10:07:46,766 INFO src.train.trainer: Last model at epoch 1452 saved to checkpoints/rtpp_20260403-100551/last_model_1.pth
2026-04-03 10:07:46,766 INFO src.train.trainer: Epoch 1453
2026-04-03 10:07:46,900 INFO src.train.trainer: Last model at epoch 1453 saved to checkpoints/rtpp_20260403-100551/last_model_1.pth
2026-04-03 10:07:46,900 INFO src.train.trainer: Epoch 1454
2026-04-03 10:07:47,003 INFO src.train.trainer: Last model at epoch 1454 saved to checkpoints/rtpp_20260403-100551/last_model_1.pth
2026-04-03 10:07:47,003 INFO src.train.trainer: Epoch 1455
2026-04-03 10:07:47,104 INFO src.train.trainer: Last model at epoch 1455 saved to checkpoints/rtpp_20260403-100551/last_model_1.pth
2026-04-03 10:07:47,104 INFO src.train.trainer: Epoch 1456
2026-04-03 10:07:47,205 INFO src.train.trainer: Last model at epoch 1456 saved to checkpoints/rtpp_20260403-100551/last_model_1.pth
2026-04-03 10:07:47,205 INFO src.train.trainer: Epoch 1457
2026-04-03 10:07:47,304 INFO src.train.trainer: Last model at epoch 1457 saved to checkpoints/rtpp_20260403-100551/last_model_1.pth
2026-04-03 10:07:47,304 INFO src.train.trainer: Epoch 1458
2026-04-03 10:07:47,410 INFO src.train.trainer: Last model at epoch 1458 saved to checkpoints/rtpp_20260403-100551/last_model_1.pth
2026-04-03 10:07:47,411 INFO src.train.trainer: Epoch 1459
2026-04-03 10:07:47,519 INFO src.train.trainer: Last model at epoch 1459 saved to checkpoints/rtpp_20260403-100551/last_model_1.pth
2026-04-03 10:07:47,519 INFO src.train.trainer: Epoch 1460
2026-04-03 10:07:47,605 INFO src.train.trainer: Last model at epoch 1460 saved to checkpoints/rtpp_20260403-100551/last_model_1.pth
2026-04-03 10:07:47,605 INFO src.train.trainer: Epoch 1461
2026-04-03 10:07:47,673 INFO src.train.trainer: Last model at epoch 1461 saved to checkpoints/rtpp_20260403-100551/last_model_1.pth
2026-04-03 10:07:47,673 INFO src.train.trainer: Epoch 1462
2026-04-03 10:07:47,763 INFO src.train.trainer: Last model at epoch 1462 saved to checkpoints/rtpp_20260403-100551/last_model_1.pth
2026-04-03 10:07:47,763 INFO src.train.trainer: Epoch 1463
2026-04-03 10:07:47,862 INFO src.train.trainer: Last model at epoch 1463 saved to checkpoints/rtpp_20260403-100551/last_model_1.pth
2026-04-03 10:07:47,862 INFO src.train.trainer: Epoch 1464
2026-04-03 10:07:47,961 INFO src.train.trainer: Last model at epoch 1464 saved to checkpoints/rtpp_20260403-100551/last_model_1.pth
2026-04-03 10:07:47,961 INFO src.train.trainer: Epoch 1465
2026-04-03 10:07:48,059 INFO src.train.trainer: Last model at epoch 1465 saved to checkpoints/rtpp_20260403-100551/last_model_1.pth
2026-04-03 10:07:48,059 INFO src.train.trainer: Epoch 1466
2026-04-03 10:07:48,152 INFO src.train.trainer: Last model at epoch 1466 saved to checkpoints/rtpp_20260403-100551/last_model_1.pth
2026-04-03 10:07:48,153 INFO src.train.trainer: Epoch 1467
2026-04-03 10:07:48,250 INFO src.train.trainer: Last model at epoch 1467 saved to checkpoints/rtpp_20260403-100551/last_model_1.pth
2026-04-03 10:07:48,250 INFO src.train.trainer: Epoch 1468
2026-04-03 10:07:48,339 INFO src.train.trainer: Last model at epoch 1468 saved to checkpoints/rtpp_20260403-100551/last_model_1.pth
2026-04-03 10:07:48,339 INFO src.train.trainer: Epoch 1469
2026-04-03 10:07:48,438 INFO src.train.trainer: Last model at epoch 1469 saved to checkpoints/rtpp_20260403-100551/last_model_1.pth
2026-04-03 10:07:48,439 INFO src.train.trainer: Epoch 1470
2026-04-03 10:07:48,541 INFO src.train.trainer: Last model at epoch 1470 saved to checkpoints/rtpp_20260403-100551/last_model_1.pth
2026-04-03 10:07:48,541 INFO src.train.trainer: Epoch 1471
2026-04-03 10:07:48,645 INFO src.train.trainer: Last model at epoch 1471 saved to checkpoints/rtpp_20260403-100551/last_model_1.pth
2026-04-03 10:07:48,645 INFO src.train.trainer: Epoch 1472
2026-04-03 10:07:48,750 INFO src.train.trainer: Last model at epoch 1472 saved to checkpoints/rtpp_20260403-100551/last_model_1.pth
2026-04-03 10:07:48,750 INFO src.train.trainer: Epoch 1473
2026-04-03 10:07:48,852 INFO src.train.trainer: Last model at epoch 1473 saved to checkpoints/rtpp_20260403-100551/last_model_1.pth
2026-04-03 10:07:48,852 INFO src.train.trainer: Epoch 1474
2026-04-03 10:07:48,957 INFO src.train.trainer: Last model at epoch 1474 saved to checkpoints/rtpp_20260403-100551/last_model_1.pth
2026-04-03 10:07:48,957 INFO src.train.trainer: Epoch 1475
2026-04-03 10:07:49,055 INFO src.train.trainer: Last model at epoch 1475 saved to checkpoints/rtpp_20260403-100551/last_model_1.pth
2026-04-03 10:07:49,055 INFO src.train.trainer: Epoch 1476
2026-04-03 10:07:49,154 INFO src.train.trainer: Last model at epoch 1476 saved to checkpoints/rtpp_20260403-100551/last_model_1.pth
2026-04-03 10:07:49,155 INFO src.train.trainer: Epoch 1477
2026-04-03 10:07:49,256 INFO src.train.trainer: Last model at epoch 1477 saved to checkpoints/rtpp_20260403-100551/last_model_1.pth
2026-04-03 10:07:49,257 INFO src.train.trainer: Epoch 1478
2026-04-03 10:07:49,357 INFO src.train.trainer: Last model at epoch 1478 saved to checkpoints/rtpp_20260403-100551/last_model_1.pth
2026-04-03 10:07:49,358 INFO src.train.trainer: Epoch 1479
2026-04-03 10:07:49,457 INFO src.train.trainer: Last model at epoch 1479 saved to checkpoints/rtpp_20260403-100551/last_model_1.pth
2026-04-03 10:07:49,457 INFO src.train.trainer: Epoch 1480
2026-04-03 10:07:49,556 INFO src.train.trainer: Last model at epoch 1480 saved to checkpoints/rtpp_20260403-100551/last_model_1.pth
2026-04-03 10:07:49,556 INFO src.train.trainer: Epoch 1481
2026-04-03 10:07:49,661 INFO src.train.trainer: Last model at epoch 1481 saved to checkpoints/rtpp_20260403-100551/last_model_1.pth
2026-04-03 10:07:49,661 INFO src.train.trainer: Epoch 1482
2026-04-03 10:07:49,763 INFO src.train.trainer: Last model at epoch 1482 saved to checkpoints/rtpp_20260403-100551/last_model_1.pth
2026-04-03 10:07:49,763 INFO src.train.trainer: Epoch 1483
2026-04-03 10:07:49,863 INFO src.train.trainer: Last model at epoch 1483 saved to checkpoints/rtpp_20260403-100551/last_model_1.pth
2026-04-03 10:07:49,863 INFO src.train.trainer: Epoch 1484
2026-04-03 10:07:49,969 INFO src.train.trainer: Last model at epoch 1484 saved to checkpoints/rtpp_20260403-100551/last_model_1.pth
2026-04-03 10:07:49,997 INFO src.train.trainer: Epoch 1485
2026-04-03 10:07:50,106 INFO src.train.trainer: Last model at epoch 1485 saved to checkpoints/rtpp_20260403-100551/last_model_1.pth
2026-04-03 10:07:50,106 INFO src.train.trainer: Epoch 1486
2026-04-03 10:07:50,204 INFO src.train.trainer: Last model at epoch 1486 saved to checkpoints/rtpp_20260403-100551/last_model_1.pth
2026-04-03 10:07:50,205 INFO src.train.trainer: Epoch 1487
2026-04-03 10:07:50,356 INFO src.train.trainer: Last model at epoch 1487 saved to checkpoints/rtpp_20260403-100551/last_model_1.pth
2026-04-03 10:07:50,356 INFO src.train.trainer: Epoch 1488
2026-04-03 10:07:50,461 INFO src.train.trainer: Last model at epoch 1488 saved to checkpoints/rtpp_20260403-100551/last_model_1.pth
2026-04-03 10:07:50,462 INFO src.train.trainer: Epoch 1489
2026-04-03 10:07:50,573 INFO src.train.trainer: Last model at epoch 1489 saved to checkpoints/rtpp_20260403-100551/last_model_1.pth
2026-04-03 10:07:50,573 INFO src.train.trainer: Epoch 1490
2026-04-03 10:07:50,700 INFO src.train.trainer: Last model at epoch 1490 saved to checkpoints/rtpp_20260403-100551/last_model_1.pth
2026-04-03 10:07:50,701 INFO src.train.trainer: Epoch 1491
2026-04-03 10:07:50,802 INFO src.train.trainer: Last model at epoch 1491 saved to checkpoints/rtpp_20260403-100551/last_model_1.pth
2026-04-03 10:07:50,802 INFO src.train.trainer: Epoch 1492
2026-04-03 10:07:50,917 INFO src.train.trainer: Last model at epoch 1492 saved to checkpoints/rtpp_20260403-100551/last_model_1.pth
2026-04-03 10:07:50,917 INFO src.train.trainer: Epoch 1493
2026-04-03 10:07:51,025 INFO src.train.trainer: Last model at epoch 1493 saved to checkpoints/rtpp_20260403-100551/last_model_1.pth
2026-04-03 10:07:51,025 INFO src.train.trainer: Epoch 1494
2026-04-03 10:07:51,133 INFO src.train.trainer: Last model at epoch 1494 saved to checkpoints/rtpp_20260403-100551/last_model_1.pth
2026-04-03 10:07:51,133 INFO src.train.trainer: Epoch 1495
2026-04-03 10:07:51,248 INFO src.train.trainer: Last model at epoch 1495 saved to checkpoints/rtpp_20260403-100551/last_model_1.pth
2026-04-03 10:07:51,248 INFO src.train.trainer: Epoch 1496
2026-04-03 10:07:51,361 INFO src.train.trainer: Last model at epoch 1496 saved to checkpoints/rtpp_20260403-100551/last_model_1.pth
2026-04-03 10:07:51,361 INFO src.train.trainer: Epoch 1497
2026-04-03 10:07:51,461 INFO src.train.trainer: Last model at epoch 1497 saved to checkpoints/rtpp_20260403-100551/last_model_1.pth
2026-04-03 10:07:51,462 INFO src.train.trainer: Epoch 1498
2026-04-03 10:07:51,557 INFO src.train.trainer: Last model at epoch 1498 saved to checkpoints/rtpp_20260403-100551/last_model_1.pth
2026-04-03 10:07:51,557 INFO src.train.trainer: Epoch 1499
2026-04-03 10:07:51,666 INFO src.train.trainer: Last model at epoch 1499 saved to checkpoints/rtpp_20260403-100551/last_model_1.pth
2026-04-03 10:07:51,666 INFO src.train.trainer: Epoch 1500
2026-04-03 10:07:51,764 INFO src.train.trainer: Last model at epoch 1500 saved to checkpoints/rtpp_20260403-100551/last_model_1.pth
2026-04-03 10:07:51,764 INFO src.train.trainer: Epoch 1501
2026-04-03 10:07:51,862 INFO src.train.trainer: Last model at epoch 1501 saved to checkpoints/rtpp_20260403-100551/last_model_1.pth
2026-04-03 10:07:51,862 INFO src.train.trainer: Epoch 1502
2026-04-03 10:07:51,954 INFO src.train.trainer: Last model at epoch 1502 saved to checkpoints/rtpp_20260403-100551/last_model_1.pth
2026-04-03 10:07:51,954 INFO src.train.trainer: Epoch 1503
2026-04-03 10:07:52,056 INFO src.train.trainer: Last model at epoch 1503 saved to checkpoints/rtpp_20260403-100551/last_model_1.pth
2026-04-03 10:07:52,057 INFO src.train.trainer: Epoch 1504
2026-04-03 10:07:52,165 INFO src.train.trainer: Last model at epoch 1504 saved to checkpoints/rtpp_20260403-100551/last_model_1.pth
2026-04-03 10:07:52,165 INFO src.train.trainer: Epoch 1505
2026-04-03 10:07:52,268 INFO src.train.trainer: Last model at epoch 1505 saved to checkpoints/rtpp_20260403-100551/last_model_1.pth
2026-04-03 10:07:52,268 INFO src.train.trainer: Epoch 1506
2026-04-03 10:07:52,398 INFO src.train.trainer: Last model at epoch 1506 saved to checkpoints/rtpp_20260403-100551/last_model_1.pth
2026-04-03 10:07:52,398 INFO src.train.trainer: Epoch 1507
2026-04-03 10:07:52,483 INFO src.train.trainer: Last model at epoch 1507 saved to checkpoints/rtpp_20260403-100551/last_model_1.pth
2026-04-03 10:07:52,483 INFO src.train.trainer: Epoch 1508
2026-04-03 10:07:52,590 INFO src.train.trainer: Last model at epoch 1508 saved to checkpoints/rtpp_20260403-100551/last_model_1.pth
2026-04-03 10:07:52,590 INFO src.train.trainer: Epoch 1509
2026-04-03 10:07:52,683 INFO src.train.trainer: Last model at epoch 1509 saved to checkpoints/rtpp_20260403-100551/last_model_1.pth
2026-04-03 10:07:52,683 INFO src.train.trainer: Epoch 1510
2026-04-03 10:07:52,773 INFO src.train.trainer: Last model at epoch 1510 saved to checkpoints/rtpp_20260403-100551/last_model_1.pth
2026-04-03 10:07:52,774 INFO src.train.trainer: Epoch 1511
2026-04-03 10:07:52,882 INFO src.train.trainer: Last model at epoch 1511 saved to checkpoints/rtpp_20260403-100551/last_model_1.pth
2026-04-03 10:07:52,882 INFO src.train.trainer: Epoch 1512
2026-04-03 10:07:52,998 INFO src.train.trainer: Last model at epoch 1512 saved to checkpoints/rtpp_20260403-100551/last_model_1.pth
2026-04-03 10:07:52,998 INFO src.train.trainer: Epoch 1513
2026-04-03 10:07:53,097 INFO src.train.trainer: Last model at epoch 1513 saved to checkpoints/rtpp_20260403-100551/last_model_1.pth
2026-04-03 10:07:53,097 INFO src.train.trainer: Epoch 1514
2026-04-03 10:07:53,200 INFO src.train.trainer: Last model at epoch 1514 saved to checkpoints/rtpp_20260403-100551/last_model_1.pth
2026-04-03 10:07:53,200 INFO src.train.trainer: Epoch 1515
2026-04-03 10:07:53,305 INFO src.train.trainer: Last model at epoch 1515 saved to checkpoints/rtpp_20260403-100551/last_model_1.pth
2026-04-03 10:07:53,305 INFO src.train.trainer: Epoch 1516
2026-04-03 10:07:53,404 INFO src.train.trainer: Last model at epoch 1516 saved to checkpoints/rtpp_20260403-100551/last_model_1.pth
2026-04-03 10:07:53,404 INFO src.train.trainer: Epoch 1517
2026-04-03 10:07:53,504 INFO src.train.trainer: Last model at epoch 1517 saved to checkpoints/rtpp_20260403-100551/last_model_1.pth
2026-04-03 10:07:53,504 INFO src.train.trainer: Epoch 1518
2026-04-03 10:07:53,603 INFO src.train.trainer: Last model at epoch 1518 saved to checkpoints/rtpp_20260403-100551/last_model_1.pth
2026-04-03 10:07:53,603 INFO src.train.trainer: Epoch 1519
2026-04-03 10:07:53,703 INFO src.train.trainer: Last model at epoch 1519 saved to checkpoints/rtpp_20260403-100551/last_model_1.pth
2026-04-03 10:07:53,703 INFO src.train.trainer: Epoch 1520
2026-04-03 10:07:53,805 INFO src.train.trainer: Last model at epoch 1520 saved to checkpoints/rtpp_20260403-100551/last_model_1.pth
2026-04-03 10:07:53,806 INFO src.train.trainer: Epoch 1521
2026-04-03 10:07:53,904 INFO src.train.trainer: Last model at epoch 1521 saved to checkpoints/rtpp_20260403-100551/last_model_1.pth
2026-04-03 10:07:53,905 INFO src.train.trainer: Epoch 1522
2026-04-03 10:07:54,003 INFO src.train.trainer: Last model at epoch 1522 saved to checkpoints/rtpp_20260403-100551/last_model_1.pth
2026-04-03 10:07:54,003 INFO src.train.trainer: Epoch 1523
2026-04-03 10:07:54,100 INFO src.train.trainer: Last model at epoch 1523 saved to checkpoints/rtpp_20260403-100551/last_model_1.pth
2026-04-03 10:07:54,100 INFO src.train.trainer: Epoch 1524
2026-04-03 10:07:54,200 INFO src.train.trainer: Last model at epoch 1524 saved to checkpoints/rtpp_20260403-100551/last_model_1.pth
2026-04-03 10:07:54,200 INFO src.train.trainer: Epoch 1525
2026-04-03 10:07:54,303 INFO src.train.trainer: Last model at epoch 1525 saved to checkpoints/rtpp_20260403-100551/last_model_1.pth
2026-04-03 10:07:54,303 INFO src.train.trainer: Epoch 1526
2026-04-03 10:07:54,405 INFO src.train.trainer: Last model at epoch 1526 saved to checkpoints/rtpp_20260403-100551/last_model_1.pth
2026-04-03 10:07:54,405 INFO src.train.trainer: Epoch 1527
2026-04-03 10:07:54,501 INFO src.train.trainer: Last model at epoch 1527 saved to checkpoints/rtpp_20260403-100551/last_model_1.pth
2026-04-03 10:07:54,501 INFO src.train.trainer: Epoch 1528
2026-04-03 10:07:54,589 INFO src.train.trainer: Last model at epoch 1528 saved to checkpoints/rtpp_20260403-100551/last_model_1.pth
2026-04-03 10:07:54,589 INFO src.train.trainer: Epoch 1529
2026-04-03 10:07:54,700 INFO src.train.trainer: Last model at epoch 1529 saved to checkpoints/rtpp_20260403-100551/last_model_1.pth
2026-04-03 10:07:54,700 INFO src.train.trainer: Epoch 1530
2026-04-03 10:07:54,801 INFO src.train.trainer: Last model at epoch 1530 saved to checkpoints/rtpp_20260403-100551/last_model_1.pth
2026-04-03 10:07:54,801 INFO src.train.trainer: Epoch 1531
2026-04-03 10:07:54,903 INFO src.train.trainer: Last model at epoch 1531 saved to checkpoints/rtpp_20260403-100551/last_model_1.pth
2026-04-03 10:07:54,903 INFO src.train.trainer: Epoch 1532
2026-04-03 10:07:55,000 INFO src.train.trainer: Last model at epoch 1532 saved to checkpoints/rtpp_20260403-100551/last_model_1.pth
2026-04-03 10:07:55,000 INFO src.train.trainer: Epoch 1533
2026-04-03 10:07:55,106 INFO src.train.trainer: Last model at epoch 1533 saved to checkpoints/rtpp_20260403-100551/last_model_1.pth
2026-04-03 10:07:55,106 INFO src.train.trainer: Epoch 1534
2026-04-03 10:07:55,208 INFO src.train.trainer: Last model at epoch 1534 saved to checkpoints/rtpp_20260403-100551/last_model_1.pth
2026-04-03 10:07:55,208 INFO src.train.trainer: Epoch 1535
2026-04-03 10:07:55,408 INFO src.train.trainer: Last model at epoch 1535 saved to checkpoints/rtpp_20260403-100551/last_model_1.pth
2026-04-03 10:07:55,408 INFO src.train.trainer: Epoch 1536
2026-04-03 10:07:55,527 INFO src.train.trainer: Last model at epoch 1536 saved to checkpoints/rtpp_20260403-100551/last_model_1.pth
2026-04-03 10:07:55,527 INFO src.train.trainer: Epoch 1537
2026-04-03 10:07:55,627 INFO src.train.trainer: Last model at epoch 1537 saved to checkpoints/rtpp_20260403-100551/last_model_1.pth
2026-04-03 10:07:55,627 INFO src.train.trainer: Epoch 1538
2026-04-03 10:07:55,734 INFO src.train.trainer: Last model at epoch 1538 saved to checkpoints/rtpp_20260403-100551/last_model_1.pth
2026-04-03 10:07:55,734 INFO src.train.trainer: Epoch 1539
2026-04-03 10:07:55,841 INFO src.train.trainer: Last model at epoch 1539 saved to checkpoints/rtpp_20260403-100551/last_model_1.pth
2026-04-03 10:07:55,841 INFO src.train.trainer: Epoch 1540
2026-04-03 10:07:55,947 INFO src.train.trainer: Last model at epoch 1540 saved to checkpoints/rtpp_20260403-100551/last_model_1.pth
2026-04-03 10:07:55,947 INFO src.train.trainer: Epoch 1541
2026-04-03 10:07:56,044 INFO src.train.trainer: Last model at epoch 1541 saved to checkpoints/rtpp_20260403-100551/last_model_1.pth
2026-04-03 10:07:56,045 INFO src.train.trainer: Epoch 1542
2026-04-03 10:07:56,146 INFO src.train.trainer: Last model at epoch 1542 saved to checkpoints/rtpp_20260403-100551/last_model_1.pth
2026-04-03 10:07:56,146 INFO src.train.trainer: Epoch 1543
2026-04-03 10:07:56,243 INFO src.train.trainer: Last model at epoch 1543 saved to checkpoints/rtpp_20260403-100551/last_model_1.pth
2026-04-03 10:07:56,243 INFO src.train.trainer: Epoch 1544
2026-04-03 10:07:56,348 INFO src.train.trainer: Last model at epoch 1544 saved to checkpoints/rtpp_20260403-100551/last_model_1.pth
2026-04-03 10:07:56,348 INFO src.train.trainer: Epoch 1545
2026-04-03 10:07:56,446 INFO src.train.trainer: Last model at epoch 1545 saved to checkpoints/rtpp_20260403-100551/last_model_1.pth
2026-04-03 10:07:56,446 INFO src.train.trainer: Epoch 1546
2026-04-03 10:07:56,544 INFO src.train.trainer: Last model at epoch 1546 saved to checkpoints/rtpp_20260403-100551/last_model_1.pth
2026-04-03 10:07:56,544 INFO src.train.trainer: Epoch 1547
2026-04-03 10:07:56,642 INFO src.train.trainer: Last model at epoch 1547 saved to checkpoints/rtpp_20260403-100551/last_model_1.pth
2026-04-03 10:07:56,642 INFO src.train.trainer: Epoch 1548
2026-04-03 10:07:56,760 INFO src.train.trainer: Last model at epoch 1548 saved to checkpoints/rtpp_20260403-100551/last_model_1.pth
2026-04-03 10:07:56,760 INFO src.train.trainer: Epoch 1549
2026-04-03 10:07:56,864 INFO src.train.trainer: Last model at epoch 1549 saved to checkpoints/rtpp_20260403-100551/last_model_1.pth
2026-04-03 10:07:56,864 INFO src.train.trainer: Epoch 1550
2026-04-03 10:07:56,972 INFO src.train.trainer: Last model at epoch 1550 saved to checkpoints/rtpp_20260403-100551/last_model_1.pth
2026-04-03 10:07:56,972 INFO src.train.trainer: Epoch 1551
2026-04-03 10:07:57,079 INFO src.train.trainer: Last model at epoch 1551 saved to checkpoints/rtpp_20260403-100551/last_model_1.pth
2026-04-03 10:07:57,080 INFO src.train.trainer: Epoch 1552
2026-04-03 10:07:57,201 INFO src.train.trainer: Last model at epoch 1552 saved to checkpoints/rtpp_20260403-100551/last_model_1.pth
2026-04-03 10:07:57,201 INFO src.train.trainer: Epoch 1553
2026-04-03 10:07:57,300 INFO src.train.trainer: Last model at epoch 1553 saved to checkpoints/rtpp_20260403-100551/last_model_1.pth
2026-04-03 10:07:57,300 INFO src.train.trainer: Epoch 1554
2026-04-03 10:07:57,397 INFO src.train.trainer: Last model at epoch 1554 saved to checkpoints/rtpp_20260403-100551/last_model_1.pth
2026-04-03 10:07:57,397 INFO src.train.trainer: Epoch 1555
2026-04-03 10:07:57,502 INFO src.train.trainer: Last model at epoch 1555 saved to checkpoints/rtpp_20260403-100551/last_model_1.pth
2026-04-03 10:07:57,502 INFO src.train.trainer: Epoch 1556
2026-04-03 10:07:57,603 INFO src.train.trainer: Last model at epoch 1556 saved to checkpoints/rtpp_20260403-100551/last_model_1.pth
2026-04-03 10:07:57,604 INFO src.train.trainer: Epoch 1557
2026-04-03 10:07:57,704 INFO src.train.trainer: Last model at epoch 1557 saved to checkpoints/rtpp_20260403-100551/last_model_1.pth
2026-04-03 10:07:57,704 INFO src.train.trainer: Epoch 1558
2026-04-03 10:07:57,805 INFO src.train.trainer: Last model at epoch 1558 saved to checkpoints/rtpp_20260403-100551/last_model_1.pth
2026-04-03 10:07:57,805 INFO src.train.trainer: Epoch 1559
2026-04-03 10:07:57,906 INFO src.train.trainer: Last model at epoch 1559 saved to checkpoints/rtpp_20260403-100551/last_model_1.pth
2026-04-03 10:07:57,906 INFO src.train.trainer: Epoch 1560
2026-04-03 10:07:58,011 INFO src.train.trainer: Last model at epoch 1560 saved to checkpoints/rtpp_20260403-100551/last_model_1.pth
2026-04-03 10:07:58,011 INFO src.train.trainer: Epoch 1561
2026-04-03 10:07:58,110 INFO src.train.trainer: Last model at epoch 1561 saved to checkpoints/rtpp_20260403-100551/last_model_1.pth
2026-04-03 10:07:58,110 INFO src.train.trainer: Epoch 1562
2026-04-03 10:07:58,214 INFO src.train.trainer: Last model at epoch 1562 saved to checkpoints/rtpp_20260403-100551/last_model_1.pth
2026-04-03 10:07:58,214 INFO src.train.trainer: Epoch 1563
2026-04-03 10:07:58,308 INFO src.train.trainer: Last model at epoch 1563 saved to checkpoints/rtpp_20260403-100551/last_model_1.pth
2026-04-03 10:07:58,309 INFO src.train.trainer: Epoch 1564
2026-04-03 10:07:58,406 INFO src.train.trainer: Last model at epoch 1564 saved to checkpoints/rtpp_20260403-100551/last_model_1.pth
2026-04-03 10:07:58,406 INFO src.train.trainer: Epoch 1565
2026-04-03 10:07:58,501 INFO src.train.trainer: Last model at epoch 1565 saved to checkpoints/rtpp_20260403-100551/last_model_1.pth
2026-04-03 10:07:58,501 INFO src.train.trainer: Epoch 1566
2026-04-03 10:07:58,600 INFO src.train.trainer: Last model at epoch 1566 saved to checkpoints/rtpp_20260403-100551/last_model_1.pth
2026-04-03 10:07:58,600 INFO src.train.trainer: Epoch 1567
2026-04-03 10:07:58,689 INFO src.train.trainer: Last model at epoch 1567 saved to checkpoints/rtpp_20260403-100551/last_model_1.pth
2026-04-03 10:07:58,689 INFO src.train.trainer: Epoch 1568
2026-04-03 10:07:58,781 INFO src.train.trainer: Last model at epoch 1568 saved to checkpoints/rtpp_20260403-100551/last_model_1.pth
2026-04-03 10:07:58,781 INFO src.train.trainer: Epoch 1569
2026-04-03 10:07:58,902 INFO src.train.trainer: Last model at epoch 1569 saved to checkpoints/rtpp_20260403-100551/last_model_1.pth
2026-04-03 10:07:58,902 INFO src.train.trainer: Epoch 1570
2026-04-03 10:07:58,993 INFO src.train.trainer: Last model at epoch 1570 saved to checkpoints/rtpp_20260403-100551/last_model_1.pth
2026-04-03 10:07:58,993 INFO src.train.trainer: Epoch 1571
2026-04-03 10:07:59,109 INFO src.train.trainer: Last model at epoch 1571 saved to checkpoints/rtpp_20260403-100551/last_model_1.pth
2026-04-03 10:07:59,109 INFO src.train.trainer: Epoch 1572
2026-04-03 10:07:59,208 INFO src.train.trainer: Last model at epoch 1572 saved to checkpoints/rtpp_20260403-100551/last_model_1.pth
2026-04-03 10:07:59,208 INFO src.train.trainer: Epoch 1573
2026-04-03 10:07:59,308 INFO src.train.trainer: Last model at epoch 1573 saved to checkpoints/rtpp_20260403-100551/last_model_1.pth
2026-04-03 10:07:59,309 INFO src.train.trainer: Epoch 1574
2026-04-03 10:07:59,410 INFO src.train.trainer: Last model at epoch 1574 saved to checkpoints/rtpp_20260403-100551/last_model_1.pth
2026-04-03 10:07:59,410 INFO src.train.trainer: Epoch 1575
2026-04-03 10:07:59,509 INFO src.train.trainer: Last model at epoch 1575 saved to checkpoints/rtpp_20260403-100551/last_model_1.pth
2026-04-03 10:07:59,509 INFO src.train.trainer: Epoch 1576
2026-04-03 10:07:59,606 INFO src.train.trainer: Last model at epoch 1576 saved to checkpoints/rtpp_20260403-100551/last_model_1.pth
2026-04-03 10:07:59,607 INFO src.train.trainer: Epoch 1577
2026-04-03 10:07:59,703 INFO src.train.trainer: Last model at epoch 1577 saved to checkpoints/rtpp_20260403-100551/last_model_1.pth
2026-04-03 10:07:59,703 INFO src.train.trainer: Epoch 1578
2026-04-03 10:07:59,804 INFO src.train.trainer: Last model at epoch 1578 saved to checkpoints/rtpp_20260403-100551/last_model_1.pth
2026-04-03 10:07:59,804 INFO src.train.trainer: Epoch 1579
2026-04-03 10:07:59,904 INFO src.train.trainer: Last model at epoch 1579 saved to checkpoints/rtpp_20260403-100551/last_model_1.pth
2026-04-03 10:07:59,904 INFO src.train.trainer: Epoch 1580
2026-04-03 10:08:00,000 INFO src.train.trainer: Last model at epoch 1580 saved to checkpoints/rtpp_20260403-100551/last_model_1.pth
2026-04-03 10:08:00,000 INFO src.train.trainer: Epoch 1581
2026-04-03 10:08:00,108 INFO src.train.trainer: Last model at epoch 1581 saved to checkpoints/rtpp_20260403-100551/last_model_1.pth
2026-04-03 10:08:00,108 INFO src.train.trainer: Epoch 1582
2026-04-03 10:08:00,208 INFO src.train.trainer: Last model at epoch 1582 saved to checkpoints/rtpp_20260403-100551/last_model_1.pth
2026-04-03 10:08:00,208 INFO src.train.trainer: Epoch 1583
2026-04-03 10:08:00,354 INFO src.train.trainer: Last model at epoch 1583 saved to checkpoints/rtpp_20260403-100551/last_model_1.pth
2026-04-03 10:08:00,354 INFO src.train.trainer: Epoch 1584
2026-04-03 10:08:00,456 INFO src.train.trainer: Last model at epoch 1584 saved to checkpoints/rtpp_20260403-100551/last_model_1.pth
2026-04-03 10:08:00,456 INFO src.train.trainer: Epoch 1585
2026-04-03 10:08:00,566 INFO src.train.trainer: Last model at epoch 1585 saved to checkpoints/rtpp_20260403-100551/last_model_1.pth
2026-04-03 10:08:00,566 INFO src.train.trainer: Epoch 1586
2026-04-03 10:08:00,662 INFO src.train.trainer: Last model at epoch 1586 saved to checkpoints/rtpp_20260403-100551/last_model_1.pth
2026-04-03 10:08:00,662 INFO src.train.trainer: Epoch 1587
2026-04-03 10:08:00,772 INFO src.train.trainer: Last model at epoch 1587 saved to checkpoints/rtpp_20260403-100551/last_model_1.pth
2026-04-03 10:08:00,772 INFO src.train.trainer: Epoch 1588
2026-04-03 10:08:00,862 INFO src.train.trainer: Last model at epoch 1588 saved to checkpoints/rtpp_20260403-100551/last_model_1.pth
2026-04-03 10:08:00,863 INFO src.train.trainer: Epoch 1589
2026-04-03 10:08:00,971 INFO src.train.trainer: Last model at epoch 1589 saved to checkpoints/rtpp_20260403-100551/last_model_1.pth
2026-04-03 10:08:00,971 INFO src.train.trainer: Epoch 1590
2026-04-03 10:08:01,072 INFO src.train.trainer: Last model at epoch 1590 saved to checkpoints/rtpp_20260403-100551/last_model_1.pth
2026-04-03 10:08:01,072 INFO src.train.trainer: Epoch 1591
2026-04-03 10:08:01,180 INFO src.train.trainer: Last model at epoch 1591 saved to checkpoints/rtpp_20260403-100551/last_model_1.pth
2026-04-03 10:08:01,180 INFO src.train.trainer: Epoch 1592
2026-04-03 10:08:01,274 INFO src.train.trainer: Last model at epoch 1592 saved to checkpoints/rtpp_20260403-100551/last_model_1.pth
2026-04-03 10:08:01,274 INFO src.train.trainer: Epoch 1593
2026-04-03 10:08:01,377 INFO src.train.trainer: Last model at epoch 1593 saved to checkpoints/rtpp_20260403-100551/last_model_1.pth
2026-04-03 10:08:01,377 INFO src.train.trainer: Epoch 1594
2026-04-03 10:08:01,475 INFO src.train.trainer: Last model at epoch 1594 saved to checkpoints/rtpp_20260403-100551/last_model_1.pth
2026-04-03 10:08:01,475 INFO src.train.trainer: Epoch 1595
2026-04-03 10:08:01,574 INFO src.train.trainer: Last model at epoch 1595 saved to checkpoints/rtpp_20260403-100551/last_model_1.pth
2026-04-03 10:08:01,575 INFO src.train.trainer: Epoch 1596
2026-04-03 10:08:01,677 INFO src.train.trainer: Last model at epoch 1596 saved to checkpoints/rtpp_20260403-100551/last_model_1.pth
2026-04-03 10:08:01,677 INFO src.train.trainer: Epoch 1597
2026-04-03 10:08:01,766 INFO src.train.trainer: Last model at epoch 1597 saved to checkpoints/rtpp_20260403-100551/last_model_1.pth
2026-04-03 10:08:01,766 INFO src.train.trainer: Epoch 1598
2026-04-03 10:08:01,865 INFO src.train.trainer: Last model at epoch 1598 saved to checkpoints/rtpp_20260403-100551/last_model_1.pth
2026-04-03 10:08:01,865 INFO src.train.trainer: Epoch 1599
2026-04-03 10:08:01,967 INFO src.train.trainer: Last model at epoch 1599 saved to checkpoints/rtpp_20260403-100551/last_model_1.pth
2026-04-03 10:08:01,967 INFO src.train.trainer: Epoch 1600
2026-04-03 10:08:02,077 INFO src.train.trainer: Last model at epoch 1600 saved to checkpoints/rtpp_20260403-100551/last_model_1.pth
2026-04-03 10:08:02,077 INFO src.train.trainer: Epoch 1601
2026-04-03 10:08:02,180 INFO src.train.trainer: Last model at epoch 1601 saved to checkpoints/rtpp_20260403-100551/last_model_1.pth
2026-04-03 10:08:02,180 INFO src.train.trainer: Epoch 1602
2026-04-03 10:08:02,305 INFO src.train.trainer: Last model at epoch 1602 saved to checkpoints/rtpp_20260403-100551/last_model_1.pth
2026-04-03 10:08:02,305 INFO src.train.trainer: Epoch 1603
2026-04-03 10:08:02,406 INFO src.train.trainer: Last model at epoch 1603 saved to checkpoints/rtpp_20260403-100551/last_model_1.pth
2026-04-03 10:08:02,406 INFO src.train.trainer: Epoch 1604
2026-04-03 10:08:02,506 INFO src.train.trainer: Last model at epoch 1604 saved to checkpoints/rtpp_20260403-100551/last_model_1.pth
2026-04-03 10:08:02,506 INFO src.train.trainer: Epoch 1605
2026-04-03 10:08:02,602 INFO src.train.trainer: Last model at epoch 1605 saved to checkpoints/rtpp_20260403-100551/last_model_1.pth
2026-04-03 10:08:02,602 INFO src.train.trainer: Epoch 1606
2026-04-03 10:08:02,700 INFO src.train.trainer: Last model at epoch 1606 saved to checkpoints/rtpp_20260403-100551/last_model_1.pth
2026-04-03 10:08:02,700 INFO src.train.trainer: Epoch 1607
2026-04-03 10:08:02,802 INFO src.train.trainer: Last model at epoch 1607 saved to checkpoints/rtpp_20260403-100551/last_model_1.pth
2026-04-03 10:08:02,802 INFO src.train.trainer: Epoch 1608
2026-04-03 10:08:02,899 INFO src.train.trainer: Last model at epoch 1608 saved to checkpoints/rtpp_20260403-100551/last_model_1.pth
2026-04-03 10:08:02,899 INFO src.train.trainer: Epoch 1609
2026-04-03 10:08:02,997 INFO src.train.trainer: Last model at epoch 1609 saved to checkpoints/rtpp_20260403-100551/last_model_1.pth
2026-04-03 10:08:02,997 INFO src.train.trainer: Epoch 1610
2026-04-03 10:08:03,080 INFO src.train.trainer: Last model at epoch 1610 saved to checkpoints/rtpp_20260403-100551/last_model_1.pth
2026-04-03 10:08:03,080 INFO src.train.trainer: Epoch 1611
2026-04-03 10:08:03,197 INFO src.train.trainer: Last model at epoch 1611 saved to checkpoints/rtpp_20260403-100551/last_model_1.pth
2026-04-03 10:08:03,197 INFO src.train.trainer: Epoch 1612
2026-04-03 10:08:03,282 INFO src.train.trainer: Last model at epoch 1612 saved to checkpoints/rtpp_20260403-100551/last_model_1.pth
2026-04-03 10:08:03,283 INFO src.train.trainer: Epoch 1613
2026-04-03 10:08:03,382 INFO src.train.trainer: Last model at epoch 1613 saved to checkpoints/rtpp_20260403-100551/last_model_1.pth
2026-04-03 10:08:03,382 INFO src.train.trainer: Epoch 1614
2026-04-03 10:08:03,467 INFO src.train.trainer: Last model at epoch 1614 saved to checkpoints/rtpp_20260403-100551/last_model_1.pth
2026-04-03 10:08:03,468 INFO src.train.trainer: Epoch 1615
2026-04-03 10:08:03,568 INFO src.train.trainer: Last model at epoch 1615 saved to checkpoints/rtpp_20260403-100551/last_model_1.pth
2026-04-03 10:08:03,568 INFO src.train.trainer: Epoch 1616
2026-04-03 10:08:03,671 INFO src.train.trainer: Last model at epoch 1616 saved to checkpoints/rtpp_20260403-100551/last_model_1.pth
2026-04-03 10:08:03,671 INFO src.train.trainer: Epoch 1617
2026-04-03 10:08:03,761 INFO src.train.trainer: Last model at epoch 1617 saved to checkpoints/rtpp_20260403-100551/last_model_1.pth
2026-04-03 10:08:03,761 INFO src.train.trainer: Epoch 1618
2026-04-03 10:08:03,863 INFO src.train.trainer: Last model at epoch 1618 saved to checkpoints/rtpp_20260403-100551/last_model_1.pth
2026-04-03 10:08:03,863 INFO src.train.trainer: Epoch 1619
2026-04-03 10:08:03,963 INFO src.train.trainer: Last model at epoch 1619 saved to checkpoints/rtpp_20260403-100551/last_model_1.pth
2026-04-03 10:08:03,963 INFO src.train.trainer: Epoch 1620
2026-04-03 10:08:04,069 INFO src.train.trainer: Last model at epoch 1620 saved to checkpoints/rtpp_20260403-100551/last_model_1.pth
2026-04-03 10:08:04,069 INFO src.train.trainer: Epoch 1621
2026-04-03 10:08:04,166 INFO src.train.trainer: Last model at epoch 1621 saved to checkpoints/rtpp_20260403-100551/last_model_1.pth
2026-04-03 10:08:04,166 INFO src.train.trainer: Epoch 1622
2026-04-03 10:08:04,268 INFO src.train.trainer: Last model at epoch 1622 saved to checkpoints/rtpp_20260403-100551/last_model_1.pth
2026-04-03 10:08:04,268 INFO src.train.trainer: Epoch 1623
2026-04-03 10:08:04,371 INFO src.train.trainer: Last model at epoch 1623 saved to checkpoints/rtpp_20260403-100551/last_model_1.pth
2026-04-03 10:08:04,372 INFO src.train.trainer: Epoch 1624
2026-04-03 10:08:04,474 INFO src.train.trainer: Last model at epoch 1624 saved to checkpoints/rtpp_20260403-100551/last_model_1.pth
2026-04-03 10:08:04,474 INFO src.train.trainer: Epoch 1625
2026-04-03 10:08:04,578 INFO src.train.trainer: Last model at epoch 1625 saved to checkpoints/rtpp_20260403-100551/last_model_1.pth
2026-04-03 10:08:04,578 INFO src.train.trainer: Epoch 1626
2026-04-03 10:08:04,679 INFO src.train.trainer: Last model at epoch 1626 saved to checkpoints/rtpp_20260403-100551/last_model_1.pth
2026-04-03 10:08:04,680 INFO src.train.trainer: Epoch 1627
2026-04-03 10:08:04,768 INFO src.train.trainer: Last model at epoch 1627 saved to checkpoints/rtpp_20260403-100551/last_model_1.pth
2026-04-03 10:08:04,768 INFO src.train.trainer: Epoch 1628
2026-04-03 10:08:04,870 INFO src.train.trainer: Last model at epoch 1628 saved to checkpoints/rtpp_20260403-100551/last_model_1.pth
2026-04-03 10:08:04,870 INFO src.train.trainer: Epoch 1629
2026-04-03 10:08:04,970 INFO src.train.trainer: Last model at epoch 1629 saved to checkpoints/rtpp_20260403-100551/last_model_1.pth
2026-04-03 10:08:04,970 INFO src.train.trainer: Epoch 1630
2026-04-03 10:08:05,067 INFO src.train.trainer: Last model at epoch 1630 saved to checkpoints/rtpp_20260403-100551/last_model_1.pth
2026-04-03 10:08:05,067 INFO src.train.trainer: Epoch 1631
2026-04-03 10:08:05,170 INFO src.train.trainer: Last model at epoch 1631 saved to checkpoints/rtpp_20260403-100551/last_model_1.pth
2026-04-03 10:08:05,170 INFO src.train.trainer: Epoch 1632
2026-04-03 10:08:05,347 INFO src.train.trainer: Last model at epoch 1632 saved to checkpoints/rtpp_20260403-100551/last_model_1.pth
2026-04-03 10:08:05,347 INFO src.train.trainer: Epoch 1633
2026-04-03 10:08:05,436 INFO src.train.trainer: Last model at epoch 1633 saved to checkpoints/rtpp_20260403-100551/last_model_1.pth
2026-04-03 10:08:05,436 INFO src.train.trainer: Epoch 1634
2026-04-03 10:08:05,535 INFO src.train.trainer: Last model at epoch 1634 saved to checkpoints/rtpp_20260403-100551/last_model_1.pth
2026-04-03 10:08:05,535 INFO src.train.trainer: Epoch 1635
2026-04-03 10:08:05,642 INFO src.train.trainer: Last model at epoch 1635 saved to checkpoints/rtpp_20260403-100551/last_model_1.pth
2026-04-03 10:08:05,643 INFO src.train.trainer: Epoch 1636
2026-04-03 10:08:05,700 INFO src.train.trainer: Last model at epoch 1636 saved to checkpoints/rtpp_20260403-100551/last_model_1.pth
2026-04-03 10:08:05,700 INFO src.train.trainer: Epoch 1637
2026-04-03 10:08:05,756 INFO src.train.trainer: Last model at epoch 1637 saved to checkpoints/rtpp_20260403-100551/last_model_1.pth
2026-04-03 10:08:05,756 INFO src.train.trainer: Epoch 1638
2026-04-03 10:08:05,835 INFO src.train.trainer: Last model at epoch 1638 saved to checkpoints/rtpp_20260403-100551/last_model_1.pth
2026-04-03 10:08:05,835 INFO src.train.trainer: Epoch 1639
2026-04-03 10:08:05,948 INFO src.train.trainer: Last model at epoch 1639 saved to checkpoints/rtpp_20260403-100551/last_model_1.pth
2026-04-03 10:08:05,948 INFO src.train.trainer: Epoch 1640
2026-04-03 10:08:06,064 INFO src.train.trainer: Last model at epoch 1640 saved to checkpoints/rtpp_20260403-100551/last_model_1.pth
2026-04-03 10:08:06,064 INFO src.train.trainer: Epoch 1641
2026-04-03 10:08:06,172 INFO src.train.trainer: Last model at epoch 1641 saved to checkpoints/rtpp_20260403-100551/last_model_1.pth
2026-04-03 10:08:06,172 INFO src.train.trainer: Epoch 1642
2026-04-03 10:08:06,278 INFO src.train.trainer: Last model at epoch 1642 saved to checkpoints/rtpp_20260403-100551/last_model_1.pth
2026-04-03 10:08:06,278 INFO src.train.trainer: Epoch 1643
2026-04-03 10:08:06,379 INFO src.train.trainer: Last model at epoch 1643 saved to checkpoints/rtpp_20260403-100551/last_model_1.pth
2026-04-03 10:08:06,379 INFO src.train.trainer: Epoch 1644
2026-04-03 10:08:06,477 INFO src.train.trainer: Last model at epoch 1644 saved to checkpoints/rtpp_20260403-100551/last_model_1.pth
2026-04-03 10:08:06,478 INFO src.train.trainer: Epoch 1645
2026-04-03 10:08:06,581 INFO src.train.trainer: Last model at epoch 1645 saved to checkpoints/rtpp_20260403-100551/last_model_1.pth
2026-04-03 10:08:06,581 INFO src.train.trainer: Epoch 1646
2026-04-03 10:08:06,687 INFO src.train.trainer: Last model at epoch 1646 saved to checkpoints/rtpp_20260403-100551/last_model_1.pth
2026-04-03 10:08:06,687 INFO src.train.trainer: Epoch 1647
2026-04-03 10:08:06,794 INFO src.train.trainer: Last model at epoch 1647 saved to checkpoints/rtpp_20260403-100551/last_model_1.pth
2026-04-03 10:08:06,794 INFO src.train.trainer: Epoch 1648
2026-04-03 10:08:06,903 INFO src.train.trainer: Last model at epoch 1648 saved to checkpoints/rtpp_20260403-100551/last_model_1.pth
2026-04-03 10:08:06,903 INFO src.train.trainer: Epoch 1649
2026-04-03 10:08:07,007 INFO src.train.trainer: Last model at epoch 1649 saved to checkpoints/rtpp_20260403-100551/last_model_1.pth
2026-04-03 10:08:07,007 INFO src.train.trainer: Epoch 1650
2026-04-03 10:08:07,106 INFO src.train.trainer: Last model at epoch 1650 saved to checkpoints/rtpp_20260403-100551/last_model_1.pth
2026-04-03 10:08:07,106 INFO src.train.trainer: Epoch 1651
2026-04-03 10:08:07,211 INFO src.train.trainer: Last model at epoch 1651 saved to checkpoints/rtpp_20260403-100551/last_model_1.pth
2026-04-03 10:08:07,211 INFO src.train.trainer: Epoch 1652
2026-04-03 10:08:07,310 INFO src.train.trainer: Last model at epoch 1652 saved to checkpoints/rtpp_20260403-100551/last_model_1.pth
2026-04-03 10:08:07,310 INFO src.train.trainer: Epoch 1653
2026-04-03 10:08:07,415 INFO src.train.trainer: Last model at epoch 1653 saved to checkpoints/rtpp_20260403-100551/last_model_1.pth
2026-04-03 10:08:07,415 INFO src.train.trainer: Epoch 1654
2026-04-03 10:08:07,521 INFO src.train.trainer: Last model at epoch 1654 saved to checkpoints/rtpp_20260403-100551/last_model_1.pth
2026-04-03 10:08:07,521 INFO src.train.trainer: Epoch 1655
2026-04-03 10:08:07,625 INFO src.train.trainer: Last model at epoch 1655 saved to checkpoints/rtpp_20260403-100551/last_model_1.pth
2026-04-03 10:08:07,625 INFO src.train.trainer: Epoch 1656
2026-04-03 10:08:07,729 INFO src.train.trainer: Last model at epoch 1656 saved to checkpoints/rtpp_20260403-100551/last_model_1.pth
2026-04-03 10:08:07,729 INFO src.train.trainer: Epoch 1657
2026-04-03 10:08:07,833 INFO src.train.trainer: Last model at epoch 1657 saved to checkpoints/rtpp_20260403-100551/last_model_1.pth
2026-04-03 10:08:07,833 INFO src.train.trainer: Epoch 1658
2026-04-03 10:08:07,937 INFO src.train.trainer: Last model at epoch 1658 saved to checkpoints/rtpp_20260403-100551/last_model_1.pth
2026-04-03 10:08:07,937 INFO src.train.trainer: Epoch 1659
2026-04-03 10:08:08,049 INFO src.train.trainer: Last model at epoch 1659 saved to checkpoints/rtpp_20260403-100551/last_model_1.pth
2026-04-03 10:08:08,049 INFO src.train.trainer: Epoch 1660
2026-04-03 10:08:08,162 INFO src.train.trainer: Last model at epoch 1660 saved to checkpoints/rtpp_20260403-100551/last_model_1.pth
2026-04-03 10:08:08,162 INFO src.train.trainer: Epoch 1661
2026-04-03 10:08:08,269 INFO src.train.trainer: Last model at epoch 1661 saved to checkpoints/rtpp_20260403-100551/last_model_1.pth
2026-04-03 10:08:08,269 INFO src.train.trainer: Epoch 1662
2026-04-03 10:08:08,364 INFO src.train.trainer: Last model at epoch 1662 saved to checkpoints/rtpp_20260403-100551/last_model_1.pth
2026-04-03 10:08:08,364 INFO src.train.trainer: Epoch 1663
2026-04-03 10:08:08,486 INFO src.train.trainer: Last model at epoch 1663 saved to checkpoints/rtpp_20260403-100551/last_model_1.pth
2026-04-03 10:08:08,486 INFO src.train.trainer: Epoch 1664
2026-04-03 10:08:08,597 INFO src.train.trainer: Last model at epoch 1664 saved to checkpoints/rtpp_20260403-100551/last_model_1.pth
2026-04-03 10:08:08,597 INFO src.train.trainer: Epoch 1665
2026-04-03 10:08:08,706 INFO src.train.trainer: Last model at epoch 1665 saved to checkpoints/rtpp_20260403-100551/last_model_1.pth
2026-04-03 10:08:08,707 INFO src.train.trainer: Epoch 1666
2026-04-03 10:08:08,806 INFO src.train.trainer: Last model at epoch 1666 saved to checkpoints/rtpp_20260403-100551/last_model_1.pth
2026-04-03 10:08:08,806 INFO src.train.trainer: Epoch 1667
2026-04-03 10:08:08,922 INFO src.train.trainer: Last model at epoch 1667 saved to checkpoints/rtpp_20260403-100551/last_model_1.pth
2026-04-03 10:08:08,922 INFO src.train.trainer: Epoch 1668
2026-04-03 10:08:09,034 INFO src.train.trainer: Last model at epoch 1668 saved to checkpoints/rtpp_20260403-100551/last_model_1.pth
2026-04-03 10:08:09,034 INFO src.train.trainer: Epoch 1669
2026-04-03 10:08:09,145 INFO src.train.trainer: Last model at epoch 1669 saved to checkpoints/rtpp_20260403-100551/last_model_1.pth
2026-04-03 10:08:09,145 INFO src.train.trainer: Epoch 1670
2026-04-03 10:08:09,252 INFO src.train.trainer: Last model at epoch 1670 saved to checkpoints/rtpp_20260403-100551/last_model_1.pth
2026-04-03 10:08:09,252 INFO src.train.trainer: Epoch 1671
2026-04-03 10:08:09,368 INFO src.train.trainer: Last model at epoch 1671 saved to checkpoints/rtpp_20260403-100551/last_model_1.pth
2026-04-03 10:08:09,368 INFO src.train.trainer: Epoch 1672
2026-04-03 10:08:09,466 INFO src.train.trainer: Last model at epoch 1672 saved to checkpoints/rtpp_20260403-100551/last_model_1.pth
2026-04-03 10:08:09,466 INFO src.train.trainer: Epoch 1673
2026-04-03 10:08:09,593 INFO src.train.trainer: Last model at epoch 1673 saved to checkpoints/rtpp_20260403-100551/last_model_1.pth
2026-04-03 10:08:09,593 INFO src.train.trainer: Epoch 1674
2026-04-03 10:08:09,697 INFO src.train.trainer: Last model at epoch 1674 saved to checkpoints/rtpp_20260403-100551/last_model_1.pth
2026-04-03 10:08:09,697 INFO src.train.trainer: Epoch 1675
2026-04-03 10:08:09,801 INFO src.train.trainer: Last model at epoch 1675 saved to checkpoints/rtpp_20260403-100551/last_model_1.pth
2026-04-03 10:08:09,802 INFO src.train.trainer: Epoch 1676
2026-04-03 10:08:09,929 INFO src.train.trainer: Last model at epoch 1676 saved to checkpoints/rtpp_20260403-100551/last_model_1.pth
2026-04-03 10:08:09,930 INFO src.train.trainer: Epoch 1677
2026-04-03 10:08:10,042 INFO src.train.trainer: Last model at epoch 1677 saved to checkpoints/rtpp_20260403-100551/last_model_1.pth
2026-04-03 10:08:10,042 INFO src.train.trainer: Epoch 1678
2026-04-03 10:08:10,154 INFO src.train.trainer: Last model at epoch 1678 saved to checkpoints/rtpp_20260403-100551/last_model_1.pth
2026-04-03 10:08:10,154 INFO src.train.trainer: Epoch 1679
2026-04-03 10:08:10,263 INFO src.train.trainer: Last model at epoch 1679 saved to checkpoints/rtpp_20260403-100551/last_model_1.pth
2026-04-03 10:08:10,264 INFO src.train.trainer: Epoch 1680
2026-04-03 10:08:10,376 INFO src.train.trainer: Last model at epoch 1680 saved to checkpoints/rtpp_20260403-100551/last_model_1.pth
2026-04-03 10:08:10,376 INFO src.train.trainer: Epoch 1681
2026-04-03 10:08:10,488 INFO src.train.trainer: Last model at epoch 1681 saved to checkpoints/rtpp_20260403-100551/last_model_1.pth
2026-04-03 10:08:10,489 INFO src.train.trainer: Epoch 1682
2026-04-03 10:08:10,591 INFO src.train.trainer: Last model at epoch 1682 saved to checkpoints/rtpp_20260403-100551/last_model_1.pth
2026-04-03 10:08:10,591 INFO src.train.trainer: Epoch 1683
2026-04-03 10:08:10,698 INFO src.train.trainer: Last model at epoch 1683 saved to checkpoints/rtpp_20260403-100551/last_model_1.pth
2026-04-03 10:08:10,698 INFO src.train.trainer: Epoch 1684
2026-04-03 10:08:10,813 INFO src.train.trainer: Last model at epoch 1684 saved to checkpoints/rtpp_20260403-100551/last_model_1.pth
2026-04-03 10:08:10,813 INFO src.train.trainer: Epoch 1685
2026-04-03 10:08:10,929 INFO src.train.trainer: Last model at epoch 1685 saved to checkpoints/rtpp_20260403-100551/last_model_1.pth
2026-04-03 10:08:10,929 INFO src.train.trainer: Epoch 1686
2026-04-03 10:08:11,036 INFO src.train.trainer: Last model at epoch 1686 saved to checkpoints/rtpp_20260403-100551/last_model_1.pth
2026-04-03 10:08:11,037 INFO src.train.trainer: Epoch 1687
2026-04-03 10:08:11,139 INFO src.train.trainer: Last model at epoch 1687 saved to checkpoints/rtpp_20260403-100551/last_model_1.pth
2026-04-03 10:08:11,139 INFO src.train.trainer: Epoch 1688
2026-04-03 10:08:11,251 INFO src.train.trainer: Last model at epoch 1688 saved to checkpoints/rtpp_20260403-100551/last_model_1.pth
2026-04-03 10:08:11,252 INFO src.train.trainer: Epoch 1689
2026-04-03 10:08:11,371 INFO src.train.trainer: Last model at epoch 1689 saved to checkpoints/rtpp_20260403-100551/last_model_1.pth
2026-04-03 10:08:11,371 INFO src.train.trainer: Epoch 1690
2026-04-03 10:08:11,491 INFO src.train.trainer: Last model at epoch 1690 saved to checkpoints/rtpp_20260403-100551/last_model_1.pth
2026-04-03 10:08:11,491 INFO src.train.trainer: Epoch 1691
2026-04-03 10:08:11,600 INFO src.train.trainer: Last model at epoch 1691 saved to checkpoints/rtpp_20260403-100551/last_model_1.pth
2026-04-03 10:08:11,600 INFO src.train.trainer: Epoch 1692
2026-04-03 10:08:11,707 INFO src.train.trainer: Last model at epoch 1692 saved to checkpoints/rtpp_20260403-100551/last_model_1.pth
2026-04-03 10:08:11,707 INFO src.train.trainer: Epoch 1693
2026-04-03 10:08:11,811 INFO src.train.trainer: Last model at epoch 1693 saved to checkpoints/rtpp_20260403-100551/last_model_1.pth
2026-04-03 10:08:11,811 INFO src.train.trainer: Epoch 1694
2026-04-03 10:08:11,938 INFO src.train.trainer: Last model at epoch 1694 saved to checkpoints/rtpp_20260403-100551/last_model_1.pth
2026-04-03 10:08:11,938 INFO src.train.trainer: Epoch 1695
2026-04-03 10:08:12,066 INFO src.train.trainer: Last model at epoch 1695 saved to checkpoints/rtpp_20260403-100551/last_model_1.pth
2026-04-03 10:08:12,066 INFO src.train.trainer: Epoch 1696
2026-04-03 10:08:12,170 INFO src.train.trainer: Last model at epoch 1696 saved to checkpoints/rtpp_20260403-100551/last_model_1.pth
2026-04-03 10:08:12,170 INFO src.train.trainer: Epoch 1697
2026-04-03 10:08:12,277 INFO src.train.trainer: Last model at epoch 1697 saved to checkpoints/rtpp_20260403-100551/last_model_1.pth
2026-04-03 10:08:12,277 INFO src.train.trainer: Epoch 1698
2026-04-03 10:08:12,391 INFO src.train.trainer: Last model at epoch 1698 saved to checkpoints/rtpp_20260403-100551/last_model_1.pth
2026-04-03 10:08:12,391 INFO src.train.trainer: Epoch 1699
2026-04-03 10:08:12,500 INFO src.train.trainer: Last model at epoch 1699 saved to checkpoints/rtpp_20260403-100551/last_model_1.pth
2026-04-03 10:08:12,500 INFO src.train.trainer: Epoch 1700
2026-04-03 10:08:12,609 INFO src.train.trainer: Last model at epoch 1700 saved to checkpoints/rtpp_20260403-100551/last_model_1.pth
2026-04-03 10:08:12,609 INFO src.train.trainer: Epoch 1701
2026-04-03 10:08:12,731 INFO src.train.trainer: Last model at epoch 1701 saved to checkpoints/rtpp_20260403-100551/last_model_1.pth
2026-04-03 10:08:12,731 INFO src.train.trainer: Epoch 1702
2026-04-03 10:08:12,832 INFO src.train.trainer: Last model at epoch 1702 saved to checkpoints/rtpp_20260403-100551/last_model_1.pth
2026-04-03 10:08:12,833 INFO src.train.trainer: Epoch 1703
2026-04-03 10:08:12,941 INFO src.train.trainer: Last model at epoch 1703 saved to checkpoints/rtpp_20260403-100551/last_model_1.pth
2026-04-03 10:08:12,941 INFO src.train.trainer: Epoch 1704
2026-04-03 10:08:13,069 INFO src.train.trainer: Last model at epoch 1704 saved to checkpoints/rtpp_20260403-100551/last_model_1.pth
2026-04-03 10:08:13,069 INFO src.train.trainer: Epoch 1705
2026-04-03 10:08:13,173 INFO src.train.trainer: Last model at epoch 1705 saved to checkpoints/rtpp_20260403-100551/last_model_1.pth
2026-04-03 10:08:13,174 INFO src.train.trainer: Epoch 1706
2026-04-03 10:08:13,279 INFO src.train.trainer: Last model at epoch 1706 saved to checkpoints/rtpp_20260403-100551/last_model_1.pth
2026-04-03 10:08:13,279 INFO src.train.trainer: Epoch 1707
2026-04-03 10:08:13,387 INFO src.train.trainer: Last model at epoch 1707 saved to checkpoints/rtpp_20260403-100551/last_model_1.pth
2026-04-03 10:08:13,387 INFO src.train.trainer: Epoch 1708
2026-04-03 10:08:13,498 INFO src.train.trainer: Last model at epoch 1708 saved to checkpoints/rtpp_20260403-100551/last_model_1.pth
2026-04-03 10:08:13,498 INFO src.train.trainer: Epoch 1709
2026-04-03 10:08:13,608 INFO src.train.trainer: Last model at epoch 1709 saved to checkpoints/rtpp_20260403-100551/last_model_1.pth
2026-04-03 10:08:13,608 INFO src.train.trainer: Epoch 1710
2026-04-03 10:08:13,721 INFO src.train.trainer: Last model at epoch 1710 saved to checkpoints/rtpp_20260403-100551/last_model_1.pth
2026-04-03 10:08:13,721 INFO src.train.trainer: Epoch 1711
2026-04-03 10:08:13,825 INFO src.train.trainer: Last model at epoch 1711 saved to checkpoints/rtpp_20260403-100551/last_model_1.pth
2026-04-03 10:08:13,825 INFO src.train.trainer: Epoch 1712
2026-04-03 10:08:13,926 INFO src.train.trainer: Last model at epoch 1712 saved to checkpoints/rtpp_20260403-100551/last_model_1.pth
2026-04-03 10:08:13,926 INFO src.train.trainer: Epoch 1713
2026-04-03 10:08:14,036 INFO src.train.trainer: Last model at epoch 1713 saved to checkpoints/rtpp_20260403-100551/last_model_1.pth
2026-04-03 10:08:14,037 INFO src.train.trainer: Epoch 1714
2026-04-03 10:08:14,128 INFO src.train.trainer: Last model at epoch 1714 saved to checkpoints/rtpp_20260403-100551/last_model_1.pth
2026-04-03 10:08:14,129 INFO src.train.trainer: Epoch 1715
2026-04-03 10:08:14,239 INFO src.train.trainer: Last model at epoch 1715 saved to checkpoints/rtpp_20260403-100551/last_model_1.pth
2026-04-03 10:08:14,239 INFO src.train.trainer: Epoch 1716
2026-04-03 10:08:14,347 INFO src.train.trainer: Last model at epoch 1716 saved to checkpoints/rtpp_20260403-100551/last_model_1.pth
2026-04-03 10:08:14,347 INFO src.train.trainer: Epoch 1717
2026-04-03 10:08:14,467 INFO src.train.trainer: Last model at epoch 1717 saved to checkpoints/rtpp_20260403-100551/last_model_1.pth
2026-04-03 10:08:14,467 INFO src.train.trainer: Epoch 1718
2026-04-03 10:08:14,571 INFO src.train.trainer: Last model at epoch 1718 saved to checkpoints/rtpp_20260403-100551/last_model_1.pth
2026-04-03 10:08:14,571 INFO src.train.trainer: Epoch 1719
2026-04-03 10:08:14,678 INFO src.train.trainer: Last model at epoch 1719 saved to checkpoints/rtpp_20260403-100551/last_model_1.pth
2026-04-03 10:08:14,679 INFO src.train.trainer: Epoch 1720
2026-04-03 10:08:14,806 INFO src.train.trainer: Last model at epoch 1720 saved to checkpoints/rtpp_20260403-100551/last_model_1.pth
2026-04-03 10:08:14,806 INFO src.train.trainer: Epoch 1721
2026-04-03 10:08:14,908 INFO src.train.trainer: Last model at epoch 1721 saved to checkpoints/rtpp_20260403-100551/last_model_1.pth
2026-04-03 10:08:14,908 INFO src.train.trainer: Epoch 1722
2026-04-03 10:08:15,024 INFO src.train.trainer: Last model at epoch 1722 saved to checkpoints/rtpp_20260403-100551/last_model_1.pth
2026-04-03 10:08:15,024 INFO src.train.trainer: Epoch 1723
2026-04-03 10:08:15,125 INFO src.train.trainer: Last model at epoch 1723 saved to checkpoints/rtpp_20260403-100551/last_model_1.pth
2026-04-03 10:08:15,125 INFO src.train.trainer: Epoch 1724
2026-04-03 10:08:15,252 INFO src.train.trainer: Last model at epoch 1724 saved to checkpoints/rtpp_20260403-100551/last_model_1.pth
2026-04-03 10:08:15,252 INFO src.train.trainer: Epoch 1725
2026-04-03 10:08:15,382 INFO src.train.trainer: Last model at epoch 1725 saved to checkpoints/rtpp_20260403-100551/last_model_1.pth
2026-04-03 10:08:15,382 INFO src.train.trainer: Epoch 1726
2026-04-03 10:08:15,511 INFO src.train.trainer: Last model at epoch 1726 saved to checkpoints/rtpp_20260403-100551/last_model_1.pth
2026-04-03 10:08:15,511 INFO src.train.trainer: Epoch 1727
2026-04-03 10:08:15,632 INFO src.train.trainer: Last model at epoch 1727 saved to checkpoints/rtpp_20260403-100551/last_model_1.pth
2026-04-03 10:08:15,632 INFO src.train.trainer: Epoch 1728
2026-04-03 10:08:15,732 INFO src.train.trainer: Last model at epoch 1728 saved to checkpoints/rtpp_20260403-100551/last_model_1.pth
2026-04-03 10:08:15,732 INFO src.train.trainer: Epoch 1729
2026-04-03 10:08:15,840 INFO src.train.trainer: Last model at epoch 1729 saved to checkpoints/rtpp_20260403-100551/last_model_1.pth
2026-04-03 10:08:15,840 INFO src.train.trainer: Epoch 1730
2026-04-03 10:08:15,951 INFO src.train.trainer: Last model at epoch 1730 saved to checkpoints/rtpp_20260403-100551/last_model_1.pth
2026-04-03 10:08:15,951 INFO src.train.trainer: Epoch 1731
2026-04-03 10:08:16,053 INFO src.train.trainer: Last model at epoch 1731 saved to checkpoints/rtpp_20260403-100551/last_model_1.pth
2026-04-03 10:08:16,053 INFO src.train.trainer: Epoch 1732
2026-04-03 10:08:16,153 INFO src.train.trainer: Last model at epoch 1732 saved to checkpoints/rtpp_20260403-100551/last_model_1.pth
2026-04-03 10:08:16,154 INFO src.train.trainer: Epoch 1733
2026-04-03 10:08:16,263 INFO src.train.trainer: Last model at epoch 1733 saved to checkpoints/rtpp_20260403-100551/last_model_1.pth
2026-04-03 10:08:16,264 INFO src.train.trainer: Epoch 1734
2026-04-03 10:08:16,370 INFO src.train.trainer: Last model at epoch 1734 saved to checkpoints/rtpp_20260403-100551/last_model_1.pth
2026-04-03 10:08:16,370 INFO src.train.trainer: Epoch 1735
2026-04-03 10:08:16,491 INFO src.train.trainer: Last model at epoch 1735 saved to checkpoints/rtpp_20260403-100551/last_model_1.pth
2026-04-03 10:08:16,491 INFO src.train.trainer: Epoch 1736
2026-04-03 10:08:16,600 INFO src.train.trainer: Last model at epoch 1736 saved to checkpoints/rtpp_20260403-100551/last_model_1.pth
2026-04-03 10:08:16,600 INFO src.train.trainer: Epoch 1737
2026-04-03 10:08:16,720 INFO src.train.trainer: Last model at epoch 1737 saved to checkpoints/rtpp_20260403-100551/last_model_1.pth
2026-04-03 10:08:16,720 INFO src.train.trainer: Epoch 1738
2026-04-03 10:08:16,828 INFO src.train.trainer: Last model at epoch 1738 saved to checkpoints/rtpp_20260403-100551/last_model_1.pth
2026-04-03 10:08:16,828 INFO src.train.trainer: Epoch 1739
2026-04-03 10:08:16,949 INFO src.train.trainer: Last model at epoch 1739 saved to checkpoints/rtpp_20260403-100551/last_model_1.pth
2026-04-03 10:08:16,949 INFO src.train.trainer: Epoch 1740
2026-04-03 10:08:17,057 INFO src.train.trainer: Last model at epoch 1740 saved to checkpoints/rtpp_20260403-100551/last_model_1.pth
2026-04-03 10:08:17,057 INFO src.train.trainer: Epoch 1741
2026-04-03 10:08:17,162 INFO src.train.trainer: Last model at epoch 1741 saved to checkpoints/rtpp_20260403-100551/last_model_1.pth
2026-04-03 10:08:17,162 INFO src.train.trainer: Epoch 1742
2026-04-03 10:08:17,272 INFO src.train.trainer: Last model at epoch 1742 saved to checkpoints/rtpp_20260403-100551/last_model_1.pth
2026-04-03 10:08:17,272 INFO src.train.trainer: Epoch 1743
2026-04-03 10:08:17,373 INFO src.train.trainer: Last model at epoch 1743 saved to checkpoints/rtpp_20260403-100551/last_model_1.pth
2026-04-03 10:08:17,373 INFO src.train.trainer: Epoch 1744
2026-04-03 10:08:17,483 INFO src.train.trainer: Last model at epoch 1744 saved to checkpoints/rtpp_20260403-100551/last_model_1.pth
2026-04-03 10:08:17,483 INFO src.train.trainer: Epoch 1745
2026-04-03 10:08:17,591 INFO src.train.trainer: Last model at epoch 1745 saved to checkpoints/rtpp_20260403-100551/last_model_1.pth
2026-04-03 10:08:17,591 INFO src.train.trainer: Epoch 1746
2026-04-03 10:08:17,694 INFO src.train.trainer: Last model at epoch 1746 saved to checkpoints/rtpp_20260403-100551/last_model_1.pth
2026-04-03 10:08:17,694 INFO src.train.trainer: Epoch 1747
2026-04-03 10:08:17,799 INFO src.train.trainer: Last model at epoch 1747 saved to checkpoints/rtpp_20260403-100551/last_model_1.pth
2026-04-03 10:08:17,799 INFO src.train.trainer: Epoch 1748
2026-04-03 10:08:17,901 INFO src.train.trainer: Last model at epoch 1748 saved to checkpoints/rtpp_20260403-100551/last_model_1.pth
2026-04-03 10:08:17,902 INFO src.train.trainer: Epoch 1749
2026-04-03 10:08:18,004 INFO src.train.trainer: Last model at epoch 1749 saved to checkpoints/rtpp_20260403-100551/last_model_1.pth
2026-04-03 10:08:18,004 INFO src.train.trainer: Epoch 1750
2026-04-03 10:08:18,110 INFO src.train.trainer: Last model at epoch 1750 saved to checkpoints/rtpp_20260403-100551/last_model_1.pth
2026-04-03 10:08:18,110 INFO src.train.trainer: Epoch 1751
2026-04-03 10:08:18,215 INFO src.train.trainer: Last model at epoch 1751 saved to checkpoints/rtpp_20260403-100551/last_model_1.pth
2026-04-03 10:08:18,215 INFO src.train.trainer: Epoch 1752
2026-04-03 10:08:18,317 INFO src.train.trainer: Last model at epoch 1752 saved to checkpoints/rtpp_20260403-100551/last_model_1.pth
2026-04-03 10:08:18,317 INFO src.train.trainer: Epoch 1753
2026-04-03 10:08:18,435 INFO src.train.trainer: Last model at epoch 1753 saved to checkpoints/rtpp_20260403-100551/last_model_1.pth
2026-04-03 10:08:18,435 INFO src.train.trainer: Epoch 1754
2026-04-03 10:08:18,544 INFO src.train.trainer: Last model at epoch 1754 saved to checkpoints/rtpp_20260403-100551/last_model_1.pth
2026-04-03 10:08:18,544 INFO src.train.trainer: Epoch 1755
2026-04-03 10:08:18,630 INFO src.train.trainer: Last model at epoch 1755 saved to checkpoints/rtpp_20260403-100551/last_model_1.pth
2026-04-03 10:08:18,630 INFO src.train.trainer: Epoch 1756
2026-04-03 10:08:18,740 INFO src.train.trainer: Last model at epoch 1756 saved to checkpoints/rtpp_20260403-100551/last_model_1.pth
2026-04-03 10:08:18,741 INFO src.train.trainer: Epoch 1757
2026-04-03 10:08:18,848 INFO src.train.trainer: Last model at epoch 1757 saved to checkpoints/rtpp_20260403-100551/last_model_1.pth
2026-04-03 10:08:18,849 INFO src.train.trainer: Epoch 1758
2026-04-03 10:08:18,944 INFO src.train.trainer: Last model at epoch 1758 saved to checkpoints/rtpp_20260403-100551/last_model_1.pth
2026-04-03 10:08:18,944 INFO src.train.trainer: Epoch 1759
2026-04-03 10:08:19,054 INFO src.train.trainer: Last model at epoch 1759 saved to checkpoints/rtpp_20260403-100551/last_model_1.pth
2026-04-03 10:08:19,054 INFO src.train.trainer: Epoch 1760
2026-04-03 10:08:19,168 INFO src.train.trainer: Last model at epoch 1760 saved to checkpoints/rtpp_20260403-100551/last_model_1.pth
2026-04-03 10:08:19,168 INFO src.train.trainer: Epoch 1761
2026-04-03 10:08:19,266 INFO src.train.trainer: Last model at epoch 1761 saved to checkpoints/rtpp_20260403-100551/last_model_1.pth
2026-04-03 10:08:19,267 INFO src.train.trainer: Epoch 1762
2026-04-03 10:08:19,362 INFO src.train.trainer: Last model at epoch 1762 saved to checkpoints/rtpp_20260403-100551/last_model_1.pth
2026-04-03 10:08:19,362 INFO src.train.trainer: Epoch 1763
2026-04-03 10:08:19,457 INFO src.train.trainer: Last model at epoch 1763 saved to checkpoints/rtpp_20260403-100551/last_model_1.pth
2026-04-03 10:08:19,457 INFO src.train.trainer: Epoch 1764
2026-04-03 10:08:19,567 INFO src.train.trainer: Last model at epoch 1764 saved to checkpoints/rtpp_20260403-100551/last_model_1.pth
2026-04-03 10:08:19,567 INFO src.train.trainer: Epoch 1765
2026-04-03 10:08:19,679 INFO src.train.trainer: Last model at epoch 1765 saved to checkpoints/rtpp_20260403-100551/last_model_1.pth
2026-04-03 10:08:19,679 INFO src.train.trainer: Epoch 1766
2026-04-03 10:08:19,780 INFO src.train.trainer: Last model at epoch 1766 saved to checkpoints/rtpp_20260403-100551/last_model_1.pth
2026-04-03 10:08:19,780 INFO src.train.trainer: Epoch 1767
2026-04-03 10:08:19,889 INFO src.train.trainer: Last model at epoch 1767 saved to checkpoints/rtpp_20260403-100551/last_model_1.pth
2026-04-03 10:08:19,890 INFO src.train.trainer: Epoch 1768
2026-04-03 10:08:20,011 INFO src.train.trainer: Last model at epoch 1768 saved to checkpoints/rtpp_20260403-100551/last_model_1.pth
2026-04-03 10:08:20,011 INFO src.train.trainer: Epoch 1769
2026-04-03 10:08:20,115 INFO src.train.trainer: Last model at epoch 1769 saved to checkpoints/rtpp_20260403-100551/last_model_1.pth
2026-04-03 10:08:20,115 INFO src.train.trainer: Epoch 1770
2026-04-03 10:08:20,220 INFO src.train.trainer: Last model at epoch 1770 saved to checkpoints/rtpp_20260403-100551/last_model_1.pth
2026-04-03 10:08:20,220 INFO src.train.trainer: Epoch 1771
2026-04-03 10:08:20,430 INFO src.train.trainer: Last model at epoch 1771 saved to checkpoints/rtpp_20260403-100551/last_model_1.pth
2026-04-03 10:08:20,431 INFO src.train.trainer: Epoch 1772
2026-04-03 10:08:20,546 INFO src.train.trainer: Last model at epoch 1772 saved to checkpoints/rtpp_20260403-100551/last_model_1.pth
2026-04-03 10:08:20,547 INFO src.train.trainer: Epoch 1773
2026-04-03 10:08:20,667 INFO src.train.trainer: Last model at epoch 1773 saved to checkpoints/rtpp_20260403-100551/last_model_1.pth
2026-04-03 10:08:20,667 INFO src.train.trainer: Epoch 1774
2026-04-03 10:08:20,772 INFO src.train.trainer: Last model at epoch 1774 saved to checkpoints/rtpp_20260403-100551/last_model_1.pth
2026-04-03 10:08:20,772 INFO src.train.trainer: Epoch 1775
2026-04-03 10:08:20,882 INFO src.train.trainer: Last model at epoch 1775 saved to checkpoints/rtpp_20260403-100551/last_model_1.pth
2026-04-03 10:08:20,882 INFO src.train.trainer: Epoch 1776
2026-04-03 10:08:20,986 INFO src.train.trainer: Last model at epoch 1776 saved to checkpoints/rtpp_20260403-100551/last_model_1.pth
2026-04-03 10:08:20,986 INFO src.train.trainer: Epoch 1777
2026-04-03 10:08:21,089 INFO src.train.trainer: Last model at epoch 1777 saved to checkpoints/rtpp_20260403-100551/last_model_1.pth
2026-04-03 10:08:21,089 INFO src.train.trainer: Epoch 1778
2026-04-03 10:08:21,187 INFO src.train.trainer: Last model at epoch 1778 saved to checkpoints/rtpp_20260403-100551/last_model_1.pth
2026-04-03 10:08:21,187 INFO src.train.trainer: Epoch 1779
2026-04-03 10:08:21,296 INFO src.train.trainer: Last model at epoch 1779 saved to checkpoints/rtpp_20260403-100551/last_model_1.pth
2026-04-03 10:08:21,296 INFO src.train.trainer: Epoch 1780
2026-04-03 10:08:21,399 INFO src.train.trainer: Last model at epoch 1780 saved to checkpoints/rtpp_20260403-100551/last_model_1.pth
2026-04-03 10:08:21,399 INFO src.train.trainer: Epoch 1781
2026-04-03 10:08:21,519 INFO src.train.trainer: Last model at epoch 1781 saved to checkpoints/rtpp_20260403-100551/last_model_1.pth
2026-04-03 10:08:21,520 INFO src.train.trainer: Epoch 1782
2026-04-03 10:08:21,643 INFO src.train.trainer: Last model at epoch 1782 saved to checkpoints/rtpp_20260403-100551/last_model_1.pth
2026-04-03 10:08:21,643 INFO src.train.trainer: Epoch 1783
2026-04-03 10:08:21,751 INFO src.train.trainer: Last model at epoch 1783 saved to checkpoints/rtpp_20260403-100551/last_model_1.pth
2026-04-03 10:08:21,751 INFO src.train.trainer: Epoch 1784
2026-04-03 10:08:21,861 INFO src.train.trainer: Last model at epoch 1784 saved to checkpoints/rtpp_20260403-100551/last_model_1.pth
2026-04-03 10:08:21,861 INFO src.train.trainer: Epoch 1785
2026-04-03 10:08:21,970 INFO src.train.trainer: Last model at epoch 1785 saved to checkpoints/rtpp_20260403-100551/last_model_1.pth
2026-04-03 10:08:21,970 INFO src.train.trainer: Epoch 1786
2026-04-03 10:08:22,072 INFO src.train.trainer: Last model at epoch 1786 saved to checkpoints/rtpp_20260403-100551/last_model_1.pth
2026-04-03 10:08:22,072 INFO src.train.trainer: Epoch 1787
2026-04-03 10:08:22,181 INFO src.train.trainer: Last model at epoch 1787 saved to checkpoints/rtpp_20260403-100551/last_model_1.pth
2026-04-03 10:08:22,181 INFO src.train.trainer: Epoch 1788
2026-04-03 10:08:22,291 INFO src.train.trainer: Last model at epoch 1788 saved to checkpoints/rtpp_20260403-100551/last_model_1.pth
2026-04-03 10:08:22,291 INFO src.train.trainer: Epoch 1789
2026-04-03 10:08:22,395 INFO src.train.trainer: Last model at epoch 1789 saved to checkpoints/rtpp_20260403-100551/last_model_1.pth
2026-04-03 10:08:22,395 INFO src.train.trainer: Epoch 1790
2026-04-03 10:08:22,497 INFO src.train.trainer: Last model at epoch 1790 saved to checkpoints/rtpp_20260403-100551/last_model_1.pth
2026-04-03 10:08:22,497 INFO src.train.trainer: Epoch 1791
2026-04-03 10:08:22,600 INFO src.train.trainer: Last model at epoch 1791 saved to checkpoints/rtpp_20260403-100551/last_model_1.pth
2026-04-03 10:08:22,600 INFO src.train.trainer: Epoch 1792
2026-04-03 10:08:22,699 INFO src.train.trainer: Last model at epoch 1792 saved to checkpoints/rtpp_20260403-100551/last_model_1.pth
2026-04-03 10:08:22,699 INFO src.train.trainer: Epoch 1793
2026-04-03 10:08:22,804 INFO src.train.trainer: Last model at epoch 1793 saved to checkpoints/rtpp_20260403-100551/last_model_1.pth
2026-04-03 10:08:22,804 INFO src.train.trainer: Epoch 1794
2026-04-03 10:08:22,909 INFO src.train.trainer: Last model at epoch 1794 saved to checkpoints/rtpp_20260403-100551/last_model_1.pth
2026-04-03 10:08:22,909 INFO src.train.trainer: Epoch 1795
2026-04-03 10:08:23,017 INFO src.train.trainer: Last model at epoch 1795 saved to checkpoints/rtpp_20260403-100551/last_model_1.pth
2026-04-03 10:08:23,017 INFO src.train.trainer: Epoch 1796
2026-04-03 10:08:23,125 INFO src.train.trainer: Last model at epoch 1796 saved to checkpoints/rtpp_20260403-100551/last_model_1.pth
2026-04-03 10:08:23,125 INFO src.train.trainer: Epoch 1797
2026-04-03 10:08:23,230 INFO src.train.trainer: Last model at epoch 1797 saved to checkpoints/rtpp_20260403-100551/last_model_1.pth
2026-04-03 10:08:23,230 INFO src.train.trainer: Epoch 1798
2026-04-03 10:08:23,339 INFO src.train.trainer: Last model at epoch 1798 saved to checkpoints/rtpp_20260403-100551/last_model_1.pth
2026-04-03 10:08:23,339 INFO src.train.trainer: Epoch 1799
2026-04-03 10:08:23,441 INFO src.train.trainer: Last model at epoch 1799 saved to checkpoints/rtpp_20260403-100551/last_model_1.pth
2026-04-03 10:08:23,442 INFO src.train.trainer: Epoch 1800
2026-04-03 10:08:23,549 INFO src.train.trainer: Last model at epoch 1800 saved to checkpoints/rtpp_20260403-100551/last_model_1.pth
2026-04-03 10:08:23,549 INFO src.train.trainer: Epoch 1801
2026-04-03 10:08:23,650 INFO src.train.trainer: Last model at epoch 1801 saved to checkpoints/rtpp_20260403-100551/last_model_1.pth
2026-04-03 10:08:23,650 INFO src.train.trainer: Epoch 1802
2026-04-03 10:08:23,753 INFO src.train.trainer: Last model at epoch 1802 saved to checkpoints/rtpp_20260403-100551/last_model_1.pth
2026-04-03 10:08:23,753 INFO src.train.trainer: Epoch 1803
2026-04-03 10:08:23,859 INFO src.train.trainer: Last model at epoch 1803 saved to checkpoints/rtpp_20260403-100551/last_model_1.pth
2026-04-03 10:08:23,860 INFO src.train.trainer: Epoch 1804
2026-04-03 10:08:23,960 INFO src.train.trainer: Last model at epoch 1804 saved to checkpoints/rtpp_20260403-100551/last_model_1.pth
2026-04-03 10:08:23,960 INFO src.train.trainer: Epoch 1805
2026-04-03 10:08:24,065 INFO src.train.trainer: Last model at epoch 1805 saved to checkpoints/rtpp_20260403-100551/last_model_1.pth
2026-04-03 10:08:24,065 INFO src.train.trainer: Epoch 1806
2026-04-03 10:08:24,169 INFO src.train.trainer: Last model at epoch 1806 saved to checkpoints/rtpp_20260403-100551/last_model_1.pth
2026-04-03 10:08:24,169 INFO src.train.trainer: Epoch 1807
2026-04-03 10:08:24,274 INFO src.train.trainer: Last model at epoch 1807 saved to checkpoints/rtpp_20260403-100551/last_model_1.pth
2026-04-03 10:08:24,274 INFO src.train.trainer: Epoch 1808
2026-04-03 10:08:24,382 INFO src.train.trainer: Last model at epoch 1808 saved to checkpoints/rtpp_20260403-100551/last_model_1.pth
2026-04-03 10:08:24,382 INFO src.train.trainer: Epoch 1809
2026-04-03 10:08:24,484 INFO src.train.trainer: Last model at epoch 1809 saved to checkpoints/rtpp_20260403-100551/last_model_1.pth
2026-04-03 10:08:24,484 INFO src.train.trainer: Epoch 1810
2026-04-03 10:08:24,590 INFO src.train.trainer: Last model at epoch 1810 saved to checkpoints/rtpp_20260403-100551/last_model_1.pth
2026-04-03 10:08:24,590 INFO src.train.trainer: Epoch 1811
2026-04-03 10:08:24,698 INFO src.train.trainer: Last model at epoch 1811 saved to checkpoints/rtpp_20260403-100551/last_model_1.pth
2026-04-03 10:08:24,699 INFO src.train.trainer: Epoch 1812
2026-04-03 10:08:24,801 INFO src.train.trainer: Last model at epoch 1812 saved to checkpoints/rtpp_20260403-100551/last_model_1.pth
2026-04-03 10:08:24,801 INFO src.train.trainer: Epoch 1813
2026-04-03 10:08:24,909 INFO src.train.trainer: Last model at epoch 1813 saved to checkpoints/rtpp_20260403-100551/last_model_1.pth
2026-04-03 10:08:24,909 INFO src.train.trainer: Epoch 1814
2026-04-03 10:08:25,014 INFO src.train.trainer: Last model at epoch 1814 saved to checkpoints/rtpp_20260403-100551/last_model_1.pth
2026-04-03 10:08:25,014 INFO src.train.trainer: Epoch 1815
2026-04-03 10:08:25,123 INFO src.train.trainer: Last model at epoch 1815 saved to checkpoints/rtpp_20260403-100551/last_model_1.pth
2026-04-03 10:08:25,123 INFO src.train.trainer: Epoch 1816
2026-04-03 10:08:25,222 INFO src.train.trainer: Last model at epoch 1816 saved to checkpoints/rtpp_20260403-100551/last_model_1.pth
2026-04-03 10:08:25,222 INFO src.train.trainer: Epoch 1817
2026-04-03 10:08:25,410 INFO src.train.trainer: Last model at epoch 1817 saved to checkpoints/rtpp_20260403-100551/last_model_1.pth
2026-04-03 10:08:25,410 INFO src.train.trainer: Epoch 1818
2026-04-03 10:08:25,521 INFO src.train.trainer: Last model at epoch 1818 saved to checkpoints/rtpp_20260403-100551/last_model_1.pth
2026-04-03 10:08:25,521 INFO src.train.trainer: Epoch 1819
2026-04-03 10:08:25,633 INFO src.train.trainer: Last model at epoch 1819 saved to checkpoints/rtpp_20260403-100551/last_model_1.pth
2026-04-03 10:08:25,633 INFO src.train.trainer: Epoch 1820
2026-04-03 10:08:25,745 INFO src.train.trainer: Last model at epoch 1820 saved to checkpoints/rtpp_20260403-100551/last_model_1.pth
2026-04-03 10:08:25,745 INFO src.train.trainer: Epoch 1821
2026-04-03 10:08:25,851 INFO src.train.trainer: Last model at epoch 1821 saved to checkpoints/rtpp_20260403-100551/last_model_1.pth
2026-04-03 10:08:25,851 INFO src.train.trainer: Epoch 1822
2026-04-03 10:08:25,958 INFO src.train.trainer: Last model at epoch 1822 saved to checkpoints/rtpp_20260403-100551/last_model_1.pth
2026-04-03 10:08:25,958 INFO src.train.trainer: Epoch 1823
2026-04-03 10:08:26,064 INFO src.train.trainer: Last model at epoch 1823 saved to checkpoints/rtpp_20260403-100551/last_model_1.pth
2026-04-03 10:08:26,064 INFO src.train.trainer: Epoch 1824
2026-04-03 10:08:26,174 INFO src.train.trainer: Last model at epoch 1824 saved to checkpoints/rtpp_20260403-100551/last_model_1.pth
2026-04-03 10:08:26,174 INFO src.train.trainer: Epoch 1825
2026-04-03 10:08:26,281 INFO src.train.trainer: Last model at epoch 1825 saved to checkpoints/rtpp_20260403-100551/last_model_1.pth
2026-04-03 10:08:26,281 INFO src.train.trainer: Epoch 1826
2026-04-03 10:08:26,387 INFO src.train.trainer: Last model at epoch 1826 saved to checkpoints/rtpp_20260403-100551/last_model_1.pth
2026-04-03 10:08:26,387 INFO src.train.trainer: Epoch 1827
2026-04-03 10:08:26,493 INFO src.train.trainer: Last model at epoch 1827 saved to checkpoints/rtpp_20260403-100551/last_model_1.pth
2026-04-03 10:08:26,493 INFO src.train.trainer: Epoch 1828
2026-04-03 10:08:26,613 INFO src.train.trainer: Last model at epoch 1828 saved to checkpoints/rtpp_20260403-100551/last_model_1.pth
2026-04-03 10:08:26,613 INFO src.train.trainer: Epoch 1829
2026-04-03 10:08:26,724 INFO src.train.trainer: Last model at epoch 1829 saved to checkpoints/rtpp_20260403-100551/last_model_1.pth
2026-04-03 10:08:26,724 INFO src.train.trainer: Epoch 1830
2026-04-03 10:08:26,830 INFO src.train.trainer: Last model at epoch 1830 saved to checkpoints/rtpp_20260403-100551/last_model_1.pth
2026-04-03 10:08:26,830 INFO src.train.trainer: Epoch 1831
2026-04-03 10:08:26,947 INFO src.train.trainer: Last model at epoch 1831 saved to checkpoints/rtpp_20260403-100551/last_model_1.pth
2026-04-03 10:08:26,947 INFO src.train.trainer: Epoch 1832
2026-04-03 10:08:27,054 INFO src.train.trainer: Last model at epoch 1832 saved to checkpoints/rtpp_20260403-100551/last_model_1.pth
2026-04-03 10:08:27,054 INFO src.train.trainer: Epoch 1833
2026-04-03 10:08:27,166 INFO src.train.trainer: Last model at epoch 1833 saved to checkpoints/rtpp_20260403-100551/last_model_1.pth
2026-04-03 10:08:27,167 INFO src.train.trainer: Epoch 1834
2026-04-03 10:08:27,267 INFO src.train.trainer: Last model at epoch 1834 saved to checkpoints/rtpp_20260403-100551/last_model_1.pth
2026-04-03 10:08:27,267 INFO src.train.trainer: Epoch 1835
2026-04-03 10:08:27,365 INFO src.train.trainer: Last model at epoch 1835 saved to checkpoints/rtpp_20260403-100551/last_model_1.pth
2026-04-03 10:08:27,366 INFO src.train.trainer: Epoch 1836
2026-04-03 10:08:27,478 INFO src.train.trainer: Last model at epoch 1836 saved to checkpoints/rtpp_20260403-100551/last_model_1.pth
2026-04-03 10:08:27,479 INFO src.train.trainer: Epoch 1837
2026-04-03 10:08:27,583 INFO src.train.trainer: Last model at epoch 1837 saved to checkpoints/rtpp_20260403-100551/last_model_1.pth
2026-04-03 10:08:27,584 INFO src.train.trainer: Epoch 1838
2026-04-03 10:08:27,682 INFO src.train.trainer: Last model at epoch 1838 saved to checkpoints/rtpp_20260403-100551/last_model_1.pth
2026-04-03 10:08:27,683 INFO src.train.trainer: Epoch 1839
2026-04-03 10:08:27,797 INFO src.train.trainer: Last model at epoch 1839 saved to checkpoints/rtpp_20260403-100551/last_model_1.pth
2026-04-03 10:08:27,797 INFO src.train.trainer: Epoch 1840
2026-04-03 10:08:27,910 INFO src.train.trainer: Last model at epoch 1840 saved to checkpoints/rtpp_20260403-100551/last_model_1.pth
2026-04-03 10:08:27,910 INFO src.train.trainer: Epoch 1841
2026-04-03 10:08:28,027 INFO src.train.trainer: Last model at epoch 1841 saved to checkpoints/rtpp_20260403-100551/last_model_1.pth
2026-04-03 10:08:28,028 INFO src.train.trainer: Epoch 1842
2026-04-03 10:08:28,134 INFO src.train.trainer: Last model at epoch 1842 saved to checkpoints/rtpp_20260403-100551/last_model_1.pth
2026-04-03 10:08:28,134 INFO src.train.trainer: Epoch 1843
2026-04-03 10:08:28,242 INFO src.train.trainer: Last model at epoch 1843 saved to checkpoints/rtpp_20260403-100551/last_model_1.pth
2026-04-03 10:08:28,242 INFO src.train.trainer: Epoch 1844
2026-04-03 10:08:28,347 INFO src.train.trainer: Last model at epoch 1844 saved to checkpoints/rtpp_20260403-100551/last_model_1.pth
2026-04-03 10:08:28,347 INFO src.train.trainer: Epoch 1845
2026-04-03 10:08:28,463 INFO src.train.trainer: Last model at epoch 1845 saved to checkpoints/rtpp_20260403-100551/last_model_1.pth
2026-04-03 10:08:28,463 INFO src.train.trainer: Epoch 1846
2026-04-03 10:08:28,563 INFO src.train.trainer: Last model at epoch 1846 saved to checkpoints/rtpp_20260403-100551/last_model_1.pth
2026-04-03 10:08:28,563 INFO src.train.trainer: Epoch 1847
2026-04-03 10:08:28,670 INFO src.train.trainer: Last model at epoch 1847 saved to checkpoints/rtpp_20260403-100551/last_model_1.pth
2026-04-03 10:08:28,670 INFO src.train.trainer: Epoch 1848
2026-04-03 10:08:28,773 INFO src.train.trainer: Last model at epoch 1848 saved to checkpoints/rtpp_20260403-100551/last_model_1.pth
2026-04-03 10:08:28,773 INFO src.train.trainer: Epoch 1849
2026-04-03 10:08:28,878 INFO src.train.trainer: Last model at epoch 1849 saved to checkpoints/rtpp_20260403-100551/last_model_1.pth
2026-04-03 10:08:28,878 INFO src.train.trainer: Epoch 1850
2026-04-03 10:08:28,983 INFO src.train.trainer: Last model at epoch 1850 saved to checkpoints/rtpp_20260403-100551/last_model_1.pth
2026-04-03 10:08:28,983 INFO src.train.trainer: Epoch 1851
2026-04-03 10:08:29,090 INFO src.train.trainer: Last model at epoch 1851 saved to checkpoints/rtpp_20260403-100551/last_model_1.pth
2026-04-03 10:08:29,090 INFO src.train.trainer: Epoch 1852
2026-04-03 10:08:29,195 INFO src.train.trainer: Last model at epoch 1852 saved to checkpoints/rtpp_20260403-100551/last_model_1.pth
2026-04-03 10:08:29,195 INFO src.train.trainer: Epoch 1853
2026-04-03 10:08:29,308 INFO src.train.trainer: Last model at epoch 1853 saved to checkpoints/rtpp_20260403-100551/last_model_1.pth
2026-04-03 10:08:29,308 INFO src.train.trainer: Epoch 1854
2026-04-03 10:08:29,434 INFO src.train.trainer: Last model at epoch 1854 saved to checkpoints/rtpp_20260403-100551/last_model_1.pth
2026-04-03 10:08:29,434 INFO src.train.trainer: Epoch 1855
2026-04-03 10:08:29,552 INFO src.train.trainer: Last model at epoch 1855 saved to checkpoints/rtpp_20260403-100551/last_model_1.pth
2026-04-03 10:08:29,552 INFO src.train.trainer: Epoch 1856
2026-04-03 10:08:29,656 INFO src.train.trainer: Last model at epoch 1856 saved to checkpoints/rtpp_20260403-100551/last_model_1.pth
2026-04-03 10:08:29,656 INFO src.train.trainer: Epoch 1857
2026-04-03 10:08:29,781 INFO src.train.trainer: Last model at epoch 1857 saved to checkpoints/rtpp_20260403-100551/last_model_1.pth
2026-04-03 10:08:29,781 INFO src.train.trainer: Epoch 1858
2026-04-03 10:08:29,888 INFO src.train.trainer: Last model at epoch 1858 saved to checkpoints/rtpp_20260403-100551/last_model_1.pth
2026-04-03 10:08:29,888 INFO src.train.trainer: Epoch 1859
2026-04-03 10:08:30,001 INFO src.train.trainer: Last model at epoch 1859 saved to checkpoints/rtpp_20260403-100551/last_model_1.pth
2026-04-03 10:08:30,001 INFO src.train.trainer: Epoch 1860
2026-04-03 10:08:30,102 INFO src.train.trainer: Last model at epoch 1860 saved to checkpoints/rtpp_20260403-100551/last_model_1.pth
2026-04-03 10:08:30,102 INFO src.train.trainer: Epoch 1861
2026-04-03 10:08:30,205 INFO src.train.trainer: Last model at epoch 1861 saved to checkpoints/rtpp_20260403-100551/last_model_1.pth
2026-04-03 10:08:30,205 INFO src.train.trainer: Epoch 1862
2026-04-03 10:08:30,488 INFO src.train.trainer: Last model at epoch 1862 saved to checkpoints/rtpp_20260403-100551/last_model_1.pth
2026-04-03 10:08:30,489 INFO src.train.trainer: Epoch 1863
2026-04-03 10:08:30,602 INFO src.train.trainer: Last model at epoch 1863 saved to checkpoints/rtpp_20260403-100551/last_model_1.pth
2026-04-03 10:08:30,602 INFO src.train.trainer: Epoch 1864
2026-04-03 10:08:30,716 INFO src.train.trainer: Last model at epoch 1864 saved to checkpoints/rtpp_20260403-100551/last_model_1.pth
2026-04-03 10:08:30,717 INFO src.train.trainer: Epoch 1865
2026-04-03 10:08:30,836 INFO src.train.trainer: Last model at epoch 1865 saved to checkpoints/rtpp_20260403-100551/last_model_1.pth
2026-04-03 10:08:30,837 INFO src.train.trainer: Epoch 1866
2026-04-03 10:08:30,937 INFO src.train.trainer: Last model at epoch 1866 saved to checkpoints/rtpp_20260403-100551/last_model_1.pth
2026-04-03 10:08:30,938 INFO src.train.trainer: Epoch 1867
2026-04-03 10:08:31,048 INFO src.train.trainer: Last model at epoch 1867 saved to checkpoints/rtpp_20260403-100551/last_model_1.pth
2026-04-03 10:08:31,048 INFO src.train.trainer: Epoch 1868
2026-04-03 10:08:31,161 INFO src.train.trainer: Last model at epoch 1868 saved to checkpoints/rtpp_20260403-100551/last_model_1.pth
2026-04-03 10:08:31,161 INFO src.train.trainer: Epoch 1869
2026-04-03 10:08:31,264 INFO src.train.trainer: Last model at epoch 1869 saved to checkpoints/rtpp_20260403-100551/last_model_1.pth
2026-04-03 10:08:31,264 INFO src.train.trainer: Epoch 1870
2026-04-03 10:08:31,381 INFO src.train.trainer: Last model at epoch 1870 saved to checkpoints/rtpp_20260403-100551/last_model_1.pth
2026-04-03 10:08:31,381 INFO src.train.trainer: Epoch 1871
2026-04-03 10:08:31,484 INFO src.train.trainer: Last model at epoch 1871 saved to checkpoints/rtpp_20260403-100551/last_model_1.pth
2026-04-03 10:08:31,484 INFO src.train.trainer: Epoch 1872
2026-04-03 10:08:31,590 INFO src.train.trainer: Last model at epoch 1872 saved to checkpoints/rtpp_20260403-100551/last_model_1.pth
2026-04-03 10:08:31,590 INFO src.train.trainer: Epoch 1873
2026-04-03 10:08:31,695 INFO src.train.trainer: Last model at epoch 1873 saved to checkpoints/rtpp_20260403-100551/last_model_1.pth
2026-04-03 10:08:31,695 INFO src.train.trainer: Epoch 1874
2026-04-03 10:08:31,800 INFO src.train.trainer: Last model at epoch 1874 saved to checkpoints/rtpp_20260403-100551/last_model_1.pth
2026-04-03 10:08:31,800 INFO src.train.trainer: Epoch 1875
2026-04-03 10:08:31,907 INFO src.train.trainer: Last model at epoch 1875 saved to checkpoints/rtpp_20260403-100551/last_model_1.pth
2026-04-03 10:08:31,907 INFO src.train.trainer: Epoch 1876
2026-04-03 10:08:32,012 INFO src.train.trainer: Last model at epoch 1876 saved to checkpoints/rtpp_20260403-100551/last_model_1.pth
2026-04-03 10:08:32,012 INFO src.train.trainer: Epoch 1877
2026-04-03 10:08:32,118 INFO src.train.trainer: Last model at epoch 1877 saved to checkpoints/rtpp_20260403-100551/last_model_1.pth
2026-04-03 10:08:32,118 INFO src.train.trainer: Epoch 1878
2026-04-03 10:08:32,224 INFO src.train.trainer: Last model at epoch 1878 saved to checkpoints/rtpp_20260403-100551/last_model_1.pth
2026-04-03 10:08:32,224 INFO src.train.trainer: Epoch 1879
2026-04-03 10:08:32,334 INFO src.train.trainer: Last model at epoch 1879 saved to checkpoints/rtpp_20260403-100551/last_model_1.pth
2026-04-03 10:08:32,334 INFO src.train.trainer: Epoch 1880
2026-04-03 10:08:32,440 INFO src.train.trainer: Last model at epoch 1880 saved to checkpoints/rtpp_20260403-100551/last_model_1.pth
2026-04-03 10:08:32,440 INFO src.train.trainer: Epoch 1881
2026-04-03 10:08:32,555 INFO src.train.trainer: Last model at epoch 1881 saved to checkpoints/rtpp_20260403-100551/last_model_1.pth
2026-04-03 10:08:32,555 INFO src.train.trainer: Epoch 1882
2026-04-03 10:08:32,658 INFO src.train.trainer: Last model at epoch 1882 saved to checkpoints/rtpp_20260403-100551/last_model_1.pth
2026-04-03 10:08:32,659 INFO src.train.trainer: Epoch 1883
2026-04-03 10:08:32,781 INFO src.train.trainer: Last model at epoch 1883 saved to checkpoints/rtpp_20260403-100551/last_model_1.pth
2026-04-03 10:08:32,781 INFO src.train.trainer: Epoch 1884
2026-04-03 10:08:32,902 INFO src.train.trainer: Last model at epoch 1884 saved to checkpoints/rtpp_20260403-100551/last_model_1.pth
2026-04-03 10:08:32,902 INFO src.train.trainer: Epoch 1885
2026-04-03 10:08:33,009 INFO src.train.trainer: Last model at epoch 1885 saved to checkpoints/rtpp_20260403-100551/last_model_1.pth
2026-04-03 10:08:33,009 INFO src.train.trainer: Epoch 1886
2026-04-03 10:08:33,114 INFO src.train.trainer: Last model at epoch 1886 saved to checkpoints/rtpp_20260403-100551/last_model_1.pth
2026-04-03 10:08:33,114 INFO src.train.trainer: Epoch 1887
2026-04-03 10:08:33,219 INFO src.train.trainer: Last model at epoch 1887 saved to checkpoints/rtpp_20260403-100551/last_model_1.pth
2026-04-03 10:08:33,219 INFO src.train.trainer: Epoch 1888
2026-04-03 10:08:33,326 INFO src.train.trainer: Last model at epoch 1888 saved to checkpoints/rtpp_20260403-100551/last_model_1.pth
2026-04-03 10:08:33,326 INFO src.train.trainer: Epoch 1889
2026-04-03 10:08:33,428 INFO src.train.trainer: Last model at epoch 1889 saved to checkpoints/rtpp_20260403-100551/last_model_1.pth
2026-04-03 10:08:33,428 INFO src.train.trainer: Epoch 1890
2026-04-03 10:08:33,527 INFO src.train.trainer: Last model at epoch 1890 saved to checkpoints/rtpp_20260403-100551/last_model_1.pth
2026-04-03 10:08:33,527 INFO src.train.trainer: Epoch 1891
2026-04-03 10:08:33,633 INFO src.train.trainer: Last model at epoch 1891 saved to checkpoints/rtpp_20260403-100551/last_model_1.pth
2026-04-03 10:08:33,633 INFO src.train.trainer: Epoch 1892
2026-04-03 10:08:33,747 INFO src.train.trainer: Last model at epoch 1892 saved to checkpoints/rtpp_20260403-100551/last_model_1.pth
2026-04-03 10:08:33,747 INFO src.train.trainer: Epoch 1893
2026-04-03 10:08:33,856 INFO src.train.trainer: Last model at epoch 1893 saved to checkpoints/rtpp_20260403-100551/last_model_1.pth
2026-04-03 10:08:33,856 INFO src.train.trainer: Epoch 1894
2026-04-03 10:08:33,959 INFO src.train.trainer: Last model at epoch 1894 saved to checkpoints/rtpp_20260403-100551/last_model_1.pth
2026-04-03 10:08:33,959 INFO src.train.trainer: Epoch 1895
2026-04-03 10:08:34,067 INFO src.train.trainer: Last model at epoch 1895 saved to checkpoints/rtpp_20260403-100551/last_model_1.pth
2026-04-03 10:08:34,067 INFO src.train.trainer: Epoch 1896
2026-04-03 10:08:34,174 INFO src.train.trainer: Last model at epoch 1896 saved to checkpoints/rtpp_20260403-100551/last_model_1.pth
2026-04-03 10:08:34,174 INFO src.train.trainer: Epoch 1897
2026-04-03 10:08:34,282 INFO src.train.trainer: Last model at epoch 1897 saved to checkpoints/rtpp_20260403-100551/last_model_1.pth
2026-04-03 10:08:34,282 INFO src.train.trainer: Epoch 1898
2026-04-03 10:08:34,390 INFO src.train.trainer: Last model at epoch 1898 saved to checkpoints/rtpp_20260403-100551/last_model_1.pth
2026-04-03 10:08:34,390 INFO src.train.trainer: Epoch 1899
2026-04-03 10:08:34,499 INFO src.train.trainer: Last model at epoch 1899 saved to checkpoints/rtpp_20260403-100551/last_model_1.pth
2026-04-03 10:08:34,499 INFO src.train.trainer: Epoch 1900
2026-04-03 10:08:34,608 INFO src.train.trainer: Last model at epoch 1900 saved to checkpoints/rtpp_20260403-100551/last_model_1.pth
2026-04-03 10:08:34,608 INFO src.train.trainer: Epoch 1901
2026-04-03 10:08:34,715 INFO src.train.trainer: Last model at epoch 1901 saved to checkpoints/rtpp_20260403-100551/last_model_1.pth
2026-04-03 10:08:34,716 INFO src.train.trainer: Epoch 1902
2026-04-03 10:08:34,809 INFO src.train.trainer: Last model at epoch 1902 saved to checkpoints/rtpp_20260403-100551/last_model_1.pth
2026-04-03 10:08:34,809 INFO src.train.trainer: Epoch 1903
2026-04-03 10:08:34,914 INFO src.train.trainer: Last model at epoch 1903 saved to checkpoints/rtpp_20260403-100551/last_model_1.pth
2026-04-03 10:08:34,915 INFO src.train.trainer: Epoch 1904
2026-04-03 10:08:35,017 INFO src.train.trainer: Last model at epoch 1904 saved to checkpoints/rtpp_20260403-100551/last_model_1.pth
2026-04-03 10:08:35,017 INFO src.train.trainer: Epoch 1905
2026-04-03 10:08:35,122 INFO src.train.trainer: Last model at epoch 1905 saved to checkpoints/rtpp_20260403-100551/last_model_1.pth
2026-04-03 10:08:35,122 INFO src.train.trainer: Epoch 1906
2026-04-03 10:08:35,212 INFO src.train.trainer: Last model at epoch 1906 saved to checkpoints/rtpp_20260403-100551/last_model_1.pth
2026-04-03 10:08:35,212 INFO src.train.trainer: Epoch 1907
2026-04-03 10:08:35,325 INFO src.train.trainer: Last model at epoch 1907 saved to checkpoints/rtpp_20260403-100551/last_model_1.pth
2026-04-03 10:08:35,325 INFO src.train.trainer: Epoch 1908
2026-04-03 10:08:35,387 INFO src.train.trainer: Last model at epoch 1908 saved to checkpoints/rtpp_20260403-100551/last_model_1.pth
2026-04-03 10:08:35,387 INFO src.train.trainer: Epoch 1909
2026-04-03 10:08:35,438 INFO src.train.trainer: Last model at epoch 1909 saved to checkpoints/rtpp_20260403-100551/last_model_1.pth
2026-04-03 10:08:35,439 INFO src.train.trainer: Epoch 1910
2026-04-03 10:08:35,497 INFO src.train.trainer: Last model at epoch 1910 saved to checkpoints/rtpp_20260403-100551/last_model_1.pth
2026-04-03 10:08:35,497 INFO src.train.trainer: Epoch 1911
2026-04-03 10:08:35,553 INFO src.train.trainer: Last model at epoch 1911 saved to checkpoints/rtpp_20260403-100551/last_model_1.pth
2026-04-03 10:08:35,553 INFO src.train.trainer: Epoch 1912
2026-04-03 10:08:35,608 INFO src.train.trainer: Last model at epoch 1912 saved to checkpoints/rtpp_20260403-100551/last_model_1.pth
2026-04-03 10:08:35,608 INFO src.train.trainer: Epoch 1913
2026-04-03 10:08:35,666 INFO src.train.trainer: Last model at epoch 1913 saved to checkpoints/rtpp_20260403-100551/last_model_1.pth
2026-04-03 10:08:35,666 INFO src.train.trainer: Epoch 1914
2026-04-03 10:08:35,729 INFO src.train.trainer: Last model at epoch 1914 saved to checkpoints/rtpp_20260403-100551/last_model_1.pth
2026-04-03 10:08:35,730 INFO src.train.trainer: Epoch 1915
2026-04-03 10:08:35,790 INFO src.train.trainer: Last model at epoch 1915 saved to checkpoints/rtpp_20260403-100551/last_model_1.pth
2026-04-03 10:08:35,790 INFO src.train.trainer: Epoch 1916
2026-04-03 10:08:35,851 INFO src.train.trainer: Last model at epoch 1916 saved to checkpoints/rtpp_20260403-100551/last_model_1.pth
2026-04-03 10:08:35,851 INFO src.train.trainer: Epoch 1917
2026-04-03 10:08:35,914 INFO src.train.trainer: Last model at epoch 1917 saved to checkpoints/rtpp_20260403-100551/last_model_1.pth
2026-04-03 10:08:35,914 INFO src.train.trainer: Epoch 1918
2026-04-03 10:08:35,977 INFO src.train.trainer: Last model at epoch 1918 saved to checkpoints/rtpp_20260403-100551/last_model_1.pth
2026-04-03 10:08:35,977 INFO src.train.trainer: Epoch 1919
2026-04-03 10:08:36,039 INFO src.train.trainer: Last model at epoch 1919 saved to checkpoints/rtpp_20260403-100551/last_model_1.pth
2026-04-03 10:08:36,039 INFO src.train.trainer: Epoch 1920
2026-04-03 10:08:36,099 INFO src.train.trainer: Last model at epoch 1920 saved to checkpoints/rtpp_20260403-100551/last_model_1.pth
2026-04-03 10:08:36,099 INFO src.train.trainer: Epoch 1921
2026-04-03 10:08:36,165 INFO src.train.trainer: Last model at epoch 1921 saved to checkpoints/rtpp_20260403-100551/last_model_1.pth
2026-04-03 10:08:36,165 INFO src.train.trainer: Epoch 1922
2026-04-03 10:08:36,226 INFO src.train.trainer: Last model at epoch 1922 saved to checkpoints/rtpp_20260403-100551/last_model_1.pth
2026-04-03 10:08:36,226 INFO src.train.trainer: Epoch 1923
2026-04-03 10:08:36,287 INFO src.train.trainer: Last model at epoch 1923 saved to checkpoints/rtpp_20260403-100551/last_model_1.pth
2026-04-03 10:08:36,287 INFO src.train.trainer: Epoch 1924
2026-04-03 10:08:36,348 INFO src.train.trainer: Last model at epoch 1924 saved to checkpoints/rtpp_20260403-100551/last_model_1.pth
2026-04-03 10:08:36,348 INFO src.train.trainer: Epoch 1925
2026-04-03 10:08:36,408 INFO src.train.trainer: Last model at epoch 1925 saved to checkpoints/rtpp_20260403-100551/last_model_1.pth
2026-04-03 10:08:36,408 INFO src.train.trainer: Epoch 1926
2026-04-03 10:08:36,470 INFO src.train.trainer: Last model at epoch 1926 saved to checkpoints/rtpp_20260403-100551/last_model_1.pth
2026-04-03 10:08:36,470 INFO src.train.trainer: Epoch 1927
2026-04-03 10:08:36,534 INFO src.train.trainer: Last model at epoch 1927 saved to checkpoints/rtpp_20260403-100551/last_model_1.pth
2026-04-03 10:08:36,534 INFO src.train.trainer: Epoch 1928
2026-04-03 10:08:36,595 INFO src.train.trainer: Last model at epoch 1928 saved to checkpoints/rtpp_20260403-100551/last_model_1.pth
2026-04-03 10:08:36,595 INFO src.train.trainer: Epoch 1929
2026-04-03 10:08:36,660 INFO src.train.trainer: Last model at epoch 1929 saved to checkpoints/rtpp_20260403-100551/last_model_1.pth
2026-04-03 10:08:36,660 INFO src.train.trainer: Epoch 1930
2026-04-03 10:08:36,724 INFO src.train.trainer: Last model at epoch 1930 saved to checkpoints/rtpp_20260403-100551/last_model_1.pth
2026-04-03 10:08:36,724 INFO src.train.trainer: Epoch 1931
2026-04-03 10:08:36,785 INFO src.train.trainer: Last model at epoch 1931 saved to checkpoints/rtpp_20260403-100551/last_model_1.pth
2026-04-03 10:08:36,785 INFO src.train.trainer: Epoch 1932
2026-04-03 10:08:36,847 INFO src.train.trainer: Last model at epoch 1932 saved to checkpoints/rtpp_20260403-100551/last_model_1.pth
2026-04-03 10:08:36,847 INFO src.train.trainer: Epoch 1933
2026-04-03 10:08:36,909 INFO src.train.trainer: Last model at epoch 1933 saved to checkpoints/rtpp_20260403-100551/last_model_1.pth
2026-04-03 10:08:36,910 INFO src.train.trainer: Epoch 1934
2026-04-03 10:08:36,971 INFO src.train.trainer: Last model at epoch 1934 saved to checkpoints/rtpp_20260403-100551/last_model_1.pth
2026-04-03 10:08:36,971 INFO src.train.trainer: Epoch 1935
2026-04-03 10:08:37,036 INFO src.train.trainer: Last model at epoch 1935 saved to checkpoints/rtpp_20260403-100551/last_model_1.pth
2026-04-03 10:08:37,037 INFO src.train.trainer: Epoch 1936
2026-04-03 10:08:37,101 INFO src.train.trainer: Last model at epoch 1936 saved to checkpoints/rtpp_20260403-100551/last_model_1.pth
2026-04-03 10:08:37,101 INFO src.train.trainer: Epoch 1937
2026-04-03 10:08:37,166 INFO src.train.trainer: Last model at epoch 1937 saved to checkpoints/rtpp_20260403-100551/last_model_1.pth
2026-04-03 10:08:37,166 INFO src.train.trainer: Epoch 1938
2026-04-03 10:08:37,232 INFO src.train.trainer: Last model at epoch 1938 saved to checkpoints/rtpp_20260403-100551/last_model_1.pth
2026-04-03 10:08:37,232 INFO src.train.trainer: Epoch 1939
2026-04-03 10:08:37,296 INFO src.train.trainer: Last model at epoch 1939 saved to checkpoints/rtpp_20260403-100551/last_model_1.pth
2026-04-03 10:08:37,297 INFO src.train.trainer: Epoch 1940
2026-04-03 10:08:37,361 INFO src.train.trainer: Last model at epoch 1940 saved to checkpoints/rtpp_20260403-100551/last_model_1.pth
2026-04-03 10:08:37,362 INFO src.train.trainer: Epoch 1941
2026-04-03 10:08:37,427 INFO src.train.trainer: Last model at epoch 1941 saved to checkpoints/rtpp_20260403-100551/last_model_1.pth
2026-04-03 10:08:37,427 INFO src.train.trainer: Epoch 1942
2026-04-03 10:08:37,498 INFO src.train.trainer: Last model at epoch 1942 saved to checkpoints/rtpp_20260403-100551/last_model_1.pth
2026-04-03 10:08:37,498 INFO src.train.trainer: Epoch 1943
2026-04-03 10:08:37,568 INFO src.train.trainer: Last model at epoch 1943 saved to checkpoints/rtpp_20260403-100551/last_model_1.pth
2026-04-03 10:08:37,568 INFO src.train.trainer: Epoch 1944
2026-04-03 10:08:37,642 INFO src.train.trainer: Last model at epoch 1944 saved to checkpoints/rtpp_20260403-100551/last_model_1.pth
2026-04-03 10:08:37,642 INFO src.train.trainer: Epoch 1945
2026-04-03 10:08:37,709 INFO src.train.trainer: Last model at epoch 1945 saved to checkpoints/rtpp_20260403-100551/last_model_1.pth
2026-04-03 10:08:37,709 INFO src.train.trainer: Epoch 1946
2026-04-03 10:08:37,777 INFO src.train.trainer: Last model at epoch 1946 saved to checkpoints/rtpp_20260403-100551/last_model_1.pth
2026-04-03 10:08:37,777 INFO src.train.trainer: Epoch 1947
2026-04-03 10:08:37,847 INFO src.train.trainer: Last model at epoch 1947 saved to checkpoints/rtpp_20260403-100551/last_model_1.pth
2026-04-03 10:08:37,847 INFO src.train.trainer: Epoch 1948
2026-04-03 10:08:37,914 INFO src.train.trainer: Last model at epoch 1948 saved to checkpoints/rtpp_20260403-100551/last_model_1.pth
2026-04-03 10:08:37,914 INFO src.train.trainer: Epoch 1949
2026-04-03 10:08:37,981 INFO src.train.trainer: Last model at epoch 1949 saved to checkpoints/rtpp_20260403-100551/last_model_1.pth
2026-04-03 10:08:37,981 INFO src.train.trainer: Epoch 1950
2026-04-03 10:08:38,048 INFO src.train.trainer: Last model at epoch 1950 saved to checkpoints/rtpp_20260403-100551/last_model_1.pth
2026-04-03 10:08:38,048 INFO src.train.trainer: Epoch 1951
2026-04-03 10:08:38,116 INFO src.train.trainer: Last model at epoch 1951 saved to checkpoints/rtpp_20260403-100551/last_model_1.pth
2026-04-03 10:08:38,116 INFO src.train.trainer: Epoch 1952
2026-04-03 10:08:38,187 INFO src.train.trainer: Last model at epoch 1952 saved to checkpoints/rtpp_20260403-100551/last_model_1.pth
2026-04-03 10:08:38,187 INFO src.train.trainer: Epoch 1953
2026-04-03 10:08:38,259 INFO src.train.trainer: Last model at epoch 1953 saved to checkpoints/rtpp_20260403-100551/last_model_1.pth
2026-04-03 10:08:38,259 INFO src.train.trainer: Epoch 1954
2026-04-03 10:08:38,331 INFO src.train.trainer: Last model at epoch 1954 saved to checkpoints/rtpp_20260403-100551/last_model_1.pth
2026-04-03 10:08:38,331 INFO src.train.trainer: Epoch 1955
2026-04-03 10:08:38,400 INFO src.train.trainer: Last model at epoch 1955 saved to checkpoints/rtpp_20260403-100551/last_model_1.pth
2026-04-03 10:08:38,400 INFO src.train.trainer: Epoch 1956
2026-04-03 10:08:38,474 INFO src.train.trainer: Last model at epoch 1956 saved to checkpoints/rtpp_20260403-100551/last_model_1.pth
2026-04-03 10:08:38,474 INFO src.train.trainer: Epoch 1957
2026-04-03 10:08:38,544 INFO src.train.trainer: Last model at epoch 1957 saved to checkpoints/rtpp_20260403-100551/last_model_1.pth
2026-04-03 10:08:38,544 INFO src.train.trainer: Epoch 1958
2026-04-03 10:08:38,613 INFO src.train.trainer: Last model at epoch 1958 saved to checkpoints/rtpp_20260403-100551/last_model_1.pth
2026-04-03 10:08:38,614 INFO src.train.trainer: Epoch 1959
2026-04-03 10:08:38,681 INFO src.train.trainer: Last model at epoch 1959 saved to checkpoints/rtpp_20260403-100551/last_model_1.pth
2026-04-03 10:08:38,681 INFO src.train.trainer: Epoch 1960
2026-04-03 10:08:38,752 INFO src.train.trainer: Last model at epoch 1960 saved to checkpoints/rtpp_20260403-100551/last_model_1.pth
2026-04-03 10:08:38,752 INFO src.train.trainer: Epoch 1961
2026-04-03 10:08:38,820 INFO src.train.trainer: Last model at epoch 1961 saved to checkpoints/rtpp_20260403-100551/last_model_1.pth
2026-04-03 10:08:38,820 INFO src.train.trainer: Epoch 1962
2026-04-03 10:08:38,891 INFO src.train.trainer: Last model at epoch 1962 saved to checkpoints/rtpp_20260403-100551/last_model_1.pth
2026-04-03 10:08:38,891 INFO src.train.trainer: Epoch 1963
2026-04-03 10:08:38,960 INFO src.train.trainer: Last model at epoch 1963 saved to checkpoints/rtpp_20260403-100551/last_model_1.pth
2026-04-03 10:08:38,960 INFO src.train.trainer: Epoch 1964
2026-04-03 10:08:39,028 INFO src.train.trainer: Last model at epoch 1964 saved to checkpoints/rtpp_20260403-100551/last_model_1.pth
2026-04-03 10:08:39,028 INFO src.train.trainer: Epoch 1965
2026-04-03 10:08:39,096 INFO src.train.trainer: Last model at epoch 1965 saved to checkpoints/rtpp_20260403-100551/last_model_1.pth
2026-04-03 10:08:39,096 INFO src.train.trainer: Epoch 1966
2026-04-03 10:08:39,168 INFO src.train.trainer: Last model at epoch 1966 saved to checkpoints/rtpp_20260403-100551/last_model_1.pth
2026-04-03 10:08:39,168 INFO src.train.trainer: Epoch 1967
2026-04-03 10:08:39,239 INFO src.train.trainer: Last model at epoch 1967 saved to checkpoints/rtpp_20260403-100551/last_model_1.pth
2026-04-03 10:08:39,240 INFO src.train.trainer: Epoch 1968
2026-04-03 10:08:39,313 INFO src.train.trainer: Last model at epoch 1968 saved to checkpoints/rtpp_20260403-100551/last_model_1.pth
2026-04-03 10:08:39,313 INFO src.train.trainer: Epoch 1969
2026-04-03 10:08:39,385 INFO src.train.trainer: Last model at epoch 1969 saved to checkpoints/rtpp_20260403-100551/last_model_1.pth
2026-04-03 10:08:39,385 INFO src.train.trainer: Epoch 1970
2026-04-03 10:08:39,461 INFO src.train.trainer: Last model at epoch 1970 saved to checkpoints/rtpp_20260403-100551/last_model_1.pth
2026-04-03 10:08:39,461 INFO src.train.trainer: Epoch 1971
2026-04-03 10:08:39,536 INFO src.train.trainer: Last model at epoch 1971 saved to checkpoints/rtpp_20260403-100551/last_model_1.pth
2026-04-03 10:08:39,536 INFO src.train.trainer: Epoch 1972
2026-04-03 10:08:39,610 INFO src.train.trainer: Last model at epoch 1972 saved to checkpoints/rtpp_20260403-100551/last_model_1.pth
2026-04-03 10:08:39,610 INFO src.train.trainer: Epoch 1973
2026-04-03 10:08:39,683 INFO src.train.trainer: Last model at epoch 1973 saved to checkpoints/rtpp_20260403-100551/last_model_1.pth
2026-04-03 10:08:39,683 INFO src.train.trainer: Epoch 1974
2026-04-03 10:08:39,757 INFO src.train.trainer: Last model at epoch 1974 saved to checkpoints/rtpp_20260403-100551/last_model_1.pth
2026-04-03 10:08:39,757 INFO src.train.trainer: Epoch 1975
2026-04-03 10:08:39,829 INFO src.train.trainer: Last model at epoch 1975 saved to checkpoints/rtpp_20260403-100551/last_model_1.pth
2026-04-03 10:08:39,829 INFO src.train.trainer: Epoch 1976
2026-04-03 10:08:39,900 INFO src.train.trainer: Last model at epoch 1976 saved to checkpoints/rtpp_20260403-100551/last_model_1.pth
2026-04-03 10:08:39,900 INFO src.train.trainer: Epoch 1977
2026-04-03 10:08:39,972 INFO src.train.trainer: Last model at epoch 1977 saved to checkpoints/rtpp_20260403-100551/last_model_1.pth
2026-04-03 10:08:39,972 INFO src.train.trainer: Epoch 1978
2026-04-03 10:08:40,049 INFO src.train.trainer: Last model at epoch 1978 saved to checkpoints/rtpp_20260403-100551/last_model_1.pth
2026-04-03 10:08:40,049 INFO src.train.trainer: Epoch 1979
2026-04-03 10:08:40,124 INFO src.train.trainer: Last model at epoch 1979 saved to checkpoints/rtpp_20260403-100551/last_model_1.pth
2026-04-03 10:08:40,124 INFO src.train.trainer: Epoch 1980
2026-04-03 10:08:40,196 INFO src.train.trainer: Last model at epoch 1980 saved to checkpoints/rtpp_20260403-100551/last_model_1.pth
2026-04-03 10:08:40,196 INFO src.train.trainer: Epoch 1981
2026-04-03 10:08:40,364 INFO src.train.trainer: Last model at epoch 1981 saved to checkpoints/rtpp_20260403-100551/last_model_1.pth
2026-04-03 10:08:40,365 INFO src.train.trainer: Epoch 1982
2026-04-03 10:08:40,448 INFO src.train.trainer: Last model at epoch 1982 saved to checkpoints/rtpp_20260403-100551/last_model_1.pth
2026-04-03 10:08:40,448 INFO src.train.trainer: Epoch 1983
2026-04-03 10:08:40,528 INFO src.train.trainer: Last model at epoch 1983 saved to checkpoints/rtpp_20260403-100551/last_model_1.pth
2026-04-03 10:08:40,528 INFO src.train.trainer: Epoch 1984
2026-04-03 10:08:40,605 INFO src.train.trainer: Last model at epoch 1984 saved to checkpoints/rtpp_20260403-100551/last_model_1.pth
2026-04-03 10:08:40,605 INFO src.train.trainer: Epoch 1985
2026-04-03 10:08:40,684 INFO src.train.trainer: Last model at epoch 1985 saved to checkpoints/rtpp_20260403-100551/last_model_1.pth
2026-04-03 10:08:40,684 INFO src.train.trainer: Epoch 1986
2026-04-03 10:08:40,760 INFO src.train.trainer: Last model at epoch 1986 saved to checkpoints/rtpp_20260403-100551/last_model_1.pth
2026-04-03 10:08:40,760 INFO src.train.trainer: Epoch 1987
2026-04-03 10:08:40,834 INFO src.train.trainer: Last model at epoch 1987 saved to checkpoints/rtpp_20260403-100551/last_model_1.pth
2026-04-03 10:08:40,834 INFO src.train.trainer: Epoch 1988
2026-04-03 10:08:40,908 INFO src.train.trainer: Last model at epoch 1988 saved to checkpoints/rtpp_20260403-100551/last_model_1.pth
2026-04-03 10:08:40,908 INFO src.train.trainer: Epoch 1989
2026-04-03 10:08:40,980 INFO src.train.trainer: Last model at epoch 1989 saved to checkpoints/rtpp_20260403-100551/last_model_1.pth
2026-04-03 10:08:40,980 INFO src.train.trainer: Epoch 1990
2026-04-03 10:08:41,058 INFO src.train.trainer: Last model at epoch 1990 saved to checkpoints/rtpp_20260403-100551/last_model_1.pth
2026-04-03 10:08:41,058 INFO src.train.trainer: Epoch 1991
2026-04-03 10:08:41,130 INFO src.train.trainer: Last model at epoch 1991 saved to checkpoints/rtpp_20260403-100551/last_model_1.pth
2026-04-03 10:08:41,130 INFO src.train.trainer: Epoch 1992
2026-04-03 10:08:41,205 INFO src.train.trainer: Last model at epoch 1992 saved to checkpoints/rtpp_20260403-100551/last_model_1.pth
2026-04-03 10:08:41,205 INFO src.train.trainer: Epoch 1993
2026-04-03 10:08:41,280 INFO src.train.trainer: Last model at epoch 1993 saved to checkpoints/rtpp_20260403-100551/last_model_1.pth
2026-04-03 10:08:41,280 INFO src.train.trainer: Epoch 1994
2026-04-03 10:08:41,356 INFO src.train.trainer: Last model at epoch 1994 saved to checkpoints/rtpp_20260403-100551/last_model_1.pth
2026-04-03 10:08:41,356 INFO src.train.trainer: Epoch 1995
2026-04-03 10:08:41,428 INFO src.train.trainer: Last model at epoch 1995 saved to checkpoints/rtpp_20260403-100551/last_model_1.pth
2026-04-03 10:08:41,428 INFO src.train.trainer: Epoch 1996
2026-04-03 10:08:41,500 INFO src.train.trainer: Last model at epoch 1996 saved to checkpoints/rtpp_20260403-100551/last_model_1.pth
2026-04-03 10:08:41,501 INFO src.train.trainer: Epoch 1997
2026-04-03 10:08:41,573 INFO src.train.trainer: Last model at epoch 1997 saved to checkpoints/rtpp_20260403-100551/last_model_1.pth
2026-04-03 10:08:41,573 INFO src.train.trainer: Epoch 1998
2026-04-03 10:08:41,645 INFO src.train.trainer: Last model at epoch 1998 saved to checkpoints/rtpp_20260403-100551/last_model_1.pth
2026-04-03 10:08:41,645 INFO src.train.trainer: Epoch 1999
2026-04-03 10:08:41,717 INFO src.train.trainer: Last model at epoch 1999 saved to checkpoints/rtpp_20260403-100551/last_model_1.pth
2026-04-03 10:08:41,717 INFO src.train.trainer: Epoch 2000
2026-04-03 10:08:41,792 INFO src.train.trainer: Last model at epoch 2000 saved to checkpoints/rtpp_20260403-100551/last_model_1.pth
2026-04-03 10:10:19,062 INFO src.data.catalog: Loading existing catalog from /root/autodl-tmp/em_eqf/data/CB_HAB1a/catalogs/94f05883.
2026-04-03 10:10:19,096 INFO src.data.preparation: Number of training events: 5495
2026-04-03 10:10:19,096 INFO src.data.preparation: Number of validation events: 734
2026-04-03 10:10:19,096 INFO src.data.preparation: Number of test events: 472
2026-04-03 10:10:19,715 INFO src.train.config_setup: load_specific_parts: None
2026-04-03 10:10:19,716 INFO src.train.config_setup: Checkpoint loaded: <All keys matched successfully>
2026-04-03 10:10:19,716 INFO src.train.config_setup: hyperparameters: {'model': 'rtpp', 'num_event_types': 1, 'pad_token_id': 1, 'task_type': 'tpp', 'bg_model': 'proportional', 'bg_model_cfg': {'d_feature': 1, 'scale_init': 500.0}, 'batch_size': 1, 'accumulation_steps': 1, 'warmup_ratio': 0.1, 'learning_rate': 0.001, 'weight_decay': 1e-05, 'loss_reduction': 'per_event', 'scheduler_factor': None, 'scheduler_patience': None, 'scheduler_threshold': None, 'scheduler_min_lr': 1e-06, 'scheduler_type': 'hf_cosine', 'step_lr_step_size_ratio': 0.2, 'step_lr_gamma': 0.8, 'rnn_type': 'GRU', 'd_model': 64, 'rnn_dropout': 0.3, 'scale_range': 'positive', 'num_components': 32, 'dim': 1, 'epochs': 2000, 'save_dir': 'checkpoints/rtpp_20260403-100551', 'cuda_id': '0', 'dataset': 'CB_HAB1a', 'seed': 0, 'minibatch_training': False, 'split_by_time': True, 'time_order': ['train', 'val', 'test'], 'catalog_cfg': {'freq': '1D', 'mag_completeness': -0.4}, 'cuda': True, 'tau_mean': 0.005955097731202841, 'time_min': 0.0, 'tau_min': 3.8324543538692524e-10, 'tau_max': 7.578784942626953, 'tau_q05': 0.0008680439786985517, 'tau_q025': 9.258100180886686e-05, 'mag_mean': 0.08606696873903275, 'time_max': 32.724029541015625, 'time_mean': 25.667068481445312, 'mag_completeness': -0.4, 'richter_b_mle': 0.8843895223057622, 'precision': 32, 'num_events_train': 5495, 'num_events_val': 734, 'num_events_test': 472, 'start_epoch': 0, 'best_val_loss': inf}
2026-04-03 10:10:19,717 INFO src.train.config_setup: train_metrics: {'avg_time_nll': -5.151834487915039, 'avg_total_nll': -5.244561195373535, 'avg_bg_nll': -0.09272683411836624}
2026-04-03 10:10:19,717 INFO src.train.config_setup: val_metrics: {'avg_time_nll': -5.003657341003418, 'avg_total_nll': -5.044312000274658, 'avg_bg_nll': -0.04065511003136635}
2026-04-03 10:10:20,190 INFO __main__: Saved test metrics to checkpoints/rtpp_20260403-100551/metrics_test_best_1.json
2026-04-03 10:10:20,191 INFO __main__: Metrics: {'nll_train_time': -5.162586212158203, 'nll_train_total': -5.250383377075195, 'nll_train_bg': -0.08779700845479965, 'nll_val_time': -5.003657341003418, 'nll_val_total': -5.044312000274658, 'nll_val_bg': -0.04065511003136635, 'nll_test_time': -4.913900375366211, 'nll_test_total': -4.694487571716309, 'nll_test_bg': 0.21941331028938293, 'num_events_train': 5495, 'num_events_val': 734, 'num_events_test': 472}
2026-04-03 10:33:10,425 INFO src.data.catalog: Loading existing catalog from /root/autodl-tmp/em_eqf/data/CB_HAB1a/catalogs/94f05883.
2026-04-03 10:33:10,439 INFO src.data.preparation: Number of training events: 5495
2026-04-03 10:33:10,439 INFO src.data.preparation: Number of validation events: 734
2026-04-03 10:33:10,439 INFO src.data.preparation: Number of test events: 472
2026-04-03 10:33:11,087 INFO src.train.config_setup: load_specific_parts: None
2026-04-03 10:33:11,087 INFO src.train.config_setup: Checkpoint loaded: <All keys matched successfully>
2026-04-03 10:33:11,088 INFO src.train.config_setup: hyperparameters: {'model': 'rtpp', 'num_event_types': 1, 'pad_token_id': 1, 'task_type': 'tpp', 'bg_model': 'proportional', 'bg_model_cfg': {'d_feature': 1, 'scale_init': 500.0}, 'batch_size': 1, 'accumulation_steps': 1, 'warmup_ratio': 0.1, 'learning_rate': 0.001, 'weight_decay': 1e-05, 'loss_reduction': 'per_event', 'scheduler_factor': None, 'scheduler_patience': None, 'scheduler_threshold': None, 'scheduler_min_lr': 1e-06, 'scheduler_type': 'hf_cosine', 'step_lr_step_size_ratio': 0.2, 'step_lr_gamma': 0.8, 'rnn_type': 'GRU', 'd_model': 64, 'rnn_dropout': 0.3, 'scale_range': 'positive', 'num_components': 32, 'dim': 1, 'epochs': 2000, 'save_dir': 'checkpoints/rtpp_20260403-100551', 'cuda_id': '0', 'dataset': 'CB_HAB1a', 'seed': 0, 'minibatch_training': False, 'split_by_time': True, 'time_order': ['train', 'val', 'test'], 'catalog_cfg': {'freq': '1D', 'mag_completeness': -0.4}, 'cuda': True, 'tau_mean': 0.005955097731202841, 'time_min': 0.0, 'tau_min': 3.8324543538692524e-10, 'tau_max': 7.578784942626953, 'tau_q05': 0.0008680439786985517, 'tau_q025': 9.258100180886686e-05, 'mag_mean': 0.08606696873903275, 'time_max': 32.724029541015625, 'time_mean': 25.667068481445312, 'mag_completeness': -0.4, 'richter_b_mle': 0.8843895223057622, 'precision': 32, 'num_events_train': 5495, 'num_events_val': 734, 'num_events_test': 472, 'start_epoch': 0, 'best_val_loss': inf}
2026-04-03 10:33:11,088 INFO src.train.config_setup: train_metrics: {'avg_time_nll': -5.151834487915039, 'avg_total_nll': -5.244561195373535, 'avg_bg_nll': -0.09272683411836624}
2026-04-03 10:33:11,088 INFO src.train.config_setup: val_metrics: {'avg_time_nll': -5.003657341003418, 'avg_total_nll': -5.044312000274658, 'avg_bg_nll': -0.04065511003136635}
2026-04-03 10:33:11,567 INFO __main__: Saved test metrics to checkpoints/rtpp_20260403-100551/metrics_test_best_1.json
2026-04-03 10:33:11,567 INFO __main__: Metrics: {'nll_train_time': -5.162586212158203, 'nll_train_total': -5.250383377075195, 'nll_train_bg': -0.08779700845479965, 'nll_val_time': -5.003657341003418, 'nll_val_total': -5.044312000274658, 'nll_val_bg': -0.04065511003136635, 'nll_test_time': -4.913900375366211, 'nll_test_total': -4.694487571716309, 'nll_test_bg': 0.21941331028938293, 'num_events_train': 5495, 'num_events_val': 734, 'num_events_test': 472}
