2026-05-06 20:28:07,602 INFO src.data.catalog: Loading existing catalog from /root/autodl-tmp/em_eqf/data/ChuanDian/catalogs/181d780e.
2026-05-06 20:28:07,632 INFO src.data.preparation: Number of training events: 4498
2026-05-06 20:28:07,632 INFO src.data.preparation: Number of validation events: 567
2026-05-06 20:28:07,632 INFO src.data.preparation: Number of test events: 1043
2026-05-06 20:28:07,633 INFO __main__: No resume path provided. Training will start from scratch.
2026-05-06 20:28:07,800 INFO src.train.trainer: Epoch 1
2026-05-06 20:28:08,124 INFO src.train.trainer: New best validation loss: 0.8899, saved to checkpoints/etas_20260506-202807/best_model_1.pth
2026-05-06 20:28:08,125 INFO src.train.trainer: Last model at epoch 1 saved to checkpoints/etas_20260506-202807/last_model_1.pth
2026-05-06 20:28:08,125 INFO src.train.trainer: Epoch 2
2026-05-06 20:28:08,149 INFO src.train.trainer: New best validation loss: 0.8896, saved to checkpoints/etas_20260506-202807/best_model_1.pth
2026-05-06 20:28:08,150 INFO src.train.trainer: Last model at epoch 2 saved to checkpoints/etas_20260506-202807/last_model_1.pth
2026-05-06 20:28:08,150 INFO src.train.trainer: Epoch 3
2026-05-06 20:28:08,172 INFO src.train.trainer: New best validation loss: 0.8892, saved to checkpoints/etas_20260506-202807/best_model_1.pth
2026-05-06 20:28:08,173 INFO src.train.trainer: Last model at epoch 3 saved to checkpoints/etas_20260506-202807/last_model_1.pth
2026-05-06 20:28:08,173 INFO src.train.trainer: Epoch 4
2026-05-06 20:28:08,196 INFO src.train.trainer: New best validation loss: 0.8886, saved to checkpoints/etas_20260506-202807/best_model_1.pth
2026-05-06 20:28:08,197 INFO src.train.trainer: Last model at epoch 4 saved to checkpoints/etas_20260506-202807/last_model_1.pth
2026-05-06 20:28:08,197 INFO src.train.trainer: Epoch 5
2026-05-06 20:28:08,219 INFO src.train.trainer: New best validation loss: 0.8878, saved to checkpoints/etas_20260506-202807/best_model_1.pth
2026-05-06 20:28:08,220 INFO src.train.trainer: Last model at epoch 5 saved to checkpoints/etas_20260506-202807/last_model_1.pth
2026-05-06 20:28:08,221 INFO src.train.trainer: Epoch 6
2026-05-06 20:28:08,243 INFO src.train.trainer: New best validation loss: 0.8869, saved to checkpoints/etas_20260506-202807/best_model_1.pth
2026-05-06 20:28:08,244 INFO src.train.trainer: Last model at epoch 6 saved to checkpoints/etas_20260506-202807/last_model_1.pth
2026-05-06 20:28:08,244 INFO src.train.trainer: Epoch 7
2026-05-06 20:28:08,266 INFO src.train.trainer: New best validation loss: 0.8858, saved to checkpoints/etas_20260506-202807/best_model_1.pth
2026-05-06 20:28:08,268 INFO src.train.trainer: Last model at epoch 7 saved to checkpoints/etas_20260506-202807/last_model_1.pth
2026-05-06 20:28:08,268 INFO src.train.trainer: Epoch 8
2026-05-06 20:28:08,290 INFO src.train.trainer: New best validation loss: 0.8847, saved to checkpoints/etas_20260506-202807/best_model_1.pth
2026-05-06 20:28:08,291 INFO src.train.trainer: Last model at epoch 8 saved to checkpoints/etas_20260506-202807/last_model_1.pth
2026-05-06 20:28:08,291 INFO src.train.trainer: Epoch 9
2026-05-06 20:28:08,314 INFO src.train.trainer: New best validation loss: 0.8834, saved to checkpoints/etas_20260506-202807/best_model_1.pth
2026-05-06 20:28:08,315 INFO src.train.trainer: Last model at epoch 9 saved to checkpoints/etas_20260506-202807/last_model_1.pth
2026-05-06 20:28:08,315 INFO src.train.trainer: Epoch 10
2026-05-06 20:28:08,337 INFO src.train.trainer: New best validation loss: 0.8819, saved to checkpoints/etas_20260506-202807/best_model_1.pth
2026-05-06 20:28:08,338 INFO src.train.trainer: Last model at epoch 10 saved to checkpoints/etas_20260506-202807/last_model_1.pth
2026-05-06 20:28:08,338 INFO src.train.trainer: Epoch 11
2026-05-06 20:28:08,362 INFO src.train.trainer: New best validation loss: 0.8804, saved to checkpoints/etas_20260506-202807/best_model_1.pth
2026-05-06 20:28:08,363 INFO src.train.trainer: Last model at epoch 11 saved to checkpoints/etas_20260506-202807/last_model_1.pth
2026-05-06 20:28:08,363 INFO src.train.trainer: Epoch 12
2026-05-06 20:28:08,385 INFO src.train.trainer: New best validation loss: 0.8787, saved to checkpoints/etas_20260506-202807/best_model_1.pth
2026-05-06 20:28:08,386 INFO src.train.trainer: Last model at epoch 12 saved to checkpoints/etas_20260506-202807/last_model_1.pth
2026-05-06 20:28:08,386 INFO src.train.trainer: Epoch 13
2026-05-06 20:28:08,408 INFO src.train.trainer: New best validation loss: 0.8770, saved to checkpoints/etas_20260506-202807/best_model_1.pth
2026-05-06 20:28:08,409 INFO src.train.trainer: Last model at epoch 13 saved to checkpoints/etas_20260506-202807/last_model_1.pth
2026-05-06 20:28:08,409 INFO src.train.trainer: Epoch 14
2026-05-06 20:28:08,431 INFO src.train.trainer: New best validation loss: 0.8751, saved to checkpoints/etas_20260506-202807/best_model_1.pth
2026-05-06 20:28:08,432 INFO src.train.trainer: Last model at epoch 14 saved to checkpoints/etas_20260506-202807/last_model_1.pth
2026-05-06 20:28:08,433 INFO src.train.trainer: Epoch 15
2026-05-06 20:28:08,454 INFO src.train.trainer: New best validation loss: 0.8732, saved to checkpoints/etas_20260506-202807/best_model_1.pth
2026-05-06 20:28:08,455 INFO src.train.trainer: Last model at epoch 15 saved to checkpoints/etas_20260506-202807/last_model_1.pth
2026-05-06 20:28:08,455 INFO src.train.trainer: Epoch 16
2026-05-06 20:28:08,477 INFO src.train.trainer: New best validation loss: 0.8712, saved to checkpoints/etas_20260506-202807/best_model_1.pth
2026-05-06 20:28:08,478 INFO src.train.trainer: Last model at epoch 16 saved to checkpoints/etas_20260506-202807/last_model_1.pth
2026-05-06 20:28:08,478 INFO src.train.trainer: Epoch 17
2026-05-06 20:28:08,500 INFO src.train.trainer: New best validation loss: 0.8691, saved to checkpoints/etas_20260506-202807/best_model_1.pth
2026-05-06 20:28:08,501 INFO src.train.trainer: Last model at epoch 17 saved to checkpoints/etas_20260506-202807/last_model_1.pth
2026-05-06 20:28:08,501 INFO src.train.trainer: Epoch 18
2026-05-06 20:28:08,528 INFO src.train.trainer: New best validation loss: 0.8670, saved to checkpoints/etas_20260506-202807/best_model_1.pth
2026-05-06 20:28:08,529 INFO src.train.trainer: Last model at epoch 18 saved to checkpoints/etas_20260506-202807/last_model_1.pth
2026-05-06 20:28:08,529 INFO src.train.trainer: Epoch 19
2026-05-06 20:28:08,555 INFO src.train.trainer: New best validation loss: 0.8649, saved to checkpoints/etas_20260506-202807/best_model_1.pth
2026-05-06 20:28:08,557 INFO src.train.trainer: Last model at epoch 19 saved to checkpoints/etas_20260506-202807/last_model_1.pth
2026-05-06 20:28:08,557 INFO src.train.trainer: Epoch 20
2026-05-06 20:28:08,582 INFO src.train.trainer: New best validation loss: 0.8627, saved to checkpoints/etas_20260506-202807/best_model_1.pth
2026-05-06 20:28:08,583 INFO src.train.trainer: Last model at epoch 20 saved to checkpoints/etas_20260506-202807/last_model_1.pth
2026-05-06 20:28:08,583 INFO src.train.trainer: Epoch 21
2026-05-06 20:28:08,610 INFO src.train.trainer: New best validation loss: 0.8604, saved to checkpoints/etas_20260506-202807/best_model_1.pth
2026-05-06 20:28:08,611 INFO src.train.trainer: Last model at epoch 21 saved to checkpoints/etas_20260506-202807/last_model_1.pth
2026-05-06 20:28:08,611 INFO src.train.trainer: Epoch 22
2026-05-06 20:28:08,636 INFO src.train.trainer: New best validation loss: 0.8582, saved to checkpoints/etas_20260506-202807/best_model_1.pth
2026-05-06 20:28:08,637 INFO src.train.trainer: Last model at epoch 22 saved to checkpoints/etas_20260506-202807/last_model_1.pth
2026-05-06 20:28:08,638 INFO src.train.trainer: Epoch 23
2026-05-06 20:28:08,664 INFO src.train.trainer: New best validation loss: 0.8560, saved to checkpoints/etas_20260506-202807/best_model_1.pth
2026-05-06 20:28:08,665 INFO src.train.trainer: Last model at epoch 23 saved to checkpoints/etas_20260506-202807/last_model_1.pth
2026-05-06 20:28:08,665 INFO src.train.trainer: Epoch 24
2026-05-06 20:28:08,692 INFO src.train.trainer: New best validation loss: 0.8537, saved to checkpoints/etas_20260506-202807/best_model_1.pth
2026-05-06 20:28:08,693 INFO src.train.trainer: Last model at epoch 24 saved to checkpoints/etas_20260506-202807/last_model_1.pth
2026-05-06 20:28:08,693 INFO src.train.trainer: Epoch 25
2026-05-06 20:28:08,720 INFO src.train.trainer: New best validation loss: 0.8515, saved to checkpoints/etas_20260506-202807/best_model_1.pth
2026-05-06 20:28:08,721 INFO src.train.trainer: Last model at epoch 25 saved to checkpoints/etas_20260506-202807/last_model_1.pth
2026-05-06 20:28:08,721 INFO src.train.trainer: Epoch 26
2026-05-06 20:28:08,748 INFO src.train.trainer: New best validation loss: 0.8493, saved to checkpoints/etas_20260506-202807/best_model_1.pth
2026-05-06 20:28:08,750 INFO src.train.trainer: Last model at epoch 26 saved to checkpoints/etas_20260506-202807/last_model_1.pth
2026-05-06 20:28:08,750 INFO src.train.trainer: Epoch 27
2026-05-06 20:28:08,775 INFO src.train.trainer: New best validation loss: 0.8472, saved to checkpoints/etas_20260506-202807/best_model_1.pth
2026-05-06 20:28:08,776 INFO src.train.trainer: Last model at epoch 27 saved to checkpoints/etas_20260506-202807/last_model_1.pth
2026-05-06 20:28:08,777 INFO src.train.trainer: Epoch 28
2026-05-06 20:28:08,803 INFO src.train.trainer: New best validation loss: 0.8451, saved to checkpoints/etas_20260506-202807/best_model_1.pth
2026-05-06 20:28:08,804 INFO src.train.trainer: Last model at epoch 28 saved to checkpoints/etas_20260506-202807/last_model_1.pth
2026-05-06 20:28:08,804 INFO src.train.trainer: Epoch 29
2026-05-06 20:28:08,832 INFO src.train.trainer: New best validation loss: 0.8430, saved to checkpoints/etas_20260506-202807/best_model_1.pth
2026-05-06 20:28:08,833 INFO src.train.trainer: Last model at epoch 29 saved to checkpoints/etas_20260506-202807/last_model_1.pth
2026-05-06 20:28:08,833 INFO src.train.trainer: Epoch 30
2026-05-06 20:28:08,857 INFO src.train.trainer: New best validation loss: 0.8410, saved to checkpoints/etas_20260506-202807/best_model_1.pth
2026-05-06 20:28:08,858 INFO src.train.trainer: Last model at epoch 30 saved to checkpoints/etas_20260506-202807/last_model_1.pth
2026-05-06 20:28:08,858 INFO src.train.trainer: Epoch 31
2026-05-06 20:28:08,884 INFO src.train.trainer: New best validation loss: 0.8391, saved to checkpoints/etas_20260506-202807/best_model_1.pth
2026-05-06 20:28:08,885 INFO src.train.trainer: Last model at epoch 31 saved to checkpoints/etas_20260506-202807/last_model_1.pth
2026-05-06 20:28:08,885 INFO src.train.trainer: Epoch 32
2026-05-06 20:28:08,911 INFO src.train.trainer: New best validation loss: 0.8372, saved to checkpoints/etas_20260506-202807/best_model_1.pth
2026-05-06 20:28:08,912 INFO src.train.trainer: Last model at epoch 32 saved to checkpoints/etas_20260506-202807/last_model_1.pth
2026-05-06 20:28:08,912 INFO src.train.trainer: Epoch 33
2026-05-06 20:28:08,937 INFO src.train.trainer: New best validation loss: 0.8355, saved to checkpoints/etas_20260506-202807/best_model_1.pth
2026-05-06 20:28:08,938 INFO src.train.trainer: Last model at epoch 33 saved to checkpoints/etas_20260506-202807/last_model_1.pth
2026-05-06 20:28:08,938 INFO src.train.trainer: Epoch 34
2026-05-06 20:28:08,964 INFO src.train.trainer: New best validation loss: 0.8338, saved to checkpoints/etas_20260506-202807/best_model_1.pth
2026-05-06 20:28:08,966 INFO src.train.trainer: Last model at epoch 34 saved to checkpoints/etas_20260506-202807/last_model_1.pth
2026-05-06 20:28:08,966 INFO src.train.trainer: Epoch 35
2026-05-06 20:28:08,992 INFO src.train.trainer: New best validation loss: 0.8322, saved to checkpoints/etas_20260506-202807/best_model_1.pth
2026-05-06 20:28:08,993 INFO src.train.trainer: Last model at epoch 35 saved to checkpoints/etas_20260506-202807/last_model_1.pth
2026-05-06 20:28:08,993 INFO src.train.trainer: Epoch 36
2026-05-06 20:28:09,019 INFO src.train.trainer: New best validation loss: 0.8307, saved to checkpoints/etas_20260506-202807/best_model_1.pth
2026-05-06 20:28:09,020 INFO src.train.trainer: Last model at epoch 36 saved to checkpoints/etas_20260506-202807/last_model_1.pth
2026-05-06 20:28:09,020 INFO src.train.trainer: Epoch 37
2026-05-06 20:28:09,046 INFO src.train.trainer: New best validation loss: 0.8293, saved to checkpoints/etas_20260506-202807/best_model_1.pth
2026-05-06 20:28:09,047 INFO src.train.trainer: Last model at epoch 37 saved to checkpoints/etas_20260506-202807/last_model_1.pth
2026-05-06 20:28:09,047 INFO src.train.trainer: Epoch 38
2026-05-06 20:28:09,072 INFO src.train.trainer: New best validation loss: 0.8281, saved to checkpoints/etas_20260506-202807/best_model_1.pth
2026-05-06 20:28:09,073 INFO src.train.trainer: Last model at epoch 38 saved to checkpoints/etas_20260506-202807/last_model_1.pth
2026-05-06 20:28:09,073 INFO src.train.trainer: Epoch 39
2026-05-06 20:28:09,102 INFO src.train.trainer: New best validation loss: 0.8269, saved to checkpoints/etas_20260506-202807/best_model_1.pth
2026-05-06 20:28:09,103 INFO src.train.trainer: Last model at epoch 39 saved to checkpoints/etas_20260506-202807/last_model_1.pth
2026-05-06 20:28:09,103 INFO src.train.trainer: Epoch 40
2026-05-06 20:28:09,130 INFO src.train.trainer: New best validation loss: 0.8258, saved to checkpoints/etas_20260506-202807/best_model_1.pth
2026-05-06 20:28:09,131 INFO src.train.trainer: Last model at epoch 40 saved to checkpoints/etas_20260506-202807/last_model_1.pth
2026-05-06 20:28:09,131 INFO src.train.trainer: Epoch 41
2026-05-06 20:28:09,159 INFO src.train.trainer: New best validation loss: 0.8249, saved to checkpoints/etas_20260506-202807/best_model_1.pth
2026-05-06 20:28:09,160 INFO src.train.trainer: Last model at epoch 41 saved to checkpoints/etas_20260506-202807/last_model_1.pth
2026-05-06 20:28:09,160 INFO src.train.trainer: Epoch 42
2026-05-06 20:28:09,186 INFO src.train.trainer: New best validation loss: 0.8241, saved to checkpoints/etas_20260506-202807/best_model_1.pth
2026-05-06 20:28:09,187 INFO src.train.trainer: Last model at epoch 42 saved to checkpoints/etas_20260506-202807/last_model_1.pth
2026-05-06 20:28:09,187 INFO src.train.trainer: Epoch 43
2026-05-06 20:28:09,214 INFO src.train.trainer: New best validation loss: 0.8234, saved to checkpoints/etas_20260506-202807/best_model_1.pth
2026-05-06 20:28:09,215 INFO src.train.trainer: Last model at epoch 43 saved to checkpoints/etas_20260506-202807/last_model_1.pth
2026-05-06 20:28:09,215 INFO src.train.trainer: Epoch 44
2026-05-06 20:28:09,241 INFO src.train.trainer: New best validation loss: 0.8229, saved to checkpoints/etas_20260506-202807/best_model_1.pth
2026-05-06 20:28:09,242 INFO src.train.trainer: Last model at epoch 44 saved to checkpoints/etas_20260506-202807/last_model_1.pth
2026-05-06 20:28:09,242 INFO src.train.trainer: Epoch 45
2026-05-06 20:28:09,269 INFO src.train.trainer: New best validation loss: 0.8224, saved to checkpoints/etas_20260506-202807/best_model_1.pth
2026-05-06 20:28:09,270 INFO src.train.trainer: Last model at epoch 45 saved to checkpoints/etas_20260506-202807/last_model_1.pth
2026-05-06 20:28:09,270 INFO src.train.trainer: Epoch 46
2026-05-06 20:28:09,296 INFO src.train.trainer: New best validation loss: 0.8221, saved to checkpoints/etas_20260506-202807/best_model_1.pth
2026-05-06 20:28:09,297 INFO src.train.trainer: Last model at epoch 46 saved to checkpoints/etas_20260506-202807/last_model_1.pth
2026-05-06 20:28:09,297 INFO src.train.trainer: Epoch 47
2026-05-06 20:28:09,324 INFO src.train.trainer: New best validation loss: 0.8218, saved to checkpoints/etas_20260506-202807/best_model_1.pth
2026-05-06 20:28:09,324 INFO src.train.trainer: Last model at epoch 47 saved to checkpoints/etas_20260506-202807/last_model_1.pth
2026-05-06 20:28:09,325 INFO src.train.trainer: Epoch 48
2026-05-06 20:28:09,350 INFO src.train.trainer: New best validation loss: 0.8217, saved to checkpoints/etas_20260506-202807/best_model_1.pth
2026-05-06 20:28:09,351 INFO src.train.trainer: Last model at epoch 48 saved to checkpoints/etas_20260506-202807/last_model_1.pth
2026-05-06 20:28:09,351 INFO src.train.trainer: Epoch 49
2026-05-06 20:28:09,381 INFO src.train.trainer: Last model at epoch 49 saved to checkpoints/etas_20260506-202807/last_model_1.pth
2026-05-06 20:28:09,381 INFO src.train.trainer: Epoch 50
2026-05-06 20:28:09,407 INFO src.train.trainer: Last model at epoch 50 saved to checkpoints/etas_20260506-202807/last_model_1.pth
2026-05-06 20:28:09,407 INFO src.train.trainer: Epoch 51
2026-05-06 20:28:09,433 INFO src.train.trainer: Last model at epoch 51 saved to checkpoints/etas_20260506-202807/last_model_1.pth
2026-05-06 20:28:09,433 INFO src.train.trainer: Epoch 52
2026-05-06 20:28:09,459 INFO src.train.trainer: Last model at epoch 52 saved to checkpoints/etas_20260506-202807/last_model_1.pth
2026-05-06 20:28:09,459 INFO src.train.trainer: Epoch 53
2026-05-06 20:28:09,485 INFO src.train.trainer: Last model at epoch 53 saved to checkpoints/etas_20260506-202807/last_model_1.pth
2026-05-06 20:28:09,485 INFO src.train.trainer: Epoch 54
2026-05-06 20:28:09,512 INFO src.train.trainer: Last model at epoch 54 saved to checkpoints/etas_20260506-202807/last_model_1.pth
2026-05-06 20:28:09,512 INFO src.train.trainer: Epoch 55
2026-05-06 20:28:09,538 INFO src.train.trainer: Last model at epoch 55 saved to checkpoints/etas_20260506-202807/last_model_1.pth
2026-05-06 20:28:09,538 INFO src.train.trainer: Epoch 56
2026-05-06 20:28:09,563 INFO src.train.trainer: Last model at epoch 56 saved to checkpoints/etas_20260506-202807/last_model_1.pth
2026-05-06 20:28:09,563 INFO src.train.trainer: Epoch 57
2026-05-06 20:28:09,588 INFO src.train.trainer: Last model at epoch 57 saved to checkpoints/etas_20260506-202807/last_model_1.pth
2026-05-06 20:28:09,589 INFO src.train.trainer: Epoch 58
2026-05-06 20:28:09,614 INFO src.train.trainer: Last model at epoch 58 saved to checkpoints/etas_20260506-202807/last_model_1.pth
2026-05-06 20:28:09,615 INFO src.train.trainer: Epoch 59
2026-05-06 20:28:09,641 INFO src.train.trainer: Last model at epoch 59 saved to checkpoints/etas_20260506-202807/last_model_1.pth
2026-05-06 20:28:09,641 INFO src.train.trainer: Epoch 60
2026-05-06 20:28:09,666 INFO src.train.trainer: Last model at epoch 60 saved to checkpoints/etas_20260506-202807/last_model_1.pth
2026-05-06 20:28:09,666 INFO src.train.trainer: Epoch 61
2026-05-06 20:28:09,693 INFO src.train.trainer: Last model at epoch 61 saved to checkpoints/etas_20260506-202807/last_model_1.pth
2026-05-06 20:28:09,693 INFO src.train.trainer: Epoch 62
2026-05-06 20:28:09,720 INFO src.train.trainer: Last model at epoch 62 saved to checkpoints/etas_20260506-202807/last_model_1.pth
2026-05-06 20:28:09,720 INFO src.train.trainer: Epoch 63
2026-05-06 20:28:09,746 INFO src.train.trainer: Last model at epoch 63 saved to checkpoints/etas_20260506-202807/last_model_1.pth
2026-05-06 20:28:09,746 INFO src.train.trainer: Epoch 64
2026-05-06 20:28:09,774 INFO src.train.trainer: Last model at epoch 64 saved to checkpoints/etas_20260506-202807/last_model_1.pth
2026-05-06 20:28:09,774 INFO src.train.trainer: Epoch 65
2026-05-06 20:28:09,801 INFO src.train.trainer: Last model at epoch 65 saved to checkpoints/etas_20260506-202807/last_model_1.pth
2026-05-06 20:28:09,801 INFO src.train.trainer: Epoch 66
2026-05-06 20:28:09,831 INFO src.train.trainer: Last model at epoch 66 saved to checkpoints/etas_20260506-202807/last_model_1.pth
2026-05-06 20:28:09,831 INFO src.train.trainer: Epoch 67
2026-05-06 20:28:09,856 INFO src.train.trainer: Last model at epoch 67 saved to checkpoints/etas_20260506-202807/last_model_1.pth
2026-05-06 20:28:09,856 INFO src.train.trainer: Epoch 68
2026-05-06 20:28:09,882 INFO src.train.trainer: Last model at epoch 68 saved to checkpoints/etas_20260506-202807/last_model_1.pth
2026-05-06 20:28:09,882 INFO src.train.trainer: Epoch 69
2026-05-06 20:28:09,909 INFO src.train.trainer: Last model at epoch 69 saved to checkpoints/etas_20260506-202807/last_model_1.pth
2026-05-06 20:28:09,909 INFO src.train.trainer: Epoch 70
2026-05-06 20:28:09,934 INFO src.train.trainer: Last model at epoch 70 saved to checkpoints/etas_20260506-202807/last_model_1.pth
2026-05-06 20:28:09,934 INFO src.train.trainer: Epoch 71
2026-05-06 20:28:09,961 INFO src.train.trainer: Last model at epoch 71 saved to checkpoints/etas_20260506-202807/last_model_1.pth
2026-05-06 20:28:09,961 INFO src.train.trainer: Epoch 72
2026-05-06 20:28:09,987 INFO src.train.trainer: Last model at epoch 72 saved to checkpoints/etas_20260506-202807/last_model_1.pth
2026-05-06 20:28:09,987 INFO src.train.trainer: Epoch 73
2026-05-06 20:28:10,015 INFO src.train.trainer: Last model at epoch 73 saved to checkpoints/etas_20260506-202807/last_model_1.pth
2026-05-06 20:28:10,015 INFO src.train.trainer: Epoch 74
2026-05-06 20:28:10,044 INFO src.train.trainer: Last model at epoch 74 saved to checkpoints/etas_20260506-202807/last_model_1.pth
2026-05-06 20:28:10,044 INFO src.train.trainer: Epoch 75
2026-05-06 20:28:10,071 INFO src.train.trainer: Last model at epoch 75 saved to checkpoints/etas_20260506-202807/last_model_1.pth
2026-05-06 20:28:10,071 INFO src.train.trainer: Epoch 76
2026-05-06 20:28:10,098 INFO src.train.trainer: Last model at epoch 76 saved to checkpoints/etas_20260506-202807/last_model_1.pth
2026-05-06 20:28:10,098 INFO src.train.trainer: Epoch 77
2026-05-06 20:28:10,124 INFO src.train.trainer: Last model at epoch 77 saved to checkpoints/etas_20260506-202807/last_model_1.pth
2026-05-06 20:28:10,124 INFO src.train.trainer: Epoch 78
2026-05-06 20:28:10,214 INFO src.train.trainer: Last model at epoch 78 saved to checkpoints/etas_20260506-202807/last_model_1.pth
2026-05-06 20:28:10,214 INFO src.train.trainer: Epoch 79
2026-05-06 20:28:10,242 INFO src.train.trainer: Last model at epoch 79 saved to checkpoints/etas_20260506-202807/last_model_1.pth
2026-05-06 20:28:10,242 INFO src.train.trainer: Epoch 80
2026-05-06 20:28:10,269 INFO src.train.trainer: Last model at epoch 80 saved to checkpoints/etas_20260506-202807/last_model_1.pth
2026-05-06 20:28:10,269 INFO src.train.trainer: Epoch 81
2026-05-06 20:28:10,328 INFO src.train.trainer: Last model at epoch 81 saved to checkpoints/etas_20260506-202807/last_model_1.pth
2026-05-06 20:28:10,328 INFO src.train.trainer: Epoch 82
2026-05-06 20:28:10,354 INFO src.train.trainer: Last model at epoch 82 saved to checkpoints/etas_20260506-202807/last_model_1.pth
2026-05-06 20:28:10,355 INFO src.train.trainer: Epoch 83
2026-05-06 20:28:10,382 INFO src.train.trainer: Last model at epoch 83 saved to checkpoints/etas_20260506-202807/last_model_1.pth
2026-05-06 20:28:10,382 INFO src.train.trainer: Epoch 84
2026-05-06 20:28:10,411 INFO src.train.trainer: Last model at epoch 84 saved to checkpoints/etas_20260506-202807/last_model_1.pth
2026-05-06 20:28:10,411 INFO src.train.trainer: Epoch 85
2026-05-06 20:28:10,437 INFO src.train.trainer: Last model at epoch 85 saved to checkpoints/etas_20260506-202807/last_model_1.pth
2026-05-06 20:28:10,437 INFO src.train.trainer: Epoch 86
2026-05-06 20:28:10,464 INFO src.train.trainer: Last model at epoch 86 saved to checkpoints/etas_20260506-202807/last_model_1.pth
2026-05-06 20:28:10,464 INFO src.train.trainer: Epoch 87
2026-05-06 20:28:10,491 INFO src.train.trainer: Last model at epoch 87 saved to checkpoints/etas_20260506-202807/last_model_1.pth
2026-05-06 20:28:10,491 INFO src.train.trainer: Epoch 88
2026-05-06 20:28:10,518 INFO src.train.trainer: Last model at epoch 88 saved to checkpoints/etas_20260506-202807/last_model_1.pth
2026-05-06 20:28:10,518 INFO src.train.trainer: Epoch 89
2026-05-06 20:28:10,545 INFO src.train.trainer: Last model at epoch 89 saved to checkpoints/etas_20260506-202807/last_model_1.pth
2026-05-06 20:28:10,545 INFO src.train.trainer: Epoch 90
2026-05-06 20:28:10,574 INFO src.train.trainer: Last model at epoch 90 saved to checkpoints/etas_20260506-202807/last_model_1.pth
2026-05-06 20:28:10,574 INFO src.train.trainer: Epoch 91
2026-05-06 20:28:10,603 INFO src.train.trainer: Last model at epoch 91 saved to checkpoints/etas_20260506-202807/last_model_1.pth
2026-05-06 20:28:10,603 INFO src.train.trainer: Epoch 92
2026-05-06 20:28:10,629 INFO src.train.trainer: Last model at epoch 92 saved to checkpoints/etas_20260506-202807/last_model_1.pth
2026-05-06 20:28:10,630 INFO src.train.trainer: Epoch 93
2026-05-06 20:28:10,658 INFO src.train.trainer: Last model at epoch 93 saved to checkpoints/etas_20260506-202807/last_model_1.pth
2026-05-06 20:28:10,659 INFO src.train.trainer: Epoch 94
2026-05-06 20:28:10,685 INFO src.train.trainer: Last model at epoch 94 saved to checkpoints/etas_20260506-202807/last_model_1.pth
2026-05-06 20:28:10,685 INFO src.train.trainer: Epoch 95
2026-05-06 20:28:10,713 INFO src.train.trainer: Last model at epoch 95 saved to checkpoints/etas_20260506-202807/last_model_1.pth
2026-05-06 20:28:10,713 INFO src.train.trainer: Epoch 96
2026-05-06 20:28:10,739 INFO src.train.trainer: Last model at epoch 96 saved to checkpoints/etas_20260506-202807/last_model_1.pth
2026-05-06 20:28:10,740 INFO src.train.trainer: Epoch 97
2026-05-06 20:28:10,766 INFO src.train.trainer: Last model at epoch 97 saved to checkpoints/etas_20260506-202807/last_model_1.pth
2026-05-06 20:28:10,766 INFO src.train.trainer: Epoch 98
2026-05-06 20:28:10,793 INFO src.train.trainer: Last model at epoch 98 saved to checkpoints/etas_20260506-202807/last_model_1.pth
2026-05-06 20:28:10,793 INFO src.train.trainer: Epoch 99
2026-05-06 20:28:10,821 INFO src.train.trainer: Last model at epoch 99 saved to checkpoints/etas_20260506-202807/last_model_1.pth
2026-05-06 20:28:10,821 INFO src.train.trainer: Epoch 100
2026-05-06 20:28:10,848 INFO src.train.trainer: Last model at epoch 100 saved to checkpoints/etas_20260506-202807/last_model_1.pth
2026-05-06 20:28:10,849 INFO src.train.trainer: Epoch 101
2026-05-06 20:28:10,875 INFO src.train.trainer: Last model at epoch 101 saved to checkpoints/etas_20260506-202807/last_model_1.pth
2026-05-06 20:28:10,875 INFO src.train.trainer: Epoch 102
2026-05-06 20:28:10,902 INFO src.train.trainer: Last model at epoch 102 saved to checkpoints/etas_20260506-202807/last_model_1.pth
2026-05-06 20:28:10,902 INFO src.train.trainer: Epoch 103
2026-05-06 20:28:10,927 INFO src.train.trainer: Last model at epoch 103 saved to checkpoints/etas_20260506-202807/last_model_1.pth
2026-05-06 20:28:10,928 INFO src.train.trainer: Epoch 104
2026-05-06 20:28:10,953 INFO src.train.trainer: Last model at epoch 104 saved to checkpoints/etas_20260506-202807/last_model_1.pth
2026-05-06 20:28:10,953 INFO src.train.trainer: Epoch 105
2026-05-06 20:28:10,980 INFO src.train.trainer: Last model at epoch 105 saved to checkpoints/etas_20260506-202807/last_model_1.pth
2026-05-06 20:28:10,980 INFO src.train.trainer: Epoch 106
2026-05-06 20:28:11,008 INFO src.train.trainer: Last model at epoch 106 saved to checkpoints/etas_20260506-202807/last_model_1.pth
2026-05-06 20:28:11,008 INFO src.train.trainer: Epoch 107
2026-05-06 20:28:11,034 INFO src.train.trainer: Last model at epoch 107 saved to checkpoints/etas_20260506-202807/last_model_1.pth
2026-05-06 20:28:11,034 INFO src.train.trainer: Epoch 108
2026-05-06 20:28:11,061 INFO src.train.trainer: Last model at epoch 108 saved to checkpoints/etas_20260506-202807/last_model_1.pth
2026-05-06 20:28:11,061 INFO src.train.trainer: Epoch 109
2026-05-06 20:28:11,086 INFO src.train.trainer: Last model at epoch 109 saved to checkpoints/etas_20260506-202807/last_model_1.pth
2026-05-06 20:28:11,086 INFO src.train.trainer: Epoch 110
2026-05-06 20:28:11,112 INFO src.train.trainer: Last model at epoch 110 saved to checkpoints/etas_20260506-202807/last_model_1.pth
2026-05-06 20:28:11,112 INFO src.train.trainer: Epoch 111
2026-05-06 20:28:11,139 INFO src.train.trainer: Last model at epoch 111 saved to checkpoints/etas_20260506-202807/last_model_1.pth
2026-05-06 20:28:11,139 INFO src.train.trainer: Epoch 112
2026-05-06 20:28:11,169 INFO src.train.trainer: Last model at epoch 112 saved to checkpoints/etas_20260506-202807/last_model_1.pth
2026-05-06 20:28:11,169 INFO src.train.trainer: Epoch 113
2026-05-06 20:28:11,195 INFO src.train.trainer: Last model at epoch 113 saved to checkpoints/etas_20260506-202807/last_model_1.pth
2026-05-06 20:28:11,195 INFO src.train.trainer: Epoch 114
2026-05-06 20:28:11,221 INFO src.train.trainer: Last model at epoch 114 saved to checkpoints/etas_20260506-202807/last_model_1.pth
2026-05-06 20:28:11,221 INFO src.train.trainer: Epoch 115
2026-05-06 20:28:11,246 INFO src.train.trainer: Last model at epoch 115 saved to checkpoints/etas_20260506-202807/last_model_1.pth
2026-05-06 20:28:11,247 INFO src.train.trainer: Epoch 116
2026-05-06 20:28:11,272 INFO src.train.trainer: Last model at epoch 116 saved to checkpoints/etas_20260506-202807/last_model_1.pth
2026-05-06 20:28:11,272 INFO src.train.trainer: Epoch 117
2026-05-06 20:28:11,299 INFO src.train.trainer: Last model at epoch 117 saved to checkpoints/etas_20260506-202807/last_model_1.pth
2026-05-06 20:28:11,299 INFO src.train.trainer: Epoch 118
2026-05-06 20:28:11,324 INFO src.train.trainer: Last model at epoch 118 saved to checkpoints/etas_20260506-202807/last_model_1.pth
2026-05-06 20:28:11,325 INFO src.train.trainer: Epoch 119
2026-05-06 20:28:11,350 INFO src.train.trainer: Last model at epoch 119 saved to checkpoints/etas_20260506-202807/last_model_1.pth
2026-05-06 20:28:11,350 INFO src.train.trainer: Epoch 120
2026-05-06 20:28:11,377 INFO src.train.trainer: Last model at epoch 120 saved to checkpoints/etas_20260506-202807/last_model_1.pth
2026-05-06 20:28:11,377 INFO src.train.trainer: Epoch 121
2026-05-06 20:28:11,403 INFO src.train.trainer: Last model at epoch 121 saved to checkpoints/etas_20260506-202807/last_model_1.pth
2026-05-06 20:28:11,403 INFO src.train.trainer: Epoch 122
2026-05-06 20:28:11,428 INFO src.train.trainer: Last model at epoch 122 saved to checkpoints/etas_20260506-202807/last_model_1.pth
2026-05-06 20:28:11,428 INFO src.train.trainer: Epoch 123
2026-05-06 20:28:11,454 INFO src.train.trainer: Last model at epoch 123 saved to checkpoints/etas_20260506-202807/last_model_1.pth
2026-05-06 20:28:11,454 INFO src.train.trainer: Epoch 124
2026-05-06 20:28:11,479 INFO src.train.trainer: Last model at epoch 124 saved to checkpoints/etas_20260506-202807/last_model_1.pth
2026-05-06 20:28:11,479 INFO src.train.trainer: Epoch 125
2026-05-06 20:28:11,504 INFO src.train.trainer: Last model at epoch 125 saved to checkpoints/etas_20260506-202807/last_model_1.pth
2026-05-06 20:28:11,504 INFO src.train.trainer: Epoch 126
2026-05-06 20:28:11,530 INFO src.train.trainer: Last model at epoch 126 saved to checkpoints/etas_20260506-202807/last_model_1.pth
2026-05-06 20:28:11,530 INFO src.train.trainer: Epoch 127
2026-05-06 20:28:11,555 INFO src.train.trainer: Last model at epoch 127 saved to checkpoints/etas_20260506-202807/last_model_1.pth
2026-05-06 20:28:11,555 INFO src.train.trainer: Epoch 128
2026-05-06 20:28:11,581 INFO src.train.trainer: Last model at epoch 128 saved to checkpoints/etas_20260506-202807/last_model_1.pth
2026-05-06 20:28:11,581 INFO src.train.trainer: Epoch 129
2026-05-06 20:28:11,607 INFO src.train.trainer: Last model at epoch 129 saved to checkpoints/etas_20260506-202807/last_model_1.pth
2026-05-06 20:28:11,607 INFO src.train.trainer: Epoch 130
2026-05-06 20:28:11,632 INFO src.train.trainer: Last model at epoch 130 saved to checkpoints/etas_20260506-202807/last_model_1.pth
2026-05-06 20:28:11,632 INFO src.train.trainer: Epoch 131
2026-05-06 20:28:11,657 INFO src.train.trainer: Last model at epoch 131 saved to checkpoints/etas_20260506-202807/last_model_1.pth
2026-05-06 20:28:11,657 INFO src.train.trainer: Epoch 132
2026-05-06 20:28:11,682 INFO src.train.trainer: Last model at epoch 132 saved to checkpoints/etas_20260506-202807/last_model_1.pth
2026-05-06 20:28:11,682 INFO src.train.trainer: Epoch 133
2026-05-06 20:28:11,707 INFO src.train.trainer: Last model at epoch 133 saved to checkpoints/etas_20260506-202807/last_model_1.pth
2026-05-06 20:28:11,707 INFO src.train.trainer: Epoch 134
2026-05-06 20:28:11,807 INFO src.train.trainer: Last model at epoch 134 saved to checkpoints/etas_20260506-202807/last_model_1.pth
2026-05-06 20:28:11,807 INFO src.train.trainer: Epoch 135
2026-05-06 20:28:11,834 INFO src.train.trainer: Last model at epoch 135 saved to checkpoints/etas_20260506-202807/last_model_1.pth
2026-05-06 20:28:11,834 INFO src.train.trainer: Epoch 136
2026-05-06 20:28:11,859 INFO src.train.trainer: Last model at epoch 136 saved to checkpoints/etas_20260506-202807/last_model_1.pth
2026-05-06 20:28:11,859 INFO src.train.trainer: Epoch 137
2026-05-06 20:28:11,884 INFO src.train.trainer: Last model at epoch 137 saved to checkpoints/etas_20260506-202807/last_model_1.pth
2026-05-06 20:28:11,884 INFO src.train.trainer: Epoch 138
2026-05-06 20:28:11,909 INFO src.train.trainer: Last model at epoch 138 saved to checkpoints/etas_20260506-202807/last_model_1.pth
2026-05-06 20:28:11,909 INFO src.train.trainer: Epoch 139
2026-05-06 20:28:11,935 INFO src.train.trainer: Last model at epoch 139 saved to checkpoints/etas_20260506-202807/last_model_1.pth
2026-05-06 20:28:11,935 INFO src.train.trainer: Epoch 140
2026-05-06 20:28:11,960 INFO src.train.trainer: Last model at epoch 140 saved to checkpoints/etas_20260506-202807/last_model_1.pth
2026-05-06 20:28:11,960 INFO src.train.trainer: Epoch 141
2026-05-06 20:28:11,986 INFO src.train.trainer: Last model at epoch 141 saved to checkpoints/etas_20260506-202807/last_model_1.pth
2026-05-06 20:28:11,986 INFO src.train.trainer: Epoch 142
2026-05-06 20:28:12,011 INFO src.train.trainer: Last model at epoch 142 saved to checkpoints/etas_20260506-202807/last_model_1.pth
2026-05-06 20:28:12,011 INFO src.train.trainer: Epoch 143
2026-05-06 20:28:12,036 INFO src.train.trainer: Last model at epoch 143 saved to checkpoints/etas_20260506-202807/last_model_1.pth
2026-05-06 20:28:12,036 INFO src.train.trainer: Epoch 144
2026-05-06 20:28:12,061 INFO src.train.trainer: Last model at epoch 144 saved to checkpoints/etas_20260506-202807/last_model_1.pth
2026-05-06 20:28:12,061 INFO src.train.trainer: Epoch 145
2026-05-06 20:28:12,086 INFO src.train.trainer: Last model at epoch 145 saved to checkpoints/etas_20260506-202807/last_model_1.pth
2026-05-06 20:28:12,086 INFO src.train.trainer: Epoch 146
2026-05-06 20:28:12,110 INFO src.train.trainer: Last model at epoch 146 saved to checkpoints/etas_20260506-202807/last_model_1.pth
2026-05-06 20:28:12,111 INFO src.train.trainer: Epoch 147
2026-05-06 20:28:12,135 INFO src.train.trainer: Last model at epoch 147 saved to checkpoints/etas_20260506-202807/last_model_1.pth
2026-05-06 20:28:12,135 INFO src.train.trainer: Epoch 148
2026-05-06 20:28:12,161 INFO src.train.trainer: Last model at epoch 148 saved to checkpoints/etas_20260506-202807/last_model_1.pth
2026-05-06 20:28:12,161 INFO src.train.trainer: Epoch 149
2026-05-06 20:28:12,186 INFO src.train.trainer: Last model at epoch 149 saved to checkpoints/etas_20260506-202807/last_model_1.pth
2026-05-06 20:28:12,186 INFO src.train.trainer: Epoch 150
2026-05-06 20:28:12,211 INFO src.train.trainer: Last model at epoch 150 saved to checkpoints/etas_20260506-202807/last_model_1.pth
2026-05-06 20:28:12,211 INFO src.train.trainer: Epoch 151
2026-05-06 20:28:12,237 INFO src.train.trainer: Last model at epoch 151 saved to checkpoints/etas_20260506-202807/last_model_1.pth
2026-05-06 20:28:12,237 INFO src.train.trainer: Epoch 152
2026-05-06 20:28:12,262 INFO src.train.trainer: Last model at epoch 152 saved to checkpoints/etas_20260506-202807/last_model_1.pth
2026-05-06 20:28:12,262 INFO src.train.trainer: Epoch 153
2026-05-06 20:28:12,287 INFO src.train.trainer: Last model at epoch 153 saved to checkpoints/etas_20260506-202807/last_model_1.pth
2026-05-06 20:28:12,287 INFO src.train.trainer: Epoch 154
2026-05-06 20:28:12,312 INFO src.train.trainer: Last model at epoch 154 saved to checkpoints/etas_20260506-202807/last_model_1.pth
2026-05-06 20:28:12,312 INFO src.train.trainer: Epoch 155
2026-05-06 20:28:12,338 INFO src.train.trainer: Last model at epoch 155 saved to checkpoints/etas_20260506-202807/last_model_1.pth
2026-05-06 20:28:12,338 INFO src.train.trainer: Epoch 156
2026-05-06 20:28:12,363 INFO src.train.trainer: Last model at epoch 156 saved to checkpoints/etas_20260506-202807/last_model_1.pth
2026-05-06 20:28:12,363 INFO src.train.trainer: Epoch 157
2026-05-06 20:28:12,389 INFO src.train.trainer: Last model at epoch 157 saved to checkpoints/etas_20260506-202807/last_model_1.pth
2026-05-06 20:28:12,389 INFO src.train.trainer: Epoch 158
2026-05-06 20:28:12,414 INFO src.train.trainer: Last model at epoch 158 saved to checkpoints/etas_20260506-202807/last_model_1.pth
2026-05-06 20:28:12,414 INFO src.train.trainer: Epoch 159
2026-05-06 20:28:12,439 INFO src.train.trainer: Last model at epoch 159 saved to checkpoints/etas_20260506-202807/last_model_1.pth
2026-05-06 20:28:12,439 INFO src.train.trainer: Epoch 160
2026-05-06 20:28:12,465 INFO src.train.trainer: Last model at epoch 160 saved to checkpoints/etas_20260506-202807/last_model_1.pth
2026-05-06 20:28:12,466 INFO src.train.trainer: Epoch 161
2026-05-06 20:28:12,490 INFO src.train.trainer: Last model at epoch 161 saved to checkpoints/etas_20260506-202807/last_model_1.pth
2026-05-06 20:28:12,490 INFO src.train.trainer: Epoch 162
2026-05-06 20:28:12,516 INFO src.train.trainer: Last model at epoch 162 saved to checkpoints/etas_20260506-202807/last_model_1.pth
2026-05-06 20:28:12,516 INFO src.train.trainer: Epoch 163
2026-05-06 20:28:12,541 INFO src.train.trainer: Last model at epoch 163 saved to checkpoints/etas_20260506-202807/last_model_1.pth
2026-05-06 20:28:12,541 INFO src.train.trainer: Epoch 164
2026-05-06 20:28:12,566 INFO src.train.trainer: Last model at epoch 164 saved to checkpoints/etas_20260506-202807/last_model_1.pth
2026-05-06 20:28:12,566 INFO src.train.trainer: Epoch 165
2026-05-06 20:28:12,592 INFO src.train.trainer: Last model at epoch 165 saved to checkpoints/etas_20260506-202807/last_model_1.pth
2026-05-06 20:28:12,592 INFO src.train.trainer: Epoch 166
2026-05-06 20:28:12,616 INFO src.train.trainer: Last model at epoch 166 saved to checkpoints/etas_20260506-202807/last_model_1.pth
2026-05-06 20:28:12,616 INFO src.train.trainer: Epoch 167
2026-05-06 20:28:12,642 INFO src.train.trainer: Last model at epoch 167 saved to checkpoints/etas_20260506-202807/last_model_1.pth
2026-05-06 20:28:12,642 INFO src.train.trainer: Epoch 168
2026-05-06 20:28:12,667 INFO src.train.trainer: Last model at epoch 168 saved to checkpoints/etas_20260506-202807/last_model_1.pth
2026-05-06 20:28:12,667 INFO src.train.trainer: Epoch 169
2026-05-06 20:28:12,692 INFO src.train.trainer: Last model at epoch 169 saved to checkpoints/etas_20260506-202807/last_model_1.pth
2026-05-06 20:28:12,692 INFO src.train.trainer: Epoch 170
2026-05-06 20:28:12,718 INFO src.train.trainer: Last model at epoch 170 saved to checkpoints/etas_20260506-202807/last_model_1.pth
2026-05-06 20:28:12,718 INFO src.train.trainer: Epoch 171
2026-05-06 20:28:12,744 INFO src.train.trainer: Last model at epoch 171 saved to checkpoints/etas_20260506-202807/last_model_1.pth
2026-05-06 20:28:12,744 INFO src.train.trainer: Epoch 172
2026-05-06 20:28:12,770 INFO src.train.trainer: Last model at epoch 172 saved to checkpoints/etas_20260506-202807/last_model_1.pth
2026-05-06 20:28:12,770 INFO src.train.trainer: Epoch 173
2026-05-06 20:28:12,795 INFO src.train.trainer: Last model at epoch 173 saved to checkpoints/etas_20260506-202807/last_model_1.pth
2026-05-06 20:28:12,795 INFO src.train.trainer: Epoch 174
2026-05-06 20:28:12,821 INFO src.train.trainer: Last model at epoch 174 saved to checkpoints/etas_20260506-202807/last_model_1.pth
2026-05-06 20:28:12,821 INFO src.train.trainer: Epoch 175
2026-05-06 20:28:12,846 INFO src.train.trainer: Last model at epoch 175 saved to checkpoints/etas_20260506-202807/last_model_1.pth
2026-05-06 20:28:12,846 INFO src.train.trainer: Epoch 176
2026-05-06 20:28:12,871 INFO src.train.trainer: Last model at epoch 176 saved to checkpoints/etas_20260506-202807/last_model_1.pth
2026-05-06 20:28:12,872 INFO src.train.trainer: Epoch 177
2026-05-06 20:28:12,897 INFO src.train.trainer: Last model at epoch 177 saved to checkpoints/etas_20260506-202807/last_model_1.pth
2026-05-06 20:28:12,897 INFO src.train.trainer: Epoch 178
2026-05-06 20:28:12,922 INFO src.train.trainer: Last model at epoch 178 saved to checkpoints/etas_20260506-202807/last_model_1.pth
2026-05-06 20:28:12,922 INFO src.train.trainer: Epoch 179
2026-05-06 20:28:12,947 INFO src.train.trainer: Last model at epoch 179 saved to checkpoints/etas_20260506-202807/last_model_1.pth
2026-05-06 20:28:12,947 INFO src.train.trainer: Epoch 180
2026-05-06 20:28:12,972 INFO src.train.trainer: Last model at epoch 180 saved to checkpoints/etas_20260506-202807/last_model_1.pth
2026-05-06 20:28:12,973 INFO src.train.trainer: Epoch 181
2026-05-06 20:28:12,998 INFO src.train.trainer: Last model at epoch 181 saved to checkpoints/etas_20260506-202807/last_model_1.pth
2026-05-06 20:28:12,998 INFO src.train.trainer: Epoch 182
2026-05-06 20:28:13,024 INFO src.train.trainer: Last model at epoch 182 saved to checkpoints/etas_20260506-202807/last_model_1.pth
2026-05-06 20:28:13,024 INFO src.train.trainer: Epoch 183
2026-05-06 20:28:13,048 INFO src.train.trainer: Last model at epoch 183 saved to checkpoints/etas_20260506-202807/last_model_1.pth
2026-05-06 20:28:13,048 INFO src.train.trainer: Epoch 184
2026-05-06 20:28:13,074 INFO src.train.trainer: Last model at epoch 184 saved to checkpoints/etas_20260506-202807/last_model_1.pth
2026-05-06 20:28:13,074 INFO src.train.trainer: Epoch 185
2026-05-06 20:28:13,099 INFO src.train.trainer: Last model at epoch 185 saved to checkpoints/etas_20260506-202807/last_model_1.pth
2026-05-06 20:28:13,099 INFO src.train.trainer: Epoch 186
2026-05-06 20:28:13,124 INFO src.train.trainer: Last model at epoch 186 saved to checkpoints/etas_20260506-202807/last_model_1.pth
2026-05-06 20:28:13,124 INFO src.train.trainer: Epoch 187
2026-05-06 20:28:13,149 INFO src.train.trainer: Last model at epoch 187 saved to checkpoints/etas_20260506-202807/last_model_1.pth
2026-05-06 20:28:13,149 INFO src.train.trainer: Epoch 188
2026-05-06 20:28:13,174 INFO src.train.trainer: Last model at epoch 188 saved to checkpoints/etas_20260506-202807/last_model_1.pth
2026-05-06 20:28:13,174 INFO src.train.trainer: Epoch 189
2026-05-06 20:28:13,199 INFO src.train.trainer: Last model at epoch 189 saved to checkpoints/etas_20260506-202807/last_model_1.pth
2026-05-06 20:28:13,200 INFO src.train.trainer: Epoch 190
2026-05-06 20:28:13,225 INFO src.train.trainer: Last model at epoch 190 saved to checkpoints/etas_20260506-202807/last_model_1.pth
2026-05-06 20:28:13,225 INFO src.train.trainer: Epoch 191
2026-05-06 20:28:13,251 INFO src.train.trainer: Last model at epoch 191 saved to checkpoints/etas_20260506-202807/last_model_1.pth
2026-05-06 20:28:13,251 INFO src.train.trainer: Epoch 192
2026-05-06 20:28:13,276 INFO src.train.trainer: Last model at epoch 192 saved to checkpoints/etas_20260506-202807/last_model_1.pth
2026-05-06 20:28:13,276 INFO src.train.trainer: Epoch 193
2026-05-06 20:28:13,301 INFO src.train.trainer: Last model at epoch 193 saved to checkpoints/etas_20260506-202807/last_model_1.pth
2026-05-06 20:28:13,301 INFO src.train.trainer: Epoch 194
2026-05-06 20:28:13,326 INFO src.train.trainer: Last model at epoch 194 saved to checkpoints/etas_20260506-202807/last_model_1.pth
2026-05-06 20:28:13,326 INFO src.train.trainer: Epoch 195
2026-05-06 20:28:13,352 INFO src.train.trainer: Last model at epoch 195 saved to checkpoints/etas_20260506-202807/last_model_1.pth
2026-05-06 20:28:13,352 INFO src.train.trainer: Epoch 196
2026-05-06 20:28:13,377 INFO src.train.trainer: Last model at epoch 196 saved to checkpoints/etas_20260506-202807/last_model_1.pth
2026-05-06 20:28:13,377 INFO src.train.trainer: Epoch 197
2026-05-06 20:28:13,401 INFO src.train.trainer: Last model at epoch 197 saved to checkpoints/etas_20260506-202807/last_model_1.pth
2026-05-06 20:28:13,402 INFO src.train.trainer: Epoch 198
2026-05-06 20:28:13,427 INFO src.train.trainer: Last model at epoch 198 saved to checkpoints/etas_20260506-202807/last_model_1.pth
2026-05-06 20:28:13,427 INFO src.train.trainer: Epoch 199
2026-05-06 20:28:13,452 INFO src.train.trainer: Last model at epoch 199 saved to checkpoints/etas_20260506-202807/last_model_1.pth
2026-05-06 20:28:13,452 INFO src.train.trainer: Epoch 200
2026-05-06 20:28:13,476 INFO src.train.trainer: Last model at epoch 200 saved to checkpoints/etas_20260506-202807/last_model_1.pth
2026-05-06 20:28:13,477 INFO src.train.trainer: Epoch 201
2026-05-06 20:28:13,501 INFO src.train.trainer: Last model at epoch 201 saved to checkpoints/etas_20260506-202807/last_model_1.pth
2026-05-06 20:28:13,501 INFO src.train.trainer: Epoch 202
2026-05-06 20:28:13,526 INFO src.train.trainer: Last model at epoch 202 saved to checkpoints/etas_20260506-202807/last_model_1.pth
2026-05-06 20:28:13,526 INFO src.train.trainer: Epoch 203
2026-05-06 20:28:13,551 INFO src.train.trainer: Last model at epoch 203 saved to checkpoints/etas_20260506-202807/last_model_1.pth
2026-05-06 20:28:13,552 INFO src.train.trainer: Epoch 204
2026-05-06 20:28:13,576 INFO src.train.trainer: Last model at epoch 204 saved to checkpoints/etas_20260506-202807/last_model_1.pth
2026-05-06 20:28:13,577 INFO src.train.trainer: Epoch 205
2026-05-06 20:28:13,601 INFO src.train.trainer: Last model at epoch 205 saved to checkpoints/etas_20260506-202807/last_model_1.pth
2026-05-06 20:28:13,602 INFO src.train.trainer: Epoch 206
2026-05-06 20:28:13,626 INFO src.train.trainer: Last model at epoch 206 saved to checkpoints/etas_20260506-202807/last_model_1.pth
2026-05-06 20:28:13,627 INFO src.train.trainer: Epoch 207
2026-05-06 20:28:13,651 INFO src.train.trainer: Last model at epoch 207 saved to checkpoints/etas_20260506-202807/last_model_1.pth
2026-05-06 20:28:13,651 INFO src.train.trainer: Epoch 208
2026-05-06 20:28:13,676 INFO src.train.trainer: Last model at epoch 208 saved to checkpoints/etas_20260506-202807/last_model_1.pth
2026-05-06 20:28:13,676 INFO src.train.trainer: Epoch 209
2026-05-06 20:28:13,701 INFO src.train.trainer: Last model at epoch 209 saved to checkpoints/etas_20260506-202807/last_model_1.pth
2026-05-06 20:28:13,701 INFO src.train.trainer: Epoch 210
2026-05-06 20:28:13,726 INFO src.train.trainer: Last model at epoch 210 saved to checkpoints/etas_20260506-202807/last_model_1.pth
2026-05-06 20:28:13,726 INFO src.train.trainer: Epoch 211
2026-05-06 20:28:13,751 INFO src.train.trainer: Last model at epoch 211 saved to checkpoints/etas_20260506-202807/last_model_1.pth
2026-05-06 20:28:13,751 INFO src.train.trainer: Epoch 212
2026-05-06 20:28:13,776 INFO src.train.trainer: Last model at epoch 212 saved to checkpoints/etas_20260506-202807/last_model_1.pth
2026-05-06 20:28:13,776 INFO src.train.trainer: Epoch 213
2026-05-06 20:28:13,801 INFO src.train.trainer: Last model at epoch 213 saved to checkpoints/etas_20260506-202807/last_model_1.pth
2026-05-06 20:28:13,802 INFO src.train.trainer: Epoch 214
2026-05-06 20:28:13,826 INFO src.train.trainer: Last model at epoch 214 saved to checkpoints/etas_20260506-202807/last_model_1.pth
2026-05-06 20:28:13,826 INFO src.train.trainer: Epoch 215
2026-05-06 20:28:13,851 INFO src.train.trainer: Last model at epoch 215 saved to checkpoints/etas_20260506-202807/last_model_1.pth
2026-05-06 20:28:13,851 INFO src.train.trainer: Epoch 216
2026-05-06 20:28:13,876 INFO src.train.trainer: Last model at epoch 216 saved to checkpoints/etas_20260506-202807/last_model_1.pth
2026-05-06 20:28:13,877 INFO src.train.trainer: Epoch 217
2026-05-06 20:28:13,902 INFO src.train.trainer: Last model at epoch 217 saved to checkpoints/etas_20260506-202807/last_model_1.pth
2026-05-06 20:28:13,902 INFO src.train.trainer: Epoch 218
2026-05-06 20:28:13,927 INFO src.train.trainer: Last model at epoch 218 saved to checkpoints/etas_20260506-202807/last_model_1.pth
2026-05-06 20:28:13,927 INFO src.train.trainer: Epoch 219
2026-05-06 20:28:13,952 INFO src.train.trainer: Last model at epoch 219 saved to checkpoints/etas_20260506-202807/last_model_1.pth
2026-05-06 20:28:13,952 INFO src.train.trainer: Epoch 220
2026-05-06 20:28:13,977 INFO src.train.trainer: Last model at epoch 220 saved to checkpoints/etas_20260506-202807/last_model_1.pth
2026-05-06 20:28:13,977 INFO src.train.trainer: Epoch 221
2026-05-06 20:28:14,002 INFO src.train.trainer: Last model at epoch 221 saved to checkpoints/etas_20260506-202807/last_model_1.pth
2026-05-06 20:28:14,002 INFO src.train.trainer: Epoch 222
2026-05-06 20:28:14,027 INFO src.train.trainer: Last model at epoch 222 saved to checkpoints/etas_20260506-202807/last_model_1.pth
2026-05-06 20:28:14,027 INFO src.train.trainer: Epoch 223
2026-05-06 20:28:14,052 INFO src.train.trainer: Last model at epoch 223 saved to checkpoints/etas_20260506-202807/last_model_1.pth
2026-05-06 20:28:14,052 INFO src.train.trainer: Epoch 224
2026-05-06 20:28:14,077 INFO src.train.trainer: Last model at epoch 224 saved to checkpoints/etas_20260506-202807/last_model_1.pth
2026-05-06 20:28:14,077 INFO src.train.trainer: Epoch 225
2026-05-06 20:28:14,102 INFO src.train.trainer: Last model at epoch 225 saved to checkpoints/etas_20260506-202807/last_model_1.pth
2026-05-06 20:28:14,102 INFO src.train.trainer: Epoch 226
2026-05-06 20:28:14,127 INFO src.train.trainer: Last model at epoch 226 saved to checkpoints/etas_20260506-202807/last_model_1.pth
2026-05-06 20:28:14,127 INFO src.train.trainer: Epoch 227
2026-05-06 20:28:14,151 INFO src.train.trainer: Last model at epoch 227 saved to checkpoints/etas_20260506-202807/last_model_1.pth
2026-05-06 20:28:14,152 INFO src.train.trainer: Epoch 228
2026-05-06 20:28:14,177 INFO src.train.trainer: Last model at epoch 228 saved to checkpoints/etas_20260506-202807/last_model_1.pth
2026-05-06 20:28:14,177 INFO src.train.trainer: Epoch 229
2026-05-06 20:28:14,202 INFO src.train.trainer: Last model at epoch 229 saved to checkpoints/etas_20260506-202807/last_model_1.pth
2026-05-06 20:28:14,202 INFO src.train.trainer: Epoch 230
2026-05-06 20:28:14,227 INFO src.train.trainer: Last model at epoch 230 saved to checkpoints/etas_20260506-202807/last_model_1.pth
2026-05-06 20:28:14,227 INFO src.train.trainer: Epoch 231
2026-05-06 20:28:14,252 INFO src.train.trainer: Last model at epoch 231 saved to checkpoints/etas_20260506-202807/last_model_1.pth
2026-05-06 20:28:14,252 INFO src.train.trainer: Epoch 232
2026-05-06 20:28:14,279 INFO src.train.trainer: Last model at epoch 232 saved to checkpoints/etas_20260506-202807/last_model_1.pth
2026-05-06 20:28:14,279 INFO src.train.trainer: Epoch 233
2026-05-06 20:28:14,305 INFO src.train.trainer: Last model at epoch 233 saved to checkpoints/etas_20260506-202807/last_model_1.pth
2026-05-06 20:28:14,305 INFO src.train.trainer: Epoch 234
2026-05-06 20:28:14,331 INFO src.train.trainer: Last model at epoch 234 saved to checkpoints/etas_20260506-202807/last_model_1.pth
2026-05-06 20:28:14,331 INFO src.train.trainer: Epoch 235
2026-05-06 20:28:14,357 INFO src.train.trainer: Last model at epoch 235 saved to checkpoints/etas_20260506-202807/last_model_1.pth
2026-05-06 20:28:14,357 INFO src.train.trainer: Epoch 236
2026-05-06 20:28:14,383 INFO src.train.trainer: Last model at epoch 236 saved to checkpoints/etas_20260506-202807/last_model_1.pth
2026-05-06 20:28:14,383 INFO src.train.trainer: Epoch 237
2026-05-06 20:28:14,410 INFO src.train.trainer: Last model at epoch 237 saved to checkpoints/etas_20260506-202807/last_model_1.pth
2026-05-06 20:28:14,410 INFO src.train.trainer: Epoch 238
2026-05-06 20:28:14,436 INFO src.train.trainer: Last model at epoch 238 saved to checkpoints/etas_20260506-202807/last_model_1.pth
2026-05-06 20:28:14,436 INFO src.train.trainer: Epoch 239
2026-05-06 20:28:14,462 INFO src.train.trainer: Last model at epoch 239 saved to checkpoints/etas_20260506-202807/last_model_1.pth
2026-05-06 20:28:14,462 INFO src.train.trainer: Epoch 240
2026-05-06 20:28:14,488 INFO src.train.trainer: Last model at epoch 240 saved to checkpoints/etas_20260506-202807/last_model_1.pth
2026-05-06 20:28:14,488 INFO src.train.trainer: Epoch 241
2026-05-06 20:28:14,514 INFO src.train.trainer: Last model at epoch 241 saved to checkpoints/etas_20260506-202807/last_model_1.pth
2026-05-06 20:28:14,514 INFO src.train.trainer: Epoch 242
2026-05-06 20:28:14,541 INFO src.train.trainer: Last model at epoch 242 saved to checkpoints/etas_20260506-202807/last_model_1.pth
2026-05-06 20:28:14,541 INFO src.train.trainer: Epoch 243
2026-05-06 20:28:14,567 INFO src.train.trainer: Last model at epoch 243 saved to checkpoints/etas_20260506-202807/last_model_1.pth
2026-05-06 20:28:14,567 INFO src.train.trainer: Epoch 244
2026-05-06 20:28:14,594 INFO src.train.trainer: Last model at epoch 244 saved to checkpoints/etas_20260506-202807/last_model_1.pth
2026-05-06 20:28:14,594 INFO src.train.trainer: Epoch 245
2026-05-06 20:28:14,620 INFO src.train.trainer: Last model at epoch 245 saved to checkpoints/etas_20260506-202807/last_model_1.pth
2026-05-06 20:28:14,620 INFO src.train.trainer: Epoch 246
2026-05-06 20:28:14,646 INFO src.train.trainer: Last model at epoch 246 saved to checkpoints/etas_20260506-202807/last_model_1.pth
2026-05-06 20:28:14,646 INFO src.train.trainer: Epoch 247
2026-05-06 20:28:14,672 INFO src.train.trainer: Last model at epoch 247 saved to checkpoints/etas_20260506-202807/last_model_1.pth
2026-05-06 20:28:14,672 INFO src.train.trainer: Epoch 248
2026-05-06 20:28:14,698 INFO src.train.trainer: Last model at epoch 248 saved to checkpoints/etas_20260506-202807/last_model_1.pth
2026-05-06 20:28:14,699 INFO src.train.trainer: Epoch 249
2026-05-06 20:28:14,725 INFO src.train.trainer: Last model at epoch 249 saved to checkpoints/etas_20260506-202807/last_model_1.pth
2026-05-06 20:28:14,725 INFO src.train.trainer: Epoch 250
2026-05-06 20:28:14,752 INFO src.train.trainer: Last model at epoch 250 saved to checkpoints/etas_20260506-202807/last_model_1.pth
2026-05-06 20:28:14,752 INFO src.train.trainer: Epoch 251
2026-05-06 20:28:14,778 INFO src.train.trainer: Last model at epoch 251 saved to checkpoints/etas_20260506-202807/last_model_1.pth
2026-05-06 20:28:14,778 INFO src.train.trainer: Epoch 252
2026-05-06 20:28:14,807 INFO src.train.trainer: Last model at epoch 252 saved to checkpoints/etas_20260506-202807/last_model_1.pth
2026-05-06 20:28:14,807 INFO src.train.trainer: Epoch 253
2026-05-06 20:28:14,834 INFO src.train.trainer: Last model at epoch 253 saved to checkpoints/etas_20260506-202807/last_model_1.pth
2026-05-06 20:28:14,834 INFO src.train.trainer: Epoch 254
2026-05-06 20:28:14,860 INFO src.train.trainer: Last model at epoch 254 saved to checkpoints/etas_20260506-202807/last_model_1.pth
2026-05-06 20:28:14,860 INFO src.train.trainer: Epoch 255
2026-05-06 20:28:14,888 INFO src.train.trainer: Last model at epoch 255 saved to checkpoints/etas_20260506-202807/last_model_1.pth
2026-05-06 20:28:14,888 INFO src.train.trainer: Epoch 256
2026-05-06 20:28:14,915 INFO src.train.trainer: Last model at epoch 256 saved to checkpoints/etas_20260506-202807/last_model_1.pth
2026-05-06 20:28:14,915 INFO src.train.trainer: Epoch 257
2026-05-06 20:28:14,942 INFO src.train.trainer: Last model at epoch 257 saved to checkpoints/etas_20260506-202807/last_model_1.pth
2026-05-06 20:28:14,943 INFO src.train.trainer: Epoch 258
2026-05-06 20:28:14,968 INFO src.train.trainer: Last model at epoch 258 saved to checkpoints/etas_20260506-202807/last_model_1.pth
2026-05-06 20:28:14,969 INFO src.train.trainer: Epoch 259
2026-05-06 20:28:14,995 INFO src.train.trainer: Last model at epoch 259 saved to checkpoints/etas_20260506-202807/last_model_1.pth
2026-05-06 20:28:14,995 INFO src.train.trainer: Epoch 260
2026-05-06 20:28:15,023 INFO src.train.trainer: Last model at epoch 260 saved to checkpoints/etas_20260506-202807/last_model_1.pth
2026-05-06 20:28:15,023 INFO src.train.trainer: Epoch 261
2026-05-06 20:28:15,051 INFO src.train.trainer: Last model at epoch 261 saved to checkpoints/etas_20260506-202807/last_model_1.pth
2026-05-06 20:28:15,052 INFO src.train.trainer: Epoch 262
2026-05-06 20:28:15,081 INFO src.train.trainer: Last model at epoch 262 saved to checkpoints/etas_20260506-202807/last_model_1.pth
2026-05-06 20:28:15,081 INFO src.train.trainer: Epoch 263
2026-05-06 20:28:15,111 INFO src.train.trainer: Last model at epoch 263 saved to checkpoints/etas_20260506-202807/last_model_1.pth
2026-05-06 20:28:15,111 INFO src.train.trainer: Epoch 264
2026-05-06 20:28:15,137 INFO src.train.trainer: Last model at epoch 264 saved to checkpoints/etas_20260506-202807/last_model_1.pth
2026-05-06 20:28:15,137 INFO src.train.trainer: Epoch 265
2026-05-06 20:28:15,165 INFO src.train.trainer: Last model at epoch 265 saved to checkpoints/etas_20260506-202807/last_model_1.pth
2026-05-06 20:28:15,165 INFO src.train.trainer: Epoch 266
2026-05-06 20:28:15,303 INFO src.train.trainer: Last model at epoch 266 saved to checkpoints/etas_20260506-202807/last_model_1.pth
2026-05-06 20:28:15,303 INFO src.train.trainer: Epoch 267
2026-05-06 20:28:15,334 INFO src.train.trainer: Last model at epoch 267 saved to checkpoints/etas_20260506-202807/last_model_1.pth
2026-05-06 20:28:15,334 INFO src.train.trainer: Epoch 268
2026-05-06 20:28:15,362 INFO src.train.trainer: Last model at epoch 268 saved to checkpoints/etas_20260506-202807/last_model_1.pth
2026-05-06 20:28:15,362 INFO src.train.trainer: Epoch 269
2026-05-06 20:28:15,393 INFO src.train.trainer: Last model at epoch 269 saved to checkpoints/etas_20260506-202807/last_model_1.pth
2026-05-06 20:28:15,393 INFO src.train.trainer: Epoch 270
2026-05-06 20:28:15,422 INFO src.train.trainer: Last model at epoch 270 saved to checkpoints/etas_20260506-202807/last_model_1.pth
2026-05-06 20:28:15,422 INFO src.train.trainer: Epoch 271
2026-05-06 20:28:15,450 INFO src.train.trainer: Last model at epoch 271 saved to checkpoints/etas_20260506-202807/last_model_1.pth
2026-05-06 20:28:15,450 INFO src.train.trainer: Epoch 272
2026-05-06 20:28:15,479 INFO src.train.trainer: Last model at epoch 272 saved to checkpoints/etas_20260506-202807/last_model_1.pth
2026-05-06 20:28:15,479 INFO src.train.trainer: Epoch 273
2026-05-06 20:28:15,513 INFO src.train.trainer: Last model at epoch 273 saved to checkpoints/etas_20260506-202807/last_model_1.pth
2026-05-06 20:28:15,513 INFO src.train.trainer: Epoch 274
2026-05-06 20:28:15,542 INFO src.train.trainer: Last model at epoch 274 saved to checkpoints/etas_20260506-202807/last_model_1.pth
2026-05-06 20:28:15,542 INFO src.train.trainer: Epoch 275
2026-05-06 20:28:15,570 INFO src.train.trainer: Last model at epoch 275 saved to checkpoints/etas_20260506-202807/last_model_1.pth
2026-05-06 20:28:15,570 INFO src.train.trainer: Epoch 276
2026-05-06 20:28:15,600 INFO src.train.trainer: Last model at epoch 276 saved to checkpoints/etas_20260506-202807/last_model_1.pth
2026-05-06 20:28:15,600 INFO src.train.trainer: Epoch 277
2026-05-06 20:28:15,630 INFO src.train.trainer: Last model at epoch 277 saved to checkpoints/etas_20260506-202807/last_model_1.pth
2026-05-06 20:28:15,630 INFO src.train.trainer: Epoch 278
2026-05-06 20:28:15,659 INFO src.train.trainer: Last model at epoch 278 saved to checkpoints/etas_20260506-202807/last_model_1.pth
2026-05-06 20:28:15,660 INFO src.train.trainer: Epoch 279
2026-05-06 20:28:15,690 INFO src.train.trainer: Last model at epoch 279 saved to checkpoints/etas_20260506-202807/last_model_1.pth
2026-05-06 20:28:15,690 INFO src.train.trainer: Epoch 280
2026-05-06 20:28:15,720 INFO src.train.trainer: Last model at epoch 280 saved to checkpoints/etas_20260506-202807/last_model_1.pth
2026-05-06 20:28:15,720 INFO src.train.trainer: Epoch 281
2026-05-06 20:28:15,750 INFO src.train.trainer: New best validation loss: 0.8217, saved to checkpoints/etas_20260506-202807/best_model_1.pth
2026-05-06 20:28:15,752 INFO src.train.trainer: Last model at epoch 281 saved to checkpoints/etas_20260506-202807/last_model_1.pth
2026-05-06 20:28:15,752 INFO src.train.trainer: Epoch 282
2026-05-06 20:28:15,782 INFO src.train.trainer: New best validation loss: 0.8217, saved to checkpoints/etas_20260506-202807/best_model_1.pth
2026-05-06 20:28:15,784 INFO src.train.trainer: Last model at epoch 282 saved to checkpoints/etas_20260506-202807/last_model_1.pth
2026-05-06 20:28:15,784 INFO src.train.trainer: Epoch 283
2026-05-06 20:28:15,814 INFO src.train.trainer: New best validation loss: 0.8216, saved to checkpoints/etas_20260506-202807/best_model_1.pth
2026-05-06 20:28:15,815 INFO src.train.trainer: Last model at epoch 283 saved to checkpoints/etas_20260506-202807/last_model_1.pth
2026-05-06 20:28:15,815 INFO src.train.trainer: Epoch 284
2026-05-06 20:28:15,845 INFO src.train.trainer: New best validation loss: 0.8216, saved to checkpoints/etas_20260506-202807/best_model_1.pth
2026-05-06 20:28:15,847 INFO src.train.trainer: Last model at epoch 284 saved to checkpoints/etas_20260506-202807/last_model_1.pth
2026-05-06 20:28:15,847 INFO src.train.trainer: Epoch 285
2026-05-06 20:28:15,877 INFO src.train.trainer: New best validation loss: 0.8215, saved to checkpoints/etas_20260506-202807/best_model_1.pth
2026-05-06 20:28:15,879 INFO src.train.trainer: Last model at epoch 285 saved to checkpoints/etas_20260506-202807/last_model_1.pth
2026-05-06 20:28:15,879 INFO src.train.trainer: Epoch 286
2026-05-06 20:28:15,909 INFO src.train.trainer: New best validation loss: 0.8215, saved to checkpoints/etas_20260506-202807/best_model_1.pth
2026-05-06 20:28:15,911 INFO src.train.trainer: Last model at epoch 286 saved to checkpoints/etas_20260506-202807/last_model_1.pth
2026-05-06 20:28:15,911 INFO src.train.trainer: Epoch 287
2026-05-06 20:28:15,941 INFO src.train.trainer: New best validation loss: 0.8214, saved to checkpoints/etas_20260506-202807/best_model_1.pth
2026-05-06 20:28:15,943 INFO src.train.trainer: Last model at epoch 287 saved to checkpoints/etas_20260506-202807/last_model_1.pth
2026-05-06 20:28:15,943 INFO src.train.trainer: Epoch 288
2026-05-06 20:28:15,973 INFO src.train.trainer: New best validation loss: 0.8214, saved to checkpoints/etas_20260506-202807/best_model_1.pth
2026-05-06 20:28:15,975 INFO src.train.trainer: Last model at epoch 288 saved to checkpoints/etas_20260506-202807/last_model_1.pth
2026-05-06 20:28:15,975 INFO src.train.trainer: Epoch 289
2026-05-06 20:28:16,006 INFO src.train.trainer: New best validation loss: 0.8213, saved to checkpoints/etas_20260506-202807/best_model_1.pth
2026-05-06 20:28:16,007 INFO src.train.trainer: Last model at epoch 289 saved to checkpoints/etas_20260506-202807/last_model_1.pth
2026-05-06 20:28:16,008 INFO src.train.trainer: Epoch 290
2026-05-06 20:28:16,038 INFO src.train.trainer: New best validation loss: 0.8213, saved to checkpoints/etas_20260506-202807/best_model_1.pth
2026-05-06 20:28:16,039 INFO src.train.trainer: Last model at epoch 290 saved to checkpoints/etas_20260506-202807/last_model_1.pth
2026-05-06 20:28:16,039 INFO src.train.trainer: Epoch 291
2026-05-06 20:28:16,070 INFO src.train.trainer: New best validation loss: 0.8212, saved to checkpoints/etas_20260506-202807/best_model_1.pth
2026-05-06 20:28:16,072 INFO src.train.trainer: Last model at epoch 291 saved to checkpoints/etas_20260506-202807/last_model_1.pth
2026-05-06 20:28:16,072 INFO src.train.trainer: Epoch 292
2026-05-06 20:28:16,102 INFO src.train.trainer: New best validation loss: 0.8212, saved to checkpoints/etas_20260506-202807/best_model_1.pth
2026-05-06 20:28:16,104 INFO src.train.trainer: Last model at epoch 292 saved to checkpoints/etas_20260506-202807/last_model_1.pth
2026-05-06 20:28:16,104 INFO src.train.trainer: Epoch 293
2026-05-06 20:28:16,134 INFO src.train.trainer: New best validation loss: 0.8211, saved to checkpoints/etas_20260506-202807/best_model_1.pth
2026-05-06 20:28:16,135 INFO src.train.trainer: Last model at epoch 293 saved to checkpoints/etas_20260506-202807/last_model_1.pth
2026-05-06 20:28:16,136 INFO src.train.trainer: Epoch 294
2026-05-06 20:28:16,167 INFO src.train.trainer: New best validation loss: 0.8211, saved to checkpoints/etas_20260506-202807/best_model_1.pth
2026-05-06 20:28:16,169 INFO src.train.trainer: Last model at epoch 294 saved to checkpoints/etas_20260506-202807/last_model_1.pth
2026-05-06 20:28:16,169 INFO src.train.trainer: Epoch 295
2026-05-06 20:28:16,199 INFO src.train.trainer: New best validation loss: 0.8210, saved to checkpoints/etas_20260506-202807/best_model_1.pth
2026-05-06 20:28:16,200 INFO src.train.trainer: Last model at epoch 295 saved to checkpoints/etas_20260506-202807/last_model_1.pth
2026-05-06 20:28:16,201 INFO src.train.trainer: Epoch 296
2026-05-06 20:28:16,230 INFO src.train.trainer: New best validation loss: 0.8210, saved to checkpoints/etas_20260506-202807/best_model_1.pth
2026-05-06 20:28:16,232 INFO src.train.trainer: Last model at epoch 296 saved to checkpoints/etas_20260506-202807/last_model_1.pth
2026-05-06 20:28:16,232 INFO src.train.trainer: Epoch 297
2026-05-06 20:28:16,263 INFO src.train.trainer: New best validation loss: 0.8209, saved to checkpoints/etas_20260506-202807/best_model_1.pth
2026-05-06 20:28:16,264 INFO src.train.trainer: Last model at epoch 297 saved to checkpoints/etas_20260506-202807/last_model_1.pth
2026-05-06 20:28:16,264 INFO src.train.trainer: Epoch 298
2026-05-06 20:28:16,294 INFO src.train.trainer: New best validation loss: 0.8209, saved to checkpoints/etas_20260506-202807/best_model_1.pth
2026-05-06 20:28:16,295 INFO src.train.trainer: Last model at epoch 298 saved to checkpoints/etas_20260506-202807/last_model_1.pth
2026-05-06 20:28:16,296 INFO src.train.trainer: Epoch 299
2026-05-06 20:28:16,325 INFO src.train.trainer: New best validation loss: 0.8208, saved to checkpoints/etas_20260506-202807/best_model_1.pth
2026-05-06 20:28:16,326 INFO src.train.trainer: Last model at epoch 299 saved to checkpoints/etas_20260506-202807/last_model_1.pth
2026-05-06 20:28:16,327 INFO src.train.trainer: Epoch 300
2026-05-06 20:28:16,356 INFO src.train.trainer: New best validation loss: 0.8208, saved to checkpoints/etas_20260506-202807/best_model_1.pth
2026-05-06 20:28:16,357 INFO src.train.trainer: Last model at epoch 300 saved to checkpoints/etas_20260506-202807/last_model_1.pth
2026-05-06 20:28:16,358 INFO src.train.trainer: Epoch 301
2026-05-06 20:28:16,387 INFO src.train.trainer: New best validation loss: 0.8207, saved to checkpoints/etas_20260506-202807/best_model_1.pth
2026-05-06 20:28:16,388 INFO src.train.trainer: Last model at epoch 301 saved to checkpoints/etas_20260506-202807/last_model_1.pth
2026-05-06 20:28:16,388 INFO src.train.trainer: Epoch 302
2026-05-06 20:28:16,418 INFO src.train.trainer: New best validation loss: 0.8207, saved to checkpoints/etas_20260506-202807/best_model_1.pth
2026-05-06 20:28:16,419 INFO src.train.trainer: Last model at epoch 302 saved to checkpoints/etas_20260506-202807/last_model_1.pth
2026-05-06 20:28:16,419 INFO src.train.trainer: Epoch 303
2026-05-06 20:28:16,449 INFO src.train.trainer: New best validation loss: 0.8207, saved to checkpoints/etas_20260506-202807/best_model_1.pth
2026-05-06 20:28:16,450 INFO src.train.trainer: Last model at epoch 303 saved to checkpoints/etas_20260506-202807/last_model_1.pth
2026-05-06 20:28:16,450 INFO src.train.trainer: Epoch 304
2026-05-06 20:28:16,480 INFO src.train.trainer: New best validation loss: 0.8206, saved to checkpoints/etas_20260506-202807/best_model_1.pth
2026-05-06 20:28:16,482 INFO src.train.trainer: Last model at epoch 304 saved to checkpoints/etas_20260506-202807/last_model_1.pth
2026-05-06 20:28:16,482 INFO src.train.trainer: Epoch 305
2026-05-06 20:28:16,511 INFO src.train.trainer: New best validation loss: 0.8206, saved to checkpoints/etas_20260506-202807/best_model_1.pth
2026-05-06 20:28:16,513 INFO src.train.trainer: Last model at epoch 305 saved to checkpoints/etas_20260506-202807/last_model_1.pth
2026-05-06 20:28:16,513 INFO src.train.trainer: Epoch 306
2026-05-06 20:28:16,542 INFO src.train.trainer: New best validation loss: 0.8205, saved to checkpoints/etas_20260506-202807/best_model_1.pth
2026-05-06 20:28:16,544 INFO src.train.trainer: Last model at epoch 306 saved to checkpoints/etas_20260506-202807/last_model_1.pth
2026-05-06 20:28:16,544 INFO src.train.trainer: Epoch 307
2026-05-06 20:28:16,574 INFO src.train.trainer: New best validation loss: 0.8205, saved to checkpoints/etas_20260506-202807/best_model_1.pth
2026-05-06 20:28:16,575 INFO src.train.trainer: Last model at epoch 307 saved to checkpoints/etas_20260506-202807/last_model_1.pth
2026-05-06 20:28:16,575 INFO src.train.trainer: Epoch 308
2026-05-06 20:28:16,604 INFO src.train.trainer: New best validation loss: 0.8205, saved to checkpoints/etas_20260506-202807/best_model_1.pth
2026-05-06 20:28:16,606 INFO src.train.trainer: Last model at epoch 308 saved to checkpoints/etas_20260506-202807/last_model_1.pth
2026-05-06 20:28:16,606 INFO src.train.trainer: Epoch 309
2026-05-06 20:28:16,635 INFO src.train.trainer: New best validation loss: 0.8204, saved to checkpoints/etas_20260506-202807/best_model_1.pth
2026-05-06 20:28:16,637 INFO src.train.trainer: Last model at epoch 309 saved to checkpoints/etas_20260506-202807/last_model_1.pth
2026-05-06 20:28:16,637 INFO src.train.trainer: Epoch 310
2026-05-06 20:28:16,666 INFO src.train.trainer: New best validation loss: 0.8204, saved to checkpoints/etas_20260506-202807/best_model_1.pth
2026-05-06 20:28:16,668 INFO src.train.trainer: Last model at epoch 310 saved to checkpoints/etas_20260506-202807/last_model_1.pth
2026-05-06 20:28:16,668 INFO src.train.trainer: Epoch 311
2026-05-06 20:28:16,697 INFO src.train.trainer: New best validation loss: 0.8203, saved to checkpoints/etas_20260506-202807/best_model_1.pth
2026-05-06 20:28:16,699 INFO src.train.trainer: Last model at epoch 311 saved to checkpoints/etas_20260506-202807/last_model_1.pth
2026-05-06 20:28:16,699 INFO src.train.trainer: Epoch 312
2026-05-06 20:28:16,728 INFO src.train.trainer: New best validation loss: 0.8203, saved to checkpoints/etas_20260506-202807/best_model_1.pth
2026-05-06 20:28:16,730 INFO src.train.trainer: Last model at epoch 312 saved to checkpoints/etas_20260506-202807/last_model_1.pth
2026-05-06 20:28:16,730 INFO src.train.trainer: Epoch 313
2026-05-06 20:28:16,760 INFO src.train.trainer: New best validation loss: 0.8203, saved to checkpoints/etas_20260506-202807/best_model_1.pth
2026-05-06 20:28:16,761 INFO src.train.trainer: Last model at epoch 313 saved to checkpoints/etas_20260506-202807/last_model_1.pth
2026-05-06 20:28:16,761 INFO src.train.trainer: Epoch 314
2026-05-06 20:28:16,790 INFO src.train.trainer: New best validation loss: 0.8202, saved to checkpoints/etas_20260506-202807/best_model_1.pth
2026-05-06 20:28:16,792 INFO src.train.trainer: Last model at epoch 314 saved to checkpoints/etas_20260506-202807/last_model_1.pth
2026-05-06 20:28:16,792 INFO src.train.trainer: Epoch 315
2026-05-06 20:28:16,822 INFO src.train.trainer: New best validation loss: 0.8202, saved to checkpoints/etas_20260506-202807/best_model_1.pth
2026-05-06 20:28:16,824 INFO src.train.trainer: Last model at epoch 315 saved to checkpoints/etas_20260506-202807/last_model_1.pth
2026-05-06 20:28:16,824 INFO src.train.trainer: Epoch 316
2026-05-06 20:28:16,853 INFO src.train.trainer: New best validation loss: 0.8201, saved to checkpoints/etas_20260506-202807/best_model_1.pth
2026-05-06 20:28:16,854 INFO src.train.trainer: Last model at epoch 316 saved to checkpoints/etas_20260506-202807/last_model_1.pth
2026-05-06 20:28:16,855 INFO src.train.trainer: Epoch 317
2026-05-06 20:28:16,884 INFO src.train.trainer: New best validation loss: 0.8201, saved to checkpoints/etas_20260506-202807/best_model_1.pth
2026-05-06 20:28:16,886 INFO src.train.trainer: Last model at epoch 317 saved to checkpoints/etas_20260506-202807/last_model_1.pth
2026-05-06 20:28:16,886 INFO src.train.trainer: Epoch 318
2026-05-06 20:28:16,915 INFO src.train.trainer: New best validation loss: 0.8200, saved to checkpoints/etas_20260506-202807/best_model_1.pth
2026-05-06 20:28:16,917 INFO src.train.trainer: Last model at epoch 318 saved to checkpoints/etas_20260506-202807/last_model_1.pth
2026-05-06 20:28:16,917 INFO src.train.trainer: Epoch 319
2026-05-06 20:28:16,947 INFO src.train.trainer: New best validation loss: 0.8200, saved to checkpoints/etas_20260506-202807/best_model_1.pth
2026-05-06 20:28:16,948 INFO src.train.trainer: Last model at epoch 319 saved to checkpoints/etas_20260506-202807/last_model_1.pth
2026-05-06 20:28:16,948 INFO src.train.trainer: Epoch 320
2026-05-06 20:28:16,978 INFO src.train.trainer: New best validation loss: 0.8200, saved to checkpoints/etas_20260506-202807/best_model_1.pth
2026-05-06 20:28:16,979 INFO src.train.trainer: Last model at epoch 320 saved to checkpoints/etas_20260506-202807/last_model_1.pth
2026-05-06 20:28:16,979 INFO src.train.trainer: Epoch 321
2026-05-06 20:28:17,008 INFO src.train.trainer: New best validation loss: 0.8199, saved to checkpoints/etas_20260506-202807/best_model_1.pth
2026-05-06 20:28:17,010 INFO src.train.trainer: Last model at epoch 321 saved to checkpoints/etas_20260506-202807/last_model_1.pth
2026-05-06 20:28:17,010 INFO src.train.trainer: Epoch 322
2026-05-06 20:28:17,039 INFO src.train.trainer: New best validation loss: 0.8199, saved to checkpoints/etas_20260506-202807/best_model_1.pth
2026-05-06 20:28:17,041 INFO src.train.trainer: Last model at epoch 322 saved to checkpoints/etas_20260506-202807/last_model_1.pth
2026-05-06 20:28:17,041 INFO src.train.trainer: Epoch 323
2026-05-06 20:28:17,071 INFO src.train.trainer: New best validation loss: 0.8198, saved to checkpoints/etas_20260506-202807/best_model_1.pth
2026-05-06 20:28:17,072 INFO src.train.trainer: Last model at epoch 323 saved to checkpoints/etas_20260506-202807/last_model_1.pth
2026-05-06 20:28:17,072 INFO src.train.trainer: Epoch 324
2026-05-06 20:28:17,102 INFO src.train.trainer: New best validation loss: 0.8198, saved to checkpoints/etas_20260506-202807/best_model_1.pth
2026-05-06 20:28:17,103 INFO src.train.trainer: Last model at epoch 324 saved to checkpoints/etas_20260506-202807/last_model_1.pth
2026-05-06 20:28:17,103 INFO src.train.trainer: Epoch 325
2026-05-06 20:28:17,133 INFO src.train.trainer: New best validation loss: 0.8198, saved to checkpoints/etas_20260506-202807/best_model_1.pth
2026-05-06 20:28:17,134 INFO src.train.trainer: Last model at epoch 325 saved to checkpoints/etas_20260506-202807/last_model_1.pth
2026-05-06 20:28:17,134 INFO src.train.trainer: Epoch 326
2026-05-06 20:28:17,165 INFO src.train.trainer: New best validation loss: 0.8197, saved to checkpoints/etas_20260506-202807/best_model_1.pth
2026-05-06 20:28:17,166 INFO src.train.trainer: Last model at epoch 326 saved to checkpoints/etas_20260506-202807/last_model_1.pth
2026-05-06 20:28:17,166 INFO src.train.trainer: Epoch 327
2026-05-06 20:28:17,196 INFO src.train.trainer: New best validation loss: 0.8197, saved to checkpoints/etas_20260506-202807/best_model_1.pth
2026-05-06 20:28:17,198 INFO src.train.trainer: Last model at epoch 327 saved to checkpoints/etas_20260506-202807/last_model_1.pth
2026-05-06 20:28:17,198 INFO src.train.trainer: Epoch 328
2026-05-06 20:28:17,231 INFO src.train.trainer: New best validation loss: 0.8196, saved to checkpoints/etas_20260506-202807/best_model_1.pth
2026-05-06 20:28:17,233 INFO src.train.trainer: Last model at epoch 328 saved to checkpoints/etas_20260506-202807/last_model_1.pth
2026-05-06 20:28:17,233 INFO src.train.trainer: Epoch 329
2026-05-06 20:28:17,263 INFO src.train.trainer: New best validation loss: 0.8196, saved to checkpoints/etas_20260506-202807/best_model_1.pth
2026-05-06 20:28:17,265 INFO src.train.trainer: Last model at epoch 329 saved to checkpoints/etas_20260506-202807/last_model_1.pth
2026-05-06 20:28:17,265 INFO src.train.trainer: Epoch 330
2026-05-06 20:28:17,295 INFO src.train.trainer: New best validation loss: 0.8195, saved to checkpoints/etas_20260506-202807/best_model_1.pth
2026-05-06 20:28:17,297 INFO src.train.trainer: Last model at epoch 330 saved to checkpoints/etas_20260506-202807/last_model_1.pth
2026-05-06 20:28:17,297 INFO src.train.trainer: Epoch 331
2026-05-06 20:28:17,327 INFO src.train.trainer: New best validation loss: 0.8195, saved to checkpoints/etas_20260506-202807/best_model_1.pth
2026-05-06 20:28:17,329 INFO src.train.trainer: Last model at epoch 331 saved to checkpoints/etas_20260506-202807/last_model_1.pth
2026-05-06 20:28:17,329 INFO src.train.trainer: Epoch 332
2026-05-06 20:28:17,359 INFO src.train.trainer: New best validation loss: 0.8195, saved to checkpoints/etas_20260506-202807/best_model_1.pth
2026-05-06 20:28:17,361 INFO src.train.trainer: Last model at epoch 332 saved to checkpoints/etas_20260506-202807/last_model_1.pth
2026-05-06 20:28:17,361 INFO src.train.trainer: Epoch 333
2026-05-06 20:28:17,391 INFO src.train.trainer: New best validation loss: 0.8194, saved to checkpoints/etas_20260506-202807/best_model_1.pth
2026-05-06 20:28:17,393 INFO src.train.trainer: Last model at epoch 333 saved to checkpoints/etas_20260506-202807/last_model_1.pth
2026-05-06 20:28:17,393 INFO src.train.trainer: Epoch 334
2026-05-06 20:28:17,423 INFO src.train.trainer: New best validation loss: 0.8194, saved to checkpoints/etas_20260506-202807/best_model_1.pth
2026-05-06 20:28:17,425 INFO src.train.trainer: Last model at epoch 334 saved to checkpoints/etas_20260506-202807/last_model_1.pth
2026-05-06 20:28:17,425 INFO src.train.trainer: Epoch 335
2026-05-06 20:28:17,454 INFO src.train.trainer: New best validation loss: 0.8193, saved to checkpoints/etas_20260506-202807/best_model_1.pth
2026-05-06 20:28:17,456 INFO src.train.trainer: Last model at epoch 335 saved to checkpoints/etas_20260506-202807/last_model_1.pth
2026-05-06 20:28:17,456 INFO src.train.trainer: Epoch 336
2026-05-06 20:28:17,486 INFO src.train.trainer: New best validation loss: 0.8193, saved to checkpoints/etas_20260506-202807/best_model_1.pth
2026-05-06 20:28:17,487 INFO src.train.trainer: Last model at epoch 336 saved to checkpoints/etas_20260506-202807/last_model_1.pth
2026-05-06 20:28:17,487 INFO src.train.trainer: Epoch 337
2026-05-06 20:28:17,517 INFO src.train.trainer: New best validation loss: 0.8193, saved to checkpoints/etas_20260506-202807/best_model_1.pth
2026-05-06 20:28:17,518 INFO src.train.trainer: Last model at epoch 337 saved to checkpoints/etas_20260506-202807/last_model_1.pth
2026-05-06 20:28:17,518 INFO src.train.trainer: Epoch 338
2026-05-06 20:28:17,548 INFO src.train.trainer: New best validation loss: 0.8192, saved to checkpoints/etas_20260506-202807/best_model_1.pth
2026-05-06 20:28:17,549 INFO src.train.trainer: Last model at epoch 338 saved to checkpoints/etas_20260506-202807/last_model_1.pth
2026-05-06 20:28:17,550 INFO src.train.trainer: Epoch 339
2026-05-06 20:28:17,580 INFO src.train.trainer: New best validation loss: 0.8192, saved to checkpoints/etas_20260506-202807/best_model_1.pth
2026-05-06 20:28:17,581 INFO src.train.trainer: Last model at epoch 339 saved to checkpoints/etas_20260506-202807/last_model_1.pth
2026-05-06 20:28:17,581 INFO src.train.trainer: Epoch 340
2026-05-06 20:28:17,611 INFO src.train.trainer: New best validation loss: 0.8191, saved to checkpoints/etas_20260506-202807/best_model_1.pth
2026-05-06 20:28:17,613 INFO src.train.trainer: Last model at epoch 340 saved to checkpoints/etas_20260506-202807/last_model_1.pth
2026-05-06 20:28:17,613 INFO src.train.trainer: Epoch 341
2026-05-06 20:28:17,642 INFO src.train.trainer: New best validation loss: 0.8191, saved to checkpoints/etas_20260506-202807/best_model_1.pth
2026-05-06 20:28:17,644 INFO src.train.trainer: Last model at epoch 341 saved to checkpoints/etas_20260506-202807/last_model_1.pth
2026-05-06 20:28:17,644 INFO src.train.trainer: Epoch 342
2026-05-06 20:28:17,673 INFO src.train.trainer: New best validation loss: 0.8190, saved to checkpoints/etas_20260506-202807/best_model_1.pth
2026-05-06 20:28:17,674 INFO src.train.trainer: Last model at epoch 342 saved to checkpoints/etas_20260506-202807/last_model_1.pth
2026-05-06 20:28:17,675 INFO src.train.trainer: Epoch 343
2026-05-06 20:28:17,705 INFO src.train.trainer: New best validation loss: 0.8190, saved to checkpoints/etas_20260506-202807/best_model_1.pth
2026-05-06 20:28:17,706 INFO src.train.trainer: Last model at epoch 343 saved to checkpoints/etas_20260506-202807/last_model_1.pth
2026-05-06 20:28:17,706 INFO src.train.trainer: Epoch 344
2026-05-06 20:28:17,736 INFO src.train.trainer: New best validation loss: 0.8190, saved to checkpoints/etas_20260506-202807/best_model_1.pth
2026-05-06 20:28:17,737 INFO src.train.trainer: Last model at epoch 344 saved to checkpoints/etas_20260506-202807/last_model_1.pth
2026-05-06 20:28:17,738 INFO src.train.trainer: Epoch 345
2026-05-06 20:28:17,767 INFO src.train.trainer: New best validation loss: 0.8189, saved to checkpoints/etas_20260506-202807/best_model_1.pth
2026-05-06 20:28:17,768 INFO src.train.trainer: Last model at epoch 345 saved to checkpoints/etas_20260506-202807/last_model_1.pth
2026-05-06 20:28:17,769 INFO src.train.trainer: Epoch 346
2026-05-06 20:28:17,798 INFO src.train.trainer: New best validation loss: 0.8189, saved to checkpoints/etas_20260506-202807/best_model_1.pth
2026-05-06 20:28:17,800 INFO src.train.trainer: Last model at epoch 346 saved to checkpoints/etas_20260506-202807/last_model_1.pth
2026-05-06 20:28:17,800 INFO src.train.trainer: Epoch 347
2026-05-06 20:28:17,829 INFO src.train.trainer: New best validation loss: 0.8188, saved to checkpoints/etas_20260506-202807/best_model_1.pth
2026-05-06 20:28:17,831 INFO src.train.trainer: Last model at epoch 347 saved to checkpoints/etas_20260506-202807/last_model_1.pth
2026-05-06 20:28:17,831 INFO src.train.trainer: Epoch 348
2026-05-06 20:28:17,861 INFO src.train.trainer: New best validation loss: 0.8188, saved to checkpoints/etas_20260506-202807/best_model_1.pth
2026-05-06 20:28:17,862 INFO src.train.trainer: Last model at epoch 348 saved to checkpoints/etas_20260506-202807/last_model_1.pth
2026-05-06 20:28:17,862 INFO src.train.trainer: Epoch 349
2026-05-06 20:28:17,892 INFO src.train.trainer: New best validation loss: 0.8187, saved to checkpoints/etas_20260506-202807/best_model_1.pth
2026-05-06 20:28:17,893 INFO src.train.trainer: Last model at epoch 349 saved to checkpoints/etas_20260506-202807/last_model_1.pth
2026-05-06 20:28:17,893 INFO src.train.trainer: Epoch 350
2026-05-06 20:28:17,923 INFO src.train.trainer: New best validation loss: 0.8187, saved to checkpoints/etas_20260506-202807/best_model_1.pth
2026-05-06 20:28:17,924 INFO src.train.trainer: Last model at epoch 350 saved to checkpoints/etas_20260506-202807/last_model_1.pth
2026-05-06 20:28:17,924 INFO src.train.trainer: Epoch 351
2026-05-06 20:28:17,954 INFO src.train.trainer: New best validation loss: 0.8187, saved to checkpoints/etas_20260506-202807/best_model_1.pth
2026-05-06 20:28:17,955 INFO src.train.trainer: Last model at epoch 351 saved to checkpoints/etas_20260506-202807/last_model_1.pth
2026-05-06 20:28:17,955 INFO src.train.trainer: Epoch 352
2026-05-06 20:28:17,985 INFO src.train.trainer: New best validation loss: 0.8186, saved to checkpoints/etas_20260506-202807/best_model_1.pth
2026-05-06 20:28:17,986 INFO src.train.trainer: Last model at epoch 352 saved to checkpoints/etas_20260506-202807/last_model_1.pth
2026-05-06 20:28:17,986 INFO src.train.trainer: Epoch 353
2026-05-06 20:28:18,015 INFO src.train.trainer: New best validation loss: 0.8186, saved to checkpoints/etas_20260506-202807/best_model_1.pth
2026-05-06 20:28:18,017 INFO src.train.trainer: Last model at epoch 353 saved to checkpoints/etas_20260506-202807/last_model_1.pth
2026-05-06 20:28:18,017 INFO src.train.trainer: Epoch 354
2026-05-06 20:28:18,046 INFO src.train.trainer: New best validation loss: 0.8185, saved to checkpoints/etas_20260506-202807/best_model_1.pth
2026-05-06 20:28:18,048 INFO src.train.trainer: Last model at epoch 354 saved to checkpoints/etas_20260506-202807/last_model_1.pth
2026-05-06 20:28:18,048 INFO src.train.trainer: Epoch 355
2026-05-06 20:28:18,077 INFO src.train.trainer: New best validation loss: 0.8185, saved to checkpoints/etas_20260506-202807/best_model_1.pth
2026-05-06 20:28:18,078 INFO src.train.trainer: Last model at epoch 355 saved to checkpoints/etas_20260506-202807/last_model_1.pth
2026-05-06 20:28:18,078 INFO src.train.trainer: Epoch 356
2026-05-06 20:28:18,108 INFO src.train.trainer: New best validation loss: 0.8184, saved to checkpoints/etas_20260506-202807/best_model_1.pth
2026-05-06 20:28:18,109 INFO src.train.trainer: Last model at epoch 356 saved to checkpoints/etas_20260506-202807/last_model_1.pth
2026-05-06 20:28:18,109 INFO src.train.trainer: Epoch 357
2026-05-06 20:28:18,139 INFO src.train.trainer: New best validation loss: 0.8184, saved to checkpoints/etas_20260506-202807/best_model_1.pth
2026-05-06 20:28:18,140 INFO src.train.trainer: Last model at epoch 357 saved to checkpoints/etas_20260506-202807/last_model_1.pth
2026-05-06 20:28:18,140 INFO src.train.trainer: Epoch 358
2026-05-06 20:28:18,169 INFO src.train.trainer: New best validation loss: 0.8184, saved to checkpoints/etas_20260506-202807/best_model_1.pth
2026-05-06 20:28:18,171 INFO src.train.trainer: Last model at epoch 358 saved to checkpoints/etas_20260506-202807/last_model_1.pth
2026-05-06 20:28:18,171 INFO src.train.trainer: Epoch 359
2026-05-06 20:28:18,200 INFO src.train.trainer: New best validation loss: 0.8183, saved to checkpoints/etas_20260506-202807/best_model_1.pth
2026-05-06 20:28:18,202 INFO src.train.trainer: Last model at epoch 359 saved to checkpoints/etas_20260506-202807/last_model_1.pth
2026-05-06 20:28:18,202 INFO src.train.trainer: Epoch 360
2026-05-06 20:28:18,232 INFO src.train.trainer: New best validation loss: 0.8183, saved to checkpoints/etas_20260506-202807/best_model_1.pth
2026-05-06 20:28:18,233 INFO src.train.trainer: Last model at epoch 360 saved to checkpoints/etas_20260506-202807/last_model_1.pth
2026-05-06 20:28:18,233 INFO src.train.trainer: Epoch 361
2026-05-06 20:28:18,263 INFO src.train.trainer: New best validation loss: 0.8182, saved to checkpoints/etas_20260506-202807/best_model_1.pth
2026-05-06 20:28:18,264 INFO src.train.trainer: Last model at epoch 361 saved to checkpoints/etas_20260506-202807/last_model_1.pth
2026-05-06 20:28:18,264 INFO src.train.trainer: Epoch 362
2026-05-06 20:28:18,293 INFO src.train.trainer: New best validation loss: 0.8182, saved to checkpoints/etas_20260506-202807/best_model_1.pth
2026-05-06 20:28:18,295 INFO src.train.trainer: Last model at epoch 362 saved to checkpoints/etas_20260506-202807/last_model_1.pth
2026-05-06 20:28:18,295 INFO src.train.trainer: Epoch 363
2026-05-06 20:28:18,324 INFO src.train.trainer: New best validation loss: 0.8181, saved to checkpoints/etas_20260506-202807/best_model_1.pth
2026-05-06 20:28:18,326 INFO src.train.trainer: Last model at epoch 363 saved to checkpoints/etas_20260506-202807/last_model_1.pth
2026-05-06 20:28:18,326 INFO src.train.trainer: Epoch 364
2026-05-06 20:28:18,354 INFO src.train.trainer: New best validation loss: 0.8181, saved to checkpoints/etas_20260506-202807/best_model_1.pth
2026-05-06 20:28:18,356 INFO src.train.trainer: Last model at epoch 364 saved to checkpoints/etas_20260506-202807/last_model_1.pth
2026-05-06 20:28:18,356 INFO src.train.trainer: Epoch 365
2026-05-06 20:28:18,385 INFO src.train.trainer: New best validation loss: 0.8181, saved to checkpoints/etas_20260506-202807/best_model_1.pth
2026-05-06 20:28:18,387 INFO src.train.trainer: Last model at epoch 365 saved to checkpoints/etas_20260506-202807/last_model_1.pth
2026-05-06 20:28:18,387 INFO src.train.trainer: Epoch 366
2026-05-06 20:28:18,416 INFO src.train.trainer: New best validation loss: 0.8180, saved to checkpoints/etas_20260506-202807/best_model_1.pth
2026-05-06 20:28:18,417 INFO src.train.trainer: Last model at epoch 366 saved to checkpoints/etas_20260506-202807/last_model_1.pth
2026-05-06 20:28:18,418 INFO src.train.trainer: Epoch 367
2026-05-06 20:28:18,447 INFO src.train.trainer: New best validation loss: 0.8180, saved to checkpoints/etas_20260506-202807/best_model_1.pth
2026-05-06 20:28:18,449 INFO src.train.trainer: Last model at epoch 367 saved to checkpoints/etas_20260506-202807/last_model_1.pth
2026-05-06 20:28:18,449 INFO src.train.trainer: Epoch 368
2026-05-06 20:28:18,478 INFO src.train.trainer: New best validation loss: 0.8179, saved to checkpoints/etas_20260506-202807/best_model_1.pth
2026-05-06 20:28:18,480 INFO src.train.trainer: Last model at epoch 368 saved to checkpoints/etas_20260506-202807/last_model_1.pth
2026-05-06 20:28:18,480 INFO src.train.trainer: Epoch 369
2026-05-06 20:28:18,509 INFO src.train.trainer: New best validation loss: 0.8179, saved to checkpoints/etas_20260506-202807/best_model_1.pth
2026-05-06 20:28:18,511 INFO src.train.trainer: Last model at epoch 369 saved to checkpoints/etas_20260506-202807/last_model_1.pth
2026-05-06 20:28:18,511 INFO src.train.trainer: Epoch 370
2026-05-06 20:28:18,540 INFO src.train.trainer: New best validation loss: 0.8178, saved to checkpoints/etas_20260506-202807/best_model_1.pth
2026-05-06 20:28:18,542 INFO src.train.trainer: Last model at epoch 370 saved to checkpoints/etas_20260506-202807/last_model_1.pth
2026-05-06 20:28:18,542 INFO src.train.trainer: Epoch 371
2026-05-06 20:28:18,571 INFO src.train.trainer: New best validation loss: 0.8178, saved to checkpoints/etas_20260506-202807/best_model_1.pth
2026-05-06 20:28:18,573 INFO src.train.trainer: Last model at epoch 371 saved to checkpoints/etas_20260506-202807/last_model_1.pth
2026-05-06 20:28:18,573 INFO src.train.trainer: Epoch 372
2026-05-06 20:28:18,602 INFO src.train.trainer: New best validation loss: 0.8178, saved to checkpoints/etas_20260506-202807/best_model_1.pth
2026-05-06 20:28:18,604 INFO src.train.trainer: Last model at epoch 372 saved to checkpoints/etas_20260506-202807/last_model_1.pth
2026-05-06 20:28:18,604 INFO src.train.trainer: Epoch 373
2026-05-06 20:28:18,633 INFO src.train.trainer: New best validation loss: 0.8177, saved to checkpoints/etas_20260506-202807/best_model_1.pth
2026-05-06 20:28:18,635 INFO src.train.trainer: Last model at epoch 373 saved to checkpoints/etas_20260506-202807/last_model_1.pth
2026-05-06 20:28:18,635 INFO src.train.trainer: Epoch 374
2026-05-06 20:28:18,664 INFO src.train.trainer: New best validation loss: 0.8177, saved to checkpoints/etas_20260506-202807/best_model_1.pth
2026-05-06 20:28:18,666 INFO src.train.trainer: Last model at epoch 374 saved to checkpoints/etas_20260506-202807/last_model_1.pth
2026-05-06 20:28:18,666 INFO src.train.trainer: Epoch 375
2026-05-06 20:28:18,695 INFO src.train.trainer: New best validation loss: 0.8176, saved to checkpoints/etas_20260506-202807/best_model_1.pth
2026-05-06 20:28:18,696 INFO src.train.trainer: Last model at epoch 375 saved to checkpoints/etas_20260506-202807/last_model_1.pth
2026-05-06 20:28:18,697 INFO src.train.trainer: Epoch 376
2026-05-06 20:28:18,726 INFO src.train.trainer: New best validation loss: 0.8176, saved to checkpoints/etas_20260506-202807/best_model_1.pth
2026-05-06 20:28:18,727 INFO src.train.trainer: Last model at epoch 376 saved to checkpoints/etas_20260506-202807/last_model_1.pth
2026-05-06 20:28:18,727 INFO src.train.trainer: Epoch 377
2026-05-06 20:28:18,757 INFO src.train.trainer: New best validation loss: 0.8175, saved to checkpoints/etas_20260506-202807/best_model_1.pth
2026-05-06 20:28:18,758 INFO src.train.trainer: Last model at epoch 377 saved to checkpoints/etas_20260506-202807/last_model_1.pth
2026-05-06 20:28:18,758 INFO src.train.trainer: Epoch 378
2026-05-06 20:28:18,787 INFO src.train.trainer: New best validation loss: 0.8175, saved to checkpoints/etas_20260506-202807/best_model_1.pth
2026-05-06 20:28:18,789 INFO src.train.trainer: Last model at epoch 378 saved to checkpoints/etas_20260506-202807/last_model_1.pth
2026-05-06 20:28:18,789 INFO src.train.trainer: Epoch 379
2026-05-06 20:28:18,818 INFO src.train.trainer: New best validation loss: 0.8175, saved to checkpoints/etas_20260506-202807/best_model_1.pth
2026-05-06 20:28:18,820 INFO src.train.trainer: Last model at epoch 379 saved to checkpoints/etas_20260506-202807/last_model_1.pth
2026-05-06 20:28:18,820 INFO src.train.trainer: Epoch 380
2026-05-06 20:28:18,849 INFO src.train.trainer: New best validation loss: 0.8174, saved to checkpoints/etas_20260506-202807/best_model_1.pth
2026-05-06 20:28:18,850 INFO src.train.trainer: Last model at epoch 380 saved to checkpoints/etas_20260506-202807/last_model_1.pth
2026-05-06 20:28:18,850 INFO src.train.trainer: Epoch 381
2026-05-06 20:28:18,880 INFO src.train.trainer: New best validation loss: 0.8174, saved to checkpoints/etas_20260506-202807/best_model_1.pth
2026-05-06 20:28:18,881 INFO src.train.trainer: Last model at epoch 381 saved to checkpoints/etas_20260506-202807/last_model_1.pth
2026-05-06 20:28:18,881 INFO src.train.trainer: Epoch 382
2026-05-06 20:28:18,910 INFO src.train.trainer: New best validation loss: 0.8173, saved to checkpoints/etas_20260506-202807/best_model_1.pth
2026-05-06 20:28:18,912 INFO src.train.trainer: Last model at epoch 382 saved to checkpoints/etas_20260506-202807/last_model_1.pth
2026-05-06 20:28:18,912 INFO src.train.trainer: Epoch 383
2026-05-06 20:28:18,941 INFO src.train.trainer: New best validation loss: 0.8173, saved to checkpoints/etas_20260506-202807/best_model_1.pth
2026-05-06 20:28:18,943 INFO src.train.trainer: Last model at epoch 383 saved to checkpoints/etas_20260506-202807/last_model_1.pth
2026-05-06 20:28:18,943 INFO src.train.trainer: Epoch 384
2026-05-06 20:28:18,972 INFO src.train.trainer: New best validation loss: 0.8172, saved to checkpoints/etas_20260506-202807/best_model_1.pth
2026-05-06 20:28:18,974 INFO src.train.trainer: Last model at epoch 384 saved to checkpoints/etas_20260506-202807/last_model_1.pth
2026-05-06 20:28:18,974 INFO src.train.trainer: Epoch 385
2026-05-06 20:28:19,003 INFO src.train.trainer: New best validation loss: 0.8172, saved to checkpoints/etas_20260506-202807/best_model_1.pth
2026-05-06 20:28:19,005 INFO src.train.trainer: Last model at epoch 385 saved to checkpoints/etas_20260506-202807/last_model_1.pth
2026-05-06 20:28:19,005 INFO src.train.trainer: Epoch 386
2026-05-06 20:28:19,034 INFO src.train.trainer: New best validation loss: 0.8172, saved to checkpoints/etas_20260506-202807/best_model_1.pth
2026-05-06 20:28:19,036 INFO src.train.trainer: Last model at epoch 386 saved to checkpoints/etas_20260506-202807/last_model_1.pth
2026-05-06 20:28:19,036 INFO src.train.trainer: Epoch 387
2026-05-06 20:28:19,065 INFO src.train.trainer: New best validation loss: 0.8171, saved to checkpoints/etas_20260506-202807/best_model_1.pth
2026-05-06 20:28:19,067 INFO src.train.trainer: Last model at epoch 387 saved to checkpoints/etas_20260506-202807/last_model_1.pth
2026-05-06 20:28:19,067 INFO src.train.trainer: Epoch 388
2026-05-06 20:28:19,096 INFO src.train.trainer: New best validation loss: 0.8171, saved to checkpoints/etas_20260506-202807/best_model_1.pth
2026-05-06 20:28:19,098 INFO src.train.trainer: Last model at epoch 388 saved to checkpoints/etas_20260506-202807/last_model_1.pth
2026-05-06 20:28:19,098 INFO src.train.trainer: Epoch 389
2026-05-06 20:28:19,128 INFO src.train.trainer: New best validation loss: 0.8170, saved to checkpoints/etas_20260506-202807/best_model_1.pth
2026-05-06 20:28:19,129 INFO src.train.trainer: Last model at epoch 389 saved to checkpoints/etas_20260506-202807/last_model_1.pth
2026-05-06 20:28:19,129 INFO src.train.trainer: Epoch 390
2026-05-06 20:28:19,158 INFO src.train.trainer: New best validation loss: 0.8170, saved to checkpoints/etas_20260506-202807/best_model_1.pth
2026-05-06 20:28:19,160 INFO src.train.trainer: Last model at epoch 390 saved to checkpoints/etas_20260506-202807/last_model_1.pth
2026-05-06 20:28:19,160 INFO src.train.trainer: Epoch 391
2026-05-06 20:28:19,189 INFO src.train.trainer: New best validation loss: 0.8169, saved to checkpoints/etas_20260506-202807/best_model_1.pth
2026-05-06 20:28:19,191 INFO src.train.trainer: Last model at epoch 391 saved to checkpoints/etas_20260506-202807/last_model_1.pth
2026-05-06 20:28:19,191 INFO src.train.trainer: Epoch 392
2026-05-06 20:28:19,220 INFO src.train.trainer: New best validation loss: 0.8169, saved to checkpoints/etas_20260506-202807/best_model_1.pth
2026-05-06 20:28:19,221 INFO src.train.trainer: Last model at epoch 392 saved to checkpoints/etas_20260506-202807/last_model_1.pth
2026-05-06 20:28:19,222 INFO src.train.trainer: Epoch 393
2026-05-06 20:28:19,251 INFO src.train.trainer: New best validation loss: 0.8168, saved to checkpoints/etas_20260506-202807/best_model_1.pth
2026-05-06 20:28:19,252 INFO src.train.trainer: Last model at epoch 393 saved to checkpoints/etas_20260506-202807/last_model_1.pth
2026-05-06 20:28:19,252 INFO src.train.trainer: Epoch 394
2026-05-06 20:28:19,281 INFO src.train.trainer: New best validation loss: 0.8168, saved to checkpoints/etas_20260506-202807/best_model_1.pth
2026-05-06 20:28:19,283 INFO src.train.trainer: Last model at epoch 394 saved to checkpoints/etas_20260506-202807/last_model_1.pth
2026-05-06 20:28:19,283 INFO src.train.trainer: Epoch 395
2026-05-06 20:28:19,312 INFO src.train.trainer: New best validation loss: 0.8168, saved to checkpoints/etas_20260506-202807/best_model_1.pth
2026-05-06 20:28:19,314 INFO src.train.trainer: Last model at epoch 395 saved to checkpoints/etas_20260506-202807/last_model_1.pth
2026-05-06 20:28:19,314 INFO src.train.trainer: Epoch 396
2026-05-06 20:28:19,343 INFO src.train.trainer: New best validation loss: 0.8167, saved to checkpoints/etas_20260506-202807/best_model_1.pth
2026-05-06 20:28:19,345 INFO src.train.trainer: Last model at epoch 396 saved to checkpoints/etas_20260506-202807/last_model_1.pth
2026-05-06 20:28:19,345 INFO src.train.trainer: Epoch 397
2026-05-06 20:28:19,374 INFO src.train.trainer: New best validation loss: 0.8167, saved to checkpoints/etas_20260506-202807/best_model_1.pth
2026-05-06 20:28:19,375 INFO src.train.trainer: Last model at epoch 397 saved to checkpoints/etas_20260506-202807/last_model_1.pth
2026-05-06 20:28:19,375 INFO src.train.trainer: Epoch 398
2026-05-06 20:28:19,404 INFO src.train.trainer: New best validation loss: 0.8166, saved to checkpoints/etas_20260506-202807/best_model_1.pth
2026-05-06 20:28:19,406 INFO src.train.trainer: Last model at epoch 398 saved to checkpoints/etas_20260506-202807/last_model_1.pth
2026-05-06 20:28:19,406 INFO src.train.trainer: Epoch 399
2026-05-06 20:28:19,435 INFO src.train.trainer: New best validation loss: 0.8166, saved to checkpoints/etas_20260506-202807/best_model_1.pth
2026-05-06 20:28:19,437 INFO src.train.trainer: Last model at epoch 399 saved to checkpoints/etas_20260506-202807/last_model_1.pth
2026-05-06 20:28:19,437 INFO src.train.trainer: Epoch 400
2026-05-06 20:28:19,466 INFO src.train.trainer: New best validation loss: 0.8165, saved to checkpoints/etas_20260506-202807/best_model_1.pth
2026-05-06 20:28:19,468 INFO src.train.trainer: Last model at epoch 400 saved to checkpoints/etas_20260506-202807/last_model_1.pth
2026-05-06 20:28:19,468 INFO src.train.trainer: Epoch 401
2026-05-06 20:28:19,497 INFO src.train.trainer: New best validation loss: 0.8165, saved to checkpoints/etas_20260506-202807/best_model_1.pth
2026-05-06 20:28:19,499 INFO src.train.trainer: Last model at epoch 401 saved to checkpoints/etas_20260506-202807/last_model_1.pth
2026-05-06 20:28:19,499 INFO src.train.trainer: Epoch 402
2026-05-06 20:28:19,529 INFO src.train.trainer: New best validation loss: 0.8165, saved to checkpoints/etas_20260506-202807/best_model_1.pth
2026-05-06 20:28:19,530 INFO src.train.trainer: Last model at epoch 402 saved to checkpoints/etas_20260506-202807/last_model_1.pth
2026-05-06 20:28:19,531 INFO src.train.trainer: Epoch 403
2026-05-06 20:28:19,564 INFO src.train.trainer: New best validation loss: 0.8164, saved to checkpoints/etas_20260506-202807/best_model_1.pth
2026-05-06 20:28:19,566 INFO src.train.trainer: Last model at epoch 403 saved to checkpoints/etas_20260506-202807/last_model_1.pth
2026-05-06 20:28:19,566 INFO src.train.trainer: Epoch 404
2026-05-06 20:28:19,596 INFO src.train.trainer: New best validation loss: 0.8164, saved to checkpoints/etas_20260506-202807/best_model_1.pth
2026-05-06 20:28:19,597 INFO src.train.trainer: Last model at epoch 404 saved to checkpoints/etas_20260506-202807/last_model_1.pth
2026-05-06 20:28:19,598 INFO src.train.trainer: Epoch 405
2026-05-06 20:28:19,627 INFO src.train.trainer: New best validation loss: 0.8163, saved to checkpoints/etas_20260506-202807/best_model_1.pth
2026-05-06 20:28:19,629 INFO src.train.trainer: Last model at epoch 405 saved to checkpoints/etas_20260506-202807/last_model_1.pth
2026-05-06 20:28:19,629 INFO src.train.trainer: Epoch 406
2026-05-06 20:28:19,659 INFO src.train.trainer: New best validation loss: 0.8163, saved to checkpoints/etas_20260506-202807/best_model_1.pth
2026-05-06 20:28:19,661 INFO src.train.trainer: Last model at epoch 406 saved to checkpoints/etas_20260506-202807/last_model_1.pth
2026-05-06 20:28:19,661 INFO src.train.trainer: Epoch 407
2026-05-06 20:28:19,690 INFO src.train.trainer: New best validation loss: 0.8162, saved to checkpoints/etas_20260506-202807/best_model_1.pth
2026-05-06 20:28:19,692 INFO src.train.trainer: Last model at epoch 407 saved to checkpoints/etas_20260506-202807/last_model_1.pth
2026-05-06 20:28:19,692 INFO src.train.trainer: Epoch 408
2026-05-06 20:28:19,722 INFO src.train.trainer: New best validation loss: 0.8162, saved to checkpoints/etas_20260506-202807/best_model_1.pth
2026-05-06 20:28:19,723 INFO src.train.trainer: Last model at epoch 408 saved to checkpoints/etas_20260506-202807/last_model_1.pth
2026-05-06 20:28:19,723 INFO src.train.trainer: Epoch 409
2026-05-06 20:28:19,753 INFO src.train.trainer: New best validation loss: 0.8162, saved to checkpoints/etas_20260506-202807/best_model_1.pth
2026-05-06 20:28:19,754 INFO src.train.trainer: Last model at epoch 409 saved to checkpoints/etas_20260506-202807/last_model_1.pth
2026-05-06 20:28:19,754 INFO src.train.trainer: Epoch 410
2026-05-06 20:28:19,784 INFO src.train.trainer: New best validation loss: 0.8161, saved to checkpoints/etas_20260506-202807/best_model_1.pth
2026-05-06 20:28:19,785 INFO src.train.trainer: Last model at epoch 410 saved to checkpoints/etas_20260506-202807/last_model_1.pth
2026-05-06 20:28:19,786 INFO src.train.trainer: Epoch 411
2026-05-06 20:28:19,815 INFO src.train.trainer: New best validation loss: 0.8161, saved to checkpoints/etas_20260506-202807/best_model_1.pth
2026-05-06 20:28:19,817 INFO src.train.trainer: Last model at epoch 411 saved to checkpoints/etas_20260506-202807/last_model_1.pth
2026-05-06 20:28:19,817 INFO src.train.trainer: Epoch 412
2026-05-06 20:28:19,846 INFO src.train.trainer: New best validation loss: 0.8160, saved to checkpoints/etas_20260506-202807/best_model_1.pth
2026-05-06 20:28:19,848 INFO src.train.trainer: Last model at epoch 412 saved to checkpoints/etas_20260506-202807/last_model_1.pth
2026-05-06 20:28:19,848 INFO src.train.trainer: Epoch 413
2026-05-06 20:28:19,878 INFO src.train.trainer: New best validation loss: 0.8160, saved to checkpoints/etas_20260506-202807/best_model_1.pth
2026-05-06 20:28:19,879 INFO src.train.trainer: Last model at epoch 413 saved to checkpoints/etas_20260506-202807/last_model_1.pth
2026-05-06 20:28:19,879 INFO src.train.trainer: Epoch 414
2026-05-06 20:28:19,909 INFO src.train.trainer: New best validation loss: 0.8159, saved to checkpoints/etas_20260506-202807/best_model_1.pth
2026-05-06 20:28:19,910 INFO src.train.trainer: Last model at epoch 414 saved to checkpoints/etas_20260506-202807/last_model_1.pth
2026-05-06 20:28:19,910 INFO src.train.trainer: Epoch 415
2026-05-06 20:28:19,940 INFO src.train.trainer: New best validation loss: 0.8159, saved to checkpoints/etas_20260506-202807/best_model_1.pth
2026-05-06 20:28:19,941 INFO src.train.trainer: Last model at epoch 415 saved to checkpoints/etas_20260506-202807/last_model_1.pth
2026-05-06 20:28:19,942 INFO src.train.trainer: Epoch 416
2026-05-06 20:28:19,971 INFO src.train.trainer: New best validation loss: 0.8159, saved to checkpoints/etas_20260506-202807/best_model_1.pth
2026-05-06 20:28:19,973 INFO src.train.trainer: Last model at epoch 416 saved to checkpoints/etas_20260506-202807/last_model_1.pth
2026-05-06 20:28:19,973 INFO src.train.trainer: Epoch 417
2026-05-06 20:28:20,002 INFO src.train.trainer: New best validation loss: 0.8158, saved to checkpoints/etas_20260506-202807/best_model_1.pth
2026-05-06 20:28:20,004 INFO src.train.trainer: Last model at epoch 417 saved to checkpoints/etas_20260506-202807/last_model_1.pth
2026-05-06 20:28:20,004 INFO src.train.trainer: Epoch 418
2026-05-06 20:28:20,034 INFO src.train.trainer: New best validation loss: 0.8158, saved to checkpoints/etas_20260506-202807/best_model_1.pth
2026-05-06 20:28:20,036 INFO src.train.trainer: Last model at epoch 418 saved to checkpoints/etas_20260506-202807/last_model_1.pth
2026-05-06 20:28:20,036 INFO src.train.trainer: Epoch 419
2026-05-06 20:28:20,068 INFO src.train.trainer: New best validation loss: 0.8157, saved to checkpoints/etas_20260506-202807/best_model_1.pth
2026-05-06 20:28:20,069 INFO src.train.trainer: Last model at epoch 419 saved to checkpoints/etas_20260506-202807/last_model_1.pth
2026-05-06 20:28:20,070 INFO src.train.trainer: Epoch 420
2026-05-06 20:28:20,100 INFO src.train.trainer: New best validation loss: 0.8157, saved to checkpoints/etas_20260506-202807/best_model_1.pth
2026-05-06 20:28:20,101 INFO src.train.trainer: Last model at epoch 420 saved to checkpoints/etas_20260506-202807/last_model_1.pth
2026-05-06 20:28:20,102 INFO src.train.trainer: Epoch 421
2026-05-06 20:28:20,158 INFO src.train.trainer: New best validation loss: 0.8157, saved to checkpoints/etas_20260506-202807/best_model_1.pth
2026-05-06 20:28:20,159 INFO src.train.trainer: Last model at epoch 421 saved to checkpoints/etas_20260506-202807/last_model_1.pth
2026-05-06 20:28:20,159 INFO src.train.trainer: Epoch 422
2026-05-06 20:28:20,190 INFO src.train.trainer: New best validation loss: 0.8156, saved to checkpoints/etas_20260506-202807/best_model_1.pth
2026-05-06 20:28:20,192 INFO src.train.trainer: Last model at epoch 422 saved to checkpoints/etas_20260506-202807/last_model_1.pth
2026-05-06 20:28:20,192 INFO src.train.trainer: Epoch 423
2026-05-06 20:28:20,306 INFO src.train.trainer: New best validation loss: 0.8156, saved to checkpoints/etas_20260506-202807/best_model_1.pth
2026-05-06 20:28:20,308 INFO src.train.trainer: Last model at epoch 423 saved to checkpoints/etas_20260506-202807/last_model_1.pth
2026-05-06 20:28:20,308 INFO src.train.trainer: Epoch 424
2026-05-06 20:28:20,342 INFO src.train.trainer: New best validation loss: 0.8155, saved to checkpoints/etas_20260506-202807/best_model_1.pth
2026-05-06 20:28:20,344 INFO src.train.trainer: Last model at epoch 424 saved to checkpoints/etas_20260506-202807/last_model_1.pth
2026-05-06 20:28:20,344 INFO src.train.trainer: Epoch 425
2026-05-06 20:28:20,377 INFO src.train.trainer: New best validation loss: 0.8155, saved to checkpoints/etas_20260506-202807/best_model_1.pth
2026-05-06 20:28:20,379 INFO src.train.trainer: Last model at epoch 425 saved to checkpoints/etas_20260506-202807/last_model_1.pth
2026-05-06 20:28:20,379 INFO src.train.trainer: Epoch 426
2026-05-06 20:28:20,411 INFO src.train.trainer: New best validation loss: 0.8154, saved to checkpoints/etas_20260506-202807/best_model_1.pth
2026-05-06 20:28:20,413 INFO src.train.trainer: Last model at epoch 426 saved to checkpoints/etas_20260506-202807/last_model_1.pth
2026-05-06 20:28:20,413 INFO src.train.trainer: Epoch 427
2026-05-06 20:28:20,445 INFO src.train.trainer: New best validation loss: 0.8154, saved to checkpoints/etas_20260506-202807/best_model_1.pth
2026-05-06 20:28:20,447 INFO src.train.trainer: Last model at epoch 427 saved to checkpoints/etas_20260506-202807/last_model_1.pth
2026-05-06 20:28:20,447 INFO src.train.trainer: Epoch 428
2026-05-06 20:28:20,479 INFO src.train.trainer: New best validation loss: 0.8154, saved to checkpoints/etas_20260506-202807/best_model_1.pth
2026-05-06 20:28:20,481 INFO src.train.trainer: Last model at epoch 428 saved to checkpoints/etas_20260506-202807/last_model_1.pth
2026-05-06 20:28:20,481 INFO src.train.trainer: Epoch 429
2026-05-06 20:28:20,513 INFO src.train.trainer: New best validation loss: 0.8153, saved to checkpoints/etas_20260506-202807/best_model_1.pth
2026-05-06 20:28:20,515 INFO src.train.trainer: Last model at epoch 429 saved to checkpoints/etas_20260506-202807/last_model_1.pth
2026-05-06 20:28:20,515 INFO src.train.trainer: Epoch 430
2026-05-06 20:28:20,547 INFO src.train.trainer: New best validation loss: 0.8153, saved to checkpoints/etas_20260506-202807/best_model_1.pth
2026-05-06 20:28:20,549 INFO src.train.trainer: Last model at epoch 430 saved to checkpoints/etas_20260506-202807/last_model_1.pth
2026-05-06 20:28:20,549 INFO src.train.trainer: Epoch 431
2026-05-06 20:28:20,580 INFO src.train.trainer: New best validation loss: 0.8152, saved to checkpoints/etas_20260506-202807/best_model_1.pth
2026-05-06 20:28:20,582 INFO src.train.trainer: Last model at epoch 431 saved to checkpoints/etas_20260506-202807/last_model_1.pth
2026-05-06 20:28:20,582 INFO src.train.trainer: Epoch 432
2026-05-06 20:28:20,614 INFO src.train.trainer: New best validation loss: 0.8152, saved to checkpoints/etas_20260506-202807/best_model_1.pth
2026-05-06 20:28:20,616 INFO src.train.trainer: Last model at epoch 432 saved to checkpoints/etas_20260506-202807/last_model_1.pth
2026-05-06 20:28:20,616 INFO src.train.trainer: Epoch 433
2026-05-06 20:28:20,648 INFO src.train.trainer: New best validation loss: 0.8152, saved to checkpoints/etas_20260506-202807/best_model_1.pth
2026-05-06 20:28:20,650 INFO src.train.trainer: Last model at epoch 433 saved to checkpoints/etas_20260506-202807/last_model_1.pth
2026-05-06 20:28:20,650 INFO src.train.trainer: Epoch 434
2026-05-06 20:28:20,681 INFO src.train.trainer: New best validation loss: 0.8151, saved to checkpoints/etas_20260506-202807/best_model_1.pth
2026-05-06 20:28:20,683 INFO src.train.trainer: Last model at epoch 434 saved to checkpoints/etas_20260506-202807/last_model_1.pth
2026-05-06 20:28:20,683 INFO src.train.trainer: Epoch 435
2026-05-06 20:28:20,714 INFO src.train.trainer: New best validation loss: 0.8151, saved to checkpoints/etas_20260506-202807/best_model_1.pth
2026-05-06 20:28:20,716 INFO src.train.trainer: Last model at epoch 435 saved to checkpoints/etas_20260506-202807/last_model_1.pth
2026-05-06 20:28:20,716 INFO src.train.trainer: Epoch 436
2026-05-06 20:28:20,748 INFO src.train.trainer: New best validation loss: 0.8150, saved to checkpoints/etas_20260506-202807/best_model_1.pth
2026-05-06 20:28:20,750 INFO src.train.trainer: Last model at epoch 436 saved to checkpoints/etas_20260506-202807/last_model_1.pth
2026-05-06 20:28:20,750 INFO src.train.trainer: Epoch 437
2026-05-06 20:28:20,781 INFO src.train.trainer: New best validation loss: 0.8150, saved to checkpoints/etas_20260506-202807/best_model_1.pth
2026-05-06 20:28:20,783 INFO src.train.trainer: Last model at epoch 437 saved to checkpoints/etas_20260506-202807/last_model_1.pth
2026-05-06 20:28:20,783 INFO src.train.trainer: Epoch 438
2026-05-06 20:28:20,814 INFO src.train.trainer: New best validation loss: 0.8149, saved to checkpoints/etas_20260506-202807/best_model_1.pth
2026-05-06 20:28:20,816 INFO src.train.trainer: Last model at epoch 438 saved to checkpoints/etas_20260506-202807/last_model_1.pth
2026-05-06 20:28:20,816 INFO src.train.trainer: Epoch 439
2026-05-06 20:28:20,847 INFO src.train.trainer: New best validation loss: 0.8149, saved to checkpoints/etas_20260506-202807/best_model_1.pth
2026-05-06 20:28:20,849 INFO src.train.trainer: Last model at epoch 439 saved to checkpoints/etas_20260506-202807/last_model_1.pth
2026-05-06 20:28:20,849 INFO src.train.trainer: Epoch 440
2026-05-06 20:28:20,880 INFO src.train.trainer: New best validation loss: 0.8149, saved to checkpoints/etas_20260506-202807/best_model_1.pth
2026-05-06 20:28:20,882 INFO src.train.trainer: Last model at epoch 440 saved to checkpoints/etas_20260506-202807/last_model_1.pth
2026-05-06 20:28:20,882 INFO src.train.trainer: Epoch 441
2026-05-06 20:28:20,913 INFO src.train.trainer: New best validation loss: 0.8148, saved to checkpoints/etas_20260506-202807/best_model_1.pth
2026-05-06 20:28:20,915 INFO src.train.trainer: Last model at epoch 441 saved to checkpoints/etas_20260506-202807/last_model_1.pth
2026-05-06 20:28:20,915 INFO src.train.trainer: Epoch 442
2026-05-06 20:28:20,946 INFO src.train.trainer: New best validation loss: 0.8148, saved to checkpoints/etas_20260506-202807/best_model_1.pth
2026-05-06 20:28:20,948 INFO src.train.trainer: Last model at epoch 442 saved to checkpoints/etas_20260506-202807/last_model_1.pth
2026-05-06 20:28:20,948 INFO src.train.trainer: Epoch 443
2026-05-06 20:28:20,979 INFO src.train.trainer: New best validation loss: 0.8147, saved to checkpoints/etas_20260506-202807/best_model_1.pth
2026-05-06 20:28:20,981 INFO src.train.trainer: Last model at epoch 443 saved to checkpoints/etas_20260506-202807/last_model_1.pth
2026-05-06 20:28:20,981 INFO src.train.trainer: Epoch 444
2026-05-06 20:28:21,013 INFO src.train.trainer: New best validation loss: 0.8147, saved to checkpoints/etas_20260506-202807/best_model_1.pth
2026-05-06 20:28:21,015 INFO src.train.trainer: Last model at epoch 444 saved to checkpoints/etas_20260506-202807/last_model_1.pth
2026-05-06 20:28:21,015 INFO src.train.trainer: Epoch 445
2026-05-06 20:28:21,046 INFO src.train.trainer: New best validation loss: 0.8147, saved to checkpoints/etas_20260506-202807/best_model_1.pth
2026-05-06 20:28:21,047 INFO src.train.trainer: Last model at epoch 445 saved to checkpoints/etas_20260506-202807/last_model_1.pth
2026-05-06 20:28:21,048 INFO src.train.trainer: Epoch 446
2026-05-06 20:28:21,078 INFO src.train.trainer: New best validation loss: 0.8146, saved to checkpoints/etas_20260506-202807/best_model_1.pth
2026-05-06 20:28:21,080 INFO src.train.trainer: Last model at epoch 446 saved to checkpoints/etas_20260506-202807/last_model_1.pth
2026-05-06 20:28:21,080 INFO src.train.trainer: Epoch 447
2026-05-06 20:28:21,111 INFO src.train.trainer: New best validation loss: 0.8146, saved to checkpoints/etas_20260506-202807/best_model_1.pth
2026-05-06 20:28:21,113 INFO src.train.trainer: Last model at epoch 447 saved to checkpoints/etas_20260506-202807/last_model_1.pth
2026-05-06 20:28:21,113 INFO src.train.trainer: Epoch 448
2026-05-06 20:28:21,144 INFO src.train.trainer: New best validation loss: 0.8145, saved to checkpoints/etas_20260506-202807/best_model_1.pth
2026-05-06 20:28:21,146 INFO src.train.trainer: Last model at epoch 448 saved to checkpoints/etas_20260506-202807/last_model_1.pth
2026-05-06 20:28:21,146 INFO src.train.trainer: Epoch 449
2026-05-06 20:28:21,177 INFO src.train.trainer: New best validation loss: 0.8145, saved to checkpoints/etas_20260506-202807/best_model_1.pth
2026-05-06 20:28:21,179 INFO src.train.trainer: Last model at epoch 449 saved to checkpoints/etas_20260506-202807/last_model_1.pth
2026-05-06 20:28:21,179 INFO src.train.trainer: Epoch 450
2026-05-06 20:28:21,210 INFO src.train.trainer: New best validation loss: 0.8145, saved to checkpoints/etas_20260506-202807/best_model_1.pth
2026-05-06 20:28:21,212 INFO src.train.trainer: Last model at epoch 450 saved to checkpoints/etas_20260506-202807/last_model_1.pth
2026-05-06 20:28:21,212 INFO src.train.trainer: Epoch 451
2026-05-06 20:28:21,243 INFO src.train.trainer: New best validation loss: 0.8144, saved to checkpoints/etas_20260506-202807/best_model_1.pth
2026-05-06 20:28:21,245 INFO src.train.trainer: Last model at epoch 451 saved to checkpoints/etas_20260506-202807/last_model_1.pth
2026-05-06 20:28:21,245 INFO src.train.trainer: Epoch 452
2026-05-06 20:28:21,276 INFO src.train.trainer: New best validation loss: 0.8144, saved to checkpoints/etas_20260506-202807/best_model_1.pth
2026-05-06 20:28:21,278 INFO src.train.trainer: Last model at epoch 452 saved to checkpoints/etas_20260506-202807/last_model_1.pth
2026-05-06 20:28:21,278 INFO src.train.trainer: Epoch 453
2026-05-06 20:28:21,309 INFO src.train.trainer: New best validation loss: 0.8143, saved to checkpoints/etas_20260506-202807/best_model_1.pth
2026-05-06 20:28:21,311 INFO src.train.trainer: Last model at epoch 453 saved to checkpoints/etas_20260506-202807/last_model_1.pth
2026-05-06 20:28:21,311 INFO src.train.trainer: Epoch 454
2026-05-06 20:28:21,342 INFO src.train.trainer: New best validation loss: 0.8143, saved to checkpoints/etas_20260506-202807/best_model_1.pth
2026-05-06 20:28:21,344 INFO src.train.trainer: Last model at epoch 454 saved to checkpoints/etas_20260506-202807/last_model_1.pth
2026-05-06 20:28:21,344 INFO src.train.trainer: Epoch 455
2026-05-06 20:28:21,375 INFO src.train.trainer: New best validation loss: 0.8143, saved to checkpoints/etas_20260506-202807/best_model_1.pth
2026-05-06 20:28:21,377 INFO src.train.trainer: Last model at epoch 455 saved to checkpoints/etas_20260506-202807/last_model_1.pth
2026-05-06 20:28:21,377 INFO src.train.trainer: Epoch 456
2026-05-06 20:28:21,409 INFO src.train.trainer: New best validation loss: 0.8142, saved to checkpoints/etas_20260506-202807/best_model_1.pth
2026-05-06 20:28:21,411 INFO src.train.trainer: Last model at epoch 456 saved to checkpoints/etas_20260506-202807/last_model_1.pth
2026-05-06 20:28:21,411 INFO src.train.trainer: Epoch 457
2026-05-06 20:28:21,442 INFO src.train.trainer: New best validation loss: 0.8142, saved to checkpoints/etas_20260506-202807/best_model_1.pth
2026-05-06 20:28:21,444 INFO src.train.trainer: Last model at epoch 457 saved to checkpoints/etas_20260506-202807/last_model_1.pth
2026-05-06 20:28:21,444 INFO src.train.trainer: Epoch 458
2026-05-06 20:28:21,475 INFO src.train.trainer: New best validation loss: 0.8141, saved to checkpoints/etas_20260506-202807/best_model_1.pth
2026-05-06 20:28:21,477 INFO src.train.trainer: Last model at epoch 458 saved to checkpoints/etas_20260506-202807/last_model_1.pth
2026-05-06 20:28:21,477 INFO src.train.trainer: Epoch 459
2026-05-06 20:28:21,508 INFO src.train.trainer: New best validation loss: 0.8141, saved to checkpoints/etas_20260506-202807/best_model_1.pth
2026-05-06 20:28:21,510 INFO src.train.trainer: Last model at epoch 459 saved to checkpoints/etas_20260506-202807/last_model_1.pth
2026-05-06 20:28:21,510 INFO src.train.trainer: Epoch 460
2026-05-06 20:28:21,541 INFO src.train.trainer: New best validation loss: 0.8141, saved to checkpoints/etas_20260506-202807/best_model_1.pth
2026-05-06 20:28:21,543 INFO src.train.trainer: Last model at epoch 460 saved to checkpoints/etas_20260506-202807/last_model_1.pth
2026-05-06 20:28:21,543 INFO src.train.trainer: Epoch 461
2026-05-06 20:28:21,574 INFO src.train.trainer: New best validation loss: 0.8140, saved to checkpoints/etas_20260506-202807/best_model_1.pth
2026-05-06 20:28:21,576 INFO src.train.trainer: Last model at epoch 461 saved to checkpoints/etas_20260506-202807/last_model_1.pth
2026-05-06 20:28:21,576 INFO src.train.trainer: Epoch 462
2026-05-06 20:28:21,607 INFO src.train.trainer: New best validation loss: 0.8140, saved to checkpoints/etas_20260506-202807/best_model_1.pth
2026-05-06 20:28:21,609 INFO src.train.trainer: Last model at epoch 462 saved to checkpoints/etas_20260506-202807/last_model_1.pth
2026-05-06 20:28:21,609 INFO src.train.trainer: Epoch 463
2026-05-06 20:28:21,639 INFO src.train.trainer: New best validation loss: 0.8139, saved to checkpoints/etas_20260506-202807/best_model_1.pth
2026-05-06 20:28:21,641 INFO src.train.trainer: Last model at epoch 463 saved to checkpoints/etas_20260506-202807/last_model_1.pth
2026-05-06 20:28:21,641 INFO src.train.trainer: Epoch 464
2026-05-06 20:28:21,672 INFO src.train.trainer: New best validation loss: 0.8139, saved to checkpoints/etas_20260506-202807/best_model_1.pth
2026-05-06 20:28:21,674 INFO src.train.trainer: Last model at epoch 464 saved to checkpoints/etas_20260506-202807/last_model_1.pth
2026-05-06 20:28:21,674 INFO src.train.trainer: Epoch 465
2026-05-06 20:28:21,706 INFO src.train.trainer: New best validation loss: 0.8139, saved to checkpoints/etas_20260506-202807/best_model_1.pth
2026-05-06 20:28:21,708 INFO src.train.trainer: Last model at epoch 465 saved to checkpoints/etas_20260506-202807/last_model_1.pth
2026-05-06 20:28:21,708 INFO src.train.trainer: Epoch 466
2026-05-06 20:28:21,739 INFO src.train.trainer: New best validation loss: 0.8138, saved to checkpoints/etas_20260506-202807/best_model_1.pth
2026-05-06 20:28:21,741 INFO src.train.trainer: Last model at epoch 466 saved to checkpoints/etas_20260506-202807/last_model_1.pth
2026-05-06 20:28:21,741 INFO src.train.trainer: Epoch 467
2026-05-06 20:28:21,774 INFO src.train.trainer: New best validation loss: 0.8138, saved to checkpoints/etas_20260506-202807/best_model_1.pth
2026-05-06 20:28:21,776 INFO src.train.trainer: Last model at epoch 467 saved to checkpoints/etas_20260506-202807/last_model_1.pth
2026-05-06 20:28:21,776 INFO src.train.trainer: Epoch 468
2026-05-06 20:28:21,808 INFO src.train.trainer: New best validation loss: 0.8138, saved to checkpoints/etas_20260506-202807/best_model_1.pth
2026-05-06 20:28:21,810 INFO src.train.trainer: Last model at epoch 468 saved to checkpoints/etas_20260506-202807/last_model_1.pth
2026-05-06 20:28:21,810 INFO src.train.trainer: Epoch 469
2026-05-06 20:28:21,841 INFO src.train.trainer: New best validation loss: 0.8137, saved to checkpoints/etas_20260506-202807/best_model_1.pth
2026-05-06 20:28:21,843 INFO src.train.trainer: Last model at epoch 469 saved to checkpoints/etas_20260506-202807/last_model_1.pth
2026-05-06 20:28:21,843 INFO src.train.trainer: Epoch 470
2026-05-06 20:28:21,875 INFO src.train.trainer: New best validation loss: 0.8137, saved to checkpoints/etas_20260506-202807/best_model_1.pth
2026-05-06 20:28:21,878 INFO src.train.trainer: Last model at epoch 470 saved to checkpoints/etas_20260506-202807/last_model_1.pth
2026-05-06 20:28:21,878 INFO src.train.trainer: Epoch 471
2026-05-06 20:28:21,911 INFO src.train.trainer: New best validation loss: 0.8136, saved to checkpoints/etas_20260506-202807/best_model_1.pth
2026-05-06 20:28:21,912 INFO src.train.trainer: Last model at epoch 471 saved to checkpoints/etas_20260506-202807/last_model_1.pth
2026-05-06 20:28:21,913 INFO src.train.trainer: Epoch 472
2026-05-06 20:28:21,943 INFO src.train.trainer: New best validation loss: 0.8136, saved to checkpoints/etas_20260506-202807/best_model_1.pth
2026-05-06 20:28:21,945 INFO src.train.trainer: Last model at epoch 472 saved to checkpoints/etas_20260506-202807/last_model_1.pth
2026-05-06 20:28:21,945 INFO src.train.trainer: Epoch 473
2026-05-06 20:28:21,976 INFO src.train.trainer: New best validation loss: 0.8136, saved to checkpoints/etas_20260506-202807/best_model_1.pth
2026-05-06 20:28:21,978 INFO src.train.trainer: Last model at epoch 473 saved to checkpoints/etas_20260506-202807/last_model_1.pth
2026-05-06 20:28:21,978 INFO src.train.trainer: Epoch 474
2026-05-06 20:28:22,008 INFO src.train.trainer: New best validation loss: 0.8135, saved to checkpoints/etas_20260506-202807/best_model_1.pth
2026-05-06 20:28:22,011 INFO src.train.trainer: Last model at epoch 474 saved to checkpoints/etas_20260506-202807/last_model_1.pth
2026-05-06 20:28:22,011 INFO src.train.trainer: Epoch 475
2026-05-06 20:28:22,042 INFO src.train.trainer: New best validation loss: 0.8135, saved to checkpoints/etas_20260506-202807/best_model_1.pth
2026-05-06 20:28:22,043 INFO src.train.trainer: Last model at epoch 475 saved to checkpoints/etas_20260506-202807/last_model_1.pth
2026-05-06 20:28:22,043 INFO src.train.trainer: Epoch 476
2026-05-06 20:28:22,074 INFO src.train.trainer: New best validation loss: 0.8135, saved to checkpoints/etas_20260506-202807/best_model_1.pth
2026-05-06 20:28:22,076 INFO src.train.trainer: Last model at epoch 476 saved to checkpoints/etas_20260506-202807/last_model_1.pth
2026-05-06 20:28:22,076 INFO src.train.trainer: Epoch 477
2026-05-06 20:28:22,107 INFO src.train.trainer: New best validation loss: 0.8134, saved to checkpoints/etas_20260506-202807/best_model_1.pth
2026-05-06 20:28:22,109 INFO src.train.trainer: Last model at epoch 477 saved to checkpoints/etas_20260506-202807/last_model_1.pth
2026-05-06 20:28:22,109 INFO src.train.trainer: Epoch 478
2026-05-06 20:28:22,140 INFO src.train.trainer: New best validation loss: 0.8134, saved to checkpoints/etas_20260506-202807/best_model_1.pth
2026-05-06 20:28:22,141 INFO src.train.trainer: Last model at epoch 478 saved to checkpoints/etas_20260506-202807/last_model_1.pth
2026-05-06 20:28:22,142 INFO src.train.trainer: Epoch 479
2026-05-06 20:28:22,173 INFO src.train.trainer: New best validation loss: 0.8134, saved to checkpoints/etas_20260506-202807/best_model_1.pth
2026-05-06 20:28:22,174 INFO src.train.trainer: Last model at epoch 479 saved to checkpoints/etas_20260506-202807/last_model_1.pth
2026-05-06 20:28:22,174 INFO src.train.trainer: Epoch 480
2026-05-06 20:28:22,205 INFO src.train.trainer: New best validation loss: 0.8133, saved to checkpoints/etas_20260506-202807/best_model_1.pth
2026-05-06 20:28:22,207 INFO src.train.trainer: Last model at epoch 480 saved to checkpoints/etas_20260506-202807/last_model_1.pth
2026-05-06 20:28:22,207 INFO src.train.trainer: Epoch 481
2026-05-06 20:28:22,237 INFO src.train.trainer: New best validation loss: 0.8133, saved to checkpoints/etas_20260506-202807/best_model_1.pth
2026-05-06 20:28:22,239 INFO src.train.trainer: Last model at epoch 481 saved to checkpoints/etas_20260506-202807/last_model_1.pth
2026-05-06 20:28:22,239 INFO src.train.trainer: Epoch 482
2026-05-06 20:28:22,270 INFO src.train.trainer: New best validation loss: 0.8132, saved to checkpoints/etas_20260506-202807/best_model_1.pth
2026-05-06 20:28:22,272 INFO src.train.trainer: Last model at epoch 482 saved to checkpoints/etas_20260506-202807/last_model_1.pth
2026-05-06 20:28:22,272 INFO src.train.trainer: Epoch 483
2026-05-06 20:28:22,302 INFO src.train.trainer: New best validation loss: 0.8132, saved to checkpoints/etas_20260506-202807/best_model_1.pth
2026-05-06 20:28:22,304 INFO src.train.trainer: Last model at epoch 483 saved to checkpoints/etas_20260506-202807/last_model_1.pth
2026-05-06 20:28:22,304 INFO src.train.trainer: Epoch 484
2026-05-06 20:28:22,335 INFO src.train.trainer: New best validation loss: 0.8132, saved to checkpoints/etas_20260506-202807/best_model_1.pth
2026-05-06 20:28:22,336 INFO src.train.trainer: Last model at epoch 484 saved to checkpoints/etas_20260506-202807/last_model_1.pth
2026-05-06 20:28:22,337 INFO src.train.trainer: Epoch 485
2026-05-06 20:28:22,367 INFO src.train.trainer: New best validation loss: 0.8131, saved to checkpoints/etas_20260506-202807/best_model_1.pth
2026-05-06 20:28:22,369 INFO src.train.trainer: Last model at epoch 485 saved to checkpoints/etas_20260506-202807/last_model_1.pth
2026-05-06 20:28:22,369 INFO src.train.trainer: Epoch 486
2026-05-06 20:28:22,400 INFO src.train.trainer: New best validation loss: 0.8131, saved to checkpoints/etas_20260506-202807/best_model_1.pth
2026-05-06 20:28:22,402 INFO src.train.trainer: Last model at epoch 486 saved to checkpoints/etas_20260506-202807/last_model_1.pth
2026-05-06 20:28:22,402 INFO src.train.trainer: Epoch 487
2026-05-06 20:28:22,433 INFO src.train.trainer: New best validation loss: 0.8131, saved to checkpoints/etas_20260506-202807/best_model_1.pth
2026-05-06 20:28:22,435 INFO src.train.trainer: Last model at epoch 487 saved to checkpoints/etas_20260506-202807/last_model_1.pth
2026-05-06 20:28:22,435 INFO src.train.trainer: Epoch 488
2026-05-06 20:28:22,465 INFO src.train.trainer: New best validation loss: 0.8130, saved to checkpoints/etas_20260506-202807/best_model_1.pth
2026-05-06 20:28:22,467 INFO src.train.trainer: Last model at epoch 488 saved to checkpoints/etas_20260506-202807/last_model_1.pth
2026-05-06 20:28:22,467 INFO src.train.trainer: Epoch 489
2026-05-06 20:28:22,498 INFO src.train.trainer: New best validation loss: 0.8130, saved to checkpoints/etas_20260506-202807/best_model_1.pth
2026-05-06 20:28:22,499 INFO src.train.trainer: Last model at epoch 489 saved to checkpoints/etas_20260506-202807/last_model_1.pth
2026-05-06 20:28:22,499 INFO src.train.trainer: Epoch 490
2026-05-06 20:28:22,530 INFO src.train.trainer: New best validation loss: 0.8130, saved to checkpoints/etas_20260506-202807/best_model_1.pth
2026-05-06 20:28:22,531 INFO src.train.trainer: Last model at epoch 490 saved to checkpoints/etas_20260506-202807/last_model_1.pth
2026-05-06 20:28:22,532 INFO src.train.trainer: Epoch 491
2026-05-06 20:28:22,562 INFO src.train.trainer: New best validation loss: 0.8129, saved to checkpoints/etas_20260506-202807/best_model_1.pth
2026-05-06 20:28:22,564 INFO src.train.trainer: Last model at epoch 491 saved to checkpoints/etas_20260506-202807/last_model_1.pth
2026-05-06 20:28:22,564 INFO src.train.trainer: Epoch 492
2026-05-06 20:28:22,594 INFO src.train.trainer: New best validation loss: 0.8129, saved to checkpoints/etas_20260506-202807/best_model_1.pth
2026-05-06 20:28:22,596 INFO src.train.trainer: Last model at epoch 492 saved to checkpoints/etas_20260506-202807/last_model_1.pth
2026-05-06 20:28:22,596 INFO src.train.trainer: Epoch 493
2026-05-06 20:28:22,626 INFO src.train.trainer: New best validation loss: 0.8129, saved to checkpoints/etas_20260506-202807/best_model_1.pth
2026-05-06 20:28:22,628 INFO src.train.trainer: Last model at epoch 493 saved to checkpoints/etas_20260506-202807/last_model_1.pth
2026-05-06 20:28:22,628 INFO src.train.trainer: Epoch 494
2026-05-06 20:28:22,658 INFO src.train.trainer: New best validation loss: 0.8128, saved to checkpoints/etas_20260506-202807/best_model_1.pth
2026-05-06 20:28:22,660 INFO src.train.trainer: Last model at epoch 494 saved to checkpoints/etas_20260506-202807/last_model_1.pth
2026-05-06 20:28:22,660 INFO src.train.trainer: Epoch 495
2026-05-06 20:28:22,690 INFO src.train.trainer: New best validation loss: 0.8128, saved to checkpoints/etas_20260506-202807/best_model_1.pth
2026-05-06 20:28:22,692 INFO src.train.trainer: Last model at epoch 495 saved to checkpoints/etas_20260506-202807/last_model_1.pth
2026-05-06 20:28:22,692 INFO src.train.trainer: Epoch 496
2026-05-06 20:28:22,723 INFO src.train.trainer: New best validation loss: 0.8128, saved to checkpoints/etas_20260506-202807/best_model_1.pth
2026-05-06 20:28:22,724 INFO src.train.trainer: Last model at epoch 496 saved to checkpoints/etas_20260506-202807/last_model_1.pth
2026-05-06 20:28:22,724 INFO src.train.trainer: Epoch 497
2026-05-06 20:28:22,755 INFO src.train.trainer: New best validation loss: 0.8127, saved to checkpoints/etas_20260506-202807/best_model_1.pth
2026-05-06 20:28:22,756 INFO src.train.trainer: Last model at epoch 497 saved to checkpoints/etas_20260506-202807/last_model_1.pth
2026-05-06 20:28:22,756 INFO src.train.trainer: Epoch 498
2026-05-06 20:28:22,786 INFO src.train.trainer: New best validation loss: 0.8127, saved to checkpoints/etas_20260506-202807/best_model_1.pth
2026-05-06 20:28:22,788 INFO src.train.trainer: Last model at epoch 498 saved to checkpoints/etas_20260506-202807/last_model_1.pth
2026-05-06 20:28:22,788 INFO src.train.trainer: Epoch 499
2026-05-06 20:28:22,818 INFO src.train.trainer: New best validation loss: 0.8127, saved to checkpoints/etas_20260506-202807/best_model_1.pth
2026-05-06 20:28:22,820 INFO src.train.trainer: Last model at epoch 499 saved to checkpoints/etas_20260506-202807/last_model_1.pth
2026-05-06 20:28:22,820 INFO src.train.trainer: Epoch 500
2026-05-06 20:28:22,850 INFO src.train.trainer: New best validation loss: 0.8126, saved to checkpoints/etas_20260506-202807/best_model_1.pth
2026-05-06 20:28:22,852 INFO src.train.trainer: Last model at epoch 500 saved to checkpoints/etas_20260506-202807/last_model_1.pth
2026-05-06 20:28:22,852 INFO src.train.trainer: Epoch 501
2026-05-06 20:28:22,882 INFO src.train.trainer: New best validation loss: 0.8126, saved to checkpoints/etas_20260506-202807/best_model_1.pth
2026-05-06 20:28:22,884 INFO src.train.trainer: Last model at epoch 501 saved to checkpoints/etas_20260506-202807/last_model_1.pth
2026-05-06 20:28:22,884 INFO src.train.trainer: Epoch 502
2026-05-06 20:28:22,914 INFO src.train.trainer: New best validation loss: 0.8126, saved to checkpoints/etas_20260506-202807/best_model_1.pth
2026-05-06 20:28:22,916 INFO src.train.trainer: Last model at epoch 502 saved to checkpoints/etas_20260506-202807/last_model_1.pth
2026-05-06 20:28:22,916 INFO src.train.trainer: Epoch 503
2026-05-06 20:28:22,946 INFO src.train.trainer: New best validation loss: 0.8125, saved to checkpoints/etas_20260506-202807/best_model_1.pth
2026-05-06 20:28:22,948 INFO src.train.trainer: Last model at epoch 503 saved to checkpoints/etas_20260506-202807/last_model_1.pth
2026-05-06 20:28:22,948 INFO src.train.trainer: Epoch 504
2026-05-06 20:28:22,979 INFO src.train.trainer: New best validation loss: 0.8125, saved to checkpoints/etas_20260506-202807/best_model_1.pth
2026-05-06 20:28:22,980 INFO src.train.trainer: Last model at epoch 504 saved to checkpoints/etas_20260506-202807/last_model_1.pth
2026-05-06 20:28:22,980 INFO src.train.trainer: Epoch 505
2026-05-06 20:28:23,011 INFO src.train.trainer: New best validation loss: 0.8125, saved to checkpoints/etas_20260506-202807/best_model_1.pth
2026-05-06 20:28:23,013 INFO src.train.trainer: Last model at epoch 505 saved to checkpoints/etas_20260506-202807/last_model_1.pth
2026-05-06 20:28:23,013 INFO src.train.trainer: Epoch 506
2026-05-06 20:28:23,044 INFO src.train.trainer: New best validation loss: 0.8125, saved to checkpoints/etas_20260506-202807/best_model_1.pth
2026-05-06 20:28:23,046 INFO src.train.trainer: Last model at epoch 506 saved to checkpoints/etas_20260506-202807/last_model_1.pth
2026-05-06 20:28:23,046 INFO src.train.trainer: Epoch 507
2026-05-06 20:28:23,077 INFO src.train.trainer: New best validation loss: 0.8124, saved to checkpoints/etas_20260506-202807/best_model_1.pth
2026-05-06 20:28:23,079 INFO src.train.trainer: Last model at epoch 507 saved to checkpoints/etas_20260506-202807/last_model_1.pth
2026-05-06 20:28:23,079 INFO src.train.trainer: Epoch 508
2026-05-06 20:28:23,109 INFO src.train.trainer: New best validation loss: 0.8124, saved to checkpoints/etas_20260506-202807/best_model_1.pth
2026-05-06 20:28:23,111 INFO src.train.trainer: Last model at epoch 508 saved to checkpoints/etas_20260506-202807/last_model_1.pth
2026-05-06 20:28:23,111 INFO src.train.trainer: Epoch 509
2026-05-06 20:28:23,141 INFO src.train.trainer: New best validation loss: 0.8124, saved to checkpoints/etas_20260506-202807/best_model_1.pth
2026-05-06 20:28:23,143 INFO src.train.trainer: Last model at epoch 509 saved to checkpoints/etas_20260506-202807/last_model_1.pth
2026-05-06 20:28:23,143 INFO src.train.trainer: Epoch 510
2026-05-06 20:28:23,174 INFO src.train.trainer: New best validation loss: 0.8124, saved to checkpoints/etas_20260506-202807/best_model_1.pth
2026-05-06 20:28:23,175 INFO src.train.trainer: Last model at epoch 510 saved to checkpoints/etas_20260506-202807/last_model_1.pth
2026-05-06 20:28:23,175 INFO src.train.trainer: Epoch 511
2026-05-06 20:28:23,206 INFO src.train.trainer: New best validation loss: 0.8123, saved to checkpoints/etas_20260506-202807/best_model_1.pth
2026-05-06 20:28:23,208 INFO src.train.trainer: Last model at epoch 511 saved to checkpoints/etas_20260506-202807/last_model_1.pth
2026-05-06 20:28:23,208 INFO src.train.trainer: Epoch 512
2026-05-06 20:28:23,238 INFO src.train.trainer: New best validation loss: 0.8123, saved to checkpoints/etas_20260506-202807/best_model_1.pth
2026-05-06 20:28:23,240 INFO src.train.trainer: Last model at epoch 512 saved to checkpoints/etas_20260506-202807/last_model_1.pth
2026-05-06 20:28:23,240 INFO src.train.trainer: Epoch 513
2026-05-06 20:28:23,270 INFO src.train.trainer: New best validation loss: 0.8123, saved to checkpoints/etas_20260506-202807/best_model_1.pth
2026-05-06 20:28:23,272 INFO src.train.trainer: Last model at epoch 513 saved to checkpoints/etas_20260506-202807/last_model_1.pth
2026-05-06 20:28:23,272 INFO src.train.trainer: Epoch 514
2026-05-06 20:28:23,302 INFO src.train.trainer: New best validation loss: 0.8123, saved to checkpoints/etas_20260506-202807/best_model_1.pth
2026-05-06 20:28:23,304 INFO src.train.trainer: Last model at epoch 514 saved to checkpoints/etas_20260506-202807/last_model_1.pth
2026-05-06 20:28:23,304 INFO src.train.trainer: Epoch 515
2026-05-06 20:28:23,334 INFO src.train.trainer: New best validation loss: 0.8122, saved to checkpoints/etas_20260506-202807/best_model_1.pth
2026-05-06 20:28:23,336 INFO src.train.trainer: Last model at epoch 515 saved to checkpoints/etas_20260506-202807/last_model_1.pth
2026-05-06 20:28:23,336 INFO src.train.trainer: Epoch 516
2026-05-06 20:28:23,366 INFO src.train.trainer: New best validation loss: 0.8122, saved to checkpoints/etas_20260506-202807/best_model_1.pth
2026-05-06 20:28:23,368 INFO src.train.trainer: Last model at epoch 516 saved to checkpoints/etas_20260506-202807/last_model_1.pth
2026-05-06 20:28:23,368 INFO src.train.trainer: Epoch 517
2026-05-06 20:28:23,399 INFO src.train.trainer: New best validation loss: 0.8122, saved to checkpoints/etas_20260506-202807/best_model_1.pth
2026-05-06 20:28:23,403 INFO src.train.trainer: Last model at epoch 517 saved to checkpoints/etas_20260506-202807/last_model_1.pth
2026-05-06 20:28:23,403 INFO src.train.trainer: Epoch 518
2026-05-06 20:28:23,434 INFO src.train.trainer: New best validation loss: 0.8122, saved to checkpoints/etas_20260506-202807/best_model_1.pth
2026-05-06 20:28:23,435 INFO src.train.trainer: Last model at epoch 518 saved to checkpoints/etas_20260506-202807/last_model_1.pth
2026-05-06 20:28:23,435 INFO src.train.trainer: Epoch 519
2026-05-06 20:28:23,465 INFO src.train.trainer: New best validation loss: 0.8122, saved to checkpoints/etas_20260506-202807/best_model_1.pth
2026-05-06 20:28:23,467 INFO src.train.trainer: Last model at epoch 519 saved to checkpoints/etas_20260506-202807/last_model_1.pth
2026-05-06 20:28:23,467 INFO src.train.trainer: Epoch 520
2026-05-06 20:28:23,497 INFO src.train.trainer: New best validation loss: 0.8121, saved to checkpoints/etas_20260506-202807/best_model_1.pth
2026-05-06 20:28:23,499 INFO src.train.trainer: Last model at epoch 520 saved to checkpoints/etas_20260506-202807/last_model_1.pth
2026-05-06 20:28:23,499 INFO src.train.trainer: Epoch 521
2026-05-06 20:28:23,529 INFO src.train.trainer: New best validation loss: 0.8121, saved to checkpoints/etas_20260506-202807/best_model_1.pth
2026-05-06 20:28:23,530 INFO src.train.trainer: Last model at epoch 521 saved to checkpoints/etas_20260506-202807/last_model_1.pth
2026-05-06 20:28:23,530 INFO src.train.trainer: Epoch 522
2026-05-06 20:28:23,560 INFO src.train.trainer: New best validation loss: 0.8121, saved to checkpoints/etas_20260506-202807/best_model_1.pth
2026-05-06 20:28:23,562 INFO src.train.trainer: Last model at epoch 522 saved to checkpoints/etas_20260506-202807/last_model_1.pth
2026-05-06 20:28:23,562 INFO src.train.trainer: Epoch 523
2026-05-06 20:28:23,592 INFO src.train.trainer: New best validation loss: 0.8121, saved to checkpoints/etas_20260506-202807/best_model_1.pth
2026-05-06 20:28:23,594 INFO src.train.trainer: Last model at epoch 523 saved to checkpoints/etas_20260506-202807/last_model_1.pth
2026-05-06 20:28:23,594 INFO src.train.trainer: Epoch 524
2026-05-06 20:28:23,626 INFO src.train.trainer: New best validation loss: 0.8120, saved to checkpoints/etas_20260506-202807/best_model_1.pth
2026-05-06 20:28:23,628 INFO src.train.trainer: Last model at epoch 524 saved to checkpoints/etas_20260506-202807/last_model_1.pth
2026-05-06 20:28:23,628 INFO src.train.trainer: Epoch 525
2026-05-06 20:28:23,659 INFO src.train.trainer: New best validation loss: 0.8120, saved to checkpoints/etas_20260506-202807/best_model_1.pth
2026-05-06 20:28:23,660 INFO src.train.trainer: Last model at epoch 525 saved to checkpoints/etas_20260506-202807/last_model_1.pth
2026-05-06 20:28:23,660 INFO src.train.trainer: Epoch 526
2026-05-06 20:28:23,690 INFO src.train.trainer: New best validation loss: 0.8120, saved to checkpoints/etas_20260506-202807/best_model_1.pth
2026-05-06 20:28:23,692 INFO src.train.trainer: Last model at epoch 526 saved to checkpoints/etas_20260506-202807/last_model_1.pth
2026-05-06 20:28:23,692 INFO src.train.trainer: Epoch 527
2026-05-06 20:28:23,722 INFO src.train.trainer: New best validation loss: 0.8120, saved to checkpoints/etas_20260506-202807/best_model_1.pth
2026-05-06 20:28:23,723 INFO src.train.trainer: Last model at epoch 527 saved to checkpoints/etas_20260506-202807/last_model_1.pth
2026-05-06 20:28:23,723 INFO src.train.trainer: Epoch 528
2026-05-06 20:28:23,754 INFO src.train.trainer: New best validation loss: 0.8119, saved to checkpoints/etas_20260506-202807/best_model_1.pth
2026-05-06 20:28:23,755 INFO src.train.trainer: Last model at epoch 528 saved to checkpoints/etas_20260506-202807/last_model_1.pth
2026-05-06 20:28:23,756 INFO src.train.trainer: Epoch 529
2026-05-06 20:28:23,785 INFO src.train.trainer: New best validation loss: 0.8119, saved to checkpoints/etas_20260506-202807/best_model_1.pth
2026-05-06 20:28:23,787 INFO src.train.trainer: Last model at epoch 529 saved to checkpoints/etas_20260506-202807/last_model_1.pth
2026-05-06 20:28:23,787 INFO src.train.trainer: Epoch 530
2026-05-06 20:28:23,820 INFO src.train.trainer: New best validation loss: 0.8119, saved to checkpoints/etas_20260506-202807/best_model_1.pth
2026-05-06 20:28:23,821 INFO src.train.trainer: Last model at epoch 530 saved to checkpoints/etas_20260506-202807/last_model_1.pth
2026-05-06 20:28:23,821 INFO src.train.trainer: Epoch 531
2026-05-06 20:28:23,851 INFO src.train.trainer: New best validation loss: 0.8119, saved to checkpoints/etas_20260506-202807/best_model_1.pth
2026-05-06 20:28:23,853 INFO src.train.trainer: Last model at epoch 531 saved to checkpoints/etas_20260506-202807/last_model_1.pth
2026-05-06 20:28:23,853 INFO src.train.trainer: Epoch 532
2026-05-06 20:28:23,883 INFO src.train.trainer: New best validation loss: 0.8118, saved to checkpoints/etas_20260506-202807/best_model_1.pth
2026-05-06 20:28:23,885 INFO src.train.trainer: Last model at epoch 532 saved to checkpoints/etas_20260506-202807/last_model_1.pth
2026-05-06 20:28:23,885 INFO src.train.trainer: Epoch 533
2026-05-06 20:28:23,915 INFO src.train.trainer: New best validation loss: 0.8118, saved to checkpoints/etas_20260506-202807/best_model_1.pth
2026-05-06 20:28:23,917 INFO src.train.trainer: Last model at epoch 533 saved to checkpoints/etas_20260506-202807/last_model_1.pth
2026-05-06 20:28:23,917 INFO src.train.trainer: Epoch 534
2026-05-06 20:28:23,947 INFO src.train.trainer: New best validation loss: 0.8118, saved to checkpoints/etas_20260506-202807/best_model_1.pth
2026-05-06 20:28:23,949 INFO src.train.trainer: Last model at epoch 534 saved to checkpoints/etas_20260506-202807/last_model_1.pth
2026-05-06 20:28:23,949 INFO src.train.trainer: Epoch 535
2026-05-06 20:28:23,979 INFO src.train.trainer: New best validation loss: 0.8118, saved to checkpoints/etas_20260506-202807/best_model_1.pth
2026-05-06 20:28:23,981 INFO src.train.trainer: Last model at epoch 535 saved to checkpoints/etas_20260506-202807/last_model_1.pth
2026-05-06 20:28:23,981 INFO src.train.trainer: Epoch 536
2026-05-06 20:28:24,013 INFO src.train.trainer: New best validation loss: 0.8118, saved to checkpoints/etas_20260506-202807/best_model_1.pth
2026-05-06 20:28:24,014 INFO src.train.trainer: Last model at epoch 536 saved to checkpoints/etas_20260506-202807/last_model_1.pth
2026-05-06 20:28:24,014 INFO src.train.trainer: Epoch 537
2026-05-06 20:28:24,045 INFO src.train.trainer: New best validation loss: 0.8117, saved to checkpoints/etas_20260506-202807/best_model_1.pth
2026-05-06 20:28:24,046 INFO src.train.trainer: Last model at epoch 537 saved to checkpoints/etas_20260506-202807/last_model_1.pth
2026-05-06 20:28:24,046 INFO src.train.trainer: Epoch 538
2026-05-06 20:28:24,076 INFO src.train.trainer: New best validation loss: 0.8117, saved to checkpoints/etas_20260506-202807/best_model_1.pth
2026-05-06 20:28:24,078 INFO src.train.trainer: Last model at epoch 538 saved to checkpoints/etas_20260506-202807/last_model_1.pth
2026-05-06 20:28:24,078 INFO src.train.trainer: Epoch 539
2026-05-06 20:28:24,109 INFO src.train.trainer: New best validation loss: 0.8117, saved to checkpoints/etas_20260506-202807/best_model_1.pth
2026-05-06 20:28:24,110 INFO src.train.trainer: Last model at epoch 539 saved to checkpoints/etas_20260506-202807/last_model_1.pth
2026-05-06 20:28:24,111 INFO src.train.trainer: Epoch 540
2026-05-06 20:28:24,141 INFO src.train.trainer: New best validation loss: 0.8117, saved to checkpoints/etas_20260506-202807/best_model_1.pth
2026-05-06 20:28:24,143 INFO src.train.trainer: Last model at epoch 540 saved to checkpoints/etas_20260506-202807/last_model_1.pth
2026-05-06 20:28:24,143 INFO src.train.trainer: Epoch 541
2026-05-06 20:28:24,174 INFO src.train.trainer: New best validation loss: 0.8117, saved to checkpoints/etas_20260506-202807/best_model_1.pth
2026-05-06 20:28:24,175 INFO src.train.trainer: Last model at epoch 541 saved to checkpoints/etas_20260506-202807/last_model_1.pth
2026-05-06 20:28:24,175 INFO src.train.trainer: Epoch 542
2026-05-06 20:28:24,206 INFO src.train.trainer: New best validation loss: 0.8116, saved to checkpoints/etas_20260506-202807/best_model_1.pth
2026-05-06 20:28:24,209 INFO src.train.trainer: Last model at epoch 542 saved to checkpoints/etas_20260506-202807/last_model_1.pth
2026-05-06 20:28:24,209 INFO src.train.trainer: Epoch 543
2026-05-06 20:28:24,240 INFO src.train.trainer: New best validation loss: 0.8116, saved to checkpoints/etas_20260506-202807/best_model_1.pth
2026-05-06 20:28:24,242 INFO src.train.trainer: Last model at epoch 543 saved to checkpoints/etas_20260506-202807/last_model_1.pth
2026-05-06 20:28:24,242 INFO src.train.trainer: Epoch 544
2026-05-06 20:28:24,274 INFO src.train.trainer: New best validation loss: 0.8116, saved to checkpoints/etas_20260506-202807/best_model_1.pth
2026-05-06 20:28:24,275 INFO src.train.trainer: Last model at epoch 544 saved to checkpoints/etas_20260506-202807/last_model_1.pth
2026-05-06 20:28:24,276 INFO src.train.trainer: Epoch 545
2026-05-06 20:28:24,306 INFO src.train.trainer: New best validation loss: 0.8116, saved to checkpoints/etas_20260506-202807/best_model_1.pth
2026-05-06 20:28:24,308 INFO src.train.trainer: Last model at epoch 545 saved to checkpoints/etas_20260506-202807/last_model_1.pth
2026-05-06 20:28:24,308 INFO src.train.trainer: Epoch 546
2026-05-06 20:28:24,338 INFO src.train.trainer: New best validation loss: 0.8116, saved to checkpoints/etas_20260506-202807/best_model_1.pth
2026-05-06 20:28:24,340 INFO src.train.trainer: Last model at epoch 546 saved to checkpoints/etas_20260506-202807/last_model_1.pth
2026-05-06 20:28:24,340 INFO src.train.trainer: Epoch 547
2026-05-06 20:28:24,370 INFO src.train.trainer: New best validation loss: 0.8115, saved to checkpoints/etas_20260506-202807/best_model_1.pth
2026-05-06 20:28:24,372 INFO src.train.trainer: Last model at epoch 547 saved to checkpoints/etas_20260506-202807/last_model_1.pth
2026-05-06 20:28:24,372 INFO src.train.trainer: Epoch 548
2026-05-06 20:28:24,403 INFO src.train.trainer: New best validation loss: 0.8115, saved to checkpoints/etas_20260506-202807/best_model_1.pth
2026-05-06 20:28:24,404 INFO src.train.trainer: Last model at epoch 548 saved to checkpoints/etas_20260506-202807/last_model_1.pth
2026-05-06 20:28:24,404 INFO src.train.trainer: Epoch 549
2026-05-06 20:28:24,435 INFO src.train.trainer: New best validation loss: 0.8115, saved to checkpoints/etas_20260506-202807/best_model_1.pth
2026-05-06 20:28:24,437 INFO src.train.trainer: Last model at epoch 549 saved to checkpoints/etas_20260506-202807/last_model_1.pth
2026-05-06 20:28:24,437 INFO src.train.trainer: Epoch 550
2026-05-06 20:28:24,468 INFO src.train.trainer: New best validation loss: 0.8115, saved to checkpoints/etas_20260506-202807/best_model_1.pth
2026-05-06 20:28:24,470 INFO src.train.trainer: Last model at epoch 550 saved to checkpoints/etas_20260506-202807/last_model_1.pth
2026-05-06 20:28:24,470 INFO src.train.trainer: Epoch 551
2026-05-06 20:28:24,500 INFO src.train.trainer: New best validation loss: 0.8115, saved to checkpoints/etas_20260506-202807/best_model_1.pth
2026-05-06 20:28:24,502 INFO src.train.trainer: Last model at epoch 551 saved to checkpoints/etas_20260506-202807/last_model_1.pth
2026-05-06 20:28:24,502 INFO src.train.trainer: Epoch 552
2026-05-06 20:28:24,535 INFO src.train.trainer: New best validation loss: 0.8114, saved to checkpoints/etas_20260506-202807/best_model_1.pth
2026-05-06 20:28:24,537 INFO src.train.trainer: Last model at epoch 552 saved to checkpoints/etas_20260506-202807/last_model_1.pth
2026-05-06 20:28:24,537 INFO src.train.trainer: Epoch 553
2026-05-06 20:28:24,567 INFO src.train.trainer: New best validation loss: 0.8114, saved to checkpoints/etas_20260506-202807/best_model_1.pth
2026-05-06 20:28:24,569 INFO src.train.trainer: Last model at epoch 553 saved to checkpoints/etas_20260506-202807/last_model_1.pth
2026-05-06 20:28:24,569 INFO src.train.trainer: Epoch 554
2026-05-06 20:28:24,599 INFO src.train.trainer: New best validation loss: 0.8114, saved to checkpoints/etas_20260506-202807/best_model_1.pth
2026-05-06 20:28:24,601 INFO src.train.trainer: Last model at epoch 554 saved to checkpoints/etas_20260506-202807/last_model_1.pth
2026-05-06 20:28:24,601 INFO src.train.trainer: Epoch 555
2026-05-06 20:28:24,631 INFO src.train.trainer: New best validation loss: 0.8114, saved to checkpoints/etas_20260506-202807/best_model_1.pth
2026-05-06 20:28:24,633 INFO src.train.trainer: Last model at epoch 555 saved to checkpoints/etas_20260506-202807/last_model_1.pth
2026-05-06 20:28:24,633 INFO src.train.trainer: Epoch 556
2026-05-06 20:28:24,664 INFO src.train.trainer: New best validation loss: 0.8114, saved to checkpoints/etas_20260506-202807/best_model_1.pth
2026-05-06 20:28:24,665 INFO src.train.trainer: Last model at epoch 556 saved to checkpoints/etas_20260506-202807/last_model_1.pth
2026-05-06 20:28:24,665 INFO src.train.trainer: Epoch 557
2026-05-06 20:28:24,696 INFO src.train.trainer: New best validation loss: 0.8113, saved to checkpoints/etas_20260506-202807/best_model_1.pth
2026-05-06 20:28:24,698 INFO src.train.trainer: Last model at epoch 557 saved to checkpoints/etas_20260506-202807/last_model_1.pth
2026-05-06 20:28:24,698 INFO src.train.trainer: Epoch 558
2026-05-06 20:28:24,728 INFO src.train.trainer: New best validation loss: 0.8113, saved to checkpoints/etas_20260506-202807/best_model_1.pth
2026-05-06 20:28:24,730 INFO src.train.trainer: Last model at epoch 558 saved to checkpoints/etas_20260506-202807/last_model_1.pth
2026-05-06 20:28:24,730 INFO src.train.trainer: Epoch 559
2026-05-06 20:28:24,760 INFO src.train.trainer: New best validation loss: 0.8113, saved to checkpoints/etas_20260506-202807/best_model_1.pth
2026-05-06 20:28:24,762 INFO src.train.trainer: Last model at epoch 559 saved to checkpoints/etas_20260506-202807/last_model_1.pth
2026-05-06 20:28:24,762 INFO src.train.trainer: Epoch 560
2026-05-06 20:28:24,792 INFO src.train.trainer: New best validation loss: 0.8113, saved to checkpoints/etas_20260506-202807/best_model_1.pth
2026-05-06 20:28:24,794 INFO src.train.trainer: Last model at epoch 560 saved to checkpoints/etas_20260506-202807/last_model_1.pth
2026-05-06 20:28:24,794 INFO src.train.trainer: Epoch 561
2026-05-06 20:28:24,825 INFO src.train.trainer: New best validation loss: 0.8113, saved to checkpoints/etas_20260506-202807/best_model_1.pth
2026-05-06 20:28:24,826 INFO src.train.trainer: Last model at epoch 561 saved to checkpoints/etas_20260506-202807/last_model_1.pth
2026-05-06 20:28:24,826 INFO src.train.trainer: Epoch 562
2026-05-06 20:28:24,857 INFO src.train.trainer: New best validation loss: 0.8112, saved to checkpoints/etas_20260506-202807/best_model_1.pth
2026-05-06 20:28:24,858 INFO src.train.trainer: Last model at epoch 562 saved to checkpoints/etas_20260506-202807/last_model_1.pth
2026-05-06 20:28:24,858 INFO src.train.trainer: Epoch 563
2026-05-06 20:28:24,889 INFO src.train.trainer: New best validation loss: 0.8112, saved to checkpoints/etas_20260506-202807/best_model_1.pth
2026-05-06 20:28:24,890 INFO src.train.trainer: Last model at epoch 563 saved to checkpoints/etas_20260506-202807/last_model_1.pth
2026-05-06 20:28:24,891 INFO src.train.trainer: Epoch 564
2026-05-06 20:28:24,921 INFO src.train.trainer: New best validation loss: 0.8112, saved to checkpoints/etas_20260506-202807/best_model_1.pth
2026-05-06 20:28:24,923 INFO src.train.trainer: Last model at epoch 564 saved to checkpoints/etas_20260506-202807/last_model_1.pth
2026-05-06 20:28:24,923 INFO src.train.trainer: Epoch 565
2026-05-06 20:28:24,953 INFO src.train.trainer: New best validation loss: 0.8112, saved to checkpoints/etas_20260506-202807/best_model_1.pth
2026-05-06 20:28:24,955 INFO src.train.trainer: Last model at epoch 565 saved to checkpoints/etas_20260506-202807/last_model_1.pth
2026-05-06 20:28:24,955 INFO src.train.trainer: Epoch 566
2026-05-06 20:28:24,985 INFO src.train.trainer: New best validation loss: 0.8112, saved to checkpoints/etas_20260506-202807/best_model_1.pth
2026-05-06 20:28:24,987 INFO src.train.trainer: Last model at epoch 566 saved to checkpoints/etas_20260506-202807/last_model_1.pth
2026-05-06 20:28:24,987 INFO src.train.trainer: Epoch 567
2026-05-06 20:28:25,017 INFO src.train.trainer: New best validation loss: 0.8112, saved to checkpoints/etas_20260506-202807/best_model_1.pth
2026-05-06 20:28:25,019 INFO src.train.trainer: Last model at epoch 567 saved to checkpoints/etas_20260506-202807/last_model_1.pth
2026-05-06 20:28:25,019 INFO src.train.trainer: Epoch 568
2026-05-06 20:28:25,050 INFO src.train.trainer: New best validation loss: 0.8111, saved to checkpoints/etas_20260506-202807/best_model_1.pth
2026-05-06 20:28:25,052 INFO src.train.trainer: Last model at epoch 568 saved to checkpoints/etas_20260506-202807/last_model_1.pth
2026-05-06 20:28:25,052 INFO src.train.trainer: Epoch 569
2026-05-06 20:28:25,084 INFO src.train.trainer: New best validation loss: 0.8111, saved to checkpoints/etas_20260506-202807/best_model_1.pth
2026-05-06 20:28:25,086 INFO src.train.trainer: Last model at epoch 569 saved to checkpoints/etas_20260506-202807/last_model_1.pth
2026-05-06 20:28:25,086 INFO src.train.trainer: Epoch 570
2026-05-06 20:28:25,165 INFO src.train.trainer: New best validation loss: 0.8111, saved to checkpoints/etas_20260506-202807/best_model_1.pth
2026-05-06 20:28:25,166 INFO src.train.trainer: Last model at epoch 570 saved to checkpoints/etas_20260506-202807/last_model_1.pth
2026-05-06 20:28:25,167 INFO src.train.trainer: Epoch 571
2026-05-06 20:28:25,255 INFO src.train.trainer: New best validation loss: 0.8111, saved to checkpoints/etas_20260506-202807/best_model_1.pth
2026-05-06 20:28:25,257 INFO src.train.trainer: Last model at epoch 571 saved to checkpoints/etas_20260506-202807/last_model_1.pth
2026-05-06 20:28:25,257 INFO src.train.trainer: Epoch 572
2026-05-06 20:28:25,289 INFO src.train.trainer: New best validation loss: 0.8111, saved to checkpoints/etas_20260506-202807/best_model_1.pth
2026-05-06 20:28:25,290 INFO src.train.trainer: Last model at epoch 572 saved to checkpoints/etas_20260506-202807/last_model_1.pth
2026-05-06 20:28:25,290 INFO src.train.trainer: Epoch 573
2026-05-06 20:28:25,321 INFO src.train.trainer: New best validation loss: 0.8111, saved to checkpoints/etas_20260506-202807/best_model_1.pth
2026-05-06 20:28:25,323 INFO src.train.trainer: Last model at epoch 573 saved to checkpoints/etas_20260506-202807/last_model_1.pth
2026-05-06 20:28:25,323 INFO src.train.trainer: Epoch 574
2026-05-06 20:28:25,354 INFO src.train.trainer: New best validation loss: 0.8110, saved to checkpoints/etas_20260506-202807/best_model_1.pth
2026-05-06 20:28:25,356 INFO src.train.trainer: Last model at epoch 574 saved to checkpoints/etas_20260506-202807/last_model_1.pth
2026-05-06 20:28:25,356 INFO src.train.trainer: Epoch 575
2026-05-06 20:28:25,386 INFO src.train.trainer: New best validation loss: 0.8110, saved to checkpoints/etas_20260506-202807/best_model_1.pth
2026-05-06 20:28:25,388 INFO src.train.trainer: Last model at epoch 575 saved to checkpoints/etas_20260506-202807/last_model_1.pth
2026-05-06 20:28:25,388 INFO src.train.trainer: Epoch 576
2026-05-06 20:28:25,419 INFO src.train.trainer: New best validation loss: 0.8110, saved to checkpoints/etas_20260506-202807/best_model_1.pth
2026-05-06 20:28:25,420 INFO src.train.trainer: Last model at epoch 576 saved to checkpoints/etas_20260506-202807/last_model_1.pth
2026-05-06 20:28:25,420 INFO src.train.trainer: Epoch 577
2026-05-06 20:28:25,450 INFO src.train.trainer: New best validation loss: 0.8110, saved to checkpoints/etas_20260506-202807/best_model_1.pth
2026-05-06 20:28:25,452 INFO src.train.trainer: Last model at epoch 577 saved to checkpoints/etas_20260506-202807/last_model_1.pth
2026-05-06 20:28:25,452 INFO src.train.trainer: Epoch 578
2026-05-06 20:28:25,488 INFO src.train.trainer: New best validation loss: 0.8110, saved to checkpoints/etas_20260506-202807/best_model_1.pth
2026-05-06 20:28:25,490 INFO src.train.trainer: Last model at epoch 578 saved to checkpoints/etas_20260506-202807/last_model_1.pth
2026-05-06 20:28:25,490 INFO src.train.trainer: Epoch 579
2026-05-06 20:28:25,519 INFO src.train.trainer: New best validation loss: 0.8110, saved to checkpoints/etas_20260506-202807/best_model_1.pth
2026-05-06 20:28:25,522 INFO src.train.trainer: Last model at epoch 579 saved to checkpoints/etas_20260506-202807/last_model_1.pth
2026-05-06 20:28:25,522 INFO src.train.trainer: Epoch 580
2026-05-06 20:28:25,552 INFO src.train.trainer: New best validation loss: 0.8109, saved to checkpoints/etas_20260506-202807/best_model_1.pth
2026-05-06 20:28:25,553 INFO src.train.trainer: Last model at epoch 580 saved to checkpoints/etas_20260506-202807/last_model_1.pth
2026-05-06 20:28:25,554 INFO src.train.trainer: Epoch 581
2026-05-06 20:28:25,583 INFO src.train.trainer: New best validation loss: 0.8109, saved to checkpoints/etas_20260506-202807/best_model_1.pth
2026-05-06 20:28:25,585 INFO src.train.trainer: Last model at epoch 581 saved to checkpoints/etas_20260506-202807/last_model_1.pth
2026-05-06 20:28:25,585 INFO src.train.trainer: Epoch 582
2026-05-06 20:28:25,615 INFO src.train.trainer: New best validation loss: 0.8109, saved to checkpoints/etas_20260506-202807/best_model_1.pth
2026-05-06 20:28:25,616 INFO src.train.trainer: Last model at epoch 582 saved to checkpoints/etas_20260506-202807/last_model_1.pth
2026-05-06 20:28:25,616 INFO src.train.trainer: Epoch 583
2026-05-06 20:28:25,646 INFO src.train.trainer: New best validation loss: 0.8109, saved to checkpoints/etas_20260506-202807/best_model_1.pth
2026-05-06 20:28:25,648 INFO src.train.trainer: Last model at epoch 583 saved to checkpoints/etas_20260506-202807/last_model_1.pth
2026-05-06 20:28:25,648 INFO src.train.trainer: Epoch 584
2026-05-06 20:28:25,678 INFO src.train.trainer: New best validation loss: 0.8109, saved to checkpoints/etas_20260506-202807/best_model_1.pth
2026-05-06 20:28:25,680 INFO src.train.trainer: Last model at epoch 584 saved to checkpoints/etas_20260506-202807/last_model_1.pth
2026-05-06 20:28:25,680 INFO src.train.trainer: Epoch 585
2026-05-06 20:28:25,710 INFO src.train.trainer: New best validation loss: 0.8109, saved to checkpoints/etas_20260506-202807/best_model_1.pth
2026-05-06 20:28:25,712 INFO src.train.trainer: Last model at epoch 585 saved to checkpoints/etas_20260506-202807/last_model_1.pth
2026-05-06 20:28:25,712 INFO src.train.trainer: Epoch 586
2026-05-06 20:28:25,742 INFO src.train.trainer: New best validation loss: 0.8109, saved to checkpoints/etas_20260506-202807/best_model_1.pth
2026-05-06 20:28:25,744 INFO src.train.trainer: Last model at epoch 586 saved to checkpoints/etas_20260506-202807/last_model_1.pth
2026-05-06 20:28:25,744 INFO src.train.trainer: Epoch 587
2026-05-06 20:28:25,773 INFO src.train.trainer: New best validation loss: 0.8108, saved to checkpoints/etas_20260506-202807/best_model_1.pth
2026-05-06 20:28:25,775 INFO src.train.trainer: Last model at epoch 587 saved to checkpoints/etas_20260506-202807/last_model_1.pth
2026-05-06 20:28:25,775 INFO src.train.trainer: Epoch 588
2026-05-06 20:28:25,806 INFO src.train.trainer: New best validation loss: 0.8108, saved to checkpoints/etas_20260506-202807/best_model_1.pth
2026-05-06 20:28:25,808 INFO src.train.trainer: Last model at epoch 588 saved to checkpoints/etas_20260506-202807/last_model_1.pth
2026-05-06 20:28:25,808 INFO src.train.trainer: Epoch 589
2026-05-06 20:28:25,838 INFO src.train.trainer: New best validation loss: 0.8108, saved to checkpoints/etas_20260506-202807/best_model_1.pth
2026-05-06 20:28:25,840 INFO src.train.trainer: Last model at epoch 589 saved to checkpoints/etas_20260506-202807/last_model_1.pth
2026-05-06 20:28:25,840 INFO src.train.trainer: Epoch 590
2026-05-06 20:28:25,870 INFO src.train.trainer: New best validation loss: 0.8108, saved to checkpoints/etas_20260506-202807/best_model_1.pth
2026-05-06 20:28:25,872 INFO src.train.trainer: Last model at epoch 590 saved to checkpoints/etas_20260506-202807/last_model_1.pth
2026-05-06 20:28:25,872 INFO src.train.trainer: Epoch 591
2026-05-06 20:28:25,903 INFO src.train.trainer: New best validation loss: 0.8108, saved to checkpoints/etas_20260506-202807/best_model_1.pth
2026-05-06 20:28:25,905 INFO src.train.trainer: Last model at epoch 591 saved to checkpoints/etas_20260506-202807/last_model_1.pth
2026-05-06 20:28:25,905 INFO src.train.trainer: Epoch 592
2026-05-06 20:28:25,935 INFO src.train.trainer: New best validation loss: 0.8108, saved to checkpoints/etas_20260506-202807/best_model_1.pth
2026-05-06 20:28:25,937 INFO src.train.trainer: Last model at epoch 592 saved to checkpoints/etas_20260506-202807/last_model_1.pth
2026-05-06 20:28:25,937 INFO src.train.trainer: Epoch 593
2026-05-06 20:28:25,968 INFO src.train.trainer: New best validation loss: 0.8108, saved to checkpoints/etas_20260506-202807/best_model_1.pth
2026-05-06 20:28:25,969 INFO src.train.trainer: Last model at epoch 593 saved to checkpoints/etas_20260506-202807/last_model_1.pth
2026-05-06 20:28:25,970 INFO src.train.trainer: Epoch 594
2026-05-06 20:28:26,002 INFO src.train.trainer: New best validation loss: 0.8107, saved to checkpoints/etas_20260506-202807/best_model_1.pth
2026-05-06 20:28:26,004 INFO src.train.trainer: Last model at epoch 594 saved to checkpoints/etas_20260506-202807/last_model_1.pth
2026-05-06 20:28:26,004 INFO src.train.trainer: Epoch 595
2026-05-06 20:28:26,035 INFO src.train.trainer: New best validation loss: 0.8107, saved to checkpoints/etas_20260506-202807/best_model_1.pth
2026-05-06 20:28:26,037 INFO src.train.trainer: Last model at epoch 595 saved to checkpoints/etas_20260506-202807/last_model_1.pth
2026-05-06 20:28:26,037 INFO src.train.trainer: Epoch 596
2026-05-06 20:28:26,068 INFO src.train.trainer: New best validation loss: 0.8107, saved to checkpoints/etas_20260506-202807/best_model_1.pth
2026-05-06 20:28:26,069 INFO src.train.trainer: Last model at epoch 596 saved to checkpoints/etas_20260506-202807/last_model_1.pth
2026-05-06 20:28:26,070 INFO src.train.trainer: Epoch 597
2026-05-06 20:28:26,100 INFO src.train.trainer: New best validation loss: 0.8107, saved to checkpoints/etas_20260506-202807/best_model_1.pth
2026-05-06 20:28:26,102 INFO src.train.trainer: Last model at epoch 597 saved to checkpoints/etas_20260506-202807/last_model_1.pth
2026-05-06 20:28:26,102 INFO src.train.trainer: Epoch 598
2026-05-06 20:28:26,133 INFO src.train.trainer: New best validation loss: 0.8107, saved to checkpoints/etas_20260506-202807/best_model_1.pth
2026-05-06 20:28:26,134 INFO src.train.trainer: Last model at epoch 598 saved to checkpoints/etas_20260506-202807/last_model_1.pth
2026-05-06 20:28:26,134 INFO src.train.trainer: Epoch 599
2026-05-06 20:28:26,165 INFO src.train.trainer: New best validation loss: 0.8107, saved to checkpoints/etas_20260506-202807/best_model_1.pth
2026-05-06 20:28:26,167 INFO src.train.trainer: Last model at epoch 599 saved to checkpoints/etas_20260506-202807/last_model_1.pth
2026-05-06 20:28:26,167 INFO src.train.trainer: Epoch 600
2026-05-06 20:28:26,197 INFO src.train.trainer: New best validation loss: 0.8107, saved to checkpoints/etas_20260506-202807/best_model_1.pth
2026-05-06 20:28:26,199 INFO src.train.trainer: Last model at epoch 600 saved to checkpoints/etas_20260506-202807/last_model_1.pth
2026-05-06 20:28:26,199 INFO src.train.trainer: Epoch 601
2026-05-06 20:28:26,229 INFO src.train.trainer: New best validation loss: 0.8107, saved to checkpoints/etas_20260506-202807/best_model_1.pth
2026-05-06 20:28:26,231 INFO src.train.trainer: Last model at epoch 601 saved to checkpoints/etas_20260506-202807/last_model_1.pth
2026-05-06 20:28:26,231 INFO src.train.trainer: Epoch 602
2026-05-06 20:28:26,261 INFO src.train.trainer: New best validation loss: 0.8106, saved to checkpoints/etas_20260506-202807/best_model_1.pth
2026-05-06 20:28:26,263 INFO src.train.trainer: Last model at epoch 602 saved to checkpoints/etas_20260506-202807/last_model_1.pth
2026-05-06 20:28:26,263 INFO src.train.trainer: Epoch 603
2026-05-06 20:28:26,294 INFO src.train.trainer: New best validation loss: 0.8106, saved to checkpoints/etas_20260506-202807/best_model_1.pth
2026-05-06 20:28:26,295 INFO src.train.trainer: Last model at epoch 603 saved to checkpoints/etas_20260506-202807/last_model_1.pth
2026-05-06 20:28:26,295 INFO src.train.trainer: Epoch 604
2026-05-06 20:28:26,325 INFO src.train.trainer: New best validation loss: 0.8106, saved to checkpoints/etas_20260506-202807/best_model_1.pth
2026-05-06 20:28:26,327 INFO src.train.trainer: Last model at epoch 604 saved to checkpoints/etas_20260506-202807/last_model_1.pth
2026-05-06 20:28:26,328 INFO src.train.trainer: Epoch 605
2026-05-06 20:28:26,358 INFO src.train.trainer: New best validation loss: 0.8106, saved to checkpoints/etas_20260506-202807/best_model_1.pth
2026-05-06 20:28:26,360 INFO src.train.trainer: Last model at epoch 605 saved to checkpoints/etas_20260506-202807/last_model_1.pth
2026-05-06 20:28:26,360 INFO src.train.trainer: Epoch 606
2026-05-06 20:28:26,390 INFO src.train.trainer: New best validation loss: 0.8106, saved to checkpoints/etas_20260506-202807/best_model_1.pth
2026-05-06 20:28:26,392 INFO src.train.trainer: Last model at epoch 606 saved to checkpoints/etas_20260506-202807/last_model_1.pth
2026-05-06 20:28:26,392 INFO src.train.trainer: Epoch 607
2026-05-06 20:28:26,422 INFO src.train.trainer: New best validation loss: 0.8106, saved to checkpoints/etas_20260506-202807/best_model_1.pth
2026-05-06 20:28:26,424 INFO src.train.trainer: Last model at epoch 607 saved to checkpoints/etas_20260506-202807/last_model_1.pth
2026-05-06 20:28:26,424 INFO src.train.trainer: Epoch 608
2026-05-06 20:28:26,454 INFO src.train.trainer: New best validation loss: 0.8106, saved to checkpoints/etas_20260506-202807/best_model_1.pth
2026-05-06 20:28:26,456 INFO src.train.trainer: Last model at epoch 608 saved to checkpoints/etas_20260506-202807/last_model_1.pth
2026-05-06 20:28:26,456 INFO src.train.trainer: Epoch 609
2026-05-06 20:28:26,490 INFO src.train.trainer: New best validation loss: 0.8106, saved to checkpoints/etas_20260506-202807/best_model_1.pth
2026-05-06 20:28:26,492 INFO src.train.trainer: Last model at epoch 609 saved to checkpoints/etas_20260506-202807/last_model_1.pth
2026-05-06 20:28:26,492 INFO src.train.trainer: Epoch 610
2026-05-06 20:28:26,521 INFO src.train.trainer: New best validation loss: 0.8106, saved to checkpoints/etas_20260506-202807/best_model_1.pth
2026-05-06 20:28:26,523 INFO src.train.trainer: Last model at epoch 610 saved to checkpoints/etas_20260506-202807/last_model_1.pth
2026-05-06 20:28:26,523 INFO src.train.trainer: Epoch 611
2026-05-06 20:28:26,553 INFO src.train.trainer: New best validation loss: 0.8105, saved to checkpoints/etas_20260506-202807/best_model_1.pth
2026-05-06 20:28:26,555 INFO src.train.trainer: Last model at epoch 611 saved to checkpoints/etas_20260506-202807/last_model_1.pth
2026-05-06 20:28:26,555 INFO src.train.trainer: Epoch 612
2026-05-06 20:28:26,585 INFO src.train.trainer: New best validation loss: 0.8105, saved to checkpoints/etas_20260506-202807/best_model_1.pth
2026-05-06 20:28:26,587 INFO src.train.trainer: Last model at epoch 612 saved to checkpoints/etas_20260506-202807/last_model_1.pth
2026-05-06 20:28:26,587 INFO src.train.trainer: Epoch 613
2026-05-06 20:28:26,617 INFO src.train.trainer: New best validation loss: 0.8105, saved to checkpoints/etas_20260506-202807/best_model_1.pth
2026-05-06 20:28:26,618 INFO src.train.trainer: Last model at epoch 613 saved to checkpoints/etas_20260506-202807/last_model_1.pth
2026-05-06 20:28:26,618 INFO src.train.trainer: Epoch 614
2026-05-06 20:28:26,648 INFO src.train.trainer: New best validation loss: 0.8105, saved to checkpoints/etas_20260506-202807/best_model_1.pth
2026-05-06 20:28:26,650 INFO src.train.trainer: Last model at epoch 614 saved to checkpoints/etas_20260506-202807/last_model_1.pth
2026-05-06 20:28:26,650 INFO src.train.trainer: Epoch 615
2026-05-06 20:28:26,680 INFO src.train.trainer: New best validation loss: 0.8105, saved to checkpoints/etas_20260506-202807/best_model_1.pth
2026-05-06 20:28:26,681 INFO src.train.trainer: Last model at epoch 615 saved to checkpoints/etas_20260506-202807/last_model_1.pth
2026-05-06 20:28:26,681 INFO src.train.trainer: Epoch 616
2026-05-06 20:28:26,711 INFO src.train.trainer: New best validation loss: 0.8105, saved to checkpoints/etas_20260506-202807/best_model_1.pth
2026-05-06 20:28:26,713 INFO src.train.trainer: Last model at epoch 616 saved to checkpoints/etas_20260506-202807/last_model_1.pth
2026-05-06 20:28:26,713 INFO src.train.trainer: Epoch 617
2026-05-06 20:28:26,742 INFO src.train.trainer: New best validation loss: 0.8105, saved to checkpoints/etas_20260506-202807/best_model_1.pth
2026-05-06 20:28:26,744 INFO src.train.trainer: Last model at epoch 617 saved to checkpoints/etas_20260506-202807/last_model_1.pth
2026-05-06 20:28:26,744 INFO src.train.trainer: Epoch 618
2026-05-06 20:28:26,774 INFO src.train.trainer: New best validation loss: 0.8105, saved to checkpoints/etas_20260506-202807/best_model_1.pth
2026-05-06 20:28:26,775 INFO src.train.trainer: Last model at epoch 618 saved to checkpoints/etas_20260506-202807/last_model_1.pth
2026-05-06 20:28:26,775 INFO src.train.trainer: Epoch 619
2026-05-06 20:28:26,805 INFO src.train.trainer: New best validation loss: 0.8105, saved to checkpoints/etas_20260506-202807/best_model_1.pth
2026-05-06 20:28:26,807 INFO src.train.trainer: Last model at epoch 619 saved to checkpoints/etas_20260506-202807/last_model_1.pth
2026-05-06 20:28:26,807 INFO src.train.trainer: Epoch 620
2026-05-06 20:28:26,836 INFO src.train.trainer: New best validation loss: 0.8105, saved to checkpoints/etas_20260506-202807/best_model_1.pth
2026-05-06 20:28:26,838 INFO src.train.trainer: Last model at epoch 620 saved to checkpoints/etas_20260506-202807/last_model_1.pth
2026-05-06 20:28:26,838 INFO src.train.trainer: Epoch 621
2026-05-06 20:28:26,868 INFO src.train.trainer: New best validation loss: 0.8104, saved to checkpoints/etas_20260506-202807/best_model_1.pth
2026-05-06 20:28:26,870 INFO src.train.trainer: Last model at epoch 621 saved to checkpoints/etas_20260506-202807/last_model_1.pth
2026-05-06 20:28:26,870 INFO src.train.trainer: Epoch 622
2026-05-06 20:28:26,899 INFO src.train.trainer: New best validation loss: 0.8104, saved to checkpoints/etas_20260506-202807/best_model_1.pth
2026-05-06 20:28:26,901 INFO src.train.trainer: Last model at epoch 622 saved to checkpoints/etas_20260506-202807/last_model_1.pth
2026-05-06 20:28:26,901 INFO src.train.trainer: Epoch 623
2026-05-06 20:28:26,931 INFO src.train.trainer: New best validation loss: 0.8104, saved to checkpoints/etas_20260506-202807/best_model_1.pth
2026-05-06 20:28:26,932 INFO src.train.trainer: Last model at epoch 623 saved to checkpoints/etas_20260506-202807/last_model_1.pth
2026-05-06 20:28:26,933 INFO src.train.trainer: Epoch 624
2026-05-06 20:28:26,962 INFO src.train.trainer: New best validation loss: 0.8104, saved to checkpoints/etas_20260506-202807/best_model_1.pth
2026-05-06 20:28:26,964 INFO src.train.trainer: Last model at epoch 624 saved to checkpoints/etas_20260506-202807/last_model_1.pth
2026-05-06 20:28:26,964 INFO src.train.trainer: Epoch 625
2026-05-06 20:28:26,994 INFO src.train.trainer: New best validation loss: 0.8104, saved to checkpoints/etas_20260506-202807/best_model_1.pth
2026-05-06 20:28:26,995 INFO src.train.trainer: Last model at epoch 625 saved to checkpoints/etas_20260506-202807/last_model_1.pth
2026-05-06 20:28:26,995 INFO src.train.trainer: Epoch 626
2026-05-06 20:28:27,025 INFO src.train.trainer: New best validation loss: 0.8104, saved to checkpoints/etas_20260506-202807/best_model_1.pth
2026-05-06 20:28:27,027 INFO src.train.trainer: Last model at epoch 626 saved to checkpoints/etas_20260506-202807/last_model_1.pth
2026-05-06 20:28:27,027 INFO src.train.trainer: Epoch 627
2026-05-06 20:28:27,056 INFO src.train.trainer: New best validation loss: 0.8104, saved to checkpoints/etas_20260506-202807/best_model_1.pth
2026-05-06 20:28:27,058 INFO src.train.trainer: Last model at epoch 627 saved to checkpoints/etas_20260506-202807/last_model_1.pth
2026-05-06 20:28:27,058 INFO src.train.trainer: Epoch 628
2026-05-06 20:28:27,088 INFO src.train.trainer: New best validation loss: 0.8104, saved to checkpoints/etas_20260506-202807/best_model_1.pth
2026-05-06 20:28:27,090 INFO src.train.trainer: Last model at epoch 628 saved to checkpoints/etas_20260506-202807/last_model_1.pth
2026-05-06 20:28:27,090 INFO src.train.trainer: Epoch 629
2026-05-06 20:28:27,119 INFO src.train.trainer: New best validation loss: 0.8104, saved to checkpoints/etas_20260506-202807/best_model_1.pth
2026-05-06 20:28:27,121 INFO src.train.trainer: Last model at epoch 629 saved to checkpoints/etas_20260506-202807/last_model_1.pth
2026-05-06 20:28:27,121 INFO src.train.trainer: Epoch 630
2026-05-06 20:28:27,150 INFO src.train.trainer: New best validation loss: 0.8104, saved to checkpoints/etas_20260506-202807/best_model_1.pth
2026-05-06 20:28:27,152 INFO src.train.trainer: Last model at epoch 630 saved to checkpoints/etas_20260506-202807/last_model_1.pth
2026-05-06 20:28:27,152 INFO src.train.trainer: Epoch 631
2026-05-06 20:28:27,182 INFO src.train.trainer: New best validation loss: 0.8104, saved to checkpoints/etas_20260506-202807/best_model_1.pth
2026-05-06 20:28:27,184 INFO src.train.trainer: Last model at epoch 631 saved to checkpoints/etas_20260506-202807/last_model_1.pth
2026-05-06 20:28:27,184 INFO src.train.trainer: Epoch 632
2026-05-06 20:28:27,214 INFO src.train.trainer: New best validation loss: 0.8104, saved to checkpoints/etas_20260506-202807/best_model_1.pth
2026-05-06 20:28:27,215 INFO src.train.trainer: Last model at epoch 632 saved to checkpoints/etas_20260506-202807/last_model_1.pth
2026-05-06 20:28:27,216 INFO src.train.trainer: Epoch 633
2026-05-06 20:28:27,246 INFO src.train.trainer: New best validation loss: 0.8104, saved to checkpoints/etas_20260506-202807/best_model_1.pth
2026-05-06 20:28:27,248 INFO src.train.trainer: Last model at epoch 633 saved to checkpoints/etas_20260506-202807/last_model_1.pth
2026-05-06 20:28:27,248 INFO src.train.trainer: Epoch 634
2026-05-06 20:28:27,277 INFO src.train.trainer: New best validation loss: 0.8104, saved to checkpoints/etas_20260506-202807/best_model_1.pth
2026-05-06 20:28:27,279 INFO src.train.trainer: Last model at epoch 634 saved to checkpoints/etas_20260506-202807/last_model_1.pth
2026-05-06 20:28:27,279 INFO src.train.trainer: Epoch 635
2026-05-06 20:28:27,309 INFO src.train.trainer: New best validation loss: 0.8103, saved to checkpoints/etas_20260506-202807/best_model_1.pth
2026-05-06 20:28:27,310 INFO src.train.trainer: Last model at epoch 635 saved to checkpoints/etas_20260506-202807/last_model_1.pth
2026-05-06 20:28:27,310 INFO src.train.trainer: Epoch 636
2026-05-06 20:28:27,340 INFO src.train.trainer: New best validation loss: 0.8103, saved to checkpoints/etas_20260506-202807/best_model_1.pth
2026-05-06 20:28:27,342 INFO src.train.trainer: Last model at epoch 636 saved to checkpoints/etas_20260506-202807/last_model_1.pth
2026-05-06 20:28:27,342 INFO src.train.trainer: Epoch 637
2026-05-06 20:28:27,372 INFO src.train.trainer: New best validation loss: 0.8103, saved to checkpoints/etas_20260506-202807/best_model_1.pth
2026-05-06 20:28:27,373 INFO src.train.trainer: Last model at epoch 637 saved to checkpoints/etas_20260506-202807/last_model_1.pth
2026-05-06 20:28:27,373 INFO src.train.trainer: Epoch 638
2026-05-06 20:28:27,404 INFO src.train.trainer: New best validation loss: 0.8103, saved to checkpoints/etas_20260506-202807/best_model_1.pth
2026-05-06 20:28:27,406 INFO src.train.trainer: Last model at epoch 638 saved to checkpoints/etas_20260506-202807/last_model_1.pth
2026-05-06 20:28:27,406 INFO src.train.trainer: Epoch 639
2026-05-06 20:28:27,436 INFO src.train.trainer: New best validation loss: 0.8103, saved to checkpoints/etas_20260506-202807/best_model_1.pth
2026-05-06 20:28:27,438 INFO src.train.trainer: Last model at epoch 639 saved to checkpoints/etas_20260506-202807/last_model_1.pth
2026-05-06 20:28:27,438 INFO src.train.trainer: Epoch 640
2026-05-06 20:28:27,467 INFO src.train.trainer: New best validation loss: 0.8103, saved to checkpoints/etas_20260506-202807/best_model_1.pth
2026-05-06 20:28:27,469 INFO src.train.trainer: Last model at epoch 640 saved to checkpoints/etas_20260506-202807/last_model_1.pth
2026-05-06 20:28:27,469 INFO src.train.trainer: Epoch 641
2026-05-06 20:28:27,499 INFO src.train.trainer: New best validation loss: 0.8103, saved to checkpoints/etas_20260506-202807/best_model_1.pth
2026-05-06 20:28:27,501 INFO src.train.trainer: Last model at epoch 641 saved to checkpoints/etas_20260506-202807/last_model_1.pth
2026-05-06 20:28:27,501 INFO src.train.trainer: Epoch 642
2026-05-06 20:28:27,530 INFO src.train.trainer: New best validation loss: 0.8103, saved to checkpoints/etas_20260506-202807/best_model_1.pth
2026-05-06 20:28:27,532 INFO src.train.trainer: Last model at epoch 642 saved to checkpoints/etas_20260506-202807/last_model_1.pth
2026-05-06 20:28:27,532 INFO src.train.trainer: Epoch 643
2026-05-06 20:28:27,565 INFO src.train.trainer: New best validation loss: 0.8103, saved to checkpoints/etas_20260506-202807/best_model_1.pth
2026-05-06 20:28:27,566 INFO src.train.trainer: Last model at epoch 643 saved to checkpoints/etas_20260506-202807/last_model_1.pth
2026-05-06 20:28:27,566 INFO src.train.trainer: Epoch 644
2026-05-06 20:28:27,596 INFO src.train.trainer: New best validation loss: 0.8103, saved to checkpoints/etas_20260506-202807/best_model_1.pth
2026-05-06 20:28:27,598 INFO src.train.trainer: Last model at epoch 644 saved to checkpoints/etas_20260506-202807/last_model_1.pth
2026-05-06 20:28:27,598 INFO src.train.trainer: Epoch 645
2026-05-06 20:28:27,628 INFO src.train.trainer: New best validation loss: 0.8103, saved to checkpoints/etas_20260506-202807/best_model_1.pth
2026-05-06 20:28:27,630 INFO src.train.trainer: Last model at epoch 645 saved to checkpoints/etas_20260506-202807/last_model_1.pth
2026-05-06 20:28:27,630 INFO src.train.trainer: Epoch 646
2026-05-06 20:28:27,660 INFO src.train.trainer: New best validation loss: 0.8103, saved to checkpoints/etas_20260506-202807/best_model_1.pth
2026-05-06 20:28:27,661 INFO src.train.trainer: Last model at epoch 646 saved to checkpoints/etas_20260506-202807/last_model_1.pth
2026-05-06 20:28:27,661 INFO src.train.trainer: Epoch 647
2026-05-06 20:28:27,691 INFO src.train.trainer: New best validation loss: 0.8103, saved to checkpoints/etas_20260506-202807/best_model_1.pth
2026-05-06 20:28:27,693 INFO src.train.trainer: Last model at epoch 647 saved to checkpoints/etas_20260506-202807/last_model_1.pth
2026-05-06 20:28:27,693 INFO src.train.trainer: Epoch 648
2026-05-06 20:28:27,722 INFO src.train.trainer: New best validation loss: 0.8103, saved to checkpoints/etas_20260506-202807/best_model_1.pth
2026-05-06 20:28:27,724 INFO src.train.trainer: Last model at epoch 648 saved to checkpoints/etas_20260506-202807/last_model_1.pth
2026-05-06 20:28:27,724 INFO src.train.trainer: Epoch 649
2026-05-06 20:28:27,754 INFO src.train.trainer: New best validation loss: 0.8103, saved to checkpoints/etas_20260506-202807/best_model_1.pth
2026-05-06 20:28:27,756 INFO src.train.trainer: Last model at epoch 649 saved to checkpoints/etas_20260506-202807/last_model_1.pth
2026-05-06 20:28:27,756 INFO src.train.trainer: Epoch 650
2026-05-06 20:28:27,786 INFO src.train.trainer: New best validation loss: 0.8103, saved to checkpoints/etas_20260506-202807/best_model_1.pth
2026-05-06 20:28:27,787 INFO src.train.trainer: Last model at epoch 650 saved to checkpoints/etas_20260506-202807/last_model_1.pth
2026-05-06 20:28:27,788 INFO src.train.trainer: Epoch 651
2026-05-06 20:28:27,817 INFO src.train.trainer: New best validation loss: 0.8103, saved to checkpoints/etas_20260506-202807/best_model_1.pth
2026-05-06 20:28:27,820 INFO src.train.trainer: Last model at epoch 651 saved to checkpoints/etas_20260506-202807/last_model_1.pth
2026-05-06 20:28:27,820 INFO src.train.trainer: Epoch 652
2026-05-06 20:28:27,849 INFO src.train.trainer: New best validation loss: 0.8103, saved to checkpoints/etas_20260506-202807/best_model_1.pth
2026-05-06 20:28:27,851 INFO src.train.trainer: Last model at epoch 652 saved to checkpoints/etas_20260506-202807/last_model_1.pth
2026-05-06 20:28:27,851 INFO src.train.trainer: Epoch 653
2026-05-06 20:28:27,881 INFO src.train.trainer: New best validation loss: 0.8103, saved to checkpoints/etas_20260506-202807/best_model_1.pth
2026-05-06 20:28:27,882 INFO src.train.trainer: Last model at epoch 653 saved to checkpoints/etas_20260506-202807/last_model_1.pth
2026-05-06 20:28:27,882 INFO src.train.trainer: Epoch 654
2026-05-06 20:28:27,912 INFO src.train.trainer: New best validation loss: 0.8103, saved to checkpoints/etas_20260506-202807/best_model_1.pth
2026-05-06 20:28:27,914 INFO src.train.trainer: Last model at epoch 654 saved to checkpoints/etas_20260506-202807/last_model_1.pth
2026-05-06 20:28:27,914 INFO src.train.trainer: Epoch 655
2026-05-06 20:28:27,944 INFO src.train.trainer: New best validation loss: 0.8102, saved to checkpoints/etas_20260506-202807/best_model_1.pth
2026-05-06 20:28:27,945 INFO src.train.trainer: Last model at epoch 655 saved to checkpoints/etas_20260506-202807/last_model_1.pth
2026-05-06 20:28:27,946 INFO src.train.trainer: Epoch 656
2026-05-06 20:28:27,975 INFO src.train.trainer: New best validation loss: 0.8102, saved to checkpoints/etas_20260506-202807/best_model_1.pth
2026-05-06 20:28:27,977 INFO src.train.trainer: Last model at epoch 656 saved to checkpoints/etas_20260506-202807/last_model_1.pth
2026-05-06 20:28:27,977 INFO src.train.trainer: Epoch 657
2026-05-06 20:28:28,008 INFO src.train.trainer: New best validation loss: 0.8102, saved to checkpoints/etas_20260506-202807/best_model_1.pth
2026-05-06 20:28:28,010 INFO src.train.trainer: Last model at epoch 657 saved to checkpoints/etas_20260506-202807/last_model_1.pth
2026-05-06 20:28:28,010 INFO src.train.trainer: Epoch 658
2026-05-06 20:28:28,040 INFO src.train.trainer: New best validation loss: 0.8102, saved to checkpoints/etas_20260506-202807/best_model_1.pth
2026-05-06 20:28:28,041 INFO src.train.trainer: Last model at epoch 658 saved to checkpoints/etas_20260506-202807/last_model_1.pth
2026-05-06 20:28:28,041 INFO src.train.trainer: Epoch 659
2026-05-06 20:28:28,071 INFO src.train.trainer: New best validation loss: 0.8102, saved to checkpoints/etas_20260506-202807/best_model_1.pth
2026-05-06 20:28:28,073 INFO src.train.trainer: Last model at epoch 659 saved to checkpoints/etas_20260506-202807/last_model_1.pth
2026-05-06 20:28:28,073 INFO src.train.trainer: Epoch 660
2026-05-06 20:28:28,103 INFO src.train.trainer: New best validation loss: 0.8102, saved to checkpoints/etas_20260506-202807/best_model_1.pth
2026-05-06 20:28:28,104 INFO src.train.trainer: Last model at epoch 660 saved to checkpoints/etas_20260506-202807/last_model_1.pth
2026-05-06 20:28:28,105 INFO src.train.trainer: Epoch 661
2026-05-06 20:28:28,134 INFO src.train.trainer: New best validation loss: 0.8102, saved to checkpoints/etas_20260506-202807/best_model_1.pth
2026-05-06 20:28:28,136 INFO src.train.trainer: Last model at epoch 661 saved to checkpoints/etas_20260506-202807/last_model_1.pth
2026-05-06 20:28:28,136 INFO src.train.trainer: Epoch 662
2026-05-06 20:28:28,165 INFO src.train.trainer: New best validation loss: 0.8102, saved to checkpoints/etas_20260506-202807/best_model_1.pth
2026-05-06 20:28:28,167 INFO src.train.trainer: Last model at epoch 662 saved to checkpoints/etas_20260506-202807/last_model_1.pth
2026-05-06 20:28:28,167 INFO src.train.trainer: Epoch 663
2026-05-06 20:28:28,197 INFO src.train.trainer: New best validation loss: 0.8102, saved to checkpoints/etas_20260506-202807/best_model_1.pth
2026-05-06 20:28:28,199 INFO src.train.trainer: Last model at epoch 663 saved to checkpoints/etas_20260506-202807/last_model_1.pth
2026-05-06 20:28:28,199 INFO src.train.trainer: Epoch 664
2026-05-06 20:28:28,231 INFO src.train.trainer: New best validation loss: 0.8102, saved to checkpoints/etas_20260506-202807/best_model_1.pth
2026-05-06 20:28:28,233 INFO src.train.trainer: Last model at epoch 664 saved to checkpoints/etas_20260506-202807/last_model_1.pth
2026-05-06 20:28:28,233 INFO src.train.trainer: Epoch 665
2026-05-06 20:28:28,262 INFO src.train.trainer: New best validation loss: 0.8102, saved to checkpoints/etas_20260506-202807/best_model_1.pth
2026-05-06 20:28:28,264 INFO src.train.trainer: Last model at epoch 665 saved to checkpoints/etas_20260506-202807/last_model_1.pth
2026-05-06 20:28:28,264 INFO src.train.trainer: Epoch 666
2026-05-06 20:28:28,294 INFO src.train.trainer: New best validation loss: 0.8102, saved to checkpoints/etas_20260506-202807/best_model_1.pth
2026-05-06 20:28:28,296 INFO src.train.trainer: Last model at epoch 666 saved to checkpoints/etas_20260506-202807/last_model_1.pth
2026-05-06 20:28:28,296 INFO src.train.trainer: Epoch 667
2026-05-06 20:28:28,326 INFO src.train.trainer: New best validation loss: 0.8102, saved to checkpoints/etas_20260506-202807/best_model_1.pth
2026-05-06 20:28:28,328 INFO src.train.trainer: Last model at epoch 667 saved to checkpoints/etas_20260506-202807/last_model_1.pth
2026-05-06 20:28:28,328 INFO src.train.trainer: Epoch 668
2026-05-06 20:28:28,358 INFO src.train.trainer: New best validation loss: 0.8102, saved to checkpoints/etas_20260506-202807/best_model_1.pth
2026-05-06 20:28:28,359 INFO src.train.trainer: Last model at epoch 668 saved to checkpoints/etas_20260506-202807/last_model_1.pth
2026-05-06 20:28:28,359 INFO src.train.trainer: Epoch 669
2026-05-06 20:28:28,389 INFO src.train.trainer: New best validation loss: 0.8102, saved to checkpoints/etas_20260506-202807/best_model_1.pth
2026-05-06 20:28:28,391 INFO src.train.trainer: Last model at epoch 669 saved to checkpoints/etas_20260506-202807/last_model_1.pth
2026-05-06 20:28:28,391 INFO src.train.trainer: Epoch 670
2026-05-06 20:28:28,423 INFO src.train.trainer: New best validation loss: 0.8102, saved to checkpoints/etas_20260506-202807/best_model_1.pth
2026-05-06 20:28:28,424 INFO src.train.trainer: Last model at epoch 670 saved to checkpoints/etas_20260506-202807/last_model_1.pth
2026-05-06 20:28:28,425 INFO src.train.trainer: Epoch 671
2026-05-06 20:28:28,454 INFO src.train.trainer: New best validation loss: 0.8102, saved to checkpoints/etas_20260506-202807/best_model_1.pth
2026-05-06 20:28:28,456 INFO src.train.trainer: Last model at epoch 671 saved to checkpoints/etas_20260506-202807/last_model_1.pth
2026-05-06 20:28:28,456 INFO src.train.trainer: Epoch 672
2026-05-06 20:28:28,485 INFO src.train.trainer: New best validation loss: 0.8102, saved to checkpoints/etas_20260506-202807/best_model_1.pth
2026-05-06 20:28:28,486 INFO src.train.trainer: Last model at epoch 672 saved to checkpoints/etas_20260506-202807/last_model_1.pth
2026-05-06 20:28:28,486 INFO src.train.trainer: Epoch 673
2026-05-06 20:28:28,516 INFO src.train.trainer: New best validation loss: 0.8102, saved to checkpoints/etas_20260506-202807/best_model_1.pth
2026-05-06 20:28:28,517 INFO src.train.trainer: Last model at epoch 673 saved to checkpoints/etas_20260506-202807/last_model_1.pth
2026-05-06 20:28:28,518 INFO src.train.trainer: Epoch 674
2026-05-06 20:28:28,547 INFO src.train.trainer: New best validation loss: 0.8102, saved to checkpoints/etas_20260506-202807/best_model_1.pth
2026-05-06 20:28:28,549 INFO src.train.trainer: Last model at epoch 674 saved to checkpoints/etas_20260506-202807/last_model_1.pth
2026-05-06 20:28:28,549 INFO src.train.trainer: Epoch 675
2026-05-06 20:28:28,580 INFO src.train.trainer: New best validation loss: 0.8102, saved to checkpoints/etas_20260506-202807/best_model_1.pth
2026-05-06 20:28:28,581 INFO src.train.trainer: Last model at epoch 675 saved to checkpoints/etas_20260506-202807/last_model_1.pth
2026-05-06 20:28:28,582 INFO src.train.trainer: Epoch 676
2026-05-06 20:28:28,612 INFO src.train.trainer: Last model at epoch 676 saved to checkpoints/etas_20260506-202807/last_model_1.pth
2026-05-06 20:28:28,612 INFO src.train.trainer: Epoch 677
2026-05-06 20:28:28,642 INFO src.train.trainer: Last model at epoch 677 saved to checkpoints/etas_20260506-202807/last_model_1.pth
2026-05-06 20:28:28,642 INFO src.train.trainer: Epoch 678
2026-05-06 20:28:28,673 INFO src.train.trainer: New best validation loss: 0.8102, saved to checkpoints/etas_20260506-202807/best_model_1.pth
2026-05-06 20:28:28,674 INFO src.train.trainer: Last model at epoch 678 saved to checkpoints/etas_20260506-202807/last_model_1.pth
2026-05-06 20:28:28,675 INFO src.train.trainer: Epoch 679
2026-05-06 20:28:28,705 INFO src.train.trainer: Last model at epoch 679 saved to checkpoints/etas_20260506-202807/last_model_1.pth
2026-05-06 20:28:28,705 INFO src.train.trainer: Epoch 680
2026-05-06 20:28:28,736 INFO src.train.trainer: Last model at epoch 680 saved to checkpoints/etas_20260506-202807/last_model_1.pth
2026-05-06 20:28:28,736 INFO src.train.trainer: Epoch 681
2026-05-06 20:28:28,767 INFO src.train.trainer: Last model at epoch 681 saved to checkpoints/etas_20260506-202807/last_model_1.pth
2026-05-06 20:28:28,767 INFO src.train.trainer: Epoch 682
2026-05-06 20:28:28,797 INFO src.train.trainer: Last model at epoch 682 saved to checkpoints/etas_20260506-202807/last_model_1.pth
2026-05-06 20:28:28,798 INFO src.train.trainer: Epoch 683
2026-05-06 20:28:28,828 INFO src.train.trainer: Last model at epoch 683 saved to checkpoints/etas_20260506-202807/last_model_1.pth
2026-05-06 20:28:28,828 INFO src.train.trainer: Epoch 684
2026-05-06 20:28:28,860 INFO src.train.trainer: Last model at epoch 684 saved to checkpoints/etas_20260506-202807/last_model_1.pth
2026-05-06 20:28:28,861 INFO src.train.trainer: Epoch 685
2026-05-06 20:28:28,892 INFO src.train.trainer: Last model at epoch 685 saved to checkpoints/etas_20260506-202807/last_model_1.pth
2026-05-06 20:28:28,893 INFO src.train.trainer: Epoch 686
2026-05-06 20:28:28,923 INFO src.train.trainer: Last model at epoch 686 saved to checkpoints/etas_20260506-202807/last_model_1.pth
2026-05-06 20:28:28,924 INFO src.train.trainer: Epoch 687
2026-05-06 20:28:28,954 INFO src.train.trainer: Last model at epoch 687 saved to checkpoints/etas_20260506-202807/last_model_1.pth
2026-05-06 20:28:28,955 INFO src.train.trainer: Epoch 688
2026-05-06 20:28:28,985 INFO src.train.trainer: Last model at epoch 688 saved to checkpoints/etas_20260506-202807/last_model_1.pth
2026-05-06 20:28:28,985 INFO src.train.trainer: Epoch 689
2026-05-06 20:28:29,016 INFO src.train.trainer: Last model at epoch 689 saved to checkpoints/etas_20260506-202807/last_model_1.pth
2026-05-06 20:28:29,016 INFO src.train.trainer: Epoch 690
2026-05-06 20:28:29,050 INFO src.train.trainer: Last model at epoch 690 saved to checkpoints/etas_20260506-202807/last_model_1.pth
2026-05-06 20:28:29,050 INFO src.train.trainer: Epoch 691
2026-05-06 20:28:29,081 INFO src.train.trainer: Last model at epoch 691 saved to checkpoints/etas_20260506-202807/last_model_1.pth
2026-05-06 20:28:29,081 INFO src.train.trainer: Epoch 692
2026-05-06 20:28:29,112 INFO src.train.trainer: Last model at epoch 692 saved to checkpoints/etas_20260506-202807/last_model_1.pth
2026-05-06 20:28:29,112 INFO src.train.trainer: Epoch 693
2026-05-06 20:28:29,142 INFO src.train.trainer: Last model at epoch 693 saved to checkpoints/etas_20260506-202807/last_model_1.pth
2026-05-06 20:28:29,142 INFO src.train.trainer: Epoch 694
2026-05-06 20:28:29,173 INFO src.train.trainer: Last model at epoch 694 saved to checkpoints/etas_20260506-202807/last_model_1.pth
2026-05-06 20:28:29,173 INFO src.train.trainer: Epoch 695
2026-05-06 20:28:29,204 INFO src.train.trainer: Last model at epoch 695 saved to checkpoints/etas_20260506-202807/last_model_1.pth
2026-05-06 20:28:29,204 INFO src.train.trainer: Epoch 696
2026-05-06 20:28:29,236 INFO src.train.trainer: Last model at epoch 696 saved to checkpoints/etas_20260506-202807/last_model_1.pth
2026-05-06 20:28:29,236 INFO src.train.trainer: Epoch 697
2026-05-06 20:28:29,266 INFO src.train.trainer: Last model at epoch 697 saved to checkpoints/etas_20260506-202807/last_model_1.pth
2026-05-06 20:28:29,267 INFO src.train.trainer: Epoch 698
2026-05-06 20:28:29,298 INFO src.train.trainer: Last model at epoch 698 saved to checkpoints/etas_20260506-202807/last_model_1.pth
2026-05-06 20:28:29,298 INFO src.train.trainer: Epoch 699
2026-05-06 20:28:29,329 INFO src.train.trainer: Last model at epoch 699 saved to checkpoints/etas_20260506-202807/last_model_1.pth
2026-05-06 20:28:29,329 INFO src.train.trainer: Epoch 700
2026-05-06 20:28:29,360 INFO src.train.trainer: Last model at epoch 700 saved to checkpoints/etas_20260506-202807/last_model_1.pth
2026-05-06 20:28:29,360 INFO src.train.trainer: Epoch 701
2026-05-06 20:28:29,390 INFO src.train.trainer: Last model at epoch 701 saved to checkpoints/etas_20260506-202807/last_model_1.pth
2026-05-06 20:28:29,390 INFO src.train.trainer: Epoch 702
2026-05-06 20:28:29,421 INFO src.train.trainer: Last model at epoch 702 saved to checkpoints/etas_20260506-202807/last_model_1.pth
2026-05-06 20:28:29,422 INFO src.train.trainer: Epoch 703
2026-05-06 20:28:29,452 INFO src.train.trainer: Last model at epoch 703 saved to checkpoints/etas_20260506-202807/last_model_1.pth
2026-05-06 20:28:29,453 INFO src.train.trainer: Epoch 704
2026-05-06 20:28:29,483 INFO src.train.trainer: Last model at epoch 704 saved to checkpoints/etas_20260506-202807/last_model_1.pth
2026-05-06 20:28:29,484 INFO src.train.trainer: Epoch 705
2026-05-06 20:28:29,514 INFO src.train.trainer: Last model at epoch 705 saved to checkpoints/etas_20260506-202807/last_model_1.pth
2026-05-06 20:28:29,514 INFO src.train.trainer: Epoch 706
2026-05-06 20:28:29,545 INFO src.train.trainer: Last model at epoch 706 saved to checkpoints/etas_20260506-202807/last_model_1.pth
2026-05-06 20:28:29,545 INFO src.train.trainer: Epoch 707
2026-05-06 20:28:29,576 INFO src.train.trainer: Last model at epoch 707 saved to checkpoints/etas_20260506-202807/last_model_1.pth
2026-05-06 20:28:29,576 INFO src.train.trainer: Epoch 708
2026-05-06 20:28:29,609 INFO src.train.trainer: Last model at epoch 708 saved to checkpoints/etas_20260506-202807/last_model_1.pth
2026-05-06 20:28:29,609 INFO src.train.trainer: Epoch 709
2026-05-06 20:28:29,640 INFO src.train.trainer: Last model at epoch 709 saved to checkpoints/etas_20260506-202807/last_model_1.pth
2026-05-06 20:28:29,640 INFO src.train.trainer: Epoch 710
2026-05-06 20:28:29,671 INFO src.train.trainer: Last model at epoch 710 saved to checkpoints/etas_20260506-202807/last_model_1.pth
2026-05-06 20:28:29,671 INFO src.train.trainer: Epoch 711
2026-05-06 20:28:29,702 INFO src.train.trainer: Last model at epoch 711 saved to checkpoints/etas_20260506-202807/last_model_1.pth
2026-05-06 20:28:29,702 INFO src.train.trainer: Epoch 712
2026-05-06 20:28:29,733 INFO src.train.trainer: Last model at epoch 712 saved to checkpoints/etas_20260506-202807/last_model_1.pth
2026-05-06 20:28:29,733 INFO src.train.trainer: Epoch 713
2026-05-06 20:28:29,764 INFO src.train.trainer: Last model at epoch 713 saved to checkpoints/etas_20260506-202807/last_model_1.pth
2026-05-06 20:28:29,764 INFO src.train.trainer: Epoch 714
2026-05-06 20:28:29,796 INFO src.train.trainer: Last model at epoch 714 saved to checkpoints/etas_20260506-202807/last_model_1.pth
2026-05-06 20:28:29,796 INFO src.train.trainer: Epoch 715
2026-05-06 20:28:29,827 INFO src.train.trainer: Last model at epoch 715 saved to checkpoints/etas_20260506-202807/last_model_1.pth
2026-05-06 20:28:29,828 INFO src.train.trainer: Epoch 716
2026-05-06 20:28:29,858 INFO src.train.trainer: Last model at epoch 716 saved to checkpoints/etas_20260506-202807/last_model_1.pth
2026-05-06 20:28:29,858 INFO src.train.trainer: Epoch 717
2026-05-06 20:28:29,890 INFO src.train.trainer: Last model at epoch 717 saved to checkpoints/etas_20260506-202807/last_model_1.pth
2026-05-06 20:28:29,890 INFO src.train.trainer: Epoch 718
2026-05-06 20:28:29,921 INFO src.train.trainer: Last model at epoch 718 saved to checkpoints/etas_20260506-202807/last_model_1.pth
2026-05-06 20:28:29,921 INFO src.train.trainer: Epoch 719
2026-05-06 20:28:29,952 INFO src.train.trainer: Last model at epoch 719 saved to checkpoints/etas_20260506-202807/last_model_1.pth
2026-05-06 20:28:29,952 INFO src.train.trainer: Epoch 720
2026-05-06 20:28:29,984 INFO src.train.trainer: Last model at epoch 720 saved to checkpoints/etas_20260506-202807/last_model_1.pth
2026-05-06 20:28:29,984 INFO src.train.trainer: Epoch 721
2026-05-06 20:28:30,016 INFO src.train.trainer: Last model at epoch 721 saved to checkpoints/etas_20260506-202807/last_model_1.pth
2026-05-06 20:28:30,016 INFO src.train.trainer: Epoch 722
2026-05-06 20:28:30,048 INFO src.train.trainer: Last model at epoch 722 saved to checkpoints/etas_20260506-202807/last_model_1.pth
2026-05-06 20:28:30,049 INFO src.train.trainer: Epoch 723
2026-05-06 20:28:30,082 INFO src.train.trainer: Last model at epoch 723 saved to checkpoints/etas_20260506-202807/last_model_1.pth
2026-05-06 20:28:30,082 INFO src.train.trainer: Epoch 724
2026-05-06 20:28:30,115 INFO src.train.trainer: Last model at epoch 724 saved to checkpoints/etas_20260506-202807/last_model_1.pth
2026-05-06 20:28:30,115 INFO src.train.trainer: Epoch 725
2026-05-06 20:28:30,239 INFO src.train.trainer: Last model at epoch 725 saved to checkpoints/etas_20260506-202807/last_model_1.pth
2026-05-06 20:28:30,239 INFO src.train.trainer: Epoch 726
2026-05-06 20:28:30,274 INFO src.train.trainer: Last model at epoch 726 saved to checkpoints/etas_20260506-202807/last_model_1.pth
2026-05-06 20:28:30,274 INFO src.train.trainer: Epoch 727
2026-05-06 20:28:30,309 INFO src.train.trainer: Last model at epoch 727 saved to checkpoints/etas_20260506-202807/last_model_1.pth
2026-05-06 20:28:30,310 INFO src.train.trainer: Epoch 728
2026-05-06 20:28:30,344 INFO src.train.trainer: Last model at epoch 728 saved to checkpoints/etas_20260506-202807/last_model_1.pth
2026-05-06 20:28:30,344 INFO src.train.trainer: Epoch 729
2026-05-06 20:28:30,376 INFO src.train.trainer: Last model at epoch 729 saved to checkpoints/etas_20260506-202807/last_model_1.pth
2026-05-06 20:28:30,377 INFO src.train.trainer: Epoch 730
2026-05-06 20:28:30,408 INFO src.train.trainer: Last model at epoch 730 saved to checkpoints/etas_20260506-202807/last_model_1.pth
2026-05-06 20:28:30,409 INFO src.train.trainer: Epoch 731
2026-05-06 20:28:30,448 INFO src.train.trainer: Last model at epoch 731 saved to checkpoints/etas_20260506-202807/last_model_1.pth
2026-05-06 20:28:30,448 INFO src.train.trainer: Epoch 732
2026-05-06 20:28:30,481 INFO src.train.trainer: Last model at epoch 732 saved to checkpoints/etas_20260506-202807/last_model_1.pth
2026-05-06 20:28:30,481 INFO src.train.trainer: Epoch 733
2026-05-06 20:28:30,513 INFO src.train.trainer: Last model at epoch 733 saved to checkpoints/etas_20260506-202807/last_model_1.pth
2026-05-06 20:28:30,514 INFO src.train.trainer: Epoch 734
2026-05-06 20:28:30,546 INFO src.train.trainer: Last model at epoch 734 saved to checkpoints/etas_20260506-202807/last_model_1.pth
2026-05-06 20:28:30,546 INFO src.train.trainer: Epoch 735
2026-05-06 20:28:30,579 INFO src.train.trainer: Last model at epoch 735 saved to checkpoints/etas_20260506-202807/last_model_1.pth
2026-05-06 20:28:30,579 INFO src.train.trainer: Epoch 736
2026-05-06 20:28:30,612 INFO src.train.trainer: Last model at epoch 736 saved to checkpoints/etas_20260506-202807/last_model_1.pth
2026-05-06 20:28:30,612 INFO src.train.trainer: Epoch 737
2026-05-06 20:28:30,645 INFO src.train.trainer: Last model at epoch 737 saved to checkpoints/etas_20260506-202807/last_model_1.pth
2026-05-06 20:28:30,645 INFO src.train.trainer: Epoch 738
2026-05-06 20:28:30,678 INFO src.train.trainer: Last model at epoch 738 saved to checkpoints/etas_20260506-202807/last_model_1.pth
2026-05-06 20:28:30,678 INFO src.train.trainer: Epoch 739
2026-05-06 20:28:30,710 INFO src.train.trainer: Last model at epoch 739 saved to checkpoints/etas_20260506-202807/last_model_1.pth
2026-05-06 20:28:30,710 INFO src.train.trainer: Epoch 740
2026-05-06 20:28:30,744 INFO src.train.trainer: Last model at epoch 740 saved to checkpoints/etas_20260506-202807/last_model_1.pth
2026-05-06 20:28:30,744 INFO src.train.trainer: Epoch 741
2026-05-06 20:28:30,777 INFO src.train.trainer: Last model at epoch 741 saved to checkpoints/etas_20260506-202807/last_model_1.pth
2026-05-06 20:28:30,777 INFO src.train.trainer: Epoch 742
2026-05-06 20:28:30,809 INFO src.train.trainer: Last model at epoch 742 saved to checkpoints/etas_20260506-202807/last_model_1.pth
2026-05-06 20:28:30,809 INFO src.train.trainer: Epoch 743
2026-05-06 20:28:30,842 INFO src.train.trainer: Last model at epoch 743 saved to checkpoints/etas_20260506-202807/last_model_1.pth
2026-05-06 20:28:30,842 INFO src.train.trainer: Epoch 744
2026-05-06 20:28:30,875 INFO src.train.trainer: Last model at epoch 744 saved to checkpoints/etas_20260506-202807/last_model_1.pth
2026-05-06 20:28:30,875 INFO src.train.trainer: Epoch 745
2026-05-06 20:28:30,907 INFO src.train.trainer: Last model at epoch 745 saved to checkpoints/etas_20260506-202807/last_model_1.pth
2026-05-06 20:28:30,908 INFO src.train.trainer: Epoch 746
2026-05-06 20:28:30,940 INFO src.train.trainer: Last model at epoch 746 saved to checkpoints/etas_20260506-202807/last_model_1.pth
2026-05-06 20:28:30,940 INFO src.train.trainer: Epoch 747
2026-05-06 20:28:30,972 INFO src.train.trainer: Last model at epoch 747 saved to checkpoints/etas_20260506-202807/last_model_1.pth
2026-05-06 20:28:30,972 INFO src.train.trainer: Epoch 748
2026-05-06 20:28:31,005 INFO src.train.trainer: Last model at epoch 748 saved to checkpoints/etas_20260506-202807/last_model_1.pth
2026-05-06 20:28:31,005 INFO src.train.trainer: Epoch 749
2026-05-06 20:28:31,040 INFO src.train.trainer: Last model at epoch 749 saved to checkpoints/etas_20260506-202807/last_model_1.pth
2026-05-06 20:28:31,040 INFO src.train.trainer: Epoch 750
2026-05-06 20:28:31,076 INFO src.train.trainer: Last model at epoch 750 saved to checkpoints/etas_20260506-202807/last_model_1.pth
2026-05-06 20:28:31,076 INFO src.train.trainer: Epoch 751
2026-05-06 20:28:31,109 INFO src.train.trainer: Last model at epoch 751 saved to checkpoints/etas_20260506-202807/last_model_1.pth
2026-05-06 20:28:31,109 INFO src.train.trainer: Epoch 752
2026-05-06 20:28:31,140 INFO src.train.trainer: Last model at epoch 752 saved to checkpoints/etas_20260506-202807/last_model_1.pth
2026-05-06 20:28:31,141 INFO src.train.trainer: Epoch 753
2026-05-06 20:28:31,174 INFO src.train.trainer: Last model at epoch 753 saved to checkpoints/etas_20260506-202807/last_model_1.pth
2026-05-06 20:28:31,174 INFO src.train.trainer: Epoch 754
2026-05-06 20:28:31,208 INFO src.train.trainer: Last model at epoch 754 saved to checkpoints/etas_20260506-202807/last_model_1.pth
2026-05-06 20:28:31,208 INFO src.train.trainer: Epoch 755
2026-05-06 20:28:31,240 INFO src.train.trainer: Last model at epoch 755 saved to checkpoints/etas_20260506-202807/last_model_1.pth
2026-05-06 20:28:31,240 INFO src.train.trainer: Epoch 756
2026-05-06 20:28:31,272 INFO src.train.trainer: Last model at epoch 756 saved to checkpoints/etas_20260506-202807/last_model_1.pth
2026-05-06 20:28:31,272 INFO src.train.trainer: Epoch 757
2026-05-06 20:28:31,304 INFO src.train.trainer: Last model at epoch 757 saved to checkpoints/etas_20260506-202807/last_model_1.pth
2026-05-06 20:28:31,305 INFO src.train.trainer: Epoch 758
2026-05-06 20:28:31,336 INFO src.train.trainer: Last model at epoch 758 saved to checkpoints/etas_20260506-202807/last_model_1.pth
2026-05-06 20:28:31,336 INFO src.train.trainer: Epoch 759
2026-05-06 20:28:31,370 INFO src.train.trainer: Last model at epoch 759 saved to checkpoints/etas_20260506-202807/last_model_1.pth
2026-05-06 20:28:31,370 INFO src.train.trainer: Epoch 760
2026-05-06 20:28:31,402 INFO src.train.trainer: Last model at epoch 760 saved to checkpoints/etas_20260506-202807/last_model_1.pth
2026-05-06 20:28:31,402 INFO src.train.trainer: Epoch 761
2026-05-06 20:28:31,434 INFO src.train.trainer: Last model at epoch 761 saved to checkpoints/etas_20260506-202807/last_model_1.pth
2026-05-06 20:28:31,434 INFO src.train.trainer: Epoch 762
2026-05-06 20:28:31,467 INFO src.train.trainer: Last model at epoch 762 saved to checkpoints/etas_20260506-202807/last_model_1.pth
2026-05-06 20:28:31,468 INFO src.train.trainer: Epoch 763
2026-05-06 20:28:31,500 INFO src.train.trainer: Last model at epoch 763 saved to checkpoints/etas_20260506-202807/last_model_1.pth
2026-05-06 20:28:31,501 INFO src.train.trainer: Epoch 764
2026-05-06 20:28:31,533 INFO src.train.trainer: Last model at epoch 764 saved to checkpoints/etas_20260506-202807/last_model_1.pth
2026-05-06 20:28:31,533 INFO src.train.trainer: Epoch 765
2026-05-06 20:28:31,566 INFO src.train.trainer: Last model at epoch 765 saved to checkpoints/etas_20260506-202807/last_model_1.pth
2026-05-06 20:28:31,566 INFO src.train.trainer: Epoch 766
2026-05-06 20:28:31,597 INFO src.train.trainer: Last model at epoch 766 saved to checkpoints/etas_20260506-202807/last_model_1.pth
2026-05-06 20:28:31,597 INFO src.train.trainer: Epoch 767
2026-05-06 20:28:31,628 INFO src.train.trainer: Last model at epoch 767 saved to checkpoints/etas_20260506-202807/last_model_1.pth
2026-05-06 20:28:31,628 INFO src.train.trainer: Epoch 768
2026-05-06 20:28:31,660 INFO src.train.trainer: Last model at epoch 768 saved to checkpoints/etas_20260506-202807/last_model_1.pth
2026-05-06 20:28:31,660 INFO src.train.trainer: Epoch 769
2026-05-06 20:28:31,690 INFO src.train.trainer: Last model at epoch 769 saved to checkpoints/etas_20260506-202807/last_model_1.pth
2026-05-06 20:28:31,690 INFO src.train.trainer: Epoch 770
2026-05-06 20:28:31,718 INFO src.train.trainer: Last model at epoch 770 saved to checkpoints/etas_20260506-202807/last_model_1.pth
2026-05-06 20:28:31,718 INFO src.train.trainer: Epoch 771
2026-05-06 20:28:31,747 INFO src.train.trainer: Last model at epoch 771 saved to checkpoints/etas_20260506-202807/last_model_1.pth
2026-05-06 20:28:31,747 INFO src.train.trainer: Epoch 772
2026-05-06 20:28:31,774 INFO src.train.trainer: Last model at epoch 772 saved to checkpoints/etas_20260506-202807/last_model_1.pth
2026-05-06 20:28:31,774 INFO src.train.trainer: Epoch 773
2026-05-06 20:28:31,803 INFO src.train.trainer: Last model at epoch 773 saved to checkpoints/etas_20260506-202807/last_model_1.pth
2026-05-06 20:28:31,803 INFO src.train.trainer: Epoch 774
2026-05-06 20:28:31,831 INFO src.train.trainer: Last model at epoch 774 saved to checkpoints/etas_20260506-202807/last_model_1.pth
2026-05-06 20:28:31,831 INFO src.train.trainer: Epoch 775
2026-05-06 20:28:31,860 INFO src.train.trainer: Last model at epoch 775 saved to checkpoints/etas_20260506-202807/last_model_1.pth
2026-05-06 20:28:31,860 INFO src.train.trainer: Epoch 776
2026-05-06 20:28:31,888 INFO src.train.trainer: Last model at epoch 776 saved to checkpoints/etas_20260506-202807/last_model_1.pth
2026-05-06 20:28:31,888 INFO src.train.trainer: Epoch 777
2026-05-06 20:28:31,919 INFO src.train.trainer: Last model at epoch 777 saved to checkpoints/etas_20260506-202807/last_model_1.pth
2026-05-06 20:28:31,919 INFO src.train.trainer: Epoch 778
2026-05-06 20:28:31,948 INFO src.train.trainer: Last model at epoch 778 saved to checkpoints/etas_20260506-202807/last_model_1.pth
2026-05-06 20:28:31,948 INFO src.train.trainer: Epoch 779
2026-05-06 20:28:31,976 INFO src.train.trainer: Last model at epoch 779 saved to checkpoints/etas_20260506-202807/last_model_1.pth
2026-05-06 20:28:31,977 INFO src.train.trainer: Epoch 780
2026-05-06 20:28:32,006 INFO src.train.trainer: Last model at epoch 780 saved to checkpoints/etas_20260506-202807/last_model_1.pth
2026-05-06 20:28:32,006 INFO src.train.trainer: Epoch 781
2026-05-06 20:28:32,034 INFO src.train.trainer: Last model at epoch 781 saved to checkpoints/etas_20260506-202807/last_model_1.pth
2026-05-06 20:28:32,034 INFO src.train.trainer: Epoch 782
2026-05-06 20:28:32,062 INFO src.train.trainer: Last model at epoch 782 saved to checkpoints/etas_20260506-202807/last_model_1.pth
2026-05-06 20:28:32,062 INFO src.train.trainer: Epoch 783
2026-05-06 20:28:32,090 INFO src.train.trainer: Last model at epoch 783 saved to checkpoints/etas_20260506-202807/last_model_1.pth
2026-05-06 20:28:32,090 INFO src.train.trainer: Epoch 784
2026-05-06 20:28:32,119 INFO src.train.trainer: Last model at epoch 784 saved to checkpoints/etas_20260506-202807/last_model_1.pth
2026-05-06 20:28:32,119 INFO src.train.trainer: Epoch 785
2026-05-06 20:28:32,147 INFO src.train.trainer: Last model at epoch 785 saved to checkpoints/etas_20260506-202807/last_model_1.pth
2026-05-06 20:28:32,147 INFO src.train.trainer: Epoch 786
2026-05-06 20:28:32,175 INFO src.train.trainer: Last model at epoch 786 saved to checkpoints/etas_20260506-202807/last_model_1.pth
2026-05-06 20:28:32,175 INFO src.train.trainer: Epoch 787
2026-05-06 20:28:32,203 INFO src.train.trainer: Last model at epoch 787 saved to checkpoints/etas_20260506-202807/last_model_1.pth
2026-05-06 20:28:32,203 INFO src.train.trainer: Epoch 788
2026-05-06 20:28:32,231 INFO src.train.trainer: Last model at epoch 788 saved to checkpoints/etas_20260506-202807/last_model_1.pth
2026-05-06 20:28:32,232 INFO src.train.trainer: Epoch 789
2026-05-06 20:28:32,260 INFO src.train.trainer: Last model at epoch 789 saved to checkpoints/etas_20260506-202807/last_model_1.pth
2026-05-06 20:28:32,260 INFO src.train.trainer: Epoch 790
2026-05-06 20:28:32,288 INFO src.train.trainer: Last model at epoch 790 saved to checkpoints/etas_20260506-202807/last_model_1.pth
2026-05-06 20:28:32,288 INFO src.train.trainer: Epoch 791
2026-05-06 20:28:32,319 INFO src.train.trainer: Last model at epoch 791 saved to checkpoints/etas_20260506-202807/last_model_1.pth
2026-05-06 20:28:32,319 INFO src.train.trainer: Epoch 792
2026-05-06 20:28:32,347 INFO src.train.trainer: Last model at epoch 792 saved to checkpoints/etas_20260506-202807/last_model_1.pth
2026-05-06 20:28:32,348 INFO src.train.trainer: Epoch 793
2026-05-06 20:28:32,376 INFO src.train.trainer: Last model at epoch 793 saved to checkpoints/etas_20260506-202807/last_model_1.pth
2026-05-06 20:28:32,376 INFO src.train.trainer: Epoch 794
2026-05-06 20:28:32,405 INFO src.train.trainer: Last model at epoch 794 saved to checkpoints/etas_20260506-202807/last_model_1.pth
2026-05-06 20:28:32,405 INFO src.train.trainer: Epoch 795
2026-05-06 20:28:32,432 INFO src.train.trainer: Last model at epoch 795 saved to checkpoints/etas_20260506-202807/last_model_1.pth
2026-05-06 20:28:32,433 INFO src.train.trainer: Epoch 796
2026-05-06 20:28:32,461 INFO src.train.trainer: Last model at epoch 796 saved to checkpoints/etas_20260506-202807/last_model_1.pth
2026-05-06 20:28:32,461 INFO src.train.trainer: Epoch 797
2026-05-06 20:28:32,489 INFO src.train.trainer: Last model at epoch 797 saved to checkpoints/etas_20260506-202807/last_model_1.pth
2026-05-06 20:28:32,490 INFO src.train.trainer: Epoch 798
2026-05-06 20:28:32,519 INFO src.train.trainer: Last model at epoch 798 saved to checkpoints/etas_20260506-202807/last_model_1.pth
2026-05-06 20:28:32,519 INFO src.train.trainer: Epoch 799
2026-05-06 20:28:32,547 INFO src.train.trainer: Last model at epoch 799 saved to checkpoints/etas_20260506-202807/last_model_1.pth
2026-05-06 20:28:32,547 INFO src.train.trainer: Epoch 800
2026-05-06 20:28:32,576 INFO src.train.trainer: Last model at epoch 800 saved to checkpoints/etas_20260506-202807/last_model_1.pth
2026-05-06 20:28:32,576 INFO src.train.trainer: Epoch 801
2026-05-06 20:28:32,605 INFO src.train.trainer: Last model at epoch 801 saved to checkpoints/etas_20260506-202807/last_model_1.pth
2026-05-06 20:28:32,605 INFO src.train.trainer: Epoch 802
2026-05-06 20:28:32,634 INFO src.train.trainer: Last model at epoch 802 saved to checkpoints/etas_20260506-202807/last_model_1.pth
2026-05-06 20:28:32,634 INFO src.train.trainer: Epoch 803
2026-05-06 20:28:32,662 INFO src.train.trainer: Last model at epoch 803 saved to checkpoints/etas_20260506-202807/last_model_1.pth
2026-05-06 20:28:32,663 INFO src.train.trainer: Epoch 804
2026-05-06 20:28:32,691 INFO src.train.trainer: Last model at epoch 804 saved to checkpoints/etas_20260506-202807/last_model_1.pth
2026-05-06 20:28:32,692 INFO src.train.trainer: Epoch 805
2026-05-06 20:28:32,720 INFO src.train.trainer: Last model at epoch 805 saved to checkpoints/etas_20260506-202807/last_model_1.pth
2026-05-06 20:28:32,721 INFO src.train.trainer: Epoch 806
2026-05-06 20:28:32,750 INFO src.train.trainer: Last model at epoch 806 saved to checkpoints/etas_20260506-202807/last_model_1.pth
2026-05-06 20:28:32,750 INFO src.train.trainer: Epoch 807
2026-05-06 20:28:32,779 INFO src.train.trainer: Last model at epoch 807 saved to checkpoints/etas_20260506-202807/last_model_1.pth
2026-05-06 20:28:32,780 INFO src.train.trainer: Epoch 808
2026-05-06 20:28:32,808 INFO src.train.trainer: Last model at epoch 808 saved to checkpoints/etas_20260506-202807/last_model_1.pth
2026-05-06 20:28:32,809 INFO src.train.trainer: Epoch 809
2026-05-06 20:28:32,837 INFO src.train.trainer: Last model at epoch 809 saved to checkpoints/etas_20260506-202807/last_model_1.pth
2026-05-06 20:28:32,837 INFO src.train.trainer: Epoch 810
2026-05-06 20:28:32,866 INFO src.train.trainer: Last model at epoch 810 saved to checkpoints/etas_20260506-202807/last_model_1.pth
2026-05-06 20:28:32,866 INFO src.train.trainer: Epoch 811
2026-05-06 20:28:32,894 INFO src.train.trainer: Last model at epoch 811 saved to checkpoints/etas_20260506-202807/last_model_1.pth
2026-05-06 20:28:32,894 INFO src.train.trainer: Epoch 812
2026-05-06 20:28:32,923 INFO src.train.trainer: Last model at epoch 812 saved to checkpoints/etas_20260506-202807/last_model_1.pth
2026-05-06 20:28:32,923 INFO src.train.trainer: Epoch 813
2026-05-06 20:28:32,951 INFO src.train.trainer: Last model at epoch 813 saved to checkpoints/etas_20260506-202807/last_model_1.pth
2026-05-06 20:28:32,952 INFO src.train.trainer: Epoch 814
2026-05-06 20:28:32,980 INFO src.train.trainer: Last model at epoch 814 saved to checkpoints/etas_20260506-202807/last_model_1.pth
2026-05-06 20:28:32,980 INFO src.train.trainer: Epoch 815
2026-05-06 20:28:33,009 INFO src.train.trainer: Last model at epoch 815 saved to checkpoints/etas_20260506-202807/last_model_1.pth
2026-05-06 20:28:33,009 INFO src.train.trainer: Epoch 816
2026-05-06 20:28:33,037 INFO src.train.trainer: Last model at epoch 816 saved to checkpoints/etas_20260506-202807/last_model_1.pth
2026-05-06 20:28:33,037 INFO src.train.trainer: Epoch 817
2026-05-06 20:28:33,066 INFO src.train.trainer: Last model at epoch 817 saved to checkpoints/etas_20260506-202807/last_model_1.pth
2026-05-06 20:28:33,066 INFO src.train.trainer: Epoch 818
2026-05-06 20:28:33,095 INFO src.train.trainer: Last model at epoch 818 saved to checkpoints/etas_20260506-202807/last_model_1.pth
2026-05-06 20:28:33,095 INFO src.train.trainer: Epoch 819
2026-05-06 20:28:33,124 INFO src.train.trainer: Last model at epoch 819 saved to checkpoints/etas_20260506-202807/last_model_1.pth
2026-05-06 20:28:33,124 INFO src.train.trainer: Epoch 820
2026-05-06 20:28:33,152 INFO src.train.trainer: Last model at epoch 820 saved to checkpoints/etas_20260506-202807/last_model_1.pth
2026-05-06 20:28:33,153 INFO src.train.trainer: Epoch 821
2026-05-06 20:28:33,182 INFO src.train.trainer: Last model at epoch 821 saved to checkpoints/etas_20260506-202807/last_model_1.pth
2026-05-06 20:28:33,182 INFO src.train.trainer: Epoch 822
2026-05-06 20:28:33,212 INFO src.train.trainer: Last model at epoch 822 saved to checkpoints/etas_20260506-202807/last_model_1.pth
2026-05-06 20:28:33,212 INFO src.train.trainer: Epoch 823
2026-05-06 20:28:33,242 INFO src.train.trainer: Last model at epoch 823 saved to checkpoints/etas_20260506-202807/last_model_1.pth
2026-05-06 20:28:33,242 INFO src.train.trainer: Epoch 824
2026-05-06 20:28:33,271 INFO src.train.trainer: Last model at epoch 824 saved to checkpoints/etas_20260506-202807/last_model_1.pth
2026-05-06 20:28:33,272 INFO src.train.trainer: Epoch 825
2026-05-06 20:28:33,301 INFO src.train.trainer: Last model at epoch 825 saved to checkpoints/etas_20260506-202807/last_model_1.pth
2026-05-06 20:28:33,301 INFO src.train.trainer: Epoch 826
2026-05-06 20:28:33,330 INFO src.train.trainer: Last model at epoch 826 saved to checkpoints/etas_20260506-202807/last_model_1.pth
2026-05-06 20:28:33,330 INFO src.train.trainer: Epoch 827
2026-05-06 20:28:33,360 INFO src.train.trainer: Last model at epoch 827 saved to checkpoints/etas_20260506-202807/last_model_1.pth
2026-05-06 20:28:33,360 INFO src.train.trainer: Epoch 828
2026-05-06 20:28:33,389 INFO src.train.trainer: Last model at epoch 828 saved to checkpoints/etas_20260506-202807/last_model_1.pth
2026-05-06 20:28:33,389 INFO src.train.trainer: Epoch 829
2026-05-06 20:28:33,418 INFO src.train.trainer: Last model at epoch 829 saved to checkpoints/etas_20260506-202807/last_model_1.pth
2026-05-06 20:28:33,419 INFO src.train.trainer: Epoch 830
2026-05-06 20:28:33,448 INFO src.train.trainer: Last model at epoch 830 saved to checkpoints/etas_20260506-202807/last_model_1.pth
2026-05-06 20:28:33,448 INFO src.train.trainer: Epoch 831
2026-05-06 20:28:33,478 INFO src.train.trainer: Last model at epoch 831 saved to checkpoints/etas_20260506-202807/last_model_1.pth
2026-05-06 20:28:33,478 INFO src.train.trainer: Epoch 832
2026-05-06 20:28:33,507 INFO src.train.trainer: Last model at epoch 832 saved to checkpoints/etas_20260506-202807/last_model_1.pth
2026-05-06 20:28:33,507 INFO src.train.trainer: Epoch 833
2026-05-06 20:28:33,537 INFO src.train.trainer: Last model at epoch 833 saved to checkpoints/etas_20260506-202807/last_model_1.pth
2026-05-06 20:28:33,537 INFO src.train.trainer: Epoch 834
2026-05-06 20:28:33,566 INFO src.train.trainer: Last model at epoch 834 saved to checkpoints/etas_20260506-202807/last_model_1.pth
2026-05-06 20:28:33,566 INFO src.train.trainer: Epoch 835
2026-05-06 20:28:33,596 INFO src.train.trainer: Last model at epoch 835 saved to checkpoints/etas_20260506-202807/last_model_1.pth
2026-05-06 20:28:33,596 INFO src.train.trainer: Epoch 836
2026-05-06 20:28:33,626 INFO src.train.trainer: Last model at epoch 836 saved to checkpoints/etas_20260506-202807/last_model_1.pth
2026-05-06 20:28:33,626 INFO src.train.trainer: Epoch 837
2026-05-06 20:28:33,655 INFO src.train.trainer: Last model at epoch 837 saved to checkpoints/etas_20260506-202807/last_model_1.pth
2026-05-06 20:28:33,656 INFO src.train.trainer: Epoch 838
2026-05-06 20:28:33,685 INFO src.train.trainer: Last model at epoch 838 saved to checkpoints/etas_20260506-202807/last_model_1.pth
2026-05-06 20:28:33,686 INFO src.train.trainer: Epoch 839
2026-05-06 20:28:33,715 INFO src.train.trainer: Last model at epoch 839 saved to checkpoints/etas_20260506-202807/last_model_1.pth
2026-05-06 20:28:33,716 INFO src.train.trainer: Epoch 840
2026-05-06 20:28:33,745 INFO src.train.trainer: Last model at epoch 840 saved to checkpoints/etas_20260506-202807/last_model_1.pth
2026-05-06 20:28:33,745 INFO src.train.trainer: Epoch 841
2026-05-06 20:28:33,775 INFO src.train.trainer: Last model at epoch 841 saved to checkpoints/etas_20260506-202807/last_model_1.pth
2026-05-06 20:28:33,775 INFO src.train.trainer: Epoch 842
2026-05-06 20:28:33,806 INFO src.train.trainer: Last model at epoch 842 saved to checkpoints/etas_20260506-202807/last_model_1.pth
2026-05-06 20:28:33,806 INFO src.train.trainer: Epoch 843
2026-05-06 20:28:33,836 INFO src.train.trainer: Last model at epoch 843 saved to checkpoints/etas_20260506-202807/last_model_1.pth
2026-05-06 20:28:33,836 INFO src.train.trainer: Epoch 844
2026-05-06 20:28:33,866 INFO src.train.trainer: Last model at epoch 844 saved to checkpoints/etas_20260506-202807/last_model_1.pth
2026-05-06 20:28:33,866 INFO src.train.trainer: Epoch 845
2026-05-06 20:28:33,895 INFO src.train.trainer: Last model at epoch 845 saved to checkpoints/etas_20260506-202807/last_model_1.pth
2026-05-06 20:28:33,896 INFO src.train.trainer: Epoch 846
2026-05-06 20:28:33,926 INFO src.train.trainer: Last model at epoch 846 saved to checkpoints/etas_20260506-202807/last_model_1.pth
2026-05-06 20:28:33,926 INFO src.train.trainer: Epoch 847
2026-05-06 20:28:33,956 INFO src.train.trainer: Last model at epoch 847 saved to checkpoints/etas_20260506-202807/last_model_1.pth
2026-05-06 20:28:33,956 INFO src.train.trainer: Epoch 848
2026-05-06 20:28:33,986 INFO src.train.trainer: Last model at epoch 848 saved to checkpoints/etas_20260506-202807/last_model_1.pth
2026-05-06 20:28:33,986 INFO src.train.trainer: Epoch 849
2026-05-06 20:28:34,016 INFO src.train.trainer: Last model at epoch 849 saved to checkpoints/etas_20260506-202807/last_model_1.pth
2026-05-06 20:28:34,016 INFO src.train.trainer: Epoch 850
2026-05-06 20:28:34,046 INFO src.train.trainer: Last model at epoch 850 saved to checkpoints/etas_20260506-202807/last_model_1.pth
2026-05-06 20:28:34,046 INFO src.train.trainer: Epoch 851
2026-05-06 20:28:34,076 INFO src.train.trainer: Last model at epoch 851 saved to checkpoints/etas_20260506-202807/last_model_1.pth
2026-05-06 20:28:34,076 INFO src.train.trainer: Epoch 852
2026-05-06 20:28:34,106 INFO src.train.trainer: Last model at epoch 852 saved to checkpoints/etas_20260506-202807/last_model_1.pth
2026-05-06 20:28:34,106 INFO src.train.trainer: Epoch 853
2026-05-06 20:28:34,136 INFO src.train.trainer: Last model at epoch 853 saved to checkpoints/etas_20260506-202807/last_model_1.pth
2026-05-06 20:28:34,136 INFO src.train.trainer: Epoch 854
2026-05-06 20:28:34,165 INFO src.train.trainer: Last model at epoch 854 saved to checkpoints/etas_20260506-202807/last_model_1.pth
2026-05-06 20:28:34,166 INFO src.train.trainer: Epoch 855
2026-05-06 20:28:34,195 INFO src.train.trainer: Last model at epoch 855 saved to checkpoints/etas_20260506-202807/last_model_1.pth
2026-05-06 20:28:34,195 INFO src.train.trainer: Epoch 856
2026-05-06 20:28:34,225 INFO src.train.trainer: Last model at epoch 856 saved to checkpoints/etas_20260506-202807/last_model_1.pth
2026-05-06 20:28:34,225 INFO src.train.trainer: Epoch 857
2026-05-06 20:28:34,255 INFO src.train.trainer: Last model at epoch 857 saved to checkpoints/etas_20260506-202807/last_model_1.pth
2026-05-06 20:28:34,255 INFO src.train.trainer: Epoch 858
2026-05-06 20:28:34,285 INFO src.train.trainer: Last model at epoch 858 saved to checkpoints/etas_20260506-202807/last_model_1.pth
2026-05-06 20:28:34,285 INFO src.train.trainer: Epoch 859
2026-05-06 20:28:34,314 INFO src.train.trainer: Last model at epoch 859 saved to checkpoints/etas_20260506-202807/last_model_1.pth
2026-05-06 20:28:34,314 INFO src.train.trainer: Epoch 860
2026-05-06 20:28:34,344 INFO src.train.trainer: Last model at epoch 860 saved to checkpoints/etas_20260506-202807/last_model_1.pth
2026-05-06 20:28:34,344 INFO src.train.trainer: Epoch 861
2026-05-06 20:28:34,373 INFO src.train.trainer: Last model at epoch 861 saved to checkpoints/etas_20260506-202807/last_model_1.pth
2026-05-06 20:28:34,374 INFO src.train.trainer: Epoch 862
2026-05-06 20:28:34,403 INFO src.train.trainer: Last model at epoch 862 saved to checkpoints/etas_20260506-202807/last_model_1.pth
2026-05-06 20:28:34,403 INFO src.train.trainer: Epoch 863
2026-05-06 20:28:34,432 INFO src.train.trainer: Last model at epoch 863 saved to checkpoints/etas_20260506-202807/last_model_1.pth
2026-05-06 20:28:34,432 INFO src.train.trainer: Epoch 864
2026-05-06 20:28:34,462 INFO src.train.trainer: Last model at epoch 864 saved to checkpoints/etas_20260506-202807/last_model_1.pth
2026-05-06 20:28:34,462 INFO src.train.trainer: Epoch 865
2026-05-06 20:28:34,492 INFO src.train.trainer: Last model at epoch 865 saved to checkpoints/etas_20260506-202807/last_model_1.pth
2026-05-06 20:28:34,492 INFO src.train.trainer: Epoch 866
2026-05-06 20:28:34,521 INFO src.train.trainer: Last model at epoch 866 saved to checkpoints/etas_20260506-202807/last_model_1.pth
2026-05-06 20:28:34,522 INFO src.train.trainer: Epoch 867
2026-05-06 20:28:34,551 INFO src.train.trainer: Last model at epoch 867 saved to checkpoints/etas_20260506-202807/last_model_1.pth
2026-05-06 20:28:34,551 INFO src.train.trainer: Epoch 868
2026-05-06 20:28:34,581 INFO src.train.trainer: Last model at epoch 868 saved to checkpoints/etas_20260506-202807/last_model_1.pth
2026-05-06 20:28:34,581 INFO src.train.trainer: Epoch 869
2026-05-06 20:28:34,610 INFO src.train.trainer: Last model at epoch 869 saved to checkpoints/etas_20260506-202807/last_model_1.pth
2026-05-06 20:28:34,611 INFO src.train.trainer: Epoch 870
2026-05-06 20:28:34,640 INFO src.train.trainer: Last model at epoch 870 saved to checkpoints/etas_20260506-202807/last_model_1.pth
2026-05-06 20:28:34,640 INFO src.train.trainer: Epoch 871
2026-05-06 20:28:34,670 INFO src.train.trainer: Last model at epoch 871 saved to checkpoints/etas_20260506-202807/last_model_1.pth
2026-05-06 20:28:34,670 INFO src.train.trainer: Epoch 872
2026-05-06 20:28:34,700 INFO src.train.trainer: Last model at epoch 872 saved to checkpoints/etas_20260506-202807/last_model_1.pth
2026-05-06 20:28:34,700 INFO src.train.trainer: Epoch 873
2026-05-06 20:28:34,729 INFO src.train.trainer: Last model at epoch 873 saved to checkpoints/etas_20260506-202807/last_model_1.pth
2026-05-06 20:28:34,729 INFO src.train.trainer: Epoch 874
2026-05-06 20:28:34,758 INFO src.train.trainer: Last model at epoch 874 saved to checkpoints/etas_20260506-202807/last_model_1.pth
2026-05-06 20:28:34,759 INFO src.train.trainer: Epoch 875
2026-05-06 20:28:34,788 INFO src.train.trainer: Last model at epoch 875 saved to checkpoints/etas_20260506-202807/last_model_1.pth
2026-05-06 20:28:34,788 INFO src.train.trainer: Epoch 876
2026-05-06 20:28:34,817 INFO src.train.trainer: Last model at epoch 876 saved to checkpoints/etas_20260506-202807/last_model_1.pth
2026-05-06 20:28:34,817 INFO src.train.trainer: Epoch 877
2026-05-06 20:28:34,847 INFO src.train.trainer: Last model at epoch 877 saved to checkpoints/etas_20260506-202807/last_model_1.pth
2026-05-06 20:28:34,847 INFO src.train.trainer: Epoch 878
2026-05-06 20:28:34,877 INFO src.train.trainer: Last model at epoch 878 saved to checkpoints/etas_20260506-202807/last_model_1.pth
2026-05-06 20:28:34,877 INFO src.train.trainer: Epoch 879
2026-05-06 20:28:34,908 INFO src.train.trainer: Last model at epoch 879 saved to checkpoints/etas_20260506-202807/last_model_1.pth
2026-05-06 20:28:34,908 INFO src.train.trainer: Epoch 880
2026-05-06 20:28:34,938 INFO src.train.trainer: Last model at epoch 880 saved to checkpoints/etas_20260506-202807/last_model_1.pth
2026-05-06 20:28:34,938 INFO src.train.trainer: Epoch 881
2026-05-06 20:28:34,967 INFO src.train.trainer: Last model at epoch 881 saved to checkpoints/etas_20260506-202807/last_model_1.pth
2026-05-06 20:28:34,968 INFO src.train.trainer: Epoch 882
2026-05-06 20:28:34,996 INFO src.train.trainer: Last model at epoch 882 saved to checkpoints/etas_20260506-202807/last_model_1.pth
2026-05-06 20:28:34,997 INFO src.train.trainer: Epoch 883
2026-05-06 20:28:35,029 INFO src.train.trainer: Last model at epoch 883 saved to checkpoints/etas_20260506-202807/last_model_1.pth
2026-05-06 20:28:35,029 INFO src.train.trainer: Epoch 884
2026-05-06 20:28:35,060 INFO src.train.trainer: Last model at epoch 884 saved to checkpoints/etas_20260506-202807/last_model_1.pth
2026-05-06 20:28:35,061 INFO src.train.trainer: Epoch 885
2026-05-06 20:28:35,092 INFO src.train.trainer: Last model at epoch 885 saved to checkpoints/etas_20260506-202807/last_model_1.pth
2026-05-06 20:28:35,092 INFO src.train.trainer: Epoch 886
2026-05-06 20:28:35,179 INFO src.train.trainer: Last model at epoch 886 saved to checkpoints/etas_20260506-202807/last_model_1.pth
2026-05-06 20:28:35,179 INFO src.train.trainer: Epoch 887
2026-05-06 20:28:35,281 INFO src.train.trainer: Last model at epoch 887 saved to checkpoints/etas_20260506-202807/last_model_1.pth
2026-05-06 20:28:35,281 INFO src.train.trainer: Epoch 888
2026-05-06 20:28:35,317 INFO src.train.trainer: Last model at epoch 888 saved to checkpoints/etas_20260506-202807/last_model_1.pth
2026-05-06 20:28:35,317 INFO src.train.trainer: Epoch 889
2026-05-06 20:28:35,352 INFO src.train.trainer: Last model at epoch 889 saved to checkpoints/etas_20260506-202807/last_model_1.pth
2026-05-06 20:28:35,353 INFO src.train.trainer: Epoch 890
2026-05-06 20:28:35,388 INFO src.train.trainer: Last model at epoch 890 saved to checkpoints/etas_20260506-202807/last_model_1.pth
2026-05-06 20:28:35,388 INFO src.train.trainer: Epoch 891
2026-05-06 20:28:35,423 INFO src.train.trainer: Last model at epoch 891 saved to checkpoints/etas_20260506-202807/last_model_1.pth
2026-05-06 20:28:35,423 INFO src.train.trainer: Epoch 892
2026-05-06 20:28:35,458 INFO src.train.trainer: Last model at epoch 892 saved to checkpoints/etas_20260506-202807/last_model_1.pth
2026-05-06 20:28:35,459 INFO src.train.trainer: Epoch 893
2026-05-06 20:28:35,494 INFO src.train.trainer: Last model at epoch 893 saved to checkpoints/etas_20260506-202807/last_model_1.pth
2026-05-06 20:28:35,494 INFO src.train.trainer: Epoch 894
2026-05-06 20:28:35,529 INFO src.train.trainer: Last model at epoch 894 saved to checkpoints/etas_20260506-202807/last_model_1.pth
2026-05-06 20:28:35,529 INFO src.train.trainer: Epoch 895
2026-05-06 20:28:35,564 INFO src.train.trainer: Last model at epoch 895 saved to checkpoints/etas_20260506-202807/last_model_1.pth
2026-05-06 20:28:35,565 INFO src.train.trainer: Epoch 896
2026-05-06 20:28:35,600 INFO src.train.trainer: Last model at epoch 896 saved to checkpoints/etas_20260506-202807/last_model_1.pth
2026-05-06 20:28:35,600 INFO src.train.trainer: Epoch 897
2026-05-06 20:28:35,634 INFO src.train.trainer: Last model at epoch 897 saved to checkpoints/etas_20260506-202807/last_model_1.pth
2026-05-06 20:28:35,634 INFO src.train.trainer: Epoch 898
2026-05-06 20:28:35,668 INFO src.train.trainer: Last model at epoch 898 saved to checkpoints/etas_20260506-202807/last_model_1.pth
2026-05-06 20:28:35,668 INFO src.train.trainer: Epoch 899
2026-05-06 20:28:35,702 INFO src.train.trainer: Last model at epoch 899 saved to checkpoints/etas_20260506-202807/last_model_1.pth
2026-05-06 20:28:35,702 INFO src.train.trainer: Epoch 900
2026-05-06 20:28:35,736 INFO src.train.trainer: Last model at epoch 900 saved to checkpoints/etas_20260506-202807/last_model_1.pth
2026-05-06 20:28:35,736 INFO src.train.trainer: Epoch 901
2026-05-06 20:28:35,770 INFO src.train.trainer: Last model at epoch 901 saved to checkpoints/etas_20260506-202807/last_model_1.pth
2026-05-06 20:28:35,770 INFO src.train.trainer: Epoch 902
2026-05-06 20:28:35,803 INFO src.train.trainer: Last model at epoch 902 saved to checkpoints/etas_20260506-202807/last_model_1.pth
2026-05-06 20:28:35,804 INFO src.train.trainer: Epoch 903
2026-05-06 20:28:35,838 INFO src.train.trainer: Last model at epoch 903 saved to checkpoints/etas_20260506-202807/last_model_1.pth
2026-05-06 20:28:35,838 INFO src.train.trainer: Epoch 904
2026-05-06 20:28:35,872 INFO src.train.trainer: Last model at epoch 904 saved to checkpoints/etas_20260506-202807/last_model_1.pth
2026-05-06 20:28:35,872 INFO src.train.trainer: Epoch 905
2026-05-06 20:28:35,905 INFO src.train.trainer: Last model at epoch 905 saved to checkpoints/etas_20260506-202807/last_model_1.pth
2026-05-06 20:28:35,906 INFO src.train.trainer: Epoch 906
2026-05-06 20:28:35,940 INFO src.train.trainer: Last model at epoch 906 saved to checkpoints/etas_20260506-202807/last_model_1.pth
2026-05-06 20:28:35,940 INFO src.train.trainer: Epoch 907
2026-05-06 20:28:35,973 INFO src.train.trainer: Last model at epoch 907 saved to checkpoints/etas_20260506-202807/last_model_1.pth
2026-05-06 20:28:35,973 INFO src.train.trainer: Epoch 908
2026-05-06 20:28:36,007 INFO src.train.trainer: Last model at epoch 908 saved to checkpoints/etas_20260506-202807/last_model_1.pth
2026-05-06 20:28:36,007 INFO src.train.trainer: Epoch 909
2026-05-06 20:28:36,041 INFO src.train.trainer: Last model at epoch 909 saved to checkpoints/etas_20260506-202807/last_model_1.pth
2026-05-06 20:28:36,041 INFO src.train.trainer: Epoch 910
2026-05-06 20:28:36,074 INFO src.train.trainer: Last model at epoch 910 saved to checkpoints/etas_20260506-202807/last_model_1.pth
2026-05-06 20:28:36,075 INFO src.train.trainer: Epoch 911
2026-05-06 20:28:36,108 INFO src.train.trainer: Last model at epoch 911 saved to checkpoints/etas_20260506-202807/last_model_1.pth
2026-05-06 20:28:36,108 INFO src.train.trainer: Epoch 912
2026-05-06 20:28:36,144 INFO src.train.trainer: Last model at epoch 912 saved to checkpoints/etas_20260506-202807/last_model_1.pth
2026-05-06 20:28:36,144 INFO src.train.trainer: Epoch 913
2026-05-06 20:28:36,177 INFO src.train.trainer: Last model at epoch 913 saved to checkpoints/etas_20260506-202807/last_model_1.pth
2026-05-06 20:28:36,177 INFO src.train.trainer: Epoch 914
2026-05-06 20:28:36,211 INFO src.train.trainer: Last model at epoch 914 saved to checkpoints/etas_20260506-202807/last_model_1.pth
2026-05-06 20:28:36,211 INFO src.train.trainer: Epoch 915
2026-05-06 20:28:36,243 INFO src.train.trainer: Last model at epoch 915 saved to checkpoints/etas_20260506-202807/last_model_1.pth
2026-05-06 20:28:36,243 INFO src.train.trainer: Epoch 916
2026-05-06 20:28:36,276 INFO src.train.trainer: Last model at epoch 916 saved to checkpoints/etas_20260506-202807/last_model_1.pth
2026-05-06 20:28:36,276 INFO src.train.trainer: Epoch 917
2026-05-06 20:28:36,310 INFO src.train.trainer: Last model at epoch 917 saved to checkpoints/etas_20260506-202807/last_model_1.pth
2026-05-06 20:28:36,310 INFO src.train.trainer: Epoch 918
2026-05-06 20:28:36,343 INFO src.train.trainer: Last model at epoch 918 saved to checkpoints/etas_20260506-202807/last_model_1.pth
2026-05-06 20:28:36,343 INFO src.train.trainer: Epoch 919
2026-05-06 20:28:36,376 INFO src.train.trainer: Last model at epoch 919 saved to checkpoints/etas_20260506-202807/last_model_1.pth
2026-05-06 20:28:36,376 INFO src.train.trainer: Epoch 920
2026-05-06 20:28:36,409 INFO src.train.trainer: Last model at epoch 920 saved to checkpoints/etas_20260506-202807/last_model_1.pth
2026-05-06 20:28:36,409 INFO src.train.trainer: Epoch 921
2026-05-06 20:28:36,441 INFO src.train.trainer: Last model at epoch 921 saved to checkpoints/etas_20260506-202807/last_model_1.pth
2026-05-06 20:28:36,441 INFO src.train.trainer: Epoch 922
2026-05-06 20:28:36,474 INFO src.train.trainer: Last model at epoch 922 saved to checkpoints/etas_20260506-202807/last_model_1.pth
2026-05-06 20:28:36,474 INFO src.train.trainer: Epoch 923
2026-05-06 20:28:36,506 INFO src.train.trainer: Last model at epoch 923 saved to checkpoints/etas_20260506-202807/last_model_1.pth
2026-05-06 20:28:36,507 INFO src.train.trainer: Epoch 924
2026-05-06 20:28:36,539 INFO src.train.trainer: Last model at epoch 924 saved to checkpoints/etas_20260506-202807/last_model_1.pth
2026-05-06 20:28:36,539 INFO src.train.trainer: Epoch 925
2026-05-06 20:28:36,571 INFO src.train.trainer: Last model at epoch 925 saved to checkpoints/etas_20260506-202807/last_model_1.pth
2026-05-06 20:28:36,571 INFO src.train.trainer: Epoch 926
2026-05-06 20:28:36,604 INFO src.train.trainer: Last model at epoch 926 saved to checkpoints/etas_20260506-202807/last_model_1.pth
2026-05-06 20:28:36,604 INFO src.train.trainer: Epoch 927
2026-05-06 20:28:36,637 INFO src.train.trainer: Last model at epoch 927 saved to checkpoints/etas_20260506-202807/last_model_1.pth
2026-05-06 20:28:36,637 INFO src.train.trainer: Epoch 928
2026-05-06 20:28:36,669 INFO src.train.trainer: Last model at epoch 928 saved to checkpoints/etas_20260506-202807/last_model_1.pth
2026-05-06 20:28:36,669 INFO src.train.trainer: Epoch 929
2026-05-06 20:28:36,701 INFO src.train.trainer: Last model at epoch 929 saved to checkpoints/etas_20260506-202807/last_model_1.pth
2026-05-06 20:28:36,702 INFO src.train.trainer: Epoch 930
2026-05-06 20:28:36,733 INFO src.train.trainer: Last model at epoch 930 saved to checkpoints/etas_20260506-202807/last_model_1.pth
2026-05-06 20:28:36,733 INFO src.train.trainer: Epoch 931
2026-05-06 20:28:36,766 INFO src.train.trainer: Last model at epoch 931 saved to checkpoints/etas_20260506-202807/last_model_1.pth
2026-05-06 20:28:36,766 INFO src.train.trainer: Epoch 932
2026-05-06 20:28:36,798 INFO src.train.trainer: Last model at epoch 932 saved to checkpoints/etas_20260506-202807/last_model_1.pth
2026-05-06 20:28:36,798 INFO src.train.trainer: Epoch 933
2026-05-06 20:28:36,830 INFO src.train.trainer: Last model at epoch 933 saved to checkpoints/etas_20260506-202807/last_model_1.pth
2026-05-06 20:28:36,830 INFO src.train.trainer: Epoch 934
2026-05-06 20:28:36,862 INFO src.train.trainer: Last model at epoch 934 saved to checkpoints/etas_20260506-202807/last_model_1.pth
2026-05-06 20:28:36,862 INFO src.train.trainer: Epoch 935
2026-05-06 20:28:36,894 INFO src.train.trainer: Last model at epoch 935 saved to checkpoints/etas_20260506-202807/last_model_1.pth
2026-05-06 20:28:36,894 INFO src.train.trainer: Epoch 936
2026-05-06 20:28:36,926 INFO src.train.trainer: Last model at epoch 936 saved to checkpoints/etas_20260506-202807/last_model_1.pth
2026-05-06 20:28:36,926 INFO src.train.trainer: Epoch 937
2026-05-06 20:28:36,957 INFO src.train.trainer: Last model at epoch 937 saved to checkpoints/etas_20260506-202807/last_model_1.pth
2026-05-06 20:28:36,958 INFO src.train.trainer: Epoch 938
2026-05-06 20:28:36,990 INFO src.train.trainer: Last model at epoch 938 saved to checkpoints/etas_20260506-202807/last_model_1.pth
2026-05-06 20:28:36,990 INFO src.train.trainer: Epoch 939
2026-05-06 20:28:37,022 INFO src.train.trainer: Last model at epoch 939 saved to checkpoints/etas_20260506-202807/last_model_1.pth
2026-05-06 20:28:37,022 INFO src.train.trainer: Epoch 940
2026-05-06 20:28:37,054 INFO src.train.trainer: Last model at epoch 940 saved to checkpoints/etas_20260506-202807/last_model_1.pth
2026-05-06 20:28:37,054 INFO src.train.trainer: Epoch 941
2026-05-06 20:28:37,086 INFO src.train.trainer: Last model at epoch 941 saved to checkpoints/etas_20260506-202807/last_model_1.pth
2026-05-06 20:28:37,086 INFO src.train.trainer: Epoch 942
2026-05-06 20:28:37,117 INFO src.train.trainer: Last model at epoch 942 saved to checkpoints/etas_20260506-202807/last_model_1.pth
2026-05-06 20:28:37,118 INFO src.train.trainer: Epoch 943
2026-05-06 20:28:37,150 INFO src.train.trainer: Last model at epoch 943 saved to checkpoints/etas_20260506-202807/last_model_1.pth
2026-05-06 20:28:37,150 INFO src.train.trainer: Epoch 944
2026-05-06 20:28:37,182 INFO src.train.trainer: Last model at epoch 944 saved to checkpoints/etas_20260506-202807/last_model_1.pth
2026-05-06 20:28:37,182 INFO src.train.trainer: Epoch 945
2026-05-06 20:28:37,214 INFO src.train.trainer: Last model at epoch 945 saved to checkpoints/etas_20260506-202807/last_model_1.pth
2026-05-06 20:28:37,214 INFO src.train.trainer: Epoch 946
2026-05-06 20:28:37,246 INFO src.train.trainer: Last model at epoch 946 saved to checkpoints/etas_20260506-202807/last_model_1.pth
2026-05-06 20:28:37,246 INFO src.train.trainer: Epoch 947
2026-05-06 20:28:37,280 INFO src.train.trainer: Last model at epoch 947 saved to checkpoints/etas_20260506-202807/last_model_1.pth
2026-05-06 20:28:37,280 INFO src.train.trainer: Epoch 948
2026-05-06 20:28:37,313 INFO src.train.trainer: Last model at epoch 948 saved to checkpoints/etas_20260506-202807/last_model_1.pth
2026-05-06 20:28:37,313 INFO src.train.trainer: Epoch 949
2026-05-06 20:28:37,346 INFO src.train.trainer: Last model at epoch 949 saved to checkpoints/etas_20260506-202807/last_model_1.pth
2026-05-06 20:28:37,346 INFO src.train.trainer: Epoch 950
2026-05-06 20:28:37,379 INFO src.train.trainer: Last model at epoch 950 saved to checkpoints/etas_20260506-202807/last_model_1.pth
2026-05-06 20:28:37,380 INFO src.train.trainer: Epoch 951
2026-05-06 20:28:37,413 INFO src.train.trainer: Last model at epoch 951 saved to checkpoints/etas_20260506-202807/last_model_1.pth
2026-05-06 20:28:37,413 INFO src.train.trainer: Epoch 952
2026-05-06 20:28:37,446 INFO src.train.trainer: Last model at epoch 952 saved to checkpoints/etas_20260506-202807/last_model_1.pth
2026-05-06 20:28:37,446 INFO src.train.trainer: Epoch 953
2026-05-06 20:28:37,478 INFO src.train.trainer: Last model at epoch 953 saved to checkpoints/etas_20260506-202807/last_model_1.pth
2026-05-06 20:28:37,479 INFO src.train.trainer: Epoch 954
2026-05-06 20:28:37,510 INFO src.train.trainer: Last model at epoch 954 saved to checkpoints/etas_20260506-202807/last_model_1.pth
2026-05-06 20:28:37,511 INFO src.train.trainer: Epoch 955
2026-05-06 20:28:37,542 INFO src.train.trainer: Last model at epoch 955 saved to checkpoints/etas_20260506-202807/last_model_1.pth
2026-05-06 20:28:37,542 INFO src.train.trainer: Epoch 956
2026-05-06 20:28:37,574 INFO src.train.trainer: Last model at epoch 956 saved to checkpoints/etas_20260506-202807/last_model_1.pth
2026-05-06 20:28:37,574 INFO src.train.trainer: Epoch 957
2026-05-06 20:28:37,605 INFO src.train.trainer: Last model at epoch 957 saved to checkpoints/etas_20260506-202807/last_model_1.pth
2026-05-06 20:28:37,606 INFO src.train.trainer: Epoch 958
2026-05-06 20:28:37,637 INFO src.train.trainer: Last model at epoch 958 saved to checkpoints/etas_20260506-202807/last_model_1.pth
2026-05-06 20:28:37,637 INFO src.train.trainer: Epoch 959
2026-05-06 20:28:37,668 INFO src.train.trainer: Last model at epoch 959 saved to checkpoints/etas_20260506-202807/last_model_1.pth
2026-05-06 20:28:37,669 INFO src.train.trainer: Epoch 960
2026-05-06 20:28:37,700 INFO src.train.trainer: Last model at epoch 960 saved to checkpoints/etas_20260506-202807/last_model_1.pth
2026-05-06 20:28:37,700 INFO src.train.trainer: Epoch 961
2026-05-06 20:28:37,732 INFO src.train.trainer: Last model at epoch 961 saved to checkpoints/etas_20260506-202807/last_model_1.pth
2026-05-06 20:28:37,732 INFO src.train.trainer: Epoch 962
2026-05-06 20:28:37,763 INFO src.train.trainer: Last model at epoch 962 saved to checkpoints/etas_20260506-202807/last_model_1.pth
2026-05-06 20:28:37,763 INFO src.train.trainer: Epoch 963
2026-05-06 20:28:37,795 INFO src.train.trainer: Last model at epoch 963 saved to checkpoints/etas_20260506-202807/last_model_1.pth
2026-05-06 20:28:37,795 INFO src.train.trainer: Epoch 964
2026-05-06 20:28:37,826 INFO src.train.trainer: Last model at epoch 964 saved to checkpoints/etas_20260506-202807/last_model_1.pth
2026-05-06 20:28:37,826 INFO src.train.trainer: Epoch 965
2026-05-06 20:28:37,858 INFO src.train.trainer: Last model at epoch 965 saved to checkpoints/etas_20260506-202807/last_model_1.pth
2026-05-06 20:28:37,858 INFO src.train.trainer: Epoch 966
2026-05-06 20:28:37,889 INFO src.train.trainer: Last model at epoch 966 saved to checkpoints/etas_20260506-202807/last_model_1.pth
2026-05-06 20:28:37,890 INFO src.train.trainer: Epoch 967
2026-05-06 20:28:37,921 INFO src.train.trainer: Last model at epoch 967 saved to checkpoints/etas_20260506-202807/last_model_1.pth
2026-05-06 20:28:37,921 INFO src.train.trainer: Epoch 968
2026-05-06 20:28:37,952 INFO src.train.trainer: Last model at epoch 968 saved to checkpoints/etas_20260506-202807/last_model_1.pth
2026-05-06 20:28:37,953 INFO src.train.trainer: Epoch 969
2026-05-06 20:28:37,984 INFO src.train.trainer: Last model at epoch 969 saved to checkpoints/etas_20260506-202807/last_model_1.pth
2026-05-06 20:28:37,984 INFO src.train.trainer: Epoch 970
2026-05-06 20:28:38,016 INFO src.train.trainer: Last model at epoch 970 saved to checkpoints/etas_20260506-202807/last_model_1.pth
2026-05-06 20:28:38,016 INFO src.train.trainer: Epoch 971
2026-05-06 20:28:38,048 INFO src.train.trainer: Last model at epoch 971 saved to checkpoints/etas_20260506-202807/last_model_1.pth
2026-05-06 20:28:38,048 INFO src.train.trainer: Epoch 972
2026-05-06 20:28:38,079 INFO src.train.trainer: Last model at epoch 972 saved to checkpoints/etas_20260506-202807/last_model_1.pth
2026-05-06 20:28:38,079 INFO src.train.trainer: Epoch 973
2026-05-06 20:28:38,110 INFO src.train.trainer: Last model at epoch 973 saved to checkpoints/etas_20260506-202807/last_model_1.pth
2026-05-06 20:28:38,110 INFO src.train.trainer: Epoch 974
2026-05-06 20:28:38,142 INFO src.train.trainer: Last model at epoch 974 saved to checkpoints/etas_20260506-202807/last_model_1.pth
2026-05-06 20:28:38,142 INFO src.train.trainer: Epoch 975
2026-05-06 20:28:38,173 INFO src.train.trainer: Last model at epoch 975 saved to checkpoints/etas_20260506-202807/last_model_1.pth
2026-05-06 20:28:38,174 INFO src.train.trainer: Epoch 976
2026-05-06 20:28:38,205 INFO src.train.trainer: Last model at epoch 976 saved to checkpoints/etas_20260506-202807/last_model_1.pth
2026-05-06 20:28:38,205 INFO src.train.trainer: Epoch 977
2026-05-06 20:28:38,237 INFO src.train.trainer: Last model at epoch 977 saved to checkpoints/etas_20260506-202807/last_model_1.pth
2026-05-06 20:28:38,237 INFO src.train.trainer: Epoch 978
2026-05-06 20:28:38,268 INFO src.train.trainer: Last model at epoch 978 saved to checkpoints/etas_20260506-202807/last_model_1.pth
2026-05-06 20:28:38,268 INFO src.train.trainer: Epoch 979
2026-05-06 20:28:38,299 INFO src.train.trainer: Last model at epoch 979 saved to checkpoints/etas_20260506-202807/last_model_1.pth
2026-05-06 20:28:38,299 INFO src.train.trainer: Epoch 980
2026-05-06 20:28:38,333 INFO src.train.trainer: Last model at epoch 980 saved to checkpoints/etas_20260506-202807/last_model_1.pth
2026-05-06 20:28:38,333 INFO src.train.trainer: Epoch 981
2026-05-06 20:28:38,365 INFO src.train.trainer: Last model at epoch 981 saved to checkpoints/etas_20260506-202807/last_model_1.pth
2026-05-06 20:28:38,365 INFO src.train.trainer: Epoch 982
2026-05-06 20:28:38,397 INFO src.train.trainer: Last model at epoch 982 saved to checkpoints/etas_20260506-202807/last_model_1.pth
2026-05-06 20:28:38,397 INFO src.train.trainer: Epoch 983
2026-05-06 20:28:38,429 INFO src.train.trainer: Last model at epoch 983 saved to checkpoints/etas_20260506-202807/last_model_1.pth
2026-05-06 20:28:38,429 INFO src.train.trainer: Epoch 984
2026-05-06 20:28:38,464 INFO src.train.trainer: Last model at epoch 984 saved to checkpoints/etas_20260506-202807/last_model_1.pth
2026-05-06 20:28:38,464 INFO src.train.trainer: Epoch 985
2026-05-06 20:28:38,495 INFO src.train.trainer: Last model at epoch 985 saved to checkpoints/etas_20260506-202807/last_model_1.pth
2026-05-06 20:28:38,496 INFO src.train.trainer: Epoch 986
2026-05-06 20:28:38,525 INFO src.train.trainer: Last model at epoch 986 saved to checkpoints/etas_20260506-202807/last_model_1.pth
2026-05-06 20:28:38,525 INFO src.train.trainer: Epoch 987
2026-05-06 20:28:38,556 INFO src.train.trainer: Last model at epoch 987 saved to checkpoints/etas_20260506-202807/last_model_1.pth
2026-05-06 20:28:38,557 INFO src.train.trainer: Epoch 988
2026-05-06 20:28:38,587 INFO src.train.trainer: Last model at epoch 988 saved to checkpoints/etas_20260506-202807/last_model_1.pth
2026-05-06 20:28:38,587 INFO src.train.trainer: Epoch 989
2026-05-06 20:28:38,618 INFO src.train.trainer: Last model at epoch 989 saved to checkpoints/etas_20260506-202807/last_model_1.pth
2026-05-06 20:28:38,618 INFO src.train.trainer: Epoch 990
2026-05-06 20:28:38,650 INFO src.train.trainer: Last model at epoch 990 saved to checkpoints/etas_20260506-202807/last_model_1.pth
2026-05-06 20:28:38,651 INFO src.train.trainer: Epoch 991
2026-05-06 20:28:38,682 INFO src.train.trainer: Last model at epoch 991 saved to checkpoints/etas_20260506-202807/last_model_1.pth
2026-05-06 20:28:38,682 INFO src.train.trainer: Epoch 992
2026-05-06 20:28:38,714 INFO src.train.trainer: Last model at epoch 992 saved to checkpoints/etas_20260506-202807/last_model_1.pth
2026-05-06 20:28:38,714 INFO src.train.trainer: Epoch 993
2026-05-06 20:28:38,746 INFO src.train.trainer: Last model at epoch 993 saved to checkpoints/etas_20260506-202807/last_model_1.pth
2026-05-06 20:28:38,746 INFO src.train.trainer: Epoch 994
2026-05-06 20:28:38,778 INFO src.train.trainer: Last model at epoch 994 saved to checkpoints/etas_20260506-202807/last_model_1.pth
2026-05-06 20:28:38,778 INFO src.train.trainer: Epoch 995
2026-05-06 20:28:38,809 INFO src.train.trainer: Last model at epoch 995 saved to checkpoints/etas_20260506-202807/last_model_1.pth
2026-05-06 20:28:38,809 INFO src.train.trainer: Epoch 996
2026-05-06 20:28:38,841 INFO src.train.trainer: Last model at epoch 996 saved to checkpoints/etas_20260506-202807/last_model_1.pth
2026-05-06 20:28:38,841 INFO src.train.trainer: Epoch 997
2026-05-06 20:28:38,872 INFO src.train.trainer: Last model at epoch 997 saved to checkpoints/etas_20260506-202807/last_model_1.pth
2026-05-06 20:28:38,873 INFO src.train.trainer: Epoch 998
2026-05-06 20:28:38,904 INFO src.train.trainer: Last model at epoch 998 saved to checkpoints/etas_20260506-202807/last_model_1.pth
2026-05-06 20:28:38,905 INFO src.train.trainer: Epoch 999
2026-05-06 20:28:38,936 INFO src.train.trainer: Last model at epoch 999 saved to checkpoints/etas_20260506-202807/last_model_1.pth
2026-05-06 20:28:38,936 INFO src.train.trainer: Epoch 1000
2026-05-06 20:28:38,967 INFO src.train.trainer: Last model at epoch 1000 saved to checkpoints/etas_20260506-202807/last_model_1.pth
2026-05-06 20:28:52,641 INFO src.data.catalog: Loading existing catalog from /root/autodl-tmp/em_eqf/data/ChuanDian/catalogs/181d780e.
2026-05-06 20:28:52,676 INFO src.data.preparation: Number of training events: 4498
2026-05-06 20:28:52,676 INFO src.data.preparation: Number of validation events: 567
2026-05-06 20:28:52,676 INFO src.data.preparation: Number of test events: 1043
2026-05-06 20:28:52,691 INFO src.train.config_setup: load_specific_parts: None
2026-05-06 20:28:52,692 INFO src.train.config_setup: Checkpoint loaded: <All keys matched successfully>
2026-05-06 20:28:52,692 INFO src.train.config_setup: hyperparameters: {'model': 'etas', 'num_event_types': 1, 'pad_token_id': 1, 'task_type': 'tpp', 'fix_mu': False, 'richter_b': None, 'base_rate_init': 0.26, 'batch_size': 1, 'accumulation_steps': 1, 'warmup_ratio': 0.1, 'learning_rate': 0.005, 'weight_decay': 0.005, 'loss_reduction': 'per_time', 'etas_history_chunk_size': 9192, 'etas_grad_checkpoint': True, 'scheduler_factor': None, 'scheduler_patience': None, 'scheduler_threshold': None, 'scheduler_min_lr': 1e-06, 'scheduler_type': 'step_warmup', 'step_lr_step_size_ratio': 0.2, 'step_lr_gamma': 0.8, 'dim': 1, 'epochs': 1000, 'save_dir': 'checkpoints/etas_20260506-202807', 'cuda_id': '0', 'dataset': 'ChuanDian', 'seed': 0, 'minibatch_training': False, 'split_by_time': True, 'time_order': ['train', 'val', 'test'], 'cuda': True, 'tau_mean': 1.6484907865524292, 'time_min': 0.0, 'tau_min': 2.3148149921325967e-06, 'tau_max': 32.8729133605957, 'tau_q05': 0.5829246044158936, 'tau_q025': 0.0008729455876164138, 'mag_mean': 3.5779941082000732, 'time_max': 16436.0, 'time_mean': 8854.9658203125, 'mag_completeness': 3.0, 'richter_b_mle': 0.7449380290378674, 'precision': 32, 'num_events_train': 4498, 'num_events_val': 567, 'num_events_test': 1043, 'start_epoch': 0, 'best_val_loss': inf}
2026-05-06 20:28:52,692 INFO src.train.config_setup: train_metrics: {'avg_time_nll': 0.3468441963195801, 'avg_total_nll': 0.3468441963195801}
2026-05-06 20:28:52,692 INFO src.train.config_setup: val_metrics: {'avg_time_nll': 0.8102133274078369, 'avg_total_nll': 0.8102133274078369}
2026-05-06 20:28:52,867 INFO __main__: Saved test metrics to checkpoints/etas_20260506-202807/metrics_test_best_1.json
2026-05-06 20:28:52,867 INFO __main__: Metrics: {'nll_train_time': 0.34679514169692993, 'nll_train_total': 0.34679514169692993, 'nll_val_time': 0.8102133274078369, 'nll_val_total': 0.8102133274078369, 'nll_test_time': 0.6029012799263, 'nll_test_total': 0.6029012799263, 'num_events_train': 4498, 'num_events_val': 567, 'num_events_test': 1043}
