2026-05-14 15:08:38,508 INFO src.data.preprocessing: CSV files found: ['chuandian_2021.csv']
2026-05-14 15:08:39,320 INFO src.utils.file_utils: Processing and saving new data to: data/ChuanDian/lstm_regressor/lstm_regressor_Mag_elaps_5.5-6-6.5-7_Mc_3_Mf_3.0_Tfore_180_Twindow_360_context_len_0_dt_10_feature_step_none_feature_window_none_lstm_feature_mode_external_sliding_time_step_5.pkl
2026-05-14 15:08:39,322 INFO src.data.event_loader: Number of earthquake events (greater than Mc): 14358
2026-05-14 15:08:50,296 INFO src.data.preparation_modules.lstm: Applied T_elaps NaN high-sentinel imputation: [{'feature': 'T_elaps5.5', 'nan_count': 3000, 'fill_value': 359.6074755375663}, {'feature': 'T_elaps6', 'nan_count': 5230, 'fill_value': 359.6201514631899}, {'feature': 'T_elaps6.5', 'nan_count': 6979, 'fill_value': 360.000001}, {'feature': 'T_elaps7', 'nan_count': 8194, 'fill_value': 360.000001}]
2026-05-14 15:08:50,298 INFO src.data.lstm_loader: Original number of samples: 1819, number of samples after cleaning: 1819
2026-05-14 15:08:50,298 INFO src.data.lstm_loader: Replaced NaN values in X with 0.0
2026-05-14 15:08:50,333 INFO src.cli.workflows: No resume path provided. Training will start from scratch.
2026-05-14 15:08:50,594 INFO src.train.config_setup: No checkpoint restore requested; initializing model from scratch.
2026-05-14 15:08:50,594 INFO src.train.config_setup: Freeze skipped (fresh_init): freeze_parts is empty.
2026-05-14 15:08:50,594 INFO src.train.config_setup: Using regression criterion: smooth_l1
2026-05-14 15:08:50,594 INFO src.train.config_setup: Criterion config: {'beta': 0.2}
2026-05-14 15:08:50,941 INFO src.train.trainer: Epoch 1
2026-05-14 15:08:51,441 INFO src.train.trainer: New best validation loss: 0.3478, saved to /root/autodl-tmp/em_eqf/experiments/lstm_seed/runs/tf_180_mf_3p0_seed_0/best_model_1.pth
2026-05-14 15:08:51,460 INFO src.train.trainer: Last model at epoch 1 saved to /root/autodl-tmp/em_eqf/experiments/lstm_seed/runs/tf_180_mf_3p0_seed_0/last_model_1.pth
2026-05-14 15:08:51,460 INFO src.train.trainer: Epoch 2
2026-05-14 15:08:51,810 INFO src.train.trainer: New best validation loss: 0.2605, saved to /root/autodl-tmp/em_eqf/experiments/lstm_seed/runs/tf_180_mf_3p0_seed_0/best_model_1.pth
2026-05-14 15:08:51,848 INFO src.train.trainer: Last model at epoch 2 saved to /root/autodl-tmp/em_eqf/experiments/lstm_seed/runs/tf_180_mf_3p0_seed_0/last_model_1.pth
2026-05-14 15:08:51,848 INFO src.train.trainer: Epoch 3
2026-05-14 15:08:52,181 INFO src.train.trainer: New best validation loss: 0.0454, saved to /root/autodl-tmp/em_eqf/experiments/lstm_seed/runs/tf_180_mf_3p0_seed_0/best_model_1.pth
2026-05-14 15:08:52,215 INFO src.train.trainer: Last model at epoch 3 saved to /root/autodl-tmp/em_eqf/experiments/lstm_seed/runs/tf_180_mf_3p0_seed_0/last_model_1.pth
2026-05-14 15:08:52,215 INFO src.train.trainer: Epoch 4
2026-05-14 15:08:52,579 INFO src.train.trainer: Last model at epoch 4 saved to /root/autodl-tmp/em_eqf/experiments/lstm_seed/runs/tf_180_mf_3p0_seed_0/last_model_1.pth
2026-05-14 15:08:52,579 INFO src.train.trainer: Epoch 5
2026-05-14 15:08:52,957 INFO src.train.trainer: Last model at epoch 5 saved to /root/autodl-tmp/em_eqf/experiments/lstm_seed/runs/tf_180_mf_3p0_seed_0/last_model_1.pth
2026-05-14 15:08:52,958 INFO src.train.trainer: Epoch 6
2026-05-14 15:08:53,311 INFO src.train.trainer: New best validation loss: 0.0445, saved to /root/autodl-tmp/em_eqf/experiments/lstm_seed/runs/tf_180_mf_3p0_seed_0/best_model_1.pth
2026-05-14 15:08:53,340 INFO src.train.trainer: Last model at epoch 6 saved to /root/autodl-tmp/em_eqf/experiments/lstm_seed/runs/tf_180_mf_3p0_seed_0/last_model_1.pth
2026-05-14 15:08:53,340 INFO src.train.trainer: Epoch 7
2026-05-14 15:08:53,701 INFO src.train.trainer: New best validation loss: 0.0444, saved to /root/autodl-tmp/em_eqf/experiments/lstm_seed/runs/tf_180_mf_3p0_seed_0/best_model_1.pth
2026-05-14 15:08:53,737 INFO src.train.trainer: Last model at epoch 7 saved to /root/autodl-tmp/em_eqf/experiments/lstm_seed/runs/tf_180_mf_3p0_seed_0/last_model_1.pth
2026-05-14 15:08:53,737 INFO src.train.trainer: Epoch 8
2026-05-14 15:08:54,070 INFO src.train.trainer: New best validation loss: 0.0440, saved to /root/autodl-tmp/em_eqf/experiments/lstm_seed/runs/tf_180_mf_3p0_seed_0/best_model_1.pth
2026-05-14 15:08:54,103 INFO src.train.trainer: Last model at epoch 8 saved to /root/autodl-tmp/em_eqf/experiments/lstm_seed/runs/tf_180_mf_3p0_seed_0/last_model_1.pth
2026-05-14 15:08:54,103 INFO src.train.trainer: Epoch 9
2026-05-14 15:08:54,450 INFO src.train.trainer: New best validation loss: 0.0434, saved to /root/autodl-tmp/em_eqf/experiments/lstm_seed/runs/tf_180_mf_3p0_seed_0/best_model_1.pth
2026-05-14 15:08:54,484 INFO src.train.trainer: Last model at epoch 9 saved to /root/autodl-tmp/em_eqf/experiments/lstm_seed/runs/tf_180_mf_3p0_seed_0/last_model_1.pth
2026-05-14 15:08:54,484 INFO src.train.trainer: Epoch 10
2026-05-14 15:08:54,841 INFO src.train.trainer: New best validation loss: 0.0427, saved to /root/autodl-tmp/em_eqf/experiments/lstm_seed/runs/tf_180_mf_3p0_seed_0/best_model_1.pth
2026-05-14 15:08:54,874 INFO src.train.trainer: Last model at epoch 10 saved to /root/autodl-tmp/em_eqf/experiments/lstm_seed/runs/tf_180_mf_3p0_seed_0/last_model_1.pth
2026-05-14 15:08:54,875 INFO src.train.trainer: Epoch 11
2026-05-14 15:08:55,240 INFO src.train.trainer: New best validation loss: 0.0426, saved to /root/autodl-tmp/em_eqf/experiments/lstm_seed/runs/tf_180_mf_3p0_seed_0/best_model_1.pth
2026-05-14 15:08:55,273 INFO src.train.trainer: Last model at epoch 11 saved to /root/autodl-tmp/em_eqf/experiments/lstm_seed/runs/tf_180_mf_3p0_seed_0/last_model_1.pth
2026-05-14 15:08:55,273 INFO src.train.trainer: Epoch 12
2026-05-14 15:08:55,616 INFO src.train.trainer: New best validation loss: 0.0425, saved to /root/autodl-tmp/em_eqf/experiments/lstm_seed/runs/tf_180_mf_3p0_seed_0/best_model_1.pth
2026-05-14 15:08:55,652 INFO src.train.trainer: Last model at epoch 12 saved to /root/autodl-tmp/em_eqf/experiments/lstm_seed/runs/tf_180_mf_3p0_seed_0/last_model_1.pth
2026-05-14 15:08:55,652 INFO src.train.trainer: Epoch 13
2026-05-14 15:08:56,002 INFO src.train.trainer: New best validation loss: 0.0422, saved to /root/autodl-tmp/em_eqf/experiments/lstm_seed/runs/tf_180_mf_3p0_seed_0/best_model_1.pth
2026-05-14 15:08:56,037 INFO src.train.trainer: Last model at epoch 13 saved to /root/autodl-tmp/em_eqf/experiments/lstm_seed/runs/tf_180_mf_3p0_seed_0/last_model_1.pth
2026-05-14 15:08:56,037 INFO src.train.trainer: Epoch 14
2026-05-14 15:08:56,381 INFO src.train.trainer: New best validation loss: 0.0421, saved to /root/autodl-tmp/em_eqf/experiments/lstm_seed/runs/tf_180_mf_3p0_seed_0/best_model_1.pth
2026-05-14 15:08:56,413 INFO src.train.trainer: Last model at epoch 14 saved to /root/autodl-tmp/em_eqf/experiments/lstm_seed/runs/tf_180_mf_3p0_seed_0/last_model_1.pth
2026-05-14 15:08:56,414 INFO src.train.trainer: Epoch 15
2026-05-14 15:08:56,788 INFO src.train.trainer: Last model at epoch 15 saved to /root/autodl-tmp/em_eqf/experiments/lstm_seed/runs/tf_180_mf_3p0_seed_0/last_model_1.pth
2026-05-14 15:08:56,788 INFO src.train.trainer: Epoch 16
2026-05-14 15:08:57,163 INFO src.train.trainer: New best validation loss: 0.0419, saved to /root/autodl-tmp/em_eqf/experiments/lstm_seed/runs/tf_180_mf_3p0_seed_0/best_model_1.pth
2026-05-14 15:08:57,213 INFO src.train.trainer: Last model at epoch 16 saved to /root/autodl-tmp/em_eqf/experiments/lstm_seed/runs/tf_180_mf_3p0_seed_0/last_model_1.pth
2026-05-14 15:08:57,213 INFO src.train.trainer: Epoch 17
2026-05-14 15:08:57,599 INFO src.train.trainer: Last model at epoch 17 saved to /root/autodl-tmp/em_eqf/experiments/lstm_seed/runs/tf_180_mf_3p0_seed_0/last_model_1.pth
2026-05-14 15:08:57,600 INFO src.train.trainer: Epoch 18
2026-05-14 15:08:57,988 INFO src.train.trainer: Last model at epoch 18 saved to /root/autodl-tmp/em_eqf/experiments/lstm_seed/runs/tf_180_mf_3p0_seed_0/last_model_1.pth
2026-05-14 15:08:57,988 INFO src.train.trainer: Epoch 19
2026-05-14 15:08:58,364 INFO src.train.trainer: Last model at epoch 19 saved to /root/autodl-tmp/em_eqf/experiments/lstm_seed/runs/tf_180_mf_3p0_seed_0/last_model_1.pth
2026-05-14 15:08:58,365 INFO src.train.trainer: Epoch 20
2026-05-14 15:08:58,748 INFO src.train.trainer: Last model at epoch 20 saved to /root/autodl-tmp/em_eqf/experiments/lstm_seed/runs/tf_180_mf_3p0_seed_0/last_model_1.pth
2026-05-14 15:08:58,749 INFO src.train.trainer: Epoch 21
2026-05-14 15:08:59,114 INFO src.train.trainer: Last model at epoch 21 saved to /root/autodl-tmp/em_eqf/experiments/lstm_seed/runs/tf_180_mf_3p0_seed_0/last_model_1.pth
2026-05-14 15:08:59,114 INFO src.train.trainer: Epoch 22
2026-05-14 15:08:59,470 INFO src.train.trainer: Last model at epoch 22 saved to /root/autodl-tmp/em_eqf/experiments/lstm_seed/runs/tf_180_mf_3p0_seed_0/last_model_1.pth
2026-05-14 15:08:59,470 INFO src.train.trainer: Epoch 23
2026-05-14 15:08:59,833 INFO src.train.trainer: Last model at epoch 23 saved to /root/autodl-tmp/em_eqf/experiments/lstm_seed/runs/tf_180_mf_3p0_seed_0/last_model_1.pth
2026-05-14 15:08:59,833 INFO src.train.trainer: Epoch 24
2026-05-14 15:09:00,168 INFO src.train.trainer: Last model at epoch 24 saved to /root/autodl-tmp/em_eqf/experiments/lstm_seed/runs/tf_180_mf_3p0_seed_0/last_model_1.pth
2026-05-14 15:09:00,168 INFO src.train.trainer: Epoch 25
2026-05-14 15:09:00,470 INFO src.train.trainer: Last model at epoch 25 saved to /root/autodl-tmp/em_eqf/experiments/lstm_seed/runs/tf_180_mf_3p0_seed_0/last_model_1.pth
2026-05-14 15:09:00,470 INFO src.train.trainer: Epoch 26
2026-05-14 15:09:00,838 INFO src.train.trainer: Last model at epoch 26 saved to /root/autodl-tmp/em_eqf/experiments/lstm_seed/runs/tf_180_mf_3p0_seed_0/last_model_1.pth
2026-05-14 15:09:00,838 INFO src.train.trainer: Epoch 27
2026-05-14 15:09:01,214 INFO src.train.trainer: Last model at epoch 27 saved to /root/autodl-tmp/em_eqf/experiments/lstm_seed/runs/tf_180_mf_3p0_seed_0/last_model_1.pth
2026-05-14 15:09:01,214 INFO src.train.trainer: Epoch 28
2026-05-14 15:09:01,593 INFO src.train.trainer: Last model at epoch 28 saved to /root/autodl-tmp/em_eqf/experiments/lstm_seed/runs/tf_180_mf_3p0_seed_0/last_model_1.pth
2026-05-14 15:09:01,593 INFO src.train.trainer: Epoch 29
2026-05-14 15:09:01,947 INFO src.train.trainer: Last model at epoch 29 saved to /root/autodl-tmp/em_eqf/experiments/lstm_seed/runs/tf_180_mf_3p0_seed_0/last_model_1.pth
2026-05-14 15:09:01,947 INFO src.train.trainer: Epoch 30
2026-05-14 15:09:02,307 INFO src.train.trainer: Last model at epoch 30 saved to /root/autodl-tmp/em_eqf/experiments/lstm_seed/runs/tf_180_mf_3p0_seed_0/last_model_1.pth
2026-05-14 15:09:02,307 INFO src.train.trainer: Epoch 31
2026-05-14 15:09:02,686 INFO src.train.trainer: Last model at epoch 31 saved to /root/autodl-tmp/em_eqf/experiments/lstm_seed/runs/tf_180_mf_3p0_seed_0/last_model_1.pth
2026-05-14 15:09:02,686 INFO src.train.trainer: Epoch 32
2026-05-14 15:09:03,042 INFO src.train.trainer: Last model at epoch 32 saved to /root/autodl-tmp/em_eqf/experiments/lstm_seed/runs/tf_180_mf_3p0_seed_0/last_model_1.pth
2026-05-14 15:09:03,042 INFO src.train.trainer: Epoch 33
2026-05-14 15:09:03,379 INFO src.train.trainer: Last model at epoch 33 saved to /root/autodl-tmp/em_eqf/experiments/lstm_seed/runs/tf_180_mf_3p0_seed_0/last_model_1.pth
2026-05-14 15:09:03,379 INFO src.train.trainer: Epoch 34
2026-05-14 15:09:03,753 INFO src.train.trainer: Last model at epoch 34 saved to /root/autodl-tmp/em_eqf/experiments/lstm_seed/runs/tf_180_mf_3p0_seed_0/last_model_1.pth
2026-05-14 15:09:03,753 INFO src.train.trainer: Epoch 35
2026-05-14 15:09:04,126 INFO src.train.trainer: Last model at epoch 35 saved to /root/autodl-tmp/em_eqf/experiments/lstm_seed/runs/tf_180_mf_3p0_seed_0/last_model_1.pth
2026-05-14 15:09:04,126 INFO src.train.trainer: Epoch 36
2026-05-14 15:09:04,500 INFO src.train.trainer: Last model at epoch 36 saved to /root/autodl-tmp/em_eqf/experiments/lstm_seed/runs/tf_180_mf_3p0_seed_0/last_model_1.pth
2026-05-14 15:09:04,500 INFO src.train.trainer: Epoch 37
2026-05-14 15:09:04,886 INFO src.train.trainer: Last model at epoch 37 saved to /root/autodl-tmp/em_eqf/experiments/lstm_seed/runs/tf_180_mf_3p0_seed_0/last_model_1.pth
2026-05-14 15:09:04,887 INFO src.train.trainer: Epoch 38
2026-05-14 15:09:05,246 INFO src.train.trainer: Last model at epoch 38 saved to /root/autodl-tmp/em_eqf/experiments/lstm_seed/runs/tf_180_mf_3p0_seed_0/last_model_1.pth
2026-05-14 15:09:05,246 INFO src.train.trainer: Epoch 39
2026-05-14 15:09:05,610 INFO src.train.trainer: Last model at epoch 39 saved to /root/autodl-tmp/em_eqf/experiments/lstm_seed/runs/tf_180_mf_3p0_seed_0/last_model_1.pth
2026-05-14 15:09:05,610 INFO src.train.trainer: Epoch 40
2026-05-14 15:09:05,986 INFO src.train.trainer: Last model at epoch 40 saved to /root/autodl-tmp/em_eqf/experiments/lstm_seed/runs/tf_180_mf_3p0_seed_0/last_model_1.pth
2026-05-14 15:09:05,986 INFO src.train.trainer: Epoch 41
2026-05-14 15:09:06,358 INFO src.train.trainer: Last model at epoch 41 saved to /root/autodl-tmp/em_eqf/experiments/lstm_seed/runs/tf_180_mf_3p0_seed_0/last_model_1.pth
2026-05-14 15:09:06,358 INFO src.train.trainer: Epoch 42
2026-05-14 15:09:06,740 INFO src.train.trainer: Last model at epoch 42 saved to /root/autodl-tmp/em_eqf/experiments/lstm_seed/runs/tf_180_mf_3p0_seed_0/last_model_1.pth
2026-05-14 15:09:06,740 INFO src.train.trainer: Epoch 43
2026-05-14 15:09:07,112 INFO src.train.trainer: Last model at epoch 43 saved to /root/autodl-tmp/em_eqf/experiments/lstm_seed/runs/tf_180_mf_3p0_seed_0/last_model_1.pth
2026-05-14 15:09:07,113 INFO src.train.trainer: Epoch 44
2026-05-14 15:09:07,496 INFO src.train.trainer: Last model at epoch 44 saved to /root/autodl-tmp/em_eqf/experiments/lstm_seed/runs/tf_180_mf_3p0_seed_0/last_model_1.pth
2026-05-14 15:09:07,496 INFO src.train.trainer: Epoch 45
2026-05-14 15:09:07,877 INFO src.train.trainer: Last model at epoch 45 saved to /root/autodl-tmp/em_eqf/experiments/lstm_seed/runs/tf_180_mf_3p0_seed_0/last_model_1.pth
2026-05-14 15:09:07,877 INFO src.train.trainer: Epoch 46
2026-05-14 15:09:08,256 INFO src.train.trainer: Last model at epoch 46 saved to /root/autodl-tmp/em_eqf/experiments/lstm_seed/runs/tf_180_mf_3p0_seed_0/last_model_1.pth
2026-05-14 15:09:08,256 INFO src.train.trainer: Epoch 47
2026-05-14 15:09:08,641 INFO src.train.trainer: Last model at epoch 47 saved to /root/autodl-tmp/em_eqf/experiments/lstm_seed/runs/tf_180_mf_3p0_seed_0/last_model_1.pth
2026-05-14 15:09:08,641 INFO src.train.trainer: Epoch 48
2026-05-14 15:09:09,012 INFO src.train.trainer: Last model at epoch 48 saved to /root/autodl-tmp/em_eqf/experiments/lstm_seed/runs/tf_180_mf_3p0_seed_0/last_model_1.pth
2026-05-14 15:09:09,013 INFO src.train.trainer: Epoch 49
2026-05-14 15:09:09,383 INFO src.train.trainer: Last model at epoch 49 saved to /root/autodl-tmp/em_eqf/experiments/lstm_seed/runs/tf_180_mf_3p0_seed_0/last_model_1.pth
2026-05-14 15:09:09,383 INFO src.train.trainer: Epoch 50
2026-05-14 15:09:09,769 INFO src.train.trainer: Last model at epoch 50 saved to /root/autodl-tmp/em_eqf/experiments/lstm_seed/runs/tf_180_mf_3p0_seed_0/last_model_1.pth
2026-05-14 15:09:09,769 INFO src.train.trainer: Epoch 51
2026-05-14 15:09:10,151 INFO src.train.trainer: Last model at epoch 51 saved to /root/autodl-tmp/em_eqf/experiments/lstm_seed/runs/tf_180_mf_3p0_seed_0/last_model_1.pth
2026-05-14 15:09:10,151 INFO src.train.trainer: Epoch 52
2026-05-14 15:09:10,526 INFO src.train.trainer: Last model at epoch 52 saved to /root/autodl-tmp/em_eqf/experiments/lstm_seed/runs/tf_180_mf_3p0_seed_0/last_model_1.pth
2026-05-14 15:09:10,526 INFO src.train.trainer: Epoch 53
2026-05-14 15:09:10,910 INFO src.train.trainer: Last model at epoch 53 saved to /root/autodl-tmp/em_eqf/experiments/lstm_seed/runs/tf_180_mf_3p0_seed_0/last_model_1.pth
2026-05-14 15:09:10,910 INFO src.train.trainer: Epoch 54
2026-05-14 15:09:11,295 INFO src.train.trainer: Last model at epoch 54 saved to /root/autodl-tmp/em_eqf/experiments/lstm_seed/runs/tf_180_mf_3p0_seed_0/last_model_1.pth
2026-05-14 15:09:11,295 INFO src.train.trainer: Epoch 55
2026-05-14 15:09:11,679 INFO src.train.trainer: Last model at epoch 55 saved to /root/autodl-tmp/em_eqf/experiments/lstm_seed/runs/tf_180_mf_3p0_seed_0/last_model_1.pth
2026-05-14 15:09:11,679 INFO src.train.trainer: Epoch 56
2026-05-14 15:09:12,085 INFO src.train.trainer: Last model at epoch 56 saved to /root/autodl-tmp/em_eqf/experiments/lstm_seed/runs/tf_180_mf_3p0_seed_0/last_model_1.pth
2026-05-14 15:09:12,085 INFO src.train.trainer: Epoch 57
2026-05-14 15:09:12,495 INFO src.train.trainer: Last model at epoch 57 saved to /root/autodl-tmp/em_eqf/experiments/lstm_seed/runs/tf_180_mf_3p0_seed_0/last_model_1.pth
2026-05-14 15:09:12,495 INFO src.train.trainer: Epoch 58
2026-05-14 15:09:12,855 INFO src.train.trainer: Last model at epoch 58 saved to /root/autodl-tmp/em_eqf/experiments/lstm_seed/runs/tf_180_mf_3p0_seed_0/last_model_1.pth
2026-05-14 15:09:12,856 INFO src.train.trainer: Epoch 59
2026-05-14 15:09:13,248 INFO src.train.trainer: Last model at epoch 59 saved to /root/autodl-tmp/em_eqf/experiments/lstm_seed/runs/tf_180_mf_3p0_seed_0/last_model_1.pth
2026-05-14 15:09:13,248 INFO src.train.trainer: Epoch 60
2026-05-14 15:09:13,651 INFO src.train.trainer: Last model at epoch 60 saved to /root/autodl-tmp/em_eqf/experiments/lstm_seed/runs/tf_180_mf_3p0_seed_0/last_model_1.pth
2026-05-14 15:09:13,651 INFO src.train.trainer: Epoch 61
2026-05-14 15:09:14,028 INFO src.train.trainer: Last model at epoch 61 saved to /root/autodl-tmp/em_eqf/experiments/lstm_seed/runs/tf_180_mf_3p0_seed_0/last_model_1.pth
2026-05-14 15:09:14,028 INFO src.train.trainer: Epoch 62
2026-05-14 15:09:14,427 INFO src.train.trainer: Last model at epoch 62 saved to /root/autodl-tmp/em_eqf/experiments/lstm_seed/runs/tf_180_mf_3p0_seed_0/last_model_1.pth
2026-05-14 15:09:14,428 INFO src.train.trainer: Epoch 63
2026-05-14 15:09:14,836 INFO src.train.trainer: Last model at epoch 63 saved to /root/autodl-tmp/em_eqf/experiments/lstm_seed/runs/tf_180_mf_3p0_seed_0/last_model_1.pth
2026-05-14 15:09:14,837 INFO src.train.trainer: Epoch 64
2026-05-14 15:09:15,247 INFO src.train.trainer: Last model at epoch 64 saved to /root/autodl-tmp/em_eqf/experiments/lstm_seed/runs/tf_180_mf_3p0_seed_0/last_model_1.pth
2026-05-14 15:09:15,247 INFO src.train.trainer: Epoch 65
2026-05-14 15:09:15,531 INFO src.train.trainer: Last model at epoch 65 saved to /root/autodl-tmp/em_eqf/experiments/lstm_seed/runs/tf_180_mf_3p0_seed_0/last_model_1.pth
2026-05-14 15:09:15,532 INFO src.train.trainer: Epoch 66
2026-05-14 15:09:15,926 INFO src.train.trainer: Last model at epoch 66 saved to /root/autodl-tmp/em_eqf/experiments/lstm_seed/runs/tf_180_mf_3p0_seed_0/last_model_1.pth
2026-05-14 15:09:15,926 INFO src.train.trainer: Epoch 67
2026-05-14 15:09:16,326 INFO src.train.trainer: Last model at epoch 67 saved to /root/autodl-tmp/em_eqf/experiments/lstm_seed/runs/tf_180_mf_3p0_seed_0/last_model_1.pth
2026-05-14 15:09:16,326 INFO src.train.trainer: Epoch 68
2026-05-14 15:09:16,736 INFO src.train.trainer: Last model at epoch 68 saved to /root/autodl-tmp/em_eqf/experiments/lstm_seed/runs/tf_180_mf_3p0_seed_0/last_model_1.pth
2026-05-14 15:09:16,737 INFO src.train.trainer: Epoch 69
2026-05-14 15:09:17,133 INFO src.train.trainer: Last model at epoch 69 saved to /root/autodl-tmp/em_eqf/experiments/lstm_seed/runs/tf_180_mf_3p0_seed_0/last_model_1.pth
2026-05-14 15:09:17,133 INFO src.train.trainer: Epoch 70
2026-05-14 15:09:17,542 INFO src.train.trainer: Last model at epoch 70 saved to /root/autodl-tmp/em_eqf/experiments/lstm_seed/runs/tf_180_mf_3p0_seed_0/last_model_1.pth
2026-05-14 15:09:17,542 INFO src.train.trainer: Epoch 71
2026-05-14 15:09:17,949 INFO src.train.trainer: Last model at epoch 71 saved to /root/autodl-tmp/em_eqf/experiments/lstm_seed/runs/tf_180_mf_3p0_seed_0/last_model_1.pth
2026-05-14 15:09:17,949 INFO src.train.trainer: Epoch 72
2026-05-14 15:09:18,359 INFO src.train.trainer: Last model at epoch 72 saved to /root/autodl-tmp/em_eqf/experiments/lstm_seed/runs/tf_180_mf_3p0_seed_0/last_model_1.pth
2026-05-14 15:09:18,359 INFO src.train.trainer: Epoch 73
2026-05-14 15:09:18,772 INFO src.train.trainer: Last model at epoch 73 saved to /root/autodl-tmp/em_eqf/experiments/lstm_seed/runs/tf_180_mf_3p0_seed_0/last_model_1.pth
2026-05-14 15:09:18,772 INFO src.train.trainer: Epoch 74
2026-05-14 15:09:19,183 INFO src.train.trainer: Last model at epoch 74 saved to /root/autodl-tmp/em_eqf/experiments/lstm_seed/runs/tf_180_mf_3p0_seed_0/last_model_1.pth
2026-05-14 15:09:19,183 INFO src.train.trainer: Epoch 75
2026-05-14 15:09:19,562 INFO src.train.trainer: Last model at epoch 75 saved to /root/autodl-tmp/em_eqf/experiments/lstm_seed/runs/tf_180_mf_3p0_seed_0/last_model_1.pth
2026-05-14 15:09:19,562 INFO src.train.trainer: Epoch 76
2026-05-14 15:09:19,945 INFO src.train.trainer: Last model at epoch 76 saved to /root/autodl-tmp/em_eqf/experiments/lstm_seed/runs/tf_180_mf_3p0_seed_0/last_model_1.pth
2026-05-14 15:09:19,945 INFO src.train.trainer: Epoch 77
2026-05-14 15:09:20,310 INFO src.train.trainer: Last model at epoch 77 saved to /root/autodl-tmp/em_eqf/experiments/lstm_seed/runs/tf_180_mf_3p0_seed_0/last_model_1.pth
2026-05-14 15:09:20,310 INFO src.train.trainer: Epoch 78
2026-05-14 15:09:20,711 INFO src.train.trainer: Last model at epoch 78 saved to /root/autodl-tmp/em_eqf/experiments/lstm_seed/runs/tf_180_mf_3p0_seed_0/last_model_1.pth
2026-05-14 15:09:20,711 INFO src.train.trainer: Epoch 79
2026-05-14 15:09:21,076 INFO src.train.trainer: Last model at epoch 79 saved to /root/autodl-tmp/em_eqf/experiments/lstm_seed/runs/tf_180_mf_3p0_seed_0/last_model_1.pth
2026-05-14 15:09:21,076 INFO src.train.trainer: Epoch 80
2026-05-14 15:09:21,467 INFO src.train.trainer: Last model at epoch 80 saved to /root/autodl-tmp/em_eqf/experiments/lstm_seed/runs/tf_180_mf_3p0_seed_0/last_model_1.pth
2026-05-14 15:09:21,468 INFO src.train.trainer: Epoch 81
2026-05-14 15:09:21,855 INFO src.train.trainer: Last model at epoch 81 saved to /root/autodl-tmp/em_eqf/experiments/lstm_seed/runs/tf_180_mf_3p0_seed_0/last_model_1.pth
2026-05-14 15:09:21,855 INFO src.train.trainer: Epoch 82
2026-05-14 15:09:22,280 INFO src.train.trainer: Last model at epoch 82 saved to /root/autodl-tmp/em_eqf/experiments/lstm_seed/runs/tf_180_mf_3p0_seed_0/last_model_1.pth
2026-05-14 15:09:22,281 INFO src.train.trainer: Epoch 83
2026-05-14 15:09:22,693 INFO src.train.trainer: Last model at epoch 83 saved to /root/autodl-tmp/em_eqf/experiments/lstm_seed/runs/tf_180_mf_3p0_seed_0/last_model_1.pth
2026-05-14 15:09:22,694 INFO src.train.trainer: Epoch 84
2026-05-14 15:09:23,079 INFO src.train.trainer: Last model at epoch 84 saved to /root/autodl-tmp/em_eqf/experiments/lstm_seed/runs/tf_180_mf_3p0_seed_0/last_model_1.pth
2026-05-14 15:09:23,080 INFO src.train.trainer: Epoch 85
2026-05-14 15:09:23,493 INFO src.train.trainer: Last model at epoch 85 saved to /root/autodl-tmp/em_eqf/experiments/lstm_seed/runs/tf_180_mf_3p0_seed_0/last_model_1.pth
2026-05-14 15:09:23,493 INFO src.train.trainer: Epoch 86
2026-05-14 15:09:23,888 INFO src.train.trainer: Last model at epoch 86 saved to /root/autodl-tmp/em_eqf/experiments/lstm_seed/runs/tf_180_mf_3p0_seed_0/last_model_1.pth
2026-05-14 15:09:23,888 INFO src.train.trainer: Epoch 87
2026-05-14 15:09:24,316 INFO src.train.trainer: Last model at epoch 87 saved to /root/autodl-tmp/em_eqf/experiments/lstm_seed/runs/tf_180_mf_3p0_seed_0/last_model_1.pth
2026-05-14 15:09:24,316 INFO src.train.trainer: Epoch 88
2026-05-14 15:09:24,632 INFO src.train.trainer: Last model at epoch 88 saved to /root/autodl-tmp/em_eqf/experiments/lstm_seed/runs/tf_180_mf_3p0_seed_0/last_model_1.pth
2026-05-14 15:09:24,632 INFO src.train.trainer: Epoch 89
2026-05-14 15:09:24,970 INFO src.train.trainer: Last model at epoch 89 saved to /root/autodl-tmp/em_eqf/experiments/lstm_seed/runs/tf_180_mf_3p0_seed_0/last_model_1.pth
2026-05-14 15:09:24,971 INFO src.train.trainer: Epoch 90
2026-05-14 15:09:25,203 INFO src.train.trainer: Last model at epoch 90 saved to /root/autodl-tmp/em_eqf/experiments/lstm_seed/runs/tf_180_mf_3p0_seed_0/last_model_1.pth
2026-05-14 15:09:25,203 INFO src.train.trainer: Epoch 91
2026-05-14 15:09:25,501 INFO src.train.trainer: Last model at epoch 91 saved to /root/autodl-tmp/em_eqf/experiments/lstm_seed/runs/tf_180_mf_3p0_seed_0/last_model_1.pth
2026-05-14 15:09:25,501 INFO src.train.trainer: Epoch 92
2026-05-14 15:09:25,895 INFO src.train.trainer: Last model at epoch 92 saved to /root/autodl-tmp/em_eqf/experiments/lstm_seed/runs/tf_180_mf_3p0_seed_0/last_model_1.pth
2026-05-14 15:09:25,895 INFO src.train.trainer: Epoch 93
2026-05-14 15:09:26,311 INFO src.train.trainer: Last model at epoch 93 saved to /root/autodl-tmp/em_eqf/experiments/lstm_seed/runs/tf_180_mf_3p0_seed_0/last_model_1.pth
2026-05-14 15:09:26,311 INFO src.train.trainer: Epoch 94
2026-05-14 15:09:26,691 INFO src.train.trainer: Last model at epoch 94 saved to /root/autodl-tmp/em_eqf/experiments/lstm_seed/runs/tf_180_mf_3p0_seed_0/last_model_1.pth
2026-05-14 15:09:26,691 INFO src.train.trainer: Epoch 95
2026-05-14 15:09:27,096 INFO src.train.trainer: Last model at epoch 95 saved to /root/autodl-tmp/em_eqf/experiments/lstm_seed/runs/tf_180_mf_3p0_seed_0/last_model_1.pth
2026-05-14 15:09:27,096 INFO src.train.trainer: Epoch 96
2026-05-14 15:09:27,454 INFO src.train.trainer: Last model at epoch 96 saved to /root/autodl-tmp/em_eqf/experiments/lstm_seed/runs/tf_180_mf_3p0_seed_0/last_model_1.pth
2026-05-14 15:09:27,455 INFO src.train.trainer: Epoch 97
2026-05-14 15:09:27,825 INFO src.train.trainer: Last model at epoch 97 saved to /root/autodl-tmp/em_eqf/experiments/lstm_seed/runs/tf_180_mf_3p0_seed_0/last_model_1.pth
2026-05-14 15:09:27,825 INFO src.train.trainer: Epoch 98
2026-05-14 15:09:28,199 INFO src.train.trainer: Last model at epoch 98 saved to /root/autodl-tmp/em_eqf/experiments/lstm_seed/runs/tf_180_mf_3p0_seed_0/last_model_1.pth
2026-05-14 15:09:28,200 INFO src.train.trainer: Epoch 99
2026-05-14 15:09:28,611 INFO src.train.trainer: Last model at epoch 99 saved to /root/autodl-tmp/em_eqf/experiments/lstm_seed/runs/tf_180_mf_3p0_seed_0/last_model_1.pth
2026-05-14 15:09:28,611 INFO src.train.trainer: Epoch 100
2026-05-14 15:09:29,017 INFO src.train.trainer: Last model at epoch 100 saved to /root/autodl-tmp/em_eqf/experiments/lstm_seed/runs/tf_180_mf_3p0_seed_0/last_model_1.pth
2026-05-14 15:09:29,017 INFO src.train.trainer: Epoch 101
2026-05-14 15:09:29,414 INFO src.train.trainer: Last model at epoch 101 saved to /root/autodl-tmp/em_eqf/experiments/lstm_seed/runs/tf_180_mf_3p0_seed_0/last_model_1.pth
2026-05-14 15:09:29,415 INFO src.train.trainer: Epoch 102
2026-05-14 15:09:29,823 INFO src.train.trainer: Last model at epoch 102 saved to /root/autodl-tmp/em_eqf/experiments/lstm_seed/runs/tf_180_mf_3p0_seed_0/last_model_1.pth
2026-05-14 15:09:29,823 INFO src.train.trainer: Epoch 103
2026-05-14 15:09:30,243 INFO src.train.trainer: Last model at epoch 103 saved to /root/autodl-tmp/em_eqf/experiments/lstm_seed/runs/tf_180_mf_3p0_seed_0/last_model_1.pth
2026-05-14 15:09:30,243 INFO src.train.trainer: Epoch 104
2026-05-14 15:09:30,623 INFO src.train.trainer: Last model at epoch 104 saved to /root/autodl-tmp/em_eqf/experiments/lstm_seed/runs/tf_180_mf_3p0_seed_0/last_model_1.pth
2026-05-14 15:09:30,623 INFO src.train.trainer: Epoch 105
2026-05-14 15:09:31,018 INFO src.train.trainer: Last model at epoch 105 saved to /root/autodl-tmp/em_eqf/experiments/lstm_seed/runs/tf_180_mf_3p0_seed_0/last_model_1.pth
2026-05-14 15:09:31,018 INFO src.train.trainer: Epoch 106
2026-05-14 15:09:31,461 INFO src.train.trainer: Last model at epoch 106 saved to /root/autodl-tmp/em_eqf/experiments/lstm_seed/runs/tf_180_mf_3p0_seed_0/last_model_1.pth
2026-05-14 15:09:31,462 INFO src.train.trainer: Epoch 107
2026-05-14 15:09:31,859 INFO src.train.trainer: Last model at epoch 107 saved to /root/autodl-tmp/em_eqf/experiments/lstm_seed/runs/tf_180_mf_3p0_seed_0/last_model_1.pth
2026-05-14 15:09:31,859 INFO src.train.trainer: Epoch 108
2026-05-14 15:09:32,246 INFO src.train.trainer: Last model at epoch 108 saved to /root/autodl-tmp/em_eqf/experiments/lstm_seed/runs/tf_180_mf_3p0_seed_0/last_model_1.pth
2026-05-14 15:09:32,246 INFO src.train.trainer: Epoch 109
2026-05-14 15:09:32,657 INFO src.train.trainer: Last model at epoch 109 saved to /root/autodl-tmp/em_eqf/experiments/lstm_seed/runs/tf_180_mf_3p0_seed_0/last_model_1.pth
2026-05-14 15:09:32,657 INFO src.train.trainer: Epoch 110
2026-05-14 15:09:33,040 INFO src.train.trainer: Last model at epoch 110 saved to /root/autodl-tmp/em_eqf/experiments/lstm_seed/runs/tf_180_mf_3p0_seed_0/last_model_1.pth
2026-05-14 15:09:33,040 INFO src.train.trainer: Epoch 111
2026-05-14 15:09:33,451 INFO src.train.trainer: Last model at epoch 111 saved to /root/autodl-tmp/em_eqf/experiments/lstm_seed/runs/tf_180_mf_3p0_seed_0/last_model_1.pth
2026-05-14 15:09:33,451 INFO src.train.trainer: Epoch 112
2026-05-14 15:09:33,822 INFO src.train.trainer: New best validation loss: 0.0398, saved to /root/autodl-tmp/em_eqf/experiments/lstm_seed/runs/tf_180_mf_3p0_seed_0/best_model_1.pth
2026-05-14 15:09:33,878 INFO src.train.trainer: Last model at epoch 112 saved to /root/autodl-tmp/em_eqf/experiments/lstm_seed/runs/tf_180_mf_3p0_seed_0/last_model_1.pth
2026-05-14 15:09:33,878 INFO src.train.trainer: Epoch 113
2026-05-14 15:09:34,248 INFO src.train.trainer: Last model at epoch 113 saved to /root/autodl-tmp/em_eqf/experiments/lstm_seed/runs/tf_180_mf_3p0_seed_0/last_model_1.pth
2026-05-14 15:09:34,248 INFO src.train.trainer: Epoch 114
2026-05-14 15:09:34,649 INFO src.train.trainer: Last model at epoch 114 saved to /root/autodl-tmp/em_eqf/experiments/lstm_seed/runs/tf_180_mf_3p0_seed_0/last_model_1.pth
2026-05-14 15:09:34,650 INFO src.train.trainer: Epoch 115
2026-05-14 15:09:35,073 INFO src.train.trainer: Last model at epoch 115 saved to /root/autodl-tmp/em_eqf/experiments/lstm_seed/runs/tf_180_mf_3p0_seed_0/last_model_1.pth
2026-05-14 15:09:35,074 INFO src.train.trainer: Epoch 116
2026-05-14 15:09:35,454 INFO src.train.trainer: Last model at epoch 116 saved to /root/autodl-tmp/em_eqf/experiments/lstm_seed/runs/tf_180_mf_3p0_seed_0/last_model_1.pth
2026-05-14 15:09:35,455 INFO src.train.trainer: Epoch 117
2026-05-14 15:09:35,855 INFO src.train.trainer: Last model at epoch 117 saved to /root/autodl-tmp/em_eqf/experiments/lstm_seed/runs/tf_180_mf_3p0_seed_0/last_model_1.pth
2026-05-14 15:09:35,856 INFO src.train.trainer: Epoch 118
2026-05-14 15:09:36,233 INFO src.train.trainer: Last model at epoch 118 saved to /root/autodl-tmp/em_eqf/experiments/lstm_seed/runs/tf_180_mf_3p0_seed_0/last_model_1.pth
2026-05-14 15:09:36,233 INFO src.train.trainer: Epoch 119
2026-05-14 15:09:36,634 INFO src.train.trainer: Last model at epoch 119 saved to /root/autodl-tmp/em_eqf/experiments/lstm_seed/runs/tf_180_mf_3p0_seed_0/last_model_1.pth
2026-05-14 15:09:36,634 INFO src.train.trainer: Epoch 120
2026-05-14 15:09:37,024 INFO src.train.trainer: Last model at epoch 120 saved to /root/autodl-tmp/em_eqf/experiments/lstm_seed/runs/tf_180_mf_3p0_seed_0/last_model_1.pth
2026-05-14 15:09:37,025 INFO src.train.trainer: Epoch 121
2026-05-14 15:09:37,413 INFO src.train.trainer: Last model at epoch 121 saved to /root/autodl-tmp/em_eqf/experiments/lstm_seed/runs/tf_180_mf_3p0_seed_0/last_model_1.pth
2026-05-14 15:09:37,414 INFO src.train.trainer: Epoch 122
2026-05-14 15:09:37,814 INFO src.train.trainer: Last model at epoch 122 saved to /root/autodl-tmp/em_eqf/experiments/lstm_seed/runs/tf_180_mf_3p0_seed_0/last_model_1.pth
2026-05-14 15:09:37,814 INFO src.train.trainer: Epoch 123
2026-05-14 15:09:38,214 INFO src.train.trainer: Last model at epoch 123 saved to /root/autodl-tmp/em_eqf/experiments/lstm_seed/runs/tf_180_mf_3p0_seed_0/last_model_1.pth
2026-05-14 15:09:38,214 INFO src.train.trainer: Epoch 124
2026-05-14 15:09:38,601 INFO src.train.trainer: Last model at epoch 124 saved to /root/autodl-tmp/em_eqf/experiments/lstm_seed/runs/tf_180_mf_3p0_seed_0/last_model_1.pth
2026-05-14 15:09:38,602 INFO src.train.trainer: Epoch 125
2026-05-14 15:09:38,994 INFO src.train.trainer: Last model at epoch 125 saved to /root/autodl-tmp/em_eqf/experiments/lstm_seed/runs/tf_180_mf_3p0_seed_0/last_model_1.pth
2026-05-14 15:09:38,994 INFO src.train.trainer: Epoch 126
2026-05-14 15:09:39,369 INFO src.train.trainer: Last model at epoch 126 saved to /root/autodl-tmp/em_eqf/experiments/lstm_seed/runs/tf_180_mf_3p0_seed_0/last_model_1.pth
2026-05-14 15:09:39,369 INFO src.train.trainer: Epoch 127
2026-05-14 15:09:39,746 INFO src.train.trainer: Last model at epoch 127 saved to /root/autodl-tmp/em_eqf/experiments/lstm_seed/runs/tf_180_mf_3p0_seed_0/last_model_1.pth
2026-05-14 15:09:39,747 INFO src.train.trainer: Epoch 128
2026-05-14 15:09:40,133 INFO src.train.trainer: Last model at epoch 128 saved to /root/autodl-tmp/em_eqf/experiments/lstm_seed/runs/tf_180_mf_3p0_seed_0/last_model_1.pth
2026-05-14 15:09:40,133 INFO src.train.trainer: Epoch 129
2026-05-14 15:09:40,545 INFO src.train.trainer: Last model at epoch 129 saved to /root/autodl-tmp/em_eqf/experiments/lstm_seed/runs/tf_180_mf_3p0_seed_0/last_model_1.pth
2026-05-14 15:09:40,545 INFO src.train.trainer: Epoch 130
2026-05-14 15:09:40,944 INFO src.train.trainer: Last model at epoch 130 saved to /root/autodl-tmp/em_eqf/experiments/lstm_seed/runs/tf_180_mf_3p0_seed_0/last_model_1.pth
2026-05-14 15:09:40,944 INFO src.train.trainer: Epoch 131
2026-05-14 15:09:41,365 INFO src.train.trainer: Last model at epoch 131 saved to /root/autodl-tmp/em_eqf/experiments/lstm_seed/runs/tf_180_mf_3p0_seed_0/last_model_1.pth
2026-05-14 15:09:41,365 INFO src.train.trainer: Epoch 132
2026-05-14 15:09:41,766 INFO src.train.trainer: Last model at epoch 132 saved to /root/autodl-tmp/em_eqf/experiments/lstm_seed/runs/tf_180_mf_3p0_seed_0/last_model_1.pth
2026-05-14 15:09:41,766 INFO src.train.trainer: Epoch 133
2026-05-14 15:09:42,182 INFO src.train.trainer: Last model at epoch 133 saved to /root/autodl-tmp/em_eqf/experiments/lstm_seed/runs/tf_180_mf_3p0_seed_0/last_model_1.pth
2026-05-14 15:09:42,183 INFO src.train.trainer: Epoch 134
2026-05-14 15:09:42,569 INFO src.train.trainer: Last model at epoch 134 saved to /root/autodl-tmp/em_eqf/experiments/lstm_seed/runs/tf_180_mf_3p0_seed_0/last_model_1.pth
2026-05-14 15:09:42,570 INFO src.train.trainer: Epoch 135
2026-05-14 15:09:42,888 INFO src.train.trainer: Last model at epoch 135 saved to /root/autodl-tmp/em_eqf/experiments/lstm_seed/runs/tf_180_mf_3p0_seed_0/last_model_1.pth
2026-05-14 15:09:42,888 INFO src.train.trainer: Epoch 136
2026-05-14 15:09:43,183 INFO src.train.trainer: Last model at epoch 136 saved to /root/autodl-tmp/em_eqf/experiments/lstm_seed/runs/tf_180_mf_3p0_seed_0/last_model_1.pth
2026-05-14 15:09:43,184 INFO src.train.trainer: Epoch 137
2026-05-14 15:09:43,539 INFO src.train.trainer: Last model at epoch 137 saved to /root/autodl-tmp/em_eqf/experiments/lstm_seed/runs/tf_180_mf_3p0_seed_0/last_model_1.pth
2026-05-14 15:09:43,539 INFO src.train.trainer: Epoch 138
2026-05-14 15:09:43,940 INFO src.train.trainer: Last model at epoch 138 saved to /root/autodl-tmp/em_eqf/experiments/lstm_seed/runs/tf_180_mf_3p0_seed_0/last_model_1.pth
2026-05-14 15:09:43,940 INFO src.train.trainer: Epoch 139
2026-05-14 15:09:44,360 INFO src.train.trainer: Last model at epoch 139 saved to /root/autodl-tmp/em_eqf/experiments/lstm_seed/runs/tf_180_mf_3p0_seed_0/last_model_1.pth
2026-05-14 15:09:44,360 INFO src.train.trainer: Epoch 140
2026-05-14 15:09:44,773 INFO src.train.trainer: Last model at epoch 140 saved to /root/autodl-tmp/em_eqf/experiments/lstm_seed/runs/tf_180_mf_3p0_seed_0/last_model_1.pth
2026-05-14 15:09:44,773 INFO src.train.trainer: Epoch 141
2026-05-14 15:09:45,209 INFO src.train.trainer: Last model at epoch 141 saved to /root/autodl-tmp/em_eqf/experiments/lstm_seed/runs/tf_180_mf_3p0_seed_0/last_model_1.pth
2026-05-14 15:09:45,209 INFO src.train.trainer: Epoch 142
2026-05-14 15:09:45,615 INFO src.train.trainer: Last model at epoch 142 saved to /root/autodl-tmp/em_eqf/experiments/lstm_seed/runs/tf_180_mf_3p0_seed_0/last_model_1.pth
2026-05-14 15:09:45,616 INFO src.train.trainer: Epoch 143
2026-05-14 15:09:46,009 INFO src.train.trainer: Last model at epoch 143 saved to /root/autodl-tmp/em_eqf/experiments/lstm_seed/runs/tf_180_mf_3p0_seed_0/last_model_1.pth
2026-05-14 15:09:46,009 INFO src.train.trainer: Epoch 144
2026-05-14 15:09:46,440 INFO src.train.trainer: Last model at epoch 144 saved to /root/autodl-tmp/em_eqf/experiments/lstm_seed/runs/tf_180_mf_3p0_seed_0/last_model_1.pth
2026-05-14 15:09:46,440 INFO src.train.trainer: Epoch 145
2026-05-14 15:09:46,855 INFO src.train.trainer: Last model at epoch 145 saved to /root/autodl-tmp/em_eqf/experiments/lstm_seed/runs/tf_180_mf_3p0_seed_0/last_model_1.pth
2026-05-14 15:09:46,855 INFO src.train.trainer: Epoch 146
2026-05-14 15:09:47,257 INFO src.train.trainer: Last model at epoch 146 saved to /root/autodl-tmp/em_eqf/experiments/lstm_seed/runs/tf_180_mf_3p0_seed_0/last_model_1.pth
2026-05-14 15:09:47,257 INFO src.train.trainer: Epoch 147
2026-05-14 15:09:47,686 INFO src.train.trainer: Last model at epoch 147 saved to /root/autodl-tmp/em_eqf/experiments/lstm_seed/runs/tf_180_mf_3p0_seed_0/last_model_1.pth
2026-05-14 15:09:47,686 INFO src.train.trainer: Epoch 148
2026-05-14 15:09:48,109 INFO src.train.trainer: Last model at epoch 148 saved to /root/autodl-tmp/em_eqf/experiments/lstm_seed/runs/tf_180_mf_3p0_seed_0/last_model_1.pth
2026-05-14 15:09:48,109 INFO src.train.trainer: Epoch 149
2026-05-14 15:09:48,533 INFO src.train.trainer: Last model at epoch 149 saved to /root/autodl-tmp/em_eqf/experiments/lstm_seed/runs/tf_180_mf_3p0_seed_0/last_model_1.pth
2026-05-14 15:09:48,534 INFO src.train.trainer: Epoch 150
2026-05-14 15:09:48,952 INFO src.train.trainer: Last model at epoch 150 saved to /root/autodl-tmp/em_eqf/experiments/lstm_seed/runs/tf_180_mf_3p0_seed_0/last_model_1.pth
2026-05-14 15:09:48,952 INFO src.train.trainer: Epoch 151
2026-05-14 15:09:49,299 INFO src.train.trainer: Last model at epoch 151 saved to /root/autodl-tmp/em_eqf/experiments/lstm_seed/runs/tf_180_mf_3p0_seed_0/last_model_1.pth
2026-05-14 15:09:49,299 INFO src.train.trainer: Epoch 152
2026-05-14 15:09:49,669 INFO src.train.trainer: Last model at epoch 152 saved to /root/autodl-tmp/em_eqf/experiments/lstm_seed/runs/tf_180_mf_3p0_seed_0/last_model_1.pth
2026-05-14 15:09:49,670 INFO src.train.trainer: Epoch 153
2026-05-14 15:09:50,069 INFO src.train.trainer: Last model at epoch 153 saved to /root/autodl-tmp/em_eqf/experiments/lstm_seed/runs/tf_180_mf_3p0_seed_0/last_model_1.pth
2026-05-14 15:09:50,070 INFO src.train.trainer: Epoch 154
2026-05-14 15:09:50,531 INFO src.train.trainer: Last model at epoch 154 saved to /root/autodl-tmp/em_eqf/experiments/lstm_seed/runs/tf_180_mf_3p0_seed_0/last_model_1.pth
2026-05-14 15:09:50,531 INFO src.train.trainer: Epoch 155
2026-05-14 15:09:50,998 INFO src.train.trainer: Last model at epoch 155 saved to /root/autodl-tmp/em_eqf/experiments/lstm_seed/runs/tf_180_mf_3p0_seed_0/last_model_1.pth
2026-05-14 15:09:50,999 INFO src.train.trainer: Epoch 156
2026-05-14 15:09:51,346 INFO src.train.trainer: Last model at epoch 156 saved to /root/autodl-tmp/em_eqf/experiments/lstm_seed/runs/tf_180_mf_3p0_seed_0/last_model_1.pth
2026-05-14 15:09:51,346 INFO src.train.trainer: Epoch 157
2026-05-14 15:09:51,668 INFO src.train.trainer: Last model at epoch 157 saved to /root/autodl-tmp/em_eqf/experiments/lstm_seed/runs/tf_180_mf_3p0_seed_0/last_model_1.pth
2026-05-14 15:09:51,668 INFO src.train.trainer: Epoch 158
2026-05-14 15:09:52,029 INFO src.train.trainer: New best validation loss: 0.0377, saved to /root/autodl-tmp/em_eqf/experiments/lstm_seed/runs/tf_180_mf_3p0_seed_0/best_model_1.pth
2026-05-14 15:09:52,068 INFO src.train.trainer: Last model at epoch 158 saved to /root/autodl-tmp/em_eqf/experiments/lstm_seed/runs/tf_180_mf_3p0_seed_0/last_model_1.pth
2026-05-14 15:09:52,068 INFO src.train.trainer: Epoch 159
2026-05-14 15:09:52,461 INFO src.train.trainer: Last model at epoch 159 saved to /root/autodl-tmp/em_eqf/experiments/lstm_seed/runs/tf_180_mf_3p0_seed_0/last_model_1.pth
2026-05-14 15:09:52,462 INFO src.train.trainer: Epoch 160
2026-05-14 15:09:52,877 INFO src.train.trainer: Last model at epoch 160 saved to /root/autodl-tmp/em_eqf/experiments/lstm_seed/runs/tf_180_mf_3p0_seed_0/last_model_1.pth
2026-05-14 15:09:52,877 INFO src.train.trainer: Epoch 161
2026-05-14 15:09:53,286 INFO src.train.trainer: Last model at epoch 161 saved to /root/autodl-tmp/em_eqf/experiments/lstm_seed/runs/tf_180_mf_3p0_seed_0/last_model_1.pth
2026-05-14 15:09:53,287 INFO src.train.trainer: Epoch 162
2026-05-14 15:09:53,701 INFO src.train.trainer: Last model at epoch 162 saved to /root/autodl-tmp/em_eqf/experiments/lstm_seed/runs/tf_180_mf_3p0_seed_0/last_model_1.pth
2026-05-14 15:09:53,702 INFO src.train.trainer: Epoch 163
2026-05-14 15:09:54,109 INFO src.train.trainer: Last model at epoch 163 saved to /root/autodl-tmp/em_eqf/experiments/lstm_seed/runs/tf_180_mf_3p0_seed_0/last_model_1.pth
2026-05-14 15:09:54,109 INFO src.train.trainer: Epoch 164
2026-05-14 15:09:54,524 INFO src.train.trainer: Last model at epoch 164 saved to /root/autodl-tmp/em_eqf/experiments/lstm_seed/runs/tf_180_mf_3p0_seed_0/last_model_1.pth
2026-05-14 15:09:54,525 INFO src.train.trainer: Epoch 165
2026-05-14 15:09:54,937 INFO src.train.trainer: Last model at epoch 165 saved to /root/autodl-tmp/em_eqf/experiments/lstm_seed/runs/tf_180_mf_3p0_seed_0/last_model_1.pth
2026-05-14 15:09:54,937 INFO src.train.trainer: Epoch 166
2026-05-14 15:09:55,356 INFO src.train.trainer: Last model at epoch 166 saved to /root/autodl-tmp/em_eqf/experiments/lstm_seed/runs/tf_180_mf_3p0_seed_0/last_model_1.pth
2026-05-14 15:09:55,357 INFO src.train.trainer: Epoch 167
2026-05-14 15:09:55,770 INFO src.train.trainer: Last model at epoch 167 saved to /root/autodl-tmp/em_eqf/experiments/lstm_seed/runs/tf_180_mf_3p0_seed_0/last_model_1.pth
2026-05-14 15:09:55,770 INFO src.train.trainer: Epoch 168
2026-05-14 15:09:56,198 INFO src.train.trainer: Last model at epoch 168 saved to /root/autodl-tmp/em_eqf/experiments/lstm_seed/runs/tf_180_mf_3p0_seed_0/last_model_1.pth
2026-05-14 15:09:56,198 INFO src.train.trainer: Epoch 169
2026-05-14 15:09:56,605 INFO src.train.trainer: Last model at epoch 169 saved to /root/autodl-tmp/em_eqf/experiments/lstm_seed/runs/tf_180_mf_3p0_seed_0/last_model_1.pth
2026-05-14 15:09:56,605 INFO src.train.trainer: Epoch 170
2026-05-14 15:09:57,012 INFO src.train.trainer: Last model at epoch 170 saved to /root/autodl-tmp/em_eqf/experiments/lstm_seed/runs/tf_180_mf_3p0_seed_0/last_model_1.pth
2026-05-14 15:09:57,013 INFO src.train.trainer: Epoch 171
2026-05-14 15:09:57,415 INFO src.train.trainer: Last model at epoch 171 saved to /root/autodl-tmp/em_eqf/experiments/lstm_seed/runs/tf_180_mf_3p0_seed_0/last_model_1.pth
2026-05-14 15:09:57,416 INFO src.train.trainer: Epoch 172
2026-05-14 15:09:57,819 INFO src.train.trainer: Last model at epoch 172 saved to /root/autodl-tmp/em_eqf/experiments/lstm_seed/runs/tf_180_mf_3p0_seed_0/last_model_1.pth
2026-05-14 15:09:57,819 INFO src.train.trainer: Epoch 173
2026-05-14 15:09:58,233 INFO src.train.trainer: Last model at epoch 173 saved to /root/autodl-tmp/em_eqf/experiments/lstm_seed/runs/tf_180_mf_3p0_seed_0/last_model_1.pth
2026-05-14 15:09:58,233 INFO src.train.trainer: Epoch 174
2026-05-14 15:09:58,639 INFO src.train.trainer: Last model at epoch 174 saved to /root/autodl-tmp/em_eqf/experiments/lstm_seed/runs/tf_180_mf_3p0_seed_0/last_model_1.pth
2026-05-14 15:09:58,639 INFO src.train.trainer: Epoch 175
2026-05-14 15:09:59,037 INFO src.train.trainer: Last model at epoch 175 saved to /root/autodl-tmp/em_eqf/experiments/lstm_seed/runs/tf_180_mf_3p0_seed_0/last_model_1.pth
2026-05-14 15:09:59,037 INFO src.train.trainer: Epoch 176
2026-05-14 15:09:59,434 INFO src.train.trainer: Last model at epoch 176 saved to /root/autodl-tmp/em_eqf/experiments/lstm_seed/runs/tf_180_mf_3p0_seed_0/last_model_1.pth
2026-05-14 15:09:59,434 INFO src.train.trainer: Epoch 177
2026-05-14 15:09:59,826 INFO src.train.trainer: Last model at epoch 177 saved to /root/autodl-tmp/em_eqf/experiments/lstm_seed/runs/tf_180_mf_3p0_seed_0/last_model_1.pth
2026-05-14 15:09:59,827 INFO src.train.trainer: Epoch 178
2026-05-14 15:10:00,260 INFO src.train.trainer: Last model at epoch 178 saved to /root/autodl-tmp/em_eqf/experiments/lstm_seed/runs/tf_180_mf_3p0_seed_0/last_model_1.pth
2026-05-14 15:10:00,260 INFO src.train.trainer: Epoch 179
2026-05-14 15:10:00,671 INFO src.train.trainer: Last model at epoch 179 saved to /root/autodl-tmp/em_eqf/experiments/lstm_seed/runs/tf_180_mf_3p0_seed_0/last_model_1.pth
2026-05-14 15:10:00,672 INFO src.train.trainer: Epoch 180
2026-05-14 15:10:01,089 INFO src.train.trainer: Last model at epoch 180 saved to /root/autodl-tmp/em_eqf/experiments/lstm_seed/runs/tf_180_mf_3p0_seed_0/last_model_1.pth
2026-05-14 15:10:01,090 INFO src.train.trainer: Epoch 181
2026-05-14 15:10:01,463 INFO src.train.trainer: Last model at epoch 181 saved to /root/autodl-tmp/em_eqf/experiments/lstm_seed/runs/tf_180_mf_3p0_seed_0/last_model_1.pth
2026-05-14 15:10:01,463 INFO src.train.trainer: Epoch 182
2026-05-14 15:10:02,284 INFO src.train.trainer: Last model at epoch 182 saved to /root/autodl-tmp/em_eqf/experiments/lstm_seed/runs/tf_180_mf_3p0_seed_0/last_model_1.pth
2026-05-14 15:10:02,285 INFO src.train.trainer: Epoch 183
2026-05-14 15:10:02,710 INFO src.train.trainer: Last model at epoch 183 saved to /root/autodl-tmp/em_eqf/experiments/lstm_seed/runs/tf_180_mf_3p0_seed_0/last_model_1.pth
2026-05-14 15:10:02,711 INFO src.train.trainer: Epoch 184
2026-05-14 15:10:03,129 INFO src.train.trainer: Last model at epoch 184 saved to /root/autodl-tmp/em_eqf/experiments/lstm_seed/runs/tf_180_mf_3p0_seed_0/last_model_1.pth
2026-05-14 15:10:03,130 INFO src.train.trainer: Epoch 185
2026-05-14 15:10:03,535 INFO src.train.trainer: Last model at epoch 185 saved to /root/autodl-tmp/em_eqf/experiments/lstm_seed/runs/tf_180_mf_3p0_seed_0/last_model_1.pth
2026-05-14 15:10:03,535 INFO src.train.trainer: Epoch 186
2026-05-14 15:10:03,938 INFO src.train.trainer: Last model at epoch 186 saved to /root/autodl-tmp/em_eqf/experiments/lstm_seed/runs/tf_180_mf_3p0_seed_0/last_model_1.pth
2026-05-14 15:10:03,939 INFO src.train.trainer: Epoch 187
2026-05-14 15:10:04,350 INFO src.train.trainer: Last model at epoch 187 saved to /root/autodl-tmp/em_eqf/experiments/lstm_seed/runs/tf_180_mf_3p0_seed_0/last_model_1.pth
2026-05-14 15:10:04,351 INFO src.train.trainer: Epoch 188
2026-05-14 15:10:04,756 INFO src.train.trainer: Last model at epoch 188 saved to /root/autodl-tmp/em_eqf/experiments/lstm_seed/runs/tf_180_mf_3p0_seed_0/last_model_1.pth
2026-05-14 15:10:04,757 INFO src.train.trainer: Epoch 189
2026-05-14 15:10:05,169 INFO src.train.trainer: Last model at epoch 189 saved to /root/autodl-tmp/em_eqf/experiments/lstm_seed/runs/tf_180_mf_3p0_seed_0/last_model_1.pth
2026-05-14 15:10:05,170 INFO src.train.trainer: Epoch 190
2026-05-14 15:10:05,583 INFO src.train.trainer: Last model at epoch 190 saved to /root/autodl-tmp/em_eqf/experiments/lstm_seed/runs/tf_180_mf_3p0_seed_0/last_model_1.pth
2026-05-14 15:10:05,583 INFO src.train.trainer: Epoch 191
2026-05-14 15:10:05,990 INFO src.train.trainer: Last model at epoch 191 saved to /root/autodl-tmp/em_eqf/experiments/lstm_seed/runs/tf_180_mf_3p0_seed_0/last_model_1.pth
2026-05-14 15:10:05,991 INFO src.train.trainer: Epoch 192
2026-05-14 15:10:06,393 INFO src.train.trainer: Last model at epoch 192 saved to /root/autodl-tmp/em_eqf/experiments/lstm_seed/runs/tf_180_mf_3p0_seed_0/last_model_1.pth
2026-05-14 15:10:06,393 INFO src.train.trainer: Epoch 193
2026-05-14 15:10:06,799 INFO src.train.trainer: Last model at epoch 193 saved to /root/autodl-tmp/em_eqf/experiments/lstm_seed/runs/tf_180_mf_3p0_seed_0/last_model_1.pth
2026-05-14 15:10:06,799 INFO src.train.trainer: Epoch 194
2026-05-14 15:10:07,202 INFO src.train.trainer: Last model at epoch 194 saved to /root/autodl-tmp/em_eqf/experiments/lstm_seed/runs/tf_180_mf_3p0_seed_0/last_model_1.pth
2026-05-14 15:10:07,202 INFO src.train.trainer: Epoch 195
2026-05-14 15:10:07,605 INFO src.train.trainer: Last model at epoch 195 saved to /root/autodl-tmp/em_eqf/experiments/lstm_seed/runs/tf_180_mf_3p0_seed_0/last_model_1.pth
2026-05-14 15:10:07,605 INFO src.train.trainer: Epoch 196
2026-05-14 15:10:08,019 INFO src.train.trainer: Last model at epoch 196 saved to /root/autodl-tmp/em_eqf/experiments/lstm_seed/runs/tf_180_mf_3p0_seed_0/last_model_1.pth
2026-05-14 15:10:08,019 INFO src.train.trainer: Epoch 197
2026-05-14 15:10:08,427 INFO src.train.trainer: Last model at epoch 197 saved to /root/autodl-tmp/em_eqf/experiments/lstm_seed/runs/tf_180_mf_3p0_seed_0/last_model_1.pth
2026-05-14 15:10:08,428 INFO src.train.trainer: Epoch 198
2026-05-14 15:10:08,829 INFO src.train.trainer: Last model at epoch 198 saved to /root/autodl-tmp/em_eqf/experiments/lstm_seed/runs/tf_180_mf_3p0_seed_0/last_model_1.pth
2026-05-14 15:10:08,830 INFO src.train.trainer: Epoch 199
2026-05-14 15:10:09,236 INFO src.train.trainer: Last model at epoch 199 saved to /root/autodl-tmp/em_eqf/experiments/lstm_seed/runs/tf_180_mf_3p0_seed_0/last_model_1.pth
2026-05-14 15:10:09,236 INFO src.train.trainer: Epoch 200
2026-05-14 15:10:09,642 INFO src.train.trainer: Last model at epoch 200 saved to /root/autodl-tmp/em_eqf/experiments/lstm_seed/runs/tf_180_mf_3p0_seed_0/last_model_1.pth
2026-05-14 15:10:09,643 INFO src.train.trainer: Epoch 201
2026-05-14 15:10:10,062 INFO src.train.trainer: Last model at epoch 201 saved to /root/autodl-tmp/em_eqf/experiments/lstm_seed/runs/tf_180_mf_3p0_seed_0/last_model_1.pth
2026-05-14 15:10:10,062 INFO src.train.trainer: Epoch 202
2026-05-14 15:10:10,451 INFO src.train.trainer: Last model at epoch 202 saved to /root/autodl-tmp/em_eqf/experiments/lstm_seed/runs/tf_180_mf_3p0_seed_0/last_model_1.pth
2026-05-14 15:10:10,452 INFO src.train.trainer: Epoch 203
2026-05-14 15:10:10,862 INFO src.train.trainer: Last model at epoch 203 saved to /root/autodl-tmp/em_eqf/experiments/lstm_seed/runs/tf_180_mf_3p0_seed_0/last_model_1.pth
2026-05-14 15:10:10,863 INFO src.train.trainer: Epoch 204
2026-05-14 15:10:11,268 INFO src.train.trainer: Last model at epoch 204 saved to /root/autodl-tmp/em_eqf/experiments/lstm_seed/runs/tf_180_mf_3p0_seed_0/last_model_1.pth
2026-05-14 15:10:11,268 INFO src.train.trainer: Epoch 205
2026-05-14 15:10:11,680 INFO src.train.trainer: Last model at epoch 205 saved to /root/autodl-tmp/em_eqf/experiments/lstm_seed/runs/tf_180_mf_3p0_seed_0/last_model_1.pth
2026-05-14 15:10:11,681 INFO src.train.trainer: Epoch 206
2026-05-14 15:10:12,032 INFO src.train.trainer: Last model at epoch 206 saved to /root/autodl-tmp/em_eqf/experiments/lstm_seed/runs/tf_180_mf_3p0_seed_0/last_model_1.pth
2026-05-14 15:10:12,032 INFO src.train.trainer: Epoch 207
2026-05-14 15:10:12,435 INFO src.train.trainer: Last model at epoch 207 saved to /root/autodl-tmp/em_eqf/experiments/lstm_seed/runs/tf_180_mf_3p0_seed_0/last_model_1.pth
2026-05-14 15:10:12,435 INFO src.train.trainer: Epoch 208
2026-05-14 15:10:12,816 INFO src.train.trainer: Last model at epoch 208 saved to /root/autodl-tmp/em_eqf/experiments/lstm_seed/runs/tf_180_mf_3p0_seed_0/last_model_1.pth
2026-05-14 15:10:12,817 INFO src.train.trainer: Epoch 209
2026-05-14 15:10:13,187 INFO src.train.trainer: Last model at epoch 209 saved to /root/autodl-tmp/em_eqf/experiments/lstm_seed/runs/tf_180_mf_3p0_seed_0/last_model_1.pth
2026-05-14 15:10:13,187 INFO src.train.trainer: Epoch 210
2026-05-14 15:10:13,568 INFO src.train.trainer: Last model at epoch 210 saved to /root/autodl-tmp/em_eqf/experiments/lstm_seed/runs/tf_180_mf_3p0_seed_0/last_model_1.pth
2026-05-14 15:10:13,569 INFO src.train.trainer: Epoch 211
2026-05-14 15:10:13,987 INFO src.train.trainer: Last model at epoch 211 saved to /root/autodl-tmp/em_eqf/experiments/lstm_seed/runs/tf_180_mf_3p0_seed_0/last_model_1.pth
2026-05-14 15:10:13,988 INFO src.train.trainer: Epoch 212
2026-05-14 15:10:14,387 INFO src.train.trainer: Last model at epoch 212 saved to /root/autodl-tmp/em_eqf/experiments/lstm_seed/runs/tf_180_mf_3p0_seed_0/last_model_1.pth
2026-05-14 15:10:14,387 INFO src.train.trainer: Epoch 213
2026-05-14 15:10:14,790 INFO src.train.trainer: Last model at epoch 213 saved to /root/autodl-tmp/em_eqf/experiments/lstm_seed/runs/tf_180_mf_3p0_seed_0/last_model_1.pth
2026-05-14 15:10:14,791 INFO src.train.trainer: Epoch 214
2026-05-14 15:10:15,232 INFO src.train.trainer: Last model at epoch 214 saved to /root/autodl-tmp/em_eqf/experiments/lstm_seed/runs/tf_180_mf_3p0_seed_0/last_model_1.pth
2026-05-14 15:10:15,232 INFO src.train.trainer: Epoch 215
2026-05-14 15:10:15,632 INFO src.train.trainer: Last model at epoch 215 saved to /root/autodl-tmp/em_eqf/experiments/lstm_seed/runs/tf_180_mf_3p0_seed_0/last_model_1.pth
2026-05-14 15:10:15,632 INFO src.train.trainer: Epoch 216
2026-05-14 15:10:16,041 INFO src.train.trainer: Last model at epoch 216 saved to /root/autodl-tmp/em_eqf/experiments/lstm_seed/runs/tf_180_mf_3p0_seed_0/last_model_1.pth
2026-05-14 15:10:16,041 INFO src.train.trainer: Epoch 217
2026-05-14 15:10:16,445 INFO src.train.trainer: Last model at epoch 217 saved to /root/autodl-tmp/em_eqf/experiments/lstm_seed/runs/tf_180_mf_3p0_seed_0/last_model_1.pth
2026-05-14 15:10:16,445 INFO src.train.trainer: Epoch 218
2026-05-14 15:10:16,826 INFO src.train.trainer: Last model at epoch 218 saved to /root/autodl-tmp/em_eqf/experiments/lstm_seed/runs/tf_180_mf_3p0_seed_0/last_model_1.pth
2026-05-14 15:10:16,826 INFO src.train.trainer: Epoch 219
2026-05-14 15:10:17,216 INFO src.train.trainer: Last model at epoch 219 saved to /root/autodl-tmp/em_eqf/experiments/lstm_seed/runs/tf_180_mf_3p0_seed_0/last_model_1.pth
2026-05-14 15:10:17,216 INFO src.train.trainer: Epoch 220
2026-05-14 15:10:17,628 INFO src.train.trainer: Last model at epoch 220 saved to /root/autodl-tmp/em_eqf/experiments/lstm_seed/runs/tf_180_mf_3p0_seed_0/last_model_1.pth
2026-05-14 15:10:17,628 INFO src.train.trainer: Epoch 221
2026-05-14 15:10:18,536 INFO src.train.trainer: Last model at epoch 221 saved to /root/autodl-tmp/em_eqf/experiments/lstm_seed/runs/tf_180_mf_3p0_seed_0/last_model_1.pth
2026-05-14 15:10:18,536 INFO src.train.trainer: Epoch 222
2026-05-14 15:10:18,968 INFO src.train.trainer: Last model at epoch 222 saved to /root/autodl-tmp/em_eqf/experiments/lstm_seed/runs/tf_180_mf_3p0_seed_0/last_model_1.pth
2026-05-14 15:10:18,968 INFO src.train.trainer: Epoch 223
2026-05-14 15:10:19,388 INFO src.train.trainer: Last model at epoch 223 saved to /root/autodl-tmp/em_eqf/experiments/lstm_seed/runs/tf_180_mf_3p0_seed_0/last_model_1.pth
2026-05-14 15:10:19,388 INFO src.train.trainer: Epoch 224
2026-05-14 15:10:19,806 INFO src.train.trainer: Last model at epoch 224 saved to /root/autodl-tmp/em_eqf/experiments/lstm_seed/runs/tf_180_mf_3p0_seed_0/last_model_1.pth
2026-05-14 15:10:19,806 INFO src.train.trainer: Epoch 225
2026-05-14 15:10:20,220 INFO src.train.trainer: Last model at epoch 225 saved to /root/autodl-tmp/em_eqf/experiments/lstm_seed/runs/tf_180_mf_3p0_seed_0/last_model_1.pth
2026-05-14 15:10:20,220 INFO src.train.trainer: Epoch 226
2026-05-14 15:10:20,626 INFO src.train.trainer: Last model at epoch 226 saved to /root/autodl-tmp/em_eqf/experiments/lstm_seed/runs/tf_180_mf_3p0_seed_0/last_model_1.pth
2026-05-14 15:10:20,626 INFO src.train.trainer: Epoch 227
2026-05-14 15:10:21,023 INFO src.train.trainer: Last model at epoch 227 saved to /root/autodl-tmp/em_eqf/experiments/lstm_seed/runs/tf_180_mf_3p0_seed_0/last_model_1.pth
2026-05-14 15:10:21,023 INFO src.train.trainer: Epoch 228
2026-05-14 15:10:21,433 INFO src.train.trainer: Last model at epoch 228 saved to /root/autodl-tmp/em_eqf/experiments/lstm_seed/runs/tf_180_mf_3p0_seed_0/last_model_1.pth
2026-05-14 15:10:21,433 INFO src.train.trainer: Epoch 229
2026-05-14 15:10:21,837 INFO src.train.trainer: Last model at epoch 229 saved to /root/autodl-tmp/em_eqf/experiments/lstm_seed/runs/tf_180_mf_3p0_seed_0/last_model_1.pth
2026-05-14 15:10:21,838 INFO src.train.trainer: Epoch 230
2026-05-14 15:10:22,191 INFO src.train.trainer: Last model at epoch 230 saved to /root/autodl-tmp/em_eqf/experiments/lstm_seed/runs/tf_180_mf_3p0_seed_0/last_model_1.pth
2026-05-14 15:10:22,191 INFO src.train.trainer: Epoch 231
2026-05-14 15:10:22,596 INFO src.train.trainer: Last model at epoch 231 saved to /root/autodl-tmp/em_eqf/experiments/lstm_seed/runs/tf_180_mf_3p0_seed_0/last_model_1.pth
2026-05-14 15:10:22,597 INFO src.train.trainer: Epoch 232
2026-05-14 15:10:22,959 INFO src.train.trainer: Last model at epoch 232 saved to /root/autodl-tmp/em_eqf/experiments/lstm_seed/runs/tf_180_mf_3p0_seed_0/last_model_1.pth
2026-05-14 15:10:22,960 INFO src.train.trainer: Epoch 233
2026-05-14 15:10:23,361 INFO src.train.trainer: Last model at epoch 233 saved to /root/autodl-tmp/em_eqf/experiments/lstm_seed/runs/tf_180_mf_3p0_seed_0/last_model_1.pth
2026-05-14 15:10:23,361 INFO src.train.trainer: Epoch 234
2026-05-14 15:10:23,777 INFO src.train.trainer: Last model at epoch 234 saved to /root/autodl-tmp/em_eqf/experiments/lstm_seed/runs/tf_180_mf_3p0_seed_0/last_model_1.pth
2026-05-14 15:10:23,777 INFO src.train.trainer: Epoch 235
2026-05-14 15:10:24,423 INFO src.train.trainer: Last model at epoch 235 saved to /root/autodl-tmp/em_eqf/experiments/lstm_seed/runs/tf_180_mf_3p0_seed_0/last_model_1.pth
2026-05-14 15:10:24,423 INFO src.train.trainer: Epoch 236
2026-05-14 15:10:24,877 INFO src.train.trainer: Last model at epoch 236 saved to /root/autodl-tmp/em_eqf/experiments/lstm_seed/runs/tf_180_mf_3p0_seed_0/last_model_1.pth
2026-05-14 15:10:24,877 INFO src.train.trainer: Epoch 237
2026-05-14 15:10:25,284 INFO src.train.trainer: Last model at epoch 237 saved to /root/autodl-tmp/em_eqf/experiments/lstm_seed/runs/tf_180_mf_3p0_seed_0/last_model_1.pth
2026-05-14 15:10:25,284 INFO src.train.trainer: Epoch 238
2026-05-14 15:10:25,654 INFO src.train.trainer: Last model at epoch 238 saved to /root/autodl-tmp/em_eqf/experiments/lstm_seed/runs/tf_180_mf_3p0_seed_0/last_model_1.pth
2026-05-14 15:10:25,654 INFO src.train.trainer: Epoch 239
2026-05-14 15:10:26,019 INFO src.train.trainer: Last model at epoch 239 saved to /root/autodl-tmp/em_eqf/experiments/lstm_seed/runs/tf_180_mf_3p0_seed_0/last_model_1.pth
2026-05-14 15:10:26,019 INFO src.train.trainer: Epoch 240
2026-05-14 15:10:26,378 INFO src.train.trainer: Last model at epoch 240 saved to /root/autodl-tmp/em_eqf/experiments/lstm_seed/runs/tf_180_mf_3p0_seed_0/last_model_1.pth
2026-05-14 15:10:26,378 INFO src.train.trainer: Epoch 241
2026-05-14 15:10:26,784 INFO src.train.trainer: Last model at epoch 241 saved to /root/autodl-tmp/em_eqf/experiments/lstm_seed/runs/tf_180_mf_3p0_seed_0/last_model_1.pth
2026-05-14 15:10:26,784 INFO src.train.trainer: Epoch 242
2026-05-14 15:10:27,182 INFO src.train.trainer: Last model at epoch 242 saved to /root/autodl-tmp/em_eqf/experiments/lstm_seed/runs/tf_180_mf_3p0_seed_0/last_model_1.pth
2026-05-14 15:10:27,183 INFO src.train.trainer: Epoch 243
2026-05-14 15:10:27,580 INFO src.train.trainer: Last model at epoch 243 saved to /root/autodl-tmp/em_eqf/experiments/lstm_seed/runs/tf_180_mf_3p0_seed_0/last_model_1.pth
2026-05-14 15:10:27,581 INFO src.train.trainer: Epoch 244
2026-05-14 15:10:28,012 INFO src.train.trainer: Last model at epoch 244 saved to /root/autodl-tmp/em_eqf/experiments/lstm_seed/runs/tf_180_mf_3p0_seed_0/last_model_1.pth
2026-05-14 15:10:28,012 INFO src.train.trainer: Epoch 245
2026-05-14 15:10:28,421 INFO src.train.trainer: Last model at epoch 245 saved to /root/autodl-tmp/em_eqf/experiments/lstm_seed/runs/tf_180_mf_3p0_seed_0/last_model_1.pth
2026-05-14 15:10:28,421 INFO src.train.trainer: Epoch 246
2026-05-14 15:10:28,829 INFO src.train.trainer: Last model at epoch 246 saved to /root/autodl-tmp/em_eqf/experiments/lstm_seed/runs/tf_180_mf_3p0_seed_0/last_model_1.pth
2026-05-14 15:10:28,829 INFO src.train.trainer: Epoch 247
2026-05-14 15:10:29,230 INFO src.train.trainer: Last model at epoch 247 saved to /root/autodl-tmp/em_eqf/experiments/lstm_seed/runs/tf_180_mf_3p0_seed_0/last_model_1.pth
2026-05-14 15:10:29,231 INFO src.train.trainer: Epoch 248
2026-05-14 15:10:29,634 INFO src.train.trainer: Last model at epoch 248 saved to /root/autodl-tmp/em_eqf/experiments/lstm_seed/runs/tf_180_mf_3p0_seed_0/last_model_1.pth
2026-05-14 15:10:29,634 INFO src.train.trainer: Epoch 249
2026-05-14 15:10:30,043 INFO src.train.trainer: Last model at epoch 249 saved to /root/autodl-tmp/em_eqf/experiments/lstm_seed/runs/tf_180_mf_3p0_seed_0/last_model_1.pth
2026-05-14 15:10:30,043 INFO src.train.trainer: Epoch 250
2026-05-14 15:10:30,396 INFO src.train.trainer: Last model at epoch 250 saved to /root/autodl-tmp/em_eqf/experiments/lstm_seed/runs/tf_180_mf_3p0_seed_0/last_model_1.pth
2026-05-14 15:10:30,396 INFO src.train.trainer: Epoch 251
2026-05-14 15:10:30,739 INFO src.train.trainer: Last model at epoch 251 saved to /root/autodl-tmp/em_eqf/experiments/lstm_seed/runs/tf_180_mf_3p0_seed_0/last_model_1.pth
2026-05-14 15:10:30,740 INFO src.train.trainer: Epoch 252
2026-05-14 15:10:31,098 INFO src.train.trainer: Last model at epoch 252 saved to /root/autodl-tmp/em_eqf/experiments/lstm_seed/runs/tf_180_mf_3p0_seed_0/last_model_1.pth
2026-05-14 15:10:31,098 INFO src.train.trainer: Epoch 253
2026-05-14 15:10:31,490 INFO src.train.trainer: Last model at epoch 253 saved to /root/autodl-tmp/em_eqf/experiments/lstm_seed/runs/tf_180_mf_3p0_seed_0/last_model_1.pth
2026-05-14 15:10:31,490 INFO src.train.trainer: Epoch 254
2026-05-14 15:10:31,886 INFO src.train.trainer: Last model at epoch 254 saved to /root/autodl-tmp/em_eqf/experiments/lstm_seed/runs/tf_180_mf_3p0_seed_0/last_model_1.pth
2026-05-14 15:10:31,886 INFO src.train.trainer: Epoch 255
2026-05-14 15:10:32,293 INFO src.train.trainer: Last model at epoch 255 saved to /root/autodl-tmp/em_eqf/experiments/lstm_seed/runs/tf_180_mf_3p0_seed_0/last_model_1.pth
2026-05-14 15:10:32,293 INFO src.train.trainer: Epoch 256
2026-05-14 15:10:32,690 INFO src.train.trainer: Last model at epoch 256 saved to /root/autodl-tmp/em_eqf/experiments/lstm_seed/runs/tf_180_mf_3p0_seed_0/last_model_1.pth
2026-05-14 15:10:32,690 INFO src.train.trainer: Epoch 257
2026-05-14 15:10:33,101 INFO src.train.trainer: Last model at epoch 257 saved to /root/autodl-tmp/em_eqf/experiments/lstm_seed/runs/tf_180_mf_3p0_seed_0/last_model_1.pth
2026-05-14 15:10:33,101 INFO src.train.trainer: Epoch 258
2026-05-14 15:10:33,508 INFO src.train.trainer: Last model at epoch 258 saved to /root/autodl-tmp/em_eqf/experiments/lstm_seed/runs/tf_180_mf_3p0_seed_0/last_model_1.pth
2026-05-14 15:10:33,508 INFO src.train.trainer: Epoch 259
2026-05-14 15:10:33,928 INFO src.train.trainer: Last model at epoch 259 saved to /root/autodl-tmp/em_eqf/experiments/lstm_seed/runs/tf_180_mf_3p0_seed_0/last_model_1.pth
2026-05-14 15:10:33,928 INFO src.train.trainer: Epoch 260
2026-05-14 15:10:34,334 INFO src.train.trainer: Last model at epoch 260 saved to /root/autodl-tmp/em_eqf/experiments/lstm_seed/runs/tf_180_mf_3p0_seed_0/last_model_1.pth
2026-05-14 15:10:34,335 INFO src.train.trainer: Epoch 261
2026-05-14 15:10:34,691 INFO src.train.trainer: Last model at epoch 261 saved to /root/autodl-tmp/em_eqf/experiments/lstm_seed/runs/tf_180_mf_3p0_seed_0/last_model_1.pth
2026-05-14 15:10:34,691 INFO src.train.trainer: Epoch 262
2026-05-14 15:10:35,093 INFO src.train.trainer: Last model at epoch 262 saved to /root/autodl-tmp/em_eqf/experiments/lstm_seed/runs/tf_180_mf_3p0_seed_0/last_model_1.pth
2026-05-14 15:10:35,093 INFO src.train.trainer: Epoch 263
2026-05-14 15:10:36,046 INFO src.train.trainer: Last model at epoch 263 saved to /root/autodl-tmp/em_eqf/experiments/lstm_seed/runs/tf_180_mf_3p0_seed_0/last_model_1.pth
2026-05-14 15:10:36,046 INFO src.train.trainer: Epoch 264
2026-05-14 15:10:36,427 INFO src.train.trainer: Last model at epoch 264 saved to /root/autodl-tmp/em_eqf/experiments/lstm_seed/runs/tf_180_mf_3p0_seed_0/last_model_1.pth
2026-05-14 15:10:36,427 INFO src.train.trainer: Epoch 265
2026-05-14 15:10:36,826 INFO src.train.trainer: Last model at epoch 265 saved to /root/autodl-tmp/em_eqf/experiments/lstm_seed/runs/tf_180_mf_3p0_seed_0/last_model_1.pth
2026-05-14 15:10:36,826 INFO src.train.trainer: Epoch 266
2026-05-14 15:10:37,162 INFO src.train.trainer: Last model at epoch 266 saved to /root/autodl-tmp/em_eqf/experiments/lstm_seed/runs/tf_180_mf_3p0_seed_0/last_model_1.pth
2026-05-14 15:10:37,162 INFO src.train.trainer: Epoch 267
2026-05-14 15:10:37,503 INFO src.train.trainer: Last model at epoch 267 saved to /root/autodl-tmp/em_eqf/experiments/lstm_seed/runs/tf_180_mf_3p0_seed_0/last_model_1.pth
2026-05-14 15:10:37,503 INFO src.train.trainer: Epoch 268
2026-05-14 15:10:37,908 INFO src.train.trainer: Last model at epoch 268 saved to /root/autodl-tmp/em_eqf/experiments/lstm_seed/runs/tf_180_mf_3p0_seed_0/last_model_1.pth
2026-05-14 15:10:37,909 INFO src.train.trainer: Epoch 269
2026-05-14 15:10:38,305 INFO src.train.trainer: Last model at epoch 269 saved to /root/autodl-tmp/em_eqf/experiments/lstm_seed/runs/tf_180_mf_3p0_seed_0/last_model_1.pth
2026-05-14 15:10:38,305 INFO src.train.trainer: Epoch 270
2026-05-14 15:10:38,733 INFO src.train.trainer: Last model at epoch 270 saved to /root/autodl-tmp/em_eqf/experiments/lstm_seed/runs/tf_180_mf_3p0_seed_0/last_model_1.pth
2026-05-14 15:10:38,734 INFO src.train.trainer: Epoch 271
2026-05-14 15:10:39,196 INFO src.train.trainer: Last model at epoch 271 saved to /root/autodl-tmp/em_eqf/experiments/lstm_seed/runs/tf_180_mf_3p0_seed_0/last_model_1.pth
2026-05-14 15:10:39,196 INFO src.train.trainer: Epoch 272
2026-05-14 15:10:39,538 INFO src.train.trainer: Last model at epoch 272 saved to /root/autodl-tmp/em_eqf/experiments/lstm_seed/runs/tf_180_mf_3p0_seed_0/last_model_1.pth
2026-05-14 15:10:39,538 INFO src.train.trainer: Epoch 273
2026-05-14 15:10:39,902 INFO src.train.trainer: Last model at epoch 273 saved to /root/autodl-tmp/em_eqf/experiments/lstm_seed/runs/tf_180_mf_3p0_seed_0/last_model_1.pth
2026-05-14 15:10:39,902 INFO src.train.trainer: Epoch 274
2026-05-14 15:10:40,250 INFO src.train.trainer: Last model at epoch 274 saved to /root/autodl-tmp/em_eqf/experiments/lstm_seed/runs/tf_180_mf_3p0_seed_0/last_model_1.pth
2026-05-14 15:10:40,250 INFO src.train.trainer: Epoch 275
2026-05-14 15:10:40,648 INFO src.train.trainer: Last model at epoch 275 saved to /root/autodl-tmp/em_eqf/experiments/lstm_seed/runs/tf_180_mf_3p0_seed_0/last_model_1.pth
2026-05-14 15:10:40,649 INFO src.train.trainer: Epoch 276
2026-05-14 15:10:41,055 INFO src.train.trainer: Last model at epoch 276 saved to /root/autodl-tmp/em_eqf/experiments/lstm_seed/runs/tf_180_mf_3p0_seed_0/last_model_1.pth
2026-05-14 15:10:41,055 INFO src.train.trainer: Epoch 277
2026-05-14 15:10:41,467 INFO src.train.trainer: Last model at epoch 277 saved to /root/autodl-tmp/em_eqf/experiments/lstm_seed/runs/tf_180_mf_3p0_seed_0/last_model_1.pth
2026-05-14 15:10:41,467 INFO src.train.trainer: Epoch 278
2026-05-14 15:10:41,874 INFO src.train.trainer: Last model at epoch 278 saved to /root/autodl-tmp/em_eqf/experiments/lstm_seed/runs/tf_180_mf_3p0_seed_0/last_model_1.pth
2026-05-14 15:10:41,875 INFO src.train.trainer: Epoch 279
2026-05-14 15:10:42,282 INFO src.train.trainer: Last model at epoch 279 saved to /root/autodl-tmp/em_eqf/experiments/lstm_seed/runs/tf_180_mf_3p0_seed_0/last_model_1.pth
2026-05-14 15:10:42,283 INFO src.train.trainer: Epoch 280
2026-05-14 15:10:42,702 INFO src.train.trainer: Last model at epoch 280 saved to /root/autodl-tmp/em_eqf/experiments/lstm_seed/runs/tf_180_mf_3p0_seed_0/last_model_1.pth
2026-05-14 15:10:42,703 INFO src.train.trainer: Epoch 281
2026-05-14 15:10:43,101 INFO src.train.trainer: Last model at epoch 281 saved to /root/autodl-tmp/em_eqf/experiments/lstm_seed/runs/tf_180_mf_3p0_seed_0/last_model_1.pth
2026-05-14 15:10:43,101 INFO src.train.trainer: Epoch 282
2026-05-14 15:10:43,505 INFO src.train.trainer: Last model at epoch 282 saved to /root/autodl-tmp/em_eqf/experiments/lstm_seed/runs/tf_180_mf_3p0_seed_0/last_model_1.pth
2026-05-14 15:10:43,505 INFO src.train.trainer: Epoch 283
2026-05-14 15:10:43,913 INFO src.train.trainer: Last model at epoch 283 saved to /root/autodl-tmp/em_eqf/experiments/lstm_seed/runs/tf_180_mf_3p0_seed_0/last_model_1.pth
2026-05-14 15:10:43,913 INFO src.train.trainer: Epoch 284
2026-05-14 15:10:44,329 INFO src.train.trainer: Last model at epoch 284 saved to /root/autodl-tmp/em_eqf/experiments/lstm_seed/runs/tf_180_mf_3p0_seed_0/last_model_1.pth
2026-05-14 15:10:44,329 INFO src.train.trainer: Epoch 285
2026-05-14 15:10:44,743 INFO src.train.trainer: Last model at epoch 285 saved to /root/autodl-tmp/em_eqf/experiments/lstm_seed/runs/tf_180_mf_3p0_seed_0/last_model_1.pth
2026-05-14 15:10:44,744 INFO src.train.trainer: Epoch 286
2026-05-14 15:10:45,155 INFO src.train.trainer: Last model at epoch 286 saved to /root/autodl-tmp/em_eqf/experiments/lstm_seed/runs/tf_180_mf_3p0_seed_0/last_model_1.pth
2026-05-14 15:10:45,155 INFO src.train.trainer: Epoch 287
2026-05-14 15:10:45,562 INFO src.train.trainer: Last model at epoch 287 saved to /root/autodl-tmp/em_eqf/experiments/lstm_seed/runs/tf_180_mf_3p0_seed_0/last_model_1.pth
2026-05-14 15:10:45,562 INFO src.train.trainer: Epoch 288
2026-05-14 15:10:45,984 INFO src.train.trainer: Last model at epoch 288 saved to /root/autodl-tmp/em_eqf/experiments/lstm_seed/runs/tf_180_mf_3p0_seed_0/last_model_1.pth
2026-05-14 15:10:45,985 INFO src.train.trainer: Epoch 289
2026-05-14 15:10:46,400 INFO src.train.trainer: Last model at epoch 289 saved to /root/autodl-tmp/em_eqf/experiments/lstm_seed/runs/tf_180_mf_3p0_seed_0/last_model_1.pth
2026-05-14 15:10:46,400 INFO src.train.trainer: Epoch 290
2026-05-14 15:10:46,819 INFO src.train.trainer: Last model at epoch 290 saved to /root/autodl-tmp/em_eqf/experiments/lstm_seed/runs/tf_180_mf_3p0_seed_0/last_model_1.pth
2026-05-14 15:10:46,819 INFO src.train.trainer: Epoch 291
2026-05-14 15:10:47,228 INFO src.train.trainer: Last model at epoch 291 saved to /root/autodl-tmp/em_eqf/experiments/lstm_seed/runs/tf_180_mf_3p0_seed_0/last_model_1.pth
2026-05-14 15:10:47,229 INFO src.train.trainer: Epoch 292
2026-05-14 15:10:47,633 INFO src.train.trainer: Last model at epoch 292 saved to /root/autodl-tmp/em_eqf/experiments/lstm_seed/runs/tf_180_mf_3p0_seed_0/last_model_1.pth
2026-05-14 15:10:47,633 INFO src.train.trainer: Epoch 293
2026-05-14 15:10:48,049 INFO src.train.trainer: Last model at epoch 293 saved to /root/autodl-tmp/em_eqf/experiments/lstm_seed/runs/tf_180_mf_3p0_seed_0/last_model_1.pth
2026-05-14 15:10:48,049 INFO src.train.trainer: Epoch 294
2026-05-14 15:10:48,457 INFO src.train.trainer: Last model at epoch 294 saved to /root/autodl-tmp/em_eqf/experiments/lstm_seed/runs/tf_180_mf_3p0_seed_0/last_model_1.pth
2026-05-14 15:10:48,458 INFO src.train.trainer: Epoch 295
2026-05-14 15:10:48,910 INFO src.train.trainer: Last model at epoch 295 saved to /root/autodl-tmp/em_eqf/experiments/lstm_seed/runs/tf_180_mf_3p0_seed_0/last_model_1.pth
2026-05-14 15:10:48,911 INFO src.train.trainer: Epoch 296
2026-05-14 15:10:49,334 INFO src.train.trainer: Last model at epoch 296 saved to /root/autodl-tmp/em_eqf/experiments/lstm_seed/runs/tf_180_mf_3p0_seed_0/last_model_1.pth
2026-05-14 15:10:49,335 INFO src.train.trainer: Epoch 297
2026-05-14 15:10:49,750 INFO src.train.trainer: Last model at epoch 297 saved to /root/autodl-tmp/em_eqf/experiments/lstm_seed/runs/tf_180_mf_3p0_seed_0/last_model_1.pth
2026-05-14 15:10:49,750 INFO src.train.trainer: Epoch 298
2026-05-14 15:10:50,154 INFO src.train.trainer: Last model at epoch 298 saved to /root/autodl-tmp/em_eqf/experiments/lstm_seed/runs/tf_180_mf_3p0_seed_0/last_model_1.pth
2026-05-14 15:10:50,155 INFO src.train.trainer: Epoch 299
2026-05-14 15:10:50,548 INFO src.train.trainer: Last model at epoch 299 saved to /root/autodl-tmp/em_eqf/experiments/lstm_seed/runs/tf_180_mf_3p0_seed_0/last_model_1.pth
2026-05-14 15:10:50,549 INFO src.train.trainer: Epoch 300
2026-05-14 15:10:50,918 INFO src.train.trainer: Last model at epoch 300 saved to /root/autodl-tmp/em_eqf/experiments/lstm_seed/runs/tf_180_mf_3p0_seed_0/last_model_1.pth
2026-05-14 15:17:29,216 INFO src.data.preprocessing: CSV files found: ['chuandian_2021.csv']
2026-05-14 15:17:30,011 INFO src.utils.file_utils: Loading cached data from: data/ChuanDian/lstm_regressor/lstm_regressor_Mag_elaps_5.5-6-6.5-7_Mc_3_Mf_3.0_Tfore_180_Twindow_360_context_len_0_dt_10_feature_step_none_feature_window_none_lstm_feature_mode_external_sliding_time_step_5.pkl
2026-05-14 15:17:31,447 INFO src.data.preparation_modules.lstm: Applied T_elaps NaN high-sentinel imputation: [{'feature': 'T_elaps5.5', 'nan_count': 3000, 'fill_value': 359.6074755375663}, {'feature': 'T_elaps6', 'nan_count': 5230, 'fill_value': 359.6201514631899}, {'feature': 'T_elaps6.5', 'nan_count': 6979, 'fill_value': 360.000001}, {'feature': 'T_elaps7', 'nan_count': 8194, 'fill_value': 360.000001}]
2026-05-14 15:17:31,449 INFO src.data.lstm_loader: Original number of samples: 1819, number of samples after cleaning: 1819
2026-05-14 15:17:31,450 INFO src.data.lstm_loader: Replaced NaN values in X with 0.0
2026-05-14 15:17:31,480 INFO src.cli.workflows: No resume path provided. Training will start from scratch.
2026-05-14 15:17:32,062 INFO src.train.config_setup: No checkpoint restore requested; initializing model from scratch.
2026-05-14 15:17:32,063 INFO src.train.config_setup: Freeze skipped (fresh_init): freeze_parts is empty.
2026-05-14 15:17:32,063 INFO src.train.config_setup: Using regression criterion: smooth_l1
2026-05-14 15:17:32,063 INFO src.train.config_setup: Criterion config: {'beta': 0.2}
2026-05-14 15:17:32,064 INFO src.train.trainer: Epoch 1
2026-05-14 15:17:32,608 INFO src.train.trainer: New best validation loss: 0.3478, saved to /root/autodl-tmp/em_eqf/experiments/lstm_seed/runs/tf_180_mf_3p0_seed_0/best_model_1.pth
2026-05-14 15:17:32,639 INFO src.train.trainer: Last model at epoch 1 saved to /root/autodl-tmp/em_eqf/experiments/lstm_seed/runs/tf_180_mf_3p0_seed_0/last_model_1.pth
2026-05-14 15:17:32,639 INFO src.train.trainer: Epoch 2
2026-05-14 15:17:32,962 INFO src.train.trainer: New best validation loss: 0.2605, saved to /root/autodl-tmp/em_eqf/experiments/lstm_seed/runs/tf_180_mf_3p0_seed_0/best_model_1.pth
2026-05-14 15:17:32,998 INFO src.train.trainer: Last model at epoch 2 saved to /root/autodl-tmp/em_eqf/experiments/lstm_seed/runs/tf_180_mf_3p0_seed_0/last_model_1.pth
2026-05-14 15:17:32,998 INFO src.train.trainer: Epoch 3
2026-05-14 15:17:33,346 INFO src.train.trainer: New best validation loss: 0.0454, saved to /root/autodl-tmp/em_eqf/experiments/lstm_seed/runs/tf_180_mf_3p0_seed_0/best_model_1.pth
2026-05-14 15:17:33,383 INFO src.train.trainer: Last model at epoch 3 saved to /root/autodl-tmp/em_eqf/experiments/lstm_seed/runs/tf_180_mf_3p0_seed_0/last_model_1.pth
2026-05-14 15:17:33,383 INFO src.train.trainer: Epoch 4
2026-05-14 15:17:33,721 INFO src.train.trainer: Last model at epoch 4 saved to /root/autodl-tmp/em_eqf/experiments/lstm_seed/runs/tf_180_mf_3p0_seed_0/last_model_1.pth
2026-05-14 15:17:33,722 INFO src.train.trainer: Epoch 5
2026-05-14 15:17:34,116 INFO src.train.trainer: Last model at epoch 5 saved to /root/autodl-tmp/em_eqf/experiments/lstm_seed/runs/tf_180_mf_3p0_seed_0/last_model_1.pth
2026-05-14 15:17:34,117 INFO src.train.trainer: Epoch 6
2026-05-14 15:17:34,432 INFO src.train.trainer: New best validation loss: 0.0445, saved to /root/autodl-tmp/em_eqf/experiments/lstm_seed/runs/tf_180_mf_3p0_seed_0/best_model_1.pth
2026-05-14 15:17:34,463 INFO src.train.trainer: Last model at epoch 6 saved to /root/autodl-tmp/em_eqf/experiments/lstm_seed/runs/tf_180_mf_3p0_seed_0/last_model_1.pth
2026-05-14 15:17:34,463 INFO src.train.trainer: Epoch 7
2026-05-14 15:17:34,773 INFO src.train.trainer: New best validation loss: 0.0444, saved to /root/autodl-tmp/em_eqf/experiments/lstm_seed/runs/tf_180_mf_3p0_seed_0/best_model_1.pth
2026-05-14 15:17:34,806 INFO src.train.trainer: Last model at epoch 7 saved to /root/autodl-tmp/em_eqf/experiments/lstm_seed/runs/tf_180_mf_3p0_seed_0/last_model_1.pth
2026-05-14 15:17:34,806 INFO src.train.trainer: Epoch 8
2026-05-14 15:17:35,163 INFO src.train.trainer: New best validation loss: 0.0440, saved to /root/autodl-tmp/em_eqf/experiments/lstm_seed/runs/tf_180_mf_3p0_seed_0/best_model_1.pth
2026-05-14 15:17:35,217 INFO src.train.trainer: Last model at epoch 8 saved to /root/autodl-tmp/em_eqf/experiments/lstm_seed/runs/tf_180_mf_3p0_seed_0/last_model_1.pth
2026-05-14 15:17:35,217 INFO src.train.trainer: Epoch 9
2026-05-14 15:17:35,621 INFO src.train.trainer: New best validation loss: 0.0434, saved to /root/autodl-tmp/em_eqf/experiments/lstm_seed/runs/tf_180_mf_3p0_seed_0/best_model_1.pth
2026-05-14 15:17:35,678 INFO src.train.trainer: Last model at epoch 9 saved to /root/autodl-tmp/em_eqf/experiments/lstm_seed/runs/tf_180_mf_3p0_seed_0/last_model_1.pth
2026-05-14 15:17:35,678 INFO src.train.trainer: Epoch 10
2026-05-14 15:17:36,048 INFO src.train.trainer: New best validation loss: 0.0427, saved to /root/autodl-tmp/em_eqf/experiments/lstm_seed/runs/tf_180_mf_3p0_seed_0/best_model_1.pth
2026-05-14 15:17:36,101 INFO src.train.trainer: Last model at epoch 10 saved to /root/autodl-tmp/em_eqf/experiments/lstm_seed/runs/tf_180_mf_3p0_seed_0/last_model_1.pth
2026-05-14 15:17:36,101 INFO src.train.trainer: Epoch 11
2026-05-14 15:17:36,483 INFO src.train.trainer: New best validation loss: 0.0426, saved to /root/autodl-tmp/em_eqf/experiments/lstm_seed/runs/tf_180_mf_3p0_seed_0/best_model_1.pth
2026-05-14 15:17:36,534 INFO src.train.trainer: Last model at epoch 11 saved to /root/autodl-tmp/em_eqf/experiments/lstm_seed/runs/tf_180_mf_3p0_seed_0/last_model_1.pth
2026-05-14 15:17:36,534 INFO src.train.trainer: Epoch 12
2026-05-14 15:17:36,932 INFO src.train.trainer: New best validation loss: 0.0425, saved to /root/autodl-tmp/em_eqf/experiments/lstm_seed/runs/tf_180_mf_3p0_seed_0/best_model_1.pth
2026-05-14 15:17:36,983 INFO src.train.trainer: Last model at epoch 12 saved to /root/autodl-tmp/em_eqf/experiments/lstm_seed/runs/tf_180_mf_3p0_seed_0/last_model_1.pth
2026-05-14 15:17:36,983 INFO src.train.trainer: Epoch 13
2026-05-14 15:17:37,400 INFO src.train.trainer: New best validation loss: 0.0422, saved to /root/autodl-tmp/em_eqf/experiments/lstm_seed/runs/tf_180_mf_3p0_seed_0/best_model_1.pth
2026-05-14 15:17:37,447 INFO src.train.trainer: Last model at epoch 13 saved to /root/autodl-tmp/em_eqf/experiments/lstm_seed/runs/tf_180_mf_3p0_seed_0/last_model_1.pth
2026-05-14 15:17:37,447 INFO src.train.trainer: Epoch 14
2026-05-14 15:17:37,839 INFO src.train.trainer: New best validation loss: 0.0421, saved to /root/autodl-tmp/em_eqf/experiments/lstm_seed/runs/tf_180_mf_3p0_seed_0/best_model_1.pth
2026-05-14 15:17:37,881 INFO src.train.trainer: Last model at epoch 14 saved to /root/autodl-tmp/em_eqf/experiments/lstm_seed/runs/tf_180_mf_3p0_seed_0/last_model_1.pth
2026-05-14 15:17:37,882 INFO src.train.trainer: Epoch 15
2026-05-14 15:17:38,260 INFO src.train.trainer: Last model at epoch 15 saved to /root/autodl-tmp/em_eqf/experiments/lstm_seed/runs/tf_180_mf_3p0_seed_0/last_model_1.pth
2026-05-14 15:17:38,261 INFO src.train.trainer: Epoch 16
2026-05-14 15:17:38,669 INFO src.train.trainer: New best validation loss: 0.0419, saved to /root/autodl-tmp/em_eqf/experiments/lstm_seed/runs/tf_180_mf_3p0_seed_0/best_model_1.pth
2026-05-14 15:17:38,710 INFO src.train.trainer: Last model at epoch 16 saved to /root/autodl-tmp/em_eqf/experiments/lstm_seed/runs/tf_180_mf_3p0_seed_0/last_model_1.pth
2026-05-14 15:17:38,710 INFO src.train.trainer: Epoch 17
2026-05-14 15:17:39,115 INFO src.train.trainer: Last model at epoch 17 saved to /root/autodl-tmp/em_eqf/experiments/lstm_seed/runs/tf_180_mf_3p0_seed_0/last_model_1.pth
2026-05-14 15:17:39,115 INFO src.train.trainer: Epoch 18
2026-05-14 15:17:39,539 INFO src.train.trainer: Last model at epoch 18 saved to /root/autodl-tmp/em_eqf/experiments/lstm_seed/runs/tf_180_mf_3p0_seed_0/last_model_1.pth
2026-05-14 15:17:39,539 INFO src.train.trainer: Epoch 19
2026-05-14 15:17:39,956 INFO src.train.trainer: Last model at epoch 19 saved to /root/autodl-tmp/em_eqf/experiments/lstm_seed/runs/tf_180_mf_3p0_seed_0/last_model_1.pth
2026-05-14 15:17:39,957 INFO src.train.trainer: Epoch 20
2026-05-14 15:17:40,383 INFO src.train.trainer: Last model at epoch 20 saved to /root/autodl-tmp/em_eqf/experiments/lstm_seed/runs/tf_180_mf_3p0_seed_0/last_model_1.pth
2026-05-14 15:17:40,383 INFO src.train.trainer: Epoch 21
2026-05-14 15:17:40,804 INFO src.train.trainer: Last model at epoch 21 saved to /root/autodl-tmp/em_eqf/experiments/lstm_seed/runs/tf_180_mf_3p0_seed_0/last_model_1.pth
2026-05-14 15:17:40,804 INFO src.train.trainer: Epoch 22
2026-05-14 15:17:41,203 INFO src.train.trainer: Last model at epoch 22 saved to /root/autodl-tmp/em_eqf/experiments/lstm_seed/runs/tf_180_mf_3p0_seed_0/last_model_1.pth
2026-05-14 15:17:41,204 INFO src.train.trainer: Epoch 23
2026-05-14 15:17:41,638 INFO src.train.trainer: Last model at epoch 23 saved to /root/autodl-tmp/em_eqf/experiments/lstm_seed/runs/tf_180_mf_3p0_seed_0/last_model_1.pth
2026-05-14 15:17:41,638 INFO src.train.trainer: Epoch 24
2026-05-14 15:17:42,066 INFO src.train.trainer: Last model at epoch 24 saved to /root/autodl-tmp/em_eqf/experiments/lstm_seed/runs/tf_180_mf_3p0_seed_0/last_model_1.pth
2026-05-14 15:17:42,067 INFO src.train.trainer: Epoch 25
2026-05-14 15:17:42,485 INFO src.train.trainer: Last model at epoch 25 saved to /root/autodl-tmp/em_eqf/experiments/lstm_seed/runs/tf_180_mf_3p0_seed_0/last_model_1.pth
2026-05-14 15:17:42,486 INFO src.train.trainer: Epoch 26
2026-05-14 15:17:42,882 INFO src.train.trainer: Last model at epoch 26 saved to /root/autodl-tmp/em_eqf/experiments/lstm_seed/runs/tf_180_mf_3p0_seed_0/last_model_1.pth
2026-05-14 15:17:42,882 INFO src.train.trainer: Epoch 27
2026-05-14 15:17:43,300 INFO src.train.trainer: Last model at epoch 27 saved to /root/autodl-tmp/em_eqf/experiments/lstm_seed/runs/tf_180_mf_3p0_seed_0/last_model_1.pth
2026-05-14 15:17:43,300 INFO src.train.trainer: Epoch 28
2026-05-14 15:17:43,682 INFO src.train.trainer: Last model at epoch 28 saved to /root/autodl-tmp/em_eqf/experiments/lstm_seed/runs/tf_180_mf_3p0_seed_0/last_model_1.pth
2026-05-14 15:17:43,682 INFO src.train.trainer: Epoch 29
2026-05-14 15:17:44,079 INFO src.train.trainer: Last model at epoch 29 saved to /root/autodl-tmp/em_eqf/experiments/lstm_seed/runs/tf_180_mf_3p0_seed_0/last_model_1.pth
2026-05-14 15:17:44,080 INFO src.train.trainer: Epoch 30
2026-05-14 15:17:44,466 INFO src.train.trainer: Last model at epoch 30 saved to /root/autodl-tmp/em_eqf/experiments/lstm_seed/runs/tf_180_mf_3p0_seed_0/last_model_1.pth
2026-05-14 15:17:44,466 INFO src.train.trainer: Epoch 31
2026-05-14 15:17:44,886 INFO src.train.trainer: Last model at epoch 31 saved to /root/autodl-tmp/em_eqf/experiments/lstm_seed/runs/tf_180_mf_3p0_seed_0/last_model_1.pth
2026-05-14 15:17:44,886 INFO src.train.trainer: Epoch 32
2026-05-14 15:17:45,295 INFO src.train.trainer: Last model at epoch 32 saved to /root/autodl-tmp/em_eqf/experiments/lstm_seed/runs/tf_180_mf_3p0_seed_0/last_model_1.pth
2026-05-14 15:17:45,295 INFO src.train.trainer: Epoch 33
2026-05-14 15:17:45,685 INFO src.train.trainer: Last model at epoch 33 saved to /root/autodl-tmp/em_eqf/experiments/lstm_seed/runs/tf_180_mf_3p0_seed_0/last_model_1.pth
2026-05-14 15:17:45,685 INFO src.train.trainer: Epoch 34
2026-05-14 15:17:46,074 INFO src.train.trainer: Last model at epoch 34 saved to /root/autodl-tmp/em_eqf/experiments/lstm_seed/runs/tf_180_mf_3p0_seed_0/last_model_1.pth
2026-05-14 15:17:46,075 INFO src.train.trainer: Epoch 35
2026-05-14 15:17:46,492 INFO src.train.trainer: Last model at epoch 35 saved to /root/autodl-tmp/em_eqf/experiments/lstm_seed/runs/tf_180_mf_3p0_seed_0/last_model_1.pth
2026-05-14 15:17:46,492 INFO src.train.trainer: Epoch 36
2026-05-14 15:17:46,849 INFO src.train.trainer: Last model at epoch 36 saved to /root/autodl-tmp/em_eqf/experiments/lstm_seed/runs/tf_180_mf_3p0_seed_0/last_model_1.pth
2026-05-14 15:17:46,849 INFO src.train.trainer: Epoch 37
2026-05-14 15:17:47,213 INFO src.train.trainer: Last model at epoch 37 saved to /root/autodl-tmp/em_eqf/experiments/lstm_seed/runs/tf_180_mf_3p0_seed_0/last_model_1.pth
2026-05-14 15:17:47,213 INFO src.train.trainer: Epoch 38
2026-05-14 15:17:47,626 INFO src.train.trainer: Last model at epoch 38 saved to /root/autodl-tmp/em_eqf/experiments/lstm_seed/runs/tf_180_mf_3p0_seed_0/last_model_1.pth
2026-05-14 15:17:47,627 INFO src.train.trainer: Epoch 39
2026-05-14 15:17:48,031 INFO src.train.trainer: Last model at epoch 39 saved to /root/autodl-tmp/em_eqf/experiments/lstm_seed/runs/tf_180_mf_3p0_seed_0/last_model_1.pth
2026-05-14 15:17:48,032 INFO src.train.trainer: Epoch 40
2026-05-14 15:17:48,442 INFO src.train.trainer: Last model at epoch 40 saved to /root/autodl-tmp/em_eqf/experiments/lstm_seed/runs/tf_180_mf_3p0_seed_0/last_model_1.pth
2026-05-14 15:17:48,442 INFO src.train.trainer: Epoch 41
2026-05-14 15:17:48,868 INFO src.train.trainer: Last model at epoch 41 saved to /root/autodl-tmp/em_eqf/experiments/lstm_seed/runs/tf_180_mf_3p0_seed_0/last_model_1.pth
2026-05-14 15:17:48,868 INFO src.train.trainer: Epoch 42
2026-05-14 15:17:49,282 INFO src.train.trainer: Last model at epoch 42 saved to /root/autodl-tmp/em_eqf/experiments/lstm_seed/runs/tf_180_mf_3p0_seed_0/last_model_1.pth
2026-05-14 15:17:49,283 INFO src.train.trainer: Epoch 43
2026-05-14 15:17:49,691 INFO src.train.trainer: Last model at epoch 43 saved to /root/autodl-tmp/em_eqf/experiments/lstm_seed/runs/tf_180_mf_3p0_seed_0/last_model_1.pth
2026-05-14 15:17:49,691 INFO src.train.trainer: Epoch 44
2026-05-14 15:17:50,111 INFO src.train.trainer: Last model at epoch 44 saved to /root/autodl-tmp/em_eqf/experiments/lstm_seed/runs/tf_180_mf_3p0_seed_0/last_model_1.pth
2026-05-14 15:17:50,112 INFO src.train.trainer: Epoch 45
2026-05-14 15:17:50,519 INFO src.train.trainer: Last model at epoch 45 saved to /root/autodl-tmp/em_eqf/experiments/lstm_seed/runs/tf_180_mf_3p0_seed_0/last_model_1.pth
2026-05-14 15:17:50,519 INFO src.train.trainer: Epoch 46
2026-05-14 15:17:50,925 INFO src.train.trainer: Last model at epoch 46 saved to /root/autodl-tmp/em_eqf/experiments/lstm_seed/runs/tf_180_mf_3p0_seed_0/last_model_1.pth
2026-05-14 15:17:50,926 INFO src.train.trainer: Epoch 47
2026-05-14 15:17:51,337 INFO src.train.trainer: Last model at epoch 47 saved to /root/autodl-tmp/em_eqf/experiments/lstm_seed/runs/tf_180_mf_3p0_seed_0/last_model_1.pth
2026-05-14 15:17:51,337 INFO src.train.trainer: Epoch 48
2026-05-14 15:17:51,762 INFO src.train.trainer: Last model at epoch 48 saved to /root/autodl-tmp/em_eqf/experiments/lstm_seed/runs/tf_180_mf_3p0_seed_0/last_model_1.pth
2026-05-14 15:17:51,762 INFO src.train.trainer: Epoch 49
2026-05-14 15:17:52,180 INFO src.train.trainer: Last model at epoch 49 saved to /root/autodl-tmp/em_eqf/experiments/lstm_seed/runs/tf_180_mf_3p0_seed_0/last_model_1.pth
2026-05-14 15:17:52,180 INFO src.train.trainer: Epoch 50
2026-05-14 15:17:52,604 INFO src.train.trainer: Last model at epoch 50 saved to /root/autodl-tmp/em_eqf/experiments/lstm_seed/runs/tf_180_mf_3p0_seed_0/last_model_1.pth
2026-05-14 15:17:52,604 INFO src.train.trainer: Epoch 51
2026-05-14 15:17:53,023 INFO src.train.trainer: Last model at epoch 51 saved to /root/autodl-tmp/em_eqf/experiments/lstm_seed/runs/tf_180_mf_3p0_seed_0/last_model_1.pth
2026-05-14 15:17:53,024 INFO src.train.trainer: Epoch 52
2026-05-14 15:17:53,429 INFO src.train.trainer: Last model at epoch 52 saved to /root/autodl-tmp/em_eqf/experiments/lstm_seed/runs/tf_180_mf_3p0_seed_0/last_model_1.pth
2026-05-14 15:17:53,429 INFO src.train.trainer: Epoch 53
2026-05-14 15:17:53,841 INFO src.train.trainer: Last model at epoch 53 saved to /root/autodl-tmp/em_eqf/experiments/lstm_seed/runs/tf_180_mf_3p0_seed_0/last_model_1.pth
2026-05-14 15:17:53,842 INFO src.train.trainer: Epoch 54
2026-05-14 15:17:54,262 INFO src.train.trainer: Last model at epoch 54 saved to /root/autodl-tmp/em_eqf/experiments/lstm_seed/runs/tf_180_mf_3p0_seed_0/last_model_1.pth
2026-05-14 15:17:54,263 INFO src.train.trainer: Epoch 55
2026-05-14 15:17:54,661 INFO src.train.trainer: Last model at epoch 55 saved to /root/autodl-tmp/em_eqf/experiments/lstm_seed/runs/tf_180_mf_3p0_seed_0/last_model_1.pth
2026-05-14 15:17:54,662 INFO src.train.trainer: Epoch 56
2026-05-14 15:17:55,053 INFO src.train.trainer: Last model at epoch 56 saved to /root/autodl-tmp/em_eqf/experiments/lstm_seed/runs/tf_180_mf_3p0_seed_0/last_model_1.pth
2026-05-14 15:17:55,053 INFO src.train.trainer: Epoch 57
2026-05-14 15:17:55,396 INFO src.train.trainer: Last model at epoch 57 saved to /root/autodl-tmp/em_eqf/experiments/lstm_seed/runs/tf_180_mf_3p0_seed_0/last_model_1.pth
2026-05-14 15:17:55,396 INFO src.train.trainer: Epoch 58
2026-05-14 15:17:55,786 INFO src.train.trainer: Last model at epoch 58 saved to /root/autodl-tmp/em_eqf/experiments/lstm_seed/runs/tf_180_mf_3p0_seed_0/last_model_1.pth
2026-05-14 15:17:55,787 INFO src.train.trainer: Epoch 59
2026-05-14 15:17:56,197 INFO src.train.trainer: Last model at epoch 59 saved to /root/autodl-tmp/em_eqf/experiments/lstm_seed/runs/tf_180_mf_3p0_seed_0/last_model_1.pth
2026-05-14 15:17:56,198 INFO src.train.trainer: Epoch 60
2026-05-14 15:17:56,625 INFO src.train.trainer: Last model at epoch 60 saved to /root/autodl-tmp/em_eqf/experiments/lstm_seed/runs/tf_180_mf_3p0_seed_0/last_model_1.pth
2026-05-14 15:17:56,625 INFO src.train.trainer: Epoch 61
2026-05-14 15:17:57,042 INFO src.train.trainer: Last model at epoch 61 saved to /root/autodl-tmp/em_eqf/experiments/lstm_seed/runs/tf_180_mf_3p0_seed_0/last_model_1.pth
2026-05-14 15:17:57,043 INFO src.train.trainer: Epoch 62
2026-05-14 15:17:57,460 INFO src.train.trainer: Last model at epoch 62 saved to /root/autodl-tmp/em_eqf/experiments/lstm_seed/runs/tf_180_mf_3p0_seed_0/last_model_1.pth
2026-05-14 15:17:57,460 INFO src.train.trainer: Epoch 63
2026-05-14 15:17:57,863 INFO src.train.trainer: Last model at epoch 63 saved to /root/autodl-tmp/em_eqf/experiments/lstm_seed/runs/tf_180_mf_3p0_seed_0/last_model_1.pth
2026-05-14 15:17:57,863 INFO src.train.trainer: Epoch 64
2026-05-14 15:17:58,268 INFO src.train.trainer: Last model at epoch 64 saved to /root/autodl-tmp/em_eqf/experiments/lstm_seed/runs/tf_180_mf_3p0_seed_0/last_model_1.pth
2026-05-14 15:17:58,269 INFO src.train.trainer: Epoch 65
2026-05-14 15:17:58,694 INFO src.train.trainer: Last model at epoch 65 saved to /root/autodl-tmp/em_eqf/experiments/lstm_seed/runs/tf_180_mf_3p0_seed_0/last_model_1.pth
2026-05-14 15:17:58,694 INFO src.train.trainer: Epoch 66
2026-05-14 15:17:59,112 INFO src.train.trainer: Last model at epoch 66 saved to /root/autodl-tmp/em_eqf/experiments/lstm_seed/runs/tf_180_mf_3p0_seed_0/last_model_1.pth
2026-05-14 15:17:59,112 INFO src.train.trainer: Epoch 67
2026-05-14 15:17:59,507 INFO src.train.trainer: Last model at epoch 67 saved to /root/autodl-tmp/em_eqf/experiments/lstm_seed/runs/tf_180_mf_3p0_seed_0/last_model_1.pth
2026-05-14 15:17:59,507 INFO src.train.trainer: Epoch 68
2026-05-14 15:17:59,935 INFO src.train.trainer: Last model at epoch 68 saved to /root/autodl-tmp/em_eqf/experiments/lstm_seed/runs/tf_180_mf_3p0_seed_0/last_model_1.pth
2026-05-14 15:17:59,936 INFO src.train.trainer: Epoch 69
2026-05-14 15:18:00,302 INFO src.train.trainer: Last model at epoch 69 saved to /root/autodl-tmp/em_eqf/experiments/lstm_seed/runs/tf_180_mf_3p0_seed_0/last_model_1.pth
2026-05-14 15:18:00,302 INFO src.train.trainer: Epoch 70
2026-05-14 15:18:00,697 INFO src.train.trainer: Last model at epoch 70 saved to /root/autodl-tmp/em_eqf/experiments/lstm_seed/runs/tf_180_mf_3p0_seed_0/last_model_1.pth
2026-05-14 15:18:00,697 INFO src.train.trainer: Epoch 71
2026-05-14 15:18:01,048 INFO src.train.trainer: Last model at epoch 71 saved to /root/autodl-tmp/em_eqf/experiments/lstm_seed/runs/tf_180_mf_3p0_seed_0/last_model_1.pth
2026-05-14 15:18:01,048 INFO src.train.trainer: Epoch 72
2026-05-14 15:18:01,450 INFO src.train.trainer: Last model at epoch 72 saved to /root/autodl-tmp/em_eqf/experiments/lstm_seed/runs/tf_180_mf_3p0_seed_0/last_model_1.pth
2026-05-14 15:18:01,451 INFO src.train.trainer: Epoch 73
2026-05-14 15:18:01,849 INFO src.train.trainer: Last model at epoch 73 saved to /root/autodl-tmp/em_eqf/experiments/lstm_seed/runs/tf_180_mf_3p0_seed_0/last_model_1.pth
2026-05-14 15:18:01,849 INFO src.train.trainer: Epoch 74
2026-05-14 15:18:02,282 INFO src.train.trainer: Last model at epoch 74 saved to /root/autodl-tmp/em_eqf/experiments/lstm_seed/runs/tf_180_mf_3p0_seed_0/last_model_1.pth
2026-05-14 15:18:02,283 INFO src.train.trainer: Epoch 75
2026-05-14 15:18:02,667 INFO src.train.trainer: Last model at epoch 75 saved to /root/autodl-tmp/em_eqf/experiments/lstm_seed/runs/tf_180_mf_3p0_seed_0/last_model_1.pth
2026-05-14 15:18:02,667 INFO src.train.trainer: Epoch 76
2026-05-14 15:18:03,082 INFO src.train.trainer: Last model at epoch 76 saved to /root/autodl-tmp/em_eqf/experiments/lstm_seed/runs/tf_180_mf_3p0_seed_0/last_model_1.pth
2026-05-14 15:18:03,082 INFO src.train.trainer: Epoch 77
2026-05-14 15:18:03,500 INFO src.train.trainer: Last model at epoch 77 saved to /root/autodl-tmp/em_eqf/experiments/lstm_seed/runs/tf_180_mf_3p0_seed_0/last_model_1.pth
2026-05-14 15:18:03,501 INFO src.train.trainer: Epoch 78
2026-05-14 15:18:03,926 INFO src.train.trainer: Last model at epoch 78 saved to /root/autodl-tmp/em_eqf/experiments/lstm_seed/runs/tf_180_mf_3p0_seed_0/last_model_1.pth
2026-05-14 15:18:03,927 INFO src.train.trainer: Epoch 79
2026-05-14 15:18:04,342 INFO src.train.trainer: Last model at epoch 79 saved to /root/autodl-tmp/em_eqf/experiments/lstm_seed/runs/tf_180_mf_3p0_seed_0/last_model_1.pth
2026-05-14 15:18:04,342 INFO src.train.trainer: Epoch 80
2026-05-14 15:18:04,763 INFO src.train.trainer: Last model at epoch 80 saved to /root/autodl-tmp/em_eqf/experiments/lstm_seed/runs/tf_180_mf_3p0_seed_0/last_model_1.pth
2026-05-14 15:18:04,763 INFO src.train.trainer: Epoch 81
2026-05-14 15:18:05,181 INFO src.train.trainer: Last model at epoch 81 saved to /root/autodl-tmp/em_eqf/experiments/lstm_seed/runs/tf_180_mf_3p0_seed_0/last_model_1.pth
2026-05-14 15:18:05,181 INFO src.train.trainer: Epoch 82
2026-05-14 15:18:05,572 INFO src.train.trainer: Last model at epoch 82 saved to /root/autodl-tmp/em_eqf/experiments/lstm_seed/runs/tf_180_mf_3p0_seed_0/last_model_1.pth
2026-05-14 15:18:05,572 INFO src.train.trainer: Epoch 83
2026-05-14 15:18:05,968 INFO src.train.trainer: Last model at epoch 83 saved to /root/autodl-tmp/em_eqf/experiments/lstm_seed/runs/tf_180_mf_3p0_seed_0/last_model_1.pth
2026-05-14 15:18:05,968 INFO src.train.trainer: Epoch 84
2026-05-14 15:18:06,385 INFO src.train.trainer: Last model at epoch 84 saved to /root/autodl-tmp/em_eqf/experiments/lstm_seed/runs/tf_180_mf_3p0_seed_0/last_model_1.pth
2026-05-14 15:18:06,385 INFO src.train.trainer: Epoch 85
2026-05-14 15:18:06,800 INFO src.train.trainer: Last model at epoch 85 saved to /root/autodl-tmp/em_eqf/experiments/lstm_seed/runs/tf_180_mf_3p0_seed_0/last_model_1.pth
2026-05-14 15:18:06,800 INFO src.train.trainer: Epoch 86
2026-05-14 15:18:07,209 INFO src.train.trainer: Last model at epoch 86 saved to /root/autodl-tmp/em_eqf/experiments/lstm_seed/runs/tf_180_mf_3p0_seed_0/last_model_1.pth
2026-05-14 15:18:07,209 INFO src.train.trainer: Epoch 87
2026-05-14 15:18:07,613 INFO src.train.trainer: Last model at epoch 87 saved to /root/autodl-tmp/em_eqf/experiments/lstm_seed/runs/tf_180_mf_3p0_seed_0/last_model_1.pth
2026-05-14 15:18:07,614 INFO src.train.trainer: Epoch 88
2026-05-14 15:18:08,030 INFO src.train.trainer: Last model at epoch 88 saved to /root/autodl-tmp/em_eqf/experiments/lstm_seed/runs/tf_180_mf_3p0_seed_0/last_model_1.pth
2026-05-14 15:18:08,031 INFO src.train.trainer: Epoch 89
2026-05-14 15:18:08,424 INFO src.train.trainer: Last model at epoch 89 saved to /root/autodl-tmp/em_eqf/experiments/lstm_seed/runs/tf_180_mf_3p0_seed_0/last_model_1.pth
2026-05-14 15:18:08,425 INFO src.train.trainer: Epoch 90
2026-05-14 15:18:08,826 INFO src.train.trainer: Last model at epoch 90 saved to /root/autodl-tmp/em_eqf/experiments/lstm_seed/runs/tf_180_mf_3p0_seed_0/last_model_1.pth
2026-05-14 15:18:08,827 INFO src.train.trainer: Epoch 91
2026-05-14 15:18:09,256 INFO src.train.trainer: Last model at epoch 91 saved to /root/autodl-tmp/em_eqf/experiments/lstm_seed/runs/tf_180_mf_3p0_seed_0/last_model_1.pth
2026-05-14 15:18:09,256 INFO src.train.trainer: Epoch 92
2026-05-14 15:18:09,670 INFO src.train.trainer: Last model at epoch 92 saved to /root/autodl-tmp/em_eqf/experiments/lstm_seed/runs/tf_180_mf_3p0_seed_0/last_model_1.pth
2026-05-14 15:18:09,670 INFO src.train.trainer: Epoch 93
2026-05-14 15:18:10,071 INFO src.train.trainer: Last model at epoch 93 saved to /root/autodl-tmp/em_eqf/experiments/lstm_seed/runs/tf_180_mf_3p0_seed_0/last_model_1.pth
2026-05-14 15:18:10,072 INFO src.train.trainer: Epoch 94
2026-05-14 15:18:10,387 INFO src.train.trainer: Last model at epoch 94 saved to /root/autodl-tmp/em_eqf/experiments/lstm_seed/runs/tf_180_mf_3p0_seed_0/last_model_1.pth
2026-05-14 15:18:10,387 INFO src.train.trainer: Epoch 95
2026-05-14 15:18:10,740 INFO src.train.trainer: Last model at epoch 95 saved to /root/autodl-tmp/em_eqf/experiments/lstm_seed/runs/tf_180_mf_3p0_seed_0/last_model_1.pth
2026-05-14 15:18:10,740 INFO src.train.trainer: Epoch 96
2026-05-14 15:18:11,132 INFO src.train.trainer: Last model at epoch 96 saved to /root/autodl-tmp/em_eqf/experiments/lstm_seed/runs/tf_180_mf_3p0_seed_0/last_model_1.pth
2026-05-14 15:18:11,132 INFO src.train.trainer: Epoch 97
2026-05-14 15:18:11,561 INFO src.train.trainer: Last model at epoch 97 saved to /root/autodl-tmp/em_eqf/experiments/lstm_seed/runs/tf_180_mf_3p0_seed_0/last_model_1.pth
2026-05-14 15:18:11,562 INFO src.train.trainer: Epoch 98
2026-05-14 15:18:11,959 INFO src.train.trainer: Last model at epoch 98 saved to /root/autodl-tmp/em_eqf/experiments/lstm_seed/runs/tf_180_mf_3p0_seed_0/last_model_1.pth
2026-05-14 15:18:11,959 INFO src.train.trainer: Epoch 99
2026-05-14 15:18:12,346 INFO src.train.trainer: Last model at epoch 99 saved to /root/autodl-tmp/em_eqf/experiments/lstm_seed/runs/tf_180_mf_3p0_seed_0/last_model_1.pth
2026-05-14 15:18:12,346 INFO src.train.trainer: Epoch 100
2026-05-14 15:18:12,698 INFO src.train.trainer: Last model at epoch 100 saved to /root/autodl-tmp/em_eqf/experiments/lstm_seed/runs/tf_180_mf_3p0_seed_0/last_model_1.pth
2026-05-14 15:18:12,698 INFO src.train.trainer: Epoch 101
2026-05-14 15:18:13,054 INFO src.train.trainer: Last model at epoch 101 saved to /root/autodl-tmp/em_eqf/experiments/lstm_seed/runs/tf_180_mf_3p0_seed_0/last_model_1.pth
2026-05-14 15:18:13,054 INFO src.train.trainer: Epoch 102
2026-05-14 15:18:13,435 INFO src.train.trainer: Last model at epoch 102 saved to /root/autodl-tmp/em_eqf/experiments/lstm_seed/runs/tf_180_mf_3p0_seed_0/last_model_1.pth
2026-05-14 15:18:13,435 INFO src.train.trainer: Epoch 103
2026-05-14 15:18:13,837 INFO src.train.trainer: Last model at epoch 103 saved to /root/autodl-tmp/em_eqf/experiments/lstm_seed/runs/tf_180_mf_3p0_seed_0/last_model_1.pth
2026-05-14 15:18:13,837 INFO src.train.trainer: Epoch 104
2026-05-14 15:18:14,248 INFO src.train.trainer: Last model at epoch 104 saved to /root/autodl-tmp/em_eqf/experiments/lstm_seed/runs/tf_180_mf_3p0_seed_0/last_model_1.pth
2026-05-14 15:18:14,248 INFO src.train.trainer: Epoch 105
2026-05-14 15:18:14,666 INFO src.train.trainer: Last model at epoch 105 saved to /root/autodl-tmp/em_eqf/experiments/lstm_seed/runs/tf_180_mf_3p0_seed_0/last_model_1.pth
2026-05-14 15:18:14,666 INFO src.train.trainer: Epoch 106
2026-05-14 15:18:15,083 INFO src.train.trainer: Last model at epoch 106 saved to /root/autodl-tmp/em_eqf/experiments/lstm_seed/runs/tf_180_mf_3p0_seed_0/last_model_1.pth
2026-05-14 15:18:15,083 INFO src.train.trainer: Epoch 107
2026-05-14 15:18:15,453 INFO src.train.trainer: Last model at epoch 107 saved to /root/autodl-tmp/em_eqf/experiments/lstm_seed/runs/tf_180_mf_3p0_seed_0/last_model_1.pth
2026-05-14 15:18:15,454 INFO src.train.trainer: Epoch 108
2026-05-14 15:18:15,848 INFO src.train.trainer: Last model at epoch 108 saved to /root/autodl-tmp/em_eqf/experiments/lstm_seed/runs/tf_180_mf_3p0_seed_0/last_model_1.pth
2026-05-14 15:18:15,849 INFO src.train.trainer: Epoch 109
2026-05-14 15:18:16,157 INFO src.train.trainer: Last model at epoch 109 saved to /root/autodl-tmp/em_eqf/experiments/lstm_seed/runs/tf_180_mf_3p0_seed_0/last_model_1.pth
2026-05-14 15:18:16,157 INFO src.train.trainer: Epoch 110
2026-05-14 15:18:16,486 INFO src.train.trainer: Last model at epoch 110 saved to /root/autodl-tmp/em_eqf/experiments/lstm_seed/runs/tf_180_mf_3p0_seed_0/last_model_1.pth
2026-05-14 15:18:16,486 INFO src.train.trainer: Epoch 111
2026-05-14 15:18:16,809 INFO src.train.trainer: Last model at epoch 111 saved to /root/autodl-tmp/em_eqf/experiments/lstm_seed/runs/tf_180_mf_3p0_seed_0/last_model_1.pth
2026-05-14 15:18:16,809 INFO src.train.trainer: Epoch 112
2026-05-14 15:18:17,205 INFO src.train.trainer: New best validation loss: 0.0398, saved to /root/autodl-tmp/em_eqf/experiments/lstm_seed/runs/tf_180_mf_3p0_seed_0/best_model_1.pth
2026-05-14 15:18:17,257 INFO src.train.trainer: Last model at epoch 112 saved to /root/autodl-tmp/em_eqf/experiments/lstm_seed/runs/tf_180_mf_3p0_seed_0/last_model_1.pth
2026-05-14 15:18:17,257 INFO src.train.trainer: Epoch 113
2026-05-14 15:18:17,647 INFO src.train.trainer: Last model at epoch 113 saved to /root/autodl-tmp/em_eqf/experiments/lstm_seed/runs/tf_180_mf_3p0_seed_0/last_model_1.pth
2026-05-14 15:18:17,647 INFO src.train.trainer: Epoch 114
2026-05-14 15:18:17,982 INFO src.train.trainer: Last model at epoch 114 saved to /root/autodl-tmp/em_eqf/experiments/lstm_seed/runs/tf_180_mf_3p0_seed_0/last_model_1.pth
2026-05-14 15:18:17,982 INFO src.train.trainer: Epoch 115
2026-05-14 15:18:18,354 INFO src.train.trainer: Last model at epoch 115 saved to /root/autodl-tmp/em_eqf/experiments/lstm_seed/runs/tf_180_mf_3p0_seed_0/last_model_1.pth
2026-05-14 15:18:18,354 INFO src.train.trainer: Epoch 116
2026-05-14 15:18:18,763 INFO src.train.trainer: Last model at epoch 116 saved to /root/autodl-tmp/em_eqf/experiments/lstm_seed/runs/tf_180_mf_3p0_seed_0/last_model_1.pth
2026-05-14 15:18:18,763 INFO src.train.trainer: Epoch 117
2026-05-14 15:18:19,175 INFO src.train.trainer: Last model at epoch 117 saved to /root/autodl-tmp/em_eqf/experiments/lstm_seed/runs/tf_180_mf_3p0_seed_0/last_model_1.pth
2026-05-14 15:18:19,176 INFO src.train.trainer: Epoch 118
2026-05-14 15:18:19,519 INFO src.train.trainer: Last model at epoch 118 saved to /root/autodl-tmp/em_eqf/experiments/lstm_seed/runs/tf_180_mf_3p0_seed_0/last_model_1.pth
2026-05-14 15:18:19,520 INFO src.train.trainer: Epoch 119
2026-05-14 15:18:19,916 INFO src.train.trainer: Last model at epoch 119 saved to /root/autodl-tmp/em_eqf/experiments/lstm_seed/runs/tf_180_mf_3p0_seed_0/last_model_1.pth
2026-05-14 15:18:19,916 INFO src.train.trainer: Epoch 120
2026-05-14 15:18:20,332 INFO src.train.trainer: Last model at epoch 120 saved to /root/autodl-tmp/em_eqf/experiments/lstm_seed/runs/tf_180_mf_3p0_seed_0/last_model_1.pth
2026-05-14 15:18:20,332 INFO src.train.trainer: Epoch 121
2026-05-14 15:18:20,738 INFO src.train.trainer: Last model at epoch 121 saved to /root/autodl-tmp/em_eqf/experiments/lstm_seed/runs/tf_180_mf_3p0_seed_0/last_model_1.pth
2026-05-14 15:18:20,738 INFO src.train.trainer: Epoch 122
2026-05-14 15:18:21,143 INFO src.train.trainer: Last model at epoch 122 saved to /root/autodl-tmp/em_eqf/experiments/lstm_seed/runs/tf_180_mf_3p0_seed_0/last_model_1.pth
2026-05-14 15:18:21,144 INFO src.train.trainer: Epoch 123
2026-05-14 15:18:21,549 INFO src.train.trainer: Last model at epoch 123 saved to /root/autodl-tmp/em_eqf/experiments/lstm_seed/runs/tf_180_mf_3p0_seed_0/last_model_1.pth
2026-05-14 15:18:21,549 INFO src.train.trainer: Epoch 124
2026-05-14 15:18:21,954 INFO src.train.trainer: Last model at epoch 124 saved to /root/autodl-tmp/em_eqf/experiments/lstm_seed/runs/tf_180_mf_3p0_seed_0/last_model_1.pth
2026-05-14 15:18:21,954 INFO src.train.trainer: Epoch 125
2026-05-14 15:18:22,358 INFO src.train.trainer: Last model at epoch 125 saved to /root/autodl-tmp/em_eqf/experiments/lstm_seed/runs/tf_180_mf_3p0_seed_0/last_model_1.pth
2026-05-14 15:18:22,358 INFO src.train.trainer: Epoch 126
2026-05-14 15:18:22,761 INFO src.train.trainer: Last model at epoch 126 saved to /root/autodl-tmp/em_eqf/experiments/lstm_seed/runs/tf_180_mf_3p0_seed_0/last_model_1.pth
2026-05-14 15:18:22,761 INFO src.train.trainer: Epoch 127
2026-05-14 15:18:23,168 INFO src.train.trainer: Last model at epoch 127 saved to /root/autodl-tmp/em_eqf/experiments/lstm_seed/runs/tf_180_mf_3p0_seed_0/last_model_1.pth
2026-05-14 15:18:23,168 INFO src.train.trainer: Epoch 128
2026-05-14 15:18:23,570 INFO src.train.trainer: Last model at epoch 128 saved to /root/autodl-tmp/em_eqf/experiments/lstm_seed/runs/tf_180_mf_3p0_seed_0/last_model_1.pth
2026-05-14 15:18:23,570 INFO src.train.trainer: Epoch 129
2026-05-14 15:18:23,969 INFO src.train.trainer: Last model at epoch 129 saved to /root/autodl-tmp/em_eqf/experiments/lstm_seed/runs/tf_180_mf_3p0_seed_0/last_model_1.pth
2026-05-14 15:18:23,969 INFO src.train.trainer: Epoch 130
2026-05-14 15:18:24,372 INFO src.train.trainer: Last model at epoch 130 saved to /root/autodl-tmp/em_eqf/experiments/lstm_seed/runs/tf_180_mf_3p0_seed_0/last_model_1.pth
2026-05-14 15:18:24,372 INFO src.train.trainer: Epoch 131
2026-05-14 15:18:24,785 INFO src.train.trainer: Last model at epoch 131 saved to /root/autodl-tmp/em_eqf/experiments/lstm_seed/runs/tf_180_mf_3p0_seed_0/last_model_1.pth
2026-05-14 15:18:24,785 INFO src.train.trainer: Epoch 132
2026-05-14 15:18:25,203 INFO src.train.trainer: Last model at epoch 132 saved to /root/autodl-tmp/em_eqf/experiments/lstm_seed/runs/tf_180_mf_3p0_seed_0/last_model_1.pth
2026-05-14 15:18:25,203 INFO src.train.trainer: Epoch 133
2026-05-14 15:18:25,599 INFO src.train.trainer: Last model at epoch 133 saved to /root/autodl-tmp/em_eqf/experiments/lstm_seed/runs/tf_180_mf_3p0_seed_0/last_model_1.pth
2026-05-14 15:18:25,600 INFO src.train.trainer: Epoch 134
2026-05-14 15:18:26,010 INFO src.train.trainer: Last model at epoch 134 saved to /root/autodl-tmp/em_eqf/experiments/lstm_seed/runs/tf_180_mf_3p0_seed_0/last_model_1.pth
2026-05-14 15:18:26,010 INFO src.train.trainer: Epoch 135
2026-05-14 15:18:26,421 INFO src.train.trainer: Last model at epoch 135 saved to /root/autodl-tmp/em_eqf/experiments/lstm_seed/runs/tf_180_mf_3p0_seed_0/last_model_1.pth
2026-05-14 15:18:26,421 INFO src.train.trainer: Epoch 136
2026-05-14 15:18:26,832 INFO src.train.trainer: Last model at epoch 136 saved to /root/autodl-tmp/em_eqf/experiments/lstm_seed/runs/tf_180_mf_3p0_seed_0/last_model_1.pth
2026-05-14 15:18:26,833 INFO src.train.trainer: Epoch 137
2026-05-14 15:18:27,243 INFO src.train.trainer: Last model at epoch 137 saved to /root/autodl-tmp/em_eqf/experiments/lstm_seed/runs/tf_180_mf_3p0_seed_0/last_model_1.pth
2026-05-14 15:18:27,243 INFO src.train.trainer: Epoch 138
2026-05-14 15:18:27,659 INFO src.train.trainer: Last model at epoch 138 saved to /root/autodl-tmp/em_eqf/experiments/lstm_seed/runs/tf_180_mf_3p0_seed_0/last_model_1.pth
2026-05-14 15:18:27,659 INFO src.train.trainer: Epoch 139
2026-05-14 15:18:28,059 INFO src.train.trainer: Last model at epoch 139 saved to /root/autodl-tmp/em_eqf/experiments/lstm_seed/runs/tf_180_mf_3p0_seed_0/last_model_1.pth
2026-05-14 15:18:28,059 INFO src.train.trainer: Epoch 140
2026-05-14 15:18:28,468 INFO src.train.trainer: Last model at epoch 140 saved to /root/autodl-tmp/em_eqf/experiments/lstm_seed/runs/tf_180_mf_3p0_seed_0/last_model_1.pth
2026-05-14 15:18:28,468 INFO src.train.trainer: Epoch 141
2026-05-14 15:18:28,884 INFO src.train.trainer: Last model at epoch 141 saved to /root/autodl-tmp/em_eqf/experiments/lstm_seed/runs/tf_180_mf_3p0_seed_0/last_model_1.pth
2026-05-14 15:18:28,885 INFO src.train.trainer: Epoch 142
2026-05-14 15:18:29,284 INFO src.train.trainer: Last model at epoch 142 saved to /root/autodl-tmp/em_eqf/experiments/lstm_seed/runs/tf_180_mf_3p0_seed_0/last_model_1.pth
2026-05-14 15:18:29,284 INFO src.train.trainer: Epoch 143
2026-05-14 15:18:29,693 INFO src.train.trainer: Last model at epoch 143 saved to /root/autodl-tmp/em_eqf/experiments/lstm_seed/runs/tf_180_mf_3p0_seed_0/last_model_1.pth
2026-05-14 15:18:29,694 INFO src.train.trainer: Epoch 144
2026-05-14 15:18:30,114 INFO src.train.trainer: Last model at epoch 144 saved to /root/autodl-tmp/em_eqf/experiments/lstm_seed/runs/tf_180_mf_3p0_seed_0/last_model_1.pth
2026-05-14 15:18:30,114 INFO src.train.trainer: Epoch 145
2026-05-14 15:18:30,412 INFO src.train.trainer: Last model at epoch 145 saved to /root/autodl-tmp/em_eqf/experiments/lstm_seed/runs/tf_180_mf_3p0_seed_0/last_model_1.pth
2026-05-14 15:18:30,412 INFO src.train.trainer: Epoch 146
2026-05-14 15:18:30,788 INFO src.train.trainer: Last model at epoch 146 saved to /root/autodl-tmp/em_eqf/experiments/lstm_seed/runs/tf_180_mf_3p0_seed_0/last_model_1.pth
2026-05-14 15:18:30,788 INFO src.train.trainer: Epoch 147
2026-05-14 15:18:31,113 INFO src.train.trainer: Last model at epoch 147 saved to /root/autodl-tmp/em_eqf/experiments/lstm_seed/runs/tf_180_mf_3p0_seed_0/last_model_1.pth
2026-05-14 15:18:31,113 INFO src.train.trainer: Epoch 148
2026-05-14 15:18:31,489 INFO src.train.trainer: Last model at epoch 148 saved to /root/autodl-tmp/em_eqf/experiments/lstm_seed/runs/tf_180_mf_3p0_seed_0/last_model_1.pth
2026-05-14 15:18:31,489 INFO src.train.trainer: Epoch 149
2026-05-14 15:18:31,881 INFO src.train.trainer: Last model at epoch 149 saved to /root/autodl-tmp/em_eqf/experiments/lstm_seed/runs/tf_180_mf_3p0_seed_0/last_model_1.pth
2026-05-14 15:18:31,881 INFO src.train.trainer: Epoch 150
2026-05-14 15:18:32,253 INFO src.train.trainer: Last model at epoch 150 saved to /root/autodl-tmp/em_eqf/experiments/lstm_seed/runs/tf_180_mf_3p0_seed_0/last_model_1.pth
2026-05-14 15:18:32,253 INFO src.train.trainer: Epoch 151
2026-05-14 15:18:32,661 INFO src.train.trainer: Last model at epoch 151 saved to /root/autodl-tmp/em_eqf/experiments/lstm_seed/runs/tf_180_mf_3p0_seed_0/last_model_1.pth
2026-05-14 15:18:32,662 INFO src.train.trainer: Epoch 152
2026-05-14 15:18:33,072 INFO src.train.trainer: Last model at epoch 152 saved to /root/autodl-tmp/em_eqf/experiments/lstm_seed/runs/tf_180_mf_3p0_seed_0/last_model_1.pth
2026-05-14 15:18:33,072 INFO src.train.trainer: Epoch 153
2026-05-14 15:18:33,497 INFO src.train.trainer: Last model at epoch 153 saved to /root/autodl-tmp/em_eqf/experiments/lstm_seed/runs/tf_180_mf_3p0_seed_0/last_model_1.pth
2026-05-14 15:18:33,497 INFO src.train.trainer: Epoch 154
2026-05-14 15:18:33,914 INFO src.train.trainer: Last model at epoch 154 saved to /root/autodl-tmp/em_eqf/experiments/lstm_seed/runs/tf_180_mf_3p0_seed_0/last_model_1.pth
2026-05-14 15:18:33,914 INFO src.train.trainer: Epoch 155
2026-05-14 15:18:34,321 INFO src.train.trainer: Last model at epoch 155 saved to /root/autodl-tmp/em_eqf/experiments/lstm_seed/runs/tf_180_mf_3p0_seed_0/last_model_1.pth
2026-05-14 15:18:34,321 INFO src.train.trainer: Epoch 156
2026-05-14 15:18:34,727 INFO src.train.trainer: Last model at epoch 156 saved to /root/autodl-tmp/em_eqf/experiments/lstm_seed/runs/tf_180_mf_3p0_seed_0/last_model_1.pth
2026-05-14 15:18:34,727 INFO src.train.trainer: Epoch 157
2026-05-14 15:18:35,153 INFO src.train.trainer: Last model at epoch 157 saved to /root/autodl-tmp/em_eqf/experiments/lstm_seed/runs/tf_180_mf_3p0_seed_0/last_model_1.pth
2026-05-14 15:18:35,153 INFO src.train.trainer: Epoch 158
2026-05-14 15:18:35,527 INFO src.train.trainer: New best validation loss: 0.0377, saved to /root/autodl-tmp/em_eqf/experiments/lstm_seed/runs/tf_180_mf_3p0_seed_0/best_model_1.pth
2026-05-14 15:18:35,575 INFO src.train.trainer: Last model at epoch 158 saved to /root/autodl-tmp/em_eqf/experiments/lstm_seed/runs/tf_180_mf_3p0_seed_0/last_model_1.pth
2026-05-14 15:18:35,575 INFO src.train.trainer: Epoch 159
2026-05-14 15:18:35,956 INFO src.train.trainer: Last model at epoch 159 saved to /root/autodl-tmp/em_eqf/experiments/lstm_seed/runs/tf_180_mf_3p0_seed_0/last_model_1.pth
2026-05-14 15:18:35,956 INFO src.train.trainer: Epoch 160
2026-05-14 15:18:36,360 INFO src.train.trainer: Last model at epoch 160 saved to /root/autodl-tmp/em_eqf/experiments/lstm_seed/runs/tf_180_mf_3p0_seed_0/last_model_1.pth
2026-05-14 15:18:36,361 INFO src.train.trainer: Epoch 161
2026-05-14 15:18:36,762 INFO src.train.trainer: Last model at epoch 161 saved to /root/autodl-tmp/em_eqf/experiments/lstm_seed/runs/tf_180_mf_3p0_seed_0/last_model_1.pth
2026-05-14 15:18:36,763 INFO src.train.trainer: Epoch 162
2026-05-14 15:18:37,169 INFO src.train.trainer: Last model at epoch 162 saved to /root/autodl-tmp/em_eqf/experiments/lstm_seed/runs/tf_180_mf_3p0_seed_0/last_model_1.pth
2026-05-14 15:18:37,169 INFO src.train.trainer: Epoch 163
2026-05-14 15:18:37,580 INFO src.train.trainer: Last model at epoch 163 saved to /root/autodl-tmp/em_eqf/experiments/lstm_seed/runs/tf_180_mf_3p0_seed_0/last_model_1.pth
2026-05-14 15:18:37,580 INFO src.train.trainer: Epoch 164
2026-05-14 15:18:37,996 INFO src.train.trainer: Last model at epoch 164 saved to /root/autodl-tmp/em_eqf/experiments/lstm_seed/runs/tf_180_mf_3p0_seed_0/last_model_1.pth
2026-05-14 15:18:37,996 INFO src.train.trainer: Epoch 165
2026-05-14 15:18:38,407 INFO src.train.trainer: Last model at epoch 165 saved to /root/autodl-tmp/em_eqf/experiments/lstm_seed/runs/tf_180_mf_3p0_seed_0/last_model_1.pth
2026-05-14 15:18:38,407 INFO src.train.trainer: Epoch 166
2026-05-14 15:18:38,819 INFO src.train.trainer: Last model at epoch 166 saved to /root/autodl-tmp/em_eqf/experiments/lstm_seed/runs/tf_180_mf_3p0_seed_0/last_model_1.pth
2026-05-14 15:18:38,819 INFO src.train.trainer: Epoch 167
2026-05-14 15:18:39,231 INFO src.train.trainer: Last model at epoch 167 saved to /root/autodl-tmp/em_eqf/experiments/lstm_seed/runs/tf_180_mf_3p0_seed_0/last_model_1.pth
2026-05-14 15:18:39,231 INFO src.train.trainer: Epoch 168
2026-05-14 15:18:39,640 INFO src.train.trainer: Last model at epoch 168 saved to /root/autodl-tmp/em_eqf/experiments/lstm_seed/runs/tf_180_mf_3p0_seed_0/last_model_1.pth
2026-05-14 15:18:39,640 INFO src.train.trainer: Epoch 169
2026-05-14 15:18:40,003 INFO src.train.trainer: Last model at epoch 169 saved to /root/autodl-tmp/em_eqf/experiments/lstm_seed/runs/tf_180_mf_3p0_seed_0/last_model_1.pth
2026-05-14 15:18:40,003 INFO src.train.trainer: Epoch 170
2026-05-14 15:18:40,409 INFO src.train.trainer: Last model at epoch 170 saved to /root/autodl-tmp/em_eqf/experiments/lstm_seed/runs/tf_180_mf_3p0_seed_0/last_model_1.pth
2026-05-14 15:18:40,410 INFO src.train.trainer: Epoch 171
2026-05-14 15:18:40,810 INFO src.train.trainer: Last model at epoch 171 saved to /root/autodl-tmp/em_eqf/experiments/lstm_seed/runs/tf_180_mf_3p0_seed_0/last_model_1.pth
2026-05-14 15:18:40,810 INFO src.train.trainer: Epoch 172
2026-05-14 15:18:41,194 INFO src.train.trainer: Last model at epoch 172 saved to /root/autodl-tmp/em_eqf/experiments/lstm_seed/runs/tf_180_mf_3p0_seed_0/last_model_1.pth
2026-05-14 15:18:41,195 INFO src.train.trainer: Epoch 173
2026-05-14 15:18:41,549 INFO src.train.trainer: Last model at epoch 173 saved to /root/autodl-tmp/em_eqf/experiments/lstm_seed/runs/tf_180_mf_3p0_seed_0/last_model_1.pth
2026-05-14 15:18:41,549 INFO src.train.trainer: Epoch 174
2026-05-14 15:18:41,945 INFO src.train.trainer: Last model at epoch 174 saved to /root/autodl-tmp/em_eqf/experiments/lstm_seed/runs/tf_180_mf_3p0_seed_0/last_model_1.pth
2026-05-14 15:18:41,945 INFO src.train.trainer: Epoch 175
2026-05-14 15:18:42,352 INFO src.train.trainer: Last model at epoch 175 saved to /root/autodl-tmp/em_eqf/experiments/lstm_seed/runs/tf_180_mf_3p0_seed_0/last_model_1.pth
2026-05-14 15:18:42,353 INFO src.train.trainer: Epoch 176
2026-05-14 15:18:42,772 INFO src.train.trainer: Last model at epoch 176 saved to /root/autodl-tmp/em_eqf/experiments/lstm_seed/runs/tf_180_mf_3p0_seed_0/last_model_1.pth
2026-05-14 15:18:42,772 INFO src.train.trainer: Epoch 177
2026-05-14 15:18:43,182 INFO src.train.trainer: Last model at epoch 177 saved to /root/autodl-tmp/em_eqf/experiments/lstm_seed/runs/tf_180_mf_3p0_seed_0/last_model_1.pth
2026-05-14 15:18:43,182 INFO src.train.trainer: Epoch 178
2026-05-14 15:18:43,600 INFO src.train.trainer: Last model at epoch 178 saved to /root/autodl-tmp/em_eqf/experiments/lstm_seed/runs/tf_180_mf_3p0_seed_0/last_model_1.pth
2026-05-14 15:18:43,600 INFO src.train.trainer: Epoch 179
2026-05-14 15:18:44,014 INFO src.train.trainer: Last model at epoch 179 saved to /root/autodl-tmp/em_eqf/experiments/lstm_seed/runs/tf_180_mf_3p0_seed_0/last_model_1.pth
2026-05-14 15:18:44,014 INFO src.train.trainer: Epoch 180
2026-05-14 15:18:44,426 INFO src.train.trainer: Last model at epoch 180 saved to /root/autodl-tmp/em_eqf/experiments/lstm_seed/runs/tf_180_mf_3p0_seed_0/last_model_1.pth
2026-05-14 15:18:44,426 INFO src.train.trainer: Epoch 181
2026-05-14 15:18:44,841 INFO src.train.trainer: Last model at epoch 181 saved to /root/autodl-tmp/em_eqf/experiments/lstm_seed/runs/tf_180_mf_3p0_seed_0/last_model_1.pth
2026-05-14 15:18:44,841 INFO src.train.trainer: Epoch 182
2026-05-14 15:18:45,265 INFO src.train.trainer: Last model at epoch 182 saved to /root/autodl-tmp/em_eqf/experiments/lstm_seed/runs/tf_180_mf_3p0_seed_0/last_model_1.pth
2026-05-14 15:18:45,266 INFO src.train.trainer: Epoch 183
2026-05-14 15:18:45,688 INFO src.train.trainer: Last model at epoch 183 saved to /root/autodl-tmp/em_eqf/experiments/lstm_seed/runs/tf_180_mf_3p0_seed_0/last_model_1.pth
2026-05-14 15:18:45,688 INFO src.train.trainer: Epoch 184
2026-05-14 15:18:46,100 INFO src.train.trainer: Last model at epoch 184 saved to /root/autodl-tmp/em_eqf/experiments/lstm_seed/runs/tf_180_mf_3p0_seed_0/last_model_1.pth
2026-05-14 15:18:46,100 INFO src.train.trainer: Epoch 185
2026-05-14 15:18:46,509 INFO src.train.trainer: Last model at epoch 185 saved to /root/autodl-tmp/em_eqf/experiments/lstm_seed/runs/tf_180_mf_3p0_seed_0/last_model_1.pth
2026-05-14 15:18:46,509 INFO src.train.trainer: Epoch 186
2026-05-14 15:18:46,932 INFO src.train.trainer: Last model at epoch 186 saved to /root/autodl-tmp/em_eqf/experiments/lstm_seed/runs/tf_180_mf_3p0_seed_0/last_model_1.pth
2026-05-14 15:18:46,933 INFO src.train.trainer: Epoch 187
2026-05-14 15:18:47,289 INFO src.train.trainer: Last model at epoch 187 saved to /root/autodl-tmp/em_eqf/experiments/lstm_seed/runs/tf_180_mf_3p0_seed_0/last_model_1.pth
2026-05-14 15:18:47,290 INFO src.train.trainer: Epoch 188
2026-05-14 15:18:47,674 INFO src.train.trainer: Last model at epoch 188 saved to /root/autodl-tmp/em_eqf/experiments/lstm_seed/runs/tf_180_mf_3p0_seed_0/last_model_1.pth
2026-05-14 15:18:47,674 INFO src.train.trainer: Epoch 189
2026-05-14 15:18:48,073 INFO src.train.trainer: Last model at epoch 189 saved to /root/autodl-tmp/em_eqf/experiments/lstm_seed/runs/tf_180_mf_3p0_seed_0/last_model_1.pth
2026-05-14 15:18:48,073 INFO src.train.trainer: Epoch 190
2026-05-14 15:18:48,485 INFO src.train.trainer: Last model at epoch 190 saved to /root/autodl-tmp/em_eqf/experiments/lstm_seed/runs/tf_180_mf_3p0_seed_0/last_model_1.pth
2026-05-14 15:18:48,486 INFO src.train.trainer: Epoch 191
2026-05-14 15:18:48,911 INFO src.train.trainer: Last model at epoch 191 saved to /root/autodl-tmp/em_eqf/experiments/lstm_seed/runs/tf_180_mf_3p0_seed_0/last_model_1.pth
2026-05-14 15:18:48,911 INFO src.train.trainer: Epoch 192
2026-05-14 15:18:49,319 INFO src.train.trainer: Last model at epoch 192 saved to /root/autodl-tmp/em_eqf/experiments/lstm_seed/runs/tf_180_mf_3p0_seed_0/last_model_1.pth
2026-05-14 15:18:49,319 INFO src.train.trainer: Epoch 193
2026-05-14 15:18:49,732 INFO src.train.trainer: Last model at epoch 193 saved to /root/autodl-tmp/em_eqf/experiments/lstm_seed/runs/tf_180_mf_3p0_seed_0/last_model_1.pth
2026-05-14 15:18:49,732 INFO src.train.trainer: Epoch 194
2026-05-14 15:18:50,150 INFO src.train.trainer: Last model at epoch 194 saved to /root/autodl-tmp/em_eqf/experiments/lstm_seed/runs/tf_180_mf_3p0_seed_0/last_model_1.pth
2026-05-14 15:18:50,151 INFO src.train.trainer: Epoch 195
2026-05-14 15:18:50,516 INFO src.train.trainer: Last model at epoch 195 saved to /root/autodl-tmp/em_eqf/experiments/lstm_seed/runs/tf_180_mf_3p0_seed_0/last_model_1.pth
2026-05-14 15:18:50,516 INFO src.train.trainer: Epoch 196
2026-05-14 15:18:50,921 INFO src.train.trainer: Last model at epoch 196 saved to /root/autodl-tmp/em_eqf/experiments/lstm_seed/runs/tf_180_mf_3p0_seed_0/last_model_1.pth
2026-05-14 15:18:50,921 INFO src.train.trainer: Epoch 197
2026-05-14 15:18:51,328 INFO src.train.trainer: Last model at epoch 197 saved to /root/autodl-tmp/em_eqf/experiments/lstm_seed/runs/tf_180_mf_3p0_seed_0/last_model_1.pth
2026-05-14 15:18:51,328 INFO src.train.trainer: Epoch 198
2026-05-14 15:18:51,716 INFO src.train.trainer: Last model at epoch 198 saved to /root/autodl-tmp/em_eqf/experiments/lstm_seed/runs/tf_180_mf_3p0_seed_0/last_model_1.pth
2026-05-14 15:18:51,716 INFO src.train.trainer: Epoch 199
2026-05-14 15:18:52,107 INFO src.train.trainer: Last model at epoch 199 saved to /root/autodl-tmp/em_eqf/experiments/lstm_seed/runs/tf_180_mf_3p0_seed_0/last_model_1.pth
2026-05-14 15:18:52,108 INFO src.train.trainer: Epoch 200
2026-05-14 15:18:52,471 INFO src.train.trainer: Last model at epoch 200 saved to /root/autodl-tmp/em_eqf/experiments/lstm_seed/runs/tf_180_mf_3p0_seed_0/last_model_1.pth
2026-05-14 15:18:52,471 INFO src.train.trainer: Epoch 201
2026-05-14 15:18:52,870 INFO src.train.trainer: Last model at epoch 201 saved to /root/autodl-tmp/em_eqf/experiments/lstm_seed/runs/tf_180_mf_3p0_seed_0/last_model_1.pth
2026-05-14 15:18:52,871 INFO src.train.trainer: Epoch 202
2026-05-14 15:18:53,277 INFO src.train.trainer: Last model at epoch 202 saved to /root/autodl-tmp/em_eqf/experiments/lstm_seed/runs/tf_180_mf_3p0_seed_0/last_model_1.pth
2026-05-14 15:18:53,277 INFO src.train.trainer: Epoch 203
2026-05-14 15:18:53,693 INFO src.train.trainer: Last model at epoch 203 saved to /root/autodl-tmp/em_eqf/experiments/lstm_seed/runs/tf_180_mf_3p0_seed_0/last_model_1.pth
2026-05-14 15:18:53,694 INFO src.train.trainer: Epoch 204
2026-05-14 15:18:54,104 INFO src.train.trainer: Last model at epoch 204 saved to /root/autodl-tmp/em_eqf/experiments/lstm_seed/runs/tf_180_mf_3p0_seed_0/last_model_1.pth
2026-05-14 15:18:54,104 INFO src.train.trainer: Epoch 205
2026-05-14 15:18:54,508 INFO src.train.trainer: Last model at epoch 205 saved to /root/autodl-tmp/em_eqf/experiments/lstm_seed/runs/tf_180_mf_3p0_seed_0/last_model_1.pth
2026-05-14 15:18:54,508 INFO src.train.trainer: Epoch 206
2026-05-14 15:18:54,922 INFO src.train.trainer: Last model at epoch 206 saved to /root/autodl-tmp/em_eqf/experiments/lstm_seed/runs/tf_180_mf_3p0_seed_0/last_model_1.pth
2026-05-14 15:18:54,922 INFO src.train.trainer: Epoch 207
2026-05-14 15:18:55,264 INFO src.train.trainer: Last model at epoch 207 saved to /root/autodl-tmp/em_eqf/experiments/lstm_seed/runs/tf_180_mf_3p0_seed_0/last_model_1.pth
2026-05-14 15:18:55,264 INFO src.train.trainer: Epoch 208
2026-05-14 15:18:55,663 INFO src.train.trainer: Last model at epoch 208 saved to /root/autodl-tmp/em_eqf/experiments/lstm_seed/runs/tf_180_mf_3p0_seed_0/last_model_1.pth
2026-05-14 15:18:55,663 INFO src.train.trainer: Epoch 209
2026-05-14 15:18:56,070 INFO src.train.trainer: Last model at epoch 209 saved to /root/autodl-tmp/em_eqf/experiments/lstm_seed/runs/tf_180_mf_3p0_seed_0/last_model_1.pth
2026-05-14 15:18:56,071 INFO src.train.trainer: Epoch 210
2026-05-14 15:18:56,491 INFO src.train.trainer: Last model at epoch 210 saved to /root/autodl-tmp/em_eqf/experiments/lstm_seed/runs/tf_180_mf_3p0_seed_0/last_model_1.pth
2026-05-14 15:18:56,491 INFO src.train.trainer: Epoch 211
2026-05-14 15:18:56,843 INFO src.train.trainer: Last model at epoch 211 saved to /root/autodl-tmp/em_eqf/experiments/lstm_seed/runs/tf_180_mf_3p0_seed_0/last_model_1.pth
2026-05-14 15:18:56,843 INFO src.train.trainer: Epoch 212
2026-05-14 15:18:57,229 INFO src.train.trainer: Last model at epoch 212 saved to /root/autodl-tmp/em_eqf/experiments/lstm_seed/runs/tf_180_mf_3p0_seed_0/last_model_1.pth
2026-05-14 15:18:57,230 INFO src.train.trainer: Epoch 213
2026-05-14 15:18:57,642 INFO src.train.trainer: Last model at epoch 213 saved to /root/autodl-tmp/em_eqf/experiments/lstm_seed/runs/tf_180_mf_3p0_seed_0/last_model_1.pth
2026-05-14 15:18:57,642 INFO src.train.trainer: Epoch 214
2026-05-14 15:18:57,990 INFO src.train.trainer: Last model at epoch 214 saved to /root/autodl-tmp/em_eqf/experiments/lstm_seed/runs/tf_180_mf_3p0_seed_0/last_model_1.pth
2026-05-14 15:18:57,990 INFO src.train.trainer: Epoch 215
2026-05-14 15:18:58,401 INFO src.train.trainer: Last model at epoch 215 saved to /root/autodl-tmp/em_eqf/experiments/lstm_seed/runs/tf_180_mf_3p0_seed_0/last_model_1.pth
2026-05-14 15:18:58,401 INFO src.train.trainer: Epoch 216
2026-05-14 15:18:58,815 INFO src.train.trainer: Last model at epoch 216 saved to /root/autodl-tmp/em_eqf/experiments/lstm_seed/runs/tf_180_mf_3p0_seed_0/last_model_1.pth
2026-05-14 15:18:58,815 INFO src.train.trainer: Epoch 217
2026-05-14 15:18:59,233 INFO src.train.trainer: Last model at epoch 217 saved to /root/autodl-tmp/em_eqf/experiments/lstm_seed/runs/tf_180_mf_3p0_seed_0/last_model_1.pth
2026-05-14 15:18:59,234 INFO src.train.trainer: Epoch 218
2026-05-14 15:18:59,639 INFO src.train.trainer: Last model at epoch 218 saved to /root/autodl-tmp/em_eqf/experiments/lstm_seed/runs/tf_180_mf_3p0_seed_0/last_model_1.pth
2026-05-14 15:18:59,639 INFO src.train.trainer: Epoch 219
2026-05-14 15:19:00,069 INFO src.train.trainer: Last model at epoch 219 saved to /root/autodl-tmp/em_eqf/experiments/lstm_seed/runs/tf_180_mf_3p0_seed_0/last_model_1.pth
2026-05-14 15:19:00,069 INFO src.train.trainer: Epoch 220
2026-05-14 15:19:00,433 INFO src.train.trainer: Last model at epoch 220 saved to /root/autodl-tmp/em_eqf/experiments/lstm_seed/runs/tf_180_mf_3p0_seed_0/last_model_1.pth
2026-05-14 15:19:00,433 INFO src.train.trainer: Epoch 221
2026-05-14 15:19:00,824 INFO src.train.trainer: Last model at epoch 221 saved to /root/autodl-tmp/em_eqf/experiments/lstm_seed/runs/tf_180_mf_3p0_seed_0/last_model_1.pth
2026-05-14 15:19:00,824 INFO src.train.trainer: Epoch 222
2026-05-14 15:19:01,238 INFO src.train.trainer: Last model at epoch 222 saved to /root/autodl-tmp/em_eqf/experiments/lstm_seed/runs/tf_180_mf_3p0_seed_0/last_model_1.pth
2026-05-14 15:19:01,238 INFO src.train.trainer: Epoch 223
2026-05-14 15:19:01,650 INFO src.train.trainer: Last model at epoch 223 saved to /root/autodl-tmp/em_eqf/experiments/lstm_seed/runs/tf_180_mf_3p0_seed_0/last_model_1.pth
2026-05-14 15:19:01,650 INFO src.train.trainer: Epoch 224
2026-05-14 15:19:02,057 INFO src.train.trainer: Last model at epoch 224 saved to /root/autodl-tmp/em_eqf/experiments/lstm_seed/runs/tf_180_mf_3p0_seed_0/last_model_1.pth
2026-05-14 15:19:02,057 INFO src.train.trainer: Epoch 225
2026-05-14 15:19:02,473 INFO src.train.trainer: Last model at epoch 225 saved to /root/autodl-tmp/em_eqf/experiments/lstm_seed/runs/tf_180_mf_3p0_seed_0/last_model_1.pth
2026-05-14 15:19:02,473 INFO src.train.trainer: Epoch 226
2026-05-14 15:19:02,883 INFO src.train.trainer: Last model at epoch 226 saved to /root/autodl-tmp/em_eqf/experiments/lstm_seed/runs/tf_180_mf_3p0_seed_0/last_model_1.pth
2026-05-14 15:19:02,883 INFO src.train.trainer: Epoch 227
2026-05-14 15:19:03,297 INFO src.train.trainer: Last model at epoch 227 saved to /root/autodl-tmp/em_eqf/experiments/lstm_seed/runs/tf_180_mf_3p0_seed_0/last_model_1.pth
2026-05-14 15:19:03,297 INFO src.train.trainer: Epoch 228
2026-05-14 15:19:03,706 INFO src.train.trainer: Last model at epoch 228 saved to /root/autodl-tmp/em_eqf/experiments/lstm_seed/runs/tf_180_mf_3p0_seed_0/last_model_1.pth
2026-05-14 15:19:03,706 INFO src.train.trainer: Epoch 229
2026-05-14 15:19:04,121 INFO src.train.trainer: Last model at epoch 229 saved to /root/autodl-tmp/em_eqf/experiments/lstm_seed/runs/tf_180_mf_3p0_seed_0/last_model_1.pth
2026-05-14 15:19:04,122 INFO src.train.trainer: Epoch 230
2026-05-14 15:19:04,559 INFO src.train.trainer: Last model at epoch 230 saved to /root/autodl-tmp/em_eqf/experiments/lstm_seed/runs/tf_180_mf_3p0_seed_0/last_model_1.pth
2026-05-14 15:19:04,559 INFO src.train.trainer: Epoch 231
2026-05-14 15:19:04,980 INFO src.train.trainer: Last model at epoch 231 saved to /root/autodl-tmp/em_eqf/experiments/lstm_seed/runs/tf_180_mf_3p0_seed_0/last_model_1.pth
2026-05-14 15:19:04,980 INFO src.train.trainer: Epoch 232
2026-05-14 15:19:05,399 INFO src.train.trainer: Last model at epoch 232 saved to /root/autodl-tmp/em_eqf/experiments/lstm_seed/runs/tf_180_mf_3p0_seed_0/last_model_1.pth
2026-05-14 15:19:05,399 INFO src.train.trainer: Epoch 233
2026-05-14 15:19:05,820 INFO src.train.trainer: Last model at epoch 233 saved to /root/autodl-tmp/em_eqf/experiments/lstm_seed/runs/tf_180_mf_3p0_seed_0/last_model_1.pth
2026-05-14 15:19:05,820 INFO src.train.trainer: Epoch 234
2026-05-14 15:19:06,242 INFO src.train.trainer: Last model at epoch 234 saved to /root/autodl-tmp/em_eqf/experiments/lstm_seed/runs/tf_180_mf_3p0_seed_0/last_model_1.pth
2026-05-14 15:19:06,242 INFO src.train.trainer: Epoch 235
2026-05-14 15:19:06,663 INFO src.train.trainer: Last model at epoch 235 saved to /root/autodl-tmp/em_eqf/experiments/lstm_seed/runs/tf_180_mf_3p0_seed_0/last_model_1.pth
2026-05-14 15:19:06,663 INFO src.train.trainer: Epoch 236
2026-05-14 15:19:07,070 INFO src.train.trainer: Last model at epoch 236 saved to /root/autodl-tmp/em_eqf/experiments/lstm_seed/runs/tf_180_mf_3p0_seed_0/last_model_1.pth
2026-05-14 15:19:07,071 INFO src.train.trainer: Epoch 237
2026-05-14 15:19:07,425 INFO src.train.trainer: Last model at epoch 237 saved to /root/autodl-tmp/em_eqf/experiments/lstm_seed/runs/tf_180_mf_3p0_seed_0/last_model_1.pth
2026-05-14 15:19:07,426 INFO src.train.trainer: Epoch 238
2026-05-14 15:19:07,774 INFO src.train.trainer: Last model at epoch 238 saved to /root/autodl-tmp/em_eqf/experiments/lstm_seed/runs/tf_180_mf_3p0_seed_0/last_model_1.pth
2026-05-14 15:19:07,775 INFO src.train.trainer: Epoch 239
2026-05-14 15:19:08,162 INFO src.train.trainer: Last model at epoch 239 saved to /root/autodl-tmp/em_eqf/experiments/lstm_seed/runs/tf_180_mf_3p0_seed_0/last_model_1.pth
2026-05-14 15:19:08,162 INFO src.train.trainer: Epoch 240
2026-05-14 15:19:08,580 INFO src.train.trainer: Last model at epoch 240 saved to /root/autodl-tmp/em_eqf/experiments/lstm_seed/runs/tf_180_mf_3p0_seed_0/last_model_1.pth
2026-05-14 15:19:08,580 INFO src.train.trainer: Epoch 241
2026-05-14 15:19:08,990 INFO src.train.trainer: Last model at epoch 241 saved to /root/autodl-tmp/em_eqf/experiments/lstm_seed/runs/tf_180_mf_3p0_seed_0/last_model_1.pth
2026-05-14 15:19:08,990 INFO src.train.trainer: Epoch 242
2026-05-14 15:19:09,400 INFO src.train.trainer: Last model at epoch 242 saved to /root/autodl-tmp/em_eqf/experiments/lstm_seed/runs/tf_180_mf_3p0_seed_0/last_model_1.pth
2026-05-14 15:19:09,400 INFO src.train.trainer: Epoch 243
2026-05-14 15:19:09,809 INFO src.train.trainer: Last model at epoch 243 saved to /root/autodl-tmp/em_eqf/experiments/lstm_seed/runs/tf_180_mf_3p0_seed_0/last_model_1.pth
2026-05-14 15:19:09,809 INFO src.train.trainer: Epoch 244
2026-05-14 15:19:10,225 INFO src.train.trainer: Last model at epoch 244 saved to /root/autodl-tmp/em_eqf/experiments/lstm_seed/runs/tf_180_mf_3p0_seed_0/last_model_1.pth
2026-05-14 15:19:10,226 INFO src.train.trainer: Epoch 245
2026-05-14 15:19:10,644 INFO src.train.trainer: Last model at epoch 245 saved to /root/autodl-tmp/em_eqf/experiments/lstm_seed/runs/tf_180_mf_3p0_seed_0/last_model_1.pth
2026-05-14 15:19:10,645 INFO src.train.trainer: Epoch 246
2026-05-14 15:19:11,038 INFO src.train.trainer: Last model at epoch 246 saved to /root/autodl-tmp/em_eqf/experiments/lstm_seed/runs/tf_180_mf_3p0_seed_0/last_model_1.pth
2026-05-14 15:19:11,038 INFO src.train.trainer: Epoch 247
2026-05-14 15:19:11,406 INFO src.train.trainer: Last model at epoch 247 saved to /root/autodl-tmp/em_eqf/experiments/lstm_seed/runs/tf_180_mf_3p0_seed_0/last_model_1.pth
2026-05-14 15:19:11,406 INFO src.train.trainer: Epoch 248
2026-05-14 15:19:11,748 INFO src.train.trainer: Last model at epoch 248 saved to /root/autodl-tmp/em_eqf/experiments/lstm_seed/runs/tf_180_mf_3p0_seed_0/last_model_1.pth
2026-05-14 15:19:11,748 INFO src.train.trainer: Epoch 249
2026-05-14 15:19:12,159 INFO src.train.trainer: Last model at epoch 249 saved to /root/autodl-tmp/em_eqf/experiments/lstm_seed/runs/tf_180_mf_3p0_seed_0/last_model_1.pth
2026-05-14 15:19:12,159 INFO src.train.trainer: Epoch 250
2026-05-14 15:19:12,553 INFO src.train.trainer: Last model at epoch 250 saved to /root/autodl-tmp/em_eqf/experiments/lstm_seed/runs/tf_180_mf_3p0_seed_0/last_model_1.pth
2026-05-14 15:19:12,553 INFO src.train.trainer: Epoch 251
2026-05-14 15:19:12,969 INFO src.train.trainer: Last model at epoch 251 saved to /root/autodl-tmp/em_eqf/experiments/lstm_seed/runs/tf_180_mf_3p0_seed_0/last_model_1.pth
2026-05-14 15:19:12,970 INFO src.train.trainer: Epoch 252
2026-05-14 15:19:13,386 INFO src.train.trainer: Last model at epoch 252 saved to /root/autodl-tmp/em_eqf/experiments/lstm_seed/runs/tf_180_mf_3p0_seed_0/last_model_1.pth
2026-05-14 15:19:13,386 INFO src.train.trainer: Epoch 253
2026-05-14 15:19:13,789 INFO src.train.trainer: Last model at epoch 253 saved to /root/autodl-tmp/em_eqf/experiments/lstm_seed/runs/tf_180_mf_3p0_seed_0/last_model_1.pth
2026-05-14 15:19:13,789 INFO src.train.trainer: Epoch 254
2026-05-14 15:19:14,208 INFO src.train.trainer: Last model at epoch 254 saved to /root/autodl-tmp/em_eqf/experiments/lstm_seed/runs/tf_180_mf_3p0_seed_0/last_model_1.pth
2026-05-14 15:19:14,208 INFO src.train.trainer: Epoch 255
2026-05-14 15:19:14,611 INFO src.train.trainer: Last model at epoch 255 saved to /root/autodl-tmp/em_eqf/experiments/lstm_seed/runs/tf_180_mf_3p0_seed_0/last_model_1.pth
2026-05-14 15:19:14,611 INFO src.train.trainer: Epoch 256
2026-05-14 15:19:15,029 INFO src.train.trainer: Last model at epoch 256 saved to /root/autodl-tmp/em_eqf/experiments/lstm_seed/runs/tf_180_mf_3p0_seed_0/last_model_1.pth
2026-05-14 15:19:15,029 INFO src.train.trainer: Epoch 257
2026-05-14 15:19:15,429 INFO src.train.trainer: Last model at epoch 257 saved to /root/autodl-tmp/em_eqf/experiments/lstm_seed/runs/tf_180_mf_3p0_seed_0/last_model_1.pth
2026-05-14 15:19:15,429 INFO src.train.trainer: Epoch 258
2026-05-14 15:19:15,825 INFO src.train.trainer: Last model at epoch 258 saved to /root/autodl-tmp/em_eqf/experiments/lstm_seed/runs/tf_180_mf_3p0_seed_0/last_model_1.pth
2026-05-14 15:19:15,826 INFO src.train.trainer: Epoch 259
2026-05-14 15:19:16,252 INFO src.train.trainer: Last model at epoch 259 saved to /root/autodl-tmp/em_eqf/experiments/lstm_seed/runs/tf_180_mf_3p0_seed_0/last_model_1.pth
2026-05-14 15:19:16,252 INFO src.train.trainer: Epoch 260
2026-05-14 15:19:16,661 INFO src.train.trainer: Last model at epoch 260 saved to /root/autodl-tmp/em_eqf/experiments/lstm_seed/runs/tf_180_mf_3p0_seed_0/last_model_1.pth
2026-05-14 15:19:16,662 INFO src.train.trainer: Epoch 261
2026-05-14 15:19:17,053 INFO src.train.trainer: Last model at epoch 261 saved to /root/autodl-tmp/em_eqf/experiments/lstm_seed/runs/tf_180_mf_3p0_seed_0/last_model_1.pth
2026-05-14 15:19:17,053 INFO src.train.trainer: Epoch 262
2026-05-14 15:19:17,479 INFO src.train.trainer: Last model at epoch 262 saved to /root/autodl-tmp/em_eqf/experiments/lstm_seed/runs/tf_180_mf_3p0_seed_0/last_model_1.pth
2026-05-14 15:19:17,479 INFO src.train.trainer: Epoch 263
2026-05-14 15:19:17,853 INFO src.train.trainer: Last model at epoch 263 saved to /root/autodl-tmp/em_eqf/experiments/lstm_seed/runs/tf_180_mf_3p0_seed_0/last_model_1.pth
2026-05-14 15:19:17,853 INFO src.train.trainer: Epoch 264
2026-05-14 15:19:18,242 INFO src.train.trainer: Last model at epoch 264 saved to /root/autodl-tmp/em_eqf/experiments/lstm_seed/runs/tf_180_mf_3p0_seed_0/last_model_1.pth
2026-05-14 15:19:18,243 INFO src.train.trainer: Epoch 265
2026-05-14 15:19:18,658 INFO src.train.trainer: Last model at epoch 265 saved to /root/autodl-tmp/em_eqf/experiments/lstm_seed/runs/tf_180_mf_3p0_seed_0/last_model_1.pth
2026-05-14 15:19:18,658 INFO src.train.trainer: Epoch 266
2026-05-14 15:19:19,061 INFO src.train.trainer: Last model at epoch 266 saved to /root/autodl-tmp/em_eqf/experiments/lstm_seed/runs/tf_180_mf_3p0_seed_0/last_model_1.pth
2026-05-14 15:19:19,062 INFO src.train.trainer: Epoch 267
2026-05-14 15:19:19,471 INFO src.train.trainer: Last model at epoch 267 saved to /root/autodl-tmp/em_eqf/experiments/lstm_seed/runs/tf_180_mf_3p0_seed_0/last_model_1.pth
2026-05-14 15:19:19,472 INFO src.train.trainer: Epoch 268
2026-05-14 15:19:19,866 INFO src.train.trainer: Last model at epoch 268 saved to /root/autodl-tmp/em_eqf/experiments/lstm_seed/runs/tf_180_mf_3p0_seed_0/last_model_1.pth
2026-05-14 15:19:19,866 INFO src.train.trainer: Epoch 269
2026-05-14 15:19:20,237 INFO src.train.trainer: Last model at epoch 269 saved to /root/autodl-tmp/em_eqf/experiments/lstm_seed/runs/tf_180_mf_3p0_seed_0/last_model_1.pth
2026-05-14 15:19:20,237 INFO src.train.trainer: Epoch 270
2026-05-14 15:19:20,620 INFO src.train.trainer: Last model at epoch 270 saved to /root/autodl-tmp/em_eqf/experiments/lstm_seed/runs/tf_180_mf_3p0_seed_0/last_model_1.pth
2026-05-14 15:19:20,620 INFO src.train.trainer: Epoch 271
2026-05-14 15:19:21,030 INFO src.train.trainer: Last model at epoch 271 saved to /root/autodl-tmp/em_eqf/experiments/lstm_seed/runs/tf_180_mf_3p0_seed_0/last_model_1.pth
2026-05-14 15:19:21,030 INFO src.train.trainer: Epoch 272
2026-05-14 15:19:21,441 INFO src.train.trainer: Last model at epoch 272 saved to /root/autodl-tmp/em_eqf/experiments/lstm_seed/runs/tf_180_mf_3p0_seed_0/last_model_1.pth
2026-05-14 15:19:21,441 INFO src.train.trainer: Epoch 273
2026-05-14 15:19:21,869 INFO src.train.trainer: Last model at epoch 273 saved to /root/autodl-tmp/em_eqf/experiments/lstm_seed/runs/tf_180_mf_3p0_seed_0/last_model_1.pth
2026-05-14 15:19:21,870 INFO src.train.trainer: Epoch 274
2026-05-14 15:19:22,250 INFO src.train.trainer: Last model at epoch 274 saved to /root/autodl-tmp/em_eqf/experiments/lstm_seed/runs/tf_180_mf_3p0_seed_0/last_model_1.pth
2026-05-14 15:19:22,251 INFO src.train.trainer: Epoch 275
2026-05-14 15:19:22,672 INFO src.train.trainer: Last model at epoch 275 saved to /root/autodl-tmp/em_eqf/experiments/lstm_seed/runs/tf_180_mf_3p0_seed_0/last_model_1.pth
2026-05-14 15:19:22,672 INFO src.train.trainer: Epoch 276
2026-05-14 15:19:23,072 INFO src.train.trainer: Last model at epoch 276 saved to /root/autodl-tmp/em_eqf/experiments/lstm_seed/runs/tf_180_mf_3p0_seed_0/last_model_1.pth
2026-05-14 15:19:23,073 INFO src.train.trainer: Epoch 277
2026-05-14 15:19:23,438 INFO src.train.trainer: Last model at epoch 277 saved to /root/autodl-tmp/em_eqf/experiments/lstm_seed/runs/tf_180_mf_3p0_seed_0/last_model_1.pth
2026-05-14 15:19:23,438 INFO src.train.trainer: Epoch 278
2026-05-14 15:19:23,823 INFO src.train.trainer: Last model at epoch 278 saved to /root/autodl-tmp/em_eqf/experiments/lstm_seed/runs/tf_180_mf_3p0_seed_0/last_model_1.pth
2026-05-14 15:19:23,824 INFO src.train.trainer: Epoch 279
2026-05-14 15:19:24,221 INFO src.train.trainer: Last model at epoch 279 saved to /root/autodl-tmp/em_eqf/experiments/lstm_seed/runs/tf_180_mf_3p0_seed_0/last_model_1.pth
2026-05-14 15:19:24,221 INFO src.train.trainer: Epoch 280
2026-05-14 15:19:24,641 INFO src.train.trainer: Last model at epoch 280 saved to /root/autodl-tmp/em_eqf/experiments/lstm_seed/runs/tf_180_mf_3p0_seed_0/last_model_1.pth
2026-05-14 15:19:24,641 INFO src.train.trainer: Epoch 281
2026-05-14 15:19:25,022 INFO src.train.trainer: Last model at epoch 281 saved to /root/autodl-tmp/em_eqf/experiments/lstm_seed/runs/tf_180_mf_3p0_seed_0/last_model_1.pth
2026-05-14 15:19:25,022 INFO src.train.trainer: Epoch 282
2026-05-14 15:19:25,368 INFO src.train.trainer: Last model at epoch 282 saved to /root/autodl-tmp/em_eqf/experiments/lstm_seed/runs/tf_180_mf_3p0_seed_0/last_model_1.pth
2026-05-14 15:19:25,368 INFO src.train.trainer: Epoch 283
2026-05-14 15:19:25,769 INFO src.train.trainer: Last model at epoch 283 saved to /root/autodl-tmp/em_eqf/experiments/lstm_seed/runs/tf_180_mf_3p0_seed_0/last_model_1.pth
2026-05-14 15:19:25,769 INFO src.train.trainer: Epoch 284
2026-05-14 15:19:26,183 INFO src.train.trainer: Last model at epoch 284 saved to /root/autodl-tmp/em_eqf/experiments/lstm_seed/runs/tf_180_mf_3p0_seed_0/last_model_1.pth
2026-05-14 15:19:26,183 INFO src.train.trainer: Epoch 285
2026-05-14 15:19:26,600 INFO src.train.trainer: Last model at epoch 285 saved to /root/autodl-tmp/em_eqf/experiments/lstm_seed/runs/tf_180_mf_3p0_seed_0/last_model_1.pth
2026-05-14 15:19:26,601 INFO src.train.trainer: Epoch 286
2026-05-14 15:19:27,015 INFO src.train.trainer: Last model at epoch 286 saved to /root/autodl-tmp/em_eqf/experiments/lstm_seed/runs/tf_180_mf_3p0_seed_0/last_model_1.pth
2026-05-14 15:19:27,015 INFO src.train.trainer: Epoch 287
2026-05-14 15:19:27,413 INFO src.train.trainer: Last model at epoch 287 saved to /root/autodl-tmp/em_eqf/experiments/lstm_seed/runs/tf_180_mf_3p0_seed_0/last_model_1.pth
2026-05-14 15:19:27,413 INFO src.train.trainer: Epoch 288
2026-05-14 15:19:27,832 INFO src.train.trainer: Last model at epoch 288 saved to /root/autodl-tmp/em_eqf/experiments/lstm_seed/runs/tf_180_mf_3p0_seed_0/last_model_1.pth
2026-05-14 15:19:27,833 INFO src.train.trainer: Epoch 289
2026-05-14 15:19:28,249 INFO src.train.trainer: Last model at epoch 289 saved to /root/autodl-tmp/em_eqf/experiments/lstm_seed/runs/tf_180_mf_3p0_seed_0/last_model_1.pth
2026-05-14 15:19:28,249 INFO src.train.trainer: Epoch 290
2026-05-14 15:19:28,610 INFO src.train.trainer: Last model at epoch 290 saved to /root/autodl-tmp/em_eqf/experiments/lstm_seed/runs/tf_180_mf_3p0_seed_0/last_model_1.pth
2026-05-14 15:19:28,610 INFO src.train.trainer: Epoch 291
2026-05-14 15:19:28,984 INFO src.train.trainer: Last model at epoch 291 saved to /root/autodl-tmp/em_eqf/experiments/lstm_seed/runs/tf_180_mf_3p0_seed_0/last_model_1.pth
2026-05-14 15:19:28,984 INFO src.train.trainer: Epoch 292
2026-05-14 15:19:29,331 INFO src.train.trainer: Last model at epoch 292 saved to /root/autodl-tmp/em_eqf/experiments/lstm_seed/runs/tf_180_mf_3p0_seed_0/last_model_1.pth
2026-05-14 15:19:29,332 INFO src.train.trainer: Epoch 293
2026-05-14 15:19:29,689 INFO src.train.trainer: Last model at epoch 293 saved to /root/autodl-tmp/em_eqf/experiments/lstm_seed/runs/tf_180_mf_3p0_seed_0/last_model_1.pth
2026-05-14 15:19:29,690 INFO src.train.trainer: Epoch 294
2026-05-14 15:19:30,057 INFO src.train.trainer: Last model at epoch 294 saved to /root/autodl-tmp/em_eqf/experiments/lstm_seed/runs/tf_180_mf_3p0_seed_0/last_model_1.pth
2026-05-14 15:19:30,058 INFO src.train.trainer: Epoch 295
2026-05-14 15:19:30,416 INFO src.train.trainer: Last model at epoch 295 saved to /root/autodl-tmp/em_eqf/experiments/lstm_seed/runs/tf_180_mf_3p0_seed_0/last_model_1.pth
2026-05-14 15:19:30,417 INFO src.train.trainer: Epoch 296
2026-05-14 15:19:30,829 INFO src.train.trainer: Last model at epoch 296 saved to /root/autodl-tmp/em_eqf/experiments/lstm_seed/runs/tf_180_mf_3p0_seed_0/last_model_1.pth
2026-05-14 15:19:30,830 INFO src.train.trainer: Epoch 297
2026-05-14 15:19:31,273 INFO src.train.trainer: Last model at epoch 297 saved to /root/autodl-tmp/em_eqf/experiments/lstm_seed/runs/tf_180_mf_3p0_seed_0/last_model_1.pth
2026-05-14 15:19:31,273 INFO src.train.trainer: Epoch 298
2026-05-14 15:19:31,685 INFO src.train.trainer: Last model at epoch 298 saved to /root/autodl-tmp/em_eqf/experiments/lstm_seed/runs/tf_180_mf_3p0_seed_0/last_model_1.pth
2026-05-14 15:19:31,686 INFO src.train.trainer: Epoch 299
2026-05-14 15:19:32,103 INFO src.train.trainer: Last model at epoch 299 saved to /root/autodl-tmp/em_eqf/experiments/lstm_seed/runs/tf_180_mf_3p0_seed_0/last_model_1.pth
2026-05-14 15:19:32,104 INFO src.train.trainer: Epoch 300
2026-05-14 15:19:32,514 INFO src.train.trainer: Last model at epoch 300 saved to /root/autodl-tmp/em_eqf/experiments/lstm_seed/runs/tf_180_mf_3p0_seed_0/last_model_1.pth
2026-05-14 15:19:44,147 INFO src.data.preprocessing: CSV files found: ['chuandian_2021.csv']
2026-05-14 15:19:44,977 INFO src.utils.file_utils: Loading cached data from: data/ChuanDian/lstm_regressor/lstm_regressor_Mag_elaps_5.5-6-6.5-7_Mc_3_Mf_3.0_Tfore_180_Twindow_360_context_len_0_dt_10_feature_step_none_feature_window_none_lstm_feature_mode_external_sliding_time_step_5.pkl
2026-05-14 15:19:46,501 INFO src.data.preparation_modules.lstm: Applied T_elaps NaN high-sentinel imputation: [{'feature': 'T_elaps5.5', 'nan_count': 3000, 'fill_value': 359.6074755375663}, {'feature': 'T_elaps6', 'nan_count': 5230, 'fill_value': 359.6201514631899}, {'feature': 'T_elaps6.5', 'nan_count': 6979, 'fill_value': 360.000001}, {'feature': 'T_elaps7', 'nan_count': 8194, 'fill_value': 360.000001}]
2026-05-14 15:19:46,502 INFO src.data.lstm_loader: Original number of samples: 1819, number of samples after cleaning: 1819
2026-05-14 15:19:46,502 INFO src.data.lstm_loader: Replaced NaN values in X with 0.0
2026-05-14 15:19:46,576 INFO src.train.config_setup: Restoring model from checkpoint.
2026-05-14 15:19:46,576 INFO src.train.config_setup: Loading model weights: load_specific_parts=None
2026-05-14 15:19:46,900 INFO src.train.config_setup: Checkpoint loaded: <All keys matched successfully>
2026-05-14 15:19:46,900 INFO src.train.config_setup: Full load summary: loaded=18, missing=0, unexpected=0
2026-05-14 15:19:46,901 INFO src.train.config_setup: Checkpoint hyperparameters loaded.
2026-05-14 15:19:46,901 INFO src.train.config_setup: Checkpoint train metrics available.
2026-05-14 15:19:46,901 INFO src.train.config_setup: Checkpoint val metrics available.
2026-05-14 15:19:46,901 INFO src.train.config_setup: Freeze skipped (checkpoint_restore): freeze_parts is empty.
2026-05-14 15:19:46,901 INFO src.train.config_setup: Using regression criterion: smooth_l1
2026-05-14 15:19:46,901 INFO src.train.config_setup: Criterion config: {'beta': 0.2}
2026-05-14 15:19:46,902 INFO src.train.config_setup: Not resuming optimizer/scheduler state; reset training state to start_epoch=0, best_val_loss=inf.
2026-05-14 15:19:47,061 INFO src.cli.workflows: Test loss: 0.033327205727497734
2026-05-14 15:19:47,534 INFO src.cli.common: Saved test metrics to /root/autodl-tmp/em_eqf/experiments/lstm_seed/runs/tf_180_mf_3p0_seed_0/metrics_test_best_1.json
2026-05-14 15:19:47,534 INFO src.cli.common: Metrics: {'RMSE': 0.6954853232092818, 'MAE': 0.6040435071851387, 'MSE': 0.48369983479951917, 'MAPE': 13.059658069029693, 'R2': -0.44545684061785007, 'PearsonR': 0.4445611881447692, 'PearsonR_diff': -0.154080110589668, 'DA': 0.038461538461538464, 'SpearmanR': 0.48571013338299407, 'SpearmanR_diff': -0.11678153901586993, 'DTW': 102.45253944396973, 'DTW_normalized': 0.5598499423167744}
2026-05-14 15:19:56,492 INFO src.data.preprocessing: CSV files found: ['chuandian_2021.csv']
2026-05-14 15:19:57,216 INFO src.utils.file_utils: Loading cached data from: data/ChuanDian/lstm_regressor/lstm_regressor_Mag_elaps_5.5-6-6.5-7_Mc_3_Mf_3.0_Tfore_180_Twindow_360_context_len_0_dt_10_feature_step_none_feature_window_none_lstm_feature_mode_external_sliding_time_step_5.pkl
2026-05-14 15:19:58,594 INFO src.data.preparation_modules.lstm: Applied T_elaps NaN high-sentinel imputation: [{'feature': 'T_elaps5.5', 'nan_count': 3000, 'fill_value': 359.6074755375663}, {'feature': 'T_elaps6', 'nan_count': 5230, 'fill_value': 359.6201514631899}, {'feature': 'T_elaps6.5', 'nan_count': 6979, 'fill_value': 360.000001}, {'feature': 'T_elaps7', 'nan_count': 8194, 'fill_value': 360.000001}]
2026-05-14 15:19:58,596 INFO src.data.lstm_loader: Original number of samples: 1819, number of samples after cleaning: 1819
2026-05-14 15:19:58,596 INFO src.data.lstm_loader: Replaced NaN values in X with 0.0
2026-05-14 15:19:58,664 INFO src.train.config_setup: Restoring model from checkpoint.
2026-05-14 15:19:58,664 INFO src.train.config_setup: Loading model weights: load_specific_parts=None
2026-05-14 15:19:59,019 INFO src.train.config_setup: Checkpoint loaded: <All keys matched successfully>
2026-05-14 15:19:59,019 INFO src.train.config_setup: Full load summary: loaded=18, missing=0, unexpected=0
2026-05-14 15:19:59,020 INFO src.train.config_setup: Checkpoint hyperparameters loaded.
2026-05-14 15:19:59,020 INFO src.train.config_setup: Checkpoint train metrics available.
2026-05-14 15:19:59,020 INFO src.train.config_setup: Checkpoint val metrics available.
2026-05-14 15:19:59,020 INFO src.train.config_setup: Freeze skipped (checkpoint_restore): freeze_parts is empty.
2026-05-14 15:19:59,020 INFO src.train.config_setup: Using regression criterion: smooth_l1
2026-05-14 15:19:59,020 INFO src.train.config_setup: Criterion config: {'beta': 0.2}
2026-05-14 15:19:59,021 INFO src.train.config_setup: Not resuming optimizer/scheduler state; reset training state to start_epoch=0, best_val_loss=inf.
2026-05-14 15:19:59,178 INFO src.cli.workflows: Test loss: 0.043289581934611
2026-05-14 15:19:59,672 INFO src.cli.common: Saved test metrics to /root/autodl-tmp/em_eqf/experiments/lstm_seed/runs/tf_180_mf_3p0_seed_0/metrics_test_last_1.json
2026-05-14 15:19:59,673 INFO src.cli.common: Metrics: {'RMSE': 0.8779126045712407, 'MAE': 0.6412842156457119, 'MSE': 0.7707305412650596, 'MAPE': 13.741917100900844, 'R2': -1.303200565711225, 'PearsonR': -0.06553093332438671, 'PearsonR_diff': -0.025436862083290563, 'DA': 0.03296703296703297, 'SpearmanR': 0.00807767505389553, 'SpearmanR_diff': -0.06771444417713486, 'DTW': 67.38155841827393, 'DTW_normalized': 0.3682052372583275}
